ARM GAS  C:\Users\jason\AppData\Local\Temp\ccKYcdsQ.s 			page 1


   1              		.cpu cortex-m7
   2              		.arch armv7e-m
   3              		.fpu fpv5-d16
   4              		.eabi_attribute 28, 1
   5              		.eabi_attribute 20, 1
   6              		.eabi_attribute 21, 1
   7              		.eabi_attribute 23, 3
   8              		.eabi_attribute 24, 1
   9              		.eabi_attribute 25, 1
  10              		.eabi_attribute 26, 1
  11              		.eabi_attribute 30, 1
  12              		.eabi_attribute 34, 1
  13              		.eabi_attribute 18, 4
  14              		.file	"bmp5.c"
  15              		.text
  16              	.Ltext0:
  17              		.cfi_sections	.debug_frame
  18              		.file 1 "Core/Src/bmp5/bmp5.c"
  19              		.section	.text.null_ptr_check,"ax",%progbits
  20              		.align	1
  21              		.syntax unified
  22              		.thumb
  23              		.thumb_func
  25              	null_ptr_check:
  26              	.LVL0:
  27              	.LFB168:
   1:Core/Src/bmp5/bmp5.c **** /**
   2:Core/Src/bmp5/bmp5.c **** * Copyright (c) 2021 Bosch Sensortec GmbH. All rights reserved.
   3:Core/Src/bmp5/bmp5.c **** *
   4:Core/Src/bmp5/bmp5.c **** * BSD-3-Clause
   5:Core/Src/bmp5/bmp5.c **** *
   6:Core/Src/bmp5/bmp5.c **** * Redistribution and use in source and binary forms, with or without
   7:Core/Src/bmp5/bmp5.c **** * modification, are permitted provided that the following conditions are met:
   8:Core/Src/bmp5/bmp5.c **** *
   9:Core/Src/bmp5/bmp5.c **** * 1. Redistributions of source code must retain the above copyright
  10:Core/Src/bmp5/bmp5.c **** *    notice, this list of conditions and the following disclaimer.
  11:Core/Src/bmp5/bmp5.c **** *
  12:Core/Src/bmp5/bmp5.c **** * 2. Redistributions in binary form must reproduce the above copyright
  13:Core/Src/bmp5/bmp5.c **** *    notice, this list of conditions and the following disclaimer in the
  14:Core/Src/bmp5/bmp5.c **** *    documentation and/or other materials provided with the distribution.
  15:Core/Src/bmp5/bmp5.c **** *
  16:Core/Src/bmp5/bmp5.c **** * 3. Neither the name of the copyright holder nor the names of its
  17:Core/Src/bmp5/bmp5.c **** *    contributors may be used to endorse or promote products derived from
  18:Core/Src/bmp5/bmp5.c **** *    this software without specific prior written permission.
  19:Core/Src/bmp5/bmp5.c **** *
  20:Core/Src/bmp5/bmp5.c **** * THIS SOFTWARE IS PROVIDED BY THE COPYRIGHT HOLDERS AND CONTRIBUTORS
  21:Core/Src/bmp5/bmp5.c **** * "AS IS" AND ANY EXPRESS OR IMPLIED WARRANTIES, INCLUDING, BUT NOT
  22:Core/Src/bmp5/bmp5.c **** * LIMITED TO, THE IMPLIED WARRANTIES OF MERCHANTABILITY AND FITNESS
  23:Core/Src/bmp5/bmp5.c **** * FOR A PARTICULAR PURPOSE ARE DISCLAIMED. IN NO EVENT SHALL THE
  24:Core/Src/bmp5/bmp5.c **** * COPYRIGHT HOLDER OR CONTRIBUTORS BE LIABLE FOR ANY DIRECT, INDIRECT,
  25:Core/Src/bmp5/bmp5.c **** * INCIDENTAL, SPECIAL, EXEMPLARY, OR CONSEQUENTIAL DAMAGES
  26:Core/Src/bmp5/bmp5.c **** * (INCLUDING, BUT NOT LIMITED TO, PROCUREMENT OF SUBSTITUTE GOODS OR
  27:Core/Src/bmp5/bmp5.c **** * SERVICES; LOSS OF USE, DATA, OR PROFITS; OR BUSINESS INTERRUPTION)
  28:Core/Src/bmp5/bmp5.c **** * HOWEVER CAUSED AND ON ANY THEORY OF LIABILITY, WHETHER IN CONTRACT,
  29:Core/Src/bmp5/bmp5.c **** * STRICT LIABILITY, OR TORT (INCLUDING NEGLIGENCE OR OTHERWISE) ARISING
  30:Core/Src/bmp5/bmp5.c **** * IN ANY WAY OUT OF THE USE OF THIS SOFTWARE, EVEN IF ADVISED OF THE
  31:Core/Src/bmp5/bmp5.c **** * POSSIBILITY OF SUCH DAMAGE.
ARM GAS  C:\Users\jason\AppData\Local\Temp\ccKYcdsQ.s 			page 2


  32:Core/Src/bmp5/bmp5.c **** *
  33:Core/Src/bmp5/bmp5.c **** * @file       bmp5.c
  34:Core/Src/bmp5/bmp5.c **** * @date       2021-08-27
  35:Core/Src/bmp5/bmp5.c **** * @version    v1.0.5
  36:Core/Src/bmp5/bmp5.c **** *
  37:Core/Src/bmp5/bmp5.c **** */
  38:Core/Src/bmp5/bmp5.c **** 
  39:Core/Src/bmp5/bmp5.c **** /***************************************************************************/
  40:Core/Src/bmp5/bmp5.c **** 
  41:Core/Src/bmp5/bmp5.c **** /*!             Header files
  42:Core/Src/bmp5/bmp5.c ****  ****************************************************************************/
  43:Core/Src/bmp5/bmp5.c **** #include "bmp5.h"
  44:Core/Src/bmp5/bmp5.c **** 
  45:Core/Src/bmp5/bmp5.c **** /***************************************************************************/
  46:Core/Src/bmp5/bmp5.c **** 
  47:Core/Src/bmp5/bmp5.c **** /*!              Global Variable
  48:Core/Src/bmp5/bmp5.c ****  ****************************************************************************/
  49:Core/Src/bmp5/bmp5.c **** 
  50:Core/Src/bmp5/bmp5.c **** /******************************************************************************/
  51:Core/Src/bmp5/bmp5.c **** 
  52:Core/Src/bmp5/bmp5.c **** /*!         Local Function Prototypes
  53:Core/Src/bmp5/bmp5.c ****  ******************************************************************************/
  54:Core/Src/bmp5/bmp5.c **** 
  55:Core/Src/bmp5/bmp5.c **** /*!
  56:Core/Src/bmp5/bmp5.c ****  * @brief This internal API is used to validate the device pointer for
  57:Core/Src/bmp5/bmp5.c ****  * null conditions.
  58:Core/Src/bmp5/bmp5.c ****  *
  59:Core/Src/bmp5/bmp5.c ****  * @param[in] dev : Structure instance of bmp5_dev.
  60:Core/Src/bmp5/bmp5.c ****  *
  61:Core/Src/bmp5/bmp5.c ****  * @return Result of API execution status
  62:Core/Src/bmp5/bmp5.c ****  * @retval 0 -> Success
  63:Core/Src/bmp5/bmp5.c ****  * @retval <0 -> Fail
  64:Core/Src/bmp5/bmp5.c ****  */
  65:Core/Src/bmp5/bmp5.c **** static int8_t null_ptr_check(const bmp5_dev *dev);
  66:Core/Src/bmp5/bmp5.c **** 
  67:Core/Src/bmp5/bmp5.c **** /*!
  68:Core/Src/bmp5/bmp5.c ****  * @brief This internal API is used to validate the chip id of the sensor.
  69:Core/Src/bmp5/bmp5.c ****  *
  70:Core/Src/bmp5/bmp5.c ****  * @param[in] chip_id : Variable that hold the chip id from register.
  71:Core/Src/bmp5/bmp5.c ****  * @param[in,out] dev : Structure instance of bmp5_dev.
  72:Core/Src/bmp5/bmp5.c ****  *
  73:Core/Src/bmp5/bmp5.c ****  * @return Result of API execution status
  74:Core/Src/bmp5/bmp5.c ****  * @retval 0 -> Success
  75:Core/Src/bmp5/bmp5.c ****  * @retval <0 -> Fail
  76:Core/Src/bmp5/bmp5.c ****  */
  77:Core/Src/bmp5/bmp5.c **** static int8_t validate_chip_id(uint8_t chip_id, bmp5_dev *dev);
  78:Core/Src/bmp5/bmp5.c **** 
  79:Core/Src/bmp5/bmp5.c **** /*!
  80:Core/Src/bmp5/bmp5.c ****  * @brief This internal API is used to validate the post power-up procedure.
  81:Core/Src/bmp5/bmp5.c ****  *
  82:Core/Src/bmp5/bmp5.c ****  * @param[in] dev     : Structure instance of bmp5_dev.
  83:Core/Src/bmp5/bmp5.c ****  *
  84:Core/Src/bmp5/bmp5.c ****  * @return Result of API execution status
  85:Core/Src/bmp5/bmp5.c ****  * @retval 0 -> Success
  86:Core/Src/bmp5/bmp5.c ****  * @retval <0 -> Fail
  87:Core/Src/bmp5/bmp5.c ****  */
  88:Core/Src/bmp5/bmp5.c **** static int8_t power_up_check(bmp5_dev *dev);
ARM GAS  C:\Users\jason\AppData\Local\Temp\ccKYcdsQ.s 			page 3


  89:Core/Src/bmp5/bmp5.c **** 
  90:Core/Src/bmp5/bmp5.c **** /*!
  91:Core/Src/bmp5/bmp5.c ****  * @brief This internal API is used to check if sensor is in deepstandby mode.
  92:Core/Src/bmp5/bmp5.c ****  *
  93:Core/Src/bmp5/bmp5.c ****  * @param[out] powermode : To store whether sensor is in deepstanby mode.
  94:Core/Src/bmp5/bmp5.c ****  * @param[in] dev        : Structure instance of bmp5_dev.
  95:Core/Src/bmp5/bmp5.c ****  *
  96:Core/Src/bmp5/bmp5.c ****  * @return Result of API execution status
  97:Core/Src/bmp5/bmp5.c ****  * @retval 0 -> Success
  98:Core/Src/bmp5/bmp5.c ****  * @retval <0 -> Fail
  99:Core/Src/bmp5/bmp5.c ****  */
 100:Core/Src/bmp5/bmp5.c **** static int8_t check_deepstandby_mode(enum bmp5_powermode *powermode, bmp5_dev *dev);
 101:Core/Src/bmp5/bmp5.c **** 
 102:Core/Src/bmp5/bmp5.c **** /*!
 103:Core/Src/bmp5/bmp5.c ****  * @brief This internal API is used to set sensor in deep standby powermode.
 104:Core/Src/bmp5/bmp5.c ****  *
 105:Core/Src/bmp5/bmp5.c ****  * @param[in] dev     : Structure instance of bmp5_dev.
 106:Core/Src/bmp5/bmp5.c ****  *
 107:Core/Src/bmp5/bmp5.c ****  * @return Result of API execution status
 108:Core/Src/bmp5/bmp5.c ****  * @retval 0 -> Success
 109:Core/Src/bmp5/bmp5.c ****  * @retval <0 -> Fail
 110:Core/Src/bmp5/bmp5.c ****  */
 111:Core/Src/bmp5/bmp5.c **** static int8_t set_deep_standby_mode(bmp5_dev *dev);
 112:Core/Src/bmp5/bmp5.c **** 
 113:Core/Src/bmp5/bmp5.c **** /*!
 114:Core/Src/bmp5/bmp5.c ****  * @brief This internal API is used to set sensor in standby or
 115:Core/Src/bmp5/bmp5.c ****  * normal or forced or continous powermode.
 116:Core/Src/bmp5/bmp5.c ****  *
 117:Core/Src/bmp5/bmp5.c ****  * @param[in] powermode : Select desired powermode.
 118:Core/Src/bmp5/bmp5.c ****  * @param[in] dev       : Structure instance of bmp5_dev.
 119:Core/Src/bmp5/bmp5.c ****  *
 120:Core/Src/bmp5/bmp5.c ****  * @return Result of API execution status
 121:Core/Src/bmp5/bmp5.c ****  * @retval 0 -> Success
 122:Core/Src/bmp5/bmp5.c ****  * @retval <0 -> Fail
 123:Core/Src/bmp5/bmp5.c ****  */
 124:Core/Src/bmp5/bmp5.c **** static int8_t set_power_mode(enum bmp5_powermode powermode, bmp5_dev *dev);
 125:Core/Src/bmp5/bmp5.c **** 
 126:Core/Src/bmp5/bmp5.c **** /*!
 127:Core/Src/bmp5/bmp5.c ****  * @brief This internal API is used to set sensor in standby powermode when powermode is deepstandb
 128:Core/Src/bmp5/bmp5.c ****  *
 129:Core/Src/bmp5/bmp5.c ****  * @param[in] dev   : Structure instance of bmp5_dev.
 130:Core/Src/bmp5/bmp5.c ****  *
 131:Core/Src/bmp5/bmp5.c ****  * @return Result of API execution status
 132:Core/Src/bmp5/bmp5.c ****  * @retval 0 -> Success
 133:Core/Src/bmp5/bmp5.c ****  * @retval <0 -> Fail
 134:Core/Src/bmp5/bmp5.c ****  */
 135:Core/Src/bmp5/bmp5.c **** static int8_t set_standby_mode(bmp5_dev *dev);
 136:Core/Src/bmp5/bmp5.c **** 
 137:Core/Src/bmp5/bmp5.c **** #ifdef BMP5_USE_FIXED_POINT
 138:Core/Src/bmp5/bmp5.c **** 
 139:Core/Src/bmp5/bmp5.c **** /*!
 140:Core/Src/bmp5/bmp5.c ****  * @brief This internal API is used to calculate the power of a value.
 141:Core/Src/bmp5/bmp5.c ****  *
 142:Core/Src/bmp5/bmp5.c ****  * @param[in] base          : Base for power calculation.
 143:Core/Src/bmp5/bmp5.c ****  * @param[in] resolution    : Exponent for power calculation.
 144:Core/Src/bmp5/bmp5.c ****  *
 145:Core/Src/bmp5/bmp5.c ****  * @return the calculated power
ARM GAS  C:\Users\jason\AppData\Local\Temp\ccKYcdsQ.s 			page 4


 146:Core/Src/bmp5/bmp5.c ****  * @retval the power value
 147:Core/Src/bmp5/bmp5.c ****  */
 148:Core/Src/bmp5/bmp5.c **** static uint32_t power(uint8_t base, uint8_t resolution);
 149:Core/Src/bmp5/bmp5.c **** 
 150:Core/Src/bmp5/bmp5.c **** #endif
 151:Core/Src/bmp5/bmp5.c **** 
 152:Core/Src/bmp5/bmp5.c **** /*!
 153:Core/Src/bmp5/bmp5.c ****  * @brief This internal API is used to set the IIR for temperature and pressure.
 154:Core/Src/bmp5/bmp5.c ****  *
 155:Core/Src/bmp5/bmp5.c ****  * @param[in] iir_cfg : Structure instance of bmp5_iir_config.
 156:Core/Src/bmp5/bmp5.c ****  * @param[in] dev     : Structure instance of bmp5_dev.
 157:Core/Src/bmp5/bmp5.c ****  *
 158:Core/Src/bmp5/bmp5.c ****  * @return Result of API execution status
 159:Core/Src/bmp5/bmp5.c ****  * @retval 0 -> Success
 160:Core/Src/bmp5/bmp5.c ****  * @retval <0 -> Fail
 161:Core/Src/bmp5/bmp5.c ****  */
 162:Core/Src/bmp5/bmp5.c **** static int8_t set_iir_config(const struct bmp5_iir_config *iir_cfg, bmp5_dev *dev);
 163:Core/Src/bmp5/bmp5.c **** 
 164:Core/Src/bmp5/bmp5.c **** /*!
 165:Core/Src/bmp5/bmp5.c ****  * @brief This internal API is used to set fifo threshold based on the frame type selected.
 166:Core/Src/bmp5/bmp5.c ****  *
 167:Core/Src/bmp5/bmp5.c ****  * @param[in,out] reg_data : Stores the register data.
 168:Core/Src/bmp5/bmp5.c ****  * @param[in] fifo         : Structure instance of bmp5_fifo.
 169:Core/Src/bmp5/bmp5.c ****  *
 170:Core/Src/bmp5/bmp5.c ****  * @return Result of API execution status
 171:Core/Src/bmp5/bmp5.c ****  * @retval 0 -> Success
 172:Core/Src/bmp5/bmp5.c ****  * @retval <0 -> Fail
 173:Core/Src/bmp5/bmp5.c ****  */
 174:Core/Src/bmp5/bmp5.c **** static int8_t set_fifo_threshold(uint8_t *reg_data, const struct bmp5_fifo *fifo);
 175:Core/Src/bmp5/bmp5.c **** 
 176:Core/Src/bmp5/bmp5.c **** /*!
 177:Core/Src/bmp5/bmp5.c **** * @brief This internal API sets the configuration for IIR of fifo.
 178:Core/Src/bmp5/bmp5.c **** *
 179:Core/Src/bmp5/bmp5.c **** * @param[in] set_fifo_iir_t : Variable to store the fifo IIR value for temperature.
 180:Core/Src/bmp5/bmp5.c **** * @param[in] set_fifo_iir_p : Variable to store the fifo IIR value for pressure.
 181:Core/Src/bmp5/bmp5.c **** * @param[in] dev            : Structure instance of bmp5_dev.
 182:Core/Src/bmp5/bmp5.c **** *
 183:Core/Src/bmp5/bmp5.c **** * @return Result of API execution status
 184:Core/Src/bmp5/bmp5.c **** * @retval 0 -> Success
 185:Core/Src/bmp5/bmp5.c **** * @retval <0 -> Fail
 186:Core/Src/bmp5/bmp5.c **** */
 187:Core/Src/bmp5/bmp5.c **** static int8_t set_fifo_iir_config(uint8_t set_fifo_iir_t, uint8_t set_fifo_iir_p, bmp5_dev *dev);
 188:Core/Src/bmp5/bmp5.c **** 
 189:Core/Src/bmp5/bmp5.c **** /*!
 190:Core/Src/bmp5/bmp5.c **** * @brief This internal API is used to unpack the fifo data and store it in the bmp5_sensor_data str
 191:Core/Src/bmp5/bmp5.c **** *
 192:Core/Src/bmp5/bmp5.c **** * @param[out] sensor_data    : Stores the pressure and temperature data in bmp5_sensor_data structu
 193:Core/Src/bmp5/bmp5.c **** * @param[in,out] data_index  : Contains the beginning of set of bytes parsed to unpack.
 194:Core/Src/bmp5/bmp5.c **** * @param[in] fifo            : Structure instance of bmp5_fifo.
 195:Core/Src/bmp5/bmp5.c **** *
 196:Core/Src/bmp5/bmp5.c **** * @return Result of API execution status
 197:Core/Src/bmp5/bmp5.c **** * @retval 0 -> Success
 198:Core/Src/bmp5/bmp5.c **** * @retval <0 -> Fail
 199:Core/Src/bmp5/bmp5.c **** */
 200:Core/Src/bmp5/bmp5.c **** static int8_t unpack_sensor_data(struct bmp5_sensor_data *sensor_data,
 201:Core/Src/bmp5/bmp5.c ****                                  uint16_t *data_index,
 202:Core/Src/bmp5/bmp5.c ****                                  const struct bmp5_fifo *fifo);
ARM GAS  C:\Users\jason\AppData\Local\Temp\ccKYcdsQ.s 			page 5


 203:Core/Src/bmp5/bmp5.c **** 
 204:Core/Src/bmp5/bmp5.c **** /*!
 205:Core/Src/bmp5/bmp5.c ****  * @brief This internal API sets the IIR configuration and count limit of OOR pressure.
 206:Core/Src/bmp5/bmp5.c ****  *
 207:Core/Src/bmp5/bmp5.c ****  * @param[in] set_oor_iir_p   : Variable to store the OOR IIR value for pressure.
 208:Core/Src/bmp5/bmp5.c ****  * @param[in] set_count_limit : Variable to store the OOR count limit value for pressure.
 209:Core/Src/bmp5/bmp5.c ****  * @param[in] dev             : Structure instance of bmp5_dev.
 210:Core/Src/bmp5/bmp5.c ****  *
 211:Core/Src/bmp5/bmp5.c ****  * @return Result of API execution status
 212:Core/Src/bmp5/bmp5.c ****  * @retval 0 -> Success
 213:Core/Src/bmp5/bmp5.c ****  * @retval <0 -> Fail
 214:Core/Src/bmp5/bmp5.c ****  */
 215:Core/Src/bmp5/bmp5.c **** static int8_t set_oor_iir_count_limit(uint8_t set_oor_iir_p, uint8_t set_count_limit, bmp5_dev *dev
 216:Core/Src/bmp5/bmp5.c **** 
 217:Core/Src/bmp5/bmp5.c **** /*!
 218:Core/Src/bmp5/bmp5.c ****  * @brief This internal API is used to read the nvm data.
 219:Core/Src/bmp5/bmp5.c ****  *
 220:Core/Src/bmp5/bmp5.c ****  * @param[out] nvm_data : Variable to store nvm data.
 221:Core/Src/bmp5/bmp5.c ****  * @param[in] dev       : Structure instance of bmp5_dev.
 222:Core/Src/bmp5/bmp5.c ****  *
 223:Core/Src/bmp5/bmp5.c ****  * @return Result of API execution status
 224:Core/Src/bmp5/bmp5.c ****  * @retval 0 -> Success
 225:Core/Src/bmp5/bmp5.c ****  * @retval <0 -> Fail
 226:Core/Src/bmp5/bmp5.c ****  */
 227:Core/Src/bmp5/bmp5.c **** static int8_t get_nvm_data(uint16_t *nvm_data, bmp5_dev *dev);
 228:Core/Src/bmp5/bmp5.c **** 
 229:Core/Src/bmp5/bmp5.c **** /*!
 230:Core/Src/bmp5/bmp5.c ****  * @brief This internal API is used to get the nvm status (NVM ready interrupt, NVM error interrupt
 231:Core/Src/bmp5/bmp5.c ****  * and NVM command error interrupt).
 232:Core/Src/bmp5/bmp5.c ****  *
 233:Core/Src/bmp5/bmp5.c ****  * @param[out] nvm_status  : Variable to store nvm status.
 234:Core/Src/bmp5/bmp5.c ****  * @param[in] dev          : Structure instance of bmp5_dev.
 235:Core/Src/bmp5/bmp5.c ****  *
 236:Core/Src/bmp5/bmp5.c ****  * @note : Below are values of nvm_status possible.
 237:Core/Src/bmp5/bmp5.c ****  *
 238:Core/Src/bmp5/bmp5.c ****  *     nvm_status       |  Functionality
 239:Core/Src/bmp5/bmp5.c ****  * ---------------------|----------------------------
 240:Core/Src/bmp5/bmp5.c ****  * BMP5_INT_NVM_RDY     |  NVM ready status
 241:Core/Src/bmp5/bmp5.c ****  * BMP5_INT_NVM_ERR     |  NVM error status
 242:Core/Src/bmp5/bmp5.c ****  * BMP5_NVM_CMD_ERR     |  NVM command error status
 243:Core/Src/bmp5/bmp5.c ****  *
 244:Core/Src/bmp5/bmp5.c ****  * @return Result of API execution status.
 245:Core/Src/bmp5/bmp5.c ****  * @return 0 -> Success
 246:Core/Src/bmp5/bmp5.c ****  * @return < 0 -> Fail
 247:Core/Src/bmp5/bmp5.c ****  */
 248:Core/Src/bmp5/bmp5.c **** static int8_t get_nvm_status(uint8_t *nvm_status, bmp5_dev *dev);
 249:Core/Src/bmp5/bmp5.c **** 
 250:Core/Src/bmp5/bmp5.c **** /*!
 251:Core/Src/bmp5/bmp5.c ****  * @brief This internal API is used to write the nvm address and prog_en.
 252:Core/Src/bmp5/bmp5.c ****  *
 253:Core/Src/bmp5/bmp5.c ****  * @param[out] nvm_addr        : Variable that holds the nvm address.
 254:Core/Src/bmp5/bmp5.c ****  * @param[in] prog_en          : Variable that holds the prog_en value.
 255:Core/Src/bmp5/bmp5.c ****  * @param[in,out] curr_pwrmode : Stores current powermode.
 256:Core/Src/bmp5/bmp5.c ****  * @param[in] dev              : Structure instance of bmp5_dev.
 257:Core/Src/bmp5/bmp5.c ****  *
 258:Core/Src/bmp5/bmp5.c ****  * @return Result of API execution status
 259:Core/Src/bmp5/bmp5.c ****  * @retval 0 -> Success
ARM GAS  C:\Users\jason\AppData\Local\Temp\ccKYcdsQ.s 			page 6


 260:Core/Src/bmp5/bmp5.c ****  * @retval <0 -> Fail
 261:Core/Src/bmp5/bmp5.c ****  */
 262:Core/Src/bmp5/bmp5.c **** static int8_t nvm_write_addr(uint8_t nvm_addr, uint8_t prog_en, enum bmp5_powermode *curr_pwrmode,
 263:Core/Src/bmp5/bmp5.c ****                              bmp5_dev *dev);
 264:Core/Src/bmp5/bmp5.c **** 
 265:Core/Src/bmp5/bmp5.c **** /*!
 266:Core/Src/bmp5/bmp5.c ****  * @brief This internal API is used to set the nvm address and prog_enable based on NVM read/write 
 267:Core/Src/bmp5/bmp5.c ****  *
 268:Core/Src/bmp5/bmp5.c ****  * @param[out] nvm_addr    : Variable that holds the nvm address.
 269:Core/Src/bmp5/bmp5.c ****  * @param[in] prog_en      : Variable that holds the prog_en value.
 270:Core/Src/bmp5/bmp5.c ****  * @param[in] dev          : Structure instance of bmp5_dev.
 271:Core/Src/bmp5/bmp5.c ****  *
 272:Core/Src/bmp5/bmp5.c ****  * @return Result of API execution status
 273:Core/Src/bmp5/bmp5.c ****  * @retval 0 -> Success
 274:Core/Src/bmp5/bmp5.c ****  * @retval <0 -> Fail
 275:Core/Src/bmp5/bmp5.c ****  */
 276:Core/Src/bmp5/bmp5.c **** static int8_t set_nvm_addr(uint8_t nvm_addr, uint8_t prog_en, bmp5_dev *dev);
 277:Core/Src/bmp5/bmp5.c **** 
 278:Core/Src/bmp5/bmp5.c **** /***************************************************************************/
 279:Core/Src/bmp5/bmp5.c **** 
 280:Core/Src/bmp5/bmp5.c **** /*!         Local Function Definitions
 281:Core/Src/bmp5/bmp5.c ****  ****************************************************************************/
 282:Core/Src/bmp5/bmp5.c **** 
 283:Core/Src/bmp5/bmp5.c **** /*!
 284:Core/Src/bmp5/bmp5.c **** *  @brief This API is the entry point.
 285:Core/Src/bmp5/bmp5.c **** *  It performs the selection of I2C/I3C/SPI read mechanism according to the
 286:Core/Src/bmp5/bmp5.c **** *  selected interface and reads the chip-id of the sensor.
 287:Core/Src/bmp5/bmp5.c **** */
 288:Core/Src/bmp5/bmp5.c **** int8_t bmp5_init(bmp5_dev *dev)
 289:Core/Src/bmp5/bmp5.c **** {
 290:Core/Src/bmp5/bmp5.c ****     int8_t rslt;
 291:Core/Src/bmp5/bmp5.c ****     uint8_t reg_data;
 292:Core/Src/bmp5/bmp5.c ****     uint8_t chip_id;
 293:Core/Src/bmp5/bmp5.c **** 
 294:Core/Src/bmp5/bmp5.c ****     /* Check for null pointer in the device structure */
 295:Core/Src/bmp5/bmp5.c ****     rslt = null_ptr_check(dev);
 296:Core/Src/bmp5/bmp5.c **** 
 297:Core/Src/bmp5/bmp5.c ****     if (rslt == BMP5_OK)
 298:Core/Src/bmp5/bmp5.c ****     {
 299:Core/Src/bmp5/bmp5.c ****         if (dev->intf == BMP5_SPI_INTF)
 300:Core/Src/bmp5/bmp5.c ****         {
 301:Core/Src/bmp5/bmp5.c ****             /* Performing a single read via SPI of registers,
 302:Core/Src/bmp5/bmp5.c ****              * e.g. registers CHIP_ID, before the actual
 303:Core/Src/bmp5/bmp5.c ****              * SPI communication with the device.
 304:Core/Src/bmp5/bmp5.c ****              */
 305:Core/Src/bmp5/bmp5.c ****             rslt = bmp5_get_regs(BMP5_REG_CHIP_ID, &reg_data, 1, dev);
 306:Core/Src/bmp5/bmp5.c ****         }
 307:Core/Src/bmp5/bmp5.c **** 
 308:Core/Src/bmp5/bmp5.c ****         if (rslt == BMP5_OK)
 309:Core/Src/bmp5/bmp5.c ****         {
 310:Core/Src/bmp5/bmp5.c ****             /* Read chip_id */
 311:Core/Src/bmp5/bmp5.c ****             rslt = bmp5_get_regs(BMP5_REG_CHIP_ID, &chip_id, 1, dev);
 312:Core/Src/bmp5/bmp5.c **** 
 313:Core/Src/bmp5/bmp5.c ****             if (rslt == BMP5_OK)
 314:Core/Src/bmp5/bmp5.c ****             {
 315:Core/Src/bmp5/bmp5.c ****                 if (chip_id != 0)
 316:Core/Src/bmp5/bmp5.c ****                 {
ARM GAS  C:\Users\jason\AppData\Local\Temp\ccKYcdsQ.s 			page 7


 317:Core/Src/bmp5/bmp5.c ****                     /* Validate post power-up procedure */
 318:Core/Src/bmp5/bmp5.c ****                     rslt = power_up_check(dev);
 319:Core/Src/bmp5/bmp5.c ****                 }
 320:Core/Src/bmp5/bmp5.c ****                 else
 321:Core/Src/bmp5/bmp5.c ****                 {
 322:Core/Src/bmp5/bmp5.c ****                     rslt = BMP5_E_INVALID_CHIP_ID;
 323:Core/Src/bmp5/bmp5.c ****                 }
 324:Core/Src/bmp5/bmp5.c **** 
 325:Core/Src/bmp5/bmp5.c ****                 if (rslt == BMP5_OK)
 326:Core/Src/bmp5/bmp5.c ****                 {
 327:Core/Src/bmp5/bmp5.c ****                     rslt = validate_chip_id(chip_id, dev);
 328:Core/Src/bmp5/bmp5.c ****                 }
 329:Core/Src/bmp5/bmp5.c ****             }
 330:Core/Src/bmp5/bmp5.c ****         }
 331:Core/Src/bmp5/bmp5.c ****     }
 332:Core/Src/bmp5/bmp5.c **** 
 333:Core/Src/bmp5/bmp5.c ****     return rslt;
 334:Core/Src/bmp5/bmp5.c **** }
 335:Core/Src/bmp5/bmp5.c **** 
 336:Core/Src/bmp5/bmp5.c **** /*!
 337:Core/Src/bmp5/bmp5.c ****  * @brief This API reads the data from the given register address of the sensor.
 338:Core/Src/bmp5/bmp5.c ****  */
 339:Core/Src/bmp5/bmp5.c **** int8_t bmp5_get_regs(uint8_t reg_addr, uint8_t *reg_data, uint32_t len, bmp5_dev *dev)
 340:Core/Src/bmp5/bmp5.c **** {
 341:Core/Src/bmp5/bmp5.c ****     int8_t rslt;
 342:Core/Src/bmp5/bmp5.c **** 
 343:Core/Src/bmp5/bmp5.c ****     /* Check for null pointer in the device structure */
 344:Core/Src/bmp5/bmp5.c ****     rslt = null_ptr_check(dev);
 345:Core/Src/bmp5/bmp5.c **** 
 346:Core/Src/bmp5/bmp5.c ****     /* Proceed if null check is fine */
 347:Core/Src/bmp5/bmp5.c ****     if ((rslt == BMP5_OK) && (reg_data != NULL))
 348:Core/Src/bmp5/bmp5.c ****     {
 349:Core/Src/bmp5/bmp5.c ****         if (dev->intf == BMP5_SPI_INTF)
 350:Core/Src/bmp5/bmp5.c ****         {
 351:Core/Src/bmp5/bmp5.c ****             /* If interface selected is SPI */
 352:Core/Src/bmp5/bmp5.c ****             reg_addr = reg_addr | BMP5_SPI_RD_MASK;
 353:Core/Src/bmp5/bmp5.c ****         }
 354:Core/Src/bmp5/bmp5.c **** 
 355:Core/Src/bmp5/bmp5.c ****         /* Read the data from the reg_addr */
 356:Core/Src/bmp5/bmp5.c ****         dev->intf_rslt = dev->read(reg_addr, reg_data, len, dev->intf_ptr);
 357:Core/Src/bmp5/bmp5.c **** 
 358:Core/Src/bmp5/bmp5.c ****         if (dev->intf_rslt != BMP5_INTF_RET_SUCCESS)
 359:Core/Src/bmp5/bmp5.c ****         {
 360:Core/Src/bmp5/bmp5.c ****             /* Failure case */
 361:Core/Src/bmp5/bmp5.c ****             rslt = BMP5_E_COM_FAIL;
 362:Core/Src/bmp5/bmp5.c ****         }
 363:Core/Src/bmp5/bmp5.c ****     }
 364:Core/Src/bmp5/bmp5.c ****     else
 365:Core/Src/bmp5/bmp5.c ****     {
 366:Core/Src/bmp5/bmp5.c ****         rslt = BMP5_E_NULL_PTR;
 367:Core/Src/bmp5/bmp5.c ****     }
 368:Core/Src/bmp5/bmp5.c **** 
 369:Core/Src/bmp5/bmp5.c ****     return rslt;
 370:Core/Src/bmp5/bmp5.c **** }
 371:Core/Src/bmp5/bmp5.c **** 
 372:Core/Src/bmp5/bmp5.c **** /*!
 373:Core/Src/bmp5/bmp5.c ****  * @brief This API writes the given data to the register address
ARM GAS  C:\Users\jason\AppData\Local\Temp\ccKYcdsQ.s 			page 8


 374:Core/Src/bmp5/bmp5.c ****  * of the sensor.
 375:Core/Src/bmp5/bmp5.c ****  */
 376:Core/Src/bmp5/bmp5.c **** int8_t bmp5_set_regs(uint8_t reg_addr, const uint8_t *reg_data, uint32_t len, bmp5_dev *dev)
 377:Core/Src/bmp5/bmp5.c **** {
 378:Core/Src/bmp5/bmp5.c ****     int8_t rslt;
 379:Core/Src/bmp5/bmp5.c ****     uint8_t idx = 0;
 380:Core/Src/bmp5/bmp5.c **** 
 381:Core/Src/bmp5/bmp5.c ****     /* Check for null pointer in the device structure */
 382:Core/Src/bmp5/bmp5.c ****     rslt = null_ptr_check(dev);
 383:Core/Src/bmp5/bmp5.c **** 
 384:Core/Src/bmp5/bmp5.c ****     /* Proceed if null check is fine */
 385:Core/Src/bmp5/bmp5.c ****     if ((rslt == BMP5_OK) && (reg_data != NULL))
 386:Core/Src/bmp5/bmp5.c ****     {
 387:Core/Src/bmp5/bmp5.c ****         if (dev->intf == BMP5_SPI_INTF)
 388:Core/Src/bmp5/bmp5.c ****         {
 389:Core/Src/bmp5/bmp5.c ****             /* Write the data to the reg_addr */
 390:Core/Src/bmp5/bmp5.c ****             do
 391:Core/Src/bmp5/bmp5.c ****             {
 392:Core/Src/bmp5/bmp5.c ****                 dev->intf_rslt = dev->write((reg_addr + idx), &reg_data[idx], 1, dev->intf_ptr);
 393:Core/Src/bmp5/bmp5.c ****                 idx++;
 394:Core/Src/bmp5/bmp5.c ****             } while ((idx < len) && (dev->intf_rslt == BMP5_INTF_RET_SUCCESS));
 395:Core/Src/bmp5/bmp5.c ****         }
 396:Core/Src/bmp5/bmp5.c ****         else if ((dev->intf == BMP5_I2C_INTF) || (dev->intf == BMP5_I3C_INTF))
 397:Core/Src/bmp5/bmp5.c ****         {
 398:Core/Src/bmp5/bmp5.c ****             /* Write the data to the reg_addr */
 399:Core/Src/bmp5/bmp5.c ****             dev->intf_rslt = dev->write(reg_addr, reg_data, len, dev->intf_ptr);
 400:Core/Src/bmp5/bmp5.c ****         }
 401:Core/Src/bmp5/bmp5.c **** 
 402:Core/Src/bmp5/bmp5.c ****         if (dev->intf_rslt != BMP5_INTF_RET_SUCCESS)
 403:Core/Src/bmp5/bmp5.c ****         {
 404:Core/Src/bmp5/bmp5.c ****             /* Failure case */
 405:Core/Src/bmp5/bmp5.c ****             rslt = BMP5_E_COM_FAIL;
 406:Core/Src/bmp5/bmp5.c ****         }
 407:Core/Src/bmp5/bmp5.c ****     }
 408:Core/Src/bmp5/bmp5.c ****     else
 409:Core/Src/bmp5/bmp5.c ****     {
 410:Core/Src/bmp5/bmp5.c ****         rslt = BMP5_E_NULL_PTR;
 411:Core/Src/bmp5/bmp5.c ****     }
 412:Core/Src/bmp5/bmp5.c **** 
 413:Core/Src/bmp5/bmp5.c ****     return rslt;
 414:Core/Src/bmp5/bmp5.c **** }
 415:Core/Src/bmp5/bmp5.c **** 
 416:Core/Src/bmp5/bmp5.c **** /*!
 417:Core/Src/bmp5/bmp5.c ****  * @brief This API performs the soft reset of the sensor.
 418:Core/Src/bmp5/bmp5.c ****  */
 419:Core/Src/bmp5/bmp5.c **** int8_t bmp5_soft_reset(bmp5_dev *dev)
 420:Core/Src/bmp5/bmp5.c **** {
 421:Core/Src/bmp5/bmp5.c ****     int8_t rslt;
 422:Core/Src/bmp5/bmp5.c ****     uint8_t reg_data;
 423:Core/Src/bmp5/bmp5.c ****     uint8_t por_status;
 424:Core/Src/bmp5/bmp5.c ****     uint8_t data = BMP5_SOFT_RESET_CMD;
 425:Core/Src/bmp5/bmp5.c **** 
 426:Core/Src/bmp5/bmp5.c ****     /* Reset the device */
 427:Core/Src/bmp5/bmp5.c ****     rslt = bmp5_set_regs(BMP5_REG_CMD, &data, 1, dev);
 428:Core/Src/bmp5/bmp5.c **** 
 429:Core/Src/bmp5/bmp5.c ****     if (rslt == BMP5_OK)
 430:Core/Src/bmp5/bmp5.c ****     {
ARM GAS  C:\Users\jason\AppData\Local\Temp\ccKYcdsQ.s 			page 9


 431:Core/Src/bmp5/bmp5.c ****         /* Soft-reset execution takes 2 ms */
 432:Core/Src/bmp5/bmp5.c ****         dev->delay_us(BMP5_DELAY_US_SOFT_RESET, dev->intf_ptr);
 433:Core/Src/bmp5/bmp5.c **** 
 434:Core/Src/bmp5/bmp5.c ****         if (dev->intf == BMP5_SPI_INTF)
 435:Core/Src/bmp5/bmp5.c ****         {
 436:Core/Src/bmp5/bmp5.c ****             /* Performing a single read via SPI of registers,
 437:Core/Src/bmp5/bmp5.c ****             * e.g. registers CHIP_ID, before the actual
 438:Core/Src/bmp5/bmp5.c ****             * SPI communication with the device.
 439:Core/Src/bmp5/bmp5.c ****             */
 440:Core/Src/bmp5/bmp5.c ****             rslt = bmp5_get_regs(BMP5_REG_CHIP_ID, &reg_data, 1, dev);
 441:Core/Src/bmp5/bmp5.c ****         }
 442:Core/Src/bmp5/bmp5.c **** 
 443:Core/Src/bmp5/bmp5.c **** #if 0 // Suggestion by Bosch to fix init problem with checking INT_STATUS.por bit
 444:Core/Src/bmp5/bmp5.c ****         if (rslt == BMP5_OK)
 445:Core/Src/bmp5/bmp5.c ****         {
 446:Core/Src/bmp5/bmp5.c ****             rslt = bmp5_get_interrupt_status(&por_status, dev);
 447:Core/Src/bmp5/bmp5.c **** 
 448:Core/Src/bmp5/bmp5.c ****             if (rslt == BMP5_OK)
 449:Core/Src/bmp5/bmp5.c ****             {
 450:Core/Src/bmp5/bmp5.c ****                 if (por_status & BMP5_INT_ASSERTED_POR_SOFTRESET_COMPLETE)
 451:Core/Src/bmp5/bmp5.c ****                 {
 452:Core/Src/bmp5/bmp5.c ****                     rslt = BMP5_OK;
 453:Core/Src/bmp5/bmp5.c ****                 }
 454:Core/Src/bmp5/bmp5.c ****                 else
 455:Core/Src/bmp5/bmp5.c ****                 {
 456:Core/Src/bmp5/bmp5.c ****                     rslt = BMP5_E_POR_SOFTRESET;
 457:Core/Src/bmp5/bmp5.c ****                 }
 458:Core/Src/bmp5/bmp5.c ****             }
 459:Core/Src/bmp5/bmp5.c ****         }
 460:Core/Src/bmp5/bmp5.c **** #endif
 461:Core/Src/bmp5/bmp5.c ****     }
 462:Core/Src/bmp5/bmp5.c **** 
 463:Core/Src/bmp5/bmp5.c ****     (void)por_status; // Avoid compiler warning-as-error
 464:Core/Src/bmp5/bmp5.c **** 
 465:Core/Src/bmp5/bmp5.c ****     return rslt;
 466:Core/Src/bmp5/bmp5.c **** }
 467:Core/Src/bmp5/bmp5.c **** 
 468:Core/Src/bmp5/bmp5.c **** /*!
 469:Core/Src/bmp5/bmp5.c ****  *  @brief This API is used to get interrupt status.
 470:Core/Src/bmp5/bmp5.c ****  */
 471:Core/Src/bmp5/bmp5.c **** int8_t bmp5_get_interrupt_status(uint8_t *int_status, bmp5_dev *dev)
 472:Core/Src/bmp5/bmp5.c **** {
 473:Core/Src/bmp5/bmp5.c ****     int8_t rslt;
 474:Core/Src/bmp5/bmp5.c **** 
 475:Core/Src/bmp5/bmp5.c ****     if (int_status != NULL)
 476:Core/Src/bmp5/bmp5.c ****     {
 477:Core/Src/bmp5/bmp5.c ****         rslt = bmp5_get_regs(BMP5_REG_INT_STATUS, int_status, 1, dev);
 478:Core/Src/bmp5/bmp5.c ****     }
 479:Core/Src/bmp5/bmp5.c ****     else
 480:Core/Src/bmp5/bmp5.c ****     {
 481:Core/Src/bmp5/bmp5.c ****         rslt = BMP5_E_NULL_PTR;
 482:Core/Src/bmp5/bmp5.c ****     }
 483:Core/Src/bmp5/bmp5.c **** 
 484:Core/Src/bmp5/bmp5.c ****     return rslt;
 485:Core/Src/bmp5/bmp5.c **** }
 486:Core/Src/bmp5/bmp5.c **** 
 487:Core/Src/bmp5/bmp5.c **** /*!
ARM GAS  C:\Users\jason\AppData\Local\Temp\ccKYcdsQ.s 			page 10


 488:Core/Src/bmp5/bmp5.c ****  *  @brief This API is used to get powermode of the sensor.
 489:Core/Src/bmp5/bmp5.c ****  */
 490:Core/Src/bmp5/bmp5.c **** int8_t bmp5_get_power_mode(enum bmp5_powermode *powermode, bmp5_dev *dev)
 491:Core/Src/bmp5/bmp5.c **** {
 492:Core/Src/bmp5/bmp5.c ****     int8_t rslt;
 493:Core/Src/bmp5/bmp5.c ****     uint8_t deep_dis;
 494:Core/Src/bmp5/bmp5.c ****     uint8_t reg_data;
 495:Core/Src/bmp5/bmp5.c ****     uint8_t pwrmode;
 496:Core/Src/bmp5/bmp5.c **** 
 497:Core/Src/bmp5/bmp5.c ****     if (powermode != NULL)
 498:Core/Src/bmp5/bmp5.c ****     {
 499:Core/Src/bmp5/bmp5.c ****         /* Read the power mode register */
 500:Core/Src/bmp5/bmp5.c ****         rslt = bmp5_get_regs(BMP5_REG_ODR_CONFIG, &reg_data, 1, dev);
 501:Core/Src/bmp5/bmp5.c **** 
 502:Core/Src/bmp5/bmp5.c ****         if (rslt == BMP5_OK)
 503:Core/Src/bmp5/bmp5.c ****         {
 504:Core/Src/bmp5/bmp5.c ****             pwrmode = BMP5_GET_BITS_POS_0(reg_data, BMP5_POWERMODE);
 505:Core/Src/bmp5/bmp5.c **** 
 506:Core/Src/bmp5/bmp5.c ****             switch (pwrmode)
 507:Core/Src/bmp5/bmp5.c ****             {
 508:Core/Src/bmp5/bmp5.c ****                 case BMP5_POWERMODE_STANDBY:
 509:Core/Src/bmp5/bmp5.c **** 
 510:Core/Src/bmp5/bmp5.c ****                     /* Getting deep disable status */
 511:Core/Src/bmp5/bmp5.c ****                     deep_dis = BMP5_GET_BITSLICE(reg_data, BMP5_DEEP_DISABLE);
 512:Core/Src/bmp5/bmp5.c **** 
 513:Core/Src/bmp5/bmp5.c ****                     /* Checking deepstandby status only when powermode is in standby mode */
 514:Core/Src/bmp5/bmp5.c **** 
 515:Core/Src/bmp5/bmp5.c ****                     /* If deep_dis = 0(BMP5_DEEP_ENABLED) then deepstandby mode is enabled.
 516:Core/Src/bmp5/bmp5.c ****                      * If deep_dis = 1(BMP5_DEEP_DISABLED) then deepstandby mode is disabled
 517:Core/Src/bmp5/bmp5.c ****                      */
 518:Core/Src/bmp5/bmp5.c ****                     if (deep_dis == BMP5_DEEP_ENABLED)
 519:Core/Src/bmp5/bmp5.c ****                     {
 520:Core/Src/bmp5/bmp5.c ****                         rslt = check_deepstandby_mode(powermode, dev);
 521:Core/Src/bmp5/bmp5.c ****                     }
 522:Core/Src/bmp5/bmp5.c ****                     else
 523:Core/Src/bmp5/bmp5.c ****                     {
 524:Core/Src/bmp5/bmp5.c ****                         *powermode = BMP5_POWERMODE_STANDBY;
 525:Core/Src/bmp5/bmp5.c ****                     }
 526:Core/Src/bmp5/bmp5.c **** 
 527:Core/Src/bmp5/bmp5.c ****                     break;
 528:Core/Src/bmp5/bmp5.c ****                 case BMP5_POWERMODE_NORMAL:
 529:Core/Src/bmp5/bmp5.c ****                     *powermode = BMP5_POWERMODE_NORMAL;
 530:Core/Src/bmp5/bmp5.c ****                     break;
 531:Core/Src/bmp5/bmp5.c ****                 case BMP5_POWERMODE_FORCED:
 532:Core/Src/bmp5/bmp5.c ****                     *powermode = BMP5_POWERMODE_FORCED;
 533:Core/Src/bmp5/bmp5.c ****                     break;
 534:Core/Src/bmp5/bmp5.c ****                 case BMP5_POWERMODE_CONTINOUS:
 535:Core/Src/bmp5/bmp5.c ****                     *powermode = BMP5_POWERMODE_CONTINOUS;
 536:Core/Src/bmp5/bmp5.c ****                     break;
 537:Core/Src/bmp5/bmp5.c ****                 default:
 538:Core/Src/bmp5/bmp5.c ****                     rslt = BMP5_E_INVALID_POWERMODE;
 539:Core/Src/bmp5/bmp5.c ****                     break;
 540:Core/Src/bmp5/bmp5.c ****             }
 541:Core/Src/bmp5/bmp5.c ****         }
 542:Core/Src/bmp5/bmp5.c ****     }
 543:Core/Src/bmp5/bmp5.c ****     else
 544:Core/Src/bmp5/bmp5.c ****     {
ARM GAS  C:\Users\jason\AppData\Local\Temp\ccKYcdsQ.s 			page 11


 545:Core/Src/bmp5/bmp5.c ****         rslt = BMP5_E_NULL_PTR;
 546:Core/Src/bmp5/bmp5.c ****     }
 547:Core/Src/bmp5/bmp5.c **** 
 548:Core/Src/bmp5/bmp5.c ****     return rslt;
 549:Core/Src/bmp5/bmp5.c **** }
 550:Core/Src/bmp5/bmp5.c **** 
 551:Core/Src/bmp5/bmp5.c **** /*!
 552:Core/Src/bmp5/bmp5.c ****  *  @brief This API is used to set powermode of the sensor.
 553:Core/Src/bmp5/bmp5.c ****  */
 554:Core/Src/bmp5/bmp5.c **** int8_t bmp5_set_power_mode(enum bmp5_powermode powermode, bmp5_dev *dev)
 555:Core/Src/bmp5/bmp5.c **** {
 556:Core/Src/bmp5/bmp5.c ****     int8_t rslt;
 557:Core/Src/bmp5/bmp5.c ****     enum bmp5_powermode lst_pwrmode;
 558:Core/Src/bmp5/bmp5.c **** 
 559:Core/Src/bmp5/bmp5.c ****     /* Existing power mode of the device is received in lst_pwrmode */
 560:Core/Src/bmp5/bmp5.c ****     rslt = bmp5_get_power_mode(&lst_pwrmode, dev);
 561:Core/Src/bmp5/bmp5.c **** 
 562:Core/Src/bmp5/bmp5.c ****     if (rslt == BMP5_OK)
 563:Core/Src/bmp5/bmp5.c ****     {
 564:Core/Src/bmp5/bmp5.c ****         /* If the sensor is not in standby mode set the device to
 565:Core/Src/bmp5/bmp5.c ****          *  standby mode.
 566:Core/Src/bmp5/bmp5.c ****          */
 567:Core/Src/bmp5/bmp5.c ****         if (lst_pwrmode != BMP5_POWERMODE_STANDBY)
 568:Core/Src/bmp5/bmp5.c ****         {
 569:Core/Src/bmp5/bmp5.c ****             /* Device should be set to standby before transiting to
 570:Core/Src/bmp5/bmp5.c ****              * forced mode or normal mode or continous mode.
 571:Core/Src/bmp5/bmp5.c ****              */
 572:Core/Src/bmp5/bmp5.c ****             rslt = set_power_mode(BMP5_POWERMODE_STANDBY, dev);
 573:Core/Src/bmp5/bmp5.c **** 
 574:Core/Src/bmp5/bmp5.c ****             if (rslt == BMP5_OK)
 575:Core/Src/bmp5/bmp5.c ****             {
 576:Core/Src/bmp5/bmp5.c ****                 /* Give t_standby(as per data sheet) time for device to go into standby mode */
 577:Core/Src/bmp5/bmp5.c ****                 dev->delay_us(BMP5_DELAY_US_STANDBY, dev->intf_ptr);
 578:Core/Src/bmp5/bmp5.c ****             }
 579:Core/Src/bmp5/bmp5.c ****         }
 580:Core/Src/bmp5/bmp5.c **** 
 581:Core/Src/bmp5/bmp5.c ****         /* Set the desired power mode */
 582:Core/Src/bmp5/bmp5.c ****         if (rslt == BMP5_OK)
 583:Core/Src/bmp5/bmp5.c ****         {
 584:Core/Src/bmp5/bmp5.c ****             switch (powermode)
 585:Core/Src/bmp5/bmp5.c ****             {
 586:Core/Src/bmp5/bmp5.c ****                 case BMP5_POWERMODE_DEEP_STANDBY:
 587:Core/Src/bmp5/bmp5.c ****                     rslt = set_deep_standby_mode(dev);
 588:Core/Src/bmp5/bmp5.c ****                     break;
 589:Core/Src/bmp5/bmp5.c ****                 case BMP5_POWERMODE_STANDBY:
 590:Core/Src/bmp5/bmp5.c **** 
 591:Core/Src/bmp5/bmp5.c ****                     /* Since switching between powermodes require sensor to be in standby mode
 592:Core/Src/bmp5/bmp5.c ****                      * it is performed above. So it is not explicitly performed here.
 593:Core/Src/bmp5/bmp5.c ****                      */
 594:Core/Src/bmp5/bmp5.c ****                     break;
 595:Core/Src/bmp5/bmp5.c ****                 case BMP5_POWERMODE_NORMAL:
 596:Core/Src/bmp5/bmp5.c ****                 case BMP5_POWERMODE_FORCED:
 597:Core/Src/bmp5/bmp5.c ****                 case BMP5_POWERMODE_CONTINOUS:
 598:Core/Src/bmp5/bmp5.c ****                     rslt = set_power_mode(powermode, dev);
 599:Core/Src/bmp5/bmp5.c ****                     break;
 600:Core/Src/bmp5/bmp5.c ****                 default:
 601:Core/Src/bmp5/bmp5.c ****                     rslt = BMP5_E_INVALID_POWERMODE;
ARM GAS  C:\Users\jason\AppData\Local\Temp\ccKYcdsQ.s 			page 12


 602:Core/Src/bmp5/bmp5.c ****                     break;
 603:Core/Src/bmp5/bmp5.c ****             }
 604:Core/Src/bmp5/bmp5.c ****         }
 605:Core/Src/bmp5/bmp5.c ****     }
 606:Core/Src/bmp5/bmp5.c **** 
 607:Core/Src/bmp5/bmp5.c ****     return rslt;
 608:Core/Src/bmp5/bmp5.c **** }
 609:Core/Src/bmp5/bmp5.c **** 
 610:Core/Src/bmp5/bmp5.c **** /*!
 611:Core/Src/bmp5/bmp5.c ****  *  @brief This API reads the temperature(deg C) or both pressure(Pa) and temperature(deg C) data f
 612:Core/Src/bmp5/bmp5.c ****  * sensor and store it in the bmp5_sensor_data structure instance passed by the user.
 613:Core/Src/bmp5/bmp5.c ****  */
 614:Core/Src/bmp5/bmp5.c **** int8_t bmp5_get_sensor_data(struct bmp5_sensor_data *sensor_data,
 615:Core/Src/bmp5/bmp5.c ****                             const struct bmp5_osr_odr_press_config *osr_odr_press_cfg,
 616:Core/Src/bmp5/bmp5.c ****                             bmp5_dev *dev)
 617:Core/Src/bmp5/bmp5.c **** {
 618:Core/Src/bmp5/bmp5.c ****     int8_t rslt;
 619:Core/Src/bmp5/bmp5.c ****     uint8_t reg_data[6] = { 0 };
 620:Core/Src/bmp5/bmp5.c ****     int32_t raw_data_t;
 621:Core/Src/bmp5/bmp5.c ****     uint32_t raw_data_p;
 622:Core/Src/bmp5/bmp5.c **** 
 623:Core/Src/bmp5/bmp5.c ****     rslt = bmp5_get_regs(BMP5_REG_TEMP_DATA_XLSB, reg_data, 6, dev);
 624:Core/Src/bmp5/bmp5.c **** 
 625:Core/Src/bmp5/bmp5.c ****     if (rslt == BMP5_OK)
 626:Core/Src/bmp5/bmp5.c ****     {
 627:Core/Src/bmp5/bmp5.c ****         raw_data_t = (int32_t)(((uint32_t)reg_data[2] << 16) | ((uint16_t)reg_data[1] << 8) | reg_d
 628:Core/Src/bmp5/bmp5.c **** 
 629:Core/Src/bmp5/bmp5.c **** #ifdef BMP5_USE_FIXED_POINT
 630:Core/Src/bmp5/bmp5.c **** 
 631:Core/Src/bmp5/bmp5.c ****         /* Division by 2^16(whose equivalent value is 65536) is performed to get temperature data a
 632:Core/Src/bmp5/bmp5.c ****          * precision in deg C
 633:Core/Src/bmp5/bmp5.c ****          */
 634:Core/Src/bmp5/bmp5.c ****         sensor_data->temperature =
 635:Core/Src/bmp5/bmp5.c ****             (int64_t)((raw_data_t / (int64_t)65536.0) * (power(10, BMP5_FIXED_POINT_DIGIT_PRECISION
 636:Core/Src/bmp5/bmp5.c **** #else
 637:Core/Src/bmp5/bmp5.c **** 
 638:Core/Src/bmp5/bmp5.c ****         /* Division by 2^16(whose equivalent value is 65536) is performed to get temperature data i
 639:Core/Src/bmp5/bmp5.c ****         sensor_data->temperature = (float)(raw_data_t / 65536.0);
 640:Core/Src/bmp5/bmp5.c **** #endif
 641:Core/Src/bmp5/bmp5.c **** 
 642:Core/Src/bmp5/bmp5.c ****         if (osr_odr_press_cfg->press_en == BMP5_ENABLE)
 643:Core/Src/bmp5/bmp5.c ****         {
 644:Core/Src/bmp5/bmp5.c ****             raw_data_p = (uint32_t)(((uint32_t)reg_data[5] << 16) | ((uint16_t)reg_data[4] << 8) | 
 645:Core/Src/bmp5/bmp5.c **** 
 646:Core/Src/bmp5/bmp5.c **** #ifdef BMP5_USE_FIXED_POINT
 647:Core/Src/bmp5/bmp5.c **** 
 648:Core/Src/bmp5/bmp5.c ****             /* Division by 2^6(whose equivalent value is 64) is performed to get pressure data and 
 649:Core/Src/bmp5/bmp5.c ****              * precision in Pa
 650:Core/Src/bmp5/bmp5.c ****              */
 651:Core/Src/bmp5/bmp5.c ****             sensor_data->pressure =
 652:Core/Src/bmp5/bmp5.c ****                 (uint64_t)((raw_data_p / (int64_t)64.0) * (power(10, BMP5_FIXED_POINT_DIGIT_PRECISI
 653:Core/Src/bmp5/bmp5.c **** #else
 654:Core/Src/bmp5/bmp5.c **** 
 655:Core/Src/bmp5/bmp5.c ****             /* Division by 2^6(whose equivalent value is 64) is performed to get pressure data in P
 656:Core/Src/bmp5/bmp5.c ****             sensor_data->pressure = (float)(raw_data_p / 64.0);
 657:Core/Src/bmp5/bmp5.c **** #endif
 658:Core/Src/bmp5/bmp5.c ****         }
ARM GAS  C:\Users\jason\AppData\Local\Temp\ccKYcdsQ.s 			page 13


 659:Core/Src/bmp5/bmp5.c ****         else
 660:Core/Src/bmp5/bmp5.c ****         {
 661:Core/Src/bmp5/bmp5.c ****             sensor_data->pressure = 0.0;
 662:Core/Src/bmp5/bmp5.c ****         }
 663:Core/Src/bmp5/bmp5.c ****     }
 664:Core/Src/bmp5/bmp5.c **** 
 665:Core/Src/bmp5/bmp5.c ****     return rslt;
 666:Core/Src/bmp5/bmp5.c **** }
 667:Core/Src/bmp5/bmp5.c **** 
 668:Core/Src/bmp5/bmp5.c **** /*!
 669:Core/Src/bmp5/bmp5.c ****  *  @brief This API is used to enable the interrupts(drdy interrupt, fifo full interrupt,
 670:Core/Src/bmp5/bmp5.c ****  *   fifo threshold enable and pressure data out of range interrupt).
 671:Core/Src/bmp5/bmp5.c ****  */
 672:Core/Src/bmp5/bmp5.c **** int8_t bmp5_int_source_select(const struct bmp5_int_source_select *int_source_select, bmp5_dev *dev
 673:Core/Src/bmp5/bmp5.c **** {
 674:Core/Src/bmp5/bmp5.c ****     int8_t rslt;
 675:Core/Src/bmp5/bmp5.c ****     uint8_t reg_data;
 676:Core/Src/bmp5/bmp5.c **** 
 677:Core/Src/bmp5/bmp5.c ****     if (int_source_select != NULL)
 678:Core/Src/bmp5/bmp5.c ****     {
 679:Core/Src/bmp5/bmp5.c ****         rslt = bmp5_get_regs(BMP5_REG_INT_SOURCE, &reg_data, 1, dev);
 680:Core/Src/bmp5/bmp5.c **** 
 681:Core/Src/bmp5/bmp5.c ****         if (rslt == BMP5_OK)
 682:Core/Src/bmp5/bmp5.c ****         {
 683:Core/Src/bmp5/bmp5.c ****             reg_data = BMP5_SET_BITS_POS_0(reg_data, BMP5_INT_DRDY_EN, int_source_select->drdy_en);
 684:Core/Src/bmp5/bmp5.c **** 
 685:Core/Src/bmp5/bmp5.c ****             reg_data = BMP5_SET_BITSLICE(reg_data, BMP5_INT_FIFO_FULL_EN, int_source_select->fifo_f
 686:Core/Src/bmp5/bmp5.c **** 
 687:Core/Src/bmp5/bmp5.c ****             reg_data = BMP5_SET_BITSLICE(reg_data, BMP5_INT_FIFO_THRES_EN, int_source_select->fifo_
 688:Core/Src/bmp5/bmp5.c **** 
 689:Core/Src/bmp5/bmp5.c ****             reg_data = BMP5_SET_BITSLICE(reg_data, BMP5_INT_OOR_PRESS_EN, int_source_select->oor_pr
 690:Core/Src/bmp5/bmp5.c **** 
 691:Core/Src/bmp5/bmp5.c ****             rslt = bmp5_set_regs(BMP5_REG_INT_SOURCE, &reg_data, 1, dev);
 692:Core/Src/bmp5/bmp5.c ****         }
 693:Core/Src/bmp5/bmp5.c ****     }
 694:Core/Src/bmp5/bmp5.c ****     else
 695:Core/Src/bmp5/bmp5.c ****     {
 696:Core/Src/bmp5/bmp5.c ****         rslt = BMP5_E_NULL_PTR;
 697:Core/Src/bmp5/bmp5.c ****     }
 698:Core/Src/bmp5/bmp5.c **** 
 699:Core/Src/bmp5/bmp5.c ****     return rslt;
 700:Core/Src/bmp5/bmp5.c **** }
 701:Core/Src/bmp5/bmp5.c **** 
 702:Core/Src/bmp5/bmp5.c **** /*!
 703:Core/Src/bmp5/bmp5.c **** * @brief This API is used to configure the interrupt settings.
 704:Core/Src/bmp5/bmp5.c **** */
 705:Core/Src/bmp5/bmp5.c **** int8_t bmp5_configure_interrupt(enum bmp5_intr_mode int_mode,
 706:Core/Src/bmp5/bmp5.c ****                                 enum bmp5_intr_polarity int_pol,
 707:Core/Src/bmp5/bmp5.c ****                                 enum bmp5_intr_drive int_od,
 708:Core/Src/bmp5/bmp5.c ****                                 enum bmp5_intr_en_dis int_en,
 709:Core/Src/bmp5/bmp5.c ****                                 bmp5_dev *dev)
 710:Core/Src/bmp5/bmp5.c **** {
 711:Core/Src/bmp5/bmp5.c ****     /* Variable to store the function result */
 712:Core/Src/bmp5/bmp5.c ****     int8_t rslt;
 713:Core/Src/bmp5/bmp5.c **** 
 714:Core/Src/bmp5/bmp5.c ****     /* Variable to get interrupt configuration */
 715:Core/Src/bmp5/bmp5.c ****     uint8_t reg_data = 0;
ARM GAS  C:\Users\jason\AppData\Local\Temp\ccKYcdsQ.s 			page 14


 716:Core/Src/bmp5/bmp5.c **** 
 717:Core/Src/bmp5/bmp5.c ****     /* Variable to set interrupt source */
 718:Core/Src/bmp5/bmp5.c ****     uint8_t int_source = 0;
 719:Core/Src/bmp5/bmp5.c **** 
 720:Core/Src/bmp5/bmp5.c ****     /* Variable to get interrupt status */
 721:Core/Src/bmp5/bmp5.c ****     uint8_t int_status = 0;
 722:Core/Src/bmp5/bmp5.c **** 
 723:Core/Src/bmp5/bmp5.c ****     /* Get interrupt configuration */
 724:Core/Src/bmp5/bmp5.c ****     rslt = bmp5_get_regs(BMP5_REG_INT_CONFIG, &reg_data, 1, dev);
 725:Core/Src/bmp5/bmp5.c **** 
 726:Core/Src/bmp5/bmp5.c ****     if (rslt == BMP5_OK)
 727:Core/Src/bmp5/bmp5.c ****     {
 728:Core/Src/bmp5/bmp5.c ****         /* Any change between latched/pulsed mode has to be applied while interrupt is disabled */
 729:Core/Src/bmp5/bmp5.c ****         /* Step 1 : Turn off all INT sources (INT_SOURCE -> 0x00) */
 730:Core/Src/bmp5/bmp5.c ****         rslt = bmp5_set_regs(BMP5_REG_INT_SOURCE, &int_source, 1, dev);
 731:Core/Src/bmp5/bmp5.c **** 
 732:Core/Src/bmp5/bmp5.c ****         if (rslt == BMP5_OK)
 733:Core/Src/bmp5/bmp5.c ****         {
 734:Core/Src/bmp5/bmp5.c ****             /* Step 2 : Read the INT_STATUS register to clear the status */
 735:Core/Src/bmp5/bmp5.c ****             rslt = bmp5_get_regs(BMP5_REG_INT_STATUS, &int_status, 1, dev);
 736:Core/Src/bmp5/bmp5.c **** 
 737:Core/Src/bmp5/bmp5.c ****             if (rslt == BMP5_OK)
 738:Core/Src/bmp5/bmp5.c ****             {
 739:Core/Src/bmp5/bmp5.c ****                 /* Step 3 : Set the desired mode in INT_CONFIG.int_mode */
 740:Core/Src/bmp5/bmp5.c ****                 reg_data = BMP5_SET_BITS_POS_0(reg_data, BMP5_INT_MODE, int_mode);
 741:Core/Src/bmp5/bmp5.c ****                 reg_data = BMP5_SET_BITSLICE(reg_data, BMP5_INT_POL, int_pol);
 742:Core/Src/bmp5/bmp5.c ****                 reg_data = BMP5_SET_BITSLICE(reg_data, BMP5_INT_OD, int_od);
 743:Core/Src/bmp5/bmp5.c ****                 reg_data = BMP5_SET_BITSLICE(reg_data, BMP5_INT_EN, int_en);
 744:Core/Src/bmp5/bmp5.c **** 
 745:Core/Src/bmp5/bmp5.c ****                 /* Finally transfer the interrupt configurations */
 746:Core/Src/bmp5/bmp5.c ****                 rslt = bmp5_set_regs(BMP5_REG_INT_CONFIG, &reg_data, 1, dev);
 747:Core/Src/bmp5/bmp5.c ****             }
 748:Core/Src/bmp5/bmp5.c ****         }
 749:Core/Src/bmp5/bmp5.c ****     }
 750:Core/Src/bmp5/bmp5.c **** 
 751:Core/Src/bmp5/bmp5.c ****     return rslt;
 752:Core/Src/bmp5/bmp5.c **** }
 753:Core/Src/bmp5/bmp5.c **** 
 754:Core/Src/bmp5/bmp5.c **** /*!
 755:Core/Src/bmp5/bmp5.c ****  *  @brief This API gets the configuration for oversampling of temperature, oversampling of
 756:Core/Src/bmp5/bmp5.c ****  *  pressure and ODR configuration along with pressure enable.
 757:Core/Src/bmp5/bmp5.c ****  */
 758:Core/Src/bmp5/bmp5.c **** int8_t bmp5_get_osr_odr_press_config(struct bmp5_osr_odr_press_config *osr_odr_press_cfg, bmp5_dev 
 759:Core/Src/bmp5/bmp5.c **** {
 760:Core/Src/bmp5/bmp5.c ****     /* Variable to store the function result */
 761:Core/Src/bmp5/bmp5.c ****     int8_t rslt;
 762:Core/Src/bmp5/bmp5.c **** 
 763:Core/Src/bmp5/bmp5.c ****     /* Variable to store OSR and ODR config */
 764:Core/Src/bmp5/bmp5.c ****     uint8_t reg_data[2];
 765:Core/Src/bmp5/bmp5.c **** 
 766:Core/Src/bmp5/bmp5.c ****     if (osr_odr_press_cfg != NULL)
 767:Core/Src/bmp5/bmp5.c ****     {
 768:Core/Src/bmp5/bmp5.c ****         /* Get OSR and ODR configuration in burst read */
 769:Core/Src/bmp5/bmp5.c ****         rslt = bmp5_get_regs(BMP5_REG_OSR_CONFIG, reg_data, 2, dev);
 770:Core/Src/bmp5/bmp5.c **** 
 771:Core/Src/bmp5/bmp5.c ****         if (rslt == BMP5_OK)
 772:Core/Src/bmp5/bmp5.c ****         {
ARM GAS  C:\Users\jason\AppData\Local\Temp\ccKYcdsQ.s 			page 15


 773:Core/Src/bmp5/bmp5.c ****             osr_odr_press_cfg->osr_t = BMP5_GET_BITS_POS_0(reg_data[0], BMP5_TEMP_OS);
 774:Core/Src/bmp5/bmp5.c ****             osr_odr_press_cfg->osr_p = BMP5_GET_BITSLICE(reg_data[0], BMP5_PRESS_OS);
 775:Core/Src/bmp5/bmp5.c ****             osr_odr_press_cfg->press_en = BMP5_GET_BITSLICE(reg_data[0], BMP5_PRESS_EN);
 776:Core/Src/bmp5/bmp5.c ****             osr_odr_press_cfg->odr = BMP5_GET_BITSLICE(reg_data[1], BMP5_ODR);
 777:Core/Src/bmp5/bmp5.c ****         }
 778:Core/Src/bmp5/bmp5.c ****     }
 779:Core/Src/bmp5/bmp5.c ****     else
 780:Core/Src/bmp5/bmp5.c ****     {
 781:Core/Src/bmp5/bmp5.c ****         rslt = BMP5_E_NULL_PTR;
 782:Core/Src/bmp5/bmp5.c ****     }
 783:Core/Src/bmp5/bmp5.c **** 
 784:Core/Src/bmp5/bmp5.c ****     return rslt;
 785:Core/Src/bmp5/bmp5.c **** }
 786:Core/Src/bmp5/bmp5.c **** 
 787:Core/Src/bmp5/bmp5.c **** /*!
 788:Core/Src/bmp5/bmp5.c ****  *  @brief This API sets the configuration for oversampling temperature, oversampling of
 789:Core/Src/bmp5/bmp5.c ****  *  pressure and ODR configuration along with pressure enable.
 790:Core/Src/bmp5/bmp5.c ****  *
 791:Core/Src/bmp5/bmp5.c ****  *  @note If ODR is set to a value higher than 5Hz then powermode is set as standby mode, as ODR va
 792:Core/Src/bmp5/bmp5.c ****  *  without disabling deep-standby mode makes powermode invalid.
 793:Core/Src/bmp5/bmp5.c ****  */
 794:Core/Src/bmp5/bmp5.c **** int8_t bmp5_set_osr_odr_press_config(const struct bmp5_osr_odr_press_config *osr_odr_press_cfg, bmp
 795:Core/Src/bmp5/bmp5.c **** {
 796:Core/Src/bmp5/bmp5.c ****     /* Variable to store the function result */
 797:Core/Src/bmp5/bmp5.c ****     int8_t rslt = 0;
 798:Core/Src/bmp5/bmp5.c **** 
 799:Core/Src/bmp5/bmp5.c ****     /* Variable to set ODR and OSR config */
 800:Core/Src/bmp5/bmp5.c ****     uint8_t reg_data[2] = { 0 };
 801:Core/Src/bmp5/bmp5.c **** 
 802:Core/Src/bmp5/bmp5.c ****     if (osr_odr_press_cfg != NULL)
 803:Core/Src/bmp5/bmp5.c ****     {
 804:Core/Src/bmp5/bmp5.c ****         /* If ODR is set to a value higher than 5Hz then powermode is set as standby mode, as ODR v
 805:Core/Src/bmp5/bmp5.c ****          * without disabling deep-standby mode makes powermode invalid.
 806:Core/Src/bmp5/bmp5.c ****          * NOTE: Register value for 5Hz is greater compared to ODRs higher than it. Thus in this be
 807:Core/Src/bmp5/bmp5.c ****          * is checked whether less than 5Hz macro.
 808:Core/Src/bmp5/bmp5.c ****          */
 809:Core/Src/bmp5/bmp5.c ****         if (osr_odr_press_cfg->odr < BMP5_ODR_05_HZ)
 810:Core/Src/bmp5/bmp5.c ****         {
 811:Core/Src/bmp5/bmp5.c ****             rslt = set_standby_mode(dev);
 812:Core/Src/bmp5/bmp5.c ****         }
 813:Core/Src/bmp5/bmp5.c **** 
 814:Core/Src/bmp5/bmp5.c ****         if (rslt == BMP5_OK)
 815:Core/Src/bmp5/bmp5.c ****         {
 816:Core/Src/bmp5/bmp5.c ****             rslt = bmp5_get_regs(BMP5_REG_OSR_CONFIG, reg_data, 2, dev);
 817:Core/Src/bmp5/bmp5.c **** 
 818:Core/Src/bmp5/bmp5.c ****             if (rslt == BMP5_OK)
 819:Core/Src/bmp5/bmp5.c ****             {
 820:Core/Src/bmp5/bmp5.c ****                 reg_data[0] = BMP5_SET_BITS_POS_0(reg_data[0], BMP5_TEMP_OS, osr_odr_press_cfg->osr
 821:Core/Src/bmp5/bmp5.c ****                 reg_data[0] = BMP5_SET_BITSLICE(reg_data[0], BMP5_PRESS_OS, osr_odr_press_cfg->osr_
 822:Core/Src/bmp5/bmp5.c ****                 reg_data[0] = BMP5_SET_BITSLICE(reg_data[0], BMP5_PRESS_EN, osr_odr_press_cfg->pres
 823:Core/Src/bmp5/bmp5.c ****                 reg_data[1] = BMP5_SET_BITSLICE(reg_data[1], BMP5_ODR, osr_odr_press_cfg->odr);
 824:Core/Src/bmp5/bmp5.c **** 
 825:Core/Src/bmp5/bmp5.c ****                 /* Set ODR and OSR configuration */
 826:Core/Src/bmp5/bmp5.c ****                 rslt = bmp5_set_regs(BMP5_REG_OSR_CONFIG, reg_data, 2, dev);
 827:Core/Src/bmp5/bmp5.c ****             }
 828:Core/Src/bmp5/bmp5.c ****         }
 829:Core/Src/bmp5/bmp5.c ****     }
ARM GAS  C:\Users\jason\AppData\Local\Temp\ccKYcdsQ.s 			page 16


 830:Core/Src/bmp5/bmp5.c ****     else
 831:Core/Src/bmp5/bmp5.c ****     {
 832:Core/Src/bmp5/bmp5.c ****         rslt = BMP5_E_NULL_PTR;
 833:Core/Src/bmp5/bmp5.c ****     }
 834:Core/Src/bmp5/bmp5.c **** 
 835:Core/Src/bmp5/bmp5.c ****     return rslt;
 836:Core/Src/bmp5/bmp5.c **** }
 837:Core/Src/bmp5/bmp5.c **** 
 838:Core/Src/bmp5/bmp5.c **** /*!
 839:Core/Src/bmp5/bmp5.c ****  *  @brief This API gets the configuration for IIR of temperature and pressure.
 840:Core/Src/bmp5/bmp5.c ****  */
 841:Core/Src/bmp5/bmp5.c **** int8_t bmp5_get_iir_config(struct bmp5_iir_config *iir_cfg, bmp5_dev *dev)
 842:Core/Src/bmp5/bmp5.c **** {
 843:Core/Src/bmp5/bmp5.c ****     /* Variable to store the function result */
 844:Core/Src/bmp5/bmp5.c ****     int8_t rslt;
 845:Core/Src/bmp5/bmp5.c **** 
 846:Core/Src/bmp5/bmp5.c ****     /* Variable to get IIR config */
 847:Core/Src/bmp5/bmp5.c ****     uint8_t reg_data[2];
 848:Core/Src/bmp5/bmp5.c **** 
 849:Core/Src/bmp5/bmp5.c ****     if (iir_cfg != NULL)
 850:Core/Src/bmp5/bmp5.c ****     {
 851:Core/Src/bmp5/bmp5.c ****         /* Get IIR configuration */
 852:Core/Src/bmp5/bmp5.c ****         rslt = bmp5_get_regs(BMP5_REG_DSP_CONFIG, reg_data, 2, dev);
 853:Core/Src/bmp5/bmp5.c **** 
 854:Core/Src/bmp5/bmp5.c ****         iir_cfg->shdw_set_iir_t = BMP5_GET_BITSLICE(reg_data[0], BMP5_SHDW_SET_IIR_TEMP);
 855:Core/Src/bmp5/bmp5.c ****         iir_cfg->shdw_set_iir_p = BMP5_GET_BITSLICE(reg_data[0], BMP5_SHDW_SET_IIR_PRESS);
 856:Core/Src/bmp5/bmp5.c ****         iir_cfg->iir_flush_forced_en = BMP5_GET_BITSLICE(reg_data[0], BMP5_IIR_FLUSH_FORCED_EN);
 857:Core/Src/bmp5/bmp5.c **** 
 858:Core/Src/bmp5/bmp5.c ****         iir_cfg->set_iir_t = BMP5_GET_BITS_POS_0(reg_data[1], BMP5_SET_IIR_TEMP);
 859:Core/Src/bmp5/bmp5.c ****         iir_cfg->set_iir_p = BMP5_GET_BITSLICE(reg_data[1], BMP5_SET_IIR_PRESS);
 860:Core/Src/bmp5/bmp5.c ****     }
 861:Core/Src/bmp5/bmp5.c ****     else
 862:Core/Src/bmp5/bmp5.c ****     {
 863:Core/Src/bmp5/bmp5.c ****         rslt = BMP5_E_NULL_PTR;
 864:Core/Src/bmp5/bmp5.c ****     }
 865:Core/Src/bmp5/bmp5.c **** 
 866:Core/Src/bmp5/bmp5.c ****     return rslt;
 867:Core/Src/bmp5/bmp5.c **** }
 868:Core/Src/bmp5/bmp5.c **** 
 869:Core/Src/bmp5/bmp5.c **** /*!
 870:Core/Src/bmp5/bmp5.c ****  *  @brief This API sets the configuration for IIR of temperature and pressure.
 871:Core/Src/bmp5/bmp5.c ****  *
 872:Core/Src/bmp5/bmp5.c ****  *  @note If IIR value for both temperature and pressure is set a value other than bypass then powe
 873:Core/Src/bmp5/bmp5.c ****  *  as standby mode, as IIR with value other than bypass without disabling deep-standby mode makes 
 874:Core/Src/bmp5/bmp5.c ****  */
 875:Core/Src/bmp5/bmp5.c **** int8_t bmp5_set_iir_config(const struct bmp5_iir_config *iir_cfg, bmp5_dev *dev)
 876:Core/Src/bmp5/bmp5.c **** {
 877:Core/Src/bmp5/bmp5.c ****     /* Variable to store the function result */
 878:Core/Src/bmp5/bmp5.c ****     int8_t rslt = 0;
 879:Core/Src/bmp5/bmp5.c **** 
 880:Core/Src/bmp5/bmp5.c ****     /* Variable to store existing powermode */
 881:Core/Src/bmp5/bmp5.c ****     enum bmp5_powermode curr_pwrmode;
 882:Core/Src/bmp5/bmp5.c **** 
 883:Core/Src/bmp5/bmp5.c ****     if (iir_cfg != NULL)
 884:Core/Src/bmp5/bmp5.c ****     {
 885:Core/Src/bmp5/bmp5.c ****         /* If IIR value for both temperature and pressure is set a value other than bypass then pow
 886:Core/Src/bmp5/bmp5.c ****          * as standby mode, as IIR with value other than bypass without disabling deep-standby mode
ARM GAS  C:\Users\jason\AppData\Local\Temp\ccKYcdsQ.s 			page 17


 887:Core/Src/bmp5/bmp5.c ****          * invalid.
 888:Core/Src/bmp5/bmp5.c ****          */
 889:Core/Src/bmp5/bmp5.c ****         if ((iir_cfg->set_iir_t != BMP5_IIR_FILTER_BYPASS) || (iir_cfg->set_iir_p != BMP5_IIR_FILTE
 890:Core/Src/bmp5/bmp5.c ****         {
 891:Core/Src/bmp5/bmp5.c ****             rslt = set_standby_mode(dev);
 892:Core/Src/bmp5/bmp5.c ****         }
 893:Core/Src/bmp5/bmp5.c **** 
 894:Core/Src/bmp5/bmp5.c ****         if (rslt == BMP5_OK)
 895:Core/Src/bmp5/bmp5.c ****         {
 896:Core/Src/bmp5/bmp5.c ****             rslt = bmp5_get_power_mode(&curr_pwrmode, dev);
 897:Core/Src/bmp5/bmp5.c **** 
 898:Core/Src/bmp5/bmp5.c ****             if (rslt == BMP5_OK)
 899:Core/Src/bmp5/bmp5.c ****             {
 900:Core/Src/bmp5/bmp5.c ****                 /* IIR configuration is writable only during STANDBY mode(as per datasheet) */
 901:Core/Src/bmp5/bmp5.c ****                 if (curr_pwrmode != BMP5_POWERMODE_STANDBY)
 902:Core/Src/bmp5/bmp5.c ****                 {
 903:Core/Src/bmp5/bmp5.c ****                     /* If sensor is not in standby mode, set sensor in standby mode */
 904:Core/Src/bmp5/bmp5.c ****                     rslt = bmp5_set_power_mode(BMP5_POWERMODE_STANDBY, dev);
 905:Core/Src/bmp5/bmp5.c ****                 }
 906:Core/Src/bmp5/bmp5.c **** 
 907:Core/Src/bmp5/bmp5.c ****                 if (rslt == BMP5_OK)
 908:Core/Src/bmp5/bmp5.c ****                 {
 909:Core/Src/bmp5/bmp5.c ****                     rslt = set_iir_config(iir_cfg, dev);
 910:Core/Src/bmp5/bmp5.c ****                 }
 911:Core/Src/bmp5/bmp5.c **** 
 912:Core/Src/bmp5/bmp5.c ****                 /* If previous mode is not standbymode return sensor to that previous mode
 913:Core/Src/bmp5/bmp5.c ****                 * after setting iir configuration
 914:Core/Src/bmp5/bmp5.c ****                 */
 915:Core/Src/bmp5/bmp5.c ****                 if (rslt == BMP5_OK)
 916:Core/Src/bmp5/bmp5.c ****                 {
 917:Core/Src/bmp5/bmp5.c ****                     /* Since IIR works only in standby mode we are not re-writing to deepstandby mo
 918:Core/Src/bmp5/bmp5.c ****                     * as deep standby mode resets the IIR settings to default
 919:Core/Src/bmp5/bmp5.c ****                     */
 920:Core/Src/bmp5/bmp5.c ****                     if ((curr_pwrmode != BMP5_POWERMODE_STANDBY) && (curr_pwrmode != BMP5_POWERMODE
 921:Core/Src/bmp5/bmp5.c ****                     {
 922:Core/Src/bmp5/bmp5.c ****                         rslt = bmp5_set_power_mode(curr_pwrmode, dev);
 923:Core/Src/bmp5/bmp5.c ****                     }
 924:Core/Src/bmp5/bmp5.c ****                 }
 925:Core/Src/bmp5/bmp5.c ****             }
 926:Core/Src/bmp5/bmp5.c ****         }
 927:Core/Src/bmp5/bmp5.c ****     }
 928:Core/Src/bmp5/bmp5.c ****     else
 929:Core/Src/bmp5/bmp5.c ****     {
 930:Core/Src/bmp5/bmp5.c ****         rslt = BMP5_E_NULL_PTR;
 931:Core/Src/bmp5/bmp5.c ****     }
 932:Core/Src/bmp5/bmp5.c **** 
 933:Core/Src/bmp5/bmp5.c ****     return rslt;
 934:Core/Src/bmp5/bmp5.c **** }
 935:Core/Src/bmp5/bmp5.c **** 
 936:Core/Src/bmp5/bmp5.c **** /*!
 937:Core/Src/bmp5/bmp5.c ****  *  @brief This API gets the configuration for effective OSR of temperature,
 938:Core/Src/bmp5/bmp5.c ****  *  effective OSR of pressure and ODR valid status.
 939:Core/Src/bmp5/bmp5.c ****  */
 940:Core/Src/bmp5/bmp5.c **** int8_t bmp5_get_osr_odr_eff(struct bmp5_osr_odr_eff *osr_odr_eff, bmp5_dev *dev)
 941:Core/Src/bmp5/bmp5.c **** {
 942:Core/Src/bmp5/bmp5.c ****     /* Variable to store the function result */
 943:Core/Src/bmp5/bmp5.c ****     int8_t rslt;
ARM GAS  C:\Users\jason\AppData\Local\Temp\ccKYcdsQ.s 			page 18


 944:Core/Src/bmp5/bmp5.c **** 
 945:Core/Src/bmp5/bmp5.c ****     /* Variable to store effective OSR */
 946:Core/Src/bmp5/bmp5.c ****     uint8_t reg_data;
 947:Core/Src/bmp5/bmp5.c **** 
 948:Core/Src/bmp5/bmp5.c ****     if (osr_odr_eff != NULL)
 949:Core/Src/bmp5/bmp5.c ****     {
 950:Core/Src/bmp5/bmp5.c ****         /* Get effective OSR configuration and ODR valid status */
 951:Core/Src/bmp5/bmp5.c ****         rslt = bmp5_get_regs(BMP5_REG_OSR_EFF, &reg_data, 1, dev);
 952:Core/Src/bmp5/bmp5.c **** 
 953:Core/Src/bmp5/bmp5.c ****         if (rslt == BMP5_OK)
 954:Core/Src/bmp5/bmp5.c ****         {
 955:Core/Src/bmp5/bmp5.c ****             osr_odr_eff->osr_t_eff = BMP5_GET_BITS_POS_0(reg_data, BMP5_OSR_TEMP_EFF);
 956:Core/Src/bmp5/bmp5.c ****             osr_odr_eff->osr_p_eff = BMP5_GET_BITSLICE(reg_data, BMP5_OSR_PRESS_EFF);
 957:Core/Src/bmp5/bmp5.c ****             osr_odr_eff->odr_is_valid = BMP5_GET_BITSLICE(reg_data, BMP5_ODR_IS_VALID);
 958:Core/Src/bmp5/bmp5.c ****         }
 959:Core/Src/bmp5/bmp5.c ****     }
 960:Core/Src/bmp5/bmp5.c ****     else
 961:Core/Src/bmp5/bmp5.c ****     {
 962:Core/Src/bmp5/bmp5.c ****         rslt = BMP5_E_NULL_PTR;
 963:Core/Src/bmp5/bmp5.c ****     }
 964:Core/Src/bmp5/bmp5.c **** 
 965:Core/Src/bmp5/bmp5.c ****     return rslt;
 966:Core/Src/bmp5/bmp5.c **** }
 967:Core/Src/bmp5/bmp5.c **** 
 968:Core/Src/bmp5/bmp5.c **** /*!
 969:Core/Src/bmp5/bmp5.c ****  *  @brief This API used to get the configurations of fifo from the sensor.
 970:Core/Src/bmp5/bmp5.c ****  */
 971:Core/Src/bmp5/bmp5.c **** int8_t bmp5_get_fifo_configuration(struct bmp5_fifo *fifo, bmp5_dev *dev)
 972:Core/Src/bmp5/bmp5.c **** {
 973:Core/Src/bmp5/bmp5.c ****     int8_t rslt = 0;
 974:Core/Src/bmp5/bmp5.c ****     uint8_t reg_data;
 975:Core/Src/bmp5/bmp5.c **** 
 976:Core/Src/bmp5/bmp5.c ****     if (fifo != NULL)
 977:Core/Src/bmp5/bmp5.c ****     {
 978:Core/Src/bmp5/bmp5.c ****         /* Get the fifo congifurations */
 979:Core/Src/bmp5/bmp5.c ****         rslt = bmp5_get_regs(BMP5_REG_FIFO_CONFIG, &reg_data, 1, dev);
 980:Core/Src/bmp5/bmp5.c **** 
 981:Core/Src/bmp5/bmp5.c ****         if (rslt == BMP5_OK)
 982:Core/Src/bmp5/bmp5.c ****         {
 983:Core/Src/bmp5/bmp5.c ****             fifo->threshold = BMP5_GET_BITS_POS_0(reg_data, BMP5_FIFO_THRESHOLD);
 984:Core/Src/bmp5/bmp5.c ****             fifo->mode = BMP5_GET_BITSLICE(reg_data, BMP5_FIFO_MODE);
 985:Core/Src/bmp5/bmp5.c **** 
 986:Core/Src/bmp5/bmp5.c ****             rslt = bmp5_get_regs(BMP5_REG_FIFO_SEL, &reg_data, 1, dev);
 987:Core/Src/bmp5/bmp5.c **** 
 988:Core/Src/bmp5/bmp5.c ****             if (rslt == BMP5_OK)
 989:Core/Src/bmp5/bmp5.c ****             {
 990:Core/Src/bmp5/bmp5.c ****                 fifo->frame_sel = BMP5_GET_BITS_POS_0(reg_data, BMP5_FIFO_FRAME_SEL);
 991:Core/Src/bmp5/bmp5.c ****                 fifo->dec_sel = BMP5_GET_BITSLICE(reg_data, BMP5_FIFO_DEC_SEL);
 992:Core/Src/bmp5/bmp5.c ****             }
 993:Core/Src/bmp5/bmp5.c ****         }
 994:Core/Src/bmp5/bmp5.c **** 
 995:Core/Src/bmp5/bmp5.c ****         if (rslt == BMP5_OK)
 996:Core/Src/bmp5/bmp5.c ****         {
 997:Core/Src/bmp5/bmp5.c ****             rslt = bmp5_get_regs(BMP5_REG_DSP_CONFIG, &reg_data, 1, dev);
 998:Core/Src/bmp5/bmp5.c **** 
 999:Core/Src/bmp5/bmp5.c ****             if (rslt == BMP5_OK)
1000:Core/Src/bmp5/bmp5.c ****             {
ARM GAS  C:\Users\jason\AppData\Local\Temp\ccKYcdsQ.s 			page 19


1001:Core/Src/bmp5/bmp5.c ****                 fifo->set_fifo_iir_t = BMP5_GET_BITSLICE(reg_data, BMP5_SET_FIFO_IIR_TEMP);
1002:Core/Src/bmp5/bmp5.c ****                 fifo->set_fifo_iir_p = BMP5_GET_BITSLICE(reg_data, BMP5_SET_FIFO_IIR_PRESS);
1003:Core/Src/bmp5/bmp5.c ****             }
1004:Core/Src/bmp5/bmp5.c ****         }
1005:Core/Src/bmp5/bmp5.c ****     }
1006:Core/Src/bmp5/bmp5.c ****     else
1007:Core/Src/bmp5/bmp5.c ****     {
1008:Core/Src/bmp5/bmp5.c ****         rslt = BMP5_E_NULL_PTR;
1009:Core/Src/bmp5/bmp5.c ****     }
1010:Core/Src/bmp5/bmp5.c **** 
1011:Core/Src/bmp5/bmp5.c ****     return rslt;
1012:Core/Src/bmp5/bmp5.c **** }
1013:Core/Src/bmp5/bmp5.c **** 
1014:Core/Src/bmp5/bmp5.c **** /*!
1015:Core/Src/bmp5/bmp5.c ****  *  @brief This API used to set the configurations of fifo in the sensor.
1016:Core/Src/bmp5/bmp5.c ****  *
1017:Core/Src/bmp5/bmp5.c ****  *  @note If Fifo frame selection is enabled then powermode is set as standby mode, as fifo frame s
1018:Core/Src/bmp5/bmp5.c ****  *  enabled without disabling deep-standby mode makes powermode invalid.
1019:Core/Src/bmp5/bmp5.c ****  */
1020:Core/Src/bmp5/bmp5.c **** int8_t bmp5_set_fifo_configuration(const struct bmp5_fifo *fifo, bmp5_dev *dev)
1021:Core/Src/bmp5/bmp5.c **** {
1022:Core/Src/bmp5/bmp5.c ****     int8_t rslt = 0;
1023:Core/Src/bmp5/bmp5.c ****     uint8_t reg_data;
1024:Core/Src/bmp5/bmp5.c ****     uint8_t set_fifo_iir_t, set_fifo_iit_p;
1025:Core/Src/bmp5/bmp5.c **** 
1026:Core/Src/bmp5/bmp5.c ****     if (fifo != NULL)
1027:Core/Src/bmp5/bmp5.c ****     {
1028:Core/Src/bmp5/bmp5.c ****         /* If Fifo frame selection is enabled then powermode is set as standby mode, as fifo frame 
1029:Core/Src/bmp5/bmp5.c ****          * enabled without disabling deep-standby mode makes powermode invalid.
1030:Core/Src/bmp5/bmp5.c ****          */
1031:Core/Src/bmp5/bmp5.c ****         if (fifo->frame_sel != BMP5_DISABLE)
1032:Core/Src/bmp5/bmp5.c ****         {
1033:Core/Src/bmp5/bmp5.c ****             rslt = set_standby_mode(dev);
1034:Core/Src/bmp5/bmp5.c ****         }
1035:Core/Src/bmp5/bmp5.c **** 
1036:Core/Src/bmp5/bmp5.c ****         if (rslt == BMP5_OK)
1037:Core/Src/bmp5/bmp5.c ****         {
1038:Core/Src/bmp5/bmp5.c ****             set_fifo_iir_t = fifo->set_fifo_iir_t;
1039:Core/Src/bmp5/bmp5.c ****             set_fifo_iit_p = fifo->set_fifo_iir_p;
1040:Core/Src/bmp5/bmp5.c **** 
1041:Core/Src/bmp5/bmp5.c ****             rslt = set_fifo_iir_config(set_fifo_iir_t, set_fifo_iit_p, dev);
1042:Core/Src/bmp5/bmp5.c **** 
1043:Core/Src/bmp5/bmp5.c ****             if (rslt == BMP5_OK)
1044:Core/Src/bmp5/bmp5.c ****             {
1045:Core/Src/bmp5/bmp5.c ****                 /* Get the fifo congifurations */
1046:Core/Src/bmp5/bmp5.c ****                 rslt = bmp5_get_regs(BMP5_REG_FIFO_CONFIG, &reg_data, 1, dev);
1047:Core/Src/bmp5/bmp5.c **** 
1048:Core/Src/bmp5/bmp5.c ****                 if (rslt == BMP5_OK)
1049:Core/Src/bmp5/bmp5.c ****                 {
1050:Core/Src/bmp5/bmp5.c ****                     reg_data = BMP5_SET_BITSLICE(reg_data, BMP5_FIFO_MODE, fifo->mode);
1051:Core/Src/bmp5/bmp5.c **** 
1052:Core/Src/bmp5/bmp5.c ****                     rslt = set_fifo_threshold(&reg_data, fifo);
1053:Core/Src/bmp5/bmp5.c ****                 }
1054:Core/Src/bmp5/bmp5.c **** 
1055:Core/Src/bmp5/bmp5.c ****                 if (rslt == BMP5_OK)
1056:Core/Src/bmp5/bmp5.c ****                 {
1057:Core/Src/bmp5/bmp5.c ****                     /* Set the fifo congifurations */
ARM GAS  C:\Users\jason\AppData\Local\Temp\ccKYcdsQ.s 			page 20


1058:Core/Src/bmp5/bmp5.c ****                     rslt = bmp5_set_regs(BMP5_REG_FIFO_CONFIG, &reg_data, 1, dev);
1059:Core/Src/bmp5/bmp5.c ****                 }
1060:Core/Src/bmp5/bmp5.c **** 
1061:Core/Src/bmp5/bmp5.c ****                 if (rslt == BMP5_OK)
1062:Core/Src/bmp5/bmp5.c ****                 {
1063:Core/Src/bmp5/bmp5.c ****                     rslt = bmp5_get_regs(BMP5_REG_FIFO_SEL, &reg_data, 1, dev);
1064:Core/Src/bmp5/bmp5.c ****                 }
1065:Core/Src/bmp5/bmp5.c **** 
1066:Core/Src/bmp5/bmp5.c ****                 if (rslt == BMP5_OK)
1067:Core/Src/bmp5/bmp5.c ****                 {
1068:Core/Src/bmp5/bmp5.c ****                     reg_data = BMP5_SET_BITS_POS_0(reg_data, BMP5_FIFO_FRAME_SEL, fifo->frame_sel);
1069:Core/Src/bmp5/bmp5.c ****                     reg_data = BMP5_SET_BITSLICE(reg_data, BMP5_FIFO_DEC_SEL, fifo->dec_sel);
1070:Core/Src/bmp5/bmp5.c ****                 }
1071:Core/Src/bmp5/bmp5.c **** 
1072:Core/Src/bmp5/bmp5.c ****                 if (rslt == BMP5_OK)
1073:Core/Src/bmp5/bmp5.c ****                 {
1074:Core/Src/bmp5/bmp5.c ****                     /* Set the fifo congifurations */
1075:Core/Src/bmp5/bmp5.c ****                     rslt = bmp5_set_regs(BMP5_REG_FIFO_SEL, &reg_data, 1, dev);
1076:Core/Src/bmp5/bmp5.c ****                 }
1077:Core/Src/bmp5/bmp5.c ****             }
1078:Core/Src/bmp5/bmp5.c ****         }
1079:Core/Src/bmp5/bmp5.c ****     }
1080:Core/Src/bmp5/bmp5.c ****     else
1081:Core/Src/bmp5/bmp5.c ****     {
1082:Core/Src/bmp5/bmp5.c ****         rslt = BMP5_E_NULL_PTR;
1083:Core/Src/bmp5/bmp5.c ****     }
1084:Core/Src/bmp5/bmp5.c **** 
1085:Core/Src/bmp5/bmp5.c ****     return rslt;
1086:Core/Src/bmp5/bmp5.c **** }
1087:Core/Src/bmp5/bmp5.c **** 
1088:Core/Src/bmp5/bmp5.c **** /*!
1089:Core/Src/bmp5/bmp5.c ****  *  @brief This API is used to get the length of fifo from the sensor.
1090:Core/Src/bmp5/bmp5.c ****  */
1091:Core/Src/bmp5/bmp5.c **** int8_t bmp5_get_fifo_len(uint16_t *fifo_len, struct bmp5_fifo *fifo, bmp5_dev *dev)
1092:Core/Src/bmp5/bmp5.c **** {
1093:Core/Src/bmp5/bmp5.c ****     int8_t rslt;
1094:Core/Src/bmp5/bmp5.c ****     uint8_t reg_data;
1095:Core/Src/bmp5/bmp5.c **** 
1096:Core/Src/bmp5/bmp5.c ****     if ((fifo != NULL) && (fifo_len != NULL))
1097:Core/Src/bmp5/bmp5.c ****     {
1098:Core/Src/bmp5/bmp5.c ****         /* Get the fifo frame count */
1099:Core/Src/bmp5/bmp5.c ****         rslt = bmp5_get_regs(BMP5_REG_FIFO_COUNT, &reg_data, 1, dev);
1100:Core/Src/bmp5/bmp5.c **** 
1101:Core/Src/bmp5/bmp5.c ****         if (rslt == BMP5_OK)
1102:Core/Src/bmp5/bmp5.c ****         {
1103:Core/Src/bmp5/bmp5.c ****             fifo->fifo_count = BMP5_GET_BITS_POS_0(reg_data, BMP5_FIFO_COUNT);
1104:Core/Src/bmp5/bmp5.c **** 
1105:Core/Src/bmp5/bmp5.c ****             if ((fifo->frame_sel == BMP5_FIFO_TEMPERATURE_DATA) || (fifo->frame_sel == BMP5_FIFO_PR
1106:Core/Src/bmp5/bmp5.c ****             {
1107:Core/Src/bmp5/bmp5.c ****                 /* Maximum of 32 frames if either one of temperature or pressure is selected
1108:Core/Src/bmp5/bmp5.c ****                  * and each frame comprises of 3 bytes of data
1109:Core/Src/bmp5/bmp5.c ****                  */
1110:Core/Src/bmp5/bmp5.c ****                 *fifo_len = fifo->fifo_count * 3;
1111:Core/Src/bmp5/bmp5.c ****             }
1112:Core/Src/bmp5/bmp5.c ****             else if (fifo->frame_sel == BMP5_FIFO_PRESS_TEMP_DATA)
1113:Core/Src/bmp5/bmp5.c ****             {
1114:Core/Src/bmp5/bmp5.c ****                 /* Maximum of 16 frames if both temperature and pressure is selected
ARM GAS  C:\Users\jason\AppData\Local\Temp\ccKYcdsQ.s 			page 21


1115:Core/Src/bmp5/bmp5.c ****                  * and each frame comprises of 6 bytes of data
1116:Core/Src/bmp5/bmp5.c ****                  */
1117:Core/Src/bmp5/bmp5.c ****                 *fifo_len = fifo->fifo_count * 6;
1118:Core/Src/bmp5/bmp5.c ****             }
1119:Core/Src/bmp5/bmp5.c ****         }
1120:Core/Src/bmp5/bmp5.c ****     }
1121:Core/Src/bmp5/bmp5.c ****     else
1122:Core/Src/bmp5/bmp5.c ****     {
1123:Core/Src/bmp5/bmp5.c ****         rslt = BMP5_E_NULL_PTR;
1124:Core/Src/bmp5/bmp5.c ****     }
1125:Core/Src/bmp5/bmp5.c **** 
1126:Core/Src/bmp5/bmp5.c ****     return rslt;
1127:Core/Src/bmp5/bmp5.c **** }
1128:Core/Src/bmp5/bmp5.c **** 
1129:Core/Src/bmp5/bmp5.c **** /*!
1130:Core/Src/bmp5/bmp5.c ****  *  @brief This API is used to get the fifo data from the sensor.
1131:Core/Src/bmp5/bmp5.c ****  */
1132:Core/Src/bmp5/bmp5.c **** int8_t bmp5_get_fifo_data(struct bmp5_fifo *fifo, bmp5_dev *dev)
1133:Core/Src/bmp5/bmp5.c **** {
1134:Core/Src/bmp5/bmp5.c ****     int8_t rslt;
1135:Core/Src/bmp5/bmp5.c ****     uint16_t fifo_len;
1136:Core/Src/bmp5/bmp5.c **** 
1137:Core/Src/bmp5/bmp5.c ****     if (fifo != NULL)
1138:Core/Src/bmp5/bmp5.c ****     {
1139:Core/Src/bmp5/bmp5.c ****         /* Get the fifo length */
1140:Core/Src/bmp5/bmp5.c ****         rslt = bmp5_get_fifo_len(&fifo_len, fifo, dev);
1141:Core/Src/bmp5/bmp5.c **** 
1142:Core/Src/bmp5/bmp5.c ****         if (rslt == BMP5_OK)
1143:Core/Src/bmp5/bmp5.c ****         {
1144:Core/Src/bmp5/bmp5.c ****             if (fifo->length > fifo_len)
1145:Core/Src/bmp5/bmp5.c ****             {
1146:Core/Src/bmp5/bmp5.c ****                 fifo->length = fifo_len;
1147:Core/Src/bmp5/bmp5.c ****             }
1148:Core/Src/bmp5/bmp5.c **** 
1149:Core/Src/bmp5/bmp5.c ****             /* Read the fifo data */
1150:Core/Src/bmp5/bmp5.c ****             rslt = bmp5_get_regs(BMP5_REG_FIFO_DATA, fifo->data, fifo->length, dev);
1151:Core/Src/bmp5/bmp5.c ****         }
1152:Core/Src/bmp5/bmp5.c ****     }
1153:Core/Src/bmp5/bmp5.c ****     else
1154:Core/Src/bmp5/bmp5.c ****     {
1155:Core/Src/bmp5/bmp5.c ****         rslt = BMP5_E_NULL_PTR;
1156:Core/Src/bmp5/bmp5.c ****     }
1157:Core/Src/bmp5/bmp5.c **** 
1158:Core/Src/bmp5/bmp5.c ****     return rslt;
1159:Core/Src/bmp5/bmp5.c **** }
1160:Core/Src/bmp5/bmp5.c **** 
1161:Core/Src/bmp5/bmp5.c **** /*!
1162:Core/Src/bmp5/bmp5.c ****  *  @brief This API extract the temperature and/or pressure data from the fifo data which is
1163:Core/Src/bmp5/bmp5.c ****  *  already read from the fifo.
1164:Core/Src/bmp5/bmp5.c ****  */
1165:Core/Src/bmp5/bmp5.c **** int8_t bmp5_extract_fifo_data(const struct bmp5_fifo *fifo, struct bmp5_sensor_data *sensor_data)
1166:Core/Src/bmp5/bmp5.c **** {
1167:Core/Src/bmp5/bmp5.c ****     int8_t rslt = 0;
1168:Core/Src/bmp5/bmp5.c ****     uint8_t idx = 0;
1169:Core/Src/bmp5/bmp5.c ****     uint16_t data_indx;
1170:Core/Src/bmp5/bmp5.c **** 
1171:Core/Src/bmp5/bmp5.c ****     /* Proceed if null check is fine */
ARM GAS  C:\Users\jason\AppData\Local\Temp\ccKYcdsQ.s 			page 22


1172:Core/Src/bmp5/bmp5.c ****     if ((fifo != NULL) && (sensor_data != NULL))
1173:Core/Src/bmp5/bmp5.c ****     {
1174:Core/Src/bmp5/bmp5.c ****         for (data_indx = 0; (data_indx < fifo->length) && (rslt != BMP5_E_FIFO_FRAME_EMPTY);)
1175:Core/Src/bmp5/bmp5.c ****         {
1176:Core/Src/bmp5/bmp5.c ****             /* Inside unpack_sensor_data function, data_index is incremented */
1177:Core/Src/bmp5/bmp5.c ****             rslt = unpack_sensor_data(&sensor_data[idx], &data_indx, fifo);
1178:Core/Src/bmp5/bmp5.c ****             idx++;
1179:Core/Src/bmp5/bmp5.c ****         }
1180:Core/Src/bmp5/bmp5.c ****     }
1181:Core/Src/bmp5/bmp5.c ****     else
1182:Core/Src/bmp5/bmp5.c ****     {
1183:Core/Src/bmp5/bmp5.c ****         rslt = BMP5_E_NULL_PTR;
1184:Core/Src/bmp5/bmp5.c ****     }
1185:Core/Src/bmp5/bmp5.c **** 
1186:Core/Src/bmp5/bmp5.c ****     return rslt;
1187:Core/Src/bmp5/bmp5.c **** }
1188:Core/Src/bmp5/bmp5.c **** 
1189:Core/Src/bmp5/bmp5.c **** /*!
1190:Core/Src/bmp5/bmp5.c ****  *  @brief This API gets the configuration for out-of-range pressure threshold, range
1191:Core/Src/bmp5/bmp5.c ****  *  count limit and IIR.
1192:Core/Src/bmp5/bmp5.c ****  */
1193:Core/Src/bmp5/bmp5.c **** int8_t bmp5_get_oor_configuration(struct bmp5_oor_press_configuration *oor_press_config, bmp5_dev *
1194:Core/Src/bmp5/bmp5.c **** {
1195:Core/Src/bmp5/bmp5.c ****     int8_t rslt;
1196:Core/Src/bmp5/bmp5.c ****     uint8_t reg_data[4];
1197:Core/Src/bmp5/bmp5.c **** 
1198:Core/Src/bmp5/bmp5.c ****     if (oor_press_config != NULL)
1199:Core/Src/bmp5/bmp5.c ****     {
1200:Core/Src/bmp5/bmp5.c ****         rslt = bmp5_get_regs(BMP5_REG_DSP_CONFIG, &reg_data[0], 1, dev);
1201:Core/Src/bmp5/bmp5.c **** 
1202:Core/Src/bmp5/bmp5.c ****         if (rslt == BMP5_OK)
1203:Core/Src/bmp5/bmp5.c ****         {
1204:Core/Src/bmp5/bmp5.c ****             oor_press_config->oor_sel_iir_p = BMP5_GET_BITSLICE(reg_data[0], BMP5_OOR_SEL_IIR_PRESS
1205:Core/Src/bmp5/bmp5.c **** 
1206:Core/Src/bmp5/bmp5.c ****             rslt = bmp5_get_regs(BMP5_REG_OOR_THR_P_LSB, reg_data, 4, dev);
1207:Core/Src/bmp5/bmp5.c **** 
1208:Core/Src/bmp5/bmp5.c ****             if (rslt == BMP5_OK)
1209:Core/Src/bmp5/bmp5.c ****             {
1210:Core/Src/bmp5/bmp5.c ****                 oor_press_config->oor_thr_p = reg_data[0] | (reg_data[1] << 8) |
1211:Core/Src/bmp5/bmp5.c ****                                               ((reg_data[3] & BMP5_OOR_THR_P_XMSB_REG_MSK) << 16);
1212:Core/Src/bmp5/bmp5.c ****                 oor_press_config->oor_range_p = reg_data[2];
1213:Core/Src/bmp5/bmp5.c ****                 oor_press_config->cnt_lim = BMP5_GET_BITSLICE(reg_data[3], BMP5_OOR_COUNT_LIMIT);
1214:Core/Src/bmp5/bmp5.c ****             }
1215:Core/Src/bmp5/bmp5.c ****         }
1216:Core/Src/bmp5/bmp5.c ****     }
1217:Core/Src/bmp5/bmp5.c ****     else
1218:Core/Src/bmp5/bmp5.c ****     {
1219:Core/Src/bmp5/bmp5.c ****         rslt = BMP5_E_NULL_PTR;
1220:Core/Src/bmp5/bmp5.c ****     }
1221:Core/Src/bmp5/bmp5.c **** 
1222:Core/Src/bmp5/bmp5.c ****     return rslt;
1223:Core/Src/bmp5/bmp5.c **** }
1224:Core/Src/bmp5/bmp5.c **** 
1225:Core/Src/bmp5/bmp5.c **** /*!
1226:Core/Src/bmp5/bmp5.c ****  *  @brief This API sets the configuration for out-of-range pressure threshold, range
1227:Core/Src/bmp5/bmp5.c ****  *  count limit and IIR.
1228:Core/Src/bmp5/bmp5.c ****  */
ARM GAS  C:\Users\jason\AppData\Local\Temp\ccKYcdsQ.s 			page 23


1229:Core/Src/bmp5/bmp5.c **** int8_t bmp5_set_oor_configuration(const struct bmp5_oor_press_configuration *oor_press_config, bmp5
1230:Core/Src/bmp5/bmp5.c **** {
1231:Core/Src/bmp5/bmp5.c ****     int8_t rslt;
1232:Core/Src/bmp5/bmp5.c ****     uint8_t reg_data[4];
1233:Core/Src/bmp5/bmp5.c ****     uint8_t thres_xmsb;
1234:Core/Src/bmp5/bmp5.c ****     uint8_t set_oor_iir_p, set_count_limit;
1235:Core/Src/bmp5/bmp5.c **** 
1236:Core/Src/bmp5/bmp5.c ****     if (oor_press_config != NULL)
1237:Core/Src/bmp5/bmp5.c ****     {
1238:Core/Src/bmp5/bmp5.c ****         set_oor_iir_p = oor_press_config->oor_sel_iir_p;
1239:Core/Src/bmp5/bmp5.c ****         set_count_limit = oor_press_config->cnt_lim;
1240:Core/Src/bmp5/bmp5.c **** 
1241:Core/Src/bmp5/bmp5.c ****         rslt = set_oor_iir_count_limit(set_oor_iir_p, set_count_limit, dev);
1242:Core/Src/bmp5/bmp5.c **** 
1243:Core/Src/bmp5/bmp5.c ****         if (rslt == BMP5_OK)
1244:Core/Src/bmp5/bmp5.c ****         {
1245:Core/Src/bmp5/bmp5.c ****             /* Get the OOR congifurations */
1246:Core/Src/bmp5/bmp5.c ****             rslt = bmp5_get_regs(BMP5_REG_OOR_THR_P_LSB, reg_data, 4, dev);
1247:Core/Src/bmp5/bmp5.c **** 
1248:Core/Src/bmp5/bmp5.c ****             if (rslt == BMP5_OK)
1249:Core/Src/bmp5/bmp5.c ****             {
1250:Core/Src/bmp5/bmp5.c ****                 reg_data[0] = BMP5_SET_BITS_POS_0(reg_data[0], BMP5_OOR_THR_P_LSB, oor_press_config
1251:Core/Src/bmp5/bmp5.c ****                 reg_data[1] =
1252:Core/Src/bmp5/bmp5.c ****                     (uint8_t)(BMP5_SET_BITS_POS_0(reg_data[1], BMP5_OOR_THR_P_MSB, oor_press_config
1253:Core/Src/bmp5/bmp5.c ****                 reg_data[2] = oor_press_config->oor_range_p;
1254:Core/Src/bmp5/bmp5.c ****                 thres_xmsb = BMP5_GET_BITSLICE(oor_press_config->oor_thr_p, BMP5_OOR_THR_P_XMSB);
1255:Core/Src/bmp5/bmp5.c ****                 reg_data[3] = BMP5_SET_BITS_POS_0(reg_data[3], BMP5_OOR_THR_P_XMSB_REG, thres_xmsb)
1256:Core/Src/bmp5/bmp5.c **** 
1257:Core/Src/bmp5/bmp5.c ****                 /* Set the OOR congifurations */
1258:Core/Src/bmp5/bmp5.c ****                 rslt = bmp5_set_regs(BMP5_REG_OOR_THR_P_LSB, reg_data, 4, dev);
1259:Core/Src/bmp5/bmp5.c ****             }
1260:Core/Src/bmp5/bmp5.c ****         }
1261:Core/Src/bmp5/bmp5.c ****     }
1262:Core/Src/bmp5/bmp5.c ****     else
1263:Core/Src/bmp5/bmp5.c ****     {
1264:Core/Src/bmp5/bmp5.c ****         rslt = BMP5_E_NULL_PTR;
1265:Core/Src/bmp5/bmp5.c ****     }
1266:Core/Src/bmp5/bmp5.c **** 
1267:Core/Src/bmp5/bmp5.c ****     return rslt;
1268:Core/Src/bmp5/bmp5.c **** }
1269:Core/Src/bmp5/bmp5.c **** 
1270:Core/Src/bmp5/bmp5.c **** /*!
1271:Core/Src/bmp5/bmp5.c ****  *  @brief This API is used to perform NVM read.
1272:Core/Src/bmp5/bmp5.c ****  */
1273:Core/Src/bmp5/bmp5.c **** int8_t bmp5_nvm_read(uint8_t nvm_addr, uint16_t *nvm_data, bmp5_dev *dev)
1274:Core/Src/bmp5/bmp5.c **** {
1275:Core/Src/bmp5/bmp5.c ****     int8_t rslt;
1276:Core/Src/bmp5/bmp5.c ****     uint8_t reg_data;
1277:Core/Src/bmp5/bmp5.c **** 
1278:Core/Src/bmp5/bmp5.c ****     /* Variable to store existing powermode */
1279:Core/Src/bmp5/bmp5.c ****     enum bmp5_powermode curr_pwrmode;
1280:Core/Src/bmp5/bmp5.c **** 
1281:Core/Src/bmp5/bmp5.c ****     if (nvm_data != NULL)
1282:Core/Src/bmp5/bmp5.c ****     {
1283:Core/Src/bmp5/bmp5.c ****         rslt = nvm_write_addr(nvm_addr, BMP5_DISABLE, &curr_pwrmode, dev);
1284:Core/Src/bmp5/bmp5.c **** 
1285:Core/Src/bmp5/bmp5.c ****         if (rslt == BMP5_OK)
ARM GAS  C:\Users\jason\AppData\Local\Temp\ccKYcdsQ.s 			page 24


1286:Core/Src/bmp5/bmp5.c ****         {
1287:Core/Src/bmp5/bmp5.c ****             /* First NVM command for user read sequence */
1288:Core/Src/bmp5/bmp5.c ****             reg_data = BMP5_NVM_FIRST_CMND;
1289:Core/Src/bmp5/bmp5.c ****             rslt = bmp5_set_regs(BMP5_REG_CMD, &reg_data, 1, dev);
1290:Core/Src/bmp5/bmp5.c ****         }
1291:Core/Src/bmp5/bmp5.c **** 
1292:Core/Src/bmp5/bmp5.c ****         if (rslt == BMP5_OK)
1293:Core/Src/bmp5/bmp5.c ****         {
1294:Core/Src/bmp5/bmp5.c ****             /* Read enable NVM command for user read sequence */
1295:Core/Src/bmp5/bmp5.c ****             reg_data = BMP5_NVM_READ_ENABLE_CMND;
1296:Core/Src/bmp5/bmp5.c ****             rslt = bmp5_set_regs(BMP5_REG_CMD, &reg_data, 1, dev);
1297:Core/Src/bmp5/bmp5.c **** 
1298:Core/Src/bmp5/bmp5.c ****             /* Delay required for NVM ready status to change to 1 before NVM read */
1299:Core/Src/bmp5/bmp5.c ****             dev->delay_us(BMP5_DELAY_US_NVM_READY_READ, dev->intf_ptr);
1300:Core/Src/bmp5/bmp5.c ****         }
1301:Core/Src/bmp5/bmp5.c **** 
1302:Core/Src/bmp5/bmp5.c ****         if (rslt == BMP5_OK)
1303:Core/Src/bmp5/bmp5.c ****         {
1304:Core/Src/bmp5/bmp5.c ****             rslt = get_nvm_data(nvm_data, dev);
1305:Core/Src/bmp5/bmp5.c ****         }
1306:Core/Src/bmp5/bmp5.c **** 
1307:Core/Src/bmp5/bmp5.c ****         if (rslt == BMP5_OK)
1308:Core/Src/bmp5/bmp5.c ****         {
1309:Core/Src/bmp5/bmp5.c ****             /* If previous mode is not standbymode return sensor to that previous mode
1310:Core/Src/bmp5/bmp5.c ****              * after performing NVM
1311:Core/Src/bmp5/bmp5.c ****              */
1312:Core/Src/bmp5/bmp5.c ****             if (curr_pwrmode != BMP5_POWERMODE_STANDBY)
1313:Core/Src/bmp5/bmp5.c ****             {
1314:Core/Src/bmp5/bmp5.c ****                 rslt = bmp5_set_power_mode(curr_pwrmode, dev);
1315:Core/Src/bmp5/bmp5.c ****             }
1316:Core/Src/bmp5/bmp5.c ****         }
1317:Core/Src/bmp5/bmp5.c ****     }
1318:Core/Src/bmp5/bmp5.c ****     else
1319:Core/Src/bmp5/bmp5.c ****     {
1320:Core/Src/bmp5/bmp5.c ****         rslt = BMP5_E_NULL_PTR;
1321:Core/Src/bmp5/bmp5.c ****     }
1322:Core/Src/bmp5/bmp5.c **** 
1323:Core/Src/bmp5/bmp5.c ****     return rslt;
1324:Core/Src/bmp5/bmp5.c **** }
1325:Core/Src/bmp5/bmp5.c **** 
1326:Core/Src/bmp5/bmp5.c **** /*!
1327:Core/Src/bmp5/bmp5.c ****  *  @brief This API is used to perform NVM write.
1328:Core/Src/bmp5/bmp5.c ****  */
1329:Core/Src/bmp5/bmp5.c **** int8_t bmp5_nvm_write(uint8_t nvm_addr, const uint16_t *nvm_data, bmp5_dev *dev)
1330:Core/Src/bmp5/bmp5.c **** {
1331:Core/Src/bmp5/bmp5.c ****     int8_t rslt;
1332:Core/Src/bmp5/bmp5.c **** 
1333:Core/Src/bmp5/bmp5.c ****     uint8_t nvm_status = 0;
1334:Core/Src/bmp5/bmp5.c **** 
1335:Core/Src/bmp5/bmp5.c ****     uint8_t reg_data = 0;
1336:Core/Src/bmp5/bmp5.c **** 
1337:Core/Src/bmp5/bmp5.c ****     uint8_t nvmdata[2];
1338:Core/Src/bmp5/bmp5.c **** 
1339:Core/Src/bmp5/bmp5.c ****     /* Variable to store existing powermode */
1340:Core/Src/bmp5/bmp5.c ****     enum bmp5_powermode curr_pwrmode;
1341:Core/Src/bmp5/bmp5.c **** 
1342:Core/Src/bmp5/bmp5.c ****     if (nvm_data != NULL)
ARM GAS  C:\Users\jason\AppData\Local\Temp\ccKYcdsQ.s 			page 25


1343:Core/Src/bmp5/bmp5.c ****     {
1344:Core/Src/bmp5/bmp5.c ****         rslt = nvm_write_addr(nvm_addr, BMP5_ENABLE, &curr_pwrmode, dev);
1345:Core/Src/bmp5/bmp5.c **** 
1346:Core/Src/bmp5/bmp5.c ****         if (rslt == BMP5_OK)
1347:Core/Src/bmp5/bmp5.c ****         {
1348:Core/Src/bmp5/bmp5.c ****             /* Write data to be written to NVM address */
1349:Core/Src/bmp5/bmp5.c ****             rslt = bmp5_get_regs(BMP5_REG_NVM_DATA_LSB, nvmdata, 2, dev);
1350:Core/Src/bmp5/bmp5.c **** 
1351:Core/Src/bmp5/bmp5.c ****             if (rslt == BMP5_OK)
1352:Core/Src/bmp5/bmp5.c ****             {
1353:Core/Src/bmp5/bmp5.c ****                 nvmdata[0] = (uint8_t)(*nvm_data & BMP5_NVM_DATA_LSB_MSK);
1354:Core/Src/bmp5/bmp5.c ****                 nvmdata[1] = (uint8_t)((*nvm_data & BMP5_NVM_DATA_MSB_MSK) >> 8);
1355:Core/Src/bmp5/bmp5.c **** 
1356:Core/Src/bmp5/bmp5.c ****                 rslt = bmp5_set_regs(BMP5_REG_NVM_DATA_LSB, nvmdata, 2, dev);
1357:Core/Src/bmp5/bmp5.c ****             }
1358:Core/Src/bmp5/bmp5.c ****         }
1359:Core/Src/bmp5/bmp5.c **** 
1360:Core/Src/bmp5/bmp5.c ****         if (rslt == BMP5_OK)
1361:Core/Src/bmp5/bmp5.c ****         {
1362:Core/Src/bmp5/bmp5.c ****             /* First NVM command for user write sequence */
1363:Core/Src/bmp5/bmp5.c ****             reg_data = BMP5_NVM_FIRST_CMND;
1364:Core/Src/bmp5/bmp5.c ****             rslt = bmp5_set_regs(BMP5_REG_CMD, &reg_data, 1, dev);
1365:Core/Src/bmp5/bmp5.c ****         }
1366:Core/Src/bmp5/bmp5.c **** 
1367:Core/Src/bmp5/bmp5.c ****         if (rslt == BMP5_OK)
1368:Core/Src/bmp5/bmp5.c ****         {
1369:Core/Src/bmp5/bmp5.c ****             /* Write enable NVM command for user write sequence */
1370:Core/Src/bmp5/bmp5.c ****             reg_data = BMP5_NVM_WRITE_ENABLE_CMND;
1371:Core/Src/bmp5/bmp5.c ****             rslt = bmp5_set_regs(BMP5_REG_CMD, &reg_data, 1, dev);
1372:Core/Src/bmp5/bmp5.c **** 
1373:Core/Src/bmp5/bmp5.c ****             /* Delay required for NVM ready status to change to 1 */
1374:Core/Src/bmp5/bmp5.c ****             dev->delay_us(BMP5_DELAY_US_NVM_READY_WRITE, dev->intf_ptr);
1375:Core/Src/bmp5/bmp5.c ****         }
1376:Core/Src/bmp5/bmp5.c **** 
1377:Core/Src/bmp5/bmp5.c ****         if (rslt == BMP5_OK)
1378:Core/Src/bmp5/bmp5.c ****         {
1379:Core/Src/bmp5/bmp5.c ****             /* Check if NVM ready status = 1, NVM error status = 0 and NVM command error status = 0
1380:Core/Src/bmp5/bmp5.c ****             rslt = get_nvm_status(&nvm_status, dev);
1381:Core/Src/bmp5/bmp5.c **** 
1382:Core/Src/bmp5/bmp5.c ****             if ((nvm_status & BMP5_INT_NVM_RDY) && (!(nvm_status & BMP5_INT_NVM_ERR)) &&
1383:Core/Src/bmp5/bmp5.c ****                 (!(nvm_status & BMP5_INT_NVM_CMD_ERR)))
1384:Core/Src/bmp5/bmp5.c ****             {
1385:Core/Src/bmp5/bmp5.c ****                 /* Reset NVM prog_en */
1386:Core/Src/bmp5/bmp5.c ****                 reg_data = BMP5_SET_BIT_VAL_0(reg_data, BMP5_NVM_PROG_EN);
1387:Core/Src/bmp5/bmp5.c **** 
1388:Core/Src/bmp5/bmp5.c ****                 rslt = bmp5_set_regs(BMP5_REG_NVM_ADDR, &reg_data, 1, dev);
1389:Core/Src/bmp5/bmp5.c ****             }
1390:Core/Src/bmp5/bmp5.c ****             else
1391:Core/Src/bmp5/bmp5.c ****             {
1392:Core/Src/bmp5/bmp5.c ****                 rslt = BMP5_E_NVM_NOT_READY;
1393:Core/Src/bmp5/bmp5.c ****             }
1394:Core/Src/bmp5/bmp5.c ****         }
1395:Core/Src/bmp5/bmp5.c **** 
1396:Core/Src/bmp5/bmp5.c ****         if (rslt == BMP5_OK)
1397:Core/Src/bmp5/bmp5.c ****         {
1398:Core/Src/bmp5/bmp5.c ****             /* If previous mode is not standbymode return sensor to that previous mode
1399:Core/Src/bmp5/bmp5.c ****              * after performing NVM
ARM GAS  C:\Users\jason\AppData\Local\Temp\ccKYcdsQ.s 			page 26


1400:Core/Src/bmp5/bmp5.c ****              */
1401:Core/Src/bmp5/bmp5.c ****             if (curr_pwrmode != BMP5_POWERMODE_STANDBY)
1402:Core/Src/bmp5/bmp5.c ****             {
1403:Core/Src/bmp5/bmp5.c ****                 rslt = bmp5_set_power_mode(curr_pwrmode, dev);
1404:Core/Src/bmp5/bmp5.c ****             }
1405:Core/Src/bmp5/bmp5.c ****         }
1406:Core/Src/bmp5/bmp5.c ****     }
1407:Core/Src/bmp5/bmp5.c ****     else
1408:Core/Src/bmp5/bmp5.c ****     {
1409:Core/Src/bmp5/bmp5.c ****         rslt = BMP5_E_NULL_PTR;
1410:Core/Src/bmp5/bmp5.c ****     }
1411:Core/Src/bmp5/bmp5.c **** 
1412:Core/Src/bmp5/bmp5.c ****     return rslt;
1413:Core/Src/bmp5/bmp5.c **** }
1414:Core/Src/bmp5/bmp5.c **** 
1415:Core/Src/bmp5/bmp5.c **** /****************** Static Function Definitions *******************************/
1416:Core/Src/bmp5/bmp5.c **** 
1417:Core/Src/bmp5/bmp5.c **** /*!
1418:Core/Src/bmp5/bmp5.c ****  * @brief This internal API is used to validate the device structure pointer for
1419:Core/Src/bmp5/bmp5.c ****  * null conditions.
1420:Core/Src/bmp5/bmp5.c ****  */
1421:Core/Src/bmp5/bmp5.c **** static int8_t null_ptr_check(const bmp5_dev *dev)
1422:Core/Src/bmp5/bmp5.c **** {
  28              		.loc 1 1422 1 view -0
  29              		.cfi_startproc
  30              		@ args = 0, pretend = 0, frame = 0
  31              		@ frame_needed = 0, uses_anonymous_args = 0
  32              		@ link register save eliminated.
1423:Core/Src/bmp5/bmp5.c ****     int8_t rslt;
  33              		.loc 1 1423 5 view .LVU1
1424:Core/Src/bmp5/bmp5.c **** 
1425:Core/Src/bmp5/bmp5.c ****     if ((dev == NULL) || (dev->read == NULL) || (dev->write == NULL) || (dev->delay_us == NULL))
  34              		.loc 1 1425 5 view .LVU2
  35              		.loc 1 1425 8 is_stmt 0 view .LVU3
  36 0000 50B1     		cbz	r0, .L3
  37              		.loc 1 1425 30 discriminator 1 view .LVU4
  38 0002 8268     		ldr	r2, [r0, #8]
  39              		.loc 1 1425 23 discriminator 1 view .LVU5
  40 0004 5AB1     		cbz	r2, .L4
  41              		.loc 1 1425 53 discriminator 2 view .LVU6
  42 0006 C268     		ldr	r2, [r0, #12]
  43              		.loc 1 1425 46 discriminator 2 view .LVU7
  44 0008 62B1     		cbz	r2, .L5
  45              		.loc 1 1425 77 discriminator 3 view .LVU8
  46 000a 0369     		ldr	r3, [r0, #16]
  47              		.loc 1 1425 70 discriminator 3 view .LVU9
  48 000c 0BB1     		cbz	r3, .L7
1426:Core/Src/bmp5/bmp5.c ****     {
1427:Core/Src/bmp5/bmp5.c ****         /* Device structure pointer is not valid */
1428:Core/Src/bmp5/bmp5.c ****         rslt = BMP5_E_NULL_PTR;
1429:Core/Src/bmp5/bmp5.c ****     }
1430:Core/Src/bmp5/bmp5.c ****     else
1431:Core/Src/bmp5/bmp5.c ****     {
1432:Core/Src/bmp5/bmp5.c ****         /* Device structure is fine */
1433:Core/Src/bmp5/bmp5.c ****         rslt = BMP5_OK;
  49              		.loc 1 1433 14 view .LVU10
  50 000e 0020     		movs	r0, #0
ARM GAS  C:\Users\jason\AppData\Local\Temp\ccKYcdsQ.s 			page 27


  51              	.LVL1:
1434:Core/Src/bmp5/bmp5.c ****     }
1435:Core/Src/bmp5/bmp5.c **** 
1436:Core/Src/bmp5/bmp5.c ****     return rslt;
  52              		.loc 1 1436 5 is_stmt 1 view .LVU11
1437:Core/Src/bmp5/bmp5.c **** }
  53              		.loc 1 1437 1 is_stmt 0 view .LVU12
  54 0010 7047     		bx	lr
  55              	.LVL2:
  56              	.L7:
1428:Core/Src/bmp5/bmp5.c ****     }
  57              		.loc 1 1428 14 view .LVU13
  58 0012 4FF0FF30 		mov	r0, #-1
  59              	.LVL3:
1428:Core/Src/bmp5/bmp5.c ****     }
  60              		.loc 1 1428 14 view .LVU14
  61 0016 7047     		bx	lr
  62              	.LVL4:
  63              	.L3:
1428:Core/Src/bmp5/bmp5.c ****     }
  64              		.loc 1 1428 14 view .LVU15
  65 0018 4FF0FF30 		mov	r0, #-1
  66              	.LVL5:
1428:Core/Src/bmp5/bmp5.c ****     }
  67              		.loc 1 1428 14 view .LVU16
  68 001c 7047     		bx	lr
  69              	.LVL6:
  70              	.L4:
1428:Core/Src/bmp5/bmp5.c ****     }
  71              		.loc 1 1428 14 view .LVU17
  72 001e 4FF0FF30 		mov	r0, #-1
  73              	.LVL7:
1428:Core/Src/bmp5/bmp5.c ****     }
  74              		.loc 1 1428 14 view .LVU18
  75 0022 7047     		bx	lr
  76              	.LVL8:
  77              	.L5:
1428:Core/Src/bmp5/bmp5.c ****     }
  78              		.loc 1 1428 14 view .LVU19
  79 0024 4FF0FF30 		mov	r0, #-1
  80              	.LVL9:
1428:Core/Src/bmp5/bmp5.c ****     }
  81              		.loc 1 1428 14 view .LVU20
  82 0028 7047     		bx	lr
  83              		.cfi_endproc
  84              	.LFE168:
  86              		.section	.text.validate_chip_id,"ax",%progbits
  87              		.align	1
  88              		.syntax unified
  89              		.thumb
  90              		.thumb_func
  92              	validate_chip_id:
  93              	.LVL10:
  94              	.LFB169:
1438:Core/Src/bmp5/bmp5.c **** 
1439:Core/Src/bmp5/bmp5.c **** /*!
1440:Core/Src/bmp5/bmp5.c ****  * @brief This internal API is used to validate the chip id of the sensor.
ARM GAS  C:\Users\jason\AppData\Local\Temp\ccKYcdsQ.s 			page 28


1441:Core/Src/bmp5/bmp5.c ****  */
1442:Core/Src/bmp5/bmp5.c **** static int8_t validate_chip_id(uint8_t chip_id, bmp5_dev *dev)
1443:Core/Src/bmp5/bmp5.c **** {
  95              		.loc 1 1443 1 is_stmt 1 view -0
  96              		.cfi_startproc
  97              		@ args = 0, pretend = 0, frame = 0
  98              		@ frame_needed = 0, uses_anonymous_args = 0
  99              		@ link register save eliminated.
1444:Core/Src/bmp5/bmp5.c ****     int8_t rslt;
 100              		.loc 1 1444 5 view .LVU22
1445:Core/Src/bmp5/bmp5.c **** 
1446:Core/Src/bmp5/bmp5.c ****     if (chip_id == BMP5_CHIP_ID)
 101              		.loc 1 1446 5 view .LVU23
 102              		.loc 1 1446 8 is_stmt 0 view .LVU24
 103 0000 5028     		cmp	r0, #80
 104 0002 02D1     		bne	.L10
1447:Core/Src/bmp5/bmp5.c ****     {
1448:Core/Src/bmp5/bmp5.c ****         /* Updating chip_id in device structure */
1449:Core/Src/bmp5/bmp5.c ****         dev->chip_id = chip_id;
 105              		.loc 1 1449 9 is_stmt 1 view .LVU25
 106              		.loc 1 1449 22 is_stmt 0 view .LVU26
 107 0004 0870     		strb	r0, [r1]
1450:Core/Src/bmp5/bmp5.c ****         rslt = BMP5_OK;
 108              		.loc 1 1450 9 is_stmt 1 view .LVU27
 109              	.LVL11:
 110              		.loc 1 1450 14 is_stmt 0 view .LVU28
 111 0006 0020     		movs	r0, #0
 112              	.LVL12:
 113              		.loc 1 1450 14 view .LVU29
 114 0008 7047     		bx	lr
 115              	.LVL13:
 116              	.L10:
1451:Core/Src/bmp5/bmp5.c ****     }
1452:Core/Src/bmp5/bmp5.c ****     else
1453:Core/Src/bmp5/bmp5.c ****     {
1454:Core/Src/bmp5/bmp5.c ****         rslt = BMP5_E_DEV_NOT_FOUND;
 117              		.loc 1 1454 14 view .LVU30
 118 000a 6FF00200 		mvn	r0, #2
 119              	.LVL14:
1455:Core/Src/bmp5/bmp5.c ****     }
1456:Core/Src/bmp5/bmp5.c **** 
1457:Core/Src/bmp5/bmp5.c ****     return rslt;
 120              		.loc 1 1457 5 is_stmt 1 view .LVU31
1458:Core/Src/bmp5/bmp5.c **** }
 121              		.loc 1 1458 1 is_stmt 0 view .LVU32
 122 000e 7047     		bx	lr
 123              		.cfi_endproc
 124              	.LFE169:
 126              		.section	.text.set_fifo_threshold,"ax",%progbits
 127              		.align	1
 128              		.syntax unified
 129              		.thumb
 130              		.thumb_func
 132              	set_fifo_threshold:
 133              	.LVL15:
 134              	.LFB177:
1459:Core/Src/bmp5/bmp5.c **** 
ARM GAS  C:\Users\jason\AppData\Local\Temp\ccKYcdsQ.s 			page 29


1460:Core/Src/bmp5/bmp5.c **** int8_t rslt; 
1461:Core/Src/bmp5/bmp5.c **** 
1462:Core/Src/bmp5/bmp5.c **** /*!
1463:Core/Src/bmp5/bmp5.c ****  * @brief This internal API is used to validate the post power-up procedure.
1464:Core/Src/bmp5/bmp5.c ****  */
1465:Core/Src/bmp5/bmp5.c **** static int8_t power_up_check(bmp5_dev *dev)
1466:Core/Src/bmp5/bmp5.c **** {
1467:Core/Src/bmp5/bmp5.c ****     // int8_t rslt;
1468:Core/Src/bmp5/bmp5.c ****     uint8_t nvm_status;
1469:Core/Src/bmp5/bmp5.c ****     uint8_t por_status;
1470:Core/Src/bmp5/bmp5.c **** 
1471:Core/Src/bmp5/bmp5.c ****     rslt = get_nvm_status(&nvm_status, dev);
1472:Core/Src/bmp5/bmp5.c ****     HAL_Delay(100);
1473:Core/Src/bmp5/bmp5.c **** 
1474:Core/Src/bmp5/bmp5.c ****     // if (rslt == BMP5_OK)
1475:Core/Src/bmp5/bmp5.c ****     // {
1476:Core/Src/bmp5/bmp5.c ****     //     /* Check if nvm_rdy status = 1 and nvm_err status = 0 to proceed */
1477:Core/Src/bmp5/bmp5.c ****     //     if ((nvm_status & BMP5_INT_NVM_RDY) && (!(nvm_status & BMP5_INT_NVM_ERR)))
1478:Core/Src/bmp5/bmp5.c ****     //     {
1479:Core/Src/bmp5/bmp5.c ****     //         // rslt = bmp5_get_interrupt_status(&por_status, dev);
1480:Core/Src/bmp5/bmp5.c **** 
1481:Core/Src/bmp5/bmp5.c ****     //         rslt = BMP5_OK; 
1482:Core/Src/bmp5/bmp5.c **** 
1483:Core/Src/bmp5/bmp5.c ****     //         // if (rslt == BMP5_OK)
1484:Core/Src/bmp5/bmp5.c ****     //         // {
1485:Core/Src/bmp5/bmp5.c ****     //         //     /* Check if por/soft-reset complete status = 1 to proceed */
1486:Core/Src/bmp5/bmp5.c ****     //         //     if (por_status & BMP5_INT_ASSERTED_POR_SOFTRESET_COMPLETE)
1487:Core/Src/bmp5/bmp5.c ****     //         //     {
1488:Core/Src/bmp5/bmp5.c ****     //         //         rslt = BMP5_OK;
1489:Core/Src/bmp5/bmp5.c ****     //         //     }
1490:Core/Src/bmp5/bmp5.c ****     //         //     else
1491:Core/Src/bmp5/bmp5.c ****     //         //     {
1492:Core/Src/bmp5/bmp5.c ****     //         //         rslt = BMP5_E_POWER_UP;
1493:Core/Src/bmp5/bmp5.c ****     //         //     }
1494:Core/Src/bmp5/bmp5.c ****     //         // }
1495:Core/Src/bmp5/bmp5.c ****     //     }
1496:Core/Src/bmp5/bmp5.c ****     //     else
1497:Core/Src/bmp5/bmp5.c ****     //     {
1498:Core/Src/bmp5/bmp5.c ****     //         rslt = BMP5_E_POWER_UP;
1499:Core/Src/bmp5/bmp5.c ****     //     }
1500:Core/Src/bmp5/bmp5.c ****     //}
1501:Core/Src/bmp5/bmp5.c **** 
1502:Core/Src/bmp5/bmp5.c ****     return rslt;
1503:Core/Src/bmp5/bmp5.c **** }
1504:Core/Src/bmp5/bmp5.c **** 
1505:Core/Src/bmp5/bmp5.c **** /*!
1506:Core/Src/bmp5/bmp5.c ****  * @brief This internal API is used to check if sensor is in deepstandby mode.
1507:Core/Src/bmp5/bmp5.c ****  */
1508:Core/Src/bmp5/bmp5.c **** static int8_t check_deepstandby_mode(enum bmp5_powermode *powermode, bmp5_dev *dev)
1509:Core/Src/bmp5/bmp5.c **** {
1510:Core/Src/bmp5/bmp5.c ****     int8_t rslt;
1511:Core/Src/bmp5/bmp5.c ****     uint8_t fifo_frame_sel;
1512:Core/Src/bmp5/bmp5.c ****     struct bmp5_iir_config iir_cfg = { 0 };
1513:Core/Src/bmp5/bmp5.c ****     struct bmp5_osr_odr_press_config osr_odr_press_cfg = { 0 };
1514:Core/Src/bmp5/bmp5.c **** 
1515:Core/Src/bmp5/bmp5.c ****     rslt = bmp5_get_regs(BMP5_REG_FIFO_SEL, &fifo_frame_sel, 1, dev);
1516:Core/Src/bmp5/bmp5.c ****     fifo_frame_sel = BMP5_GET_BITS_POS_0(fifo_frame_sel, BMP5_FIFO_FRAME_SEL);
ARM GAS  C:\Users\jason\AppData\Local\Temp\ccKYcdsQ.s 			page 30


1517:Core/Src/bmp5/bmp5.c **** 
1518:Core/Src/bmp5/bmp5.c ****     if (rslt == BMP5_OK)
1519:Core/Src/bmp5/bmp5.c ****     {
1520:Core/Src/bmp5/bmp5.c ****         rslt = bmp5_get_osr_odr_press_config(&osr_odr_press_cfg, dev);
1521:Core/Src/bmp5/bmp5.c **** 
1522:Core/Src/bmp5/bmp5.c ****         if (rslt == BMP5_OK)
1523:Core/Src/bmp5/bmp5.c ****         {
1524:Core/Src/bmp5/bmp5.c ****             rslt = bmp5_get_iir_config(&iir_cfg, dev);
1525:Core/Src/bmp5/bmp5.c ****         }
1526:Core/Src/bmp5/bmp5.c ****     }
1527:Core/Src/bmp5/bmp5.c **** 
1528:Core/Src/bmp5/bmp5.c ****     /* As per datasheet odr should be less than 5Hz. But register value for 5Hz is less than 4Hz an
1529:Core/Src/bmp5/bmp5.c ****      * thus in this below condition odr is checked whether greater than 5Hz macro.
1530:Core/Src/bmp5/bmp5.c ****      */
1531:Core/Src/bmp5/bmp5.c ****     if ((osr_odr_press_cfg.odr > BMP5_ODR_05_HZ) && (fifo_frame_sel == BMP5_DISABLE) &&
1532:Core/Src/bmp5/bmp5.c ****         (iir_cfg.set_iir_t == BMP5_IIR_FILTER_BYPASS) && (iir_cfg.set_iir_p == BMP5_IIR_FILTER_BYPA
1533:Core/Src/bmp5/bmp5.c ****     {
1534:Core/Src/bmp5/bmp5.c ****         *powermode = BMP5_POWERMODE_DEEP_STANDBY;
1535:Core/Src/bmp5/bmp5.c ****     }
1536:Core/Src/bmp5/bmp5.c **** 
1537:Core/Src/bmp5/bmp5.c ****     return rslt;
1538:Core/Src/bmp5/bmp5.c **** }
1539:Core/Src/bmp5/bmp5.c **** 
1540:Core/Src/bmp5/bmp5.c **** /*!
1541:Core/Src/bmp5/bmp5.c ****  * @brief This internal API is used to set sensor in deep standby mode.
1542:Core/Src/bmp5/bmp5.c ****  */
1543:Core/Src/bmp5/bmp5.c **** static int8_t set_deep_standby_mode(bmp5_dev *dev)
1544:Core/Src/bmp5/bmp5.c **** {
1545:Core/Src/bmp5/bmp5.c ****     int8_t rslt;
1546:Core/Src/bmp5/bmp5.c ****     uint8_t reg_data;
1547:Core/Src/bmp5/bmp5.c **** 
1548:Core/Src/bmp5/bmp5.c ****     rslt = bmp5_get_regs(BMP5_REG_ODR_CONFIG, &reg_data, 1, dev);
1549:Core/Src/bmp5/bmp5.c **** 
1550:Core/Src/bmp5/bmp5.c ****     if (rslt == BMP5_OK)
1551:Core/Src/bmp5/bmp5.c ****     {
1552:Core/Src/bmp5/bmp5.c ****         /* Setting deep_dis = 0(BMP5_DEEP_ENABLED) enables the deep standby mode */
1553:Core/Src/bmp5/bmp5.c ****         reg_data = BMP5_SET_BIT_VAL_0(reg_data, BMP5_DEEP_DISABLE);
1554:Core/Src/bmp5/bmp5.c **** 
1555:Core/Src/bmp5/bmp5.c ****         /* Set ODR less then 5Hz - ODR used is 1Hz */
1556:Core/Src/bmp5/bmp5.c ****         reg_data = BMP5_SET_BITSLICE(reg_data, BMP5_ODR, BMP5_ODR_01_HZ);
1557:Core/Src/bmp5/bmp5.c **** 
1558:Core/Src/bmp5/bmp5.c ****         /* Write the value to the odr config register(0x37) */
1559:Core/Src/bmp5/bmp5.c ****         rslt = bmp5_set_regs(BMP5_REG_ODR_CONFIG, &reg_data, 1, dev);
1560:Core/Src/bmp5/bmp5.c **** 
1561:Core/Src/bmp5/bmp5.c ****         if (rslt == BMP5_OK)
1562:Core/Src/bmp5/bmp5.c ****         {
1563:Core/Src/bmp5/bmp5.c ****             rslt = bmp5_get_regs(BMP5_REG_DSP_IIR, &reg_data, 1, dev);
1564:Core/Src/bmp5/bmp5.c **** 
1565:Core/Src/bmp5/bmp5.c ****             if (rslt == BMP5_OK)
1566:Core/Src/bmp5/bmp5.c ****             {
1567:Core/Src/bmp5/bmp5.c ****                 /* Set iir_t and iir_p as Bypass(0x00) */
1568:Core/Src/bmp5/bmp5.c **** 
1569:Core/Src/bmp5/bmp5.c ****                 /* The register holds only iir_t and iir_p and the last 2 bits are reserved.
1570:Core/Src/bmp5/bmp5.c ****                  * Thus using the macro BMP5_IIR_BYPASS(0xC0) the register value is set as zero.
1571:Core/Src/bmp5/bmp5.c ****                  */
1572:Core/Src/bmp5/bmp5.c ****                 reg_data = reg_data & BMP5_IIR_BYPASS;
1573:Core/Src/bmp5/bmp5.c **** 
ARM GAS  C:\Users\jason\AppData\Local\Temp\ccKYcdsQ.s 			page 31


1574:Core/Src/bmp5/bmp5.c ****                 /* Write the value to the IIR register(0x31) */
1575:Core/Src/bmp5/bmp5.c ****                 rslt = bmp5_set_regs(BMP5_REG_DSP_IIR, &reg_data, 1, dev);
1576:Core/Src/bmp5/bmp5.c ****             }
1577:Core/Src/bmp5/bmp5.c ****         }
1578:Core/Src/bmp5/bmp5.c **** 
1579:Core/Src/bmp5/bmp5.c ****         if (rslt == BMP5_OK)
1580:Core/Src/bmp5/bmp5.c ****         {
1581:Core/Src/bmp5/bmp5.c ****             rslt = bmp5_get_regs(BMP5_REG_FIFO_SEL, &reg_data, 1, dev);
1582:Core/Src/bmp5/bmp5.c **** 
1583:Core/Src/bmp5/bmp5.c ****             if (rslt == BMP5_OK)
1584:Core/Src/bmp5/bmp5.c ****             {
1585:Core/Src/bmp5/bmp5.c ****                 /* Disable fifo frame selct */
1586:Core/Src/bmp5/bmp5.c ****                 reg_data = BMP5_SET_BIT_VAL_0(reg_data, BMP5_FIFO_FRAME_SEL);
1587:Core/Src/bmp5/bmp5.c **** 
1588:Core/Src/bmp5/bmp5.c ****                 /* Write the value to the fifo select register(0x18) */
1589:Core/Src/bmp5/bmp5.c ****                 rslt = bmp5_set_regs(BMP5_REG_FIFO_SEL, &reg_data, 1, dev);
1590:Core/Src/bmp5/bmp5.c ****             }
1591:Core/Src/bmp5/bmp5.c ****         }
1592:Core/Src/bmp5/bmp5.c ****     }
1593:Core/Src/bmp5/bmp5.c **** 
1594:Core/Src/bmp5/bmp5.c ****     return rslt;
1595:Core/Src/bmp5/bmp5.c **** }
1596:Core/Src/bmp5/bmp5.c **** 
1597:Core/Src/bmp5/bmp5.c **** /*!
1598:Core/Src/bmp5/bmp5.c ****  * @brief This internal API is used to set sensor in standby or normal or forced or continous power
1599:Core/Src/bmp5/bmp5.c ****  */
1600:Core/Src/bmp5/bmp5.c **** static int8_t set_power_mode(enum bmp5_powermode powermode, bmp5_dev *dev)
1601:Core/Src/bmp5/bmp5.c **** {
1602:Core/Src/bmp5/bmp5.c ****     int8_t rslt;
1603:Core/Src/bmp5/bmp5.c ****     uint8_t reg_data;
1604:Core/Src/bmp5/bmp5.c **** 
1605:Core/Src/bmp5/bmp5.c ****     rslt = bmp5_get_regs(BMP5_REG_ODR_CONFIG, &reg_data, 1, dev);
1606:Core/Src/bmp5/bmp5.c **** 
1607:Core/Src/bmp5/bmp5.c ****     if (rslt == BMP5_OK)
1608:Core/Src/bmp5/bmp5.c ****     {
1609:Core/Src/bmp5/bmp5.c ****         /* Setting deep_dis = 1(BMP5_DEEP_DISABLED) disables the deep standby mode */
1610:Core/Src/bmp5/bmp5.c ****         reg_data = BMP5_SET_BITSLICE(reg_data, BMP5_DEEP_DISABLE, BMP5_DEEP_DISABLED);
1611:Core/Src/bmp5/bmp5.c **** 
1612:Core/Src/bmp5/bmp5.c ****         reg_data = BMP5_SET_BITS_POS_0(reg_data, BMP5_POWERMODE, powermode);
1613:Core/Src/bmp5/bmp5.c **** 
1614:Core/Src/bmp5/bmp5.c ****         rslt = bmp5_set_regs(BMP5_REG_ODR_CONFIG, &reg_data, 1, dev);
1615:Core/Src/bmp5/bmp5.c ****     }
1616:Core/Src/bmp5/bmp5.c **** 
1617:Core/Src/bmp5/bmp5.c ****     return rslt;
1618:Core/Src/bmp5/bmp5.c **** }
1619:Core/Src/bmp5/bmp5.c **** 
1620:Core/Src/bmp5/bmp5.c **** /*!
1621:Core/Src/bmp5/bmp5.c ****  * @brief This internal API is used to set sensor in standby powermode when powermode is deepstandb
1622:Core/Src/bmp5/bmp5.c ****  */
1623:Core/Src/bmp5/bmp5.c **** static int8_t set_standby_mode(bmp5_dev *dev)
1624:Core/Src/bmp5/bmp5.c **** {
1625:Core/Src/bmp5/bmp5.c ****     int8_t rslt;
1626:Core/Src/bmp5/bmp5.c ****     enum bmp5_powermode pwrmode;
1627:Core/Src/bmp5/bmp5.c **** 
1628:Core/Src/bmp5/bmp5.c ****     rslt = bmp5_get_power_mode(&pwrmode, dev);
1629:Core/Src/bmp5/bmp5.c **** 
1630:Core/Src/bmp5/bmp5.c ****     if (rslt == BMP5_OK)
ARM GAS  C:\Users\jason\AppData\Local\Temp\ccKYcdsQ.s 			page 32


1631:Core/Src/bmp5/bmp5.c ****     {
1632:Core/Src/bmp5/bmp5.c ****         if (pwrmode == BMP5_POWERMODE_DEEP_STANDBY)
1633:Core/Src/bmp5/bmp5.c ****         {
1634:Core/Src/bmp5/bmp5.c ****             rslt = bmp5_set_power_mode(BMP5_POWERMODE_STANDBY, dev);
1635:Core/Src/bmp5/bmp5.c ****         }
1636:Core/Src/bmp5/bmp5.c ****     }
1637:Core/Src/bmp5/bmp5.c **** 
1638:Core/Src/bmp5/bmp5.c ****     return rslt;
1639:Core/Src/bmp5/bmp5.c **** }
1640:Core/Src/bmp5/bmp5.c **** 
1641:Core/Src/bmp5/bmp5.c **** #ifdef BMP5_USE_FIXED_POINT
1642:Core/Src/bmp5/bmp5.c **** 
1643:Core/Src/bmp5/bmp5.c **** /*!
1644:Core/Src/bmp5/bmp5.c ****  * @brief This internal API is used to calculate the power of a value.
1645:Core/Src/bmp5/bmp5.c ****  */
1646:Core/Src/bmp5/bmp5.c **** static uint32_t power(uint8_t base, uint8_t resolution)
1647:Core/Src/bmp5/bmp5.c **** {
1648:Core/Src/bmp5/bmp5.c ****     /* Initialize loop */
1649:Core/Src/bmp5/bmp5.c ****     uint8_t loop = 1;
1650:Core/Src/bmp5/bmp5.c **** 
1651:Core/Src/bmp5/bmp5.c ****     /* Initialize variable to store the power of 2 value */
1652:Core/Src/bmp5/bmp5.c ****     uint32_t value = 1;
1653:Core/Src/bmp5/bmp5.c **** 
1654:Core/Src/bmp5/bmp5.c ****     for (; loop <= resolution; loop++)
1655:Core/Src/bmp5/bmp5.c ****     {
1656:Core/Src/bmp5/bmp5.c ****         value = (uint32_t)(value * base);
1657:Core/Src/bmp5/bmp5.c ****     }
1658:Core/Src/bmp5/bmp5.c **** 
1659:Core/Src/bmp5/bmp5.c ****     return value;
1660:Core/Src/bmp5/bmp5.c **** }
1661:Core/Src/bmp5/bmp5.c **** 
1662:Core/Src/bmp5/bmp5.c **** #endif
1663:Core/Src/bmp5/bmp5.c **** 
1664:Core/Src/bmp5/bmp5.c **** /*!
1665:Core/Src/bmp5/bmp5.c ****  * @brief This internal API is used to set the IIR for temperature and pressure.
1666:Core/Src/bmp5/bmp5.c ****  */
1667:Core/Src/bmp5/bmp5.c **** static int8_t set_iir_config(const struct bmp5_iir_config *iir_cfg, bmp5_dev *dev)
1668:Core/Src/bmp5/bmp5.c **** {
1669:Core/Src/bmp5/bmp5.c ****     int8_t rslt;
1670:Core/Src/bmp5/bmp5.c **** 
1671:Core/Src/bmp5/bmp5.c ****     /* Variable to set IIR config */
1672:Core/Src/bmp5/bmp5.c ****     uint8_t reg_data[2];
1673:Core/Src/bmp5/bmp5.c **** 
1674:Core/Src/bmp5/bmp5.c ****     rslt = bmp5_get_regs(BMP5_REG_DSP_CONFIG, reg_data, 2, dev);
1675:Core/Src/bmp5/bmp5.c **** 
1676:Core/Src/bmp5/bmp5.c ****     if (rslt == BMP5_OK)
1677:Core/Src/bmp5/bmp5.c ****     {
1678:Core/Src/bmp5/bmp5.c ****         reg_data[0] = BMP5_SET_BITSLICE(reg_data[0], BMP5_SHDW_SET_IIR_TEMP, iir_cfg->shdw_set_iir_
1679:Core/Src/bmp5/bmp5.c ****         reg_data[0] = BMP5_SET_BITSLICE(reg_data[0], BMP5_SHDW_SET_IIR_PRESS, iir_cfg->shdw_set_iir
1680:Core/Src/bmp5/bmp5.c ****         reg_data[0] = BMP5_SET_BITSLICE(reg_data[0], BMP5_IIR_FLUSH_FORCED_EN, iir_cfg->iir_flush_f
1681:Core/Src/bmp5/bmp5.c **** 
1682:Core/Src/bmp5/bmp5.c ****         reg_data[1] = iir_cfg->set_iir_t;
1683:Core/Src/bmp5/bmp5.c ****         reg_data[1] = BMP5_SET_BITSLICE(reg_data[1], BMP5_SET_IIR_PRESS, iir_cfg->set_iir_p);
1684:Core/Src/bmp5/bmp5.c **** 
1685:Core/Src/bmp5/bmp5.c ****         /* Set IIR configuration */
1686:Core/Src/bmp5/bmp5.c ****         rslt = bmp5_set_regs(BMP5_REG_DSP_CONFIG, reg_data, 2, dev);
1687:Core/Src/bmp5/bmp5.c ****     }
ARM GAS  C:\Users\jason\AppData\Local\Temp\ccKYcdsQ.s 			page 33


1688:Core/Src/bmp5/bmp5.c **** 
1689:Core/Src/bmp5/bmp5.c ****     return rslt;
1690:Core/Src/bmp5/bmp5.c **** }
1691:Core/Src/bmp5/bmp5.c **** 
1692:Core/Src/bmp5/bmp5.c **** /*!
1693:Core/Src/bmp5/bmp5.c ****  *  @brief This internal API sets the configuration for IIR of fifo.
1694:Core/Src/bmp5/bmp5.c ****  */
1695:Core/Src/bmp5/bmp5.c **** static int8_t set_fifo_iir_config(uint8_t set_fifo_iir_t, uint8_t set_fifo_iir_p, bmp5_dev *dev)
1696:Core/Src/bmp5/bmp5.c **** {
1697:Core/Src/bmp5/bmp5.c ****     /* Variable to store the function result */
1698:Core/Src/bmp5/bmp5.c ****     int8_t rslt;
1699:Core/Src/bmp5/bmp5.c **** 
1700:Core/Src/bmp5/bmp5.c ****     /* Variable to set fifo IIR config */
1701:Core/Src/bmp5/bmp5.c ****     uint8_t reg_data = 0;
1702:Core/Src/bmp5/bmp5.c **** 
1703:Core/Src/bmp5/bmp5.c ****     /* Variable to store existing powermode */
1704:Core/Src/bmp5/bmp5.c ****     enum bmp5_powermode curr_pwrmode;
1705:Core/Src/bmp5/bmp5.c **** 
1706:Core/Src/bmp5/bmp5.c ****     rslt = bmp5_get_power_mode(&curr_pwrmode, dev);
1707:Core/Src/bmp5/bmp5.c **** 
1708:Core/Src/bmp5/bmp5.c ****     if (rslt == BMP5_OK)
1709:Core/Src/bmp5/bmp5.c ****     {
1710:Core/Src/bmp5/bmp5.c ****         /* Fifo IIR configuration is writable only during STANDBY mode(as per datasheet) */
1711:Core/Src/bmp5/bmp5.c ****         if (curr_pwrmode != BMP5_POWERMODE_STANDBY)
1712:Core/Src/bmp5/bmp5.c ****         {
1713:Core/Src/bmp5/bmp5.c ****             /* If sensor is not in standby mode, set sensor in standby mode */
1714:Core/Src/bmp5/bmp5.c ****             rslt = bmp5_set_power_mode(BMP5_POWERMODE_STANDBY, dev);
1715:Core/Src/bmp5/bmp5.c ****         }
1716:Core/Src/bmp5/bmp5.c **** 
1717:Core/Src/bmp5/bmp5.c ****         if (rslt == BMP5_OK)
1718:Core/Src/bmp5/bmp5.c ****         {
1719:Core/Src/bmp5/bmp5.c ****             /* Get fifo IIR configuration */
1720:Core/Src/bmp5/bmp5.c ****             rslt = bmp5_get_regs(BMP5_REG_DSP_CONFIG, &reg_data, 1, dev);
1721:Core/Src/bmp5/bmp5.c **** 
1722:Core/Src/bmp5/bmp5.c ****             if (rslt == BMP5_OK)
1723:Core/Src/bmp5/bmp5.c ****             {
1724:Core/Src/bmp5/bmp5.c ****                 reg_data = BMP5_SET_BITSLICE(reg_data, BMP5_SET_FIFO_IIR_TEMP, set_fifo_iir_t);
1725:Core/Src/bmp5/bmp5.c ****                 reg_data = BMP5_SET_BITSLICE(reg_data, BMP5_SET_FIFO_IIR_PRESS, set_fifo_iir_p);
1726:Core/Src/bmp5/bmp5.c **** 
1727:Core/Src/bmp5/bmp5.c ****                 /* Set fifo IIR configuration */
1728:Core/Src/bmp5/bmp5.c ****                 rslt = bmp5_set_regs(BMP5_REG_DSP_CONFIG, &reg_data, 1, dev);
1729:Core/Src/bmp5/bmp5.c ****             }
1730:Core/Src/bmp5/bmp5.c ****         }
1731:Core/Src/bmp5/bmp5.c **** 
1732:Core/Src/bmp5/bmp5.c ****         /* If previous mode is not standbymode return sensor to that previous mode
1733:Core/Src/bmp5/bmp5.c ****          * after setting fifo iir configuration
1734:Core/Src/bmp5/bmp5.c ****          */
1735:Core/Src/bmp5/bmp5.c ****         if (rslt == BMP5_OK)
1736:Core/Src/bmp5/bmp5.c ****         {
1737:Core/Src/bmp5/bmp5.c ****             /* Since fifo IIR works only in standby mode we are not re-writing to deepstandby mode
1738:Core/Src/bmp5/bmp5.c ****              * as deep standby mode resets the fifo IIR settings to default
1739:Core/Src/bmp5/bmp5.c ****              */
1740:Core/Src/bmp5/bmp5.c ****             if ((curr_pwrmode != BMP5_POWERMODE_STANDBY) && (curr_pwrmode != BMP5_POWERMODE_DEEP_ST
1741:Core/Src/bmp5/bmp5.c ****             {
1742:Core/Src/bmp5/bmp5.c ****                 rslt = bmp5_set_power_mode(curr_pwrmode, dev);
1743:Core/Src/bmp5/bmp5.c ****             }
1744:Core/Src/bmp5/bmp5.c ****         }
ARM GAS  C:\Users\jason\AppData\Local\Temp\ccKYcdsQ.s 			page 34


1745:Core/Src/bmp5/bmp5.c ****     }
1746:Core/Src/bmp5/bmp5.c **** 
1747:Core/Src/bmp5/bmp5.c ****     return rslt;
1748:Core/Src/bmp5/bmp5.c **** }
1749:Core/Src/bmp5/bmp5.c **** 
1750:Core/Src/bmp5/bmp5.c **** /*!
1751:Core/Src/bmp5/bmp5.c **** * @brief This internal API is used to set fifo threshold based on the frame type selected.
1752:Core/Src/bmp5/bmp5.c ****  */
1753:Core/Src/bmp5/bmp5.c **** static int8_t set_fifo_threshold(uint8_t *reg_data, const struct bmp5_fifo *fifo)
1754:Core/Src/bmp5/bmp5.c **** {
 135              		.loc 1 1754 1 is_stmt 1 view -0
 136              		.cfi_startproc
 137              		@ args = 0, pretend = 0, frame = 0
 138              		@ frame_needed = 0, uses_anonymous_args = 0
 139              		@ link register save eliminated.
1755:Core/Src/bmp5/bmp5.c ****     int8_t rslt = 0;
 140              		.loc 1 1755 5 view .LVU34
1756:Core/Src/bmp5/bmp5.c **** 
1757:Core/Src/bmp5/bmp5.c ****     if ((fifo->frame_sel == BMP5_FIFO_TEMPERATURE_DATA) || (fifo->frame_sel == BMP5_FIFO_PRESSURE_D
 141              		.loc 1 1757 5 view .LVU35
 142              		.loc 1 1757 14 is_stmt 0 view .LVU36
 143 0000 8A79     		ldrb	r2, [r1, #6]	@ zero_extendqisi2
 144              		.loc 1 1757 57 view .LVU37
 145 0002 531E     		subs	r3, r2, #1
 146 0004 DBB2     		uxtb	r3, r3
 147              		.loc 1 1757 8 view .LVU38
 148 0006 012B     		cmp	r3, #1
 149 0008 03D9     		bls	.L17
1758:Core/Src/bmp5/bmp5.c ****     {
1759:Core/Src/bmp5/bmp5.c ****         /* If Pressure or Temperature is selected, maximum 31 frames can be set as threshold */
1760:Core/Src/bmp5/bmp5.c ****         if (fifo->threshold <= BMP5_FIFO_MAX_THRESHOLD_P_MODE)
1761:Core/Src/bmp5/bmp5.c ****         {
1762:Core/Src/bmp5/bmp5.c ****             reg_data[0] = BMP5_SET_BITS_POS_0(reg_data[0], BMP5_FIFO_THRESHOLD, fifo->threshold);
1763:Core/Src/bmp5/bmp5.c ****         }
1764:Core/Src/bmp5/bmp5.c ****         else
1765:Core/Src/bmp5/bmp5.c ****         {
1766:Core/Src/bmp5/bmp5.c ****             rslt = BMP5_E_INVALID_THRESHOLD;
1767:Core/Src/bmp5/bmp5.c ****         }
1768:Core/Src/bmp5/bmp5.c ****     }
1769:Core/Src/bmp5/bmp5.c ****     else if (fifo->frame_sel == BMP5_FIFO_PRESS_TEMP_DATA)
 150              		.loc 1 1769 10 is_stmt 1 view .LVU39
 151              		.loc 1 1769 13 is_stmt 0 view .LVU40
 152 000a 032A     		cmp	r2, #3
 153 000c 0DD0     		beq	.L18
1755:Core/Src/bmp5/bmp5.c **** 
 154              		.loc 1 1755 12 view .LVU41
 155 000e 0020     		movs	r0, #0
 156              	.LVL16:
1755:Core/Src/bmp5/bmp5.c **** 
 157              		.loc 1 1755 12 view .LVU42
 158 0010 7047     		bx	lr
 159              	.LVL17:
 160              	.L17:
1760:Core/Src/bmp5/bmp5.c ****         {
 161              		.loc 1 1760 9 is_stmt 1 view .LVU43
1760:Core/Src/bmp5/bmp5.c ****         {
 162              		.loc 1 1760 17 is_stmt 0 view .LVU44
ARM GAS  C:\Users\jason\AppData\Local\Temp\ccKYcdsQ.s 			page 35


 163 0012 8A7A     		ldrb	r2, [r1, #10]	@ zero_extendqisi2
1760:Core/Src/bmp5/bmp5.c ****         {
 164              		.loc 1 1760 12 view .LVU45
 165 0014 1F2A     		cmp	r2, #31
 166 0016 14D8     		bhi	.L14
1762:Core/Src/bmp5/bmp5.c ****         }
 167              		.loc 1 1762 13 is_stmt 1 view .LVU46
1762:Core/Src/bmp5/bmp5.c ****         }
 168              		.loc 1 1762 27 is_stmt 0 view .LVU47
 169 0018 0378     		ldrb	r3, [r0]	@ zero_extendqisi2
1762:Core/Src/bmp5/bmp5.c ****         }
 170              		.loc 1 1762 25 view .LVU48
 171 001a 23F01F03 		bic	r3, r3, #31
 172 001e 02F01F02 		and	r2, r2, #31
 173 0022 1343     		orrs	r3, r3, r2
 174 0024 0370     		strb	r3, [r0]
1755:Core/Src/bmp5/bmp5.c **** 
 175              		.loc 1 1755 12 view .LVU49
 176 0026 0020     		movs	r0, #0
 177              	.LVL18:
1755:Core/Src/bmp5/bmp5.c **** 
 178              		.loc 1 1755 12 view .LVU50
 179 0028 7047     		bx	lr
 180              	.LVL19:
 181              	.L18:
1770:Core/Src/bmp5/bmp5.c ****     {
1771:Core/Src/bmp5/bmp5.c ****         /* If both pressure and temperature is selected, maximum 15 frames can be set as threshold 
1772:Core/Src/bmp5/bmp5.c ****         if (fifo->threshold <= BMP5_FIFO_MAX_THRESHOLD_P_T_MODE)
 182              		.loc 1 1772 9 is_stmt 1 view .LVU51
 183              		.loc 1 1772 17 is_stmt 0 view .LVU52
 184 002a 8B7A     		ldrb	r3, [r1, #10]	@ zero_extendqisi2
 185              		.loc 1 1772 12 view .LVU53
 186 002c 0F2B     		cmp	r3, #15
 187 002e 0BD8     		bhi	.L16
1773:Core/Src/bmp5/bmp5.c ****         {
1774:Core/Src/bmp5/bmp5.c ****             reg_data[0] = BMP5_SET_BITS_POS_0(reg_data[0], BMP5_FIFO_THRESHOLD, fifo->threshold);
 188              		.loc 1 1774 13 is_stmt 1 view .LVU54
 189              		.loc 1 1774 27 is_stmt 0 view .LVU55
 190 0030 0278     		ldrb	r2, [r0]	@ zero_extendqisi2
 191              		.loc 1 1774 25 view .LVU56
 192 0032 03F01F03 		and	r3, r3, #31
 193 0036 22F01F02 		bic	r2, r2, #31
 194 003a 1343     		orrs	r3, r3, r2
 195 003c 0370     		strb	r3, [r0]
1755:Core/Src/bmp5/bmp5.c **** 
 196              		.loc 1 1755 12 view .LVU57
 197 003e 0020     		movs	r0, #0
 198              	.LVL20:
1755:Core/Src/bmp5/bmp5.c **** 
 199              		.loc 1 1755 12 view .LVU58
 200 0040 7047     		bx	lr
 201              	.LVL21:
 202              	.L14:
1766:Core/Src/bmp5/bmp5.c ****         }
 203              		.loc 1 1766 18 view .LVU59
 204 0042 6FF00700 		mvn	r0, #7
 205              	.LVL22:
ARM GAS  C:\Users\jason\AppData\Local\Temp\ccKYcdsQ.s 			page 36


1766:Core/Src/bmp5/bmp5.c ****         }
 206              		.loc 1 1766 18 view .LVU60
 207 0046 7047     		bx	lr
 208              	.LVL23:
 209              	.L16:
1775:Core/Src/bmp5/bmp5.c ****         }
1776:Core/Src/bmp5/bmp5.c ****         else
1777:Core/Src/bmp5/bmp5.c ****         {
1778:Core/Src/bmp5/bmp5.c ****             rslt = BMP5_E_INVALID_THRESHOLD;
 210              		.loc 1 1778 18 view .LVU61
 211 0048 6FF00700 		mvn	r0, #7
 212              	.LVL24:
1779:Core/Src/bmp5/bmp5.c ****         }
1780:Core/Src/bmp5/bmp5.c ****     }
1781:Core/Src/bmp5/bmp5.c **** 
1782:Core/Src/bmp5/bmp5.c ****     return rslt;
 213              		.loc 1 1782 5 is_stmt 1 view .LVU62
1783:Core/Src/bmp5/bmp5.c **** }
 214              		.loc 1 1783 1 is_stmt 0 view .LVU63
 215 004c 7047     		bx	lr
 216              		.cfi_endproc
 217              	.LFE177:
 219              		.section	.text.unpack_sensor_data,"ax",%progbits
 220              		.align	1
 221              		.syntax unified
 222              		.thumb
 223              		.thumb_func
 225              	unpack_sensor_data:
 226              	.LVL25:
 227              	.LFB178:
1784:Core/Src/bmp5/bmp5.c **** 
1785:Core/Src/bmp5/bmp5.c **** /*!
1786:Core/Src/bmp5/bmp5.c **** * @brief This internal API is used to unpack the fifo data and store it in the bmp5_sensor_data str
1787:Core/Src/bmp5/bmp5.c ****  */
1788:Core/Src/bmp5/bmp5.c **** static int8_t unpack_sensor_data(struct bmp5_sensor_data *sensor_data,
1789:Core/Src/bmp5/bmp5.c ****                                  uint16_t *data_index,
1790:Core/Src/bmp5/bmp5.c ****                                  const struct bmp5_fifo *fifo)
1791:Core/Src/bmp5/bmp5.c **** {
 228              		.loc 1 1791 1 is_stmt 1 view -0
 229              		.cfi_startproc
 230              		@ args = 0, pretend = 0, frame = 0
 231              		@ frame_needed = 0, uses_anonymous_args = 0
 232              		.loc 1 1791 1 is_stmt 0 view .LVU65
 233 0000 10B5     		push	{r4, lr}
 234              		.cfi_def_cfa_offset 8
 235              		.cfi_offset 4, -8
 236              		.cfi_offset 14, -4
1792:Core/Src/bmp5/bmp5.c ****     int8_t rslt = 0;
 237              		.loc 1 1792 5 is_stmt 1 view .LVU66
 238              	.LVL26:
1793:Core/Src/bmp5/bmp5.c ****     int32_t raw_data_t;
 239              		.loc 1 1793 5 view .LVU67
1794:Core/Src/bmp5/bmp5.c ****     uint32_t raw_data_p;
 240              		.loc 1 1794 5 view .LVU68
1795:Core/Src/bmp5/bmp5.c **** 
1796:Core/Src/bmp5/bmp5.c ****     switch (fifo->frame_sel)
 241              		.loc 1 1796 5 view .LVU69
ARM GAS  C:\Users\jason\AppData\Local\Temp\ccKYcdsQ.s 			page 37


 242              		.loc 1 1796 17 is_stmt 0 view .LVU70
 243 0002 9379     		ldrb	r3, [r2, #6]	@ zero_extendqisi2
 244              		.loc 1 1796 5 view .LVU71
 245 0004 022B     		cmp	r3, #2
 246 0006 39D0     		beq	.L20
 247 0008 032B     		cmp	r3, #3
 248 000a 6CD0     		beq	.L21
 249 000c 012B     		cmp	r3, #1
 250 000e 40F0D080 		bne	.L22
1797:Core/Src/bmp5/bmp5.c ****     {
1798:Core/Src/bmp5/bmp5.c ****         case BMP5_FIFO_TEMPERATURE_DATA:
1799:Core/Src/bmp5/bmp5.c **** 
1800:Core/Src/bmp5/bmp5.c ****             /* Check if fifo frame is empty */
1801:Core/Src/bmp5/bmp5.c ****             if (!((fifo->data[*data_index] == BMP5_FIFO_EMPTY) && (fifo->data[*data_index + 1] == B
 251              		.loc 1 1801 13 is_stmt 1 view .LVU72
 252              		.loc 1 1801 24 is_stmt 0 view .LVU73
 253 0012 D2F800C0 		ldr	ip, [r2]
 254              		.loc 1 1801 31 view .LVU74
 255 0016 0B88     		ldrh	r3, [r1]
 256              		.loc 1 1801 30 view .LVU75
 257 0018 1CF803E0 		ldrb	lr, [ip, r3]	@ zero_extendqisi2
 258              		.loc 1 1801 16 view .LVU76
 259 001c BEF17F0F 		cmp	lr, #127
 260 0020 1DD0     		beq	.L31
 261              	.L23:
1802:Core/Src/bmp5/bmp5.c ****                   (fifo->data[*data_index + 2] == BMP5_FIFO_EMPTY)))
1803:Core/Src/bmp5/bmp5.c ****             {
1804:Core/Src/bmp5/bmp5.c ****                 raw_data_t =
 262              		.loc 1 1804 17 is_stmt 1 view .LVU77
1805:Core/Src/bmp5/bmp5.c ****                     (int32_t)((uint32_t)fifo->data[*data_index + 2] << 16 | (uint16_t)fifo->data[*d
 263              		.loc 1 1805 64 is_stmt 0 view .LVU78
 264 0022 9A1C     		adds	r2, r3, #2
 265              	.LVL27:
 266              		.loc 1 1805 51 view .LVU79
 267 0024 1CF80220 		ldrb	r2, [ip, r2]	@ zero_extendqisi2
 268              		.loc 1 1805 110 view .LVU80
 269 0028 0133     		adds	r3, r3, #1
 270              		.loc 1 1805 97 view .LVU81
 271 002a 1CF80330 		ldrb	r3, [ip, r3]	@ zero_extendqisi2
 272              		.loc 1 1805 115 view .LVU82
 273 002e 1B02     		lsls	r3, r3, #8
 274              		.loc 1 1805 75 view .LVU83
 275 0030 43EA0243 		orr	r3, r3, r2, lsl #16
 276              		.loc 1 1805 120 view .LVU84
 277 0034 43EA0E03 		orr	r3, r3, lr
 278 0038 07EE103A 		vmov	s14, r3	@ int
 279              	.LVL28:
1806:Core/Src/bmp5/bmp5.c ****                         fifo->data[*data_index]);
1807:Core/Src/bmp5/bmp5.c **** 
1808:Core/Src/bmp5/bmp5.c **** #ifdef BMP5_USE_FIXED_POINT
1809:Core/Src/bmp5/bmp5.c **** 
1810:Core/Src/bmp5/bmp5.c ****                 /* Division by 2^16(whose equivalent value is 65536) is performed to get temperatur
1811:Core/Src/bmp5/bmp5.c ****                  * precision in deg C
1812:Core/Src/bmp5/bmp5.c ****                  */
1813:Core/Src/bmp5/bmp5.c ****                 sensor_data->temperature =
1814:Core/Src/bmp5/bmp5.c ****                     (int64_t)((raw_data_t / (int64_t)65536.0) * (power(10, BMP5_FIXED_POINT_DIGIT_P
1815:Core/Src/bmp5/bmp5.c **** #else
ARM GAS  C:\Users\jason\AppData\Local\Temp\ccKYcdsQ.s 			page 38


1816:Core/Src/bmp5/bmp5.c **** 
1817:Core/Src/bmp5/bmp5.c ****                 /* Division by 2^16(whose equivalent value is 65536) is performed to get temperatur
1818:Core/Src/bmp5/bmp5.c ****                 sensor_data->temperature = (float)(raw_data_t / 65536.0);
 280              		.loc 1 1818 17 is_stmt 1 view .LVU85
 281              		.loc 1 1818 63 is_stmt 0 view .LVU86
 282 003c B8EEC77B 		vcvt.f64.s32	d7, s14
 283 0040 9FED5F6B 		vldr.64	d6, .L34
 284 0044 27EE067B 		vmul.f64	d7, d7, d6
 285              		.loc 1 1818 44 view .LVU87
 286 0048 B7EEC77B 		vcvt.f32.f64	s14, d7
 287              		.loc 1 1818 42 view .LVU88
 288 004c 80ED017A 		vstr.32	s14, [r0, #4]
1819:Core/Src/bmp5/bmp5.c **** #endif
1820:Core/Src/bmp5/bmp5.c **** 
1821:Core/Src/bmp5/bmp5.c ****                 sensor_data->pressure = 0.0;
 289              		.loc 1 1821 17 is_stmt 1 view .LVU89
 290              		.loc 1 1821 39 is_stmt 0 view .LVU90
 291 0050 0023     		movs	r3, #0
 292              	.LVL29:
 293              		.loc 1 1821 39 view .LVU91
 294 0052 0360     		str	r3, [r0]	@ float
1822:Core/Src/bmp5/bmp5.c ****                 *data_index += 3;
 295              		.loc 1 1822 17 is_stmt 1 view .LVU92
 296 0054 0B88     		ldrh	r3, [r1]
 297              		.loc 1 1822 29 is_stmt 0 view .LVU93
 298 0056 0333     		adds	r3, r3, #3
 299 0058 0B80     		strh	r3, [r1]	@ movhi
1792:Core/Src/bmp5/bmp5.c ****     int32_t raw_data_t;
 300              		.loc 1 1792 12 view .LVU94
 301 005a 0020     		movs	r0, #0
 302              	.LVL30:
 303              		.loc 1 1822 29 view .LVU95
 304 005c ADE0     		b	.L25
 305              	.LVL31:
 306              	.L31:
1801:Core/Src/bmp5/bmp5.c ****                   (fifo->data[*data_index + 2] == BMP5_FIFO_EMPTY)))
 307              		.loc 1 1801 91 discriminator 1 view .LVU96
 308 005e 5C1C     		adds	r4, r3, #1
1801:Core/Src/bmp5/bmp5.c ****                   (fifo->data[*data_index + 2] == BMP5_FIFO_EMPTY)))
 309              		.loc 1 1801 78 discriminator 1 view .LVU97
 310 0060 1CF80440 		ldrb	r4, [ip, r4]	@ zero_extendqisi2
1801:Core/Src/bmp5/bmp5.c ****                   (fifo->data[*data_index + 2] == BMP5_FIFO_EMPTY)))
 311              		.loc 1 1801 64 discriminator 1 view .LVU98
 312 0064 7F2C     		cmp	r4, #127
 313 0066 DCD1     		bne	.L23
1802:Core/Src/bmp5/bmp5.c ****             {
 314              		.loc 1 1802 43 view .LVU99
 315 0068 9C1C     		adds	r4, r3, #2
1802:Core/Src/bmp5/bmp5.c ****             {
 316              		.loc 1 1802 30 view .LVU100
 317 006a 1CF80440 		ldrb	r4, [ip, r4]	@ zero_extendqisi2
1801:Core/Src/bmp5/bmp5.c ****                   (fifo->data[*data_index + 2] == BMP5_FIFO_EMPTY)))
 318              		.loc 1 1801 17 discriminator 2 view .LVU101
 319 006e 7F2C     		cmp	r4, #127
 320 0070 D7D1     		bne	.L23
1823:Core/Src/bmp5/bmp5.c ****             }
1824:Core/Src/bmp5/bmp5.c ****             else
ARM GAS  C:\Users\jason\AppData\Local\Temp\ccKYcdsQ.s 			page 39


1825:Core/Src/bmp5/bmp5.c ****             {
1826:Core/Src/bmp5/bmp5.c ****                 rslt = BMP5_E_FIFO_FRAME_EMPTY;
 321              		.loc 1 1826 17 is_stmt 1 view .LVU102
 322              	.LVL32:
1827:Core/Src/bmp5/bmp5.c **** 
1828:Core/Src/bmp5/bmp5.c ****                 /* Move the data index to the last byte to mark completion */
1829:Core/Src/bmp5/bmp5.c ****                 *data_index = fifo->length;
 323              		.loc 1 1829 17 view .LVU103
 324              		.loc 1 1829 35 is_stmt 0 view .LVU104
 325 0072 9388     		ldrh	r3, [r2, #4]
 326              		.loc 1 1829 29 view .LVU105
 327 0074 0B80     		strh	r3, [r1]	@ movhi
1826:Core/Src/bmp5/bmp5.c **** 
 328              		.loc 1 1826 22 view .LVU106
 329 0076 6FF00800 		mvn	r0, #8
 330              	.LVL33:
1826:Core/Src/bmp5/bmp5.c **** 
 331              		.loc 1 1826 22 view .LVU107
 332 007a 9EE0     		b	.L25
 333              	.LVL34:
 334              	.L20:
1830:Core/Src/bmp5/bmp5.c ****             }
1831:Core/Src/bmp5/bmp5.c **** 
1832:Core/Src/bmp5/bmp5.c ****             break;
1833:Core/Src/bmp5/bmp5.c ****         case BMP5_FIFO_PRESSURE_DATA:
1834:Core/Src/bmp5/bmp5.c **** 
1835:Core/Src/bmp5/bmp5.c ****             /* Check if fifo frame is empty */
1836:Core/Src/bmp5/bmp5.c ****             if (!((fifo->data[*data_index] == BMP5_FIFO_EMPTY) && (fifo->data[*data_index + 1] == B
 335              		.loc 1 1836 13 is_stmt 1 view .LVU108
 336              		.loc 1 1836 24 is_stmt 0 view .LVU109
 337 007c D2F800C0 		ldr	ip, [r2]
 338              		.loc 1 1836 31 view .LVU110
 339 0080 0B88     		ldrh	r3, [r1]
 340              		.loc 1 1836 30 view .LVU111
 341 0082 1CF803E0 		ldrb	lr, [ip, r3]	@ zero_extendqisi2
 342              		.loc 1 1836 16 view .LVU112
 343 0086 BEF17F0F 		cmp	lr, #127
 344 008a 1DD0     		beq	.L32
 345              	.L26:
1837:Core/Src/bmp5/bmp5.c ****                   (fifo->data[*data_index + 2] == BMP5_FIFO_EMPTY)))
1838:Core/Src/bmp5/bmp5.c ****             {
1839:Core/Src/bmp5/bmp5.c ****                 raw_data_p =
 346              		.loc 1 1839 17 is_stmt 1 view .LVU113
1840:Core/Src/bmp5/bmp5.c ****                     (uint32_t)((uint32_t)fifo->data[(*data_index) + 2] << 16 |
 347              		.loc 1 1840 67 is_stmt 0 view .LVU114
 348 008c 9A1C     		adds	r2, r3, #2
 349              	.LVL35:
 350              		.loc 1 1840 52 view .LVU115
 351 008e 1CF80220 		ldrb	r2, [ip, r2]	@ zero_extendqisi2
1841:Core/Src/bmp5/bmp5.c ****                                (uint16_t)fifo->data[(*data_index) + 1] << 8 |
 352              		.loc 1 1841 67 view .LVU116
 353 0092 0133     		adds	r3, r3, #1
 354              		.loc 1 1841 52 view .LVU117
 355 0094 1CF80330 		ldrb	r3, [ip, r3]	@ zero_extendqisi2
 356              		.loc 1 1841 72 view .LVU118
 357 0098 1B02     		lsls	r3, r3, #8
1840:Core/Src/bmp5/bmp5.c ****                     (uint32_t)((uint32_t)fifo->data[(*data_index) + 2] << 16 |
ARM GAS  C:\Users\jason\AppData\Local\Temp\ccKYcdsQ.s 			page 40


 358              		.loc 1 1840 78 view .LVU119
 359 009a 43EA0243 		orr	r3, r3, r2, lsl #16
1839:Core/Src/bmp5/bmp5.c ****                     (uint32_t)((uint32_t)fifo->data[(*data_index) + 2] << 16 |
 360              		.loc 1 1839 28 view .LVU120
 361 009e 43EA0E03 		orr	r3, r3, lr
 362 00a2 07EE103A 		vmov	s14, r3	@ int
 363              	.LVL36:
1842:Core/Src/bmp5/bmp5.c ****                         fifo->data[*data_index]);
1843:Core/Src/bmp5/bmp5.c **** 
1844:Core/Src/bmp5/bmp5.c **** #ifdef BMP5_USE_FIXED_POINT
1845:Core/Src/bmp5/bmp5.c **** 
1846:Core/Src/bmp5/bmp5.c ****                 /* Division by 2^6(whose equivalent value is 64) is performed to get pressure data 
1847:Core/Src/bmp5/bmp5.c ****                  * precision in Pa
1848:Core/Src/bmp5/bmp5.c ****                  */
1849:Core/Src/bmp5/bmp5.c ****                 sensor_data->pressure =
1850:Core/Src/bmp5/bmp5.c ****                     (uint64_t)((raw_data_p / (uint64_t)64.0) * (power(10, BMP5_FIXED_POINT_DIGIT_PR
1851:Core/Src/bmp5/bmp5.c **** #else
1852:Core/Src/bmp5/bmp5.c **** 
1853:Core/Src/bmp5/bmp5.c ****                 /* Division by 2^6(whose equivalent value is 64) is performed to get pressure data 
1854:Core/Src/bmp5/bmp5.c ****                 sensor_data->pressure = (float)(raw_data_p / 64.0);
 364              		.loc 1 1854 17 is_stmt 1 view .LVU121
 365              		.loc 1 1854 60 is_stmt 0 view .LVU122
 366 00a6 B8EE477B 		vcvt.f64.u32	d7, s14
 367 00aa 9FED476B 		vldr.64	d6, .L34+8
 368 00ae 27EE067B 		vmul.f64	d7, d7, d6
 369              		.loc 1 1854 41 view .LVU123
 370 00b2 B7EEC77B 		vcvt.f32.f64	s14, d7
 371              		.loc 1 1854 39 view .LVU124
 372 00b6 80ED007A 		vstr.32	s14, [r0]
1855:Core/Src/bmp5/bmp5.c **** #endif
1856:Core/Src/bmp5/bmp5.c **** 
1857:Core/Src/bmp5/bmp5.c ****                 sensor_data->temperature = 0.0;
 373              		.loc 1 1857 17 is_stmt 1 view .LVU125
 374              		.loc 1 1857 42 is_stmt 0 view .LVU126
 375 00ba 0023     		movs	r3, #0
 376              	.LVL37:
 377              		.loc 1 1857 42 view .LVU127
 378 00bc 4360     		str	r3, [r0, #4]	@ float
1858:Core/Src/bmp5/bmp5.c ****                 *data_index += 3;
 379              		.loc 1 1858 17 is_stmt 1 view .LVU128
 380 00be 0B88     		ldrh	r3, [r1]
 381              		.loc 1 1858 29 is_stmt 0 view .LVU129
 382 00c0 0333     		adds	r3, r3, #3
 383 00c2 0B80     		strh	r3, [r1]	@ movhi
1792:Core/Src/bmp5/bmp5.c ****     int32_t raw_data_t;
 384              		.loc 1 1792 12 view .LVU130
 385 00c4 0020     		movs	r0, #0
 386              	.LVL38:
 387              		.loc 1 1858 29 view .LVU131
 388 00c6 78E0     		b	.L25
 389              	.LVL39:
 390              	.L32:
1836:Core/Src/bmp5/bmp5.c ****                   (fifo->data[*data_index + 2] == BMP5_FIFO_EMPTY)))
 391              		.loc 1 1836 91 discriminator 1 view .LVU132
 392 00c8 5C1C     		adds	r4, r3, #1
1836:Core/Src/bmp5/bmp5.c ****                   (fifo->data[*data_index + 2] == BMP5_FIFO_EMPTY)))
 393              		.loc 1 1836 78 discriminator 1 view .LVU133
ARM GAS  C:\Users\jason\AppData\Local\Temp\ccKYcdsQ.s 			page 41


 394 00ca 1CF80440 		ldrb	r4, [ip, r4]	@ zero_extendqisi2
1836:Core/Src/bmp5/bmp5.c ****                   (fifo->data[*data_index + 2] == BMP5_FIFO_EMPTY)))
 395              		.loc 1 1836 64 discriminator 1 view .LVU134
 396 00ce 7F2C     		cmp	r4, #127
 397 00d0 DCD1     		bne	.L26
1837:Core/Src/bmp5/bmp5.c ****             {
 398              		.loc 1 1837 43 view .LVU135
 399 00d2 9C1C     		adds	r4, r3, #2
1837:Core/Src/bmp5/bmp5.c ****             {
 400              		.loc 1 1837 30 view .LVU136
 401 00d4 1CF80440 		ldrb	r4, [ip, r4]	@ zero_extendqisi2
1836:Core/Src/bmp5/bmp5.c ****                   (fifo->data[*data_index + 2] == BMP5_FIFO_EMPTY)))
 402              		.loc 1 1836 17 discriminator 2 view .LVU137
 403 00d8 7F2C     		cmp	r4, #127
 404 00da D7D1     		bne	.L26
1859:Core/Src/bmp5/bmp5.c ****             }
1860:Core/Src/bmp5/bmp5.c ****             else
1861:Core/Src/bmp5/bmp5.c ****             {
1862:Core/Src/bmp5/bmp5.c ****                 rslt = BMP5_E_FIFO_FRAME_EMPTY;
 405              		.loc 1 1862 17 is_stmt 1 view .LVU138
 406              	.LVL40:
1863:Core/Src/bmp5/bmp5.c **** 
1864:Core/Src/bmp5/bmp5.c ****                 /* Move the data index to the last byte to mark completion */
1865:Core/Src/bmp5/bmp5.c ****                 *data_index = fifo->length;
 407              		.loc 1 1865 17 view .LVU139
 408              		.loc 1 1865 35 is_stmt 0 view .LVU140
 409 00dc 9388     		ldrh	r3, [r2, #4]
 410              		.loc 1 1865 29 view .LVU141
 411 00de 0B80     		strh	r3, [r1]	@ movhi
1862:Core/Src/bmp5/bmp5.c **** 
 412              		.loc 1 1862 22 view .LVU142
 413 00e0 6FF00800 		mvn	r0, #8
 414              	.LVL41:
1862:Core/Src/bmp5/bmp5.c **** 
 415              		.loc 1 1862 22 view .LVU143
 416 00e4 69E0     		b	.L25
 417              	.LVL42:
 418              	.L21:
1866:Core/Src/bmp5/bmp5.c ****             }
1867:Core/Src/bmp5/bmp5.c **** 
1868:Core/Src/bmp5/bmp5.c ****             break;
1869:Core/Src/bmp5/bmp5.c ****         case BMP5_FIFO_PRESS_TEMP_DATA:
1870:Core/Src/bmp5/bmp5.c ****             if (!((fifo->data[*data_index] == BMP5_FIFO_EMPTY) && (fifo->data[*data_index + 1] == B
 419              		.loc 1 1870 13 is_stmt 1 view .LVU144
 420              		.loc 1 1870 24 is_stmt 0 view .LVU145
 421 00e6 D2F800E0 		ldr	lr, [r2]
 422              		.loc 1 1870 31 view .LVU146
 423 00ea B1F800C0 		ldrh	ip, [r1]
 424              		.loc 1 1870 30 view .LVU147
 425 00ee 1EF80C30 		ldrb	r3, [lr, ip]	@ zero_extendqisi2
 426 00f2 1C46     		mov	r4, r3
 427              		.loc 1 1870 16 view .LVU148
 428 00f4 7F2B     		cmp	r3, #127
 429 00f6 39D0     		beq	.L33
 430              	.L28:
1871:Core/Src/bmp5/bmp5.c ****                   (fifo->data[*data_index + 2] == BMP5_FIFO_EMPTY) &&
1872:Core/Src/bmp5/bmp5.c ****                   (fifo->data[*data_index + 3] == BMP5_FIFO_EMPTY) &&
ARM GAS  C:\Users\jason\AppData\Local\Temp\ccKYcdsQ.s 			page 42


1873:Core/Src/bmp5/bmp5.c ****                   (fifo->data[*data_index + 4] == BMP5_FIFO_EMPTY) && (fifo->data[*data_index + 5] 
1874:Core/Src/bmp5/bmp5.c ****             {
1875:Core/Src/bmp5/bmp5.c ****                 raw_data_t =
 431              		.loc 1 1875 17 is_stmt 1 view .LVU149
1876:Core/Src/bmp5/bmp5.c ****                     (int32_t)((uint32_t)fifo->data[*data_index + 2] << 16 | (uint16_t)fifo->data[*d
 432              		.loc 1 1876 64 is_stmt 0 view .LVU150
 433 00f8 0CF10203 		add	r3, ip, #2
 434              		.loc 1 1876 51 view .LVU151
 435 00fc 1EF80320 		ldrb	r2, [lr, r3]	@ zero_extendqisi2
 436              	.LVL43:
 437              		.loc 1 1876 110 view .LVU152
 438 0100 0CF10103 		add	r3, ip, #1
 439              		.loc 1 1876 97 view .LVU153
 440 0104 1EF80330 		ldrb	r3, [lr, r3]	@ zero_extendqisi2
 441              		.loc 1 1876 115 view .LVU154
 442 0108 1B02     		lsls	r3, r3, #8
 443              		.loc 1 1876 75 view .LVU155
 444 010a 43EA0243 		orr	r3, r3, r2, lsl #16
 445              		.loc 1 1876 120 view .LVU156
 446 010e 2246     		mov	r2, r4
 447 0110 1A43     		orrs	r2, r2, r3
 448 0112 06EE102A 		vmov	s12, r2	@ int
 449              	.LVL44:
1877:Core/Src/bmp5/bmp5.c ****                         fifo->data[*data_index]);
1878:Core/Src/bmp5/bmp5.c **** 
1879:Core/Src/bmp5/bmp5.c ****                 raw_data_p =
 450              		.loc 1 1879 17 is_stmt 1 view .LVU157
1880:Core/Src/bmp5/bmp5.c ****                     (uint32_t)((uint32_t)fifo->data[(*data_index) + 5] << 16 |
 451              		.loc 1 1880 67 is_stmt 0 view .LVU158
 452 0116 0CF10503 		add	r3, ip, #5
 453              		.loc 1 1880 52 view .LVU159
 454 011a 1EF80320 		ldrb	r2, [lr, r3]	@ zero_extendqisi2
 455              	.LVL45:
1881:Core/Src/bmp5/bmp5.c ****                                (uint16_t)fifo->data[(*data_index) + 4] << 8 |
 456              		.loc 1 1881 67 view .LVU160
 457 011e 0CF10403 		add	r3, ip, #4
 458              		.loc 1 1881 52 view .LVU161
 459 0122 1EF80330 		ldrb	r3, [lr, r3]	@ zero_extendqisi2
 460              		.loc 1 1881 72 view .LVU162
 461 0126 1B02     		lsls	r3, r3, #8
1880:Core/Src/bmp5/bmp5.c ****                     (uint32_t)((uint32_t)fifo->data[(*data_index) + 5] << 16 |
 462              		.loc 1 1880 78 view .LVU163
 463 0128 43EA0243 		orr	r3, r3, r2, lsl #16
1882:Core/Src/bmp5/bmp5.c ****                         fifo->data[*data_index + 3]);
 464              		.loc 1 1882 48 view .LVU164
 465 012c 0CF10302 		add	r2, ip, #3
 466              		.loc 1 1882 35 view .LVU165
 467 0130 1EF80220 		ldrb	r2, [lr, r2]	@ zero_extendqisi2
1879:Core/Src/bmp5/bmp5.c ****                     (uint32_t)((uint32_t)fifo->data[(*data_index) + 5] << 16 |
 468              		.loc 1 1879 28 view .LVU166
 469 0134 1343     		orrs	r3, r3, r2
 470 0136 07EE103A 		vmov	s14, r3	@ int
 471              	.LVL46:
1883:Core/Src/bmp5/bmp5.c **** 
1884:Core/Src/bmp5/bmp5.c **** #ifdef BMP5_USE_FIXED_POINT
1885:Core/Src/bmp5/bmp5.c **** 
1886:Core/Src/bmp5/bmp5.c ****                 /* Division by 2^16(whose equivalent value is 65536) is performed to get temperatur
ARM GAS  C:\Users\jason\AppData\Local\Temp\ccKYcdsQ.s 			page 43


1887:Core/Src/bmp5/bmp5.c ****                  * precision in deg C
1888:Core/Src/bmp5/bmp5.c ****                  */
1889:Core/Src/bmp5/bmp5.c ****                 sensor_data->temperature =
1890:Core/Src/bmp5/bmp5.c ****                     (int64_t)((raw_data_t / (int64_t)65536.0) * (power(10, BMP5_FIXED_POINT_DIGIT_P
1891:Core/Src/bmp5/bmp5.c **** 
1892:Core/Src/bmp5/bmp5.c ****                 /* Division by 2^6(whose equivalent value is 64) is performed to get pressure data 
1893:Core/Src/bmp5/bmp5.c ****                  * precision in Pa
1894:Core/Src/bmp5/bmp5.c ****                  */
1895:Core/Src/bmp5/bmp5.c ****                 sensor_data->pressure =
1896:Core/Src/bmp5/bmp5.c ****                     (uint64_t)((raw_data_p / (uint64_t)64.0) * (power(10, BMP5_FIXED_POINT_DIGIT_PR
1897:Core/Src/bmp5/bmp5.c **** #else
1898:Core/Src/bmp5/bmp5.c **** 
1899:Core/Src/bmp5/bmp5.c ****                 /* Division by 2^16(whose equivalent value is 65536) is performed to get temperatur
1900:Core/Src/bmp5/bmp5.c ****                 sensor_data->temperature = (float)(raw_data_t / 65536.0);
 472              		.loc 1 1900 17 is_stmt 1 view .LVU167
 473              		.loc 1 1900 63 is_stmt 0 view .LVU168
 474 013a B8EEC66B 		vcvt.f64.s32	d6, s12
 475              	.LVL47:
 476              		.loc 1 1900 63 view .LVU169
 477 013e 9FED205B 		vldr.64	d5, .L34
 478 0142 26EE056B 		vmul.f64	d6, d6, d5
 479              		.loc 1 1900 44 view .LVU170
 480 0146 B7EEC66B 		vcvt.f32.f64	s12, d6
 481              		.loc 1 1900 42 view .LVU171
 482 014a 80ED016A 		vstr.32	s12, [r0, #4]
 483              	.LVL48:
1901:Core/Src/bmp5/bmp5.c **** 
1902:Core/Src/bmp5/bmp5.c ****                 /* Division by 2^6(whose equivalent value is 64) is performed to get pressure data 
1903:Core/Src/bmp5/bmp5.c ****                 sensor_data->pressure = (float)(raw_data_p / 64.0);
 484              		.loc 1 1903 17 is_stmt 1 view .LVU172
 485              		.loc 1 1903 60 is_stmt 0 view .LVU173
 486 014e B8EE477B 		vcvt.f64.u32	d7, s14
 487 0152 9FED1D6B 		vldr.64	d6, .L34+8
 488 0156 27EE067B 		vmul.f64	d7, d7, d6
 489              		.loc 1 1903 41 view .LVU174
 490 015a B7EEC77B 		vcvt.f32.f64	s14, d7
 491              		.loc 1 1903 39 view .LVU175
 492 015e 80ED007A 		vstr.32	s14, [r0]
1904:Core/Src/bmp5/bmp5.c **** #endif
1905:Core/Src/bmp5/bmp5.c **** 
1906:Core/Src/bmp5/bmp5.c ****                 *data_index += 6;
 493              		.loc 1 1906 17 is_stmt 1 view .LVU176
 494 0162 0B88     		ldrh	r3, [r1]
 495              	.LVL49:
 496              		.loc 1 1906 29 is_stmt 0 view .LVU177
 497 0164 0633     		adds	r3, r3, #6
 498 0166 0B80     		strh	r3, [r1]	@ movhi
1792:Core/Src/bmp5/bmp5.c ****     int32_t raw_data_t;
 499              		.loc 1 1792 12 view .LVU178
 500 0168 0020     		movs	r0, #0
 501              	.LVL50:
 502              		.loc 1 1906 29 view .LVU179
 503 016a 26E0     		b	.L25
 504              	.LVL51:
 505              	.L33:
1870:Core/Src/bmp5/bmp5.c ****                   (fifo->data[*data_index + 2] == BMP5_FIFO_EMPTY) &&
 506              		.loc 1 1870 91 discriminator 1 view .LVU180
ARM GAS  C:\Users\jason\AppData\Local\Temp\ccKYcdsQ.s 			page 44


 507 016c 0CF10103 		add	r3, ip, #1
1870:Core/Src/bmp5/bmp5.c ****                   (fifo->data[*data_index + 2] == BMP5_FIFO_EMPTY) &&
 508              		.loc 1 1870 78 discriminator 1 view .LVU181
 509 0170 1EF80330 		ldrb	r3, [lr, r3]	@ zero_extendqisi2
1870:Core/Src/bmp5/bmp5.c ****                   (fifo->data[*data_index + 2] == BMP5_FIFO_EMPTY) &&
 510              		.loc 1 1870 64 discriminator 1 view .LVU182
 511 0174 7F2B     		cmp	r3, #127
 512 0176 BFD1     		bne	.L28
1871:Core/Src/bmp5/bmp5.c ****                   (fifo->data[*data_index + 3] == BMP5_FIFO_EMPTY) &&
 513              		.loc 1 1871 43 view .LVU183
 514 0178 0CF10203 		add	r3, ip, #2
1871:Core/Src/bmp5/bmp5.c ****                   (fifo->data[*data_index + 3] == BMP5_FIFO_EMPTY) &&
 515              		.loc 1 1871 30 view .LVU184
 516 017c 1EF80330 		ldrb	r3, [lr, r3]	@ zero_extendqisi2
1870:Core/Src/bmp5/bmp5.c ****                   (fifo->data[*data_index + 2] == BMP5_FIFO_EMPTY) &&
 517              		.loc 1 1870 116 discriminator 2 view .LVU185
 518 0180 7F2B     		cmp	r3, #127
 519 0182 B9D1     		bne	.L28
1872:Core/Src/bmp5/bmp5.c ****                   (fifo->data[*data_index + 4] == BMP5_FIFO_EMPTY) && (fifo->data[*data_index + 5] 
 520              		.loc 1 1872 43 view .LVU186
 521 0184 0CF10303 		add	r3, ip, #3
1872:Core/Src/bmp5/bmp5.c ****                   (fifo->data[*data_index + 4] == BMP5_FIFO_EMPTY) && (fifo->data[*data_index + 5] 
 522              		.loc 1 1872 30 view .LVU187
 523 0188 1EF80330 		ldrb	r3, [lr, r3]	@ zero_extendqisi2
1871:Core/Src/bmp5/bmp5.c ****                   (fifo->data[*data_index + 3] == BMP5_FIFO_EMPTY) &&
 524              		.loc 1 1871 68 view .LVU188
 525 018c 7F2B     		cmp	r3, #127
 526 018e B3D1     		bne	.L28
1873:Core/Src/bmp5/bmp5.c ****             {
 527              		.loc 1 1873 43 view .LVU189
 528 0190 0CF10403 		add	r3, ip, #4
1873:Core/Src/bmp5/bmp5.c ****             {
 529              		.loc 1 1873 30 view .LVU190
 530 0194 1EF80330 		ldrb	r3, [lr, r3]	@ zero_extendqisi2
1872:Core/Src/bmp5/bmp5.c ****                   (fifo->data[*data_index + 4] == BMP5_FIFO_EMPTY) && (fifo->data[*data_index + 5] 
 531              		.loc 1 1872 68 view .LVU191
 532 0198 7F2B     		cmp	r3, #127
 533 019a ADD1     		bne	.L28
1873:Core/Src/bmp5/bmp5.c ****             {
 534              		.loc 1 1873 95 view .LVU192
 535 019c 0CF10503 		add	r3, ip, #5
1873:Core/Src/bmp5/bmp5.c ****             {
 536              		.loc 1 1873 82 view .LVU193
 537 01a0 1EF80330 		ldrb	r3, [lr, r3]	@ zero_extendqisi2
1870:Core/Src/bmp5/bmp5.c ****                   (fifo->data[*data_index + 2] == BMP5_FIFO_EMPTY) &&
 538              		.loc 1 1870 17 view .LVU194
 539 01a4 7F2B     		cmp	r3, #127
 540 01a6 A7D1     		bne	.L28
1907:Core/Src/bmp5/bmp5.c ****             }
1908:Core/Src/bmp5/bmp5.c ****             else
1909:Core/Src/bmp5/bmp5.c ****             {
1910:Core/Src/bmp5/bmp5.c ****                 rslt = BMP5_E_FIFO_FRAME_EMPTY;
 541              		.loc 1 1910 17 is_stmt 1 view .LVU195
 542              	.LVL52:
1911:Core/Src/bmp5/bmp5.c **** 
1912:Core/Src/bmp5/bmp5.c ****                 /* Move the data index to the last byte to mark completion */
1913:Core/Src/bmp5/bmp5.c ****                 *data_index = fifo->length;
ARM GAS  C:\Users\jason\AppData\Local\Temp\ccKYcdsQ.s 			page 45


 543              		.loc 1 1913 17 view .LVU196
 544              		.loc 1 1913 35 is_stmt 0 view .LVU197
 545 01a8 9388     		ldrh	r3, [r2, #4]
 546              		.loc 1 1913 29 view .LVU198
 547 01aa 0B80     		strh	r3, [r1]	@ movhi
1910:Core/Src/bmp5/bmp5.c **** 
 548              		.loc 1 1910 22 view .LVU199
 549 01ac 6FF00800 		mvn	r0, #8
 550              	.LVL53:
1910:Core/Src/bmp5/bmp5.c **** 
 551              		.loc 1 1910 22 view .LVU200
 552 01b0 03E0     		b	.L25
 553              	.LVL54:
 554              	.L22:
1914:Core/Src/bmp5/bmp5.c ****             }
1915:Core/Src/bmp5/bmp5.c **** 
1916:Core/Src/bmp5/bmp5.c ****             break;
1917:Core/Src/bmp5/bmp5.c ****         default:
1918:Core/Src/bmp5/bmp5.c ****             sensor_data->pressure = 0.0;
 555              		.loc 1 1918 13 is_stmt 1 view .LVU201
 556              		.loc 1 1918 35 is_stmt 0 view .LVU202
 557 01b2 0023     		movs	r3, #0
 558 01b4 0360     		str	r3, [r0]	@ float
1919:Core/Src/bmp5/bmp5.c ****             sensor_data->temperature = 0.0;
 559              		.loc 1 1919 13 is_stmt 1 view .LVU203
 560              		.loc 1 1919 38 is_stmt 0 view .LVU204
 561 01b6 4360     		str	r3, [r0, #4]	@ float
1920:Core/Src/bmp5/bmp5.c ****             break;
 562              		.loc 1 1920 13 is_stmt 1 view .LVU205
1792:Core/Src/bmp5/bmp5.c ****     int32_t raw_data_t;
 563              		.loc 1 1792 12 is_stmt 0 view .LVU206
 564 01b8 0020     		movs	r0, #0
 565              	.LVL55:
 566              	.L25:
1921:Core/Src/bmp5/bmp5.c ****     }
1922:Core/Src/bmp5/bmp5.c **** 
1923:Core/Src/bmp5/bmp5.c ****     return rslt;
 567              		.loc 1 1923 5 is_stmt 1 view .LVU207
1924:Core/Src/bmp5/bmp5.c **** }
 568              		.loc 1 1924 1 is_stmt 0 view .LVU208
 569 01ba 10BD     		pop	{r4, pc}
 570              	.L35:
 571 01bc AFF30080 		.align	3
 572              	.L34:
 573 01c0 00000000 		.word	0
 574 01c4 0000F03E 		.word	1055916032
 575 01c8 00000000 		.word	0
 576 01cc 0000903F 		.word	1066401792
 577              		.cfi_endproc
 578              	.LFE178:
 580              		.section	.text.bmp5_get_regs,"ax",%progbits
 581              		.align	1
 582              		.global	bmp5_get_regs
 583              		.syntax unified
 584              		.thumb
 585              		.thumb_func
 587              	bmp5_get_regs:
ARM GAS  C:\Users\jason\AppData\Local\Temp\ccKYcdsQ.s 			page 46


 588              	.LVL56:
 589              	.LFB145:
 340:Core/Src/bmp5/bmp5.c ****     int8_t rslt;
 590              		.loc 1 340 1 is_stmt 1 view -0
 591              		.cfi_startproc
 592              		@ args = 0, pretend = 0, frame = 0
 593              		@ frame_needed = 0, uses_anonymous_args = 0
 340:Core/Src/bmp5/bmp5.c ****     int8_t rslt;
 594              		.loc 1 340 1 is_stmt 0 view .LVU210
 595 0000 2DE9F041 		push	{r4, r5, r6, r7, r8, lr}
 596              		.cfi_def_cfa_offset 24
 597              		.cfi_offset 4, -24
 598              		.cfi_offset 5, -20
 599              		.cfi_offset 6, -16
 600              		.cfi_offset 7, -12
 601              		.cfi_offset 8, -8
 602              		.cfi_offset 14, -4
 603 0004 0646     		mov	r6, r0
 604 0006 0D46     		mov	r5, r1
 605 0008 9046     		mov	r8, r2
 606 000a 1C46     		mov	r4, r3
 341:Core/Src/bmp5/bmp5.c **** 
 607              		.loc 1 341 5 is_stmt 1 view .LVU211
 344:Core/Src/bmp5/bmp5.c **** 
 608              		.loc 1 344 5 view .LVU212
 344:Core/Src/bmp5/bmp5.c **** 
 609              		.loc 1 344 12 is_stmt 0 view .LVU213
 610 000c 1846     		mov	r0, r3
 611              	.LVL57:
 344:Core/Src/bmp5/bmp5.c **** 
 612              		.loc 1 344 12 view .LVU214
 613 000e FFF7FEFF 		bl	null_ptr_check
 614              	.LVL58:
 347:Core/Src/bmp5/bmp5.c ****     {
 615              		.loc 1 347 5 is_stmt 1 view .LVU215
 347:Core/Src/bmp5/bmp5.c ****     {
 616              		.loc 1 347 15 is_stmt 0 view .LVU216
 617 0012 0746     		mov	r7, r0
 347:Core/Src/bmp5/bmp5.c ****     {
 618              		.loc 1 347 27 view .LVU217
 619 0014 B0FA80F0 		clz	r0, r0
 620              	.LVL59:
 347:Core/Src/bmp5/bmp5.c ****     {
 621              		.loc 1 347 27 view .LVU218
 622 0018 4009     		lsrs	r0, r0, #5
 623 001a 002D     		cmp	r5, #0
 624 001c 08BF     		it	eq
 625 001e 0020     		moveq	r0, #0
 347:Core/Src/bmp5/bmp5.c ****     {
 626              		.loc 1 347 8 view .LVU219
 627 0020 78B1     		cbz	r0, .L39
 349:Core/Src/bmp5/bmp5.c ****         {
 628              		.loc 1 349 9 is_stmt 1 view .LVU220
 349:Core/Src/bmp5/bmp5.c ****         {
 629              		.loc 1 349 16 is_stmt 0 view .LVU221
 630 0022 637D     		ldrb	r3, [r4, #21]	@ zero_extendqisi2
 349:Core/Src/bmp5/bmp5.c ****         {
ARM GAS  C:\Users\jason\AppData\Local\Temp\ccKYcdsQ.s 			page 47


 631              		.loc 1 349 12 view .LVU222
 632 0024 13B9     		cbnz	r3, .L38
 352:Core/Src/bmp5/bmp5.c ****         }
 633              		.loc 1 352 13 is_stmt 1 view .LVU223
 352:Core/Src/bmp5/bmp5.c ****         }
 634              		.loc 1 352 22 is_stmt 0 view .LVU224
 635 0026 46F08003 		orr	r3, r6, #128
 636 002a 1E46     		mov	r6, r3
 637              	.LVL60:
 638              	.L38:
 356:Core/Src/bmp5/bmp5.c **** 
 639              		.loc 1 356 9 is_stmt 1 view .LVU225
 356:Core/Src/bmp5/bmp5.c **** 
 640              		.loc 1 356 26 is_stmt 0 view .LVU226
 641 002c 6368     		ldr	r3, [r4, #4]
 642 002e 4246     		mov	r2, r8
 643 0030 2946     		mov	r1, r5
 644 0032 3046     		mov	r0, r6
 645 0034 A568     		ldr	r5, [r4, #8]
 646              	.LVL61:
 356:Core/Src/bmp5/bmp5.c **** 
 647              		.loc 1 356 26 view .LVU227
 648 0036 A847     		blx	r5
 649              	.LVL62:
 356:Core/Src/bmp5/bmp5.c **** 
 650              		.loc 1 356 24 discriminator 1 view .LVU228
 651 0038 2075     		strb	r0, [r4, #20]
 358:Core/Src/bmp5/bmp5.c ****         {
 652              		.loc 1 358 9 is_stmt 1 view .LVU229
 358:Core/Src/bmp5/bmp5.c ****         {
 653              		.loc 1 358 12 is_stmt 0 view .LVU230
 654 003a 30B9     		cbnz	r0, .L42
 655              	.LVL63:
 656              	.L37:
 369:Core/Src/bmp5/bmp5.c **** }
 657              		.loc 1 369 5 is_stmt 1 view .LVU231
 370:Core/Src/bmp5/bmp5.c **** 
 658              		.loc 1 370 1 is_stmt 0 view .LVU232
 659 003c 3846     		mov	r0, r7
 660 003e BDE8F081 		pop	{r4, r5, r6, r7, r8, pc}
 661              	.LVL64:
 662              	.L39:
 366:Core/Src/bmp5/bmp5.c ****     }
 663              		.loc 1 366 14 view .LVU233
 664 0042 4FF0FF33 		mov	r3, #-1
 665 0046 1F46     		mov	r7, r3
 666              	.LVL65:
 366:Core/Src/bmp5/bmp5.c ****     }
 667              		.loc 1 366 14 view .LVU234
 668 0048 F8E7     		b	.L37
 669              	.LVL66:
 670              	.L42:
 361:Core/Src/bmp5/bmp5.c ****         }
 671              		.loc 1 361 18 view .LVU235
 672 004a 6FF00103 		mvn	r3, #1
 673 004e 1F46     		mov	r7, r3
 674              	.LVL67:
ARM GAS  C:\Users\jason\AppData\Local\Temp\ccKYcdsQ.s 			page 48


 361:Core/Src/bmp5/bmp5.c ****         }
 675              		.loc 1 361 18 view .LVU236
 676 0050 F4E7     		b	.L37
 677              		.cfi_endproc
 678              	.LFE145:
 680              		.section	.text.get_nvm_status,"ax",%progbits
 681              		.align	1
 682              		.syntax unified
 683              		.thumb
 684              		.thumb_func
 686              	get_nvm_status:
 687              	.LVL68:
 688              	.LFB183:
1925:Core/Src/bmp5/bmp5.c **** 
1926:Core/Src/bmp5/bmp5.c **** /*!
1927:Core/Src/bmp5/bmp5.c ****  *  @brief This internal API sets the IIR configuration and count limit of OOR pressure.
1928:Core/Src/bmp5/bmp5.c ****  */
1929:Core/Src/bmp5/bmp5.c **** static int8_t set_oor_iir_count_limit(uint8_t set_oor_iir_p, uint8_t set_count_limit, bmp5_dev *dev
1930:Core/Src/bmp5/bmp5.c **** {
1931:Core/Src/bmp5/bmp5.c ****     int8_t rslt;
1932:Core/Src/bmp5/bmp5.c ****     uint8_t reg_data = 0;
1933:Core/Src/bmp5/bmp5.c **** 
1934:Core/Src/bmp5/bmp5.c ****     /* Variable to store existing powermode */
1935:Core/Src/bmp5/bmp5.c ****     enum bmp5_powermode curr_pwrmode;
1936:Core/Src/bmp5/bmp5.c **** 
1937:Core/Src/bmp5/bmp5.c ****     rslt = bmp5_get_power_mode(&curr_pwrmode, dev);
1938:Core/Src/bmp5/bmp5.c **** 
1939:Core/Src/bmp5/bmp5.c ****     if (rslt == BMP5_OK)
1940:Core/Src/bmp5/bmp5.c ****     {
1941:Core/Src/bmp5/bmp5.c ****         /* OOR IIR configuration and count limit is writable only during STANDBY mode(as per datash
1942:Core/Src/bmp5/bmp5.c ****         if (curr_pwrmode != BMP5_POWERMODE_STANDBY)
1943:Core/Src/bmp5/bmp5.c ****         {
1944:Core/Src/bmp5/bmp5.c ****             /* If sensor is not in standby mode, set sensor in standby mode */
1945:Core/Src/bmp5/bmp5.c ****             rslt = bmp5_set_power_mode(BMP5_POWERMODE_STANDBY, dev);
1946:Core/Src/bmp5/bmp5.c ****         }
1947:Core/Src/bmp5/bmp5.c **** 
1948:Core/Src/bmp5/bmp5.c ****         if (rslt == BMP5_OK)
1949:Core/Src/bmp5/bmp5.c ****         {
1950:Core/Src/bmp5/bmp5.c ****             /* Get OOR pressure IIR configuration */
1951:Core/Src/bmp5/bmp5.c ****             rslt = bmp5_get_regs(BMP5_REG_DSP_CONFIG, &reg_data, 1, dev);
1952:Core/Src/bmp5/bmp5.c **** 
1953:Core/Src/bmp5/bmp5.c ****             if (rslt == BMP5_OK)
1954:Core/Src/bmp5/bmp5.c ****             {
1955:Core/Src/bmp5/bmp5.c ****                 reg_data = BMP5_SET_BITSLICE(reg_data, BMP5_OOR_SEL_IIR_PRESS, set_oor_iir_p);
1956:Core/Src/bmp5/bmp5.c **** 
1957:Core/Src/bmp5/bmp5.c ****                 /* Set OOR pressure IIR configuration */
1958:Core/Src/bmp5/bmp5.c ****                 rslt = bmp5_set_regs(BMP5_REG_DSP_CONFIG, &reg_data, 1, dev);
1959:Core/Src/bmp5/bmp5.c ****             }
1960:Core/Src/bmp5/bmp5.c **** 
1961:Core/Src/bmp5/bmp5.c ****             if (rslt == BMP5_OK)
1962:Core/Src/bmp5/bmp5.c ****             {
1963:Core/Src/bmp5/bmp5.c ****                 /* Get OOR pressure count limit */
1964:Core/Src/bmp5/bmp5.c ****                 rslt = bmp5_get_regs(BMP5_REG_OOR_CONFIG, &reg_data, 1, dev);
1965:Core/Src/bmp5/bmp5.c ****             }
1966:Core/Src/bmp5/bmp5.c **** 
1967:Core/Src/bmp5/bmp5.c ****             if (rslt == BMP5_OK)
1968:Core/Src/bmp5/bmp5.c ****             {
ARM GAS  C:\Users\jason\AppData\Local\Temp\ccKYcdsQ.s 			page 49


1969:Core/Src/bmp5/bmp5.c ****                 reg_data = BMP5_SET_BITSLICE(reg_data, BMP5_OOR_COUNT_LIMIT, set_count_limit);
1970:Core/Src/bmp5/bmp5.c ****             }
1971:Core/Src/bmp5/bmp5.c **** 
1972:Core/Src/bmp5/bmp5.c ****             if (rslt == BMP5_OK)
1973:Core/Src/bmp5/bmp5.c ****             {
1974:Core/Src/bmp5/bmp5.c ****                 /* Set OOR pressure count limit */
1975:Core/Src/bmp5/bmp5.c ****                 rslt = bmp5_set_regs(BMP5_REG_OOR_CONFIG, &reg_data, 1, dev);
1976:Core/Src/bmp5/bmp5.c ****             }
1977:Core/Src/bmp5/bmp5.c ****         }
1978:Core/Src/bmp5/bmp5.c **** 
1979:Core/Src/bmp5/bmp5.c ****         /* If previous mode is not standbymode return sensor to that previous mode
1980:Core/Src/bmp5/bmp5.c ****          * after setting oor iir configuration and count limit
1981:Core/Src/bmp5/bmp5.c ****          */
1982:Core/Src/bmp5/bmp5.c ****         if (rslt == BMP5_OK)
1983:Core/Src/bmp5/bmp5.c ****         {
1984:Core/Src/bmp5/bmp5.c ****             /* Since oor IIR and count limit works only in standby mode we are not re-writing to de
1985:Core/Src/bmp5/bmp5.c ****              * as deep standby mode resets the oor iir configuration and count limit to default
1986:Core/Src/bmp5/bmp5.c ****              */
1987:Core/Src/bmp5/bmp5.c ****             if ((curr_pwrmode != BMP5_POWERMODE_STANDBY) && (curr_pwrmode != BMP5_POWERMODE_DEEP_ST
1988:Core/Src/bmp5/bmp5.c ****             {
1989:Core/Src/bmp5/bmp5.c ****                 rslt = bmp5_set_power_mode(curr_pwrmode, dev);
1990:Core/Src/bmp5/bmp5.c ****             }
1991:Core/Src/bmp5/bmp5.c ****         }
1992:Core/Src/bmp5/bmp5.c ****     }
1993:Core/Src/bmp5/bmp5.c **** 
1994:Core/Src/bmp5/bmp5.c ****     return rslt;
1995:Core/Src/bmp5/bmp5.c **** }
1996:Core/Src/bmp5/bmp5.c **** 
1997:Core/Src/bmp5/bmp5.c **** /*!
1998:Core/Src/bmp5/bmp5.c ****  * @brief This internal API is used to write the nvm address and prog_en.
1999:Core/Src/bmp5/bmp5.c ****  */
2000:Core/Src/bmp5/bmp5.c **** static int8_t nvm_write_addr(uint8_t nvm_addr, uint8_t prog_en, enum bmp5_powermode *curr_pwrmode, 
2001:Core/Src/bmp5/bmp5.c **** {
2002:Core/Src/bmp5/bmp5.c ****     int8_t rslt;
2003:Core/Src/bmp5/bmp5.c **** 
2004:Core/Src/bmp5/bmp5.c ****     if ((nvm_addr >= BMP5_NVM_START_ADDR) && (nvm_addr <= BMP5_NVM_END_ADDR))
2005:Core/Src/bmp5/bmp5.c ****     {
2006:Core/Src/bmp5/bmp5.c ****         /* Get current powermode */
2007:Core/Src/bmp5/bmp5.c ****         rslt = bmp5_get_power_mode(curr_pwrmode, dev);
2008:Core/Src/bmp5/bmp5.c **** 
2009:Core/Src/bmp5/bmp5.c ****         if (rslt == BMP5_OK)
2010:Core/Src/bmp5/bmp5.c ****         {
2011:Core/Src/bmp5/bmp5.c ****             /* NVM write can be performed only during STANDBY mode */
2012:Core/Src/bmp5/bmp5.c ****             if (*curr_pwrmode != BMP5_POWERMODE_STANDBY)
2013:Core/Src/bmp5/bmp5.c ****             {
2014:Core/Src/bmp5/bmp5.c ****                 /* If sensor is not in standby mode, set sensor in standby mode */
2015:Core/Src/bmp5/bmp5.c ****                 rslt = bmp5_set_power_mode(BMP5_POWERMODE_STANDBY, dev);
2016:Core/Src/bmp5/bmp5.c ****             }
2017:Core/Src/bmp5/bmp5.c **** 
2018:Core/Src/bmp5/bmp5.c ****             if (rslt == BMP5_OK)
2019:Core/Src/bmp5/bmp5.c ****             {
2020:Core/Src/bmp5/bmp5.c ****                 /* Write the NVM address and set NVM prog_en with respect to NVM read/write selecte
2021:Core/Src/bmp5/bmp5.c ****                 rslt = set_nvm_addr(nvm_addr, prog_en, dev);
2022:Core/Src/bmp5/bmp5.c ****             }
2023:Core/Src/bmp5/bmp5.c ****         }
2024:Core/Src/bmp5/bmp5.c ****     }
2025:Core/Src/bmp5/bmp5.c ****     else
ARM GAS  C:\Users\jason\AppData\Local\Temp\ccKYcdsQ.s 			page 50


2026:Core/Src/bmp5/bmp5.c ****     {
2027:Core/Src/bmp5/bmp5.c ****         rslt = BMP5_E_NVM_INVALID_ADDR;
2028:Core/Src/bmp5/bmp5.c ****     }
2029:Core/Src/bmp5/bmp5.c **** 
2030:Core/Src/bmp5/bmp5.c ****     return rslt;
2031:Core/Src/bmp5/bmp5.c **** }
2032:Core/Src/bmp5/bmp5.c **** 
2033:Core/Src/bmp5/bmp5.c **** /*!
2034:Core/Src/bmp5/bmp5.c ****  * @brief This internal API is used to set the nvm address and prog_enable based on NVM read/write 
2035:Core/Src/bmp5/bmp5.c ****  */
2036:Core/Src/bmp5/bmp5.c **** static int8_t set_nvm_addr(uint8_t nvm_addr, uint8_t prog_en, bmp5_dev *dev)
2037:Core/Src/bmp5/bmp5.c **** {
2038:Core/Src/bmp5/bmp5.c ****     int8_t rslt;
2039:Core/Src/bmp5/bmp5.c ****     uint8_t nvm_status;
2040:Core/Src/bmp5/bmp5.c ****     uint8_t reg_data;
2041:Core/Src/bmp5/bmp5.c **** 
2042:Core/Src/bmp5/bmp5.c ****     /* Check if NVM ready status = 1 */
2043:Core/Src/bmp5/bmp5.c ****     rslt = get_nvm_status(&nvm_status, dev);
2044:Core/Src/bmp5/bmp5.c **** 
2045:Core/Src/bmp5/bmp5.c ****     if (nvm_status & BMP5_INT_NVM_RDY)
2046:Core/Src/bmp5/bmp5.c ****     {
2047:Core/Src/bmp5/bmp5.c ****         rslt = bmp5_get_regs(BMP5_REG_NVM_ADDR, &reg_data, 1, dev);
2048:Core/Src/bmp5/bmp5.c **** 
2049:Core/Src/bmp5/bmp5.c ****         if (rslt == BMP5_OK)
2050:Core/Src/bmp5/bmp5.c ****         {
2051:Core/Src/bmp5/bmp5.c ****             /* Write the NVM address */
2052:Core/Src/bmp5/bmp5.c ****             reg_data = BMP5_SET_BITS_POS_0(reg_data, BMP5_NVM_ADDR, nvm_addr);
2053:Core/Src/bmp5/bmp5.c **** 
2054:Core/Src/bmp5/bmp5.c ****             if (prog_en == BMP5_ENABLE)
2055:Core/Src/bmp5/bmp5.c ****             {
2056:Core/Src/bmp5/bmp5.c ****                 /* Set bit nvm_prog_en as 1 if NVM write is selected */
2057:Core/Src/bmp5/bmp5.c ****                 reg_data = BMP5_SET_BITSLICE(reg_data, BMP5_NVM_PROG_EN, prog_en);
2058:Core/Src/bmp5/bmp5.c ****             }
2059:Core/Src/bmp5/bmp5.c ****             else
2060:Core/Src/bmp5/bmp5.c ****             {
2061:Core/Src/bmp5/bmp5.c ****                 /* Set bit nvm_prog_en as 0 if NVM read is selected */
2062:Core/Src/bmp5/bmp5.c ****                 reg_data = BMP5_SET_BIT_VAL_0(reg_data, BMP5_NVM_PROG_EN);
2063:Core/Src/bmp5/bmp5.c ****             }
2064:Core/Src/bmp5/bmp5.c **** 
2065:Core/Src/bmp5/bmp5.c ****             rslt = bmp5_set_regs(BMP5_REG_NVM_ADDR, &reg_data, 1, dev);
2066:Core/Src/bmp5/bmp5.c ****         }
2067:Core/Src/bmp5/bmp5.c ****     }
2068:Core/Src/bmp5/bmp5.c ****     else
2069:Core/Src/bmp5/bmp5.c ****     {
2070:Core/Src/bmp5/bmp5.c ****         rslt = BMP5_E_NVM_NOT_READY;
2071:Core/Src/bmp5/bmp5.c ****     }
2072:Core/Src/bmp5/bmp5.c **** 
2073:Core/Src/bmp5/bmp5.c ****     return rslt;
2074:Core/Src/bmp5/bmp5.c **** }
2075:Core/Src/bmp5/bmp5.c **** 
2076:Core/Src/bmp5/bmp5.c **** /*!
2077:Core/Src/bmp5/bmp5.c ****  * @brief This internal API is used to read the nvm data.
2078:Core/Src/bmp5/bmp5.c ****  */
2079:Core/Src/bmp5/bmp5.c **** static int8_t get_nvm_data(uint16_t *nvm_data, bmp5_dev *dev)
2080:Core/Src/bmp5/bmp5.c **** {
2081:Core/Src/bmp5/bmp5.c ****     int8_t rslt;
2082:Core/Src/bmp5/bmp5.c ****     uint8_t nvm_status;
ARM GAS  C:\Users\jason\AppData\Local\Temp\ccKYcdsQ.s 			page 51


2083:Core/Src/bmp5/bmp5.c ****     uint8_t nvmdata[2];
2084:Core/Src/bmp5/bmp5.c **** 
2085:Core/Src/bmp5/bmp5.c ****     if (nvm_data != NULL)
2086:Core/Src/bmp5/bmp5.c ****     {
2087:Core/Src/bmp5/bmp5.c ****         rslt = get_nvm_status(&nvm_status, dev);
2088:Core/Src/bmp5/bmp5.c **** 
2089:Core/Src/bmp5/bmp5.c ****         /* Check if NVM ready status = 1, NVM error status = 0 and NVM command error status = 0 */
2090:Core/Src/bmp5/bmp5.c ****         if ((nvm_status & BMP5_INT_NVM_RDY) && (!(nvm_status & BMP5_INT_NVM_ERR)) &&
2091:Core/Src/bmp5/bmp5.c ****             (!(nvm_status & BMP5_INT_NVM_CMD_ERR)))
2092:Core/Src/bmp5/bmp5.c ****         {
2093:Core/Src/bmp5/bmp5.c ****             /* Read the NVM data from the register address */
2094:Core/Src/bmp5/bmp5.c ****             rslt = bmp5_get_regs(BMP5_REG_NVM_DATA_LSB, nvmdata, 2, dev);
2095:Core/Src/bmp5/bmp5.c **** 
2096:Core/Src/bmp5/bmp5.c ****             (*nvm_data) = (uint16_t)((nvmdata[1] << 8) | nvmdata[0]);
2097:Core/Src/bmp5/bmp5.c ****         }
2098:Core/Src/bmp5/bmp5.c ****         else
2099:Core/Src/bmp5/bmp5.c ****         {
2100:Core/Src/bmp5/bmp5.c ****             rslt = BMP5_E_NVM_NOT_READY;
2101:Core/Src/bmp5/bmp5.c ****         }
2102:Core/Src/bmp5/bmp5.c ****     }
2103:Core/Src/bmp5/bmp5.c ****     else
2104:Core/Src/bmp5/bmp5.c ****     {
2105:Core/Src/bmp5/bmp5.c ****         rslt = BMP5_E_NULL_PTR;
2106:Core/Src/bmp5/bmp5.c ****     }
2107:Core/Src/bmp5/bmp5.c **** 
2108:Core/Src/bmp5/bmp5.c ****     return rslt;
2109:Core/Src/bmp5/bmp5.c **** }
2110:Core/Src/bmp5/bmp5.c **** 
2111:Core/Src/bmp5/bmp5.c **** /*!
2112:Core/Src/bmp5/bmp5.c ****  *  @brief This API is used to get nvm status.
2113:Core/Src/bmp5/bmp5.c ****  */
2114:Core/Src/bmp5/bmp5.c **** static int8_t get_nvm_status(uint8_t *nvm_status, bmp5_dev *dev)
2115:Core/Src/bmp5/bmp5.c **** {
 689              		.loc 1 2115 1 is_stmt 1 view -0
 690              		.cfi_startproc
 691              		@ args = 0, pretend = 0, frame = 0
 692              		@ frame_needed = 0, uses_anonymous_args = 0
2116:Core/Src/bmp5/bmp5.c ****     int8_t rslt;
 693              		.loc 1 2116 5 view .LVU238
2117:Core/Src/bmp5/bmp5.c **** 
2118:Core/Src/bmp5/bmp5.c ****     if (nvm_status != NULL)
 694              		.loc 1 2118 5 view .LVU239
 695              		.loc 1 2118 8 is_stmt 0 view .LVU240
 696 0000 38B1     		cbz	r0, .L45
2115:Core/Src/bmp5/bmp5.c ****     int8_t rslt;
 697              		.loc 1 2115 1 view .LVU241
 698 0002 08B5     		push	{r3, lr}
 699              		.cfi_def_cfa_offset 8
 700              		.cfi_offset 3, -8
 701              		.cfi_offset 14, -4
 702 0004 0B46     		mov	r3, r1
 703 0006 0146     		mov	r1, r0
 704              	.LVL69:
2119:Core/Src/bmp5/bmp5.c ****     {
2120:Core/Src/bmp5/bmp5.c ****         rslt = bmp5_get_regs(BMP5_REG_STATUS, nvm_status, 1, dev);
 705              		.loc 1 2120 9 is_stmt 1 view .LVU242
 706              		.loc 1 2120 16 is_stmt 0 view .LVU243
ARM GAS  C:\Users\jason\AppData\Local\Temp\ccKYcdsQ.s 			page 52


 707 0008 0122     		movs	r2, #1
 708 000a 2820     		movs	r0, #40
 709              	.LVL70:
 710              		.loc 1 2120 16 view .LVU244
 711 000c FFF7FEFF 		bl	bmp5_get_regs
 712              	.LVL71:
2121:Core/Src/bmp5/bmp5.c ****     }
2122:Core/Src/bmp5/bmp5.c ****     else
2123:Core/Src/bmp5/bmp5.c ****     {
2124:Core/Src/bmp5/bmp5.c ****         rslt = BMP5_E_NULL_PTR;
2125:Core/Src/bmp5/bmp5.c ****     }
2126:Core/Src/bmp5/bmp5.c **** 
2127:Core/Src/bmp5/bmp5.c ****     return rslt;
 713              		.loc 1 2127 5 is_stmt 1 view .LVU245
2128:Core/Src/bmp5/bmp5.c **** }...
 714              		.loc 1 2128 1 is_stmt 0 view .LVU246
 715 0010 08BD     		pop	{r3, pc}
 716              	.LVL72:
 717              	.L45:
 718              		.cfi_def_cfa_offset 0
 719              		.cfi_restore 3
 720              		.cfi_restore 14
2124:Core/Src/bmp5/bmp5.c ****         rslt = BMP5_E_NULL_PTR;
 721              		.loc 1 2124 14 view .LVU247
 722 0012 4FF0FF30 		mov	r0, #-1
 723              	.LVL73:
2127:Core/Src/bmp5/bmp5.c ****     return rslt;
 724              		.loc 1 2127 5 is_stmt 1 view .LVU248
 725              		.loc 1 2128 1 is_stmt 0 view .LVU249
 726 0016 7047     		bx	lr
 727              		.cfi_endproc
 728              	.LFE183:
 730              		.section	.text.power_up_check,"ax",%progbits
 731              		.align	1
 732              		.syntax unified
 733              		.thumb
 734              		.thumb_func
 736              	power_up_check:
 737              	.LVL74:
 738              	.LFB170:
1466:Core/Src/bmp5/bmp5.c **** {
 739              		.loc 1 1466 1 is_stmt 1 view -0
 740              		.cfi_startproc
 741              		@ args = 0, pretend = 0, frame = 8
 742              		@ frame_needed = 0, uses_anonymous_args = 0
1466:Core/Src/bmp5/bmp5.c **** {
 743              		.loc 1 1466 1 is_stmt 0 view .LVU251
 744 0000 10B5     		push	{r4, lr}
 745              		.cfi_def_cfa_offset 8
 746              		.cfi_offset 4, -8
 747              		.cfi_offset 14, -4
 748 0002 82B0     		sub	sp, sp, #8
 749              		.cfi_def_cfa_offset 16
 750 0004 0146     		mov	r1, r0
1468:Core/Src/bmp5/bmp5.c ****     uint8_t nvm_status;
 751              		.loc 1 1468 5 is_stmt 1 view .LVU252
1469:Core/Src/bmp5/bmp5.c ****     uint8_t por_status;
ARM GAS  C:\Users\jason\AppData\Local\Temp\ccKYcdsQ.s 			page 53


 752              		.loc 1 1469 5 view .LVU253
1471:Core/Src/bmp5/bmp5.c ****     rslt = get_nvm_status(&nvm_status, dev);
 753              		.loc 1 1471 5 view .LVU254
1471:Core/Src/bmp5/bmp5.c ****     rslt = get_nvm_status(&nvm_status, dev);
 754              		.loc 1 1471 12 is_stmt 0 view .LVU255
 755 0006 0DF10700 		add	r0, sp, #7
 756              	.LVL75:
1471:Core/Src/bmp5/bmp5.c ****     rslt = get_nvm_status(&nvm_status, dev);
 757              		.loc 1 1471 12 view .LVU256
 758 000a FFF7FEFF 		bl	get_nvm_status
 759              	.LVL76:
1471:Core/Src/bmp5/bmp5.c ****     rslt = get_nvm_status(&nvm_status, dev);
 760              		.loc 1 1471 10 discriminator 1 view .LVU257
 761 000e 044C     		ldr	r4, .L52
 762 0010 2070     		strb	r0, [r4]
1472:Core/Src/bmp5/bmp5.c ****     HAL_Delay(100);
 763              		.loc 1 1472 5 is_stmt 1 view .LVU258
 764 0012 6420     		movs	r0, #100
 765 0014 FFF7FEFF 		bl	HAL_Delay
 766              	.LVL77:
1502:Core/Src/bmp5/bmp5.c ****     return rslt;
 767              		.loc 1 1502 5 view .LVU259
1503:Core/Src/bmp5/bmp5.c **** }
 768              		.loc 1 1503 1 is_stmt 0 view .LVU260
 769 0018 94F90000 		ldrsb	r0, [r4]
 770 001c 02B0     		add	sp, sp, #8
 771              		.cfi_def_cfa_offset 8
 772              		@ sp needed
 773 001e 10BD     		pop	{r4, pc}
 774              	.L53:
 775              		.align	2
 776              	.L52:
 777 0020 00000000 		.word	rslt
 778              		.cfi_endproc
 779              	.LFE170:
 781              		.section	.text.bmp5_init,"ax",%progbits
 782              		.align	1
 783              		.global	bmp5_init
 784              		.syntax unified
 785              		.thumb
 786              		.thumb_func
 788              	bmp5_init:
 789              	.LVL78:
 790              	.LFB144:
 289:Core/Src/bmp5/bmp5.c **** {
 791              		.loc 1 289 1 is_stmt 1 view -0
 792              		.cfi_startproc
 793              		@ args = 0, pretend = 0, frame = 8
 794              		@ frame_needed = 0, uses_anonymous_args = 0
 289:Core/Src/bmp5/bmp5.c **** {
 795              		.loc 1 289 1 is_stmt 0 view .LVU262
 796 0000 10B5     		push	{r4, lr}
 797              		.cfi_def_cfa_offset 8
 798              		.cfi_offset 4, -8
 799              		.cfi_offset 14, -4
 800 0002 82B0     		sub	sp, sp, #8
 801              		.cfi_def_cfa_offset 16
ARM GAS  C:\Users\jason\AppData\Local\Temp\ccKYcdsQ.s 			page 54


 802 0004 0446     		mov	r4, r0
 290:Core/Src/bmp5/bmp5.c ****     int8_t rslt;
 803              		.loc 1 290 5 is_stmt 1 view .LVU263
 291:Core/Src/bmp5/bmp5.c ****     uint8_t reg_data;
 804              		.loc 1 291 5 view .LVU264
 292:Core/Src/bmp5/bmp5.c ****     uint8_t chip_id;
 805              		.loc 1 292 5 view .LVU265
 295:Core/Src/bmp5/bmp5.c ****     rslt = null_ptr_check(dev);
 806              		.loc 1 295 5 view .LVU266
 295:Core/Src/bmp5/bmp5.c ****     rslt = null_ptr_check(dev);
 807              		.loc 1 295 12 is_stmt 0 view .LVU267
 808 0006 FFF7FEFF 		bl	null_ptr_check
 809              	.LVL79:
 297:Core/Src/bmp5/bmp5.c ****     if (rslt == BMP5_OK)
 810              		.loc 1 297 5 is_stmt 1 view .LVU268
 297:Core/Src/bmp5/bmp5.c ****     if (rslt == BMP5_OK)
 811              		.loc 1 297 8 is_stmt 0 view .LVU269
 812 000a 0346     		mov	r3, r0
 813 000c 10B9     		cbnz	r0, .L55
 299:Core/Src/bmp5/bmp5.c ****         if (dev->intf == BMP5_SPI_INTF)
 814              		.loc 1 299 9 is_stmt 1 view .LVU270
 299:Core/Src/bmp5/bmp5.c ****         if (dev->intf == BMP5_SPI_INTF)
 815              		.loc 1 299 16 is_stmt 0 view .LVU271
 816 000e 627D     		ldrb	r2, [r4, #21]	@ zero_extendqisi2
 299:Core/Src/bmp5/bmp5.c ****         if (dev->intf == BMP5_SPI_INTF)
 817              		.loc 1 299 12 view .LVU272
 818 0010 1AB1     		cbz	r2, .L59
 819              	.LVL80:
 820              	.L56:
 308:Core/Src/bmp5/bmp5.c ****         if (rslt == BMP5_OK)
 821              		.loc 1 308 9 is_stmt 1 view .LVU273
 308:Core/Src/bmp5/bmp5.c ****         if (rslt == BMP5_OK)
 822              		.loc 1 308 12 is_stmt 0 view .LVU274
 823 0012 5BB1     		cbz	r3, .L60
 824              	.LVL81:
 825              	.L55:
 333:Core/Src/bmp5/bmp5.c ****     return rslt;
 826              		.loc 1 333 5 is_stmt 1 view .LVU275
 334:Core/Src/bmp5/bmp5.c **** }
 827              		.loc 1 334 1 is_stmt 0 view .LVU276
 828 0014 1846     		mov	r0, r3
 829 0016 02B0     		add	sp, sp, #8
 830              		.cfi_remember_state
 831              		.cfi_def_cfa_offset 8
 832              		@ sp needed
 833 0018 10BD     		pop	{r4, pc}
 834              	.LVL82:
 835              	.L59:
 836              		.cfi_restore_state
 305:Core/Src/bmp5/bmp5.c ****             rslt = bmp5_get_regs(BMP5_REG_CHIP_ID, &reg_data, 1, dev);
 837              		.loc 1 305 13 is_stmt 1 view .LVU277
 305:Core/Src/bmp5/bmp5.c ****             rslt = bmp5_get_regs(BMP5_REG_CHIP_ID, &reg_data, 1, dev);
 838              		.loc 1 305 20 is_stmt 0 view .LVU278
 839 001a 2346     		mov	r3, r4
 840 001c 0122     		movs	r2, #1
 841 001e 0DF10701 		add	r1, sp, #7
 842 0022 1046     		mov	r0, r2
ARM GAS  C:\Users\jason\AppData\Local\Temp\ccKYcdsQ.s 			page 55


 843              	.LVL83:
 305:Core/Src/bmp5/bmp5.c ****             rslt = bmp5_get_regs(BMP5_REG_CHIP_ID, &reg_data, 1, dev);
 844              		.loc 1 305 20 view .LVU279
 845 0024 FFF7FEFF 		bl	bmp5_get_regs
 846              	.LVL84:
 847 0028 0346     		mov	r3, r0
 848 002a F2E7     		b	.L56
 849              	.LVL85:
 850              	.L60:
 311:Core/Src/bmp5/bmp5.c ****             rslt = bmp5_get_regs(BMP5_REG_CHIP_ID, &chip_id, 1, dev);
 851              		.loc 1 311 13 is_stmt 1 view .LVU280
 311:Core/Src/bmp5/bmp5.c ****             rslt = bmp5_get_regs(BMP5_REG_CHIP_ID, &chip_id, 1, dev);
 852              		.loc 1 311 20 is_stmt 0 view .LVU281
 853 002c 2346     		mov	r3, r4
 854              	.LVL86:
 311:Core/Src/bmp5/bmp5.c ****             rslt = bmp5_get_regs(BMP5_REG_CHIP_ID, &chip_id, 1, dev);
 855              		.loc 1 311 20 view .LVU282
 856 002e 0122     		movs	r2, #1
 857 0030 0DF10601 		add	r1, sp, #6
 858 0034 1046     		mov	r0, r2
 859 0036 FFF7FEFF 		bl	bmp5_get_regs
 860              	.LVL87:
 313:Core/Src/bmp5/bmp5.c ****             if (rslt == BMP5_OK)
 861              		.loc 1 313 13 is_stmt 1 view .LVU283
 313:Core/Src/bmp5/bmp5.c ****             if (rslt == BMP5_OK)
 862              		.loc 1 313 16 is_stmt 0 view .LVU284
 863 003a 0346     		mov	r3, r0
 864 003c 0028     		cmp	r0, #0
 865 003e E9D1     		bne	.L55
 315:Core/Src/bmp5/bmp5.c ****                 if (chip_id != 0)
 866              		.loc 1 315 17 is_stmt 1 view .LVU285
 315:Core/Src/bmp5/bmp5.c ****                 if (chip_id != 0)
 867              		.loc 1 315 29 is_stmt 0 view .LVU286
 868 0040 9DF80630 		ldrb	r3, [sp, #6]	@ zero_extendqisi2
 315:Core/Src/bmp5/bmp5.c ****                 if (chip_id != 0)
 869              		.loc 1 315 20 view .LVU287
 870 0044 63B1     		cbz	r3, .L57
 318:Core/Src/bmp5/bmp5.c ****                     rslt = power_up_check(dev);
 871              		.loc 1 318 21 is_stmt 1 view .LVU288
 318:Core/Src/bmp5/bmp5.c ****                     rslt = power_up_check(dev);
 872              		.loc 1 318 28 is_stmt 0 view .LVU289
 873 0046 2046     		mov	r0, r4
 874              	.LVL88:
 318:Core/Src/bmp5/bmp5.c ****                     rslt = power_up_check(dev);
 875              		.loc 1 318 28 view .LVU290
 876 0048 FFF7FEFF 		bl	power_up_check
 877              	.LVL89:
 325:Core/Src/bmp5/bmp5.c ****                 if (rslt == BMP5_OK)
 878              		.loc 1 325 17 is_stmt 1 view .LVU291
 325:Core/Src/bmp5/bmp5.c ****                 if (rslt == BMP5_OK)
 879              		.loc 1 325 20 is_stmt 0 view .LVU292
 880 004c 0346     		mov	r3, r0
 881 004e 0028     		cmp	r0, #0
 882 0050 E0D1     		bne	.L55
 327:Core/Src/bmp5/bmp5.c ****                     rslt = validate_chip_id(chip_id, dev);
 883              		.loc 1 327 21 is_stmt 1 view .LVU293
 327:Core/Src/bmp5/bmp5.c ****                     rslt = validate_chip_id(chip_id, dev);
ARM GAS  C:\Users\jason\AppData\Local\Temp\ccKYcdsQ.s 			page 56


 884              		.loc 1 327 28 is_stmt 0 view .LVU294
 885 0052 2146     		mov	r1, r4
 886 0054 9DF80600 		ldrb	r0, [sp, #6]	@ zero_extendqisi2
 887              	.LVL90:
 327:Core/Src/bmp5/bmp5.c ****                     rslt = validate_chip_id(chip_id, dev);
 888              		.loc 1 327 28 view .LVU295
 889 0058 FFF7FEFF 		bl	validate_chip_id
 890              	.LVL91:
 327:Core/Src/bmp5/bmp5.c ****                     rslt = validate_chip_id(chip_id, dev);
 891              		.loc 1 327 28 view .LVU296
 892 005c 0346     		mov	r3, r0
 893              	.LVL92:
 327:Core/Src/bmp5/bmp5.c ****                     rslt = validate_chip_id(chip_id, dev);
 894              		.loc 1 327 28 view .LVU297
 895 005e D9E7     		b	.L55
 896              	.LVL93:
 897              	.L57:
 322:Core/Src/bmp5/bmp5.c ****                     rslt = BMP5_E_INVALID_CHIP_ID;
 898              		.loc 1 322 26 view .LVU298
 899 0060 6FF00303 		mvn	r3, #3
 900 0064 D6E7     		b	.L55
 901              		.cfi_endproc
 902              	.LFE144:
 904              		.section	.text.get_nvm_data,"ax",%progbits
 905              		.align	1
 906              		.syntax unified
 907              		.thumb
 908              		.thumb_func
 910              	get_nvm_data:
 911              	.LVL94:
 912              	.LFB182:
2080:Core/Src/bmp5/bmp5.c **** {
 913              		.loc 1 2080 1 is_stmt 1 view -0
 914              		.cfi_startproc
 915              		@ args = 0, pretend = 0, frame = 8
 916              		@ frame_needed = 0, uses_anonymous_args = 0
2081:Core/Src/bmp5/bmp5.c ****     int8_t rslt;
 917              		.loc 1 2081 5 view .LVU300
2082:Core/Src/bmp5/bmp5.c ****     uint8_t nvm_status;
 918              		.loc 1 2082 5 view .LVU301
2083:Core/Src/bmp5/bmp5.c ****     uint8_t nvmdata[2];
 919              		.loc 1 2083 5 view .LVU302
2085:Core/Src/bmp5/bmp5.c ****     if (nvm_data != NULL)
 920              		.loc 1 2085 5 view .LVU303
2085:Core/Src/bmp5/bmp5.c ****     if (nvm_data != NULL)
 921              		.loc 1 2085 8 is_stmt 0 view .LVU304
 922 0000 08B3     		cbz	r0, .L63
2080:Core/Src/bmp5/bmp5.c **** {
 923              		.loc 1 2080 1 view .LVU305
 924 0002 30B5     		push	{r4, r5, lr}
 925              		.cfi_def_cfa_offset 12
 926              		.cfi_offset 4, -12
 927              		.cfi_offset 5, -8
 928              		.cfi_offset 14, -4
 929 0004 83B0     		sub	sp, sp, #12
 930              		.cfi_def_cfa_offset 24
 931 0006 0C46     		mov	r4, r1
ARM GAS  C:\Users\jason\AppData\Local\Temp\ccKYcdsQ.s 			page 57


 932 0008 0546     		mov	r5, r0
2087:Core/Src/bmp5/bmp5.c ****         rslt = get_nvm_status(&nvm_status, dev);
 933              		.loc 1 2087 9 is_stmt 1 view .LVU306
2087:Core/Src/bmp5/bmp5.c ****         rslt = get_nvm_status(&nvm_status, dev);
 934              		.loc 1 2087 16 is_stmt 0 view .LVU307
 935 000a 0DF10700 		add	r0, sp, #7
 936              	.LVL95:
2087:Core/Src/bmp5/bmp5.c ****         rslt = get_nvm_status(&nvm_status, dev);
 937              		.loc 1 2087 16 view .LVU308
 938 000e FFF7FEFF 		bl	get_nvm_status
 939              	.LVL96:
2090:Core/Src/bmp5/bmp5.c ****         if ((nvm_status & BMP5_INT_NVM_RDY) && (!(nvm_status & BMP5_INT_NVM_ERR)) &&
 940              		.loc 1 2090 9 is_stmt 1 view .LVU309
2090:Core/Src/bmp5/bmp5.c ****         if ((nvm_status & BMP5_INT_NVM_RDY) && (!(nvm_status & BMP5_INT_NVM_ERR)) &&
 941              		.loc 1 2090 25 is_stmt 0 view .LVU310
 942 0012 9DF80730 		ldrb	r3, [sp, #7]	@ zero_extendqisi2
2090:Core/Src/bmp5/bmp5.c ****         if ((nvm_status & BMP5_INT_NVM_RDY) && (!(nvm_status & BMP5_INT_NVM_ERR)) &&
 943              		.loc 1 2090 12 view .LVU311
 944 0016 13F0020F 		tst	r3, #2
 945 001a 17D0     		beq	.L64
2090:Core/Src/bmp5/bmp5.c ****         if ((nvm_status & BMP5_INT_NVM_RDY) && (!(nvm_status & BMP5_INT_NVM_ERR)) &&
 946              		.loc 1 2090 45 discriminator 1 view .LVU312
 947 001c 13F0040F 		tst	r3, #4
 948 0020 17D1     		bne	.L65
2090:Core/Src/bmp5/bmp5.c ****         if ((nvm_status & BMP5_INT_NVM_RDY) && (!(nvm_status & BMP5_INT_NVM_ERR)) &&
 949              		.loc 1 2090 83 discriminator 2 view .LVU313
 950 0022 13F0080F 		tst	r3, #8
 951 0026 17D1     		bne	.L66
2094:Core/Src/bmp5/bmp5.c ****             rslt = bmp5_get_regs(BMP5_REG_NVM_DATA_LSB, nvmdata, 2, dev);
 952              		.loc 1 2094 13 is_stmt 1 view .LVU314
2094:Core/Src/bmp5/bmp5.c ****             rslt = bmp5_get_regs(BMP5_REG_NVM_DATA_LSB, nvmdata, 2, dev);
 953              		.loc 1 2094 20 is_stmt 0 view .LVU315
 954 0028 2346     		mov	r3, r4
 955 002a 0222     		movs	r2, #2
 956 002c 01A9     		add	r1, sp, #4
 957 002e 2C20     		movs	r0, #44
 958 0030 FFF7FEFF 		bl	bmp5_get_regs
 959              	.LVL97:
2096:Core/Src/bmp5/bmp5.c ****             (*nvm_data) = (uint16_t)((nvmdata[1] << 8) | nvmdata[0]);
 960              		.loc 1 2096 13 is_stmt 1 view .LVU316
2096:Core/Src/bmp5/bmp5.c ****             (*nvm_data) = (uint16_t)((nvmdata[1] << 8) | nvmdata[0]);
 961              		.loc 1 2096 46 is_stmt 0 view .LVU317
 962 0034 9DF80520 		ldrb	r2, [sp, #5]	@ zero_extendqisi2
2096:Core/Src/bmp5/bmp5.c ****             (*nvm_data) = (uint16_t)((nvmdata[1] << 8) | nvmdata[0]);
 963              		.loc 1 2096 65 view .LVU318
 964 0038 9DF80430 		ldrb	r3, [sp, #4]	@ zero_extendqisi2
2096:Core/Src/bmp5/bmp5.c ****             (*nvm_data) = (uint16_t)((nvmdata[1] << 8) | nvmdata[0]);
 965              		.loc 1 2096 27 view .LVU319
 966 003c 43EA0223 		orr	r3, r3, r2, lsl #8
2096:Core/Src/bmp5/bmp5.c ****             (*nvm_data) = (uint16_t)((nvmdata[1] << 8) | nvmdata[0]);
 967              		.loc 1 2096 25 view .LVU320
 968 0040 2B80     		strh	r3, [r5]	@ movhi
 969              	.LVL98:
 970              	.L62:
2108:Core/Src/bmp5/bmp5.c ****     return rslt;
 971              		.loc 1 2108 5 is_stmt 1 view .LVU321
2109:Core/Src/bmp5/bmp5.c **** }
ARM GAS  C:\Users\jason\AppData\Local\Temp\ccKYcdsQ.s 			page 58


 972              		.loc 1 2109 1 is_stmt 0 view .LVU322
 973 0042 03B0     		add	sp, sp, #12
 974              		.cfi_def_cfa_offset 12
 975              		@ sp needed
 976 0044 30BD     		pop	{r4, r5, pc}
 977              	.LVL99:
 978              	.L63:
 979              		.cfi_def_cfa_offset 0
 980              		.cfi_restore 4
 981              		.cfi_restore 5
 982              		.cfi_restore 14
2105:Core/Src/bmp5/bmp5.c ****         rslt = BMP5_E_NULL_PTR;
 983              		.loc 1 2105 14 view .LVU323
 984 0046 4FF0FF30 		mov	r0, #-1
 985              	.LVL100:
2108:Core/Src/bmp5/bmp5.c ****     return rslt;
 986              		.loc 1 2108 5 is_stmt 1 view .LVU324
2109:Core/Src/bmp5/bmp5.c **** }
 987              		.loc 1 2109 1 is_stmt 0 view .LVU325
 988 004a 7047     		bx	lr
 989              	.LVL101:
 990              	.L64:
 991              		.cfi_def_cfa_offset 24
 992              		.cfi_offset 4, -12
 993              		.cfi_offset 5, -8
 994              		.cfi_offset 14, -4
2100:Core/Src/bmp5/bmp5.c ****             rslt = BMP5_E_NVM_NOT_READY;
 995              		.loc 1 2100 18 view .LVU326
 996 004c 6FF00A00 		mvn	r0, #10
 997 0050 F7E7     		b	.L62
 998              	.L65:
 999 0052 6FF00A00 		mvn	r0, #10
 1000 0056 F4E7     		b	.L62
 1001              	.L66:
 1002 0058 6FF00A00 		mvn	r0, #10
 1003 005c F1E7     		b	.L62
 1004              		.cfi_endproc
 1005              	.LFE182:
 1007              		.section	.text.bmp5_set_regs,"ax",%progbits
 1008              		.align	1
 1009              		.global	bmp5_set_regs
 1010              		.syntax unified
 1011              		.thumb
 1012              		.thumb_func
 1014              	bmp5_set_regs:
 1015              	.LVL102:
 1016              	.LFB146:
 377:Core/Src/bmp5/bmp5.c **** {
 1017              		.loc 1 377 1 is_stmt 1 view -0
 1018              		.cfi_startproc
 1019              		@ args = 0, pretend = 0, frame = 0
 1020              		@ frame_needed = 0, uses_anonymous_args = 0
 377:Core/Src/bmp5/bmp5.c **** {
 1021              		.loc 1 377 1 is_stmt 0 view .LVU328
 1022 0000 2DE9F047 		push	{r4, r5, r6, r7, r8, r9, r10, lr}
 1023              		.cfi_def_cfa_offset 32
 1024              		.cfi_offset 4, -32
ARM GAS  C:\Users\jason\AppData\Local\Temp\ccKYcdsQ.s 			page 59


 1025              		.cfi_offset 5, -28
 1026              		.cfi_offset 6, -24
 1027              		.cfi_offset 7, -20
 1028              		.cfi_offset 8, -16
 1029              		.cfi_offset 9, -12
 1030              		.cfi_offset 10, -8
 1031              		.cfi_offset 14, -4
 1032 0004 8146     		mov	r9, r0
 1033 0006 0E46     		mov	r6, r1
 1034 0008 9046     		mov	r8, r2
 1035 000a 1D46     		mov	r5, r3
 378:Core/Src/bmp5/bmp5.c ****     int8_t rslt;
 1036              		.loc 1 378 5 is_stmt 1 view .LVU329
 379:Core/Src/bmp5/bmp5.c ****     uint8_t idx = 0;
 1037              		.loc 1 379 5 view .LVU330
 1038              	.LVL103:
 382:Core/Src/bmp5/bmp5.c ****     rslt = null_ptr_check(dev);
 1039              		.loc 1 382 5 view .LVU331
 382:Core/Src/bmp5/bmp5.c ****     rslt = null_ptr_check(dev);
 1040              		.loc 1 382 12 is_stmt 0 view .LVU332
 1041 000c 1846     		mov	r0, r3
 1042              	.LVL104:
 382:Core/Src/bmp5/bmp5.c ****     rslt = null_ptr_check(dev);
 1043              		.loc 1 382 12 view .LVU333
 1044 000e FFF7FEFF 		bl	null_ptr_check
 1045              	.LVL105:
 385:Core/Src/bmp5/bmp5.c ****     if ((rslt == BMP5_OK) && (reg_data != NULL))
 1046              		.loc 1 385 5 is_stmt 1 view .LVU334
 385:Core/Src/bmp5/bmp5.c ****     if ((rslt == BMP5_OK) && (reg_data != NULL))
 1047              		.loc 1 385 15 is_stmt 0 view .LVU335
 1048 0012 8246     		mov	r10, r0
 385:Core/Src/bmp5/bmp5.c ****     if ((rslt == BMP5_OK) && (reg_data != NULL))
 1049              		.loc 1 385 27 view .LVU336
 1050 0014 B0FA80F0 		clz	r0, r0
 1051              	.LVL106:
 385:Core/Src/bmp5/bmp5.c ****     if ((rslt == BMP5_OK) && (reg_data != NULL))
 1052              		.loc 1 385 27 view .LVU337
 1053 0018 4009     		lsrs	r0, r0, #5
 1054 001a 002E     		cmp	r6, #0
 1055 001c 08BF     		it	eq
 1056 001e 0020     		moveq	r0, #0
 385:Core/Src/bmp5/bmp5.c ****     if ((rslt == BMP5_OK) && (reg_data != NULL))
 1057              		.loc 1 385 8 view .LVU338
 1058 0020 18B3     		cbz	r0, .L76
 387:Core/Src/bmp5/bmp5.c ****         if (dev->intf == BMP5_SPI_INTF)
 1059              		.loc 1 387 9 is_stmt 1 view .LVU339
 387:Core/Src/bmp5/bmp5.c ****         if (dev->intf == BMP5_SPI_INTF)
 1060              		.loc 1 387 16 is_stmt 0 view .LVU340
 1061 0022 6C7D     		ldrb	r4, [r5, #21]	@ zero_extendqisi2
 387:Core/Src/bmp5/bmp5.c ****         if (dev->intf == BMP5_SPI_INTF)
 1062              		.loc 1 387 12 view .LVU341
 1063 0024 7CB9     		cbnz	r4, .L73
 1064              	.LVL107:
 1065              	.L75:
 390:Core/Src/bmp5/bmp5.c ****             do
 1066              		.loc 1 390 13 is_stmt 1 view .LVU342
 392:Core/Src/bmp5/bmp5.c ****                 dev->intf_rslt = dev->write((reg_addr + idx), &reg_data[idx], 1, dev->intf_ptr);
ARM GAS  C:\Users\jason\AppData\Local\Temp\ccKYcdsQ.s 			page 60


 1067              		.loc 1 392 17 view .LVU343
 392:Core/Src/bmp5/bmp5.c ****                 dev->intf_rslt = dev->write((reg_addr + idx), &reg_data[idx], 1, dev->intf_ptr);
 1068              		.loc 1 392 34 is_stmt 0 view .LVU344
 1069 0026 04EB0900 		add	r0, r4, r9
 1070 002a 6B68     		ldr	r3, [r5, #4]
 1071 002c 0122     		movs	r2, #1
 1072 002e 3119     		adds	r1, r6, r4
 1073 0030 C0B2     		uxtb	r0, r0
 1074 0032 EF68     		ldr	r7, [r5, #12]
 1075 0034 B847     		blx	r7
 1076              	.LVL108:
 392:Core/Src/bmp5/bmp5.c ****                 dev->intf_rslt = dev->write((reg_addr + idx), &reg_data[idx], 1, dev->intf_ptr);
 1077              		.loc 1 392 32 discriminator 1 view .LVU345
 1078 0036 2875     		strb	r0, [r5, #20]
 393:Core/Src/bmp5/bmp5.c ****                 idx++;
 1079              		.loc 1 393 17 is_stmt 1 view .LVU346
 393:Core/Src/bmp5/bmp5.c ****                 idx++;
 1080              		.loc 1 393 20 is_stmt 0 view .LVU347
 1081 0038 0134     		adds	r4, r4, #1
 1082              	.LVL109:
 393:Core/Src/bmp5/bmp5.c ****                 idx++;
 1083              		.loc 1 393 20 view .LVU348
 1084 003a E4B2     		uxtb	r4, r4
 1085              	.LVL110:
 394:Core/Src/bmp5/bmp5.c ****             } while ((idx < len) && (dev->intf_rslt == BMP5_INTF_RET_SUCCESS));
 1086              		.loc 1 394 34 is_stmt 1 discriminator 2 view .LVU349
 1087 003c 4445     		cmp	r4, r8
 1088 003e 06D2     		bcs	.L74
 394:Core/Src/bmp5/bmp5.c ****             } while ((idx < len) && (dev->intf_rslt == BMP5_INTF_RET_SUCCESS));
 1089              		.loc 1 394 34 is_stmt 0 discriminator 1 view .LVU350
 1090 0040 0028     		cmp	r0, #0
 1091 0042 F0D0     		beq	.L75
 1092 0044 03E0     		b	.L74
 1093              	.LVL111:
 1094              	.L73:
 396:Core/Src/bmp5/bmp5.c ****         else if ((dev->intf == BMP5_I2C_INTF) || (dev->intf == BMP5_I3C_INTF))
 1095              		.loc 1 396 14 is_stmt 1 view .LVU351
 396:Core/Src/bmp5/bmp5.c ****         else if ((dev->intf == BMP5_I2C_INTF) || (dev->intf == BMP5_I3C_INTF))
 1096              		.loc 1 396 47 is_stmt 0 view .LVU352
 1097 0046 013C     		subs	r4, r4, #1
 1098 0048 E4B2     		uxtb	r4, r4
 396:Core/Src/bmp5/bmp5.c ****         else if ((dev->intf == BMP5_I2C_INTF) || (dev->intf == BMP5_I3C_INTF))
 1099              		.loc 1 396 17 view .LVU353
 1100 004a 012C     		cmp	r4, #1
 1101 004c 05D9     		bls	.L79
 1102              	.LVL112:
 1103              	.L74:
 402:Core/Src/bmp5/bmp5.c ****         if (dev->intf_rslt != BMP5_INTF_RET_SUCCESS)
 1104              		.loc 1 402 9 is_stmt 1 view .LVU354
 402:Core/Src/bmp5/bmp5.c ****         if (dev->intf_rslt != BMP5_INTF_RET_SUCCESS)
 1105              		.loc 1 402 16 is_stmt 0 view .LVU355
 1106 004e 95F91430 		ldrsb	r3, [r5, #20]
 402:Core/Src/bmp5/bmp5.c ****         if (dev->intf_rslt != BMP5_INTF_RET_SUCCESS)
 1107              		.loc 1 402 12 view .LVU356
 1108 0052 73B9     		cbnz	r3, .L80
 1109              	.LVL113:
 1110              	.L72:
ARM GAS  C:\Users\jason\AppData\Local\Temp\ccKYcdsQ.s 			page 61


 413:Core/Src/bmp5/bmp5.c ****     return rslt;
 1111              		.loc 1 413 5 is_stmt 1 view .LVU357
 414:Core/Src/bmp5/bmp5.c **** }
 1112              		.loc 1 414 1 is_stmt 0 view .LVU358
 1113 0054 5046     		mov	r0, r10
 1114 0056 BDE8F087 		pop	{r4, r5, r6, r7, r8, r9, r10, pc}
 1115              	.LVL114:
 1116              	.L79:
 399:Core/Src/bmp5/bmp5.c ****             dev->intf_rslt = dev->write(reg_addr, reg_data, len, dev->intf_ptr);
 1117              		.loc 1 399 13 is_stmt 1 view .LVU359
 399:Core/Src/bmp5/bmp5.c ****             dev->intf_rslt = dev->write(reg_addr, reg_data, len, dev->intf_ptr);
 1118              		.loc 1 399 33 is_stmt 0 view .LVU360
 1119 005a EC68     		ldr	r4, [r5, #12]
 399:Core/Src/bmp5/bmp5.c ****             dev->intf_rslt = dev->write(reg_addr, reg_data, len, dev->intf_ptr);
 1120              		.loc 1 399 30 view .LVU361
 1121 005c 6B68     		ldr	r3, [r5, #4]
 1122 005e 4246     		mov	r2, r8
 1123 0060 3146     		mov	r1, r6
 1124 0062 4846     		mov	r0, r9
 1125 0064 A047     		blx	r4
 1126              	.LVL115:
 399:Core/Src/bmp5/bmp5.c ****             dev->intf_rslt = dev->write(reg_addr, reg_data, len, dev->intf_ptr);
 1127              		.loc 1 399 28 discriminator 1 view .LVU362
 1128 0066 2875     		strb	r0, [r5, #20]
 1129 0068 F1E7     		b	.L74
 1130              	.L76:
 410:Core/Src/bmp5/bmp5.c ****         rslt = BMP5_E_NULL_PTR;
 1131              		.loc 1 410 14 view .LVU363
 1132 006a 4FF0FF33 		mov	r3, #-1
 1133 006e 9A46     		mov	r10, r3
 1134              	.LVL116:
 410:Core/Src/bmp5/bmp5.c ****         rslt = BMP5_E_NULL_PTR;
 1135              		.loc 1 410 14 view .LVU364
 1136 0070 F0E7     		b	.L72
 1137              	.LVL117:
 1138              	.L80:
 405:Core/Src/bmp5/bmp5.c ****             rslt = BMP5_E_COM_FAIL;
 1139              		.loc 1 405 18 view .LVU365
 1140 0072 6FF00103 		mvn	r3, #1
 1141 0076 9A46     		mov	r10, r3
 1142              	.LVL118:
 405:Core/Src/bmp5/bmp5.c ****             rslt = BMP5_E_COM_FAIL;
 1143              		.loc 1 405 18 view .LVU366
 1144 0078 ECE7     		b	.L72
 1145              		.cfi_endproc
 1146              	.LFE146:
 1148              		.section	.text.set_deep_standby_mode,"ax",%progbits
 1149              		.align	1
 1150              		.syntax unified
 1151              		.thumb
 1152              		.thumb_func
 1154              	set_deep_standby_mode:
 1155              	.LVL119:
 1156              	.LFB172:
1544:Core/Src/bmp5/bmp5.c **** {
 1157              		.loc 1 1544 1 is_stmt 1 view -0
 1158              		.cfi_startproc
ARM GAS  C:\Users\jason\AppData\Local\Temp\ccKYcdsQ.s 			page 62


 1159              		@ args = 0, pretend = 0, frame = 8
 1160              		@ frame_needed = 0, uses_anonymous_args = 0
1544:Core/Src/bmp5/bmp5.c **** {
 1161              		.loc 1 1544 1 is_stmt 0 view .LVU368
 1162 0000 10B5     		push	{r4, lr}
 1163              		.cfi_def_cfa_offset 8
 1164              		.cfi_offset 4, -8
 1165              		.cfi_offset 14, -4
 1166 0002 82B0     		sub	sp, sp, #8
 1167              		.cfi_def_cfa_offset 16
 1168 0004 0346     		mov	r3, r0
 1169 0006 0446     		mov	r4, r0
1545:Core/Src/bmp5/bmp5.c ****     int8_t rslt;
 1170              		.loc 1 1545 5 is_stmt 1 view .LVU369
1546:Core/Src/bmp5/bmp5.c ****     uint8_t reg_data;
 1171              		.loc 1 1546 5 view .LVU370
1548:Core/Src/bmp5/bmp5.c ****     rslt = bmp5_get_regs(BMP5_REG_ODR_CONFIG, &reg_data, 1, dev);
 1172              		.loc 1 1548 5 view .LVU371
1548:Core/Src/bmp5/bmp5.c ****     rslt = bmp5_get_regs(BMP5_REG_ODR_CONFIG, &reg_data, 1, dev);
 1173              		.loc 1 1548 12 is_stmt 0 view .LVU372
 1174 0008 0122     		movs	r2, #1
 1175 000a 0DF10701 		add	r1, sp, #7
 1176 000e 3720     		movs	r0, #55
 1177              	.LVL120:
1548:Core/Src/bmp5/bmp5.c ****     rslt = bmp5_get_regs(BMP5_REG_ODR_CONFIG, &reg_data, 1, dev);
 1178              		.loc 1 1548 12 view .LVU373
 1179 0010 FFF7FEFF 		bl	bmp5_get_regs
 1180              	.LVL121:
1550:Core/Src/bmp5/bmp5.c ****     if (rslt == BMP5_OK)
 1181              		.loc 1 1550 5 is_stmt 1 view .LVU374
1550:Core/Src/bmp5/bmp5.c ****     if (rslt == BMP5_OK)
 1182              		.loc 1 1550 8 is_stmt 0 view .LVU375
 1183 0014 08B1     		cbz	r0, .L84
 1184              	.LVL122:
 1185              	.L82:
1594:Core/Src/bmp5/bmp5.c ****     return rslt;
 1186              		.loc 1 1594 5 is_stmt 1 view .LVU376
1595:Core/Src/bmp5/bmp5.c **** }
 1187              		.loc 1 1595 1 is_stmt 0 view .LVU377
 1188 0016 02B0     		add	sp, sp, #8
 1189              		.cfi_remember_state
 1190              		.cfi_def_cfa_offset 8
 1191              		@ sp needed
 1192 0018 10BD     		pop	{r4, pc}
 1193              	.LVL123:
 1194              	.L84:
 1195              		.cfi_restore_state
1553:Core/Src/bmp5/bmp5.c ****         reg_data = BMP5_SET_BIT_VAL_0(reg_data, BMP5_DEEP_DISABLE);
 1196              		.loc 1 1553 9 is_stmt 1 view .LVU378
1553:Core/Src/bmp5/bmp5.c ****         reg_data = BMP5_SET_BIT_VAL_0(reg_data, BMP5_DEEP_DISABLE);
 1197              		.loc 1 1553 20 is_stmt 0 view .LVU379
 1198 001a 9DF80730 		ldrb	r3, [sp, #7]	@ zero_extendqisi2
 1199 001e 03F07F02 		and	r2, r3, #127
1553:Core/Src/bmp5/bmp5.c ****         reg_data = BMP5_SET_BIT_VAL_0(reg_data, BMP5_DEEP_DISABLE);
 1200              		.loc 1 1553 18 view .LVU380
 1201 0022 8DF80720 		strb	r2, [sp, #7]
1556:Core/Src/bmp5/bmp5.c ****         reg_data = BMP5_SET_BITSLICE(reg_data, BMP5_ODR, BMP5_ODR_01_HZ);
ARM GAS  C:\Users\jason\AppData\Local\Temp\ccKYcdsQ.s 			page 63


 1202              		.loc 1 1556 9 is_stmt 1 view .LVU381
1556:Core/Src/bmp5/bmp5.c ****         reg_data = BMP5_SET_BITSLICE(reg_data, BMP5_ODR, BMP5_ODR_01_HZ);
 1203              		.loc 1 1556 18 is_stmt 0 view .LVU382
 1204 0026 03F00303 		and	r3, r3, #3
 1205 002a 43F07003 		orr	r3, r3, #112
 1206 002e 8DF80730 		strb	r3, [sp, #7]
1559:Core/Src/bmp5/bmp5.c ****         rslt = bmp5_set_regs(BMP5_REG_ODR_CONFIG, &reg_data, 1, dev);
 1207              		.loc 1 1559 9 is_stmt 1 view .LVU383
1559:Core/Src/bmp5/bmp5.c ****         rslt = bmp5_set_regs(BMP5_REG_ODR_CONFIG, &reg_data, 1, dev);
 1208              		.loc 1 1559 16 is_stmt 0 view .LVU384
 1209 0032 2346     		mov	r3, r4
 1210 0034 0122     		movs	r2, #1
 1211 0036 0DF10701 		add	r1, sp, #7
 1212 003a 3720     		movs	r0, #55
 1213 003c FFF7FEFF 		bl	bmp5_set_regs
 1214              	.LVL124:
1561:Core/Src/bmp5/bmp5.c ****         if (rslt == BMP5_OK)
 1215              		.loc 1 1561 9 is_stmt 1 view .LVU385
1561:Core/Src/bmp5/bmp5.c ****         if (rslt == BMP5_OK)
 1216              		.loc 1 1561 12 is_stmt 0 view .LVU386
 1217 0040 0028     		cmp	r0, #0
 1218 0042 E8D1     		bne	.L82
1563:Core/Src/bmp5/bmp5.c ****             rslt = bmp5_get_regs(BMP5_REG_DSP_IIR, &reg_data, 1, dev);
 1219              		.loc 1 1563 13 is_stmt 1 view .LVU387
1563:Core/Src/bmp5/bmp5.c ****             rslt = bmp5_get_regs(BMP5_REG_DSP_IIR, &reg_data, 1, dev);
 1220              		.loc 1 1563 20 is_stmt 0 view .LVU388
 1221 0044 2346     		mov	r3, r4
 1222 0046 0122     		movs	r2, #1
 1223 0048 0DF10701 		add	r1, sp, #7
 1224 004c 3120     		movs	r0, #49
 1225              	.LVL125:
1563:Core/Src/bmp5/bmp5.c ****             rslt = bmp5_get_regs(BMP5_REG_DSP_IIR, &reg_data, 1, dev);
 1226              		.loc 1 1563 20 view .LVU389
 1227 004e FFF7FEFF 		bl	bmp5_get_regs
 1228              	.LVL126:
1565:Core/Src/bmp5/bmp5.c ****             if (rslt == BMP5_OK)
 1229              		.loc 1 1565 13 is_stmt 1 view .LVU390
1565:Core/Src/bmp5/bmp5.c ****             if (rslt == BMP5_OK)
 1230              		.loc 1 1565 16 is_stmt 0 view .LVU391
 1231 0052 0028     		cmp	r0, #0
 1232 0054 DFD1     		bne	.L82
1572:Core/Src/bmp5/bmp5.c ****                 reg_data = reg_data & BMP5_IIR_BYPASS;
 1233              		.loc 1 1572 17 is_stmt 1 view .LVU392
1572:Core/Src/bmp5/bmp5.c ****                 reg_data = reg_data & BMP5_IIR_BYPASS;
 1234              		.loc 1 1572 37 is_stmt 0 view .LVU393
 1235 0056 9DF80730 		ldrb	r3, [sp, #7]	@ zero_extendqisi2
 1236 005a 03F0C003 		and	r3, r3, #192
1572:Core/Src/bmp5/bmp5.c ****                 reg_data = reg_data & BMP5_IIR_BYPASS;
 1237              		.loc 1 1572 26 view .LVU394
 1238 005e 8DF80730 		strb	r3, [sp, #7]
1575:Core/Src/bmp5/bmp5.c ****                 rslt = bmp5_set_regs(BMP5_REG_DSP_IIR, &reg_data, 1, dev);
 1239              		.loc 1 1575 17 is_stmt 1 view .LVU395
1575:Core/Src/bmp5/bmp5.c ****                 rslt = bmp5_set_regs(BMP5_REG_DSP_IIR, &reg_data, 1, dev);
 1240              		.loc 1 1575 24 is_stmt 0 view .LVU396
 1241 0062 2346     		mov	r3, r4
 1242 0064 0122     		movs	r2, #1
 1243 0066 0DF10701 		add	r1, sp, #7
ARM GAS  C:\Users\jason\AppData\Local\Temp\ccKYcdsQ.s 			page 64


 1244 006a 3120     		movs	r0, #49
 1245              	.LVL127:
1575:Core/Src/bmp5/bmp5.c ****                 rslt = bmp5_set_regs(BMP5_REG_DSP_IIR, &reg_data, 1, dev);
 1246              		.loc 1 1575 24 view .LVU397
 1247 006c FFF7FEFF 		bl	bmp5_set_regs
 1248              	.LVL128:
1579:Core/Src/bmp5/bmp5.c ****         if (rslt == BMP5_OK)
 1249              		.loc 1 1579 9 is_stmt 1 view .LVU398
1579:Core/Src/bmp5/bmp5.c ****         if (rslt == BMP5_OK)
 1250              		.loc 1 1579 12 is_stmt 0 view .LVU399
 1251 0070 0028     		cmp	r0, #0
 1252 0072 D0D1     		bne	.L82
1581:Core/Src/bmp5/bmp5.c ****             rslt = bmp5_get_regs(BMP5_REG_FIFO_SEL, &reg_data, 1, dev);
 1253              		.loc 1 1581 13 is_stmt 1 view .LVU400
1581:Core/Src/bmp5/bmp5.c ****             rslt = bmp5_get_regs(BMP5_REG_FIFO_SEL, &reg_data, 1, dev);
 1254              		.loc 1 1581 20 is_stmt 0 view .LVU401
 1255 0074 2346     		mov	r3, r4
 1256 0076 0122     		movs	r2, #1
 1257 0078 0DF10701 		add	r1, sp, #7
 1258 007c 1820     		movs	r0, #24
 1259              	.LVL129:
1581:Core/Src/bmp5/bmp5.c ****             rslt = bmp5_get_regs(BMP5_REG_FIFO_SEL, &reg_data, 1, dev);
 1260              		.loc 1 1581 20 view .LVU402
 1261 007e FFF7FEFF 		bl	bmp5_get_regs
 1262              	.LVL130:
1583:Core/Src/bmp5/bmp5.c ****             if (rslt == BMP5_OK)
 1263              		.loc 1 1583 13 is_stmt 1 view .LVU403
1583:Core/Src/bmp5/bmp5.c ****             if (rslt == BMP5_OK)
 1264              		.loc 1 1583 16 is_stmt 0 view .LVU404
 1265 0082 0028     		cmp	r0, #0
 1266 0084 C7D1     		bne	.L82
1586:Core/Src/bmp5/bmp5.c ****                 reg_data = BMP5_SET_BIT_VAL_0(reg_data, BMP5_FIFO_FRAME_SEL);
 1267              		.loc 1 1586 17 is_stmt 1 view .LVU405
1586:Core/Src/bmp5/bmp5.c ****                 reg_data = BMP5_SET_BIT_VAL_0(reg_data, BMP5_FIFO_FRAME_SEL);
 1268              		.loc 1 1586 28 is_stmt 0 view .LVU406
 1269 0086 9DF80730 		ldrb	r3, [sp, #7]	@ zero_extendqisi2
 1270 008a 03F0FC03 		and	r3, r3, #252
1586:Core/Src/bmp5/bmp5.c ****                 reg_data = BMP5_SET_BIT_VAL_0(reg_data, BMP5_FIFO_FRAME_SEL);
 1271              		.loc 1 1586 26 view .LVU407
 1272 008e 8DF80730 		strb	r3, [sp, #7]
1589:Core/Src/bmp5/bmp5.c ****                 rslt = bmp5_set_regs(BMP5_REG_FIFO_SEL, &reg_data, 1, dev);
 1273              		.loc 1 1589 17 is_stmt 1 view .LVU408
1589:Core/Src/bmp5/bmp5.c ****                 rslt = bmp5_set_regs(BMP5_REG_FIFO_SEL, &reg_data, 1, dev);
 1274              		.loc 1 1589 24 is_stmt 0 view .LVU409
 1275 0092 2346     		mov	r3, r4
 1276 0094 0122     		movs	r2, #1
 1277 0096 0DF10701 		add	r1, sp, #7
 1278 009a 1820     		movs	r0, #24
 1279              	.LVL131:
1589:Core/Src/bmp5/bmp5.c ****                 rslt = bmp5_set_regs(BMP5_REG_FIFO_SEL, &reg_data, 1, dev);
 1280              		.loc 1 1589 24 view .LVU410
 1281 009c FFF7FEFF 		bl	bmp5_set_regs
 1282              	.LVL132:
 1283 00a0 B9E7     		b	.L82
 1284              		.cfi_endproc
 1285              	.LFE172:
 1287              		.section	.text.set_power_mode,"ax",%progbits
ARM GAS  C:\Users\jason\AppData\Local\Temp\ccKYcdsQ.s 			page 65


 1288              		.align	1
 1289              		.syntax unified
 1290              		.thumb
 1291              		.thumb_func
 1293              	set_power_mode:
 1294              	.LVL133:
 1295              	.LFB173:
1601:Core/Src/bmp5/bmp5.c **** {
 1296              		.loc 1 1601 1 is_stmt 1 view -0
 1297              		.cfi_startproc
 1298              		@ args = 0, pretend = 0, frame = 8
 1299              		@ frame_needed = 0, uses_anonymous_args = 0
1601:Core/Src/bmp5/bmp5.c **** {
 1300              		.loc 1 1601 1 is_stmt 0 view .LVU412
 1301 0000 30B5     		push	{r4, r5, lr}
 1302              		.cfi_def_cfa_offset 12
 1303              		.cfi_offset 4, -12
 1304              		.cfi_offset 5, -8
 1305              		.cfi_offset 14, -4
 1306 0002 83B0     		sub	sp, sp, #12
 1307              		.cfi_def_cfa_offset 24
 1308 0004 0446     		mov	r4, r0
 1309 0006 0B46     		mov	r3, r1
 1310 0008 0D46     		mov	r5, r1
1602:Core/Src/bmp5/bmp5.c ****     int8_t rslt;
 1311              		.loc 1 1602 5 is_stmt 1 view .LVU413
1603:Core/Src/bmp5/bmp5.c ****     uint8_t reg_data;
 1312              		.loc 1 1603 5 view .LVU414
1605:Core/Src/bmp5/bmp5.c ****     rslt = bmp5_get_regs(BMP5_REG_ODR_CONFIG, &reg_data, 1, dev);
 1313              		.loc 1 1605 5 view .LVU415
1605:Core/Src/bmp5/bmp5.c ****     rslt = bmp5_get_regs(BMP5_REG_ODR_CONFIG, &reg_data, 1, dev);
 1314              		.loc 1 1605 12 is_stmt 0 view .LVU416
 1315 000a 0122     		movs	r2, #1
 1316 000c 0DF10701 		add	r1, sp, #7
 1317              	.LVL134:
1605:Core/Src/bmp5/bmp5.c ****     rslt = bmp5_get_regs(BMP5_REG_ODR_CONFIG, &reg_data, 1, dev);
 1318              		.loc 1 1605 12 view .LVU417
 1319 0010 3720     		movs	r0, #55
 1320              	.LVL135:
1605:Core/Src/bmp5/bmp5.c ****     rslt = bmp5_get_regs(BMP5_REG_ODR_CONFIG, &reg_data, 1, dev);
 1321              		.loc 1 1605 12 view .LVU418
 1322 0012 FFF7FEFF 		bl	bmp5_get_regs
 1323              	.LVL136:
1607:Core/Src/bmp5/bmp5.c ****     if (rslt == BMP5_OK)
 1324              		.loc 1 1607 5 is_stmt 1 view .LVU419
1607:Core/Src/bmp5/bmp5.c ****     if (rslt == BMP5_OK)
 1325              		.loc 1 1607 8 is_stmt 0 view .LVU420
 1326 0016 08B1     		cbz	r0, .L88
 1327              	.L86:
 1328              	.LVL137:
1617:Core/Src/bmp5/bmp5.c ****     return rslt;
 1329              		.loc 1 1617 5 is_stmt 1 view .LVU421
1618:Core/Src/bmp5/bmp5.c **** }
 1330              		.loc 1 1618 1 is_stmt 0 view .LVU422
 1331 0018 03B0     		add	sp, sp, #12
 1332              		.cfi_remember_state
 1333              		.cfi_def_cfa_offset 12
ARM GAS  C:\Users\jason\AppData\Local\Temp\ccKYcdsQ.s 			page 66


 1334              		@ sp needed
 1335 001a 30BD     		pop	{r4, r5, pc}
 1336              	.LVL138:
 1337              	.L88:
 1338              		.cfi_restore_state
1610:Core/Src/bmp5/bmp5.c ****         reg_data = BMP5_SET_BITSLICE(reg_data, BMP5_DEEP_DISABLE, BMP5_DEEP_DISABLED);
 1339              		.loc 1 1610 9 is_stmt 1 view .LVU423
1610:Core/Src/bmp5/bmp5.c ****         reg_data = BMP5_SET_BITSLICE(reg_data, BMP5_DEEP_DISABLE, BMP5_DEEP_DISABLED);
 1340              		.loc 1 1610 20 is_stmt 0 view .LVU424
 1341 001c 9DF80730 		ldrb	r3, [sp, #7]	@ zero_extendqisi2
 1342 0020 43F08002 		orr	r2, r3, #128
1610:Core/Src/bmp5/bmp5.c ****         reg_data = BMP5_SET_BITSLICE(reg_data, BMP5_DEEP_DISABLE, BMP5_DEEP_DISABLED);
 1343              		.loc 1 1610 18 view .LVU425
 1344 0024 8DF80720 		strb	r2, [sp, #7]
1612:Core/Src/bmp5/bmp5.c ****         reg_data = BMP5_SET_BITS_POS_0(reg_data, BMP5_POWERMODE, powermode);
 1345              		.loc 1 1612 9 is_stmt 1 view .LVU426
1612:Core/Src/bmp5/bmp5.c ****         reg_data = BMP5_SET_BITS_POS_0(reg_data, BMP5_POWERMODE, powermode);
 1346              		.loc 1 1612 18 is_stmt 0 view .LVU427
 1347 0028 23F00303 		bic	r3, r3, #3
 1348 002c 63F07F03 		orn	r3, r3, #127
 1349 0030 04F00300 		and	r0, r4, #3
 1350 0034 1843     		orrs	r0, r0, r3
 1351 0036 8DF80700 		strb	r0, [sp, #7]
1614:Core/Src/bmp5/bmp5.c ****         rslt = bmp5_set_regs(BMP5_REG_ODR_CONFIG, &reg_data, 1, dev);
 1352              		.loc 1 1614 9 is_stmt 1 view .LVU428
1614:Core/Src/bmp5/bmp5.c ****         rslt = bmp5_set_regs(BMP5_REG_ODR_CONFIG, &reg_data, 1, dev);
 1353              		.loc 1 1614 16 is_stmt 0 view .LVU429
 1354 003a 2B46     		mov	r3, r5
 1355 003c 0122     		movs	r2, #1
 1356 003e 0DF10701 		add	r1, sp, #7
 1357 0042 3720     		movs	r0, #55
 1358 0044 FFF7FEFF 		bl	bmp5_set_regs
 1359              	.LVL139:
 1360 0048 E6E7     		b	.L86
 1361              		.cfi_endproc
 1362              	.LFE173:
 1364              		.section	.text.set_iir_config,"ax",%progbits
 1365              		.align	1
 1366              		.syntax unified
 1367              		.thumb
 1368              		.thumb_func
 1370              	set_iir_config:
 1371              	.LVL140:
 1372              	.LFB175:
1668:Core/Src/bmp5/bmp5.c **** {
 1373              		.loc 1 1668 1 is_stmt 1 view -0
 1374              		.cfi_startproc
 1375              		@ args = 0, pretend = 0, frame = 8
 1376              		@ frame_needed = 0, uses_anonymous_args = 0
1668:Core/Src/bmp5/bmp5.c **** {
 1377              		.loc 1 1668 1 is_stmt 0 view .LVU431
 1378 0000 30B5     		push	{r4, r5, lr}
 1379              		.cfi_def_cfa_offset 12
 1380              		.cfi_offset 4, -12
 1381              		.cfi_offset 5, -8
 1382              		.cfi_offset 14, -4
 1383 0002 83B0     		sub	sp, sp, #12
ARM GAS  C:\Users\jason\AppData\Local\Temp\ccKYcdsQ.s 			page 67


 1384              		.cfi_def_cfa_offset 24
 1385 0004 0446     		mov	r4, r0
 1386 0006 0B46     		mov	r3, r1
 1387 0008 0D46     		mov	r5, r1
1669:Core/Src/bmp5/bmp5.c ****     int8_t rslt;
 1388              		.loc 1 1669 5 is_stmt 1 view .LVU432
1672:Core/Src/bmp5/bmp5.c ****     uint8_t reg_data[2];
 1389              		.loc 1 1672 5 view .LVU433
1674:Core/Src/bmp5/bmp5.c ****     rslt = bmp5_get_regs(BMP5_REG_DSP_CONFIG, reg_data, 2, dev);
 1390              		.loc 1 1674 5 view .LVU434
1674:Core/Src/bmp5/bmp5.c ****     rslt = bmp5_get_regs(BMP5_REG_DSP_CONFIG, reg_data, 2, dev);
 1391              		.loc 1 1674 12 is_stmt 0 view .LVU435
 1392 000a 0222     		movs	r2, #2
 1393 000c 01A9     		add	r1, sp, #4
 1394              	.LVL141:
1674:Core/Src/bmp5/bmp5.c ****     rslt = bmp5_get_regs(BMP5_REG_DSP_CONFIG, reg_data, 2, dev);
 1395              		.loc 1 1674 12 view .LVU436
 1396 000e 3020     		movs	r0, #48
 1397              	.LVL142:
1674:Core/Src/bmp5/bmp5.c ****     rslt = bmp5_get_regs(BMP5_REG_DSP_CONFIG, reg_data, 2, dev);
 1398              		.loc 1 1674 12 view .LVU437
 1399 0010 FFF7FEFF 		bl	bmp5_get_regs
 1400              	.LVL143:
1676:Core/Src/bmp5/bmp5.c ****     if (rslt == BMP5_OK)
 1401              		.loc 1 1676 5 is_stmt 1 view .LVU438
1676:Core/Src/bmp5/bmp5.c ****     if (rslt == BMP5_OK)
 1402              		.loc 1 1676 8 is_stmt 0 view .LVU439
 1403 0014 08B1     		cbz	r0, .L92
 1404              	.L90:
 1405              	.LVL144:
1689:Core/Src/bmp5/bmp5.c ****     return rslt;
 1406              		.loc 1 1689 5 is_stmt 1 view .LVU440
1690:Core/Src/bmp5/bmp5.c **** }
 1407              		.loc 1 1690 1 is_stmt 0 view .LVU441
 1408 0016 03B0     		add	sp, sp, #12
 1409              		.cfi_remember_state
 1410              		.cfi_def_cfa_offset 12
 1411              		@ sp needed
 1412 0018 30BD     		pop	{r4, r5, pc}
 1413              	.LVL145:
 1414              	.L92:
 1415              		.cfi_restore_state
1678:Core/Src/bmp5/bmp5.c ****         reg_data[0] = BMP5_SET_BITSLICE(reg_data[0], BMP5_SHDW_SET_IIR_TEMP, iir_cfg->shdw_set_iir_
 1416              		.loc 1 1678 9 is_stmt 1 view .LVU442
1678:Core/Src/bmp5/bmp5.c ****         reg_data[0] = BMP5_SET_BITSLICE(reg_data[0], BMP5_SHDW_SET_IIR_TEMP, iir_cfg->shdw_set_iir_
 1417              		.loc 1 1678 23 is_stmt 0 view .LVU443
 1418 001a 9DF80420 		ldrb	r2, [sp, #4]	@ zero_extendqisi2
 1419 001e A378     		ldrb	r3, [r4, #2]	@ zero_extendqisi2
 1420 0020 DB00     		lsls	r3, r3, #3
 1421 0022 03F00803 		and	r3, r3, #8
 1422 0026 22F00802 		bic	r2, r2, #8
 1423 002a 1A43     		orrs	r2, r2, r3
1678:Core/Src/bmp5/bmp5.c ****         reg_data[0] = BMP5_SET_BITSLICE(reg_data[0], BMP5_SHDW_SET_IIR_TEMP, iir_cfg->shdw_set_iir_
 1424              		.loc 1 1678 21 view .LVU444
 1425 002c 8DF80420 		strb	r2, [sp, #4]
1679:Core/Src/bmp5/bmp5.c ****         reg_data[0] = BMP5_SET_BITSLICE(reg_data[0], BMP5_SHDW_SET_IIR_PRESS, iir_cfg->shdw_set_iir
 1426              		.loc 1 1679 9 is_stmt 1 view .LVU445
ARM GAS  C:\Users\jason\AppData\Local\Temp\ccKYcdsQ.s 			page 68


1679:Core/Src/bmp5/bmp5.c ****         reg_data[0] = BMP5_SET_BITSLICE(reg_data[0], BMP5_SHDW_SET_IIR_PRESS, iir_cfg->shdw_set_iir
 1427              		.loc 1 1679 23 is_stmt 0 view .LVU446
 1428 0030 E378     		ldrb	r3, [r4, #3]	@ zero_extendqisi2
 1429 0032 5B01     		lsls	r3, r3, #5
 1430 0034 03F02003 		and	r3, r3, #32
 1431 0038 22F02002 		bic	r2, r2, #32
 1432 003c 1A43     		orrs	r2, r2, r3
1679:Core/Src/bmp5/bmp5.c ****         reg_data[0] = BMP5_SET_BITSLICE(reg_data[0], BMP5_SHDW_SET_IIR_PRESS, iir_cfg->shdw_set_iir
 1433              		.loc 1 1679 21 view .LVU447
 1434 003e 8DF80420 		strb	r2, [sp, #4]
1680:Core/Src/bmp5/bmp5.c ****         reg_data[0] = BMP5_SET_BITSLICE(reg_data[0], BMP5_IIR_FLUSH_FORCED_EN, iir_cfg->iir_flush_f
 1435              		.loc 1 1680 9 is_stmt 1 view .LVU448
1680:Core/Src/bmp5/bmp5.c ****         reg_data[0] = BMP5_SET_BITSLICE(reg_data[0], BMP5_IIR_FLUSH_FORCED_EN, iir_cfg->iir_flush_f
 1436              		.loc 1 1680 23 is_stmt 0 view .LVU449
 1437 0042 2379     		ldrb	r3, [r4, #4]	@ zero_extendqisi2
 1438 0044 9B00     		lsls	r3, r3, #2
 1439 0046 03F00403 		and	r3, r3, #4
 1440 004a 22F00402 		bic	r2, r2, #4
 1441 004e 1A43     		orrs	r2, r2, r3
1680:Core/Src/bmp5/bmp5.c ****         reg_data[0] = BMP5_SET_BITSLICE(reg_data[0], BMP5_IIR_FLUSH_FORCED_EN, iir_cfg->iir_flush_f
 1442              		.loc 1 1680 21 view .LVU450
 1443 0050 8DF80420 		strb	r2, [sp, #4]
1682:Core/Src/bmp5/bmp5.c ****         reg_data[1] = iir_cfg->set_iir_t;
 1444              		.loc 1 1682 9 is_stmt 1 view .LVU451
1682:Core/Src/bmp5/bmp5.c ****         reg_data[1] = iir_cfg->set_iir_t;
 1445              		.loc 1 1682 30 is_stmt 0 view .LVU452
 1446 0054 2378     		ldrb	r3, [r4]	@ zero_extendqisi2
1682:Core/Src/bmp5/bmp5.c ****         reg_data[1] = iir_cfg->set_iir_t;
 1447              		.loc 1 1682 21 view .LVU453
 1448 0056 8DF80530 		strb	r3, [sp, #5]
1683:Core/Src/bmp5/bmp5.c ****         reg_data[1] = BMP5_SET_BITSLICE(reg_data[1], BMP5_SET_IIR_PRESS, iir_cfg->set_iir_p);
 1449              		.loc 1 1683 9 is_stmt 1 view .LVU454
1683:Core/Src/bmp5/bmp5.c ****         reg_data[1] = BMP5_SET_BITSLICE(reg_data[1], BMP5_SET_IIR_PRESS, iir_cfg->set_iir_p);
 1450              		.loc 1 1683 23 is_stmt 0 view .LVU455
 1451 005a 6278     		ldrb	r2, [r4, #1]	@ zero_extendqisi2
 1452 005c D200     		lsls	r2, r2, #3
 1453 005e 02F03802 		and	r2, r2, #56
 1454 0062 23F03803 		bic	r3, r3, #56
 1455 0066 1343     		orrs	r3, r3, r2
1683:Core/Src/bmp5/bmp5.c ****         reg_data[1] = BMP5_SET_BITSLICE(reg_data[1], BMP5_SET_IIR_PRESS, iir_cfg->set_iir_p);
 1456              		.loc 1 1683 21 view .LVU456
 1457 0068 8DF80530 		strb	r3, [sp, #5]
1686:Core/Src/bmp5/bmp5.c ****         rslt = bmp5_set_regs(BMP5_REG_DSP_CONFIG, reg_data, 2, dev);
 1458              		.loc 1 1686 9 is_stmt 1 view .LVU457
1686:Core/Src/bmp5/bmp5.c ****         rslt = bmp5_set_regs(BMP5_REG_DSP_CONFIG, reg_data, 2, dev);
 1459              		.loc 1 1686 16 is_stmt 0 view .LVU458
 1460 006c 2B46     		mov	r3, r5
 1461 006e 0222     		movs	r2, #2
 1462 0070 01A9     		add	r1, sp, #4
 1463 0072 3020     		movs	r0, #48
 1464 0074 FFF7FEFF 		bl	bmp5_set_regs
 1465              	.LVL146:
 1466 0078 CDE7     		b	.L90
 1467              		.cfi_endproc
 1468              	.LFE175:
 1470              		.section	.text.set_nvm_addr,"ax",%progbits
 1471              		.align	1
ARM GAS  C:\Users\jason\AppData\Local\Temp\ccKYcdsQ.s 			page 69


 1472              		.syntax unified
 1473              		.thumb
 1474              		.thumb_func
 1476              	set_nvm_addr:
 1477              	.LVL147:
 1478              	.LFB181:
2037:Core/Src/bmp5/bmp5.c **** {
 1479              		.loc 1 2037 1 is_stmt 1 view -0
 1480              		.cfi_startproc
 1481              		@ args = 0, pretend = 0, frame = 8
 1482              		@ frame_needed = 0, uses_anonymous_args = 0
2037:Core/Src/bmp5/bmp5.c **** {
 1483              		.loc 1 2037 1 is_stmt 0 view .LVU460
 1484 0000 70B5     		push	{r4, r5, r6, lr}
 1485              		.cfi_def_cfa_offset 16
 1486              		.cfi_offset 4, -16
 1487              		.cfi_offset 5, -12
 1488              		.cfi_offset 6, -8
 1489              		.cfi_offset 14, -4
 1490 0002 82B0     		sub	sp, sp, #8
 1491              		.cfi_def_cfa_offset 24
 1492 0004 0646     		mov	r6, r0
 1493 0006 0D46     		mov	r5, r1
 1494 0008 1446     		mov	r4, r2
2038:Core/Src/bmp5/bmp5.c ****     int8_t rslt;
 1495              		.loc 1 2038 5 is_stmt 1 view .LVU461
2039:Core/Src/bmp5/bmp5.c ****     uint8_t nvm_status;
 1496              		.loc 1 2039 5 view .LVU462
2040:Core/Src/bmp5/bmp5.c ****     uint8_t reg_data;
 1497              		.loc 1 2040 5 view .LVU463
2043:Core/Src/bmp5/bmp5.c ****     rslt = get_nvm_status(&nvm_status, dev);
 1498              		.loc 1 2043 5 view .LVU464
2043:Core/Src/bmp5/bmp5.c ****     rslt = get_nvm_status(&nvm_status, dev);
 1499              		.loc 1 2043 12 is_stmt 0 view .LVU465
 1500 000a 1146     		mov	r1, r2
 1501              	.LVL148:
2043:Core/Src/bmp5/bmp5.c ****     rslt = get_nvm_status(&nvm_status, dev);
 1502              		.loc 1 2043 12 view .LVU466
 1503 000c 0DF10700 		add	r0, sp, #7
 1504              	.LVL149:
2043:Core/Src/bmp5/bmp5.c ****     rslt = get_nvm_status(&nvm_status, dev);
 1505              		.loc 1 2043 12 view .LVU467
 1506 0010 FFF7FEFF 		bl	get_nvm_status
 1507              	.LVL150:
2045:Core/Src/bmp5/bmp5.c ****     if (nvm_status & BMP5_INT_NVM_RDY)
 1508              		.loc 1 2045 5 is_stmt 1 view .LVU468
2045:Core/Src/bmp5/bmp5.c ****     if (nvm_status & BMP5_INT_NVM_RDY)
 1509              		.loc 1 2045 20 is_stmt 0 view .LVU469
 1510 0014 9DF80730 		ldrb	r3, [sp, #7]	@ zero_extendqisi2
2045:Core/Src/bmp5/bmp5.c ****     if (nvm_status & BMP5_INT_NVM_RDY)
 1511              		.loc 1 2045 8 view .LVU470
 1512 0018 13F0020F 		tst	r3, #2
 1513 001c 29D0     		beq	.L97
2047:Core/Src/bmp5/bmp5.c ****         rslt = bmp5_get_regs(BMP5_REG_NVM_ADDR, &reg_data, 1, dev);
 1514              		.loc 1 2047 9 is_stmt 1 view .LVU471
2047:Core/Src/bmp5/bmp5.c ****         rslt = bmp5_get_regs(BMP5_REG_NVM_ADDR, &reg_data, 1, dev);
 1515              		.loc 1 2047 16 is_stmt 0 view .LVU472
ARM GAS  C:\Users\jason\AppData\Local\Temp\ccKYcdsQ.s 			page 70


 1516 001e 2346     		mov	r3, r4
 1517 0020 0122     		movs	r2, #1
 1518 0022 0DF10601 		add	r1, sp, #6
 1519 0026 2B20     		movs	r0, #43
 1520 0028 FFF7FEFF 		bl	bmp5_get_regs
 1521              	.LVL151:
2049:Core/Src/bmp5/bmp5.c ****         if (rslt == BMP5_OK)
 1522              		.loc 1 2049 9 is_stmt 1 view .LVU473
2049:Core/Src/bmp5/bmp5.c ****         if (rslt == BMP5_OK)
 1523              		.loc 1 2049 12 is_stmt 0 view .LVU474
 1524 002c B0B9     		cbnz	r0, .L94
2052:Core/Src/bmp5/bmp5.c ****             reg_data = BMP5_SET_BITS_POS_0(reg_data, BMP5_NVM_ADDR, nvm_addr);
 1525              		.loc 1 2052 13 is_stmt 1 view .LVU475
2052:Core/Src/bmp5/bmp5.c ****             reg_data = BMP5_SET_BITS_POS_0(reg_data, BMP5_NVM_ADDR, nvm_addr);
 1526              		.loc 1 2052 24 is_stmt 0 view .LVU476
 1527 002e 9DF80630 		ldrb	r3, [sp, #6]	@ zero_extendqisi2
 1528 0032 23F03F03 		bic	r3, r3, #63
 1529 0036 06F03F02 		and	r2, r6, #63
 1530 003a 43EA0200 		orr	r0, r3, r2
 1531              	.LVL152:
2052:Core/Src/bmp5/bmp5.c ****             reg_data = BMP5_SET_BITS_POS_0(reg_data, BMP5_NVM_ADDR, nvm_addr);
 1532              		.loc 1 2052 22 view .LVU477
 1533 003e 8DF80600 		strb	r0, [sp, #6]
2054:Core/Src/bmp5/bmp5.c ****             if (prog_en == BMP5_ENABLE)
 1534              		.loc 1 2054 13 is_stmt 1 view .LVU478
2054:Core/Src/bmp5/bmp5.c ****             if (prog_en == BMP5_ENABLE)
 1535              		.loc 1 2054 16 is_stmt 0 view .LVU479
 1536 0042 012D     		cmp	r5, #1
 1537 0044 0CD0     		beq	.L99
2062:Core/Src/bmp5/bmp5.c ****                 reg_data = BMP5_SET_BIT_VAL_0(reg_data, BMP5_NVM_PROG_EN);
 1538              		.loc 1 2062 17 is_stmt 1 view .LVU480
2062:Core/Src/bmp5/bmp5.c ****                 reg_data = BMP5_SET_BIT_VAL_0(reg_data, BMP5_NVM_PROG_EN);
 1539              		.loc 1 2062 28 is_stmt 0 view .LVU481
 1540 0046 00F0BF00 		and	r0, r0, #191
2062:Core/Src/bmp5/bmp5.c ****                 reg_data = BMP5_SET_BIT_VAL_0(reg_data, BMP5_NVM_PROG_EN);
 1541              		.loc 1 2062 26 view .LVU482
 1542 004a 8DF80600 		strb	r0, [sp, #6]
 1543              	.L96:
2065:Core/Src/bmp5/bmp5.c ****             rslt = bmp5_set_regs(BMP5_REG_NVM_ADDR, &reg_data, 1, dev);
 1544              		.loc 1 2065 13 is_stmt 1 view .LVU483
2065:Core/Src/bmp5/bmp5.c ****             rslt = bmp5_set_regs(BMP5_REG_NVM_ADDR, &reg_data, 1, dev);
 1545              		.loc 1 2065 20 is_stmt 0 view .LVU484
 1546 004e 2346     		mov	r3, r4
 1547 0050 0122     		movs	r2, #1
 1548 0052 0DF10601 		add	r1, sp, #6
 1549 0056 2B20     		movs	r0, #43
 1550 0058 FFF7FEFF 		bl	bmp5_set_regs
 1551              	.LVL153:
 1552              	.L94:
2073:Core/Src/bmp5/bmp5.c ****     return rslt;
 1553              		.loc 1 2073 5 is_stmt 1 view .LVU485
2074:Core/Src/bmp5/bmp5.c **** }
 1554              		.loc 1 2074 1 is_stmt 0 view .LVU486
 1555 005c 02B0     		add	sp, sp, #8
 1556              		.cfi_remember_state
 1557              		.cfi_def_cfa_offset 16
 1558              		@ sp needed
ARM GAS  C:\Users\jason\AppData\Local\Temp\ccKYcdsQ.s 			page 71


 1559 005e 70BD     		pop	{r4, r5, r6, pc}
 1560              	.LVL154:
 1561              	.L99:
 1562              		.cfi_restore_state
2057:Core/Src/bmp5/bmp5.c ****                 reg_data = BMP5_SET_BITSLICE(reg_data, BMP5_NVM_PROG_EN, prog_en);
 1563              		.loc 1 2057 17 is_stmt 1 view .LVU487
2057:Core/Src/bmp5/bmp5.c ****                 reg_data = BMP5_SET_BITSLICE(reg_data, BMP5_NVM_PROG_EN, prog_en);
 1564              		.loc 1 2057 28 is_stmt 0 view .LVU488
 1565 0060 AB01     		lsls	r3, r5, #6
 1566 0062 03F04003 		and	r3, r3, #64
 1567 0066 20F04000 		bic	r0, r0, #64
 1568 006a 1843     		orrs	r0, r0, r3
2057:Core/Src/bmp5/bmp5.c ****                 reg_data = BMP5_SET_BITSLICE(reg_data, BMP5_NVM_PROG_EN, prog_en);
 1569              		.loc 1 2057 26 view .LVU489
 1570 006c 8DF80600 		strb	r0, [sp, #6]
 1571 0070 EDE7     		b	.L96
 1572              	.LVL155:
 1573              	.L97:
2070:Core/Src/bmp5/bmp5.c ****         rslt = BMP5_E_NVM_NOT_READY;
 1574              		.loc 1 2070 14 view .LVU490
 1575 0072 6FF00A00 		mvn	r0, #10
 1576 0076 F1E7     		b	.L94
 1577              		.cfi_endproc
 1578              	.LFE181:
 1580              		.section	.text.bmp5_soft_reset,"ax",%progbits
 1581              		.align	1
 1582              		.global	bmp5_soft_reset
 1583              		.syntax unified
 1584              		.thumb
 1585              		.thumb_func
 1587              	bmp5_soft_reset:
 1588              	.LVL156:
 1589              	.LFB147:
 420:Core/Src/bmp5/bmp5.c **** {
 1590              		.loc 1 420 1 is_stmt 1 view -0
 1591              		.cfi_startproc
 1592              		@ args = 0, pretend = 0, frame = 8
 1593              		@ frame_needed = 0, uses_anonymous_args = 0
 420:Core/Src/bmp5/bmp5.c **** {
 1594              		.loc 1 420 1 is_stmt 0 view .LVU492
 1595 0000 30B5     		push	{r4, r5, lr}
 1596              		.cfi_def_cfa_offset 12
 1597              		.cfi_offset 4, -12
 1598              		.cfi_offset 5, -8
 1599              		.cfi_offset 14, -4
 1600 0002 83B0     		sub	sp, sp, #12
 1601              		.cfi_def_cfa_offset 24
 1602 0004 0446     		mov	r4, r0
 421:Core/Src/bmp5/bmp5.c ****     int8_t rslt;
 1603              		.loc 1 421 5 is_stmt 1 view .LVU493
 422:Core/Src/bmp5/bmp5.c ****     uint8_t reg_data;
 1604              		.loc 1 422 5 view .LVU494
 423:Core/Src/bmp5/bmp5.c ****     uint8_t por_status;
 1605              		.loc 1 423 5 view .LVU495
 424:Core/Src/bmp5/bmp5.c ****     uint8_t data = BMP5_SOFT_RESET_CMD;
 1606              		.loc 1 424 5 view .LVU496
 424:Core/Src/bmp5/bmp5.c ****     uint8_t data = BMP5_SOFT_RESET_CMD;
ARM GAS  C:\Users\jason\AppData\Local\Temp\ccKYcdsQ.s 			page 72


 1607              		.loc 1 424 13 is_stmt 0 view .LVU497
 1608 0006 B623     		movs	r3, #182
 1609 0008 8DF80630 		strb	r3, [sp, #6]
 427:Core/Src/bmp5/bmp5.c ****     rslt = bmp5_set_regs(BMP5_REG_CMD, &data, 1, dev);
 1610              		.loc 1 427 5 is_stmt 1 view .LVU498
 427:Core/Src/bmp5/bmp5.c ****     rslt = bmp5_set_regs(BMP5_REG_CMD, &data, 1, dev);
 1611              		.loc 1 427 12 is_stmt 0 view .LVU499
 1612 000c 0346     		mov	r3, r0
 1613 000e 0122     		movs	r2, #1
 1614 0010 0DF10601 		add	r1, sp, #6
 1615 0014 7E20     		movs	r0, #126
 1616              	.LVL157:
 427:Core/Src/bmp5/bmp5.c ****     rslt = bmp5_set_regs(BMP5_REG_CMD, &data, 1, dev);
 1617              		.loc 1 427 12 view .LVU500
 1618 0016 FFF7FEFF 		bl	bmp5_set_regs
 1619              	.LVL158:
 429:Core/Src/bmp5/bmp5.c ****     if (rslt == BMP5_OK)
 1620              		.loc 1 429 5 is_stmt 1 view .LVU501
 429:Core/Src/bmp5/bmp5.c ****     if (rslt == BMP5_OK)
 1621              		.loc 1 429 8 is_stmt 0 view .LVU502
 1622 001a 0546     		mov	r5, r0
 1623 001c 30B9     		cbnz	r0, .L101
 432:Core/Src/bmp5/bmp5.c ****         dev->delay_us(BMP5_DELAY_US_SOFT_RESET, dev->intf_ptr);
 1624              		.loc 1 432 9 is_stmt 1 view .LVU503
 432:Core/Src/bmp5/bmp5.c ****         dev->delay_us(BMP5_DELAY_US_SOFT_RESET, dev->intf_ptr);
 1625              		.loc 1 432 12 is_stmt 0 view .LVU504
 1626 001e 2369     		ldr	r3, [r4, #16]
 432:Core/Src/bmp5/bmp5.c ****         dev->delay_us(BMP5_DELAY_US_SOFT_RESET, dev->intf_ptr);
 1627              		.loc 1 432 9 view .LVU505
 1628 0020 6168     		ldr	r1, [r4, #4]
 1629 0022 4FF4FA60 		mov	r0, #2000
 1630              	.LVL159:
 432:Core/Src/bmp5/bmp5.c ****         dev->delay_us(BMP5_DELAY_US_SOFT_RESET, dev->intf_ptr);
 1631              		.loc 1 432 9 view .LVU506
 1632 0026 9847     		blx	r3
 1633              	.LVL160:
 434:Core/Src/bmp5/bmp5.c ****         if (dev->intf == BMP5_SPI_INTF)
 1634              		.loc 1 434 9 is_stmt 1 view .LVU507
 434:Core/Src/bmp5/bmp5.c ****         if (dev->intf == BMP5_SPI_INTF)
 1635              		.loc 1 434 16 is_stmt 0 view .LVU508
 1636 0028 637D     		ldrb	r3, [r4, #21]	@ zero_extendqisi2
 434:Core/Src/bmp5/bmp5.c ****         if (dev->intf == BMP5_SPI_INTF)
 1637              		.loc 1 434 12 view .LVU509
 1638 002a 13B1     		cbz	r3, .L103
 1639              	.LVL161:
 1640              	.L101:
 463:Core/Src/bmp5/bmp5.c ****     (void)por_status; // Avoid compiler warning-as-error
 1641              		.loc 1 463 5 is_stmt 1 view .LVU510
 465:Core/Src/bmp5/bmp5.c ****     return rslt;
 1642              		.loc 1 465 5 view .LVU511
 466:Core/Src/bmp5/bmp5.c **** }
 1643              		.loc 1 466 1 is_stmt 0 view .LVU512
 1644 002c 2846     		mov	r0, r5
 1645 002e 03B0     		add	sp, sp, #12
 1646              		.cfi_remember_state
 1647              		.cfi_def_cfa_offset 12
 1648              		@ sp needed
ARM GAS  C:\Users\jason\AppData\Local\Temp\ccKYcdsQ.s 			page 73


 1649 0030 30BD     		pop	{r4, r5, pc}
 1650              	.LVL162:
 1651              	.L103:
 1652              		.cfi_restore_state
 440:Core/Src/bmp5/bmp5.c ****             rslt = bmp5_get_regs(BMP5_REG_CHIP_ID, &reg_data, 1, dev);
 1653              		.loc 1 440 13 is_stmt 1 view .LVU513
 440:Core/Src/bmp5/bmp5.c ****             rslt = bmp5_get_regs(BMP5_REG_CHIP_ID, &reg_data, 1, dev);
 1654              		.loc 1 440 20 is_stmt 0 view .LVU514
 1655 0032 2346     		mov	r3, r4
 1656 0034 0122     		movs	r2, #1
 1657 0036 0DF10701 		add	r1, sp, #7
 1658 003a 1046     		mov	r0, r2
 1659 003c FFF7FEFF 		bl	bmp5_get_regs
 1660              	.LVL163:
 1661 0040 0546     		mov	r5, r0
 1662              	.LVL164:
 440:Core/Src/bmp5/bmp5.c ****             rslt = bmp5_get_regs(BMP5_REG_CHIP_ID, &reg_data, 1, dev);
 1663              		.loc 1 440 20 view .LVU515
 1664 0042 F3E7     		b	.L101
 1665              		.cfi_endproc
 1666              	.LFE147:
 1668              		.section	.text.bmp5_get_interrupt_status,"ax",%progbits
 1669              		.align	1
 1670              		.global	bmp5_get_interrupt_status
 1671              		.syntax unified
 1672              		.thumb
 1673              		.thumb_func
 1675              	bmp5_get_interrupt_status:
 1676              	.LVL165:
 1677              	.LFB148:
 472:Core/Src/bmp5/bmp5.c **** {
 1678              		.loc 1 472 1 is_stmt 1 view -0
 1679              		.cfi_startproc
 1680              		@ args = 0, pretend = 0, frame = 0
 1681              		@ frame_needed = 0, uses_anonymous_args = 0
 473:Core/Src/bmp5/bmp5.c ****     int8_t rslt;
 1682              		.loc 1 473 5 view .LVU517
 475:Core/Src/bmp5/bmp5.c ****     if (int_status != NULL)
 1683              		.loc 1 475 5 view .LVU518
 475:Core/Src/bmp5/bmp5.c ****     if (int_status != NULL)
 1684              		.loc 1 475 8 is_stmt 0 view .LVU519
 1685 0000 38B1     		cbz	r0, .L106
 472:Core/Src/bmp5/bmp5.c **** {
 1686              		.loc 1 472 1 view .LVU520
 1687 0002 08B5     		push	{r3, lr}
 1688              		.cfi_def_cfa_offset 8
 1689              		.cfi_offset 3, -8
 1690              		.cfi_offset 14, -4
 1691 0004 0B46     		mov	r3, r1
 1692 0006 0146     		mov	r1, r0
 1693              	.LVL166:
 477:Core/Src/bmp5/bmp5.c ****         rslt = bmp5_get_regs(BMP5_REG_INT_STATUS, int_status, 1, dev);
 1694              		.loc 1 477 9 is_stmt 1 view .LVU521
 477:Core/Src/bmp5/bmp5.c ****         rslt = bmp5_get_regs(BMP5_REG_INT_STATUS, int_status, 1, dev);
 1695              		.loc 1 477 16 is_stmt 0 view .LVU522
 1696 0008 0122     		movs	r2, #1
 1697 000a 2720     		movs	r0, #39
ARM GAS  C:\Users\jason\AppData\Local\Temp\ccKYcdsQ.s 			page 74


 1698              	.LVL167:
 477:Core/Src/bmp5/bmp5.c ****         rslt = bmp5_get_regs(BMP5_REG_INT_STATUS, int_status, 1, dev);
 1699              		.loc 1 477 16 view .LVU523
 1700 000c FFF7FEFF 		bl	bmp5_get_regs
 1701              	.LVL168:
 484:Core/Src/bmp5/bmp5.c ****     return rslt;
 1702              		.loc 1 484 5 is_stmt 1 view .LVU524
 485:Core/Src/bmp5/bmp5.c **** }
 1703              		.loc 1 485 1 is_stmt 0 view .LVU525
 1704 0010 08BD     		pop	{r3, pc}
 1705              	.LVL169:
 1706              	.L106:
 1707              		.cfi_def_cfa_offset 0
 1708              		.cfi_restore 3
 1709              		.cfi_restore 14
 481:Core/Src/bmp5/bmp5.c ****         rslt = BMP5_E_NULL_PTR;
 1710              		.loc 1 481 14 view .LVU526
 1711 0012 4FF0FF30 		mov	r0, #-1
 1712              	.LVL170:
 484:Core/Src/bmp5/bmp5.c ****     return rslt;
 1713              		.loc 1 484 5 is_stmt 1 view .LVU527
 485:Core/Src/bmp5/bmp5.c **** }
 1714              		.loc 1 485 1 is_stmt 0 view .LVU528
 1715 0016 7047     		bx	lr
 1716              		.cfi_endproc
 1717              	.LFE148:
 1719              		.section	.text.bmp5_get_sensor_data,"ax",%progbits
 1720              		.align	1
 1721              		.global	bmp5_get_sensor_data
 1722              		.syntax unified
 1723              		.thumb
 1724              		.thumb_func
 1726              	bmp5_get_sensor_data:
 1727              	.LVL171:
 1728              	.LFB151:
 617:Core/Src/bmp5/bmp5.c **** {
 1729              		.loc 1 617 1 is_stmt 1 view -0
 1730              		.cfi_startproc
 1731              		@ args = 0, pretend = 0, frame = 8
 1732              		@ frame_needed = 0, uses_anonymous_args = 0
 617:Core/Src/bmp5/bmp5.c **** {
 1733              		.loc 1 617 1 is_stmt 0 view .LVU530
 1734 0000 30B5     		push	{r4, r5, lr}
 1735              		.cfi_def_cfa_offset 12
 1736              		.cfi_offset 4, -12
 1737              		.cfi_offset 5, -8
 1738              		.cfi_offset 14, -4
 1739 0002 83B0     		sub	sp, sp, #12
 1740              		.cfi_def_cfa_offset 24
 1741 0004 0446     		mov	r4, r0
 1742 0006 0D46     		mov	r5, r1
 1743 0008 1346     		mov	r3, r2
 618:Core/Src/bmp5/bmp5.c ****     int8_t rslt;
 1744              		.loc 1 618 5 is_stmt 1 view .LVU531
 619:Core/Src/bmp5/bmp5.c ****     uint8_t reg_data[6] = { 0 };
 1745              		.loc 1 619 5 view .LVU532
 619:Core/Src/bmp5/bmp5.c ****     uint8_t reg_data[6] = { 0 };
ARM GAS  C:\Users\jason\AppData\Local\Temp\ccKYcdsQ.s 			page 75


 1746              		.loc 1 619 13 is_stmt 0 view .LVU533
 1747 000a 6946     		mov	r1, sp
 1748              	.LVL172:
 619:Core/Src/bmp5/bmp5.c ****     uint8_t reg_data[6] = { 0 };
 1749              		.loc 1 619 13 view .LVU534
 1750 000c 0020     		movs	r0, #0
 1751              	.LVL173:
 619:Core/Src/bmp5/bmp5.c ****     uint8_t reg_data[6] = { 0 };
 1752              		.loc 1 619 13 view .LVU535
 1753 000e 0090     		str	r0, [sp]
 1754 0010 ADF80400 		strh	r0, [sp, #4]	@ movhi
 620:Core/Src/bmp5/bmp5.c ****     int32_t raw_data_t;
 1755              		.loc 1 620 5 is_stmt 1 view .LVU536
 621:Core/Src/bmp5/bmp5.c ****     uint32_t raw_data_p;
 1756              		.loc 1 621 5 view .LVU537
 623:Core/Src/bmp5/bmp5.c ****     rslt = bmp5_get_regs(BMP5_REG_TEMP_DATA_XLSB, reg_data, 6, dev);
 1757              		.loc 1 623 5 view .LVU538
 623:Core/Src/bmp5/bmp5.c ****     rslt = bmp5_get_regs(BMP5_REG_TEMP_DATA_XLSB, reg_data, 6, dev);
 1758              		.loc 1 623 12 is_stmt 0 view .LVU539
 1759 0014 0622     		movs	r2, #6
 1760              	.LVL174:
 623:Core/Src/bmp5/bmp5.c ****     rslt = bmp5_get_regs(BMP5_REG_TEMP_DATA_XLSB, reg_data, 6, dev);
 1761              		.loc 1 623 12 view .LVU540
 1762 0016 1D20     		movs	r0, #29
 1763 0018 FFF7FEFF 		bl	bmp5_get_regs
 1764              	.LVL175:
 625:Core/Src/bmp5/bmp5.c ****     if (rslt == BMP5_OK)
 1765              		.loc 1 625 5 is_stmt 1 view .LVU541
 625:Core/Src/bmp5/bmp5.c ****     if (rslt == BMP5_OK)
 1766              		.loc 1 625 8 is_stmt 0 view .LVU542
 1767 001c D0B9     		cbnz	r0, .L112
 627:Core/Src/bmp5/bmp5.c ****         raw_data_t = (int32_t)(((uint32_t)reg_data[2] << 16) | ((uint16_t)reg_data[1] << 8) | reg_d
 1768              		.loc 1 627 9 is_stmt 1 view .LVU543
 627:Core/Src/bmp5/bmp5.c ****         raw_data_t = (int32_t)(((uint32_t)reg_data[2] << 16) | ((uint16_t)reg_data[1] << 8) | reg_d
 1769              		.loc 1 627 51 is_stmt 0 view .LVU544
 1770 001e 9DF80220 		ldrb	r2, [sp, #2]	@ zero_extendqisi2
 627:Core/Src/bmp5/bmp5.c ****         raw_data_t = (int32_t)(((uint32_t)reg_data[2] << 16) | ((uint16_t)reg_data[1] << 8) | reg_d
 1771              		.loc 1 627 83 view .LVU545
 1772 0022 9DF80130 		ldrb	r3, [sp, #1]	@ zero_extendqisi2
 627:Core/Src/bmp5/bmp5.c ****         raw_data_t = (int32_t)(((uint32_t)reg_data[2] << 16) | ((uint16_t)reg_data[1] << 8) | reg_d
 1773              		.loc 1 627 87 view .LVU546
 1774 0026 1B02     		lsls	r3, r3, #8
 627:Core/Src/bmp5/bmp5.c ****         raw_data_t = (int32_t)(((uint32_t)reg_data[2] << 16) | ((uint16_t)reg_data[1] << 8) | reg_d
 1775              		.loc 1 627 62 view .LVU547
 1776 0028 43EA0243 		orr	r3, r3, r2, lsl #16
 627:Core/Src/bmp5/bmp5.c ****         raw_data_t = (int32_t)(((uint32_t)reg_data[2] << 16) | ((uint16_t)reg_data[1] << 8) | reg_d
 1777              		.loc 1 627 103 view .LVU548
 1778 002c 9DF80020 		ldrb	r2, [sp]	@ zero_extendqisi2
 627:Core/Src/bmp5/bmp5.c ****         raw_data_t = (int32_t)(((uint32_t)reg_data[2] << 16) | ((uint16_t)reg_data[1] << 8) | reg_d
 1779              		.loc 1 627 93 view .LVU549
 1780 0030 1343     		orrs	r3, r3, r2
 1781 0032 07EE103A 		vmov	s14, r3	@ int
 1782              	.LVL176:
 639:Core/Src/bmp5/bmp5.c ****         sensor_data->temperature = (float)(raw_data_t / 65536.0);
 1783              		.loc 1 639 9 is_stmt 1 view .LVU550
 639:Core/Src/bmp5/bmp5.c ****         sensor_data->temperature = (float)(raw_data_t / 65536.0);
 1784              		.loc 1 639 55 is_stmt 0 view .LVU551
ARM GAS  C:\Users\jason\AppData\Local\Temp\ccKYcdsQ.s 			page 76


 1785 0036 B8EEC77B 		vcvt.f64.s32	d7, s14
 1786 003a 9FED136B 		vldr.64	d6, .L116
 1787 003e 27EE067B 		vmul.f64	d7, d7, d6
 639:Core/Src/bmp5/bmp5.c ****         sensor_data->temperature = (float)(raw_data_t / 65536.0);
 1788              		.loc 1 639 36 view .LVU552
 1789 0042 B7EEC77B 		vcvt.f32.f64	s14, d7
 639:Core/Src/bmp5/bmp5.c ****         sensor_data->temperature = (float)(raw_data_t / 65536.0);
 1790              		.loc 1 639 34 view .LVU553
 1791 0046 84ED017A 		vstr.32	s14, [r4, #4]
 642:Core/Src/bmp5/bmp5.c ****         if (osr_odr_press_cfg->press_en == BMP5_ENABLE)
 1792              		.loc 1 642 9 is_stmt 1 view .LVU554
 642:Core/Src/bmp5/bmp5.c ****         if (osr_odr_press_cfg->press_en == BMP5_ENABLE)
 1793              		.loc 1 642 30 is_stmt 0 view .LVU555
 1794 004a AB78     		ldrb	r3, [r5, #2]	@ zero_extendqisi2
 1795              	.LVL177:
 642:Core/Src/bmp5/bmp5.c ****         if (osr_odr_press_cfg->press_en == BMP5_ENABLE)
 1796              		.loc 1 642 12 view .LVU556
 1797 004c 012B     		cmp	r3, #1
 1798 004e 03D0     		beq	.L115
 661:Core/Src/bmp5/bmp5.c ****             sensor_data->pressure = 0.0;
 1799              		.loc 1 661 13 is_stmt 1 view .LVU557
 661:Core/Src/bmp5/bmp5.c ****             sensor_data->pressure = 0.0;
 1800              		.loc 1 661 35 is_stmt 0 view .LVU558
 1801 0050 0023     		movs	r3, #0
 1802 0052 2360     		str	r3, [r4]	@ float
 1803              	.LVL178:
 1804              	.L112:
 665:Core/Src/bmp5/bmp5.c ****     return rslt;
 1805              		.loc 1 665 5 is_stmt 1 view .LVU559
 666:Core/Src/bmp5/bmp5.c **** }
 1806              		.loc 1 666 1 is_stmt 0 view .LVU560
 1807 0054 03B0     		add	sp, sp, #12
 1808              		.cfi_remember_state
 1809              		.cfi_def_cfa_offset 12
 1810              		@ sp needed
 1811 0056 30BD     		pop	{r4, r5, pc}
 1812              	.LVL179:
 1813              	.L115:
 1814              		.cfi_restore_state
 644:Core/Src/bmp5/bmp5.c ****             raw_data_p = (uint32_t)(((uint32_t)reg_data[5] << 16) | ((uint16_t)reg_data[4] << 8) | 
 1815              		.loc 1 644 13 is_stmt 1 view .LVU561
 644:Core/Src/bmp5/bmp5.c ****             raw_data_p = (uint32_t)(((uint32_t)reg_data[5] << 16) | ((uint16_t)reg_data[4] << 8) | 
 1816              		.loc 1 644 56 is_stmt 0 view .LVU562
 1817 0058 9DF80520 		ldrb	r2, [sp, #5]	@ zero_extendqisi2
 1818              	.LVL180:
 644:Core/Src/bmp5/bmp5.c ****             raw_data_p = (uint32_t)(((uint32_t)reg_data[5] << 16) | ((uint16_t)reg_data[4] << 8) | 
 1819              		.loc 1 644 88 view .LVU563
 1820 005c 9DF80430 		ldrb	r3, [sp, #4]	@ zero_extendqisi2
 644:Core/Src/bmp5/bmp5.c ****             raw_data_p = (uint32_t)(((uint32_t)reg_data[5] << 16) | ((uint16_t)reg_data[4] << 8) | 
 1821              		.loc 1 644 92 view .LVU564
 1822 0060 1B02     		lsls	r3, r3, #8
 644:Core/Src/bmp5/bmp5.c ****             raw_data_p = (uint32_t)(((uint32_t)reg_data[5] << 16) | ((uint16_t)reg_data[4] << 8) | 
 1823              		.loc 1 644 67 view .LVU565
 1824 0062 43EA0243 		orr	r3, r3, r2, lsl #16
 644:Core/Src/bmp5/bmp5.c ****             raw_data_p = (uint32_t)(((uint32_t)reg_data[5] << 16) | ((uint16_t)reg_data[4] << 8) | 
 1825              		.loc 1 644 108 view .LVU566
 1826 0066 9DF80320 		ldrb	r2, [sp, #3]	@ zero_extendqisi2
ARM GAS  C:\Users\jason\AppData\Local\Temp\ccKYcdsQ.s 			page 77


 644:Core/Src/bmp5/bmp5.c ****             raw_data_p = (uint32_t)(((uint32_t)reg_data[5] << 16) | ((uint16_t)reg_data[4] << 8) | 
 1827              		.loc 1 644 24 view .LVU567
 1828 006a 1343     		orrs	r3, r3, r2
 1829 006c 07EE103A 		vmov	s14, r3	@ int
 1830              	.LVL181:
 656:Core/Src/bmp5/bmp5.c ****             sensor_data->pressure = (float)(raw_data_p / 64.0);
 1831              		.loc 1 656 13 is_stmt 1 view .LVU568
 656:Core/Src/bmp5/bmp5.c ****             sensor_data->pressure = (float)(raw_data_p / 64.0);
 1832              		.loc 1 656 56 is_stmt 0 view .LVU569
 1833 0070 B8EE477B 		vcvt.f64.u32	d7, s14
 1834 0074 9FED066B 		vldr.64	d6, .L116+8
 1835 0078 27EE067B 		vmul.f64	d7, d7, d6
 656:Core/Src/bmp5/bmp5.c ****             sensor_data->pressure = (float)(raw_data_p / 64.0);
 1836              		.loc 1 656 37 view .LVU570
 1837 007c B7EEC77B 		vcvt.f32.f64	s14, d7
 656:Core/Src/bmp5/bmp5.c ****             sensor_data->pressure = (float)(raw_data_p / 64.0);
 1838              		.loc 1 656 35 view .LVU571
 1839 0080 84ED007A 		vstr.32	s14, [r4]
 1840              	.LVL182:
 656:Core/Src/bmp5/bmp5.c ****             sensor_data->pressure = (float)(raw_data_p / 64.0);
 1841              		.loc 1 656 35 view .LVU572
 1842 0084 E6E7     		b	.L112
 1843              	.L117:
 1844 0086 00BF     		.align	3
 1845              	.L116:
 1846 0088 00000000 		.word	0
 1847 008c 0000F03E 		.word	1055916032
 1848 0090 00000000 		.word	0
 1849 0094 0000903F 		.word	1066401792
 1850              		.cfi_endproc
 1851              	.LFE151:
 1853              		.section	.text.bmp5_int_source_select,"ax",%progbits
 1854              		.align	1
 1855              		.global	bmp5_int_source_select
 1856              		.syntax unified
 1857              		.thumb
 1858              		.thumb_func
 1860              	bmp5_int_source_select:
 1861              	.LVL183:
 1862              	.LFB152:
 673:Core/Src/bmp5/bmp5.c **** {
 1863              		.loc 1 673 1 is_stmt 1 view -0
 1864              		.cfi_startproc
 1865              		@ args = 0, pretend = 0, frame = 8
 1866              		@ frame_needed = 0, uses_anonymous_args = 0
 674:Core/Src/bmp5/bmp5.c ****     int8_t rslt;
 1867              		.loc 1 674 5 view .LVU574
 675:Core/Src/bmp5/bmp5.c ****     uint8_t reg_data;
 1868              		.loc 1 675 5 view .LVU575
 677:Core/Src/bmp5/bmp5.c ****     if (int_source_select != NULL)
 1869              		.loc 1 677 5 view .LVU576
 677:Core/Src/bmp5/bmp5.c ****     if (int_source_select != NULL)
 1870              		.loc 1 677 8 is_stmt 0 view .LVU577
 1871 0000 0028     		cmp	r0, #0
 1872 0002 3AD0     		beq	.L120
 673:Core/Src/bmp5/bmp5.c **** {
 1873              		.loc 1 673 1 view .LVU578
ARM GAS  C:\Users\jason\AppData\Local\Temp\ccKYcdsQ.s 			page 78


 1874 0004 30B5     		push	{r4, r5, lr}
 1875              		.cfi_def_cfa_offset 12
 1876              		.cfi_offset 4, -12
 1877              		.cfi_offset 5, -8
 1878              		.cfi_offset 14, -4
 1879 0006 83B0     		sub	sp, sp, #12
 1880              		.cfi_def_cfa_offset 24
 1881 0008 0D46     		mov	r5, r1
 1882 000a 0446     		mov	r4, r0
 679:Core/Src/bmp5/bmp5.c ****         rslt = bmp5_get_regs(BMP5_REG_INT_SOURCE, &reg_data, 1, dev);
 1883              		.loc 1 679 9 is_stmt 1 view .LVU579
 679:Core/Src/bmp5/bmp5.c ****         rslt = bmp5_get_regs(BMP5_REG_INT_SOURCE, &reg_data, 1, dev);
 1884              		.loc 1 679 16 is_stmt 0 view .LVU580
 1885 000c 0B46     		mov	r3, r1
 1886 000e 0122     		movs	r2, #1
 1887 0010 0DF10701 		add	r1, sp, #7
 1888              	.LVL184:
 679:Core/Src/bmp5/bmp5.c ****         rslt = bmp5_get_regs(BMP5_REG_INT_SOURCE, &reg_data, 1, dev);
 1889              		.loc 1 679 16 view .LVU581
 1890 0014 1520     		movs	r0, #21
 1891              	.LVL185:
 679:Core/Src/bmp5/bmp5.c ****         rslt = bmp5_get_regs(BMP5_REG_INT_SOURCE, &reg_data, 1, dev);
 1892              		.loc 1 679 16 view .LVU582
 1893 0016 FFF7FEFF 		bl	bmp5_get_regs
 1894              	.LVL186:
 681:Core/Src/bmp5/bmp5.c ****         if (rslt == BMP5_OK)
 1895              		.loc 1 681 9 is_stmt 1 view .LVU583
 681:Core/Src/bmp5/bmp5.c ****         if (rslt == BMP5_OK)
 1896              		.loc 1 681 12 is_stmt 0 view .LVU584
 1897 001a 08B1     		cbz	r0, .L125
 1898              	.L119:
 699:Core/Src/bmp5/bmp5.c ****     return rslt;
 1899              		.loc 1 699 5 is_stmt 1 view .LVU585
 700:Core/Src/bmp5/bmp5.c **** }
 1900              		.loc 1 700 1 is_stmt 0 view .LVU586
 1901 001c 03B0     		add	sp, sp, #12
 1902              		.cfi_remember_state
 1903              		.cfi_def_cfa_offset 12
 1904              		@ sp needed
 1905 001e 30BD     		pop	{r4, r5, pc}
 1906              	.LVL187:
 1907              	.L125:
 1908              		.cfi_restore_state
 683:Core/Src/bmp5/bmp5.c ****             reg_data = BMP5_SET_BITS_POS_0(reg_data, BMP5_INT_DRDY_EN, int_source_select->drdy_en);
 1909              		.loc 1 683 13 is_stmt 1 view .LVU587
 683:Core/Src/bmp5/bmp5.c ****             reg_data = BMP5_SET_BITS_POS_0(reg_data, BMP5_INT_DRDY_EN, int_source_select->drdy_en);
 1910              		.loc 1 683 24 is_stmt 0 view .LVU588
 1911 0020 9DF80730 		ldrb	r3, [sp, #7]	@ zero_extendqisi2
 1912 0024 2278     		ldrb	r2, [r4]	@ zero_extendqisi2
 1913 0026 02F00102 		and	r2, r2, #1
 1914 002a 23F00103 		bic	r3, r3, #1
 1915 002e 1A43     		orrs	r2, r2, r3
 683:Core/Src/bmp5/bmp5.c ****             reg_data = BMP5_SET_BITS_POS_0(reg_data, BMP5_INT_DRDY_EN, int_source_select->drdy_en);
 1916              		.loc 1 683 22 view .LVU589
 1917 0030 8DF80720 		strb	r2, [sp, #7]
 685:Core/Src/bmp5/bmp5.c ****             reg_data = BMP5_SET_BITSLICE(reg_data, BMP5_INT_FIFO_FULL_EN, int_source_select->fifo_f
 1918              		.loc 1 685 13 is_stmt 1 view .LVU590
ARM GAS  C:\Users\jason\AppData\Local\Temp\ccKYcdsQ.s 			page 79


 685:Core/Src/bmp5/bmp5.c ****             reg_data = BMP5_SET_BITSLICE(reg_data, BMP5_INT_FIFO_FULL_EN, int_source_select->fifo_f
 1919              		.loc 1 685 24 is_stmt 0 view .LVU591
 1920 0034 6378     		ldrb	r3, [r4, #1]	@ zero_extendqisi2
 1921 0036 5B00     		lsls	r3, r3, #1
 1922 0038 03F00203 		and	r3, r3, #2
 1923 003c 22F00202 		bic	r2, r2, #2
 1924 0040 1A43     		orrs	r2, r2, r3
 685:Core/Src/bmp5/bmp5.c ****             reg_data = BMP5_SET_BITSLICE(reg_data, BMP5_INT_FIFO_FULL_EN, int_source_select->fifo_f
 1925              		.loc 1 685 22 view .LVU592
 1926 0042 8DF80720 		strb	r2, [sp, #7]
 687:Core/Src/bmp5/bmp5.c ****             reg_data = BMP5_SET_BITSLICE(reg_data, BMP5_INT_FIFO_THRES_EN, int_source_select->fifo_
 1927              		.loc 1 687 13 is_stmt 1 view .LVU593
 687:Core/Src/bmp5/bmp5.c ****             reg_data = BMP5_SET_BITSLICE(reg_data, BMP5_INT_FIFO_THRES_EN, int_source_select->fifo_
 1928              		.loc 1 687 24 is_stmt 0 view .LVU594
 1929 0046 A378     		ldrb	r3, [r4, #2]	@ zero_extendqisi2
 1930 0048 9B00     		lsls	r3, r3, #2
 1931 004a 03F00403 		and	r3, r3, #4
 1932 004e 22F00402 		bic	r2, r2, #4
 1933 0052 1A43     		orrs	r2, r2, r3
 687:Core/Src/bmp5/bmp5.c ****             reg_data = BMP5_SET_BITSLICE(reg_data, BMP5_INT_FIFO_THRES_EN, int_source_select->fifo_
 1934              		.loc 1 687 22 view .LVU595
 1935 0054 8DF80720 		strb	r2, [sp, #7]
 689:Core/Src/bmp5/bmp5.c ****             reg_data = BMP5_SET_BITSLICE(reg_data, BMP5_INT_OOR_PRESS_EN, int_source_select->oor_pr
 1936              		.loc 1 689 13 is_stmt 1 view .LVU596
 689:Core/Src/bmp5/bmp5.c ****             reg_data = BMP5_SET_BITSLICE(reg_data, BMP5_INT_OOR_PRESS_EN, int_source_select->oor_pr
 1937              		.loc 1 689 24 is_stmt 0 view .LVU597
 1938 0058 E378     		ldrb	r3, [r4, #3]	@ zero_extendqisi2
 1939 005a DB00     		lsls	r3, r3, #3
 1940 005c 03F00803 		and	r3, r3, #8
 1941 0060 22F00802 		bic	r2, r2, #8
 1942 0064 1A43     		orrs	r2, r2, r3
 689:Core/Src/bmp5/bmp5.c ****             reg_data = BMP5_SET_BITSLICE(reg_data, BMP5_INT_OOR_PRESS_EN, int_source_select->oor_pr
 1943              		.loc 1 689 22 view .LVU598
 1944 0066 8DF80720 		strb	r2, [sp, #7]
 691:Core/Src/bmp5/bmp5.c ****             rslt = bmp5_set_regs(BMP5_REG_INT_SOURCE, &reg_data, 1, dev);
 1945              		.loc 1 691 13 is_stmt 1 view .LVU599
 691:Core/Src/bmp5/bmp5.c ****             rslt = bmp5_set_regs(BMP5_REG_INT_SOURCE, &reg_data, 1, dev);
 1946              		.loc 1 691 20 is_stmt 0 view .LVU600
 1947 006a 2B46     		mov	r3, r5
 1948 006c 0122     		movs	r2, #1
 1949 006e 0DF10701 		add	r1, sp, #7
 1950 0072 1520     		movs	r0, #21
 1951              	.LVL188:
 691:Core/Src/bmp5/bmp5.c ****             rslt = bmp5_set_regs(BMP5_REG_INT_SOURCE, &reg_data, 1, dev);
 1952              		.loc 1 691 20 view .LVU601
 1953 0074 FFF7FEFF 		bl	bmp5_set_regs
 1954              	.LVL189:
 691:Core/Src/bmp5/bmp5.c ****             rslt = bmp5_set_regs(BMP5_REG_INT_SOURCE, &reg_data, 1, dev);
 1955              		.loc 1 691 20 view .LVU602
 1956 0078 D0E7     		b	.L119
 1957              	.LVL190:
 1958              	.L120:
 1959              		.cfi_def_cfa_offset 0
 1960              		.cfi_restore 4
 1961              		.cfi_restore 5
 1962              		.cfi_restore 14
 696:Core/Src/bmp5/bmp5.c ****         rslt = BMP5_E_NULL_PTR;
ARM GAS  C:\Users\jason\AppData\Local\Temp\ccKYcdsQ.s 			page 80


 1963              		.loc 1 696 14 view .LVU603
 1964 007a 4FF0FF30 		mov	r0, #-1
 1965              	.LVL191:
 699:Core/Src/bmp5/bmp5.c ****     return rslt;
 1966              		.loc 1 699 5 is_stmt 1 view .LVU604
 700:Core/Src/bmp5/bmp5.c **** }
 1967              		.loc 1 700 1 is_stmt 0 view .LVU605
 1968 007e 7047     		bx	lr
 1969              		.cfi_endproc
 1970              	.LFE152:
 1972              		.section	.text.bmp5_configure_interrupt,"ax",%progbits
 1973              		.align	1
 1974              		.global	bmp5_configure_interrupt
 1975              		.syntax unified
 1976              		.thumb
 1977              		.thumb_func
 1979              	bmp5_configure_interrupt:
 1980              	.LVL192:
 1981              	.LFB153:
 710:Core/Src/bmp5/bmp5.c **** {
 1982              		.loc 1 710 1 is_stmt 1 view -0
 1983              		.cfi_startproc
 1984              		@ args = 4, pretend = 0, frame = 8
 1985              		@ frame_needed = 0, uses_anonymous_args = 0
 710:Core/Src/bmp5/bmp5.c **** {
 1986              		.loc 1 710 1 is_stmt 0 view .LVU607
 1987 0000 F0B5     		push	{r4, r5, r6, r7, lr}
 1988              		.cfi_def_cfa_offset 20
 1989              		.cfi_offset 4, -20
 1990              		.cfi_offset 5, -16
 1991              		.cfi_offset 6, -12
 1992              		.cfi_offset 7, -8
 1993              		.cfi_offset 14, -4
 1994 0002 83B0     		sub	sp, sp, #12
 1995              		.cfi_def_cfa_offset 32
 1996 0004 0446     		mov	r4, r0
 1997 0006 0D46     		mov	r5, r1
 1998 0008 1646     		mov	r6, r2
 1999 000a 1F46     		mov	r7, r3
 712:Core/Src/bmp5/bmp5.c ****     int8_t rslt;
 2000              		.loc 1 712 5 is_stmt 1 view .LVU608
 715:Core/Src/bmp5/bmp5.c ****     uint8_t reg_data = 0;
 2001              		.loc 1 715 5 view .LVU609
 715:Core/Src/bmp5/bmp5.c ****     uint8_t reg_data = 0;
 2002              		.loc 1 715 13 is_stmt 0 view .LVU610
 2003 000c 4FF0000C 		mov	ip, #0
 2004 0010 8DF807C0 		strb	ip, [sp, #7]
 718:Core/Src/bmp5/bmp5.c ****     uint8_t int_source = 0;
 2005              		.loc 1 718 5 is_stmt 1 view .LVU611
 718:Core/Src/bmp5/bmp5.c ****     uint8_t int_source = 0;
 2006              		.loc 1 718 13 is_stmt 0 view .LVU612
 2007 0014 8DF806C0 		strb	ip, [sp, #6]
 721:Core/Src/bmp5/bmp5.c ****     uint8_t int_status = 0;
 2008              		.loc 1 721 5 is_stmt 1 view .LVU613
 721:Core/Src/bmp5/bmp5.c ****     uint8_t int_status = 0;
 2009              		.loc 1 721 13 is_stmt 0 view .LVU614
 2010 0018 8DF805C0 		strb	ip, [sp, #5]
ARM GAS  C:\Users\jason\AppData\Local\Temp\ccKYcdsQ.s 			page 81


 724:Core/Src/bmp5/bmp5.c ****     rslt = bmp5_get_regs(BMP5_REG_INT_CONFIG, &reg_data, 1, dev);
 2011              		.loc 1 724 5 is_stmt 1 view .LVU615
 724:Core/Src/bmp5/bmp5.c ****     rslt = bmp5_get_regs(BMP5_REG_INT_CONFIG, &reg_data, 1, dev);
 2012              		.loc 1 724 12 is_stmt 0 view .LVU616
 2013 001c 089B     		ldr	r3, [sp, #32]
 2014              	.LVL193:
 724:Core/Src/bmp5/bmp5.c ****     rslt = bmp5_get_regs(BMP5_REG_INT_CONFIG, &reg_data, 1, dev);
 2015              		.loc 1 724 12 view .LVU617
 2016 001e 0122     		movs	r2, #1
 2017              	.LVL194:
 724:Core/Src/bmp5/bmp5.c ****     rslt = bmp5_get_regs(BMP5_REG_INT_CONFIG, &reg_data, 1, dev);
 2018              		.loc 1 724 12 view .LVU618
 2019 0020 0DF10701 		add	r1, sp, #7
 2020              	.LVL195:
 724:Core/Src/bmp5/bmp5.c ****     rslt = bmp5_get_regs(BMP5_REG_INT_CONFIG, &reg_data, 1, dev);
 2021              		.loc 1 724 12 view .LVU619
 2022 0024 1420     		movs	r0, #20
 2023              	.LVL196:
 724:Core/Src/bmp5/bmp5.c ****     rslt = bmp5_get_regs(BMP5_REG_INT_CONFIG, &reg_data, 1, dev);
 2024              		.loc 1 724 12 view .LVU620
 2025 0026 FFF7FEFF 		bl	bmp5_get_regs
 2026              	.LVL197:
 726:Core/Src/bmp5/bmp5.c ****     if (rslt == BMP5_OK)
 2027              		.loc 1 726 5 is_stmt 1 view .LVU621
 726:Core/Src/bmp5/bmp5.c ****     if (rslt == BMP5_OK)
 2028              		.loc 1 726 8 is_stmt 0 view .LVU622
 2029 002a 08B1     		cbz	r0, .L129
 2030              	.LVL198:
 2031              	.L127:
 751:Core/Src/bmp5/bmp5.c ****     return rslt;
 2032              		.loc 1 751 5 is_stmt 1 view .LVU623
 752:Core/Src/bmp5/bmp5.c **** }
 2033              		.loc 1 752 1 is_stmt 0 view .LVU624
 2034 002c 03B0     		add	sp, sp, #12
 2035              		.cfi_remember_state
 2036              		.cfi_def_cfa_offset 20
 2037              		@ sp needed
 2038 002e F0BD     		pop	{r4, r5, r6, r7, pc}
 2039              	.LVL199:
 2040              	.L129:
 2041              		.cfi_restore_state
 730:Core/Src/bmp5/bmp5.c ****         rslt = bmp5_set_regs(BMP5_REG_INT_SOURCE, &int_source, 1, dev);
 2042              		.loc 1 730 9 is_stmt 1 view .LVU625
 730:Core/Src/bmp5/bmp5.c ****         rslt = bmp5_set_regs(BMP5_REG_INT_SOURCE, &int_source, 1, dev);
 2043              		.loc 1 730 16 is_stmt 0 view .LVU626
 2044 0030 089B     		ldr	r3, [sp, #32]
 2045 0032 0122     		movs	r2, #1
 2046 0034 0DF10601 		add	r1, sp, #6
 2047 0038 1520     		movs	r0, #21
 2048 003a FFF7FEFF 		bl	bmp5_set_regs
 2049              	.LVL200:
 732:Core/Src/bmp5/bmp5.c ****         if (rslt == BMP5_OK)
 2050              		.loc 1 732 9 is_stmt 1 view .LVU627
 732:Core/Src/bmp5/bmp5.c ****         if (rslt == BMP5_OK)
 2051              		.loc 1 732 12 is_stmt 0 view .LVU628
 2052 003e 0028     		cmp	r0, #0
 2053 0040 F4D1     		bne	.L127
ARM GAS  C:\Users\jason\AppData\Local\Temp\ccKYcdsQ.s 			page 82


 735:Core/Src/bmp5/bmp5.c ****             rslt = bmp5_get_regs(BMP5_REG_INT_STATUS, &int_status, 1, dev);
 2054              		.loc 1 735 13 is_stmt 1 view .LVU629
 735:Core/Src/bmp5/bmp5.c ****             rslt = bmp5_get_regs(BMP5_REG_INT_STATUS, &int_status, 1, dev);
 2055              		.loc 1 735 20 is_stmt 0 view .LVU630
 2056 0042 089B     		ldr	r3, [sp, #32]
 2057 0044 0122     		movs	r2, #1
 2058 0046 0DF10501 		add	r1, sp, #5
 2059 004a 2720     		movs	r0, #39
 2060              	.LVL201:
 735:Core/Src/bmp5/bmp5.c ****             rslt = bmp5_get_regs(BMP5_REG_INT_STATUS, &int_status, 1, dev);
 2061              		.loc 1 735 20 view .LVU631
 2062 004c FFF7FEFF 		bl	bmp5_get_regs
 2063              	.LVL202:
 737:Core/Src/bmp5/bmp5.c ****             if (rslt == BMP5_OK)
 2064              		.loc 1 737 13 is_stmt 1 view .LVU632
 737:Core/Src/bmp5/bmp5.c ****             if (rslt == BMP5_OK)
 2065              		.loc 1 737 16 is_stmt 0 view .LVU633
 2066 0050 0028     		cmp	r0, #0
 2067 0052 EBD1     		bne	.L127
 740:Core/Src/bmp5/bmp5.c ****                 reg_data = BMP5_SET_BITS_POS_0(reg_data, BMP5_INT_MODE, int_mode);
 2068              		.loc 1 740 17 is_stmt 1 view .LVU634
 740:Core/Src/bmp5/bmp5.c ****                 reg_data = BMP5_SET_BITS_POS_0(reg_data, BMP5_INT_MODE, int_mode);
 2069              		.loc 1 740 28 is_stmt 0 view .LVU635
 2070 0054 9DF80720 		ldrb	r2, [sp, #7]	@ zero_extendqisi2
 2071 0058 22F00102 		bic	r2, r2, #1
 2072 005c 04F00103 		and	r3, r4, #1
 2073 0060 1A43     		orrs	r2, r2, r3
 740:Core/Src/bmp5/bmp5.c ****                 reg_data = BMP5_SET_BITS_POS_0(reg_data, BMP5_INT_MODE, int_mode);
 2074              		.loc 1 740 26 view .LVU636
 2075 0062 8DF80720 		strb	r2, [sp, #7]
 741:Core/Src/bmp5/bmp5.c ****                 reg_data = BMP5_SET_BITSLICE(reg_data, BMP5_INT_POL, int_pol);
 2076              		.loc 1 741 17 is_stmt 1 view .LVU637
 741:Core/Src/bmp5/bmp5.c ****                 reg_data = BMP5_SET_BITSLICE(reg_data, BMP5_INT_POL, int_pol);
 2077              		.loc 1 741 28 is_stmt 0 view .LVU638
 2078 0066 6B00     		lsls	r3, r5, #1
 2079 0068 03F00203 		and	r3, r3, #2
 2080 006c 22F00202 		bic	r2, r2, #2
 2081 0070 1A43     		orrs	r2, r2, r3
 741:Core/Src/bmp5/bmp5.c ****                 reg_data = BMP5_SET_BITSLICE(reg_data, BMP5_INT_POL, int_pol);
 2082              		.loc 1 741 26 view .LVU639
 2083 0072 8DF80720 		strb	r2, [sp, #7]
 742:Core/Src/bmp5/bmp5.c ****                 reg_data = BMP5_SET_BITSLICE(reg_data, BMP5_INT_OD, int_od);
 2084              		.loc 1 742 17 is_stmt 1 view .LVU640
 742:Core/Src/bmp5/bmp5.c ****                 reg_data = BMP5_SET_BITSLICE(reg_data, BMP5_INT_OD, int_od);
 2085              		.loc 1 742 28 is_stmt 0 view .LVU641
 2086 0076 B300     		lsls	r3, r6, #2
 2087 0078 03F00403 		and	r3, r3, #4
 2088 007c 22F00402 		bic	r2, r2, #4
 2089 0080 1A43     		orrs	r2, r2, r3
 742:Core/Src/bmp5/bmp5.c ****                 reg_data = BMP5_SET_BITSLICE(reg_data, BMP5_INT_OD, int_od);
 2090              		.loc 1 742 26 view .LVU642
 2091 0082 8DF80720 		strb	r2, [sp, #7]
 743:Core/Src/bmp5/bmp5.c ****                 reg_data = BMP5_SET_BITSLICE(reg_data, BMP5_INT_EN, int_en);
 2092              		.loc 1 743 17 is_stmt 1 view .LVU643
 743:Core/Src/bmp5/bmp5.c ****                 reg_data = BMP5_SET_BITSLICE(reg_data, BMP5_INT_EN, int_en);
 2093              		.loc 1 743 28 is_stmt 0 view .LVU644
 2094 0086 FB00     		lsls	r3, r7, #3
ARM GAS  C:\Users\jason\AppData\Local\Temp\ccKYcdsQ.s 			page 83


 2095 0088 03F00803 		and	r3, r3, #8
 2096 008c 22F00802 		bic	r2, r2, #8
 2097 0090 1A43     		orrs	r2, r2, r3
 743:Core/Src/bmp5/bmp5.c ****                 reg_data = BMP5_SET_BITSLICE(reg_data, BMP5_INT_EN, int_en);
 2098              		.loc 1 743 26 view .LVU645
 2099 0092 8DF80720 		strb	r2, [sp, #7]
 746:Core/Src/bmp5/bmp5.c ****                 rslt = bmp5_set_regs(BMP5_REG_INT_CONFIG, &reg_data, 1, dev);
 2100              		.loc 1 746 17 is_stmt 1 view .LVU646
 746:Core/Src/bmp5/bmp5.c ****                 rslt = bmp5_set_regs(BMP5_REG_INT_CONFIG, &reg_data, 1, dev);
 2101              		.loc 1 746 24 is_stmt 0 view .LVU647
 2102 0096 089B     		ldr	r3, [sp, #32]
 2103 0098 0122     		movs	r2, #1
 2104 009a 0DF10701 		add	r1, sp, #7
 2105 009e 1420     		movs	r0, #20
 2106              	.LVL203:
 746:Core/Src/bmp5/bmp5.c ****                 rslt = bmp5_set_regs(BMP5_REG_INT_CONFIG, &reg_data, 1, dev);
 2107              		.loc 1 746 24 view .LVU648
 2108 00a0 FFF7FEFF 		bl	bmp5_set_regs
 2109              	.LVL204:
 2110 00a4 C2E7     		b	.L127
 2111              		.cfi_endproc
 2112              	.LFE153:
 2114              		.section	.text.bmp5_get_osr_odr_press_config,"ax",%progbits
 2115              		.align	1
 2116              		.global	bmp5_get_osr_odr_press_config
 2117              		.syntax unified
 2118              		.thumb
 2119              		.thumb_func
 2121              	bmp5_get_osr_odr_press_config:
 2122              	.LVL205:
 2123              	.LFB154:
 759:Core/Src/bmp5/bmp5.c **** {
 2124              		.loc 1 759 1 is_stmt 1 view -0
 2125              		.cfi_startproc
 2126              		@ args = 0, pretend = 0, frame = 8
 2127              		@ frame_needed = 0, uses_anonymous_args = 0
 761:Core/Src/bmp5/bmp5.c ****     int8_t rslt;
 2128              		.loc 1 761 5 view .LVU650
 764:Core/Src/bmp5/bmp5.c ****     uint8_t reg_data[2];
 2129              		.loc 1 764 5 view .LVU651
 766:Core/Src/bmp5/bmp5.c ****     if (osr_odr_press_cfg != NULL)
 2130              		.loc 1 766 5 view .LVU652
 766:Core/Src/bmp5/bmp5.c ****     if (osr_odr_press_cfg != NULL)
 2131              		.loc 1 766 8 is_stmt 0 view .LVU653
 2132 0000 D8B1     		cbz	r0, .L132
 759:Core/Src/bmp5/bmp5.c **** {
 2133              		.loc 1 759 1 view .LVU654
 2134 0002 10B5     		push	{r4, lr}
 2135              		.cfi_def_cfa_offset 8
 2136              		.cfi_offset 4, -8
 2137              		.cfi_offset 14, -4
 2138 0004 82B0     		sub	sp, sp, #8
 2139              		.cfi_def_cfa_offset 16
 2140 0006 0B46     		mov	r3, r1
 2141 0008 0446     		mov	r4, r0
 769:Core/Src/bmp5/bmp5.c ****         rslt = bmp5_get_regs(BMP5_REG_OSR_CONFIG, reg_data, 2, dev);
 2142              		.loc 1 769 9 is_stmt 1 view .LVU655
ARM GAS  C:\Users\jason\AppData\Local\Temp\ccKYcdsQ.s 			page 84


 769:Core/Src/bmp5/bmp5.c ****         rslt = bmp5_get_regs(BMP5_REG_OSR_CONFIG, reg_data, 2, dev);
 2143              		.loc 1 769 16 is_stmt 0 view .LVU656
 2144 000a 0222     		movs	r2, #2
 2145 000c 01A9     		add	r1, sp, #4
 2146              	.LVL206:
 769:Core/Src/bmp5/bmp5.c ****         rslt = bmp5_get_regs(BMP5_REG_OSR_CONFIG, reg_data, 2, dev);
 2147              		.loc 1 769 16 view .LVU657
 2148 000e 3620     		movs	r0, #54
 2149              	.LVL207:
 769:Core/Src/bmp5/bmp5.c ****         rslt = bmp5_get_regs(BMP5_REG_OSR_CONFIG, reg_data, 2, dev);
 2150              		.loc 1 769 16 view .LVU658
 2151 0010 FFF7FEFF 		bl	bmp5_get_regs
 2152              	.LVL208:
 771:Core/Src/bmp5/bmp5.c ****         if (rslt == BMP5_OK)
 2153              		.loc 1 771 9 is_stmt 1 view .LVU659
 771:Core/Src/bmp5/bmp5.c ****         if (rslt == BMP5_OK)
 2154              		.loc 1 771 12 is_stmt 0 view .LVU660
 2155 0014 78B9     		cbnz	r0, .L131
 773:Core/Src/bmp5/bmp5.c ****             osr_odr_press_cfg->osr_t = BMP5_GET_BITS_POS_0(reg_data[0], BMP5_TEMP_OS);
 2156              		.loc 1 773 13 is_stmt 1 view .LVU661
 773:Core/Src/bmp5/bmp5.c ****             osr_odr_press_cfg->osr_t = BMP5_GET_BITS_POS_0(reg_data[0], BMP5_TEMP_OS);
 2157              		.loc 1 773 40 is_stmt 0 view .LVU662
 2158 0016 9DF80430 		ldrb	r3, [sp, #4]	@ zero_extendqisi2
 2159 001a 03F00702 		and	r2, r3, #7
 773:Core/Src/bmp5/bmp5.c ****             osr_odr_press_cfg->osr_t = BMP5_GET_BITS_POS_0(reg_data[0], BMP5_TEMP_OS);
 2160              		.loc 1 773 38 view .LVU663
 2161 001e 2270     		strb	r2, [r4]
 774:Core/Src/bmp5/bmp5.c ****             osr_odr_press_cfg->osr_p = BMP5_GET_BITSLICE(reg_data[0], BMP5_PRESS_OS);
 2162              		.loc 1 774 13 is_stmt 1 view .LVU664
 774:Core/Src/bmp5/bmp5.c ****             osr_odr_press_cfg->osr_p = BMP5_GET_BITSLICE(reg_data[0], BMP5_PRESS_OS);
 2163              		.loc 1 774 40 is_stmt 0 view .LVU665
 2164 0020 C3F3C202 		ubfx	r2, r3, #3, #3
 774:Core/Src/bmp5/bmp5.c ****             osr_odr_press_cfg->osr_p = BMP5_GET_BITSLICE(reg_data[0], BMP5_PRESS_OS);
 2165              		.loc 1 774 38 view .LVU666
 2166 0024 6270     		strb	r2, [r4, #1]
 775:Core/Src/bmp5/bmp5.c ****             osr_odr_press_cfg->press_en = BMP5_GET_BITSLICE(reg_data[0], BMP5_PRESS_EN);
 2167              		.loc 1 775 13 is_stmt 1 view .LVU667
 775:Core/Src/bmp5/bmp5.c ****             osr_odr_press_cfg->press_en = BMP5_GET_BITSLICE(reg_data[0], BMP5_PRESS_EN);
 2168              		.loc 1 775 43 is_stmt 0 view .LVU668
 2169 0026 C3F38013 		ubfx	r3, r3, #6, #1
 775:Core/Src/bmp5/bmp5.c ****             osr_odr_press_cfg->press_en = BMP5_GET_BITSLICE(reg_data[0], BMP5_PRESS_EN);
 2170              		.loc 1 775 41 view .LVU669
 2171 002a A370     		strb	r3, [r4, #2]
 776:Core/Src/bmp5/bmp5.c ****             osr_odr_press_cfg->odr = BMP5_GET_BITSLICE(reg_data[1], BMP5_ODR);
 2172              		.loc 1 776 13 is_stmt 1 view .LVU670
 776:Core/Src/bmp5/bmp5.c ****             osr_odr_press_cfg->odr = BMP5_GET_BITSLICE(reg_data[1], BMP5_ODR);
 2173              		.loc 1 776 38 is_stmt 0 view .LVU671
 2174 002c 9DF80530 		ldrb	r3, [sp, #5]	@ zero_extendqisi2
 2175 0030 C3F38403 		ubfx	r3, r3, #2, #5
 776:Core/Src/bmp5/bmp5.c ****             osr_odr_press_cfg->odr = BMP5_GET_BITSLICE(reg_data[1], BMP5_ODR);
 2176              		.loc 1 776 36 view .LVU672
 2177 0034 E370     		strb	r3, [r4, #3]
 2178              	.L131:
 784:Core/Src/bmp5/bmp5.c ****     return rslt;
 2179              		.loc 1 784 5 is_stmt 1 view .LVU673
 785:Core/Src/bmp5/bmp5.c **** }
 2180              		.loc 1 785 1 is_stmt 0 view .LVU674
ARM GAS  C:\Users\jason\AppData\Local\Temp\ccKYcdsQ.s 			page 85


 2181 0036 02B0     		add	sp, sp, #8
 2182              		.cfi_def_cfa_offset 8
 2183              		@ sp needed
 2184 0038 10BD     		pop	{r4, pc}
 2185              	.LVL209:
 2186              	.L132:
 2187              		.cfi_def_cfa_offset 0
 2188              		.cfi_restore 4
 2189              		.cfi_restore 14
 781:Core/Src/bmp5/bmp5.c ****         rslt = BMP5_E_NULL_PTR;
 2190              		.loc 1 781 14 view .LVU675
 2191 003a 4FF0FF30 		mov	r0, #-1
 2192              	.LVL210:
 784:Core/Src/bmp5/bmp5.c ****     return rslt;
 2193              		.loc 1 784 5 is_stmt 1 view .LVU676
 785:Core/Src/bmp5/bmp5.c **** }
 2194              		.loc 1 785 1 is_stmt 0 view .LVU677
 2195 003e 7047     		bx	lr
 2196              		.cfi_endproc
 2197              	.LFE154:
 2199              		.section	.text.bmp5_get_iir_config,"ax",%progbits
 2200              		.align	1
 2201              		.global	bmp5_get_iir_config
 2202              		.syntax unified
 2203              		.thumb
 2204              		.thumb_func
 2206              	bmp5_get_iir_config:
 2207              	.LVL211:
 2208              	.LFB156:
 842:Core/Src/bmp5/bmp5.c **** {
 2209              		.loc 1 842 1 is_stmt 1 view -0
 2210              		.cfi_startproc
 2211              		@ args = 0, pretend = 0, frame = 8
 2212              		@ frame_needed = 0, uses_anonymous_args = 0
 844:Core/Src/bmp5/bmp5.c ****     int8_t rslt;
 2213              		.loc 1 844 5 view .LVU679
 847:Core/Src/bmp5/bmp5.c ****     uint8_t reg_data[2];
 2214              		.loc 1 847 5 view .LVU680
 849:Core/Src/bmp5/bmp5.c ****     if (iir_cfg != NULL)
 2215              		.loc 1 849 5 view .LVU681
 849:Core/Src/bmp5/bmp5.c ****     if (iir_cfg != NULL)
 2216              		.loc 1 849 8 is_stmt 0 view .LVU682
 2217 0000 E8B1     		cbz	r0, .L139
 842:Core/Src/bmp5/bmp5.c **** {
 2218              		.loc 1 842 1 view .LVU683
 2219 0002 10B5     		push	{r4, lr}
 2220              		.cfi_def_cfa_offset 8
 2221              		.cfi_offset 4, -8
 2222              		.cfi_offset 14, -4
 2223 0004 82B0     		sub	sp, sp, #8
 2224              		.cfi_def_cfa_offset 16
 2225 0006 0B46     		mov	r3, r1
 2226 0008 0446     		mov	r4, r0
 852:Core/Src/bmp5/bmp5.c ****         rslt = bmp5_get_regs(BMP5_REG_DSP_CONFIG, reg_data, 2, dev);
 2227              		.loc 1 852 9 is_stmt 1 view .LVU684
 852:Core/Src/bmp5/bmp5.c ****         rslt = bmp5_get_regs(BMP5_REG_DSP_CONFIG, reg_data, 2, dev);
 2228              		.loc 1 852 16 is_stmt 0 view .LVU685
ARM GAS  C:\Users\jason\AppData\Local\Temp\ccKYcdsQ.s 			page 86


 2229 000a 0222     		movs	r2, #2
 2230 000c 01A9     		add	r1, sp, #4
 2231              	.LVL212:
 852:Core/Src/bmp5/bmp5.c ****         rslt = bmp5_get_regs(BMP5_REG_DSP_CONFIG, reg_data, 2, dev);
 2232              		.loc 1 852 16 view .LVU686
 2233 000e 3020     		movs	r0, #48
 2234              	.LVL213:
 852:Core/Src/bmp5/bmp5.c ****         rslt = bmp5_get_regs(BMP5_REG_DSP_CONFIG, reg_data, 2, dev);
 2235              		.loc 1 852 16 view .LVU687
 2236 0010 FFF7FEFF 		bl	bmp5_get_regs
 2237              	.LVL214:
 854:Core/Src/bmp5/bmp5.c ****         iir_cfg->shdw_set_iir_t = BMP5_GET_BITSLICE(reg_data[0], BMP5_SHDW_SET_IIR_TEMP);
 2238              		.loc 1 854 9 is_stmt 1 view .LVU688
 854:Core/Src/bmp5/bmp5.c ****         iir_cfg->shdw_set_iir_t = BMP5_GET_BITSLICE(reg_data[0], BMP5_SHDW_SET_IIR_TEMP);
 2239              		.loc 1 854 35 is_stmt 0 view .LVU689
 2240 0014 9DF80430 		ldrb	r3, [sp, #4]	@ zero_extendqisi2
 2241 0018 C3F3C002 		ubfx	r2, r3, #3, #1
 854:Core/Src/bmp5/bmp5.c ****         iir_cfg->shdw_set_iir_t = BMP5_GET_BITSLICE(reg_data[0], BMP5_SHDW_SET_IIR_TEMP);
 2242              		.loc 1 854 33 view .LVU690
 2243 001c A270     		strb	r2, [r4, #2]
 855:Core/Src/bmp5/bmp5.c ****         iir_cfg->shdw_set_iir_p = BMP5_GET_BITSLICE(reg_data[0], BMP5_SHDW_SET_IIR_PRESS);
 2244              		.loc 1 855 9 is_stmt 1 view .LVU691
 855:Core/Src/bmp5/bmp5.c ****         iir_cfg->shdw_set_iir_p = BMP5_GET_BITSLICE(reg_data[0], BMP5_SHDW_SET_IIR_PRESS);
 2245              		.loc 1 855 35 is_stmt 0 view .LVU692
 2246 001e C3F34012 		ubfx	r2, r3, #5, #1
 855:Core/Src/bmp5/bmp5.c ****         iir_cfg->shdw_set_iir_p = BMP5_GET_BITSLICE(reg_data[0], BMP5_SHDW_SET_IIR_PRESS);
 2247              		.loc 1 855 33 view .LVU693
 2248 0022 E270     		strb	r2, [r4, #3]
 856:Core/Src/bmp5/bmp5.c ****         iir_cfg->iir_flush_forced_en = BMP5_GET_BITSLICE(reg_data[0], BMP5_IIR_FLUSH_FORCED_EN);
 2249              		.loc 1 856 9 is_stmt 1 view .LVU694
 856:Core/Src/bmp5/bmp5.c ****         iir_cfg->iir_flush_forced_en = BMP5_GET_BITSLICE(reg_data[0], BMP5_IIR_FLUSH_FORCED_EN);
 2250              		.loc 1 856 40 is_stmt 0 view .LVU695
 2251 0024 C3F38003 		ubfx	r3, r3, #2, #1
 856:Core/Src/bmp5/bmp5.c ****         iir_cfg->iir_flush_forced_en = BMP5_GET_BITSLICE(reg_data[0], BMP5_IIR_FLUSH_FORCED_EN);
 2252              		.loc 1 856 38 view .LVU696
 2253 0028 2371     		strb	r3, [r4, #4]
 858:Core/Src/bmp5/bmp5.c ****         iir_cfg->set_iir_t = BMP5_GET_BITS_POS_0(reg_data[1], BMP5_SET_IIR_TEMP);
 2254              		.loc 1 858 9 is_stmt 1 view .LVU697
 858:Core/Src/bmp5/bmp5.c ****         iir_cfg->set_iir_t = BMP5_GET_BITS_POS_0(reg_data[1], BMP5_SET_IIR_TEMP);
 2255              		.loc 1 858 30 is_stmt 0 view .LVU698
 2256 002a 9DF80530 		ldrb	r3, [sp, #5]	@ zero_extendqisi2
 2257 002e 03F00702 		and	r2, r3, #7
 858:Core/Src/bmp5/bmp5.c ****         iir_cfg->set_iir_t = BMP5_GET_BITS_POS_0(reg_data[1], BMP5_SET_IIR_TEMP);
 2258              		.loc 1 858 28 view .LVU699
 2259 0032 2270     		strb	r2, [r4]
 859:Core/Src/bmp5/bmp5.c ****         iir_cfg->set_iir_p = BMP5_GET_BITSLICE(reg_data[1], BMP5_SET_IIR_PRESS);
 2260              		.loc 1 859 9 is_stmt 1 view .LVU700
 859:Core/Src/bmp5/bmp5.c ****         iir_cfg->set_iir_p = BMP5_GET_BITSLICE(reg_data[1], BMP5_SET_IIR_PRESS);
 2261              		.loc 1 859 30 is_stmt 0 view .LVU701
 2262 0034 C3F3C203 		ubfx	r3, r3, #3, #3
 859:Core/Src/bmp5/bmp5.c ****         iir_cfg->set_iir_p = BMP5_GET_BITSLICE(reg_data[1], BMP5_SET_IIR_PRESS);
 2263              		.loc 1 859 28 view .LVU702
 2264 0038 6370     		strb	r3, [r4, #1]
 866:Core/Src/bmp5/bmp5.c ****     return rslt;
 2265              		.loc 1 866 5 is_stmt 1 view .LVU703
 867:Core/Src/bmp5/bmp5.c **** }
 2266              		.loc 1 867 1 is_stmt 0 view .LVU704
ARM GAS  C:\Users\jason\AppData\Local\Temp\ccKYcdsQ.s 			page 87


 2267 003a 02B0     		add	sp, sp, #8
 2268              		.cfi_def_cfa_offset 8
 2269              		@ sp needed
 2270 003c 10BD     		pop	{r4, pc}
 2271              	.LVL215:
 2272              	.L139:
 2273              		.cfi_def_cfa_offset 0
 2274              		.cfi_restore 4
 2275              		.cfi_restore 14
 863:Core/Src/bmp5/bmp5.c ****         rslt = BMP5_E_NULL_PTR;
 2276              		.loc 1 863 14 view .LVU705
 2277 003e 4FF0FF30 		mov	r0, #-1
 2278              	.LVL216:
 866:Core/Src/bmp5/bmp5.c ****     return rslt;
 2279              		.loc 1 866 5 is_stmt 1 view .LVU706
 867:Core/Src/bmp5/bmp5.c **** }
 2280              		.loc 1 867 1 is_stmt 0 view .LVU707
 2281 0042 7047     		bx	lr
 2282              		.cfi_endproc
 2283              	.LFE156:
 2285              		.section	.text.check_deepstandby_mode,"ax",%progbits
 2286              		.align	1
 2287              		.syntax unified
 2288              		.thumb
 2289              		.thumb_func
 2291              	check_deepstandby_mode:
 2292              	.LVL217:
 2293              	.LFB171:
1509:Core/Src/bmp5/bmp5.c **** {
 2294              		.loc 1 1509 1 is_stmt 1 view -0
 2295              		.cfi_startproc
 2296              		@ args = 0, pretend = 0, frame = 16
 2297              		@ frame_needed = 0, uses_anonymous_args = 0
1509:Core/Src/bmp5/bmp5.c **** {
 2298              		.loc 1 1509 1 is_stmt 0 view .LVU709
 2299 0000 30B5     		push	{r4, r5, lr}
 2300              		.cfi_def_cfa_offset 12
 2301              		.cfi_offset 4, -12
 2302              		.cfi_offset 5, -8
 2303              		.cfi_offset 14, -4
 2304 0002 85B0     		sub	sp, sp, #20
 2305              		.cfi_def_cfa_offset 32
 2306 0004 0546     		mov	r5, r0
 2307 0006 0C46     		mov	r4, r1
1510:Core/Src/bmp5/bmp5.c ****     int8_t rslt;
 2308              		.loc 1 1510 5 is_stmt 1 view .LVU710
1511:Core/Src/bmp5/bmp5.c ****     uint8_t fifo_frame_sel;
 2309              		.loc 1 1511 5 view .LVU711
1512:Core/Src/bmp5/bmp5.c ****     struct bmp5_iir_config iir_cfg = { 0 };
 2310              		.loc 1 1512 5 view .LVU712
1512:Core/Src/bmp5/bmp5.c ****     struct bmp5_iir_config iir_cfg = { 0 };
 2311              		.loc 1 1512 28 is_stmt 0 view .LVU713
 2312 0008 0023     		movs	r3, #0
 2313 000a 0293     		str	r3, [sp, #8]
 2314 000c 8DF80C30 		strb	r3, [sp, #12]
1513:Core/Src/bmp5/bmp5.c ****     struct bmp5_osr_odr_press_config osr_odr_press_cfg = { 0 };
 2315              		.loc 1 1513 5 is_stmt 1 view .LVU714
ARM GAS  C:\Users\jason\AppData\Local\Temp\ccKYcdsQ.s 			page 88


1513:Core/Src/bmp5/bmp5.c ****     struct bmp5_osr_odr_press_config osr_odr_press_cfg = { 0 };
 2316              		.loc 1 1513 38 is_stmt 0 view .LVU715
 2317 0010 0193     		str	r3, [sp, #4]
1515:Core/Src/bmp5/bmp5.c ****     rslt = bmp5_get_regs(BMP5_REG_FIFO_SEL, &fifo_frame_sel, 1, dev);
 2318              		.loc 1 1515 5 is_stmt 1 view .LVU716
1515:Core/Src/bmp5/bmp5.c ****     rslt = bmp5_get_regs(BMP5_REG_FIFO_SEL, &fifo_frame_sel, 1, dev);
 2319              		.loc 1 1515 12 is_stmt 0 view .LVU717
 2320 0012 0B46     		mov	r3, r1
 2321 0014 0122     		movs	r2, #1
 2322 0016 0DF10F01 		add	r1, sp, #15
 2323              	.LVL218:
1515:Core/Src/bmp5/bmp5.c ****     rslt = bmp5_get_regs(BMP5_REG_FIFO_SEL, &fifo_frame_sel, 1, dev);
 2324              		.loc 1 1515 12 view .LVU718
 2325 001a 1820     		movs	r0, #24
 2326              	.LVL219:
1515:Core/Src/bmp5/bmp5.c ****     rslt = bmp5_get_regs(BMP5_REG_FIFO_SEL, &fifo_frame_sel, 1, dev);
 2327              		.loc 1 1515 12 view .LVU719
 2328 001c FFF7FEFF 		bl	bmp5_get_regs
 2329              	.LVL220:
1516:Core/Src/bmp5/bmp5.c ****     fifo_frame_sel = BMP5_GET_BITS_POS_0(fifo_frame_sel, BMP5_FIFO_FRAME_SEL);
 2330              		.loc 1 1516 5 is_stmt 1 view .LVU720
1516:Core/Src/bmp5/bmp5.c ****     fifo_frame_sel = BMP5_GET_BITS_POS_0(fifo_frame_sel, BMP5_FIFO_FRAME_SEL);
 2331              		.loc 1 1516 22 is_stmt 0 view .LVU721
 2332 0020 9DF80F30 		ldrb	r3, [sp, #15]	@ zero_extendqisi2
 2333 0024 03F00303 		and	r3, r3, #3
1516:Core/Src/bmp5/bmp5.c ****     fifo_frame_sel = BMP5_GET_BITS_POS_0(fifo_frame_sel, BMP5_FIFO_FRAME_SEL);
 2334              		.loc 1 1516 20 view .LVU722
 2335 0028 8DF80F30 		strb	r3, [sp, #15]
1518:Core/Src/bmp5/bmp5.c ****     if (rslt == BMP5_OK)
 2336              		.loc 1 1518 5 is_stmt 1 view .LVU723
1518:Core/Src/bmp5/bmp5.c ****     if (rslt == BMP5_OK)
 2337              		.loc 1 1518 8 is_stmt 0 view .LVU724
 2338 002c 80B1     		cbz	r0, .L148
 2339              	.LVL221:
 2340              	.L145:
1531:Core/Src/bmp5/bmp5.c ****     if ((osr_odr_press_cfg.odr > BMP5_ODR_05_HZ) && (fifo_frame_sel == BMP5_DISABLE) &&
 2341              		.loc 1 1531 5 is_stmt 1 view .LVU725
1531:Core/Src/bmp5/bmp5.c ****     if ((osr_odr_press_cfg.odr > BMP5_ODR_05_HZ) && (fifo_frame_sel == BMP5_DISABLE) &&
 2342              		.loc 1 1531 27 is_stmt 0 view .LVU726
 2343 002e 9DF80730 		ldrb	r3, [sp, #7]	@ zero_extendqisi2
1531:Core/Src/bmp5/bmp5.c ****     if ((osr_odr_press_cfg.odr > BMP5_ODR_05_HZ) && (fifo_frame_sel == BMP5_DISABLE) &&
 2344              		.loc 1 1531 8 view .LVU727
 2345 0032 182B     		cmp	r3, #24
 2346 0034 0AD9     		bls	.L146
1531:Core/Src/bmp5/bmp5.c ****     if ((osr_odr_press_cfg.odr > BMP5_ODR_05_HZ) && (fifo_frame_sel == BMP5_DISABLE) &&
 2347              		.loc 1 1531 69 discriminator 1 view .LVU728
 2348 0036 9DF80F30 		ldrb	r3, [sp, #15]	@ zero_extendqisi2
1531:Core/Src/bmp5/bmp5.c ****     if ((osr_odr_press_cfg.odr > BMP5_ODR_05_HZ) && (fifo_frame_sel == BMP5_DISABLE) &&
 2349              		.loc 1 1531 50 discriminator 1 view .LVU729
 2350 003a 3BB9     		cbnz	r3, .L146
1532:Core/Src/bmp5/bmp5.c ****         (iir_cfg.set_iir_t == BMP5_IIR_FILTER_BYPASS) && (iir_cfg.set_iir_p == BMP5_IIR_FILTER_BYPA
 2351              		.loc 1 1532 17 view .LVU730
 2352 003c 9DF80830 		ldrb	r3, [sp, #8]	@ zero_extendqisi2
1531:Core/Src/bmp5/bmp5.c ****     if ((osr_odr_press_cfg.odr > BMP5_ODR_05_HZ) && (fifo_frame_sel == BMP5_DISABLE) &&
 2353              		.loc 1 1531 86 discriminator 2 view .LVU731
 2354 0040 23B9     		cbnz	r3, .L146
1532:Core/Src/bmp5/bmp5.c ****         (iir_cfg.set_iir_t == BMP5_IIR_FILTER_BYPASS) && (iir_cfg.set_iir_p == BMP5_IIR_FILTER_BYPA
ARM GAS  C:\Users\jason\AppData\Local\Temp\ccKYcdsQ.s 			page 89


 2355              		.loc 1 1532 66 view .LVU732
 2356 0042 9DF80930 		ldrb	r3, [sp, #9]	@ zero_extendqisi2
1532:Core/Src/bmp5/bmp5.c ****         (iir_cfg.set_iir_t == BMP5_IIR_FILTER_BYPASS) && (iir_cfg.set_iir_p == BMP5_IIR_FILTER_BYPA
 2357              		.loc 1 1532 55 view .LVU733
 2358 0046 0BB9     		cbnz	r3, .L146
1534:Core/Src/bmp5/bmp5.c ****         *powermode = BMP5_POWERMODE_DEEP_STANDBY;
 2359              		.loc 1 1534 9 is_stmt 1 view .LVU734
1534:Core/Src/bmp5/bmp5.c ****         *powermode = BMP5_POWERMODE_DEEP_STANDBY;
 2360              		.loc 1 1534 20 is_stmt 0 view .LVU735
 2361 0048 0423     		movs	r3, #4
 2362 004a 2B70     		strb	r3, [r5]
 2363              	.L146:
1537:Core/Src/bmp5/bmp5.c ****     return rslt;
 2364              		.loc 1 1537 5 is_stmt 1 view .LVU736
1538:Core/Src/bmp5/bmp5.c **** }
 2365              		.loc 1 1538 1 is_stmt 0 view .LVU737
 2366 004c 05B0     		add	sp, sp, #20
 2367              		.cfi_remember_state
 2368              		.cfi_def_cfa_offset 12
 2369              		@ sp needed
 2370 004e 30BD     		pop	{r4, r5, pc}
 2371              	.LVL222:
 2372              	.L148:
 2373              		.cfi_restore_state
1520:Core/Src/bmp5/bmp5.c ****         rslt = bmp5_get_osr_odr_press_config(&osr_odr_press_cfg, dev);
 2374              		.loc 1 1520 9 is_stmt 1 view .LVU738
1520:Core/Src/bmp5/bmp5.c ****         rslt = bmp5_get_osr_odr_press_config(&osr_odr_press_cfg, dev);
 2375              		.loc 1 1520 16 is_stmt 0 view .LVU739
 2376 0050 2146     		mov	r1, r4
 2377 0052 01A8     		add	r0, sp, #4
 2378 0054 FFF7FEFF 		bl	bmp5_get_osr_odr_press_config
 2379              	.LVL223:
1522:Core/Src/bmp5/bmp5.c ****         if (rslt == BMP5_OK)
 2380              		.loc 1 1522 9 is_stmt 1 view .LVU740
1522:Core/Src/bmp5/bmp5.c ****         if (rslt == BMP5_OK)
 2381              		.loc 1 1522 12 is_stmt 0 view .LVU741
 2382 0058 0028     		cmp	r0, #0
 2383 005a E8D1     		bne	.L145
1524:Core/Src/bmp5/bmp5.c ****             rslt = bmp5_get_iir_config(&iir_cfg, dev);
 2384              		.loc 1 1524 13 is_stmt 1 view .LVU742
1524:Core/Src/bmp5/bmp5.c ****             rslt = bmp5_get_iir_config(&iir_cfg, dev);
 2385              		.loc 1 1524 20 is_stmt 0 view .LVU743
 2386 005c 2146     		mov	r1, r4
 2387 005e 02A8     		add	r0, sp, #8
 2388              	.LVL224:
1524:Core/Src/bmp5/bmp5.c ****             rslt = bmp5_get_iir_config(&iir_cfg, dev);
 2389              		.loc 1 1524 20 view .LVU744
 2390 0060 FFF7FEFF 		bl	bmp5_get_iir_config
 2391              	.LVL225:
 2392 0064 E3E7     		b	.L145
 2393              		.cfi_endproc
 2394              	.LFE171:
 2396              		.section	.text.bmp5_get_power_mode,"ax",%progbits
 2397              		.align	1
 2398              		.global	bmp5_get_power_mode
 2399              		.syntax unified
 2400              		.thumb
ARM GAS  C:\Users\jason\AppData\Local\Temp\ccKYcdsQ.s 			page 90


 2401              		.thumb_func
 2403              	bmp5_get_power_mode:
 2404              	.LVL226:
 2405              	.LFB149:
 491:Core/Src/bmp5/bmp5.c **** {
 2406              		.loc 1 491 1 is_stmt 1 view -0
 2407              		.cfi_startproc
 2408              		@ args = 0, pretend = 0, frame = 8
 2409              		@ frame_needed = 0, uses_anonymous_args = 0
 492:Core/Src/bmp5/bmp5.c ****     int8_t rslt;
 2410              		.loc 1 492 5 view .LVU746
 493:Core/Src/bmp5/bmp5.c ****     uint8_t deep_dis;
 2411              		.loc 1 493 5 view .LVU747
 494:Core/Src/bmp5/bmp5.c ****     uint8_t reg_data;
 2412              		.loc 1 494 5 view .LVU748
 495:Core/Src/bmp5/bmp5.c ****     uint8_t pwrmode;
 2413              		.loc 1 495 5 view .LVU749
 497:Core/Src/bmp5/bmp5.c ****     if (powermode != NULL)
 2414              		.loc 1 497 5 view .LVU750
 497:Core/Src/bmp5/bmp5.c ****     if (powermode != NULL)
 2415              		.loc 1 497 8 is_stmt 0 view .LVU751
 2416 0000 88B3     		cbz	r0, .L157
 491:Core/Src/bmp5/bmp5.c **** {
 2417              		.loc 1 491 1 view .LVU752
 2418 0002 30B5     		push	{r4, r5, lr}
 2419              		.cfi_def_cfa_offset 12
 2420              		.cfi_offset 4, -12
 2421              		.cfi_offset 5, -8
 2422              		.cfi_offset 14, -4
 2423 0004 83B0     		sub	sp, sp, #12
 2424              		.cfi_def_cfa_offset 24
 2425 0006 0D46     		mov	r5, r1
 2426 0008 0446     		mov	r4, r0
 500:Core/Src/bmp5/bmp5.c ****         rslt = bmp5_get_regs(BMP5_REG_ODR_CONFIG, &reg_data, 1, dev);
 2427              		.loc 1 500 9 is_stmt 1 view .LVU753
 500:Core/Src/bmp5/bmp5.c ****         rslt = bmp5_get_regs(BMP5_REG_ODR_CONFIG, &reg_data, 1, dev);
 2428              		.loc 1 500 16 is_stmt 0 view .LVU754
 2429 000a 0B46     		mov	r3, r1
 2430 000c 0122     		movs	r2, #1
 2431 000e 0DF10701 		add	r1, sp, #7
 2432              	.LVL227:
 500:Core/Src/bmp5/bmp5.c ****         rslt = bmp5_get_regs(BMP5_REG_ODR_CONFIG, &reg_data, 1, dev);
 2433              		.loc 1 500 16 view .LVU755
 2434 0012 3720     		movs	r0, #55
 2435              	.LVL228:
 500:Core/Src/bmp5/bmp5.c ****         rslt = bmp5_get_regs(BMP5_REG_ODR_CONFIG, &reg_data, 1, dev);
 2436              		.loc 1 500 16 view .LVU756
 2437 0014 FFF7FEFF 		bl	bmp5_get_regs
 2438              	.LVL229:
 502:Core/Src/bmp5/bmp5.c ****         if (rslt == BMP5_OK)
 2439              		.loc 1 502 9 is_stmt 1 view .LVU757
 502:Core/Src/bmp5/bmp5.c ****         if (rslt == BMP5_OK)
 2440              		.loc 1 502 12 is_stmt 0 view .LVU758
 2441 0018 58B9     		cbnz	r0, .L150
 504:Core/Src/bmp5/bmp5.c ****             pwrmode = BMP5_GET_BITS_POS_0(reg_data, BMP5_POWERMODE);
 2442              		.loc 1 504 13 is_stmt 1 view .LVU759
 504:Core/Src/bmp5/bmp5.c ****             pwrmode = BMP5_GET_BITS_POS_0(reg_data, BMP5_POWERMODE);
ARM GAS  C:\Users\jason\AppData\Local\Temp\ccKYcdsQ.s 			page 91


 2443              		.loc 1 504 23 is_stmt 0 view .LVU760
 2444 001a 9DF80720 		ldrb	r2, [sp, #7]	@ zero_extendqisi2
 504:Core/Src/bmp5/bmp5.c ****             pwrmode = BMP5_GET_BITS_POS_0(reg_data, BMP5_POWERMODE);
 2445              		.loc 1 504 21 view .LVU761
 2446 001e 02F00303 		and	r3, r2, #3
 2447              	.LVL230:
 506:Core/Src/bmp5/bmp5.c ****             switch (pwrmode)
 2448              		.loc 1 506 13 is_stmt 1 view .LVU762
 2449 0022 022B     		cmp	r3, #2
 2450 0024 1CD0     		beq	.L151
 2451 0026 09D8     		bhi	.L152
 2452 0028 83B1     		cbz	r3, .L153
 2453 002a 012B     		cmp	r3, #1
 2454 002c 03D1     		bne	.L162
 529:Core/Src/bmp5/bmp5.c ****                     *powermode = BMP5_POWERMODE_NORMAL;
 2455              		.loc 1 529 21 view .LVU763
 529:Core/Src/bmp5/bmp5.c ****                     *powermode = BMP5_POWERMODE_NORMAL;
 2456              		.loc 1 529 32 is_stmt 0 view .LVU764
 2457 002e 0123     		movs	r3, #1
 2458              	.LVL231:
 529:Core/Src/bmp5/bmp5.c ****                     *powermode = BMP5_POWERMODE_NORMAL;
 2459              		.loc 1 529 32 view .LVU765
 2460 0030 2370     		strb	r3, [r4]
 530:Core/Src/bmp5/bmp5.c ****                     break;
 2461              		.loc 1 530 21 is_stmt 1 view .LVU766
 2462              	.LVL232:
 2463              	.L150:
 548:Core/Src/bmp5/bmp5.c ****     return rslt;
 2464              		.loc 1 548 5 view .LVU767
 549:Core/Src/bmp5/bmp5.c **** }
 2465              		.loc 1 549 1 is_stmt 0 view .LVU768
 2466 0032 03B0     		add	sp, sp, #12
 2467              		.cfi_remember_state
 2468              		.cfi_def_cfa_offset 12
 2469              		@ sp needed
 2470 0034 30BD     		pop	{r4, r5, pc}
 2471              	.LVL233:
 2472              	.L162:
 2473              		.cfi_restore_state
 506:Core/Src/bmp5/bmp5.c ****             switch (pwrmode)
 2474              		.loc 1 506 13 view .LVU769
 2475 0036 6FF00600 		mvn	r0, #6
 2476              	.LVL234:
 506:Core/Src/bmp5/bmp5.c ****             switch (pwrmode)
 2477              		.loc 1 506 13 view .LVU770
 2478 003a FAE7     		b	.L150
 2479              	.LVL235:
 2480              	.L152:
 506:Core/Src/bmp5/bmp5.c ****             switch (pwrmode)
 2481              		.loc 1 506 13 view .LVU771
 2482 003c 032B     		cmp	r3, #3
 2483 003e 02D1     		bne	.L163
 535:Core/Src/bmp5/bmp5.c ****                     *powermode = BMP5_POWERMODE_CONTINOUS;
 2484              		.loc 1 535 21 is_stmt 1 view .LVU772
 535:Core/Src/bmp5/bmp5.c ****                     *powermode = BMP5_POWERMODE_CONTINOUS;
 2485              		.loc 1 535 32 is_stmt 0 view .LVU773
 2486 0040 0323     		movs	r3, #3
ARM GAS  C:\Users\jason\AppData\Local\Temp\ccKYcdsQ.s 			page 92


 2487              	.LVL236:
 535:Core/Src/bmp5/bmp5.c ****                     *powermode = BMP5_POWERMODE_CONTINOUS;
 2488              		.loc 1 535 32 view .LVU774
 2489 0042 2370     		strb	r3, [r4]
 536:Core/Src/bmp5/bmp5.c ****                     break;
 2490              		.loc 1 536 21 is_stmt 1 view .LVU775
 2491 0044 F5E7     		b	.L150
 2492              	.LVL237:
 2493              	.L163:
 506:Core/Src/bmp5/bmp5.c ****             switch (pwrmode)
 2494              		.loc 1 506 13 is_stmt 0 view .LVU776
 2495 0046 6FF00600 		mvn	r0, #6
 2496              	.LVL238:
 506:Core/Src/bmp5/bmp5.c ****             switch (pwrmode)
 2497              		.loc 1 506 13 view .LVU777
 2498 004a F2E7     		b	.L150
 2499              	.LVL239:
 2500              	.L153:
 511:Core/Src/bmp5/bmp5.c ****                     deep_dis = BMP5_GET_BITSLICE(reg_data, BMP5_DEEP_DISABLE);
 2501              		.loc 1 511 21 is_stmt 1 view .LVU778
 518:Core/Src/bmp5/bmp5.c ****                     if (deep_dis == BMP5_DEEP_ENABLED)
 2502              		.loc 1 518 21 view .LVU779
 518:Core/Src/bmp5/bmp5.c ****                     if (deep_dis == BMP5_DEEP_ENABLED)
 2503              		.loc 1 518 24 is_stmt 0 view .LVU780
 2504 004c D209     		lsrs	r2, r2, #7
 2505              	.LVL240:
 518:Core/Src/bmp5/bmp5.c ****                     if (deep_dis == BMP5_DEEP_ENABLED)
 2506              		.loc 1 518 24 view .LVU781
 2507 004e 02D0     		beq	.L164
 524:Core/Src/bmp5/bmp5.c ****                         *powermode = BMP5_POWERMODE_STANDBY;
 2508              		.loc 1 524 25 is_stmt 1 view .LVU782
 524:Core/Src/bmp5/bmp5.c ****                         *powermode = BMP5_POWERMODE_STANDBY;
 2509              		.loc 1 524 36 is_stmt 0 view .LVU783
 2510 0050 0023     		movs	r3, #0
 2511              	.LVL241:
 524:Core/Src/bmp5/bmp5.c ****                         *powermode = BMP5_POWERMODE_STANDBY;
 2512              		.loc 1 524 36 view .LVU784
 2513 0052 2370     		strb	r3, [r4]
 2514              	.LVL242:
 524:Core/Src/bmp5/bmp5.c ****                         *powermode = BMP5_POWERMODE_STANDBY;
 2515              		.loc 1 524 36 view .LVU785
 2516 0054 EDE7     		b	.L150
 2517              	.LVL243:
 2518              	.L164:
 520:Core/Src/bmp5/bmp5.c ****                         rslt = check_deepstandby_mode(powermode, dev);
 2519              		.loc 1 520 25 is_stmt 1 view .LVU786
 520:Core/Src/bmp5/bmp5.c ****                         rslt = check_deepstandby_mode(powermode, dev);
 2520              		.loc 1 520 32 is_stmt 0 view .LVU787
 2521 0056 2946     		mov	r1, r5
 2522 0058 2046     		mov	r0, r4
 2523              	.LVL244:
 520:Core/Src/bmp5/bmp5.c ****                         rslt = check_deepstandby_mode(powermode, dev);
 2524              		.loc 1 520 32 view .LVU788
 2525 005a FFF7FEFF 		bl	check_deepstandby_mode
 2526              	.LVL245:
 520:Core/Src/bmp5/bmp5.c ****                         rslt = check_deepstandby_mode(powermode, dev);
 2527              		.loc 1 520 32 view .LVU789
ARM GAS  C:\Users\jason\AppData\Local\Temp\ccKYcdsQ.s 			page 93


 2528 005e E8E7     		b	.L150
 2529              	.LVL246:
 2530              	.L151:
 532:Core/Src/bmp5/bmp5.c ****                     *powermode = BMP5_POWERMODE_FORCED;
 2531              		.loc 1 532 21 is_stmt 1 view .LVU790
 532:Core/Src/bmp5/bmp5.c ****                     *powermode = BMP5_POWERMODE_FORCED;
 2532              		.loc 1 532 32 is_stmt 0 view .LVU791
 2533 0060 0223     		movs	r3, #2
 2534              	.LVL247:
 532:Core/Src/bmp5/bmp5.c ****                     *powermode = BMP5_POWERMODE_FORCED;
 2535              		.loc 1 532 32 view .LVU792
 2536 0062 2370     		strb	r3, [r4]
 533:Core/Src/bmp5/bmp5.c ****                     break;
 2537              		.loc 1 533 21 is_stmt 1 view .LVU793
 2538 0064 E5E7     		b	.L150
 2539              	.LVL248:
 2540              	.L157:
 2541              		.cfi_def_cfa_offset 0
 2542              		.cfi_restore 4
 2543              		.cfi_restore 5
 2544              		.cfi_restore 14
 545:Core/Src/bmp5/bmp5.c ****         rslt = BMP5_E_NULL_PTR;
 2545              		.loc 1 545 14 is_stmt 0 view .LVU794
 2546 0066 4FF0FF30 		mov	r0, #-1
 2547              	.LVL249:
 548:Core/Src/bmp5/bmp5.c ****     return rslt;
 2548              		.loc 1 548 5 is_stmt 1 view .LVU795
 549:Core/Src/bmp5/bmp5.c **** }
 2549              		.loc 1 549 1 is_stmt 0 view .LVU796
 2550 006a 7047     		bx	lr
 2551              		.cfi_endproc
 2552              	.LFE149:
 2554              		.section	.text.bmp5_set_power_mode,"ax",%progbits
 2555              		.align	1
 2556              		.global	bmp5_set_power_mode
 2557              		.syntax unified
 2558              		.thumb
 2559              		.thumb_func
 2561              	bmp5_set_power_mode:
 2562              	.LVL250:
 2563              	.LFB150:
 555:Core/Src/bmp5/bmp5.c **** {
 2564              		.loc 1 555 1 is_stmt 1 view -0
 2565              		.cfi_startproc
 2566              		@ args = 0, pretend = 0, frame = 8
 2567              		@ frame_needed = 0, uses_anonymous_args = 0
 555:Core/Src/bmp5/bmp5.c **** {
 2568              		.loc 1 555 1 is_stmt 0 view .LVU798
 2569 0000 70B5     		push	{r4, r5, r6, lr}
 2570              		.cfi_def_cfa_offset 16
 2571              		.cfi_offset 4, -16
 2572              		.cfi_offset 5, -12
 2573              		.cfi_offset 6, -8
 2574              		.cfi_offset 14, -4
 2575 0002 82B0     		sub	sp, sp, #8
 2576              		.cfi_def_cfa_offset 24
 2577 0004 0646     		mov	r6, r0
ARM GAS  C:\Users\jason\AppData\Local\Temp\ccKYcdsQ.s 			page 94


 2578 0006 0C46     		mov	r4, r1
 556:Core/Src/bmp5/bmp5.c ****     int8_t rslt;
 2579              		.loc 1 556 5 is_stmt 1 view .LVU799
 557:Core/Src/bmp5/bmp5.c ****     enum bmp5_powermode lst_pwrmode;
 2580              		.loc 1 557 5 view .LVU800
 560:Core/Src/bmp5/bmp5.c ****     rslt = bmp5_get_power_mode(&lst_pwrmode, dev);
 2581              		.loc 1 560 5 view .LVU801
 560:Core/Src/bmp5/bmp5.c ****     rslt = bmp5_get_power_mode(&lst_pwrmode, dev);
 2582              		.loc 1 560 12 is_stmt 0 view .LVU802
 2583 0008 0DF10700 		add	r0, sp, #7
 2584              	.LVL251:
 560:Core/Src/bmp5/bmp5.c ****     rslt = bmp5_get_power_mode(&lst_pwrmode, dev);
 2585              		.loc 1 560 12 view .LVU803
 2586 000c FFF7FEFF 		bl	bmp5_get_power_mode
 2587              	.LVL252:
 562:Core/Src/bmp5/bmp5.c ****     if (rslt == BMP5_OK)
 2588              		.loc 1 562 5 is_stmt 1 view .LVU804
 562:Core/Src/bmp5/bmp5.c ****     if (rslt == BMP5_OK)
 2589              		.loc 1 562 8 is_stmt 0 view .LVU805
 2590 0010 0546     		mov	r5, r0
 2591 0012 40B9     		cbnz	r0, .L166
 567:Core/Src/bmp5/bmp5.c ****         if (lst_pwrmode != BMP5_POWERMODE_STANDBY)
 2592              		.loc 1 567 9 is_stmt 1 view .LVU806
 567:Core/Src/bmp5/bmp5.c ****         if (lst_pwrmode != BMP5_POWERMODE_STANDBY)
 2593              		.loc 1 567 25 is_stmt 0 view .LVU807
 2594 0014 9DF80730 		ldrb	r3, [sp, #7]	@ zero_extendqisi2
 567:Core/Src/bmp5/bmp5.c ****         if (lst_pwrmode != BMP5_POWERMODE_STANDBY)
 2595              		.loc 1 567 12 view .LVU808
 2596 0018 43B9     		cbnz	r3, .L173
 2597              	.LVL253:
 2598              	.L167:
 582:Core/Src/bmp5/bmp5.c ****         if (rslt == BMP5_OK)
 2599              		.loc 1 582 9 is_stmt 1 view .LVU809
 582:Core/Src/bmp5/bmp5.c ****         if (rslt == BMP5_OK)
 2600              		.loc 1 582 12 is_stmt 0 view .LVU810
 2601 001a 25B9     		cbnz	r5, .L166
 584:Core/Src/bmp5/bmp5.c ****             switch (powermode)
 2602              		.loc 1 584 13 is_stmt 1 view .LVU811
 2603 001c 032E     		cmp	r6, #3
 2604 001e 11D8     		bhi	.L168
 2605 0020 73B2     		sxtb	r3, r6
 2606 0022 B3B9     		cbnz	r3, .L169
 2607 0024 DEB9     		cbnz	r6, .L174
 2608              	.LVL254:
 2609              	.L166:
 607:Core/Src/bmp5/bmp5.c ****     return rslt;
 2610              		.loc 1 607 5 view .LVU812
 608:Core/Src/bmp5/bmp5.c **** }
 2611              		.loc 1 608 1 is_stmt 0 view .LVU813
 2612 0026 2846     		mov	r0, r5
 2613 0028 02B0     		add	sp, sp, #8
 2614              		.cfi_remember_state
 2615              		.cfi_def_cfa_offset 16
 2616              		@ sp needed
 2617 002a 70BD     		pop	{r4, r5, r6, pc}
 2618              	.LVL255:
 2619              	.L173:
ARM GAS  C:\Users\jason\AppData\Local\Temp\ccKYcdsQ.s 			page 95


 2620              		.cfi_restore_state
 572:Core/Src/bmp5/bmp5.c ****             rslt = set_power_mode(BMP5_POWERMODE_STANDBY, dev);
 2621              		.loc 1 572 13 is_stmt 1 view .LVU814
 572:Core/Src/bmp5/bmp5.c ****             rslt = set_power_mode(BMP5_POWERMODE_STANDBY, dev);
 2622              		.loc 1 572 20 is_stmt 0 view .LVU815
 2623 002c 2146     		mov	r1, r4
 2624 002e FFF7FEFF 		bl	set_power_mode
 2625              	.LVL256:
 574:Core/Src/bmp5/bmp5.c ****             if (rslt == BMP5_OK)
 2626              		.loc 1 574 13 is_stmt 1 view .LVU816
 574:Core/Src/bmp5/bmp5.c ****             if (rslt == BMP5_OK)
 2627              		.loc 1 574 16 is_stmt 0 view .LVU817
 2628 0032 0546     		mov	r5, r0
 2629 0034 0028     		cmp	r0, #0
 2630 0036 F6D1     		bne	.L166
 577:Core/Src/bmp5/bmp5.c ****                 dev->delay_us(BMP5_DELAY_US_STANDBY, dev->intf_ptr);
 2631              		.loc 1 577 17 is_stmt 1 view .LVU818
 577:Core/Src/bmp5/bmp5.c ****                 dev->delay_us(BMP5_DELAY_US_STANDBY, dev->intf_ptr);
 2632              		.loc 1 577 20 is_stmt 0 view .LVU819
 2633 0038 2369     		ldr	r3, [r4, #16]
 577:Core/Src/bmp5/bmp5.c ****                 dev->delay_us(BMP5_DELAY_US_STANDBY, dev->intf_ptr);
 2634              		.loc 1 577 17 view .LVU820
 2635 003a 6168     		ldr	r1, [r4, #4]
 2636 003c 40F6C410 		movw	r0, #2500
 2637              	.LVL257:
 577:Core/Src/bmp5/bmp5.c ****                 dev->delay_us(BMP5_DELAY_US_STANDBY, dev->intf_ptr);
 2638              		.loc 1 577 17 view .LVU821
 2639 0040 9847     		blx	r3
 2640              	.LVL258:
 2641 0042 EAE7     		b	.L167
 2642              	.L168:
 584:Core/Src/bmp5/bmp5.c ****             switch (powermode)
 2643              		.loc 1 584 13 view .LVU822
 2644 0044 042E     		cmp	r6, #4
 2645 0046 0ED1     		bne	.L171
 587:Core/Src/bmp5/bmp5.c ****                     rslt = set_deep_standby_mode(dev);
 2646              		.loc 1 587 21 is_stmt 1 view .LVU823
 587:Core/Src/bmp5/bmp5.c ****                     rslt = set_deep_standby_mode(dev);
 2647              		.loc 1 587 28 is_stmt 0 view .LVU824
 2648 0048 2046     		mov	r0, r4
 2649 004a FFF7FEFF 		bl	set_deep_standby_mode
 2650              	.LVL259:
 2651 004e 0546     		mov	r5, r0
 2652              	.LVL260:
 588:Core/Src/bmp5/bmp5.c ****                     break;
 2653              		.loc 1 588 21 is_stmt 1 view .LVU825
 2654 0050 E9E7     		b	.L166
 2655              	.L169:
 598:Core/Src/bmp5/bmp5.c ****                     rslt = set_power_mode(powermode, dev);
 2656              		.loc 1 598 21 view .LVU826
 598:Core/Src/bmp5/bmp5.c ****                     rslt = set_power_mode(powermode, dev);
 2657              		.loc 1 598 28 is_stmt 0 view .LVU827
 2658 0052 2146     		mov	r1, r4
 2659 0054 3046     		mov	r0, r6
 2660 0056 FFF7FEFF 		bl	set_power_mode
 2661              	.LVL261:
 2662 005a 0546     		mov	r5, r0
ARM GAS  C:\Users\jason\AppData\Local\Temp\ccKYcdsQ.s 			page 96


 2663              	.LVL262:
 599:Core/Src/bmp5/bmp5.c ****                     break;
 2664              		.loc 1 599 21 is_stmt 1 view .LVU828
 2665 005c E3E7     		b	.L166
 2666              	.L174:
 601:Core/Src/bmp5/bmp5.c ****                     rslt = BMP5_E_INVALID_POWERMODE;
 2667              		.loc 1 601 26 is_stmt 0 view .LVU829
 2668 005e 6FF00603 		mvn	r3, #6
 2669 0062 1D46     		mov	r5, r3
 2670              	.LVL263:
 601:Core/Src/bmp5/bmp5.c ****                     rslt = BMP5_E_INVALID_POWERMODE;
 2671              		.loc 1 601 26 view .LVU830
 2672 0064 DFE7     		b	.L166
 2673              	.LVL264:
 2674              	.L171:
 601:Core/Src/bmp5/bmp5.c ****                     rslt = BMP5_E_INVALID_POWERMODE;
 2675              		.loc 1 601 26 view .LVU831
 2676 0066 6FF00603 		mvn	r3, #6
 2677 006a 1D46     		mov	r5, r3
 2678              	.LVL265:
 601:Core/Src/bmp5/bmp5.c ****                     rslt = BMP5_E_INVALID_POWERMODE;
 2679              		.loc 1 601 26 view .LVU832
 2680 006c DBE7     		b	.L166
 2681              		.cfi_endproc
 2682              	.LFE150:
 2684              		.section	.text.set_standby_mode,"ax",%progbits
 2685              		.align	1
 2686              		.syntax unified
 2687              		.thumb
 2688              		.thumb_func
 2690              	set_standby_mode:
 2691              	.LVL266:
 2692              	.LFB174:
1624:Core/Src/bmp5/bmp5.c **** {
 2693              		.loc 1 1624 1 is_stmt 1 view -0
 2694              		.cfi_startproc
 2695              		@ args = 0, pretend = 0, frame = 8
 2696              		@ frame_needed = 0, uses_anonymous_args = 0
1624:Core/Src/bmp5/bmp5.c **** {
 2697              		.loc 1 1624 1 is_stmt 0 view .LVU834
 2698 0000 10B5     		push	{r4, lr}
 2699              		.cfi_def_cfa_offset 8
 2700              		.cfi_offset 4, -8
 2701              		.cfi_offset 14, -4
 2702 0002 82B0     		sub	sp, sp, #8
 2703              		.cfi_def_cfa_offset 16
 2704 0004 0146     		mov	r1, r0
 2705 0006 0446     		mov	r4, r0
1625:Core/Src/bmp5/bmp5.c ****     int8_t rslt;
 2706              		.loc 1 1625 5 is_stmt 1 view .LVU835
1626:Core/Src/bmp5/bmp5.c ****     enum bmp5_powermode pwrmode;
 2707              		.loc 1 1626 5 view .LVU836
1628:Core/Src/bmp5/bmp5.c ****     rslt = bmp5_get_power_mode(&pwrmode, dev);
 2708              		.loc 1 1628 5 view .LVU837
1628:Core/Src/bmp5/bmp5.c ****     rslt = bmp5_get_power_mode(&pwrmode, dev);
 2709              		.loc 1 1628 12 is_stmt 0 view .LVU838
 2710 0008 0DF10700 		add	r0, sp, #7
ARM GAS  C:\Users\jason\AppData\Local\Temp\ccKYcdsQ.s 			page 97


 2711              	.LVL267:
1628:Core/Src/bmp5/bmp5.c ****     rslt = bmp5_get_power_mode(&pwrmode, dev);
 2712              		.loc 1 1628 12 view .LVU839
 2713 000c FFF7FEFF 		bl	bmp5_get_power_mode
 2714              	.LVL268:
1630:Core/Src/bmp5/bmp5.c ****     if (rslt == BMP5_OK)
 2715              		.loc 1 1630 5 is_stmt 1 view .LVU840
1630:Core/Src/bmp5/bmp5.c ****     if (rslt == BMP5_OK)
 2716              		.loc 1 1630 8 is_stmt 0 view .LVU841
 2717 0010 18B9     		cbnz	r0, .L176
1632:Core/Src/bmp5/bmp5.c ****         if (pwrmode == BMP5_POWERMODE_DEEP_STANDBY)
 2718              		.loc 1 1632 9 is_stmt 1 view .LVU842
1632:Core/Src/bmp5/bmp5.c ****         if (pwrmode == BMP5_POWERMODE_DEEP_STANDBY)
 2719              		.loc 1 1632 21 is_stmt 0 view .LVU843
 2720 0012 9DF80730 		ldrb	r3, [sp, #7]	@ zero_extendqisi2
1632:Core/Src/bmp5/bmp5.c ****         if (pwrmode == BMP5_POWERMODE_DEEP_STANDBY)
 2721              		.loc 1 1632 12 view .LVU844
 2722 0016 042B     		cmp	r3, #4
 2723 0018 01D0     		beq	.L178
 2724              	.L176:
 2725              	.LVL269:
1638:Core/Src/bmp5/bmp5.c ****     return rslt;
 2726              		.loc 1 1638 5 is_stmt 1 view .LVU845
1639:Core/Src/bmp5/bmp5.c **** }
 2727              		.loc 1 1639 1 is_stmt 0 view .LVU846
 2728 001a 02B0     		add	sp, sp, #8
 2729              		.cfi_remember_state
 2730              		.cfi_def_cfa_offset 8
 2731              		@ sp needed
 2732 001c 10BD     		pop	{r4, pc}
 2733              	.LVL270:
 2734              	.L178:
 2735              		.cfi_restore_state
1634:Core/Src/bmp5/bmp5.c ****             rslt = bmp5_set_power_mode(BMP5_POWERMODE_STANDBY, dev);
 2736              		.loc 1 1634 13 is_stmt 1 view .LVU847
1634:Core/Src/bmp5/bmp5.c ****             rslt = bmp5_set_power_mode(BMP5_POWERMODE_STANDBY, dev);
 2737              		.loc 1 1634 20 is_stmt 0 view .LVU848
 2738 001e 2146     		mov	r1, r4
 2739 0020 0020     		movs	r0, #0
 2740 0022 FFF7FEFF 		bl	bmp5_set_power_mode
 2741              	.LVL271:
 2742 0026 F8E7     		b	.L176
 2743              		.cfi_endproc
 2744              	.LFE174:
 2746              		.section	.text.bmp5_set_osr_odr_press_config,"ax",%progbits
 2747              		.align	1
 2748              		.global	bmp5_set_osr_odr_press_config
 2749              		.syntax unified
 2750              		.thumb
 2751              		.thumb_func
 2753              	bmp5_set_osr_odr_press_config:
 2754              	.LVL272:
 2755              	.LFB155:
 795:Core/Src/bmp5/bmp5.c **** {
 2756              		.loc 1 795 1 is_stmt 1 view -0
 2757              		.cfi_startproc
 2758              		@ args = 0, pretend = 0, frame = 8
ARM GAS  C:\Users\jason\AppData\Local\Temp\ccKYcdsQ.s 			page 98


 2759              		@ frame_needed = 0, uses_anonymous_args = 0
 795:Core/Src/bmp5/bmp5.c **** {
 2760              		.loc 1 795 1 is_stmt 0 view .LVU850
 2761 0000 30B5     		push	{r4, r5, lr}
 2762              		.cfi_def_cfa_offset 12
 2763              		.cfi_offset 4, -12
 2764              		.cfi_offset 5, -8
 2765              		.cfi_offset 14, -4
 2766 0002 83B0     		sub	sp, sp, #12
 2767              		.cfi_def_cfa_offset 24
 797:Core/Src/bmp5/bmp5.c ****     int8_t rslt = 0;
 2768              		.loc 1 797 5 is_stmt 1 view .LVU851
 2769              	.LVL273:
 800:Core/Src/bmp5/bmp5.c ****     uint8_t reg_data[2] = { 0 };
 2770              		.loc 1 800 5 view .LVU852
 800:Core/Src/bmp5/bmp5.c ****     uint8_t reg_data[2] = { 0 };
 2771              		.loc 1 800 13 is_stmt 0 view .LVU853
 2772 0004 0023     		movs	r3, #0
 2773 0006 ADF80430 		strh	r3, [sp, #4]	@ movhi
 802:Core/Src/bmp5/bmp5.c ****     if (osr_odr_press_cfg != NULL)
 2774              		.loc 1 802 5 is_stmt 1 view .LVU854
 802:Core/Src/bmp5/bmp5.c ****     if (osr_odr_press_cfg != NULL)
 2775              		.loc 1 802 8 is_stmt 0 view .LVU855
 2776 000a 0028     		cmp	r0, #0
 2777 000c 43D0     		beq	.L182
 2778 000e 0D46     		mov	r5, r1
 2779 0010 0446     		mov	r4, r0
 809:Core/Src/bmp5/bmp5.c ****         if (osr_odr_press_cfg->odr < BMP5_ODR_05_HZ)
 2780              		.loc 1 809 9 is_stmt 1 view .LVU856
 809:Core/Src/bmp5/bmp5.c ****         if (osr_odr_press_cfg->odr < BMP5_ODR_05_HZ)
 2781              		.loc 1 809 30 is_stmt 0 view .LVU857
 2782 0012 C378     		ldrb	r3, [r0, #3]	@ zero_extendqisi2
 809:Core/Src/bmp5/bmp5.c ****         if (osr_odr_press_cfg->odr < BMP5_ODR_05_HZ)
 2783              		.loc 1 809 12 view .LVU858
 2784 0014 172B     		cmp	r3, #23
 2785 0016 04D8     		bhi	.L181
 811:Core/Src/bmp5/bmp5.c ****             rslt = set_standby_mode(dev);
 2786              		.loc 1 811 13 is_stmt 1 view .LVU859
 811:Core/Src/bmp5/bmp5.c ****             rslt = set_standby_mode(dev);
 2787              		.loc 1 811 20 is_stmt 0 view .LVU860
 2788 0018 0846     		mov	r0, r1
 2789              	.LVL274:
 811:Core/Src/bmp5/bmp5.c ****             rslt = set_standby_mode(dev);
 2790              		.loc 1 811 20 view .LVU861
 2791 001a FFF7FEFF 		bl	set_standby_mode
 2792              	.LVL275:
 814:Core/Src/bmp5/bmp5.c ****         if (rslt == BMP5_OK)
 2793              		.loc 1 814 9 is_stmt 1 view .LVU862
 814:Core/Src/bmp5/bmp5.c ****         if (rslt == BMP5_OK)
 2794              		.loc 1 814 12 is_stmt 0 view .LVU863
 2795 001e 0346     		mov	r3, r0
 2796 0020 38B9     		cbnz	r0, .L180
 2797              	.LVL276:
 2798              	.L181:
 816:Core/Src/bmp5/bmp5.c ****             rslt = bmp5_get_regs(BMP5_REG_OSR_CONFIG, reg_data, 2, dev);
 2799              		.loc 1 816 13 is_stmt 1 view .LVU864
 816:Core/Src/bmp5/bmp5.c ****             rslt = bmp5_get_regs(BMP5_REG_OSR_CONFIG, reg_data, 2, dev);
ARM GAS  C:\Users\jason\AppData\Local\Temp\ccKYcdsQ.s 			page 99


 2800              		.loc 1 816 20 is_stmt 0 view .LVU865
 2801 0022 2B46     		mov	r3, r5
 2802 0024 0222     		movs	r2, #2
 2803 0026 01A9     		add	r1, sp, #4
 2804 0028 3620     		movs	r0, #54
 2805 002a FFF7FEFF 		bl	bmp5_get_regs
 2806              	.LVL277:
 818:Core/Src/bmp5/bmp5.c ****             if (rslt == BMP5_OK)
 2807              		.loc 1 818 13 is_stmt 1 view .LVU866
 818:Core/Src/bmp5/bmp5.c ****             if (rslt == BMP5_OK)
 2808              		.loc 1 818 16 is_stmt 0 view .LVU867
 2809 002e 0346     		mov	r3, r0
 2810 0030 10B1     		cbz	r0, .L184
 2811              	.LVL278:
 2812              	.L180:
 835:Core/Src/bmp5/bmp5.c ****     return rslt;
 2813              		.loc 1 835 5 is_stmt 1 view .LVU868
 836:Core/Src/bmp5/bmp5.c **** }
 2814              		.loc 1 836 1 is_stmt 0 view .LVU869
 2815 0032 1846     		mov	r0, r3
 2816 0034 03B0     		add	sp, sp, #12
 2817              		.cfi_remember_state
 2818              		.cfi_def_cfa_offset 12
 2819              		@ sp needed
 2820 0036 30BD     		pop	{r4, r5, pc}
 2821              	.LVL279:
 2822              	.L184:
 2823              		.cfi_restore_state
 820:Core/Src/bmp5/bmp5.c ****                 reg_data[0] = BMP5_SET_BITS_POS_0(reg_data[0], BMP5_TEMP_OS, osr_odr_press_cfg->osr
 2824              		.loc 1 820 17 is_stmt 1 view .LVU870
 820:Core/Src/bmp5/bmp5.c ****                 reg_data[0] = BMP5_SET_BITS_POS_0(reg_data[0], BMP5_TEMP_OS, osr_odr_press_cfg->osr
 2825              		.loc 1 820 31 is_stmt 0 view .LVU871
 2826 0038 9DF80420 		ldrb	r2, [sp, #4]	@ zero_extendqisi2
 2827 003c 2378     		ldrb	r3, [r4]	@ zero_extendqisi2
 2828 003e 03F00703 		and	r3, r3, #7
 2829 0042 22F00702 		bic	r2, r2, #7
 2830 0046 1343     		orrs	r3, r3, r2
 820:Core/Src/bmp5/bmp5.c ****                 reg_data[0] = BMP5_SET_BITS_POS_0(reg_data[0], BMP5_TEMP_OS, osr_odr_press_cfg->osr
 2831              		.loc 1 820 29 view .LVU872
 2832 0048 8DF80430 		strb	r3, [sp, #4]
 821:Core/Src/bmp5/bmp5.c ****                 reg_data[0] = BMP5_SET_BITSLICE(reg_data[0], BMP5_PRESS_OS, osr_odr_press_cfg->osr_
 2833              		.loc 1 821 17 is_stmt 1 view .LVU873
 821:Core/Src/bmp5/bmp5.c ****                 reg_data[0] = BMP5_SET_BITSLICE(reg_data[0], BMP5_PRESS_OS, osr_odr_press_cfg->osr_
 2834              		.loc 1 821 31 is_stmt 0 view .LVU874
 2835 004c 6278     		ldrb	r2, [r4, #1]	@ zero_extendqisi2
 2836 004e D200     		lsls	r2, r2, #3
 2837 0050 02F03802 		and	r2, r2, #56
 2838 0054 23F03803 		bic	r3, r3, #56
 2839 0058 1343     		orrs	r3, r3, r2
 821:Core/Src/bmp5/bmp5.c ****                 reg_data[0] = BMP5_SET_BITSLICE(reg_data[0], BMP5_PRESS_OS, osr_odr_press_cfg->osr_
 2840              		.loc 1 821 29 view .LVU875
 2841 005a 8DF80430 		strb	r3, [sp, #4]
 822:Core/Src/bmp5/bmp5.c ****                 reg_data[0] = BMP5_SET_BITSLICE(reg_data[0], BMP5_PRESS_EN, osr_odr_press_cfg->pres
 2842              		.loc 1 822 17 is_stmt 1 view .LVU876
 822:Core/Src/bmp5/bmp5.c ****                 reg_data[0] = BMP5_SET_BITSLICE(reg_data[0], BMP5_PRESS_EN, osr_odr_press_cfg->pres
 2843              		.loc 1 822 31 is_stmt 0 view .LVU877
 2844 005e A278     		ldrb	r2, [r4, #2]	@ zero_extendqisi2
ARM GAS  C:\Users\jason\AppData\Local\Temp\ccKYcdsQ.s 			page 100


 2845 0060 9201     		lsls	r2, r2, #6
 2846 0062 02F04002 		and	r2, r2, #64
 2847 0066 23F04003 		bic	r3, r3, #64
 2848 006a 1343     		orrs	r3, r3, r2
 822:Core/Src/bmp5/bmp5.c ****                 reg_data[0] = BMP5_SET_BITSLICE(reg_data[0], BMP5_PRESS_EN, osr_odr_press_cfg->pres
 2849              		.loc 1 822 29 view .LVU878
 2850 006c 8DF80430 		strb	r3, [sp, #4]
 823:Core/Src/bmp5/bmp5.c ****                 reg_data[1] = BMP5_SET_BITSLICE(reg_data[1], BMP5_ODR, osr_odr_press_cfg->odr);
 2851              		.loc 1 823 17 is_stmt 1 view .LVU879
 823:Core/Src/bmp5/bmp5.c ****                 reg_data[1] = BMP5_SET_BITSLICE(reg_data[1], BMP5_ODR, osr_odr_press_cfg->odr);
 2852              		.loc 1 823 31 is_stmt 0 view .LVU880
 2853 0070 9DF80530 		ldrb	r3, [sp, #5]	@ zero_extendqisi2
 2854 0074 E278     		ldrb	r2, [r4, #3]	@ zero_extendqisi2
 2855 0076 9200     		lsls	r2, r2, #2
 2856 0078 02F07C02 		and	r2, r2, #124
 2857 007c 23F07C03 		bic	r3, r3, #124
 2858 0080 1343     		orrs	r3, r3, r2
 823:Core/Src/bmp5/bmp5.c ****                 reg_data[1] = BMP5_SET_BITSLICE(reg_data[1], BMP5_ODR, osr_odr_press_cfg->odr);
 2859              		.loc 1 823 29 view .LVU881
 2860 0082 8DF80530 		strb	r3, [sp, #5]
 826:Core/Src/bmp5/bmp5.c ****                 rslt = bmp5_set_regs(BMP5_REG_OSR_CONFIG, reg_data, 2, dev);
 2861              		.loc 1 826 17 is_stmt 1 view .LVU882
 826:Core/Src/bmp5/bmp5.c ****                 rslt = bmp5_set_regs(BMP5_REG_OSR_CONFIG, reg_data, 2, dev);
 2862              		.loc 1 826 24 is_stmt 0 view .LVU883
 2863 0086 2B46     		mov	r3, r5
 2864 0088 0222     		movs	r2, #2
 2865 008a 01A9     		add	r1, sp, #4
 2866 008c 3620     		movs	r0, #54
 2867              	.LVL280:
 826:Core/Src/bmp5/bmp5.c ****                 rslt = bmp5_set_regs(BMP5_REG_OSR_CONFIG, reg_data, 2, dev);
 2868              		.loc 1 826 24 view .LVU884
 2869 008e FFF7FEFF 		bl	bmp5_set_regs
 2870              	.LVL281:
 2871 0092 0346     		mov	r3, r0
 2872              	.LVL282:
 826:Core/Src/bmp5/bmp5.c ****                 rslt = bmp5_set_regs(BMP5_REG_OSR_CONFIG, reg_data, 2, dev);
 2873              		.loc 1 826 24 view .LVU885
 2874 0094 CDE7     		b	.L180
 2875              	.LVL283:
 2876              	.L182:
 832:Core/Src/bmp5/bmp5.c ****         rslt = BMP5_E_NULL_PTR;
 2877              		.loc 1 832 14 view .LVU886
 2878 0096 4FF0FF33 		mov	r3, #-1
 2879 009a CAE7     		b	.L180
 2880              		.cfi_endproc
 2881              	.LFE155:
 2883              		.section	.text.set_fifo_iir_config,"ax",%progbits
 2884              		.align	1
 2885              		.syntax unified
 2886              		.thumb
 2887              		.thumb_func
 2889              	set_fifo_iir_config:
 2890              	.LVL284:
 2891              	.LFB176:
1696:Core/Src/bmp5/bmp5.c **** {
 2892              		.loc 1 1696 1 is_stmt 1 view -0
 2893              		.cfi_startproc
ARM GAS  C:\Users\jason\AppData\Local\Temp\ccKYcdsQ.s 			page 101


 2894              		@ args = 0, pretend = 0, frame = 8
 2895              		@ frame_needed = 0, uses_anonymous_args = 0
1696:Core/Src/bmp5/bmp5.c **** {
 2896              		.loc 1 1696 1 is_stmt 0 view .LVU888
 2897 0000 70B5     		push	{r4, r5, r6, lr}
 2898              		.cfi_def_cfa_offset 16
 2899              		.cfi_offset 4, -16
 2900              		.cfi_offset 5, -12
 2901              		.cfi_offset 6, -8
 2902              		.cfi_offset 14, -4
 2903 0002 82B0     		sub	sp, sp, #8
 2904              		.cfi_def_cfa_offset 24
 2905 0004 0546     		mov	r5, r0
 2906 0006 0E46     		mov	r6, r1
 2907 0008 1446     		mov	r4, r2
1698:Core/Src/bmp5/bmp5.c ****     int8_t rslt;
 2908              		.loc 1 1698 5 is_stmt 1 view .LVU889
1701:Core/Src/bmp5/bmp5.c ****     uint8_t reg_data = 0;
 2909              		.loc 1 1701 5 view .LVU890
1701:Core/Src/bmp5/bmp5.c ****     uint8_t reg_data = 0;
 2910              		.loc 1 1701 13 is_stmt 0 view .LVU891
 2911 000a 0023     		movs	r3, #0
 2912 000c 8DF80730 		strb	r3, [sp, #7]
1704:Core/Src/bmp5/bmp5.c ****     enum bmp5_powermode curr_pwrmode;
 2913              		.loc 1 1704 5 is_stmt 1 view .LVU892
1706:Core/Src/bmp5/bmp5.c ****     rslt = bmp5_get_power_mode(&curr_pwrmode, dev);
 2914              		.loc 1 1706 5 view .LVU893
1706:Core/Src/bmp5/bmp5.c ****     rslt = bmp5_get_power_mode(&curr_pwrmode, dev);
 2915              		.loc 1 1706 12 is_stmt 0 view .LVU894
 2916 0010 1146     		mov	r1, r2
 2917              	.LVL285:
1706:Core/Src/bmp5/bmp5.c ****     rslt = bmp5_get_power_mode(&curr_pwrmode, dev);
 2918              		.loc 1 1706 12 view .LVU895
 2919 0012 0DF10600 		add	r0, sp, #6
 2920              	.LVL286:
1706:Core/Src/bmp5/bmp5.c ****     rslt = bmp5_get_power_mode(&curr_pwrmode, dev);
 2921              		.loc 1 1706 12 view .LVU896
 2922 0016 FFF7FEFF 		bl	bmp5_get_power_mode
 2923              	.LVL287:
1708:Core/Src/bmp5/bmp5.c ****     if (rslt == BMP5_OK)
 2924              		.loc 1 1708 5 is_stmt 1 view .LVU897
1708:Core/Src/bmp5/bmp5.c ****     if (rslt == BMP5_OK)
 2925              		.loc 1 1708 8 is_stmt 0 view .LVU898
 2926 001a 0346     		mov	r3, r0
 2927 001c 18B9     		cbnz	r0, .L186
1711:Core/Src/bmp5/bmp5.c ****         if (curr_pwrmode != BMP5_POWERMODE_STANDBY)
 2928              		.loc 1 1711 9 is_stmt 1 view .LVU899
1711:Core/Src/bmp5/bmp5.c ****         if (curr_pwrmode != BMP5_POWERMODE_STANDBY)
 2929              		.loc 1 1711 26 is_stmt 0 view .LVU900
 2930 001e 9DF80620 		ldrb	r2, [sp, #6]	@ zero_extendqisi2
1711:Core/Src/bmp5/bmp5.c ****         if (curr_pwrmode != BMP5_POWERMODE_STANDBY)
 2931              		.loc 1 1711 12 view .LVU901
 2932 0022 1AB9     		cbnz	r2, .L189
 2933              	.LVL288:
 2934              	.L187:
1717:Core/Src/bmp5/bmp5.c ****         if (rslt == BMP5_OK)
 2935              		.loc 1 1717 9 is_stmt 1 view .LVU902
ARM GAS  C:\Users\jason\AppData\Local\Temp\ccKYcdsQ.s 			page 102


1717:Core/Src/bmp5/bmp5.c ****         if (rslt == BMP5_OK)
 2936              		.loc 1 1717 12 is_stmt 0 view .LVU903
 2937 0024 3BB1     		cbz	r3, .L190
 2938              	.LVL289:
 2939              	.L186:
1747:Core/Src/bmp5/bmp5.c ****     return rslt;
 2940              		.loc 1 1747 5 is_stmt 1 view .LVU904
1748:Core/Src/bmp5/bmp5.c **** }
 2941              		.loc 1 1748 1 is_stmt 0 view .LVU905
 2942 0026 1846     		mov	r0, r3
 2943 0028 02B0     		add	sp, sp, #8
 2944              		.cfi_remember_state
 2945              		.cfi_def_cfa_offset 16
 2946              		@ sp needed
 2947 002a 70BD     		pop	{r4, r5, r6, pc}
 2948              	.LVL290:
 2949              	.L189:
 2950              		.cfi_restore_state
1714:Core/Src/bmp5/bmp5.c ****             rslt = bmp5_set_power_mode(BMP5_POWERMODE_STANDBY, dev);
 2951              		.loc 1 1714 13 is_stmt 1 view .LVU906
1714:Core/Src/bmp5/bmp5.c ****             rslt = bmp5_set_power_mode(BMP5_POWERMODE_STANDBY, dev);
 2952              		.loc 1 1714 20 is_stmt 0 view .LVU907
 2953 002c 2146     		mov	r1, r4
 2954 002e FFF7FEFF 		bl	bmp5_set_power_mode
 2955              	.LVL291:
1714:Core/Src/bmp5/bmp5.c ****             rslt = bmp5_set_power_mode(BMP5_POWERMODE_STANDBY, dev);
 2956              		.loc 1 1714 20 view .LVU908
 2957 0032 0346     		mov	r3, r0
 2958 0034 F6E7     		b	.L187
 2959              	.LVL292:
 2960              	.L190:
1720:Core/Src/bmp5/bmp5.c ****             rslt = bmp5_get_regs(BMP5_REG_DSP_CONFIG, &reg_data, 1, dev);
 2961              		.loc 1 1720 13 is_stmt 1 view .LVU909
1720:Core/Src/bmp5/bmp5.c ****             rslt = bmp5_get_regs(BMP5_REG_DSP_CONFIG, &reg_data, 1, dev);
 2962              		.loc 1 1720 20 is_stmt 0 view .LVU910
 2963 0036 2346     		mov	r3, r4
 2964              	.LVL293:
1720:Core/Src/bmp5/bmp5.c ****             rslt = bmp5_get_regs(BMP5_REG_DSP_CONFIG, &reg_data, 1, dev);
 2965              		.loc 1 1720 20 view .LVU911
 2966 0038 0122     		movs	r2, #1
 2967 003a 0DF10701 		add	r1, sp, #7
 2968 003e 3020     		movs	r0, #48
 2969 0040 FFF7FEFF 		bl	bmp5_get_regs
 2970              	.LVL294:
1722:Core/Src/bmp5/bmp5.c ****             if (rslt == BMP5_OK)
 2971              		.loc 1 1722 13 is_stmt 1 view .LVU912
1722:Core/Src/bmp5/bmp5.c ****             if (rslt == BMP5_OK)
 2972              		.loc 1 1722 16 is_stmt 0 view .LVU913
 2973 0044 0346     		mov	r3, r0
 2974 0046 0028     		cmp	r0, #0
 2975 0048 EDD1     		bne	.L186
1724:Core/Src/bmp5/bmp5.c ****                 reg_data = BMP5_SET_BITSLICE(reg_data, BMP5_SET_FIFO_IIR_TEMP, set_fifo_iir_t);
 2976              		.loc 1 1724 17 is_stmt 1 view .LVU914
1724:Core/Src/bmp5/bmp5.c ****                 reg_data = BMP5_SET_BITSLICE(reg_data, BMP5_SET_FIFO_IIR_TEMP, set_fifo_iir_t);
 2977              		.loc 1 1724 28 is_stmt 0 view .LVU915
 2978 004a 9DF80720 		ldrb	r2, [sp, #7]	@ zero_extendqisi2
 2979 004e 2B01     		lsls	r3, r5, #4
ARM GAS  C:\Users\jason\AppData\Local\Temp\ccKYcdsQ.s 			page 103


 2980 0050 03F01003 		and	r3, r3, #16
 2981 0054 22F01002 		bic	r2, r2, #16
 2982 0058 1343     		orrs	r3, r3, r2
1724:Core/Src/bmp5/bmp5.c ****                 reg_data = BMP5_SET_BITSLICE(reg_data, BMP5_SET_FIFO_IIR_TEMP, set_fifo_iir_t);
 2983              		.loc 1 1724 26 view .LVU916
 2984 005a 8DF80730 		strb	r3, [sp, #7]
1725:Core/Src/bmp5/bmp5.c ****                 reg_data = BMP5_SET_BITSLICE(reg_data, BMP5_SET_FIFO_IIR_PRESS, set_fifo_iir_p);
 2985              		.loc 1 1725 17 is_stmt 1 view .LVU917
1725:Core/Src/bmp5/bmp5.c ****                 reg_data = BMP5_SET_BITSLICE(reg_data, BMP5_SET_FIFO_IIR_PRESS, set_fifo_iir_p);
 2986              		.loc 1 1725 28 is_stmt 0 view .LVU918
 2987 005e B101     		lsls	r1, r6, #6
 2988 0060 01F04001 		and	r1, r1, #64
 2989 0064 23F04003 		bic	r3, r3, #64
 2990 0068 0B43     		orrs	r3, r3, r1
1725:Core/Src/bmp5/bmp5.c ****                 reg_data = BMP5_SET_BITSLICE(reg_data, BMP5_SET_FIFO_IIR_PRESS, set_fifo_iir_p);
 2991              		.loc 1 1725 26 view .LVU919
 2992 006a 8DF80730 		strb	r3, [sp, #7]
1728:Core/Src/bmp5/bmp5.c ****                 rslt = bmp5_set_regs(BMP5_REG_DSP_CONFIG, &reg_data, 1, dev);
 2993              		.loc 1 1728 17 is_stmt 1 view .LVU920
1728:Core/Src/bmp5/bmp5.c ****                 rslt = bmp5_set_regs(BMP5_REG_DSP_CONFIG, &reg_data, 1, dev);
 2994              		.loc 1 1728 24 is_stmt 0 view .LVU921
 2995 006e 2346     		mov	r3, r4
 2996 0070 0122     		movs	r2, #1
 2997 0072 0DF10701 		add	r1, sp, #7
 2998 0076 3020     		movs	r0, #48
 2999              	.LVL295:
1728:Core/Src/bmp5/bmp5.c ****                 rslt = bmp5_set_regs(BMP5_REG_DSP_CONFIG, &reg_data, 1, dev);
 3000              		.loc 1 1728 24 view .LVU922
 3001 0078 FFF7FEFF 		bl	bmp5_set_regs
 3002              	.LVL296:
1735:Core/Src/bmp5/bmp5.c ****         if (rslt == BMP5_OK)
 3003              		.loc 1 1735 9 is_stmt 1 view .LVU923
1735:Core/Src/bmp5/bmp5.c ****         if (rslt == BMP5_OK)
 3004              		.loc 1 1735 12 is_stmt 0 view .LVU924
 3005 007c 0346     		mov	r3, r0
 3006 007e 0028     		cmp	r0, #0
 3007 0080 D1D1     		bne	.L186
1740:Core/Src/bmp5/bmp5.c ****             if ((curr_pwrmode != BMP5_POWERMODE_STANDBY) && (curr_pwrmode != BMP5_POWERMODE_DEEP_ST
 3008              		.loc 1 1740 13 is_stmt 1 view .LVU925
1740:Core/Src/bmp5/bmp5.c ****             if ((curr_pwrmode != BMP5_POWERMODE_STANDBY) && (curr_pwrmode != BMP5_POWERMODE_DEEP_ST
 3009              		.loc 1 1740 58 is_stmt 0 view .LVU926
 3010 0082 9DF80600 		ldrb	r0, [sp, #6]	@ zero_extendqisi2
 3011              	.LVL297:
1740:Core/Src/bmp5/bmp5.c ****             if ((curr_pwrmode != BMP5_POWERMODE_STANDBY) && (curr_pwrmode != BMP5_POWERMODE_DEEP_ST
 3012              		.loc 1 1740 16 view .LVU927
 3013 0086 0028     		cmp	r0, #0
 3014 0088 18BF     		it	ne
 3015 008a 0428     		cmpne	r0, #4
 3016 008c CBD0     		beq	.L186
1742:Core/Src/bmp5/bmp5.c ****                 rslt = bmp5_set_power_mode(curr_pwrmode, dev);
 3017              		.loc 1 1742 17 is_stmt 1 view .LVU928
1742:Core/Src/bmp5/bmp5.c ****                 rslt = bmp5_set_power_mode(curr_pwrmode, dev);
 3018              		.loc 1 1742 24 is_stmt 0 view .LVU929
 3019 008e 2146     		mov	r1, r4
 3020 0090 FFF7FEFF 		bl	bmp5_set_power_mode
 3021              	.LVL298:
1742:Core/Src/bmp5/bmp5.c ****                 rslt = bmp5_set_power_mode(curr_pwrmode, dev);
ARM GAS  C:\Users\jason\AppData\Local\Temp\ccKYcdsQ.s 			page 104


 3022              		.loc 1 1742 24 view .LVU930
 3023 0094 0346     		mov	r3, r0
 3024 0096 C6E7     		b	.L186
 3025              		.cfi_endproc
 3026              	.LFE176:
 3028              		.section	.text.set_oor_iir_count_limit,"ax",%progbits
 3029              		.align	1
 3030              		.syntax unified
 3031              		.thumb
 3032              		.thumb_func
 3034              	set_oor_iir_count_limit:
 3035              	.LVL299:
 3036              	.LFB179:
1930:Core/Src/bmp5/bmp5.c **** {
 3037              		.loc 1 1930 1 is_stmt 1 view -0
 3038              		.cfi_startproc
 3039              		@ args = 0, pretend = 0, frame = 8
 3040              		@ frame_needed = 0, uses_anonymous_args = 0
1930:Core/Src/bmp5/bmp5.c **** {
 3041              		.loc 1 1930 1 is_stmt 0 view .LVU932
 3042 0000 70B5     		push	{r4, r5, r6, lr}
 3043              		.cfi_def_cfa_offset 16
 3044              		.cfi_offset 4, -16
 3045              		.cfi_offset 5, -12
 3046              		.cfi_offset 6, -8
 3047              		.cfi_offset 14, -4
 3048 0002 82B0     		sub	sp, sp, #8
 3049              		.cfi_def_cfa_offset 24
 3050 0004 0546     		mov	r5, r0
 3051 0006 0E46     		mov	r6, r1
 3052 0008 1446     		mov	r4, r2
1931:Core/Src/bmp5/bmp5.c ****     int8_t rslt;
 3053              		.loc 1 1931 5 is_stmt 1 view .LVU933
1932:Core/Src/bmp5/bmp5.c ****     uint8_t reg_data = 0;
 3054              		.loc 1 1932 5 view .LVU934
1932:Core/Src/bmp5/bmp5.c ****     uint8_t reg_data = 0;
 3055              		.loc 1 1932 13 is_stmt 0 view .LVU935
 3056 000a 0023     		movs	r3, #0
 3057 000c 8DF80730 		strb	r3, [sp, #7]
1935:Core/Src/bmp5/bmp5.c ****     enum bmp5_powermode curr_pwrmode;
 3058              		.loc 1 1935 5 is_stmt 1 view .LVU936
1937:Core/Src/bmp5/bmp5.c ****     rslt = bmp5_get_power_mode(&curr_pwrmode, dev);
 3059              		.loc 1 1937 5 view .LVU937
1937:Core/Src/bmp5/bmp5.c ****     rslt = bmp5_get_power_mode(&curr_pwrmode, dev);
 3060              		.loc 1 1937 12 is_stmt 0 view .LVU938
 3061 0010 1146     		mov	r1, r2
 3062              	.LVL300:
1937:Core/Src/bmp5/bmp5.c ****     rslt = bmp5_get_power_mode(&curr_pwrmode, dev);
 3063              		.loc 1 1937 12 view .LVU939
 3064 0012 0DF10600 		add	r0, sp, #6
 3065              	.LVL301:
1937:Core/Src/bmp5/bmp5.c ****     rslt = bmp5_get_power_mode(&curr_pwrmode, dev);
 3066              		.loc 1 1937 12 view .LVU940
 3067 0016 FFF7FEFF 		bl	bmp5_get_power_mode
 3068              	.LVL302:
1939:Core/Src/bmp5/bmp5.c ****     if (rslt == BMP5_OK)
 3069              		.loc 1 1939 5 is_stmt 1 view .LVU941
ARM GAS  C:\Users\jason\AppData\Local\Temp\ccKYcdsQ.s 			page 105


1939:Core/Src/bmp5/bmp5.c ****     if (rslt == BMP5_OK)
 3070              		.loc 1 1939 8 is_stmt 0 view .LVU942
 3071 001a 0346     		mov	r3, r0
 3072 001c 18B9     		cbnz	r0, .L192
1942:Core/Src/bmp5/bmp5.c ****         if (curr_pwrmode != BMP5_POWERMODE_STANDBY)
 3073              		.loc 1 1942 9 is_stmt 1 view .LVU943
1942:Core/Src/bmp5/bmp5.c ****         if (curr_pwrmode != BMP5_POWERMODE_STANDBY)
 3074              		.loc 1 1942 26 is_stmt 0 view .LVU944
 3075 001e 9DF80620 		ldrb	r2, [sp, #6]	@ zero_extendqisi2
1942:Core/Src/bmp5/bmp5.c ****         if (curr_pwrmode != BMP5_POWERMODE_STANDBY)
 3076              		.loc 1 1942 12 view .LVU945
 3077 0022 1AB9     		cbnz	r2, .L196
 3078              	.LVL303:
 3079              	.L193:
1948:Core/Src/bmp5/bmp5.c ****         if (rslt == BMP5_OK)
 3080              		.loc 1 1948 9 is_stmt 1 view .LVU946
1948:Core/Src/bmp5/bmp5.c ****         if (rslt == BMP5_OK)
 3081              		.loc 1 1948 12 is_stmt 0 view .LVU947
 3082 0024 3BB1     		cbz	r3, .L197
 3083              	.LVL304:
 3084              	.L192:
1994:Core/Src/bmp5/bmp5.c ****     return rslt;
 3085              		.loc 1 1994 5 is_stmt 1 view .LVU948
1995:Core/Src/bmp5/bmp5.c **** }
 3086              		.loc 1 1995 1 is_stmt 0 view .LVU949
 3087 0026 1846     		mov	r0, r3
 3088 0028 02B0     		add	sp, sp, #8
 3089              		.cfi_remember_state
 3090              		.cfi_def_cfa_offset 16
 3091              		@ sp needed
 3092 002a 70BD     		pop	{r4, r5, r6, pc}
 3093              	.LVL305:
 3094              	.L196:
 3095              		.cfi_restore_state
1945:Core/Src/bmp5/bmp5.c ****             rslt = bmp5_set_power_mode(BMP5_POWERMODE_STANDBY, dev);
 3096              		.loc 1 1945 13 is_stmt 1 view .LVU950
1945:Core/Src/bmp5/bmp5.c ****             rslt = bmp5_set_power_mode(BMP5_POWERMODE_STANDBY, dev);
 3097              		.loc 1 1945 20 is_stmt 0 view .LVU951
 3098 002c 2146     		mov	r1, r4
 3099 002e FFF7FEFF 		bl	bmp5_set_power_mode
 3100              	.LVL306:
1945:Core/Src/bmp5/bmp5.c ****             rslt = bmp5_set_power_mode(BMP5_POWERMODE_STANDBY, dev);
 3101              		.loc 1 1945 20 view .LVU952
 3102 0032 0346     		mov	r3, r0
 3103 0034 F6E7     		b	.L193
 3104              	.LVL307:
 3105              	.L197:
1951:Core/Src/bmp5/bmp5.c ****             rslt = bmp5_get_regs(BMP5_REG_DSP_CONFIG, &reg_data, 1, dev);
 3106              		.loc 1 1951 13 is_stmt 1 view .LVU953
1951:Core/Src/bmp5/bmp5.c ****             rslt = bmp5_get_regs(BMP5_REG_DSP_CONFIG, &reg_data, 1, dev);
 3107              		.loc 1 1951 20 is_stmt 0 view .LVU954
 3108 0036 2346     		mov	r3, r4
 3109              	.LVL308:
1951:Core/Src/bmp5/bmp5.c ****             rslt = bmp5_get_regs(BMP5_REG_DSP_CONFIG, &reg_data, 1, dev);
 3110              		.loc 1 1951 20 view .LVU955
 3111 0038 0122     		movs	r2, #1
 3112 003a 0DF10701 		add	r1, sp, #7
ARM GAS  C:\Users\jason\AppData\Local\Temp\ccKYcdsQ.s 			page 106


 3113 003e 3020     		movs	r0, #48
 3114 0040 FFF7FEFF 		bl	bmp5_get_regs
 3115              	.LVL309:
1953:Core/Src/bmp5/bmp5.c ****             if (rslt == BMP5_OK)
 3116              		.loc 1 1953 13 is_stmt 1 view .LVU956
1953:Core/Src/bmp5/bmp5.c ****             if (rslt == BMP5_OK)
 3117              		.loc 1 1953 16 is_stmt 0 view .LVU957
 3118 0044 0346     		mov	r3, r0
 3119 0046 F0B1     		cbz	r0, .L198
 3120              	.LVL310:
 3121              	.L194:
1967:Core/Src/bmp5/bmp5.c ****             if (rslt == BMP5_OK)
 3122              		.loc 1 1967 13 is_stmt 1 view .LVU958
1967:Core/Src/bmp5/bmp5.c ****             if (rslt == BMP5_OK)
 3123              		.loc 1 1967 16 is_stmt 0 view .LVU959
 3124 0048 002B     		cmp	r3, #0
 3125 004a ECD1     		bne	.L192
1969:Core/Src/bmp5/bmp5.c ****                 reg_data = BMP5_SET_BITSLICE(reg_data, BMP5_OOR_COUNT_LIMIT, set_count_limit);
 3126              		.loc 1 1969 17 is_stmt 1 view .LVU960
1969:Core/Src/bmp5/bmp5.c ****                 reg_data = BMP5_SET_BITSLICE(reg_data, BMP5_OOR_COUNT_LIMIT, set_count_limit);
 3127              		.loc 1 1969 28 is_stmt 0 view .LVU961
 3128 004c 9DF80730 		ldrb	r3, [sp, #7]	@ zero_extendqisi2
 3129              	.LVL311:
1969:Core/Src/bmp5/bmp5.c ****                 reg_data = BMP5_SET_BITSLICE(reg_data, BMP5_OOR_COUNT_LIMIT, set_count_limit);
 3130              		.loc 1 1969 28 view .LVU962
 3131 0050 03F03F03 		and	r3, r3, #63
 3132 0054 43EA8613 		orr	r3, r3, r6, lsl #6
1969:Core/Src/bmp5/bmp5.c ****                 reg_data = BMP5_SET_BITSLICE(reg_data, BMP5_OOR_COUNT_LIMIT, set_count_limit);
 3133              		.loc 1 1969 26 view .LVU963
 3134 0058 8DF80730 		strb	r3, [sp, #7]
1972:Core/Src/bmp5/bmp5.c ****             if (rslt == BMP5_OK)
 3135              		.loc 1 1972 13 is_stmt 1 view .LVU964
1975:Core/Src/bmp5/bmp5.c ****                 rslt = bmp5_set_regs(BMP5_REG_OOR_CONFIG, &reg_data, 1, dev);
 3136              		.loc 1 1975 17 view .LVU965
1975:Core/Src/bmp5/bmp5.c ****                 rslt = bmp5_set_regs(BMP5_REG_OOR_CONFIG, &reg_data, 1, dev);
 3137              		.loc 1 1975 24 is_stmt 0 view .LVU966
 3138 005c 2346     		mov	r3, r4
 3139 005e 0122     		movs	r2, #1
 3140 0060 0DF10701 		add	r1, sp, #7
 3141 0064 3520     		movs	r0, #53
 3142 0066 FFF7FEFF 		bl	bmp5_set_regs
 3143              	.LVL312:
1982:Core/Src/bmp5/bmp5.c ****         if (rslt == BMP5_OK)
 3144              		.loc 1 1982 9 is_stmt 1 view .LVU967
1982:Core/Src/bmp5/bmp5.c ****         if (rslt == BMP5_OK)
 3145              		.loc 1 1982 12 is_stmt 0 view .LVU968
 3146 006a 0346     		mov	r3, r0
 3147 006c 0028     		cmp	r0, #0
 3148 006e DAD1     		bne	.L192
1987:Core/Src/bmp5/bmp5.c ****             if ((curr_pwrmode != BMP5_POWERMODE_STANDBY) && (curr_pwrmode != BMP5_POWERMODE_DEEP_ST
 3149              		.loc 1 1987 13 is_stmt 1 view .LVU969
1987:Core/Src/bmp5/bmp5.c ****             if ((curr_pwrmode != BMP5_POWERMODE_STANDBY) && (curr_pwrmode != BMP5_POWERMODE_DEEP_ST
 3150              		.loc 1 1987 58 is_stmt 0 view .LVU970
 3151 0070 9DF80600 		ldrb	r0, [sp, #6]	@ zero_extendqisi2
 3152              	.LVL313:
1987:Core/Src/bmp5/bmp5.c ****             if ((curr_pwrmode != BMP5_POWERMODE_STANDBY) && (curr_pwrmode != BMP5_POWERMODE_DEEP_ST
 3153              		.loc 1 1987 16 view .LVU971
ARM GAS  C:\Users\jason\AppData\Local\Temp\ccKYcdsQ.s 			page 107


 3154 0074 0028     		cmp	r0, #0
 3155 0076 18BF     		it	ne
 3156 0078 0428     		cmpne	r0, #4
 3157 007a D4D0     		beq	.L192
1989:Core/Src/bmp5/bmp5.c ****                 rslt = bmp5_set_power_mode(curr_pwrmode, dev);
 3158              		.loc 1 1989 17 is_stmt 1 view .LVU972
1989:Core/Src/bmp5/bmp5.c ****                 rslt = bmp5_set_power_mode(curr_pwrmode, dev);
 3159              		.loc 1 1989 24 is_stmt 0 view .LVU973
 3160 007c 2146     		mov	r1, r4
 3161 007e FFF7FEFF 		bl	bmp5_set_power_mode
 3162              	.LVL314:
1989:Core/Src/bmp5/bmp5.c ****                 rslt = bmp5_set_power_mode(curr_pwrmode, dev);
 3163              		.loc 1 1989 24 view .LVU974
 3164 0082 0346     		mov	r3, r0
 3165 0084 CFE7     		b	.L192
 3166              	.LVL315:
 3167              	.L198:
1955:Core/Src/bmp5/bmp5.c ****                 reg_data = BMP5_SET_BITSLICE(reg_data, BMP5_OOR_SEL_IIR_PRESS, set_oor_iir_p);
 3168              		.loc 1 1955 17 is_stmt 1 view .LVU975
1955:Core/Src/bmp5/bmp5.c ****                 reg_data = BMP5_SET_BITSLICE(reg_data, BMP5_OOR_SEL_IIR_PRESS, set_oor_iir_p);
 3169              		.loc 1 1955 28 is_stmt 0 view .LVU976
 3170 0086 9DF80730 		ldrb	r3, [sp, #7]	@ zero_extendqisi2
 3171 008a 03F07F03 		and	r3, r3, #127
 3172 008e 43EAC513 		orr	r3, r3, r5, lsl #7
1955:Core/Src/bmp5/bmp5.c ****                 reg_data = BMP5_SET_BITSLICE(reg_data, BMP5_OOR_SEL_IIR_PRESS, set_oor_iir_p);
 3173              		.loc 1 1955 26 view .LVU977
 3174 0092 8DF80730 		strb	r3, [sp, #7]
1958:Core/Src/bmp5/bmp5.c ****                 rslt = bmp5_set_regs(BMP5_REG_DSP_CONFIG, &reg_data, 1, dev);
 3175              		.loc 1 1958 17 is_stmt 1 view .LVU978
1958:Core/Src/bmp5/bmp5.c ****                 rslt = bmp5_set_regs(BMP5_REG_DSP_CONFIG, &reg_data, 1, dev);
 3176              		.loc 1 1958 24 is_stmt 0 view .LVU979
 3177 0096 2346     		mov	r3, r4
 3178 0098 0122     		movs	r2, #1
 3179 009a 0DF10701 		add	r1, sp, #7
 3180 009e 3020     		movs	r0, #48
 3181              	.LVL316:
1958:Core/Src/bmp5/bmp5.c ****                 rslt = bmp5_set_regs(BMP5_REG_DSP_CONFIG, &reg_data, 1, dev);
 3182              		.loc 1 1958 24 view .LVU980
 3183 00a0 FFF7FEFF 		bl	bmp5_set_regs
 3184              	.LVL317:
1961:Core/Src/bmp5/bmp5.c ****             if (rslt == BMP5_OK)
 3185              		.loc 1 1961 13 is_stmt 1 view .LVU981
1961:Core/Src/bmp5/bmp5.c ****             if (rslt == BMP5_OK)
 3186              		.loc 1 1961 16 is_stmt 0 view .LVU982
 3187 00a4 0346     		mov	r3, r0
 3188 00a6 0028     		cmp	r0, #0
 3189 00a8 BDD1     		bne	.L192
1964:Core/Src/bmp5/bmp5.c ****                 rslt = bmp5_get_regs(BMP5_REG_OOR_CONFIG, &reg_data, 1, dev);
 3190              		.loc 1 1964 17 is_stmt 1 view .LVU983
1964:Core/Src/bmp5/bmp5.c ****                 rslt = bmp5_get_regs(BMP5_REG_OOR_CONFIG, &reg_data, 1, dev);
 3191              		.loc 1 1964 24 is_stmt 0 view .LVU984
 3192 00aa 2346     		mov	r3, r4
 3193 00ac 0122     		movs	r2, #1
 3194 00ae 0DF10701 		add	r1, sp, #7
 3195 00b2 3520     		movs	r0, #53
 3196              	.LVL318:
1964:Core/Src/bmp5/bmp5.c ****                 rslt = bmp5_get_regs(BMP5_REG_OOR_CONFIG, &reg_data, 1, dev);
ARM GAS  C:\Users\jason\AppData\Local\Temp\ccKYcdsQ.s 			page 108


 3197              		.loc 1 1964 24 view .LVU985
 3198 00b4 FFF7FEFF 		bl	bmp5_get_regs
 3199              	.LVL319:
 3200 00b8 0346     		mov	r3, r0
 3201 00ba C5E7     		b	.L194
 3202              		.cfi_endproc
 3203              	.LFE179:
 3205              		.section	.text.nvm_write_addr,"ax",%progbits
 3206              		.align	1
 3207              		.syntax unified
 3208              		.thumb
 3209              		.thumb_func
 3211              	nvm_write_addr:
 3212              	.LVL320:
 3213              	.LFB180:
2001:Core/Src/bmp5/bmp5.c **** {
 3214              		.loc 1 2001 1 is_stmt 1 view -0
 3215              		.cfi_startproc
 3216              		@ args = 0, pretend = 0, frame = 0
 3217              		@ frame_needed = 0, uses_anonymous_args = 0
2001:Core/Src/bmp5/bmp5.c **** {
 3218              		.loc 1 2001 1 is_stmt 0 view .LVU987
 3219 0000 F8B5     		push	{r3, r4, r5, r6, r7, lr}
 3220              		.cfi_def_cfa_offset 24
 3221              		.cfi_offset 3, -24
 3222              		.cfi_offset 4, -20
 3223              		.cfi_offset 5, -16
 3224              		.cfi_offset 6, -12
 3225              		.cfi_offset 7, -8
 3226              		.cfi_offset 14, -4
 3227 0002 0F46     		mov	r7, r1
 3228 0004 1946     		mov	r1, r3
 3229              	.LVL321:
2001:Core/Src/bmp5/bmp5.c **** {
 3230              		.loc 1 2001 1 view .LVU988
 3231 0006 1D46     		mov	r5, r3
2002:Core/Src/bmp5/bmp5.c ****     int8_t rslt;
 3232              		.loc 1 2002 5 is_stmt 1 view .LVU989
2004:Core/Src/bmp5/bmp5.c ****     if ((nvm_addr >= BMP5_NVM_START_ADDR) && (nvm_addr <= BMP5_NVM_END_ADDR))
 3233              		.loc 1 2004 5 view .LVU990
2004:Core/Src/bmp5/bmp5.c ****     if ((nvm_addr >= BMP5_NVM_START_ADDR) && (nvm_addr <= BMP5_NVM_END_ADDR))
 3234              		.loc 1 2004 43 is_stmt 0 view .LVU991
 3235 0008 A0F12003 		sub	r3, r0, #32
 3236              	.LVL322:
2004:Core/Src/bmp5/bmp5.c ****     if ((nvm_addr >= BMP5_NVM_START_ADDR) && (nvm_addr <= BMP5_NVM_END_ADDR))
 3237              		.loc 1 2004 43 view .LVU992
 3238 000c DBB2     		uxtb	r3, r3
2004:Core/Src/bmp5/bmp5.c ****     if ((nvm_addr >= BMP5_NVM_START_ADDR) && (nvm_addr <= BMP5_NVM_END_ADDR))
 3239              		.loc 1 2004 8 view .LVU993
 3240 000e 022B     		cmp	r3, #2
 3241 0010 14D8     		bhi	.L202
 3242 0012 0646     		mov	r6, r0
 3243 0014 1446     		mov	r4, r2
2007:Core/Src/bmp5/bmp5.c ****         rslt = bmp5_get_power_mode(curr_pwrmode, dev);
 3244              		.loc 1 2007 9 is_stmt 1 view .LVU994
2007:Core/Src/bmp5/bmp5.c ****         rslt = bmp5_get_power_mode(curr_pwrmode, dev);
 3245              		.loc 1 2007 16 is_stmt 0 view .LVU995
ARM GAS  C:\Users\jason\AppData\Local\Temp\ccKYcdsQ.s 			page 109


 3246 0016 1046     		mov	r0, r2
 3247              	.LVL323:
2007:Core/Src/bmp5/bmp5.c ****         rslt = bmp5_get_power_mode(curr_pwrmode, dev);
 3248              		.loc 1 2007 16 view .LVU996
 3249 0018 FFF7FEFF 		bl	bmp5_get_power_mode
 3250              	.LVL324:
2009:Core/Src/bmp5/bmp5.c ****         if (rslt == BMP5_OK)
 3251              		.loc 1 2009 9 is_stmt 1 view .LVU997
2009:Core/Src/bmp5/bmp5.c ****         if (rslt == BMP5_OK)
 3252              		.loc 1 2009 12 is_stmt 0 view .LVU998
 3253 001c 10B9     		cbnz	r0, .L200
2012:Core/Src/bmp5/bmp5.c ****             if (*curr_pwrmode != BMP5_POWERMODE_STANDBY)
 3254              		.loc 1 2012 13 is_stmt 1 view .LVU999
2012:Core/Src/bmp5/bmp5.c ****             if (*curr_pwrmode != BMP5_POWERMODE_STANDBY)
 3255              		.loc 1 2012 17 is_stmt 0 view .LVU1000
 3256 001e 2378     		ldrb	r3, [r4]	@ zero_extendqisi2
2012:Core/Src/bmp5/bmp5.c ****             if (*curr_pwrmode != BMP5_POWERMODE_STANDBY)
 3257              		.loc 1 2012 16 view .LVU1001
 3258 0020 0BB9     		cbnz	r3, .L204
 3259              	.LVL325:
 3260              	.L201:
2018:Core/Src/bmp5/bmp5.c ****             if (rslt == BMP5_OK)
 3261              		.loc 1 2018 13 is_stmt 1 view .LVU1002
2018:Core/Src/bmp5/bmp5.c ****             if (rslt == BMP5_OK)
 3262              		.loc 1 2018 16 is_stmt 0 view .LVU1003
 3263 0022 28B1     		cbz	r0, .L205
 3264              	.LVL326:
 3265              	.L200:
2030:Core/Src/bmp5/bmp5.c ****     return rslt;
 3266              		.loc 1 2030 5 is_stmt 1 view .LVU1004
2031:Core/Src/bmp5/bmp5.c **** }
 3267              		.loc 1 2031 1 is_stmt 0 view .LVU1005
 3268 0024 F8BD     		pop	{r3, r4, r5, r6, r7, pc}
 3269              	.LVL327:
 3270              	.L204:
2015:Core/Src/bmp5/bmp5.c ****                 rslt = bmp5_set_power_mode(BMP5_POWERMODE_STANDBY, dev);
 3271              		.loc 1 2015 17 is_stmt 1 view .LVU1006
2015:Core/Src/bmp5/bmp5.c ****                 rslt = bmp5_set_power_mode(BMP5_POWERMODE_STANDBY, dev);
 3272              		.loc 1 2015 24 is_stmt 0 view .LVU1007
 3273 0026 2946     		mov	r1, r5
 3274 0028 0020     		movs	r0, #0
 3275              	.LVL328:
2015:Core/Src/bmp5/bmp5.c ****                 rslt = bmp5_set_power_mode(BMP5_POWERMODE_STANDBY, dev);
 3276              		.loc 1 2015 24 view .LVU1008
 3277 002a FFF7FEFF 		bl	bmp5_set_power_mode
 3278              	.LVL329:
 3279 002e F8E7     		b	.L201
 3280              	.LVL330:
 3281              	.L205:
2021:Core/Src/bmp5/bmp5.c ****                 rslt = set_nvm_addr(nvm_addr, prog_en, dev);
 3282              		.loc 1 2021 17 is_stmt 1 view .LVU1009
2021:Core/Src/bmp5/bmp5.c ****                 rslt = set_nvm_addr(nvm_addr, prog_en, dev);
 3283              		.loc 1 2021 24 is_stmt 0 view .LVU1010
 3284 0030 2A46     		mov	r2, r5
 3285 0032 3946     		mov	r1, r7
 3286 0034 3046     		mov	r0, r6
 3287              	.LVL331:
ARM GAS  C:\Users\jason\AppData\Local\Temp\ccKYcdsQ.s 			page 110


2021:Core/Src/bmp5/bmp5.c ****                 rslt = set_nvm_addr(nvm_addr, prog_en, dev);
 3288              		.loc 1 2021 24 view .LVU1011
 3289 0036 FFF7FEFF 		bl	set_nvm_addr
 3290              	.LVL332:
2021:Core/Src/bmp5/bmp5.c ****                 rslt = set_nvm_addr(nvm_addr, prog_en, dev);
 3291              		.loc 1 2021 24 view .LVU1012
 3292 003a F3E7     		b	.L200
 3293              	.LVL333:
 3294              	.L202:
2027:Core/Src/bmp5/bmp5.c ****         rslt = BMP5_E_NVM_INVALID_ADDR;
 3295              		.loc 1 2027 14 view .LVU1013
 3296 003c 6FF00900 		mvn	r0, #9
 3297              	.LVL334:
2027:Core/Src/bmp5/bmp5.c ****         rslt = BMP5_E_NVM_INVALID_ADDR;
 3298              		.loc 1 2027 14 view .LVU1014
 3299 0040 F0E7     		b	.L200
 3300              		.cfi_endproc
 3301              	.LFE180:
 3303              		.section	.text.bmp5_set_iir_config,"ax",%progbits
 3304              		.align	1
 3305              		.global	bmp5_set_iir_config
 3306              		.syntax unified
 3307              		.thumb
 3308              		.thumb_func
 3310              	bmp5_set_iir_config:
 3311              	.LVL335:
 3312              	.LFB157:
 876:Core/Src/bmp5/bmp5.c **** {
 3313              		.loc 1 876 1 is_stmt 1 view -0
 3314              		.cfi_startproc
 3315              		@ args = 0, pretend = 0, frame = 8
 3316              		@ frame_needed = 0, uses_anonymous_args = 0
 878:Core/Src/bmp5/bmp5.c ****     int8_t rslt = 0;
 3317              		.loc 1 878 5 view .LVU1016
 881:Core/Src/bmp5/bmp5.c ****     enum bmp5_powermode curr_pwrmode;
 3318              		.loc 1 881 5 view .LVU1017
 883:Core/Src/bmp5/bmp5.c ****     if (iir_cfg != NULL)
 3319              		.loc 1 883 5 view .LVU1018
 883:Core/Src/bmp5/bmp5.c ****     if (iir_cfg != NULL)
 3320              		.loc 1 883 8 is_stmt 0 view .LVU1019
 3321 0000 88B3     		cbz	r0, .L211
 876:Core/Src/bmp5/bmp5.c **** {
 3322              		.loc 1 876 1 view .LVU1020
 3323 0002 30B5     		push	{r4, r5, lr}
 3324              		.cfi_def_cfa_offset 12
 3325              		.cfi_offset 4, -12
 3326              		.cfi_offset 5, -8
 3327              		.cfi_offset 14, -4
 3328 0004 83B0     		sub	sp, sp, #12
 3329              		.cfi_def_cfa_offset 24
 3330 0006 0C46     		mov	r4, r1
 3331 0008 0546     		mov	r5, r0
 889:Core/Src/bmp5/bmp5.c ****         if ((iir_cfg->set_iir_t != BMP5_IIR_FILTER_BYPASS) || (iir_cfg->set_iir_p != BMP5_IIR_FILTE
 3332              		.loc 1 889 9 is_stmt 1 view .LVU1021
 889:Core/Src/bmp5/bmp5.c ****         if ((iir_cfg->set_iir_t != BMP5_IIR_FILTER_BYPASS) || (iir_cfg->set_iir_p != BMP5_IIR_FILTE
 3333              		.loc 1 889 21 is_stmt 0 view .LVU1022
 3334 000a 0378     		ldrb	r3, [r0]	@ zero_extendqisi2
ARM GAS  C:\Users\jason\AppData\Local\Temp\ccKYcdsQ.s 			page 111


 889:Core/Src/bmp5/bmp5.c ****         if ((iir_cfg->set_iir_t != BMP5_IIR_FILTER_BYPASS) || (iir_cfg->set_iir_p != BMP5_IIR_FILTE
 3335              		.loc 1 889 12 view .LVU1023
 3336 000c 0BB9     		cbnz	r3, .L208
 889:Core/Src/bmp5/bmp5.c ****         if ((iir_cfg->set_iir_t != BMP5_IIR_FILTER_BYPASS) || (iir_cfg->set_iir_p != BMP5_IIR_FILTE
 3337              		.loc 1 889 71 discriminator 1 view .LVU1024
 3338 000e 4378     		ldrb	r3, [r0, #1]	@ zero_extendqisi2
 889:Core/Src/bmp5/bmp5.c ****         if ((iir_cfg->set_iir_t != BMP5_IIR_FILTER_BYPASS) || (iir_cfg->set_iir_p != BMP5_IIR_FILTE
 3339              		.loc 1 889 60 discriminator 1 view .LVU1025
 3340 0010 23B1     		cbz	r3, .L209
 3341              	.L208:
 891:Core/Src/bmp5/bmp5.c ****             rslt = set_standby_mode(dev);
 3342              		.loc 1 891 13 is_stmt 1 view .LVU1026
 891:Core/Src/bmp5/bmp5.c ****             rslt = set_standby_mode(dev);
 3343              		.loc 1 891 20 is_stmt 0 view .LVU1027
 3344 0012 2046     		mov	r0, r4
 3345              	.LVL336:
 891:Core/Src/bmp5/bmp5.c ****             rslt = set_standby_mode(dev);
 3346              		.loc 1 891 20 view .LVU1028
 3347 0014 FFF7FEFF 		bl	set_standby_mode
 3348              	.LVL337:
 894:Core/Src/bmp5/bmp5.c ****         if (rslt == BMP5_OK)
 3349              		.loc 1 894 9 is_stmt 1 view .LVU1029
 894:Core/Src/bmp5/bmp5.c ****         if (rslt == BMP5_OK)
 3350              		.loc 1 894 12 is_stmt 0 view .LVU1030
 3351 0018 0346     		mov	r3, r0
 3352 001a 50B9     		cbnz	r0, .L207
 3353              	.LVL338:
 3354              	.L209:
 896:Core/Src/bmp5/bmp5.c ****             rslt = bmp5_get_power_mode(&curr_pwrmode, dev);
 3355              		.loc 1 896 13 is_stmt 1 view .LVU1031
 896:Core/Src/bmp5/bmp5.c ****             rslt = bmp5_get_power_mode(&curr_pwrmode, dev);
 3356              		.loc 1 896 20 is_stmt 0 view .LVU1032
 3357 001c 2146     		mov	r1, r4
 3358 001e 0DF10700 		add	r0, sp, #7
 3359 0022 FFF7FEFF 		bl	bmp5_get_power_mode
 3360              	.LVL339:
 898:Core/Src/bmp5/bmp5.c ****             if (rslt == BMP5_OK)
 3361              		.loc 1 898 13 is_stmt 1 view .LVU1033
 898:Core/Src/bmp5/bmp5.c ****             if (rslt == BMP5_OK)
 3362              		.loc 1 898 16 is_stmt 0 view .LVU1034
 3363 0026 0346     		mov	r3, r0
 3364 0028 18B9     		cbnz	r0, .L207
 901:Core/Src/bmp5/bmp5.c ****                 if (curr_pwrmode != BMP5_POWERMODE_STANDBY)
 3365              		.loc 1 901 17 is_stmt 1 view .LVU1035
 901:Core/Src/bmp5/bmp5.c ****                 if (curr_pwrmode != BMP5_POWERMODE_STANDBY)
 3366              		.loc 1 901 34 is_stmt 0 view .LVU1036
 3367 002a 9DF80720 		ldrb	r2, [sp, #7]	@ zero_extendqisi2
 901:Core/Src/bmp5/bmp5.c ****                 if (curr_pwrmode != BMP5_POWERMODE_STANDBY)
 3368              		.loc 1 901 20 view .LVU1037
 3369 002e 1AB9     		cbnz	r2, .L216
 3370              	.LVL340:
 3371              	.L210:
 907:Core/Src/bmp5/bmp5.c ****                 if (rslt == BMP5_OK)
 3372              		.loc 1 907 17 is_stmt 1 view .LVU1038
 907:Core/Src/bmp5/bmp5.c ****                 if (rslt == BMP5_OK)
 3373              		.loc 1 907 20 is_stmt 0 view .LVU1039
 3374 0030 3BB1     		cbz	r3, .L217
ARM GAS  C:\Users\jason\AppData\Local\Temp\ccKYcdsQ.s 			page 112


 3375              	.LVL341:
 3376              	.L207:
 933:Core/Src/bmp5/bmp5.c ****     return rslt;
 3377              		.loc 1 933 5 is_stmt 1 view .LVU1040
 934:Core/Src/bmp5/bmp5.c **** }
 3378              		.loc 1 934 1 is_stmt 0 view .LVU1041
 3379 0032 1846     		mov	r0, r3
 3380 0034 03B0     		add	sp, sp, #12
 3381              		.cfi_remember_state
 3382              		.cfi_def_cfa_offset 12
 3383              		@ sp needed
 3384 0036 30BD     		pop	{r4, r5, pc}
 3385              	.LVL342:
 3386              	.L216:
 3387              		.cfi_restore_state
 904:Core/Src/bmp5/bmp5.c ****                     rslt = bmp5_set_power_mode(BMP5_POWERMODE_STANDBY, dev);
 3388              		.loc 1 904 21 is_stmt 1 view .LVU1042
 904:Core/Src/bmp5/bmp5.c ****                     rslt = bmp5_set_power_mode(BMP5_POWERMODE_STANDBY, dev);
 3389              		.loc 1 904 28 is_stmt 0 view .LVU1043
 3390 0038 2146     		mov	r1, r4
 3391 003a FFF7FEFF 		bl	bmp5_set_power_mode
 3392              	.LVL343:
 904:Core/Src/bmp5/bmp5.c ****                     rslt = bmp5_set_power_mode(BMP5_POWERMODE_STANDBY, dev);
 3393              		.loc 1 904 28 view .LVU1044
 3394 003e 0346     		mov	r3, r0
 3395 0040 F6E7     		b	.L210
 3396              	.LVL344:
 3397              	.L217:
 909:Core/Src/bmp5/bmp5.c ****                     rslt = set_iir_config(iir_cfg, dev);
 3398              		.loc 1 909 21 is_stmt 1 view .LVU1045
 909:Core/Src/bmp5/bmp5.c ****                     rslt = set_iir_config(iir_cfg, dev);
 3399              		.loc 1 909 28 is_stmt 0 view .LVU1046
 3400 0042 2146     		mov	r1, r4
 3401 0044 2846     		mov	r0, r5
 3402 0046 FFF7FEFF 		bl	set_iir_config
 3403              	.LVL345:
 915:Core/Src/bmp5/bmp5.c ****                 if (rslt == BMP5_OK)
 3404              		.loc 1 915 17 is_stmt 1 view .LVU1047
 915:Core/Src/bmp5/bmp5.c ****                 if (rslt == BMP5_OK)
 3405              		.loc 1 915 20 is_stmt 0 view .LVU1048
 3406 004a 0346     		mov	r3, r0
 3407 004c 0028     		cmp	r0, #0
 3408 004e F0D1     		bne	.L207
 920:Core/Src/bmp5/bmp5.c ****                     if ((curr_pwrmode != BMP5_POWERMODE_STANDBY) && (curr_pwrmode != BMP5_POWERMODE
 3409              		.loc 1 920 21 is_stmt 1 view .LVU1049
 920:Core/Src/bmp5/bmp5.c ****                     if ((curr_pwrmode != BMP5_POWERMODE_STANDBY) && (curr_pwrmode != BMP5_POWERMODE
 3410              		.loc 1 920 66 is_stmt 0 view .LVU1050
 3411 0050 9DF80700 		ldrb	r0, [sp, #7]	@ zero_extendqisi2
 3412              	.LVL346:
 920:Core/Src/bmp5/bmp5.c ****                     if ((curr_pwrmode != BMP5_POWERMODE_STANDBY) && (curr_pwrmode != BMP5_POWERMODE
 3413              		.loc 1 920 24 view .LVU1051
 3414 0054 0028     		cmp	r0, #0
 3415 0056 18BF     		it	ne
 3416 0058 0428     		cmpne	r0, #4
 3417 005a EAD0     		beq	.L207
 922:Core/Src/bmp5/bmp5.c ****                         rslt = bmp5_set_power_mode(curr_pwrmode, dev);
 3418              		.loc 1 922 25 is_stmt 1 view .LVU1052
ARM GAS  C:\Users\jason\AppData\Local\Temp\ccKYcdsQ.s 			page 113


 922:Core/Src/bmp5/bmp5.c ****                         rslt = bmp5_set_power_mode(curr_pwrmode, dev);
 3419              		.loc 1 922 32 is_stmt 0 view .LVU1053
 3420 005c 2146     		mov	r1, r4
 3421 005e FFF7FEFF 		bl	bmp5_set_power_mode
 3422              	.LVL347:
 922:Core/Src/bmp5/bmp5.c ****                         rslt = bmp5_set_power_mode(curr_pwrmode, dev);
 3423              		.loc 1 922 32 view .LVU1054
 3424 0062 0346     		mov	r3, r0
 3425              	.LVL348:
 922:Core/Src/bmp5/bmp5.c ****                         rslt = bmp5_set_power_mode(curr_pwrmode, dev);
 3426              		.loc 1 922 32 view .LVU1055
 3427 0064 E5E7     		b	.L207
 3428              	.LVL349:
 3429              	.L211:
 3430              		.cfi_def_cfa_offset 0
 3431              		.cfi_restore 4
 3432              		.cfi_restore 5
 3433              		.cfi_restore 14
 930:Core/Src/bmp5/bmp5.c ****         rslt = BMP5_E_NULL_PTR;
 3434              		.loc 1 930 14 view .LVU1056
 3435 0066 4FF0FF33 		mov	r3, #-1
 3436              	.LVL350:
 933:Core/Src/bmp5/bmp5.c ****     return rslt;
 3437              		.loc 1 933 5 is_stmt 1 view .LVU1057
 934:Core/Src/bmp5/bmp5.c **** }
 3438              		.loc 1 934 1 is_stmt 0 view .LVU1058
 3439 006a 1846     		mov	r0, r3
 3440              	.LVL351:
 934:Core/Src/bmp5/bmp5.c **** }
 3441              		.loc 1 934 1 view .LVU1059
 3442 006c 7047     		bx	lr
 3443              		.cfi_endproc
 3444              	.LFE157:
 3446              		.section	.text.bmp5_get_osr_odr_eff,"ax",%progbits
 3447              		.align	1
 3448              		.global	bmp5_get_osr_odr_eff
 3449              		.syntax unified
 3450              		.thumb
 3451              		.thumb_func
 3453              	bmp5_get_osr_odr_eff:
 3454              	.LVL352:
 3455              	.LFB158:
 941:Core/Src/bmp5/bmp5.c **** {
 3456              		.loc 1 941 1 is_stmt 1 view -0
 3457              		.cfi_startproc
 3458              		@ args = 0, pretend = 0, frame = 8
 3459              		@ frame_needed = 0, uses_anonymous_args = 0
 943:Core/Src/bmp5/bmp5.c ****     int8_t rslt;
 3460              		.loc 1 943 5 view .LVU1061
 946:Core/Src/bmp5/bmp5.c ****     uint8_t reg_data;
 3461              		.loc 1 946 5 view .LVU1062
 948:Core/Src/bmp5/bmp5.c ****     if (osr_odr_eff != NULL)
 3462              		.loc 1 948 5 view .LVU1063
 948:Core/Src/bmp5/bmp5.c ****     if (osr_odr_eff != NULL)
 3463              		.loc 1 948 8 is_stmt 0 view .LVU1064
 3464 0000 B0B1     		cbz	r0, .L220
 941:Core/Src/bmp5/bmp5.c **** {
ARM GAS  C:\Users\jason\AppData\Local\Temp\ccKYcdsQ.s 			page 114


 3465              		.loc 1 941 1 view .LVU1065
 3466 0002 10B5     		push	{r4, lr}
 3467              		.cfi_def_cfa_offset 8
 3468              		.cfi_offset 4, -8
 3469              		.cfi_offset 14, -4
 3470 0004 82B0     		sub	sp, sp, #8
 3471              		.cfi_def_cfa_offset 16
 3472 0006 0B46     		mov	r3, r1
 3473 0008 0446     		mov	r4, r0
 951:Core/Src/bmp5/bmp5.c ****         rslt = bmp5_get_regs(BMP5_REG_OSR_EFF, &reg_data, 1, dev);
 3474              		.loc 1 951 9 is_stmt 1 view .LVU1066
 951:Core/Src/bmp5/bmp5.c ****         rslt = bmp5_get_regs(BMP5_REG_OSR_EFF, &reg_data, 1, dev);
 3475              		.loc 1 951 16 is_stmt 0 view .LVU1067
 3476 000a 0122     		movs	r2, #1
 3477 000c 0DF10701 		add	r1, sp, #7
 3478              	.LVL353:
 951:Core/Src/bmp5/bmp5.c ****         rslt = bmp5_get_regs(BMP5_REG_OSR_EFF, &reg_data, 1, dev);
 3479              		.loc 1 951 16 view .LVU1068
 3480 0010 3820     		movs	r0, #56
 3481              	.LVL354:
 951:Core/Src/bmp5/bmp5.c ****         rslt = bmp5_get_regs(BMP5_REG_OSR_EFF, &reg_data, 1, dev);
 3482              		.loc 1 951 16 view .LVU1069
 3483 0012 FFF7FEFF 		bl	bmp5_get_regs
 3484              	.LVL355:
 953:Core/Src/bmp5/bmp5.c ****         if (rslt == BMP5_OK)
 3485              		.loc 1 953 9 is_stmt 1 view .LVU1070
 953:Core/Src/bmp5/bmp5.c ****         if (rslt == BMP5_OK)
 3486              		.loc 1 953 12 is_stmt 0 view .LVU1071
 3487 0016 48B9     		cbnz	r0, .L219
 955:Core/Src/bmp5/bmp5.c ****             osr_odr_eff->osr_t_eff = BMP5_GET_BITS_POS_0(reg_data, BMP5_OSR_TEMP_EFF);
 3488              		.loc 1 955 13 is_stmt 1 view .LVU1072
 955:Core/Src/bmp5/bmp5.c ****             osr_odr_eff->osr_t_eff = BMP5_GET_BITS_POS_0(reg_data, BMP5_OSR_TEMP_EFF);
 3489              		.loc 1 955 38 is_stmt 0 view .LVU1073
 3490 0018 9DF80730 		ldrb	r3, [sp, #7]	@ zero_extendqisi2
 3491 001c 03F00702 		and	r2, r3, #7
 955:Core/Src/bmp5/bmp5.c ****             osr_odr_eff->osr_t_eff = BMP5_GET_BITS_POS_0(reg_data, BMP5_OSR_TEMP_EFF);
 3492              		.loc 1 955 36 view .LVU1074
 3493 0020 2270     		strb	r2, [r4]
 956:Core/Src/bmp5/bmp5.c ****             osr_odr_eff->osr_p_eff = BMP5_GET_BITSLICE(reg_data, BMP5_OSR_PRESS_EFF);
 3494              		.loc 1 956 13 is_stmt 1 view .LVU1075
 956:Core/Src/bmp5/bmp5.c ****             osr_odr_eff->osr_p_eff = BMP5_GET_BITSLICE(reg_data, BMP5_OSR_PRESS_EFF);
 3495              		.loc 1 956 38 is_stmt 0 view .LVU1076
 3496 0022 C3F3C202 		ubfx	r2, r3, #3, #3
 956:Core/Src/bmp5/bmp5.c ****             osr_odr_eff->osr_p_eff = BMP5_GET_BITSLICE(reg_data, BMP5_OSR_PRESS_EFF);
 3497              		.loc 1 956 36 view .LVU1077
 3498 0026 6270     		strb	r2, [r4, #1]
 957:Core/Src/bmp5/bmp5.c ****             osr_odr_eff->odr_is_valid = BMP5_GET_BITSLICE(reg_data, BMP5_ODR_IS_VALID);
 3499              		.loc 1 957 13 is_stmt 1 view .LVU1078
 957:Core/Src/bmp5/bmp5.c ****             osr_odr_eff->odr_is_valid = BMP5_GET_BITSLICE(reg_data, BMP5_ODR_IS_VALID);
 3500              		.loc 1 957 41 is_stmt 0 view .LVU1079
 3501 0028 DB09     		lsrs	r3, r3, #7
 957:Core/Src/bmp5/bmp5.c ****             osr_odr_eff->odr_is_valid = BMP5_GET_BITSLICE(reg_data, BMP5_ODR_IS_VALID);
 3502              		.loc 1 957 39 view .LVU1080
 3503 002a A370     		strb	r3, [r4, #2]
 3504              	.L219:
 965:Core/Src/bmp5/bmp5.c ****     return rslt;
 3505              		.loc 1 965 5 is_stmt 1 view .LVU1081
ARM GAS  C:\Users\jason\AppData\Local\Temp\ccKYcdsQ.s 			page 115


 966:Core/Src/bmp5/bmp5.c **** }
 3506              		.loc 1 966 1 is_stmt 0 view .LVU1082
 3507 002c 02B0     		add	sp, sp, #8
 3508              		.cfi_def_cfa_offset 8
 3509              		@ sp needed
 3510 002e 10BD     		pop	{r4, pc}
 3511              	.LVL356:
 3512              	.L220:
 3513              		.cfi_def_cfa_offset 0
 3514              		.cfi_restore 4
 3515              		.cfi_restore 14
 962:Core/Src/bmp5/bmp5.c ****         rslt = BMP5_E_NULL_PTR;
 3516              		.loc 1 962 14 view .LVU1083
 3517 0030 4FF0FF30 		mov	r0, #-1
 3518              	.LVL357:
 965:Core/Src/bmp5/bmp5.c ****     return rslt;
 3519              		.loc 1 965 5 is_stmt 1 view .LVU1084
 966:Core/Src/bmp5/bmp5.c **** }
 3520              		.loc 1 966 1 is_stmt 0 view .LVU1085
 3521 0034 7047     		bx	lr
 3522              		.cfi_endproc
 3523              	.LFE158:
 3525              		.section	.text.bmp5_get_fifo_configuration,"ax",%progbits
 3526              		.align	1
 3527              		.global	bmp5_get_fifo_configuration
 3528              		.syntax unified
 3529              		.thumb
 3530              		.thumb_func
 3532              	bmp5_get_fifo_configuration:
 3533              	.LVL358:
 3534              	.LFB159:
 972:Core/Src/bmp5/bmp5.c **** {
 3535              		.loc 1 972 1 is_stmt 1 view -0
 3536              		.cfi_startproc
 3537              		@ args = 0, pretend = 0, frame = 8
 3538              		@ frame_needed = 0, uses_anonymous_args = 0
 973:Core/Src/bmp5/bmp5.c ****     int8_t rslt = 0;
 3539              		.loc 1 973 5 view .LVU1087
 974:Core/Src/bmp5/bmp5.c ****     uint8_t reg_data;
 3540              		.loc 1 974 5 view .LVU1088
 976:Core/Src/bmp5/bmp5.c ****     if (fifo != NULL)
 3541              		.loc 1 976 5 view .LVU1089
 976:Core/Src/bmp5/bmp5.c ****     if (fifo != NULL)
 3542              		.loc 1 976 8 is_stmt 0 view .LVU1090
 3543 0000 0028     		cmp	r0, #0
 3544 0002 38D0     		beq	.L227
 972:Core/Src/bmp5/bmp5.c **** {
 3545              		.loc 1 972 1 view .LVU1091
 3546 0004 30B5     		push	{r4, r5, lr}
 3547              		.cfi_def_cfa_offset 12
 3548              		.cfi_offset 4, -12
 3549              		.cfi_offset 5, -8
 3550              		.cfi_offset 14, -4
 3551 0006 83B0     		sub	sp, sp, #12
 3552              		.cfi_def_cfa_offset 24
 3553 0008 0D46     		mov	r5, r1
 3554 000a 0446     		mov	r4, r0
ARM GAS  C:\Users\jason\AppData\Local\Temp\ccKYcdsQ.s 			page 116


 979:Core/Src/bmp5/bmp5.c ****         rslt = bmp5_get_regs(BMP5_REG_FIFO_CONFIG, &reg_data, 1, dev);
 3555              		.loc 1 979 9 is_stmt 1 view .LVU1092
 979:Core/Src/bmp5/bmp5.c ****         rslt = bmp5_get_regs(BMP5_REG_FIFO_CONFIG, &reg_data, 1, dev);
 3556              		.loc 1 979 16 is_stmt 0 view .LVU1093
 3557 000c 0B46     		mov	r3, r1
 3558 000e 0122     		movs	r2, #1
 3559 0010 0DF10701 		add	r1, sp, #7
 3560              	.LVL359:
 979:Core/Src/bmp5/bmp5.c ****         rslt = bmp5_get_regs(BMP5_REG_FIFO_CONFIG, &reg_data, 1, dev);
 3561              		.loc 1 979 16 view .LVU1094
 3562 0014 1620     		movs	r0, #22
 3563              	.LVL360:
 979:Core/Src/bmp5/bmp5.c ****         rslt = bmp5_get_regs(BMP5_REG_FIFO_CONFIG, &reg_data, 1, dev);
 3564              		.loc 1 979 16 view .LVU1095
 3565 0016 FFF7FEFF 		bl	bmp5_get_regs
 3566              	.LVL361:
 981:Core/Src/bmp5/bmp5.c ****         if (rslt == BMP5_OK)
 3567              		.loc 1 981 9 is_stmt 1 view .LVU1096
 981:Core/Src/bmp5/bmp5.c ****         if (rslt == BMP5_OK)
 3568              		.loc 1 981 12 is_stmt 0 view .LVU1097
 3569 001a 08B1     		cbz	r0, .L232
 3570              	.LVL362:
 3571              	.L226:
1011:Core/Src/bmp5/bmp5.c ****     return rslt;
 3572              		.loc 1 1011 5 is_stmt 1 view .LVU1098
1012:Core/Src/bmp5/bmp5.c **** }
 3573              		.loc 1 1012 1 is_stmt 0 view .LVU1099
 3574 001c 03B0     		add	sp, sp, #12
 3575              		.cfi_remember_state
 3576              		.cfi_def_cfa_offset 12
 3577              		@ sp needed
 3578 001e 30BD     		pop	{r4, r5, pc}
 3579              	.LVL363:
 3580              	.L232:
 3581              		.cfi_restore_state
 983:Core/Src/bmp5/bmp5.c ****             fifo->threshold = BMP5_GET_BITS_POS_0(reg_data, BMP5_FIFO_THRESHOLD);
 3582              		.loc 1 983 13 is_stmt 1 view .LVU1100
 983:Core/Src/bmp5/bmp5.c ****             fifo->threshold = BMP5_GET_BITS_POS_0(reg_data, BMP5_FIFO_THRESHOLD);
 3583              		.loc 1 983 31 is_stmt 0 view .LVU1101
 3584 0020 9DF80730 		ldrb	r3, [sp, #7]	@ zero_extendqisi2
 3585 0024 03F01F02 		and	r2, r3, #31
 983:Core/Src/bmp5/bmp5.c ****             fifo->threshold = BMP5_GET_BITS_POS_0(reg_data, BMP5_FIFO_THRESHOLD);
 3586              		.loc 1 983 29 view .LVU1102
 3587 0028 A272     		strb	r2, [r4, #10]
 984:Core/Src/bmp5/bmp5.c ****             fifo->mode = BMP5_GET_BITSLICE(reg_data, BMP5_FIFO_MODE);
 3588              		.loc 1 984 13 is_stmt 1 view .LVU1103
 984:Core/Src/bmp5/bmp5.c ****             fifo->mode = BMP5_GET_BITSLICE(reg_data, BMP5_FIFO_MODE);
 3589              		.loc 1 984 26 is_stmt 0 view .LVU1104
 3590 002a C3F34013 		ubfx	r3, r3, #5, #1
 984:Core/Src/bmp5/bmp5.c ****             fifo->mode = BMP5_GET_BITSLICE(reg_data, BMP5_FIFO_MODE);
 3591              		.loc 1 984 24 view .LVU1105
 3592 002e 6372     		strb	r3, [r4, #9]
 986:Core/Src/bmp5/bmp5.c ****             rslt = bmp5_get_regs(BMP5_REG_FIFO_SEL, &reg_data, 1, dev);
 3593              		.loc 1 986 13 is_stmt 1 view .LVU1106
 986:Core/Src/bmp5/bmp5.c ****             rslt = bmp5_get_regs(BMP5_REG_FIFO_SEL, &reg_data, 1, dev);
 3594              		.loc 1 986 20 is_stmt 0 view .LVU1107
 3595 0030 2B46     		mov	r3, r5
ARM GAS  C:\Users\jason\AppData\Local\Temp\ccKYcdsQ.s 			page 117


 3596 0032 0122     		movs	r2, #1
 3597 0034 0DF10701 		add	r1, sp, #7
 3598 0038 1820     		movs	r0, #24
 3599              	.LVL364:
 986:Core/Src/bmp5/bmp5.c ****             rslt = bmp5_get_regs(BMP5_REG_FIFO_SEL, &reg_data, 1, dev);
 3600              		.loc 1 986 20 view .LVU1108
 3601 003a FFF7FEFF 		bl	bmp5_get_regs
 3602              	.LVL365:
 988:Core/Src/bmp5/bmp5.c ****             if (rslt == BMP5_OK)
 3603              		.loc 1 988 13 is_stmt 1 view .LVU1109
 988:Core/Src/bmp5/bmp5.c ****             if (rslt == BMP5_OK)
 3604              		.loc 1 988 16 is_stmt 0 view .LVU1110
 3605 003e 0028     		cmp	r0, #0
 3606 0040 ECD1     		bne	.L226
 990:Core/Src/bmp5/bmp5.c ****                 fifo->frame_sel = BMP5_GET_BITS_POS_0(reg_data, BMP5_FIFO_FRAME_SEL);
 3607              		.loc 1 990 17 is_stmt 1 view .LVU1111
 990:Core/Src/bmp5/bmp5.c ****                 fifo->frame_sel = BMP5_GET_BITS_POS_0(reg_data, BMP5_FIFO_FRAME_SEL);
 3608              		.loc 1 990 35 is_stmt 0 view .LVU1112
 3609 0042 9DF80730 		ldrb	r3, [sp, #7]	@ zero_extendqisi2
 3610 0046 03F00302 		and	r2, r3, #3
 990:Core/Src/bmp5/bmp5.c ****                 fifo->frame_sel = BMP5_GET_BITS_POS_0(reg_data, BMP5_FIFO_FRAME_SEL);
 3611              		.loc 1 990 33 view .LVU1113
 3612 004a A271     		strb	r2, [r4, #6]
 991:Core/Src/bmp5/bmp5.c ****                 fifo->dec_sel = BMP5_GET_BITSLICE(reg_data, BMP5_FIFO_DEC_SEL);
 3613              		.loc 1 991 17 is_stmt 1 view .LVU1114
 991:Core/Src/bmp5/bmp5.c ****                 fifo->dec_sel = BMP5_GET_BITSLICE(reg_data, BMP5_FIFO_DEC_SEL);
 3614              		.loc 1 991 33 is_stmt 0 view .LVU1115
 3615 004c C3F38203 		ubfx	r3, r3, #2, #3
 991:Core/Src/bmp5/bmp5.c ****                 fifo->dec_sel = BMP5_GET_BITSLICE(reg_data, BMP5_FIFO_DEC_SEL);
 3616              		.loc 1 991 31 view .LVU1116
 3617 0050 E371     		strb	r3, [r4, #7]
 995:Core/Src/bmp5/bmp5.c ****         if (rslt == BMP5_OK)
 3618              		.loc 1 995 9 is_stmt 1 view .LVU1117
 997:Core/Src/bmp5/bmp5.c ****             rslt = bmp5_get_regs(BMP5_REG_DSP_CONFIG, &reg_data, 1, dev);
 3619              		.loc 1 997 13 view .LVU1118
 997:Core/Src/bmp5/bmp5.c ****             rslt = bmp5_get_regs(BMP5_REG_DSP_CONFIG, &reg_data, 1, dev);
 3620              		.loc 1 997 20 is_stmt 0 view .LVU1119
 3621 0052 2B46     		mov	r3, r5
 3622 0054 0122     		movs	r2, #1
 3623 0056 0DF10701 		add	r1, sp, #7
 3624 005a 3020     		movs	r0, #48
 3625              	.LVL366:
 997:Core/Src/bmp5/bmp5.c ****             rslt = bmp5_get_regs(BMP5_REG_DSP_CONFIG, &reg_data, 1, dev);
 3626              		.loc 1 997 20 view .LVU1120
 3627 005c FFF7FEFF 		bl	bmp5_get_regs
 3628              	.LVL367:
 999:Core/Src/bmp5/bmp5.c ****             if (rslt == BMP5_OK)
 3629              		.loc 1 999 13 is_stmt 1 view .LVU1121
 999:Core/Src/bmp5/bmp5.c ****             if (rslt == BMP5_OK)
 3630              		.loc 1 999 16 is_stmt 0 view .LVU1122
 3631 0060 0028     		cmp	r0, #0
 3632 0062 DBD1     		bne	.L226
1001:Core/Src/bmp5/bmp5.c ****                 fifo->set_fifo_iir_t = BMP5_GET_BITSLICE(reg_data, BMP5_SET_FIFO_IIR_TEMP);
 3633              		.loc 1 1001 17 is_stmt 1 view .LVU1123
1001:Core/Src/bmp5/bmp5.c ****                 fifo->set_fifo_iir_t = BMP5_GET_BITSLICE(reg_data, BMP5_SET_FIFO_IIR_TEMP);
 3634              		.loc 1 1001 40 is_stmt 0 view .LVU1124
 3635 0064 9DF80730 		ldrb	r3, [sp, #7]	@ zero_extendqisi2
ARM GAS  C:\Users\jason\AppData\Local\Temp\ccKYcdsQ.s 			page 118


 3636 0068 C3F30012 		ubfx	r2, r3, #4, #1
1001:Core/Src/bmp5/bmp5.c ****                 fifo->set_fifo_iir_t = BMP5_GET_BITSLICE(reg_data, BMP5_SET_FIFO_IIR_TEMP);
 3637              		.loc 1 1001 38 view .LVU1125
 3638 006c E272     		strb	r2, [r4, #11]
1002:Core/Src/bmp5/bmp5.c ****                 fifo->set_fifo_iir_p = BMP5_GET_BITSLICE(reg_data, BMP5_SET_FIFO_IIR_PRESS);
 3639              		.loc 1 1002 17 is_stmt 1 view .LVU1126
1002:Core/Src/bmp5/bmp5.c ****                 fifo->set_fifo_iir_p = BMP5_GET_BITSLICE(reg_data, BMP5_SET_FIFO_IIR_PRESS);
 3640              		.loc 1 1002 40 is_stmt 0 view .LVU1127
 3641 006e C3F38013 		ubfx	r3, r3, #6, #1
1002:Core/Src/bmp5/bmp5.c ****                 fifo->set_fifo_iir_p = BMP5_GET_BITSLICE(reg_data, BMP5_SET_FIFO_IIR_PRESS);
 3642              		.loc 1 1002 38 view .LVU1128
 3643 0072 2373     		strb	r3, [r4, #12]
 3644 0074 D2E7     		b	.L226
 3645              	.LVL368:
 3646              	.L227:
 3647              		.cfi_def_cfa_offset 0
 3648              		.cfi_restore 4
 3649              		.cfi_restore 5
 3650              		.cfi_restore 14
1008:Core/Src/bmp5/bmp5.c ****         rslt = BMP5_E_NULL_PTR;
 3651              		.loc 1 1008 14 view .LVU1129
 3652 0076 4FF0FF30 		mov	r0, #-1
 3653              	.LVL369:
1011:Core/Src/bmp5/bmp5.c ****     return rslt;
 3654              		.loc 1 1011 5 is_stmt 1 view .LVU1130
1012:Core/Src/bmp5/bmp5.c **** }
 3655              		.loc 1 1012 1 is_stmt 0 view .LVU1131
 3656 007a 7047     		bx	lr
 3657              		.cfi_endproc
 3658              	.LFE159:
 3660              		.section	.text.bmp5_set_fifo_configuration,"ax",%progbits
 3661              		.align	1
 3662              		.global	bmp5_set_fifo_configuration
 3663              		.syntax unified
 3664              		.thumb
 3665              		.thumb_func
 3667              	bmp5_set_fifo_configuration:
 3668              	.LVL370:
 3669              	.LFB160:
1021:Core/Src/bmp5/bmp5.c **** {
 3670              		.loc 1 1021 1 is_stmt 1 view -0
 3671              		.cfi_startproc
 3672              		@ args = 0, pretend = 0, frame = 8
 3673              		@ frame_needed = 0, uses_anonymous_args = 0
1022:Core/Src/bmp5/bmp5.c ****     int8_t rslt = 0;
 3674              		.loc 1 1022 5 view .LVU1133
1023:Core/Src/bmp5/bmp5.c ****     uint8_t reg_data;
 3675              		.loc 1 1023 5 view .LVU1134
1024:Core/Src/bmp5/bmp5.c ****     uint8_t set_fifo_iir_t, set_fifo_iit_p;
 3676              		.loc 1 1024 5 view .LVU1135
1026:Core/Src/bmp5/bmp5.c ****     if (fifo != NULL)
 3677              		.loc 1 1026 5 view .LVU1136
1026:Core/Src/bmp5/bmp5.c ****     if (fifo != NULL)
 3678              		.loc 1 1026 8 is_stmt 0 view .LVU1137
 3679 0000 0028     		cmp	r0, #0
 3680 0002 61D0     		beq	.L236
1021:Core/Src/bmp5/bmp5.c **** {
ARM GAS  C:\Users\jason\AppData\Local\Temp\ccKYcdsQ.s 			page 119


 3681              		.loc 1 1021 1 view .LVU1138
 3682 0004 30B5     		push	{r4, r5, lr}
 3683              		.cfi_def_cfa_offset 12
 3684              		.cfi_offset 4, -12
 3685              		.cfi_offset 5, -8
 3686              		.cfi_offset 14, -4
 3687 0006 83B0     		sub	sp, sp, #12
 3688              		.cfi_def_cfa_offset 24
 3689 0008 0D46     		mov	r5, r1
 3690 000a 0446     		mov	r4, r0
1031:Core/Src/bmp5/bmp5.c ****         if (fifo->frame_sel != BMP5_DISABLE)
 3691              		.loc 1 1031 9 is_stmt 1 view .LVU1139
1031:Core/Src/bmp5/bmp5.c ****         if (fifo->frame_sel != BMP5_DISABLE)
 3692              		.loc 1 1031 17 is_stmt 0 view .LVU1140
 3693 000c 8379     		ldrb	r3, [r0, #6]	@ zero_extendqisi2
1031:Core/Src/bmp5/bmp5.c ****         if (fifo->frame_sel != BMP5_DISABLE)
 3694              		.loc 1 1031 12 view .LVU1141
 3695 000e 23B1     		cbz	r3, .L235
1033:Core/Src/bmp5/bmp5.c ****             rslt = set_standby_mode(dev);
 3696              		.loc 1 1033 13 is_stmt 1 view .LVU1142
1033:Core/Src/bmp5/bmp5.c ****             rslt = set_standby_mode(dev);
 3697              		.loc 1 1033 20 is_stmt 0 view .LVU1143
 3698 0010 0846     		mov	r0, r1
 3699              	.LVL371:
1033:Core/Src/bmp5/bmp5.c ****             rslt = set_standby_mode(dev);
 3700              		.loc 1 1033 20 view .LVU1144
 3701 0012 FFF7FEFF 		bl	set_standby_mode
 3702              	.LVL372:
1036:Core/Src/bmp5/bmp5.c ****         if (rslt == BMP5_OK)
 3703              		.loc 1 1036 9 is_stmt 1 view .LVU1145
1036:Core/Src/bmp5/bmp5.c ****         if (rslt == BMP5_OK)
 3704              		.loc 1 1036 12 is_stmt 0 view .LVU1146
 3705 0016 0346     		mov	r3, r0
 3706 0018 30B9     		cbnz	r0, .L234
 3707              	.LVL373:
 3708              	.L235:
1038:Core/Src/bmp5/bmp5.c ****             set_fifo_iir_t = fifo->set_fifo_iir_t;
 3709              		.loc 1 1038 13 is_stmt 1 view .LVU1147
1039:Core/Src/bmp5/bmp5.c ****             set_fifo_iit_p = fifo->set_fifo_iir_p;
 3710              		.loc 1 1039 13 view .LVU1148
1041:Core/Src/bmp5/bmp5.c ****             rslt = set_fifo_iir_config(set_fifo_iir_t, set_fifo_iit_p, dev);
 3711              		.loc 1 1041 13 view .LVU1149
1041:Core/Src/bmp5/bmp5.c ****             rslt = set_fifo_iir_config(set_fifo_iir_t, set_fifo_iit_p, dev);
 3712              		.loc 1 1041 20 is_stmt 0 view .LVU1150
 3713 001a 2A46     		mov	r2, r5
 3714 001c 217B     		ldrb	r1, [r4, #12]	@ zero_extendqisi2
 3715 001e E07A     		ldrb	r0, [r4, #11]	@ zero_extendqisi2
 3716 0020 FFF7FEFF 		bl	set_fifo_iir_config
 3717              	.LVL374:
1043:Core/Src/bmp5/bmp5.c ****             if (rslt == BMP5_OK)
 3718              		.loc 1 1043 13 is_stmt 1 view .LVU1151
1043:Core/Src/bmp5/bmp5.c ****             if (rslt == BMP5_OK)
 3719              		.loc 1 1043 16 is_stmt 0 view .LVU1152
 3720 0024 0346     		mov	r3, r0
 3721 0026 10B1     		cbz	r0, .L241
 3722              	.LVL375:
 3723              	.L234:
ARM GAS  C:\Users\jason\AppData\Local\Temp\ccKYcdsQ.s 			page 120


1085:Core/Src/bmp5/bmp5.c ****     return rslt;
 3724              		.loc 1 1085 5 is_stmt 1 view .LVU1153
1086:Core/Src/bmp5/bmp5.c **** }
 3725              		.loc 1 1086 1 is_stmt 0 view .LVU1154
 3726 0028 1846     		mov	r0, r3
 3727 002a 03B0     		add	sp, sp, #12
 3728              		.cfi_remember_state
 3729              		.cfi_def_cfa_offset 12
 3730              		@ sp needed
 3731 002c 30BD     		pop	{r4, r5, pc}
 3732              	.LVL376:
 3733              	.L241:
 3734              		.cfi_restore_state
1046:Core/Src/bmp5/bmp5.c ****                 rslt = bmp5_get_regs(BMP5_REG_FIFO_CONFIG, &reg_data, 1, dev);
 3735              		.loc 1 1046 17 is_stmt 1 view .LVU1155
1046:Core/Src/bmp5/bmp5.c ****                 rslt = bmp5_get_regs(BMP5_REG_FIFO_CONFIG, &reg_data, 1, dev);
 3736              		.loc 1 1046 24 is_stmt 0 view .LVU1156
 3737 002e 2B46     		mov	r3, r5
 3738 0030 0122     		movs	r2, #1
 3739 0032 0DF10701 		add	r1, sp, #7
 3740 0036 1620     		movs	r0, #22
 3741              	.LVL377:
1046:Core/Src/bmp5/bmp5.c ****                 rslt = bmp5_get_regs(BMP5_REG_FIFO_CONFIG, &reg_data, 1, dev);
 3742              		.loc 1 1046 24 view .LVU1157
 3743 0038 FFF7FEFF 		bl	bmp5_get_regs
 3744              	.LVL378:
1048:Core/Src/bmp5/bmp5.c ****                 if (rslt == BMP5_OK)
 3745              		.loc 1 1048 17 is_stmt 1 view .LVU1158
1048:Core/Src/bmp5/bmp5.c ****                 if (rslt == BMP5_OK)
 3746              		.loc 1 1048 20 is_stmt 0 view .LVU1159
 3747 003c 0346     		mov	r3, r0
 3748 003e 0028     		cmp	r0, #0
 3749 0040 F2D1     		bne	.L234
1050:Core/Src/bmp5/bmp5.c ****                     reg_data = BMP5_SET_BITSLICE(reg_data, BMP5_FIFO_MODE, fifo->mode);
 3750              		.loc 1 1050 21 is_stmt 1 view .LVU1160
1050:Core/Src/bmp5/bmp5.c ****                     reg_data = BMP5_SET_BITSLICE(reg_data, BMP5_FIFO_MODE, fifo->mode);
 3751              		.loc 1 1050 32 is_stmt 0 view .LVU1161
 3752 0042 9DF80730 		ldrb	r3, [sp, #7]	@ zero_extendqisi2
 3753 0046 627A     		ldrb	r2, [r4, #9]	@ zero_extendqisi2
 3754 0048 5201     		lsls	r2, r2, #5
 3755 004a 02F02002 		and	r2, r2, #32
 3756 004e 23F02003 		bic	r3, r3, #32
 3757 0052 1343     		orrs	r3, r3, r2
1050:Core/Src/bmp5/bmp5.c ****                     reg_data = BMP5_SET_BITSLICE(reg_data, BMP5_FIFO_MODE, fifo->mode);
 3758              		.loc 1 1050 30 view .LVU1162
 3759 0054 8DF80730 		strb	r3, [sp, #7]
1052:Core/Src/bmp5/bmp5.c ****                     rslt = set_fifo_threshold(&reg_data, fifo);
 3760              		.loc 1 1052 21 is_stmt 1 view .LVU1163
1052:Core/Src/bmp5/bmp5.c ****                     rslt = set_fifo_threshold(&reg_data, fifo);
 3761              		.loc 1 1052 28 is_stmt 0 view .LVU1164
 3762 0058 2146     		mov	r1, r4
 3763 005a 0DF10700 		add	r0, sp, #7
 3764              	.LVL379:
1052:Core/Src/bmp5/bmp5.c ****                     rslt = set_fifo_threshold(&reg_data, fifo);
 3765              		.loc 1 1052 28 view .LVU1165
 3766 005e FFF7FEFF 		bl	set_fifo_threshold
 3767              	.LVL380:
ARM GAS  C:\Users\jason\AppData\Local\Temp\ccKYcdsQ.s 			page 121


1055:Core/Src/bmp5/bmp5.c ****                 if (rslt == BMP5_OK)
 3768              		.loc 1 1055 17 is_stmt 1 view .LVU1166
1055:Core/Src/bmp5/bmp5.c ****                 if (rslt == BMP5_OK)
 3769              		.loc 1 1055 20 is_stmt 0 view .LVU1167
 3770 0062 0346     		mov	r3, r0
 3771 0064 0028     		cmp	r0, #0
 3772 0066 DFD1     		bne	.L234
1058:Core/Src/bmp5/bmp5.c ****                     rslt = bmp5_set_regs(BMP5_REG_FIFO_CONFIG, &reg_data, 1, dev);
 3773              		.loc 1 1058 21 is_stmt 1 view .LVU1168
1058:Core/Src/bmp5/bmp5.c ****                     rslt = bmp5_set_regs(BMP5_REG_FIFO_CONFIG, &reg_data, 1, dev);
 3774              		.loc 1 1058 28 is_stmt 0 view .LVU1169
 3775 0068 2B46     		mov	r3, r5
 3776 006a 0122     		movs	r2, #1
 3777 006c 0DF10701 		add	r1, sp, #7
 3778 0070 1620     		movs	r0, #22
 3779              	.LVL381:
1058:Core/Src/bmp5/bmp5.c ****                     rslt = bmp5_set_regs(BMP5_REG_FIFO_CONFIG, &reg_data, 1, dev);
 3780              		.loc 1 1058 28 view .LVU1170
 3781 0072 FFF7FEFF 		bl	bmp5_set_regs
 3782              	.LVL382:
1061:Core/Src/bmp5/bmp5.c ****                 if (rslt == BMP5_OK)
 3783              		.loc 1 1061 17 is_stmt 1 view .LVU1171
1061:Core/Src/bmp5/bmp5.c ****                 if (rslt == BMP5_OK)
 3784              		.loc 1 1061 20 is_stmt 0 view .LVU1172
 3785 0076 0346     		mov	r3, r0
 3786 0078 0028     		cmp	r0, #0
 3787 007a D5D1     		bne	.L234
1063:Core/Src/bmp5/bmp5.c ****                     rslt = bmp5_get_regs(BMP5_REG_FIFO_SEL, &reg_data, 1, dev);
 3788              		.loc 1 1063 21 is_stmt 1 view .LVU1173
1063:Core/Src/bmp5/bmp5.c ****                     rslt = bmp5_get_regs(BMP5_REG_FIFO_SEL, &reg_data, 1, dev);
 3789              		.loc 1 1063 28 is_stmt 0 view .LVU1174
 3790 007c 2B46     		mov	r3, r5
 3791 007e 0122     		movs	r2, #1
 3792 0080 0DF10701 		add	r1, sp, #7
 3793 0084 1820     		movs	r0, #24
 3794              	.LVL383:
1063:Core/Src/bmp5/bmp5.c ****                     rslt = bmp5_get_regs(BMP5_REG_FIFO_SEL, &reg_data, 1, dev);
 3795              		.loc 1 1063 28 view .LVU1175
 3796 0086 FFF7FEFF 		bl	bmp5_get_regs
 3797              	.LVL384:
1066:Core/Src/bmp5/bmp5.c ****                 if (rslt == BMP5_OK)
 3798              		.loc 1 1066 17 is_stmt 1 view .LVU1176
1066:Core/Src/bmp5/bmp5.c ****                 if (rslt == BMP5_OK)
 3799              		.loc 1 1066 20 is_stmt 0 view .LVU1177
 3800 008a 0346     		mov	r3, r0
 3801 008c 0028     		cmp	r0, #0
 3802 008e CBD1     		bne	.L234
1068:Core/Src/bmp5/bmp5.c ****                     reg_data = BMP5_SET_BITS_POS_0(reg_data, BMP5_FIFO_FRAME_SEL, fifo->frame_sel);
 3803              		.loc 1 1068 21 is_stmt 1 view .LVU1178
1068:Core/Src/bmp5/bmp5.c ****                     reg_data = BMP5_SET_BITS_POS_0(reg_data, BMP5_FIFO_FRAME_SEL, fifo->frame_sel);
 3804              		.loc 1 1068 32 is_stmt 0 view .LVU1179
 3805 0090 9DF80730 		ldrb	r3, [sp, #7]	@ zero_extendqisi2
 3806 0094 A279     		ldrb	r2, [r4, #6]	@ zero_extendqisi2
 3807 0096 23F00303 		bic	r3, r3, #3
 3808 009a 02F00302 		and	r2, r2, #3
 3809 009e 1343     		orrs	r3, r3, r2
1068:Core/Src/bmp5/bmp5.c ****                     reg_data = BMP5_SET_BITS_POS_0(reg_data, BMP5_FIFO_FRAME_SEL, fifo->frame_sel);
ARM GAS  C:\Users\jason\AppData\Local\Temp\ccKYcdsQ.s 			page 122


 3810              		.loc 1 1068 30 view .LVU1180
 3811 00a0 8DF80730 		strb	r3, [sp, #7]
1069:Core/Src/bmp5/bmp5.c ****                     reg_data = BMP5_SET_BITSLICE(reg_data, BMP5_FIFO_DEC_SEL, fifo->dec_sel);
 3812              		.loc 1 1069 21 is_stmt 1 view .LVU1181
1069:Core/Src/bmp5/bmp5.c ****                     reg_data = BMP5_SET_BITSLICE(reg_data, BMP5_FIFO_DEC_SEL, fifo->dec_sel);
 3813              		.loc 1 1069 32 is_stmt 0 view .LVU1182
 3814 00a4 E279     		ldrb	r2, [r4, #7]	@ zero_extendqisi2
 3815 00a6 9200     		lsls	r2, r2, #2
 3816 00a8 02F01C02 		and	r2, r2, #28
 3817 00ac 23F01C03 		bic	r3, r3, #28
 3818 00b0 1343     		orrs	r3, r3, r2
1069:Core/Src/bmp5/bmp5.c ****                     reg_data = BMP5_SET_BITSLICE(reg_data, BMP5_FIFO_DEC_SEL, fifo->dec_sel);
 3819              		.loc 1 1069 30 view .LVU1183
 3820 00b2 8DF80730 		strb	r3, [sp, #7]
1072:Core/Src/bmp5/bmp5.c ****                 if (rslt == BMP5_OK)
 3821              		.loc 1 1072 17 is_stmt 1 view .LVU1184
1075:Core/Src/bmp5/bmp5.c ****                     rslt = bmp5_set_regs(BMP5_REG_FIFO_SEL, &reg_data, 1, dev);
 3822              		.loc 1 1075 21 view .LVU1185
1075:Core/Src/bmp5/bmp5.c ****                     rslt = bmp5_set_regs(BMP5_REG_FIFO_SEL, &reg_data, 1, dev);
 3823              		.loc 1 1075 28 is_stmt 0 view .LVU1186
 3824 00b6 2B46     		mov	r3, r5
 3825 00b8 0122     		movs	r2, #1
 3826 00ba 0DF10701 		add	r1, sp, #7
 3827 00be 1820     		movs	r0, #24
 3828              	.LVL385:
1075:Core/Src/bmp5/bmp5.c ****                     rslt = bmp5_set_regs(BMP5_REG_FIFO_SEL, &reg_data, 1, dev);
 3829              		.loc 1 1075 28 view .LVU1187
 3830 00c0 FFF7FEFF 		bl	bmp5_set_regs
 3831              	.LVL386:
 3832 00c4 0346     		mov	r3, r0
 3833              	.LVL387:
1075:Core/Src/bmp5/bmp5.c ****                     rslt = bmp5_set_regs(BMP5_REG_FIFO_SEL, &reg_data, 1, dev);
 3834              		.loc 1 1075 28 view .LVU1188
 3835 00c6 AFE7     		b	.L234
 3836              	.LVL388:
 3837              	.L236:
 3838              		.cfi_def_cfa_offset 0
 3839              		.cfi_restore 4
 3840              		.cfi_restore 5
 3841              		.cfi_restore 14
1082:Core/Src/bmp5/bmp5.c ****         rslt = BMP5_E_NULL_PTR;
 3842              		.loc 1 1082 14 view .LVU1189
 3843 00c8 4FF0FF33 		mov	r3, #-1
 3844              	.LVL389:
1085:Core/Src/bmp5/bmp5.c ****     return rslt;
 3845              		.loc 1 1085 5 is_stmt 1 view .LVU1190
1086:Core/Src/bmp5/bmp5.c **** }
 3846              		.loc 1 1086 1 is_stmt 0 view .LVU1191
 3847 00cc 1846     		mov	r0, r3
 3848              	.LVL390:
1086:Core/Src/bmp5/bmp5.c **** }
 3849              		.loc 1 1086 1 view .LVU1192
 3850 00ce 7047     		bx	lr
 3851              		.cfi_endproc
 3852              	.LFE160:
 3854              		.section	.text.bmp5_get_fifo_len,"ax",%progbits
 3855              		.align	1
ARM GAS  C:\Users\jason\AppData\Local\Temp\ccKYcdsQ.s 			page 123


 3856              		.global	bmp5_get_fifo_len
 3857              		.syntax unified
 3858              		.thumb
 3859              		.thumb_func
 3861              	bmp5_get_fifo_len:
 3862              	.LVL391:
 3863              	.LFB161:
1092:Core/Src/bmp5/bmp5.c **** {
 3864              		.loc 1 1092 1 is_stmt 1 view -0
 3865              		.cfi_startproc
 3866              		@ args = 0, pretend = 0, frame = 8
 3867              		@ frame_needed = 0, uses_anonymous_args = 0
1093:Core/Src/bmp5/bmp5.c ****     int8_t rslt;
 3868              		.loc 1 1093 5 view .LVU1194
1094:Core/Src/bmp5/bmp5.c ****     uint8_t reg_data;
 3869              		.loc 1 1094 5 view .LVU1195
1096:Core/Src/bmp5/bmp5.c ****     if ((fifo != NULL) && (fifo_len != NULL))
 3870              		.loc 1 1096 5 view .LVU1196
1096:Core/Src/bmp5/bmp5.c ****     if ((fifo != NULL) && (fifo_len != NULL))
 3871              		.loc 1 1096 8 is_stmt 0 view .LVU1197
 3872 0000 0029     		cmp	r1, #0
 3873 0002 18BF     		it	ne
 3874 0004 0028     		cmpne	r0, #0
 3875 0006 21D0     		beq	.L245
1092:Core/Src/bmp5/bmp5.c **** {
 3876              		.loc 1 1092 1 view .LVU1198
 3877 0008 30B5     		push	{r4, r5, lr}
 3878              		.cfi_def_cfa_offset 12
 3879              		.cfi_offset 4, -12
 3880              		.cfi_offset 5, -8
 3881              		.cfi_offset 14, -4
 3882 000a 83B0     		sub	sp, sp, #12
 3883              		.cfi_def_cfa_offset 24
 3884 000c 1346     		mov	r3, r2
 3885 000e 0D46     		mov	r5, r1
 3886 0010 0446     		mov	r4, r0
1099:Core/Src/bmp5/bmp5.c ****         rslt = bmp5_get_regs(BMP5_REG_FIFO_COUNT, &reg_data, 1, dev);
 3887              		.loc 1 1099 9 is_stmt 1 view .LVU1199
1099:Core/Src/bmp5/bmp5.c ****         rslt = bmp5_get_regs(BMP5_REG_FIFO_COUNT, &reg_data, 1, dev);
 3888              		.loc 1 1099 16 is_stmt 0 view .LVU1200
 3889 0012 0122     		movs	r2, #1
 3890              	.LVL392:
1099:Core/Src/bmp5/bmp5.c ****         rslt = bmp5_get_regs(BMP5_REG_FIFO_COUNT, &reg_data, 1, dev);
 3891              		.loc 1 1099 16 view .LVU1201
 3892 0014 0DF10701 		add	r1, sp, #7
 3893              	.LVL393:
1099:Core/Src/bmp5/bmp5.c ****         rslt = bmp5_get_regs(BMP5_REG_FIFO_COUNT, &reg_data, 1, dev);
 3894              		.loc 1 1099 16 view .LVU1202
 3895 0018 1720     		movs	r0, #23
 3896              	.LVL394:
1099:Core/Src/bmp5/bmp5.c ****         rslt = bmp5_get_regs(BMP5_REG_FIFO_COUNT, &reg_data, 1, dev);
 3897              		.loc 1 1099 16 view .LVU1203
 3898 001a FFF7FEFF 		bl	bmp5_get_regs
 3899              	.LVL395:
1101:Core/Src/bmp5/bmp5.c ****         if (rslt == BMP5_OK)
 3900              		.loc 1 1101 9 is_stmt 1 view .LVU1204
1101:Core/Src/bmp5/bmp5.c ****         if (rslt == BMP5_OK)
ARM GAS  C:\Users\jason\AppData\Local\Temp\ccKYcdsQ.s 			page 124


 3901              		.loc 1 1101 12 is_stmt 0 view .LVU1205
 3902 001e 98B9     		cbnz	r0, .L243
1103:Core/Src/bmp5/bmp5.c ****             fifo->fifo_count = BMP5_GET_BITS_POS_0(reg_data, BMP5_FIFO_COUNT);
 3903              		.loc 1 1103 13 is_stmt 1 view .LVU1206
1103:Core/Src/bmp5/bmp5.c ****             fifo->fifo_count = BMP5_GET_BITS_POS_0(reg_data, BMP5_FIFO_COUNT);
 3904              		.loc 1 1103 32 is_stmt 0 view .LVU1207
 3905 0020 9DF80730 		ldrb	r3, [sp, #7]	@ zero_extendqisi2
 3906 0024 03F03F03 		and	r3, r3, #63
1103:Core/Src/bmp5/bmp5.c ****             fifo->fifo_count = BMP5_GET_BITS_POS_0(reg_data, BMP5_FIFO_COUNT);
 3907              		.loc 1 1103 30 view .LVU1208
 3908 0028 2B72     		strb	r3, [r5, #8]
1105:Core/Src/bmp5/bmp5.c ****             if ((fifo->frame_sel == BMP5_FIFO_TEMPERATURE_DATA) || (fifo->frame_sel == BMP5_FIFO_PR
 3909              		.loc 1 1105 13 is_stmt 1 view .LVU1209
1105:Core/Src/bmp5/bmp5.c ****             if ((fifo->frame_sel == BMP5_FIFO_TEMPERATURE_DATA) || (fifo->frame_sel == BMP5_FIFO_PR
 3910              		.loc 1 1105 22 is_stmt 0 view .LVU1210
 3911 002a A979     		ldrb	r1, [r5, #6]	@ zero_extendqisi2
1105:Core/Src/bmp5/bmp5.c ****             if ((fifo->frame_sel == BMP5_FIFO_TEMPERATURE_DATA) || (fifo->frame_sel == BMP5_FIFO_PR
 3912              		.loc 1 1105 65 view .LVU1211
 3913 002c 4A1E     		subs	r2, r1, #1
 3914 002e D2B2     		uxtb	r2, r2
1105:Core/Src/bmp5/bmp5.c ****             if ((fifo->frame_sel == BMP5_FIFO_TEMPERATURE_DATA) || (fifo->frame_sel == BMP5_FIFO_PR
 3915              		.loc 1 1105 16 view .LVU1212
 3916 0030 012A     		cmp	r2, #1
 3917 0032 06D9     		bls	.L250
1112:Core/Src/bmp5/bmp5.c ****             else if (fifo->frame_sel == BMP5_FIFO_PRESS_TEMP_DATA)
 3918              		.loc 1 1112 18 is_stmt 1 view .LVU1213
1112:Core/Src/bmp5/bmp5.c ****             else if (fifo->frame_sel == BMP5_FIFO_PRESS_TEMP_DATA)
 3919              		.loc 1 1112 21 is_stmt 0 view .LVU1214
 3920 0034 0329     		cmp	r1, #3
 3921 0036 07D1     		bne	.L243
1117:Core/Src/bmp5/bmp5.c ****                 *fifo_len = fifo->fifo_count * 6;
 3922              		.loc 1 1117 17 is_stmt 1 view .LVU1215
1117:Core/Src/bmp5/bmp5.c ****                 *fifo_len = fifo->fifo_count * 6;
 3923              		.loc 1 1117 27 is_stmt 0 view .LVU1216
 3924 0038 03EB4303 		add	r3, r3, r3, lsl #1
 3925 003c 5B00     		lsls	r3, r3, #1
 3926 003e 2380     		strh	r3, [r4]	@ movhi
 3927 0040 02E0     		b	.L243
 3928              	.L250:
1110:Core/Src/bmp5/bmp5.c ****                 *fifo_len = fifo->fifo_count * 3;
 3929              		.loc 1 1110 17 is_stmt 1 view .LVU1217
1110:Core/Src/bmp5/bmp5.c ****                 *fifo_len = fifo->fifo_count * 3;
 3930              		.loc 1 1110 27 is_stmt 0 view .LVU1218
 3931 0042 03EB4303 		add	r3, r3, r3, lsl #1
 3932 0046 2380     		strh	r3, [r4]	@ movhi
 3933              	.L243:
1126:Core/Src/bmp5/bmp5.c ****     return rslt;
 3934              		.loc 1 1126 5 is_stmt 1 view .LVU1219
1127:Core/Src/bmp5/bmp5.c **** }
 3935              		.loc 1 1127 1 is_stmt 0 view .LVU1220
 3936 0048 03B0     		add	sp, sp, #12
 3937              		.cfi_def_cfa_offset 12
 3938              		@ sp needed
 3939 004a 30BD     		pop	{r4, r5, pc}
 3940              	.LVL396:
 3941              	.L245:
 3942              		.cfi_def_cfa_offset 0
ARM GAS  C:\Users\jason\AppData\Local\Temp\ccKYcdsQ.s 			page 125


 3943              		.cfi_restore 4
 3944              		.cfi_restore 5
 3945              		.cfi_restore 14
1123:Core/Src/bmp5/bmp5.c ****         rslt = BMP5_E_NULL_PTR;
 3946              		.loc 1 1123 14 view .LVU1221
 3947 004c 4FF0FF30 		mov	r0, #-1
 3948              	.LVL397:
1126:Core/Src/bmp5/bmp5.c ****     return rslt;
 3949              		.loc 1 1126 5 is_stmt 1 view .LVU1222
1127:Core/Src/bmp5/bmp5.c **** }
 3950              		.loc 1 1127 1 is_stmt 0 view .LVU1223
 3951 0050 7047     		bx	lr
 3952              		.cfi_endproc
 3953              	.LFE161:
 3955              		.section	.text.bmp5_get_fifo_data,"ax",%progbits
 3956              		.align	1
 3957              		.global	bmp5_get_fifo_data
 3958              		.syntax unified
 3959              		.thumb
 3960              		.thumb_func
 3962              	bmp5_get_fifo_data:
 3963              	.LVL398:
 3964              	.LFB162:
1133:Core/Src/bmp5/bmp5.c **** {
 3965              		.loc 1 1133 1 is_stmt 1 view -0
 3966              		.cfi_startproc
 3967              		@ args = 0, pretend = 0, frame = 8
 3968              		@ frame_needed = 0, uses_anonymous_args = 0
1134:Core/Src/bmp5/bmp5.c ****     int8_t rslt;
 3969              		.loc 1 1134 5 view .LVU1225
1135:Core/Src/bmp5/bmp5.c ****     uint16_t fifo_len;
 3970              		.loc 1 1135 5 view .LVU1226
1137:Core/Src/bmp5/bmp5.c ****     if (fifo != NULL)
 3971              		.loc 1 1137 5 view .LVU1227
1137:Core/Src/bmp5/bmp5.c ****     if (fifo != NULL)
 3972              		.loc 1 1137 8 is_stmt 0 view .LVU1228
 3973 0000 C0B1     		cbz	r0, .L254
1133:Core/Src/bmp5/bmp5.c **** {
 3974              		.loc 1 1133 1 view .LVU1229
 3975 0002 30B5     		push	{r4, r5, lr}
 3976              		.cfi_def_cfa_offset 12
 3977              		.cfi_offset 4, -12
 3978              		.cfi_offset 5, -8
 3979              		.cfi_offset 14, -4
 3980 0004 83B0     		sub	sp, sp, #12
 3981              		.cfi_def_cfa_offset 24
 3982 0006 0D46     		mov	r5, r1
 3983 0008 0446     		mov	r4, r0
1140:Core/Src/bmp5/bmp5.c ****         rslt = bmp5_get_fifo_len(&fifo_len, fifo, dev);
 3984              		.loc 1 1140 9 is_stmt 1 view .LVU1230
1140:Core/Src/bmp5/bmp5.c ****         rslt = bmp5_get_fifo_len(&fifo_len, fifo, dev);
 3985              		.loc 1 1140 16 is_stmt 0 view .LVU1231
 3986 000a 0A46     		mov	r2, r1
 3987 000c 0146     		mov	r1, r0
 3988              	.LVL399:
1140:Core/Src/bmp5/bmp5.c ****         rslt = bmp5_get_fifo_len(&fifo_len, fifo, dev);
 3989              		.loc 1 1140 16 view .LVU1232
ARM GAS  C:\Users\jason\AppData\Local\Temp\ccKYcdsQ.s 			page 126


 3990 000e 0DF10600 		add	r0, sp, #6
 3991              	.LVL400:
1140:Core/Src/bmp5/bmp5.c ****         rslt = bmp5_get_fifo_len(&fifo_len, fifo, dev);
 3992              		.loc 1 1140 16 view .LVU1233
 3993 0012 FFF7FEFF 		bl	bmp5_get_fifo_len
 3994              	.LVL401:
1142:Core/Src/bmp5/bmp5.c ****         if (rslt == BMP5_OK)
 3995              		.loc 1 1142 9 is_stmt 1 view .LVU1234
1142:Core/Src/bmp5/bmp5.c ****         if (rslt == BMP5_OK)
 3996              		.loc 1 1142 12 is_stmt 0 view .LVU1235
 3997 0016 58B9     		cbnz	r0, .L252
1144:Core/Src/bmp5/bmp5.c ****             if (fifo->length > fifo_len)
 3998              		.loc 1 1144 13 is_stmt 1 view .LVU1236
1144:Core/Src/bmp5/bmp5.c ****             if (fifo->length > fifo_len)
 3999              		.loc 1 1144 21 is_stmt 0 view .LVU1237
 4000 0018 A288     		ldrh	r2, [r4, #4]
1144:Core/Src/bmp5/bmp5.c ****             if (fifo->length > fifo_len)
 4001              		.loc 1 1144 30 view .LVU1238
 4002 001a BDF80630 		ldrh	r3, [sp, #6]
1144:Core/Src/bmp5/bmp5.c ****             if (fifo->length > fifo_len)
 4003              		.loc 1 1144 16 view .LVU1239
 4004 001e 9A42     		cmp	r2, r3
 4005 0020 00D9     		bls	.L253
1146:Core/Src/bmp5/bmp5.c ****                 fifo->length = fifo_len;
 4006              		.loc 1 1146 17 is_stmt 1 view .LVU1240
1146:Core/Src/bmp5/bmp5.c ****                 fifo->length = fifo_len;
 4007              		.loc 1 1146 30 is_stmt 0 view .LVU1241
 4008 0022 A380     		strh	r3, [r4, #4]	@ movhi
 4009              	.L253:
1150:Core/Src/bmp5/bmp5.c ****             rslt = bmp5_get_regs(BMP5_REG_FIFO_DATA, fifo->data, fifo->length, dev);
 4010              		.loc 1 1150 13 is_stmt 1 view .LVU1242
1150:Core/Src/bmp5/bmp5.c ****             rslt = bmp5_get_regs(BMP5_REG_FIFO_DATA, fifo->data, fifo->length, dev);
 4011              		.loc 1 1150 20 is_stmt 0 view .LVU1243
 4012 0024 2B46     		mov	r3, r5
 4013 0026 A288     		ldrh	r2, [r4, #4]
 4014 0028 2168     		ldr	r1, [r4]
 4015 002a 2920     		movs	r0, #41
 4016              	.LVL402:
1150:Core/Src/bmp5/bmp5.c ****             rslt = bmp5_get_regs(BMP5_REG_FIFO_DATA, fifo->data, fifo->length, dev);
 4017              		.loc 1 1150 20 view .LVU1244
 4018 002c FFF7FEFF 		bl	bmp5_get_regs
 4019              	.LVL403:
 4020              	.L252:
1158:Core/Src/bmp5/bmp5.c ****     return rslt;
 4021              		.loc 1 1158 5 is_stmt 1 view .LVU1245
1159:Core/Src/bmp5/bmp5.c **** }
 4022              		.loc 1 1159 1 is_stmt 0 view .LVU1246
 4023 0030 03B0     		add	sp, sp, #12
 4024              		.cfi_def_cfa_offset 12
 4025              		@ sp needed
 4026 0032 30BD     		pop	{r4, r5, pc}
 4027              	.LVL404:
 4028              	.L254:
 4029              		.cfi_def_cfa_offset 0
 4030              		.cfi_restore 4
 4031              		.cfi_restore 5
 4032              		.cfi_restore 14
ARM GAS  C:\Users\jason\AppData\Local\Temp\ccKYcdsQ.s 			page 127


1155:Core/Src/bmp5/bmp5.c ****         rslt = BMP5_E_NULL_PTR;
 4033              		.loc 1 1155 14 view .LVU1247
 4034 0034 4FF0FF30 		mov	r0, #-1
 4035              	.LVL405:
1158:Core/Src/bmp5/bmp5.c ****     return rslt;
 4036              		.loc 1 1158 5 is_stmt 1 view .LVU1248
1159:Core/Src/bmp5/bmp5.c **** }
 4037              		.loc 1 1159 1 is_stmt 0 view .LVU1249
 4038 0038 7047     		bx	lr
 4039              		.cfi_endproc
 4040              	.LFE162:
 4042              		.section	.text.bmp5_extract_fifo_data,"ax",%progbits
 4043              		.align	1
 4044              		.global	bmp5_extract_fifo_data
 4045              		.syntax unified
 4046              		.thumb
 4047              		.thumb_func
 4049              	bmp5_extract_fifo_data:
 4050              	.LVL406:
 4051              	.LFB163:
1166:Core/Src/bmp5/bmp5.c **** {
 4052              		.loc 1 1166 1 is_stmt 1 view -0
 4053              		.cfi_startproc
 4054              		@ args = 0, pretend = 0, frame = 8
 4055              		@ frame_needed = 0, uses_anonymous_args = 0
1167:Core/Src/bmp5/bmp5.c ****     int8_t rslt = 0;
 4056              		.loc 1 1167 5 view .LVU1251
1168:Core/Src/bmp5/bmp5.c ****     uint8_t idx = 0;
 4057              		.loc 1 1168 5 view .LVU1252
1169:Core/Src/bmp5/bmp5.c ****     uint16_t data_indx;
 4058              		.loc 1 1169 5 view .LVU1253
1172:Core/Src/bmp5/bmp5.c ****     if ((fifo != NULL) && (sensor_data != NULL))
 4059              		.loc 1 1172 5 view .LVU1254
1172:Core/Src/bmp5/bmp5.c ****     if ((fifo != NULL) && (sensor_data != NULL))
 4060              		.loc 1 1172 8 is_stmt 0 view .LVU1255
 4061 0000 0028     		cmp	r0, #0
 4062 0002 18BF     		it	ne
 4063 0004 0029     		cmpne	r1, #0
 4064 0006 1BD0     		beq	.L263
1166:Core/Src/bmp5/bmp5.c **** {
 4065              		.loc 1 1166 1 view .LVU1256
 4066 0008 70B5     		push	{r4, r5, r6, lr}
 4067              		.cfi_def_cfa_offset 16
 4068              		.cfi_offset 4, -16
 4069              		.cfi_offset 5, -12
 4070              		.cfi_offset 6, -8
 4071              		.cfi_offset 14, -4
 4072 000a 82B0     		sub	sp, sp, #8
 4073              		.cfi_def_cfa_offset 24
 4074 000c 0546     		mov	r5, r0
 4075 000e 0E46     		mov	r6, r1
1174:Core/Src/bmp5/bmp5.c ****         for (data_indx = 0; (data_indx < fifo->length) && (rslt != BMP5_E_FIFO_FRAME_EMPTY);)
 4076              		.loc 1 1174 9 is_stmt 1 view .LVU1257
1174:Core/Src/bmp5/bmp5.c ****         for (data_indx = 0; (data_indx < fifo->length) && (rslt != BMP5_E_FIFO_FRAME_EMPTY);)
 4077              		.loc 1 1174 24 is_stmt 0 view .LVU1258
 4078 0010 0020     		movs	r0, #0
 4079              	.LVL407:
ARM GAS  C:\Users\jason\AppData\Local\Temp\ccKYcdsQ.s 			page 128


1174:Core/Src/bmp5/bmp5.c ****         for (data_indx = 0; (data_indx < fifo->length) && (rslt != BMP5_E_FIFO_FRAME_EMPTY);)
 4080              		.loc 1 1174 24 view .LVU1259
 4081 0012 ADF80600 		strh	r0, [sp, #6]	@ movhi
1168:Core/Src/bmp5/bmp5.c ****     uint8_t idx = 0;
 4082              		.loc 1 1168 13 view .LVU1260
 4083 0016 0446     		mov	r4, r0
1174:Core/Src/bmp5/bmp5.c ****         for (data_indx = 0; (data_indx < fifo->length) && (rslt != BMP5_E_FIFO_FRAME_EMPTY);)
 4084              		.loc 1 1174 9 view .LVU1261
 4085 0018 08E0     		b	.L261
 4086              	.LVL408:
 4087              	.L262:
1177:Core/Src/bmp5/bmp5.c ****             rslt = unpack_sensor_data(&sensor_data[idx], &data_indx, fifo);
 4088              		.loc 1 1177 13 is_stmt 1 view .LVU1262
1177:Core/Src/bmp5/bmp5.c ****             rslt = unpack_sensor_data(&sensor_data[idx], &data_indx, fifo);
 4089              		.loc 1 1177 20 is_stmt 0 view .LVU1263
 4090 001a 2A46     		mov	r2, r5
 4091 001c 0DF10601 		add	r1, sp, #6
 4092 0020 06EBC400 		add	r0, r6, r4, lsl #3
 4093              	.LVL409:
1177:Core/Src/bmp5/bmp5.c ****             rslt = unpack_sensor_data(&sensor_data[idx], &data_indx, fifo);
 4094              		.loc 1 1177 20 view .LVU1264
 4095 0024 FFF7FEFF 		bl	unpack_sensor_data
 4096              	.LVL410:
1178:Core/Src/bmp5/bmp5.c ****             idx++;
 4097              		.loc 1 1178 13 is_stmt 1 view .LVU1265
1178:Core/Src/bmp5/bmp5.c ****             idx++;
 4098              		.loc 1 1178 16 is_stmt 0 view .LVU1266
 4099 0028 0134     		adds	r4, r4, #1
 4100              	.LVL411:
1178:Core/Src/bmp5/bmp5.c ****             idx++;
 4101              		.loc 1 1178 16 view .LVU1267
 4102 002a E4B2     		uxtb	r4, r4
 4103              	.LVL412:
 4104              	.L261:
1174:Core/Src/bmp5/bmp5.c ****         for (data_indx = 0; (data_indx < fifo->length) && (rslt != BMP5_E_FIFO_FRAME_EMPTY);)
 4105              		.loc 1 1174 56 is_stmt 1 discriminator 1 view .LVU1268
1174:Core/Src/bmp5/bmp5.c ****         for (data_indx = 0; (data_indx < fifo->length) && (rslt != BMP5_E_FIFO_FRAME_EMPTY);)
 4106              		.loc 1 1174 46 is_stmt 0 discriminator 1 view .LVU1269
 4107 002c AA88     		ldrh	r2, [r5, #4]
1174:Core/Src/bmp5/bmp5.c ****         for (data_indx = 0; (data_indx < fifo->length) && (rslt != BMP5_E_FIFO_FRAME_EMPTY);)
 4108              		.loc 1 1174 40 discriminator 1 view .LVU1270
 4109 002e BDF80630 		ldrh	r3, [sp, #6]
1174:Core/Src/bmp5/bmp5.c ****         for (data_indx = 0; (data_indx < fifo->length) && (rslt != BMP5_E_FIFO_FRAME_EMPTY);)
 4110              		.loc 1 1174 56 discriminator 1 view .LVU1271
 4111 0032 9A42     		cmp	r2, r3
 4112 0034 02D9     		bls	.L260
1174:Core/Src/bmp5/bmp5.c ****         for (data_indx = 0; (data_indx < fifo->length) && (rslt != BMP5_E_FIFO_FRAME_EMPTY);)
 4113              		.loc 1 1174 56 discriminator 2 view .LVU1272
 4114 0036 10F1090F 		cmn	r0, #9
 4115 003a EED1     		bne	.L262
 4116              	.L260:
1186:Core/Src/bmp5/bmp5.c ****     return rslt;
 4117              		.loc 1 1186 5 is_stmt 1 view .LVU1273
1187:Core/Src/bmp5/bmp5.c **** }
 4118              		.loc 1 1187 1 is_stmt 0 view .LVU1274
 4119 003c 02B0     		add	sp, sp, #8
 4120              		.cfi_def_cfa_offset 16
ARM GAS  C:\Users\jason\AppData\Local\Temp\ccKYcdsQ.s 			page 129


 4121              		@ sp needed
 4122 003e 70BD     		pop	{r4, r5, r6, pc}
 4123              	.LVL413:
 4124              	.L263:
 4125              		.cfi_def_cfa_offset 0
 4126              		.cfi_restore 4
 4127              		.cfi_restore 5
 4128              		.cfi_restore 6
 4129              		.cfi_restore 14
1183:Core/Src/bmp5/bmp5.c ****         rslt = BMP5_E_NULL_PTR;
 4130              		.loc 1 1183 14 view .LVU1275
 4131 0040 4FF0FF30 		mov	r0, #-1
 4132              	.LVL414:
1186:Core/Src/bmp5/bmp5.c ****     return rslt;
 4133              		.loc 1 1186 5 is_stmt 1 view .LVU1276
1187:Core/Src/bmp5/bmp5.c **** }
 4134              		.loc 1 1187 1 is_stmt 0 view .LVU1277
 4135 0044 7047     		bx	lr
 4136              		.cfi_endproc
 4137              	.LFE163:
 4139              		.section	.text.bmp5_get_oor_configuration,"ax",%progbits
 4140              		.align	1
 4141              		.global	bmp5_get_oor_configuration
 4142              		.syntax unified
 4143              		.thumb
 4144              		.thumb_func
 4146              	bmp5_get_oor_configuration:
 4147              	.LVL415:
 4148              	.LFB164:
1194:Core/Src/bmp5/bmp5.c **** {
 4149              		.loc 1 1194 1 is_stmt 1 view -0
 4150              		.cfi_startproc
 4151              		@ args = 0, pretend = 0, frame = 8
 4152              		@ frame_needed = 0, uses_anonymous_args = 0
1195:Core/Src/bmp5/bmp5.c ****     int8_t rslt;
 4153              		.loc 1 1195 5 view .LVU1279
1196:Core/Src/bmp5/bmp5.c ****     uint8_t reg_data[4];
 4154              		.loc 1 1196 5 view .LVU1280
1198:Core/Src/bmp5/bmp5.c ****     if (oor_press_config != NULL)
 4155              		.loc 1 1198 5 view .LVU1281
1198:Core/Src/bmp5/bmp5.c ****     if (oor_press_config != NULL)
 4156              		.loc 1 1198 8 is_stmt 0 view .LVU1282
 4157 0000 60B3     		cbz	r0, .L270
1194:Core/Src/bmp5/bmp5.c **** {
 4158              		.loc 1 1194 1 view .LVU1283
 4159 0002 30B5     		push	{r4, r5, lr}
 4160              		.cfi_def_cfa_offset 12
 4161              		.cfi_offset 4, -12
 4162              		.cfi_offset 5, -8
 4163              		.cfi_offset 14, -4
 4164 0004 83B0     		sub	sp, sp, #12
 4165              		.cfi_def_cfa_offset 24
 4166 0006 0D46     		mov	r5, r1
 4167 0008 0446     		mov	r4, r0
1200:Core/Src/bmp5/bmp5.c ****         rslt = bmp5_get_regs(BMP5_REG_DSP_CONFIG, &reg_data[0], 1, dev);
 4168              		.loc 1 1200 9 is_stmt 1 view .LVU1284
1200:Core/Src/bmp5/bmp5.c ****         rslt = bmp5_get_regs(BMP5_REG_DSP_CONFIG, &reg_data[0], 1, dev);
ARM GAS  C:\Users\jason\AppData\Local\Temp\ccKYcdsQ.s 			page 130


 4169              		.loc 1 1200 16 is_stmt 0 view .LVU1285
 4170 000a 0B46     		mov	r3, r1
 4171 000c 0122     		movs	r2, #1
 4172 000e 01A9     		add	r1, sp, #4
 4173              	.LVL416:
1200:Core/Src/bmp5/bmp5.c ****         rslt = bmp5_get_regs(BMP5_REG_DSP_CONFIG, &reg_data[0], 1, dev);
 4174              		.loc 1 1200 16 view .LVU1286
 4175 0010 3020     		movs	r0, #48
 4176              	.LVL417:
1200:Core/Src/bmp5/bmp5.c ****         rslt = bmp5_get_regs(BMP5_REG_DSP_CONFIG, &reg_data[0], 1, dev);
 4177              		.loc 1 1200 16 view .LVU1287
 4178 0012 FFF7FEFF 		bl	bmp5_get_regs
 4179              	.LVL418:
1202:Core/Src/bmp5/bmp5.c ****         if (rslt == BMP5_OK)
 4180              		.loc 1 1202 9 is_stmt 1 view .LVU1288
1202:Core/Src/bmp5/bmp5.c ****         if (rslt == BMP5_OK)
 4181              		.loc 1 1202 12 is_stmt 0 view .LVU1289
 4182 0016 08B1     		cbz	r0, .L275
 4183              	.L269:
1222:Core/Src/bmp5/bmp5.c ****     return rslt;
 4184              		.loc 1 1222 5 is_stmt 1 view .LVU1290
1223:Core/Src/bmp5/bmp5.c **** }
 4185              		.loc 1 1223 1 is_stmt 0 view .LVU1291
 4186 0018 03B0     		add	sp, sp, #12
 4187              		.cfi_remember_state
 4188              		.cfi_def_cfa_offset 12
 4189              		@ sp needed
 4190 001a 30BD     		pop	{r4, r5, pc}
 4191              	.LVL419:
 4192              	.L275:
 4193              		.cfi_restore_state
1204:Core/Src/bmp5/bmp5.c ****             oor_press_config->oor_sel_iir_p = BMP5_GET_BITSLICE(reg_data[0], BMP5_OOR_SEL_IIR_PRESS
 4194              		.loc 1 1204 13 is_stmt 1 view .LVU1292
1204:Core/Src/bmp5/bmp5.c ****             oor_press_config->oor_sel_iir_p = BMP5_GET_BITSLICE(reg_data[0], BMP5_OOR_SEL_IIR_PRESS
 4195              		.loc 1 1204 47 is_stmt 0 view .LVU1293
 4196 001c 9DF80430 		ldrb	r3, [sp, #4]	@ zero_extendqisi2
 4197 0020 DB09     		lsrs	r3, r3, #7
1204:Core/Src/bmp5/bmp5.c ****             oor_press_config->oor_sel_iir_p = BMP5_GET_BITSLICE(reg_data[0], BMP5_OOR_SEL_IIR_PRESS
 4198              		.loc 1 1204 45 view .LVU1294
 4199 0022 A371     		strb	r3, [r4, #6]
1206:Core/Src/bmp5/bmp5.c ****             rslt = bmp5_get_regs(BMP5_REG_OOR_THR_P_LSB, reg_data, 4, dev);
 4200              		.loc 1 1206 13 is_stmt 1 view .LVU1295
1206:Core/Src/bmp5/bmp5.c ****             rslt = bmp5_get_regs(BMP5_REG_OOR_THR_P_LSB, reg_data, 4, dev);
 4201              		.loc 1 1206 20 is_stmt 0 view .LVU1296
 4202 0024 2B46     		mov	r3, r5
 4203 0026 0422     		movs	r2, #4
 4204 0028 0DEB0201 		add	r1, sp, r2
 4205 002c 3220     		movs	r0, #50
 4206              	.LVL420:
1206:Core/Src/bmp5/bmp5.c ****             rslt = bmp5_get_regs(BMP5_REG_OOR_THR_P_LSB, reg_data, 4, dev);
 4207              		.loc 1 1206 20 view .LVU1297
 4208 002e FFF7FEFF 		bl	bmp5_get_regs
 4209              	.LVL421:
1208:Core/Src/bmp5/bmp5.c ****             if (rslt == BMP5_OK)
 4210              		.loc 1 1208 13 is_stmt 1 view .LVU1298
1208:Core/Src/bmp5/bmp5.c ****             if (rslt == BMP5_OK)
 4211              		.loc 1 1208 16 is_stmt 0 view .LVU1299
ARM GAS  C:\Users\jason\AppData\Local\Temp\ccKYcdsQ.s 			page 131


 4212 0032 0028     		cmp	r0, #0
 4213 0034 F0D1     		bne	.L269
1210:Core/Src/bmp5/bmp5.c ****                 oor_press_config->oor_thr_p = reg_data[0] | (reg_data[1] << 8) |
 4214              		.loc 1 1210 17 is_stmt 1 view .LVU1300
1210:Core/Src/bmp5/bmp5.c ****                 oor_press_config->oor_thr_p = reg_data[0] | (reg_data[1] << 8) |
 4215              		.loc 1 1210 55 is_stmt 0 view .LVU1301
 4216 0036 9DF80430 		ldrb	r3, [sp, #4]	@ zero_extendqisi2
1210:Core/Src/bmp5/bmp5.c ****                 oor_press_config->oor_thr_p = reg_data[0] | (reg_data[1] << 8) |
 4217              		.loc 1 1210 70 view .LVU1302
 4218 003a 9DF80520 		ldrb	r2, [sp, #5]	@ zero_extendqisi2
1210:Core/Src/bmp5/bmp5.c ****                 oor_press_config->oor_thr_p = reg_data[0] | (reg_data[1] << 8) |
 4219              		.loc 1 1210 59 view .LVU1303
 4220 003e 43EA0223 		orr	r3, r3, r2, lsl #8
1211:Core/Src/bmp5/bmp5.c ****                                               ((reg_data[3] & BMP5_OOR_THR_P_XMSB_REG_MSK) << 16);
 4221              		.loc 1 1211 57 view .LVU1304
 4222 0042 9DF80720 		ldrb	r2, [sp, #7]	@ zero_extendqisi2
1211:Core/Src/bmp5/bmp5.c ****                                               ((reg_data[3] & BMP5_OOR_THR_P_XMSB_REG_MSK) << 16);
 4223              		.loc 1 1211 92 view .LVU1305
 4224 0046 1104     		lsls	r1, r2, #16
 4225 0048 01F48031 		and	r1, r1, #65536
1210:Core/Src/bmp5/bmp5.c ****                 oor_press_config->oor_thr_p = reg_data[0] | (reg_data[1] << 8) |
 4226              		.loc 1 1210 80 view .LVU1306
 4227 004c 0B43     		orrs	r3, r3, r1
1210:Core/Src/bmp5/bmp5.c ****                 oor_press_config->oor_thr_p = reg_data[0] | (reg_data[1] << 8) |
 4228              		.loc 1 1210 45 view .LVU1307
 4229 004e 2360     		str	r3, [r4]
1212:Core/Src/bmp5/bmp5.c ****                 oor_press_config->oor_range_p = reg_data[2];
 4230              		.loc 1 1212 17 is_stmt 1 view .LVU1308
1212:Core/Src/bmp5/bmp5.c ****                 oor_press_config->oor_range_p = reg_data[2];
 4231              		.loc 1 1212 57 is_stmt 0 view .LVU1309
 4232 0050 9DF80630 		ldrb	r3, [sp, #6]	@ zero_extendqisi2
1212:Core/Src/bmp5/bmp5.c ****                 oor_press_config->oor_range_p = reg_data[2];
 4233              		.loc 1 1212 47 view .LVU1310
 4234 0054 2371     		strb	r3, [r4, #4]
1213:Core/Src/bmp5/bmp5.c ****                 oor_press_config->cnt_lim = BMP5_GET_BITSLICE(reg_data[3], BMP5_OOR_COUNT_LIMIT);
 4235              		.loc 1 1213 17 is_stmt 1 view .LVU1311
1213:Core/Src/bmp5/bmp5.c ****                 oor_press_config->cnt_lim = BMP5_GET_BITSLICE(reg_data[3], BMP5_OOR_COUNT_LIMIT);
 4236              		.loc 1 1213 45 is_stmt 0 view .LVU1312
 4237 0056 9209     		lsrs	r2, r2, #6
1213:Core/Src/bmp5/bmp5.c ****                 oor_press_config->cnt_lim = BMP5_GET_BITSLICE(reg_data[3], BMP5_OOR_COUNT_LIMIT);
 4238              		.loc 1 1213 43 view .LVU1313
 4239 0058 6271     		strb	r2, [r4, #5]
 4240 005a DDE7     		b	.L269
 4241              	.LVL422:
 4242              	.L270:
 4243              		.cfi_def_cfa_offset 0
 4244              		.cfi_restore 4
 4245              		.cfi_restore 5
 4246              		.cfi_restore 14
1219:Core/Src/bmp5/bmp5.c ****         rslt = BMP5_E_NULL_PTR;
 4247              		.loc 1 1219 14 view .LVU1314
 4248 005c 4FF0FF30 		mov	r0, #-1
 4249              	.LVL423:
1222:Core/Src/bmp5/bmp5.c ****     return rslt;
 4250              		.loc 1 1222 5 is_stmt 1 view .LVU1315
1223:Core/Src/bmp5/bmp5.c **** }
 4251              		.loc 1 1223 1 is_stmt 0 view .LVU1316
ARM GAS  C:\Users\jason\AppData\Local\Temp\ccKYcdsQ.s 			page 132


 4252 0060 7047     		bx	lr
 4253              		.cfi_endproc
 4254              	.LFE164:
 4256              		.section	.text.bmp5_set_oor_configuration,"ax",%progbits
 4257              		.align	1
 4258              		.global	bmp5_set_oor_configuration
 4259              		.syntax unified
 4260              		.thumb
 4261              		.thumb_func
 4263              	bmp5_set_oor_configuration:
 4264              	.LVL424:
 4265              	.LFB165:
1230:Core/Src/bmp5/bmp5.c **** {
 4266              		.loc 1 1230 1 is_stmt 1 view -0
 4267              		.cfi_startproc
 4268              		@ args = 0, pretend = 0, frame = 8
 4269              		@ frame_needed = 0, uses_anonymous_args = 0
1231:Core/Src/bmp5/bmp5.c ****     int8_t rslt;
 4270              		.loc 1 1231 5 view .LVU1318
1232:Core/Src/bmp5/bmp5.c ****     uint8_t reg_data[4];
 4271              		.loc 1 1232 5 view .LVU1319
1233:Core/Src/bmp5/bmp5.c ****     uint8_t thres_xmsb;
 4272              		.loc 1 1233 5 view .LVU1320
1234:Core/Src/bmp5/bmp5.c ****     uint8_t set_oor_iir_p, set_count_limit;
 4273              		.loc 1 1234 5 view .LVU1321
1236:Core/Src/bmp5/bmp5.c ****     if (oor_press_config != NULL)
 4274              		.loc 1 1236 5 view .LVU1322
1236:Core/Src/bmp5/bmp5.c ****     if (oor_press_config != NULL)
 4275              		.loc 1 1236 8 is_stmt 0 view .LVU1323
 4276 0000 78B3     		cbz	r0, .L278
1230:Core/Src/bmp5/bmp5.c **** {
 4277              		.loc 1 1230 1 view .LVU1324
 4278 0002 30B5     		push	{r4, r5, lr}
 4279              		.cfi_def_cfa_offset 12
 4280              		.cfi_offset 4, -12
 4281              		.cfi_offset 5, -8
 4282              		.cfi_offset 14, -4
 4283 0004 83B0     		sub	sp, sp, #12
 4284              		.cfi_def_cfa_offset 24
 4285 0006 0D46     		mov	r5, r1
 4286 0008 0446     		mov	r4, r0
1238:Core/Src/bmp5/bmp5.c ****         set_oor_iir_p = oor_press_config->oor_sel_iir_p;
 4287              		.loc 1 1238 9 is_stmt 1 view .LVU1325
 4288              	.LVL425:
1239:Core/Src/bmp5/bmp5.c ****         set_count_limit = oor_press_config->cnt_lim;
 4289              		.loc 1 1239 9 view .LVU1326
1241:Core/Src/bmp5/bmp5.c ****         rslt = set_oor_iir_count_limit(set_oor_iir_p, set_count_limit, dev);
 4290              		.loc 1 1241 9 view .LVU1327
1241:Core/Src/bmp5/bmp5.c ****         rslt = set_oor_iir_count_limit(set_oor_iir_p, set_count_limit, dev);
 4291              		.loc 1 1241 16 is_stmt 0 view .LVU1328
 4292 000a 0A46     		mov	r2, r1
 4293 000c 4179     		ldrb	r1, [r0, #5]	@ zero_extendqisi2
 4294              	.LVL426:
1241:Core/Src/bmp5/bmp5.c ****         rslt = set_oor_iir_count_limit(set_oor_iir_p, set_count_limit, dev);
 4295              		.loc 1 1241 16 view .LVU1329
 4296 000e 8079     		ldrb	r0, [r0, #6]	@ zero_extendqisi2
 4297              	.LVL427:
ARM GAS  C:\Users\jason\AppData\Local\Temp\ccKYcdsQ.s 			page 133


1241:Core/Src/bmp5/bmp5.c ****         rslt = set_oor_iir_count_limit(set_oor_iir_p, set_count_limit, dev);
 4298              		.loc 1 1241 16 view .LVU1330
 4299 0010 FFF7FEFF 		bl	set_oor_iir_count_limit
 4300              	.LVL428:
1243:Core/Src/bmp5/bmp5.c ****         if (rslt == BMP5_OK)
 4301              		.loc 1 1243 9 is_stmt 1 view .LVU1331
1243:Core/Src/bmp5/bmp5.c ****         if (rslt == BMP5_OK)
 4302              		.loc 1 1243 12 is_stmt 0 view .LVU1332
 4303 0014 08B1     		cbz	r0, .L283
 4304              	.L277:
1267:Core/Src/bmp5/bmp5.c ****     return rslt;
 4305              		.loc 1 1267 5 is_stmt 1 view .LVU1333
1268:Core/Src/bmp5/bmp5.c **** }
 4306              		.loc 1 1268 1 is_stmt 0 view .LVU1334
 4307 0016 03B0     		add	sp, sp, #12
 4308              		.cfi_remember_state
 4309              		.cfi_def_cfa_offset 12
 4310              		@ sp needed
 4311 0018 30BD     		pop	{r4, r5, pc}
 4312              	.LVL429:
 4313              	.L283:
 4314              		.cfi_restore_state
1246:Core/Src/bmp5/bmp5.c ****             rslt = bmp5_get_regs(BMP5_REG_OOR_THR_P_LSB, reg_data, 4, dev);
 4315              		.loc 1 1246 13 is_stmt 1 view .LVU1335
1246:Core/Src/bmp5/bmp5.c ****             rslt = bmp5_get_regs(BMP5_REG_OOR_THR_P_LSB, reg_data, 4, dev);
 4316              		.loc 1 1246 20 is_stmt 0 view .LVU1336
 4317 001a 2B46     		mov	r3, r5
 4318 001c 0422     		movs	r2, #4
 4319 001e 0DEB0201 		add	r1, sp, r2
 4320 0022 3220     		movs	r0, #50
 4321              	.LVL430:
1246:Core/Src/bmp5/bmp5.c ****             rslt = bmp5_get_regs(BMP5_REG_OOR_THR_P_LSB, reg_data, 4, dev);
 4322              		.loc 1 1246 20 view .LVU1337
 4323 0024 FFF7FEFF 		bl	bmp5_get_regs
 4324              	.LVL431:
1248:Core/Src/bmp5/bmp5.c ****             if (rslt == BMP5_OK)
 4325              		.loc 1 1248 13 is_stmt 1 view .LVU1338
1248:Core/Src/bmp5/bmp5.c ****             if (rslt == BMP5_OK)
 4326              		.loc 1 1248 16 is_stmt 0 view .LVU1339
 4327 0028 0028     		cmp	r0, #0
 4328 002a F4D1     		bne	.L277
1250:Core/Src/bmp5/bmp5.c ****                 reg_data[0] = BMP5_SET_BITS_POS_0(reg_data[0], BMP5_OOR_THR_P_LSB, oor_press_config
 4329              		.loc 1 1250 17 is_stmt 1 view .LVU1340
1250:Core/Src/bmp5/bmp5.c ****                 reg_data[0] = BMP5_SET_BITS_POS_0(reg_data[0], BMP5_OOR_THR_P_LSB, oor_press_config
 4330              		.loc 1 1250 31 is_stmt 0 view .LVU1341
 4331 002c 2368     		ldr	r3, [r4]
1250:Core/Src/bmp5/bmp5.c ****                 reg_data[0] = BMP5_SET_BITS_POS_0(reg_data[0], BMP5_OOR_THR_P_LSB, oor_press_config
 4332              		.loc 1 1250 29 view .LVU1342
 4333 002e 8DF80430 		strb	r3, [sp, #4]
1251:Core/Src/bmp5/bmp5.c ****                 reg_data[1] =
 4334              		.loc 1 1251 17 is_stmt 1 view .LVU1343
1252:Core/Src/bmp5/bmp5.c ****                     (uint8_t)(BMP5_SET_BITS_POS_0(reg_data[1], BMP5_OOR_THR_P_MSB, oor_press_config
 4335              		.loc 1 1252 21 is_stmt 0 view .LVU1344
 4336 0032 C3F30722 		ubfx	r2, r3, #8, #8
1251:Core/Src/bmp5/bmp5.c ****                 reg_data[1] =
 4337              		.loc 1 1251 29 view .LVU1345
 4338 0036 8DF80520 		strb	r2, [sp, #5]
ARM GAS  C:\Users\jason\AppData\Local\Temp\ccKYcdsQ.s 			page 134


1253:Core/Src/bmp5/bmp5.c ****                 reg_data[2] = oor_press_config->oor_range_p;
 4339              		.loc 1 1253 17 is_stmt 1 view .LVU1346
1253:Core/Src/bmp5/bmp5.c ****                 reg_data[2] = oor_press_config->oor_range_p;
 4340              		.loc 1 1253 47 is_stmt 0 view .LVU1347
 4341 003a 2279     		ldrb	r2, [r4, #4]	@ zero_extendqisi2
1253:Core/Src/bmp5/bmp5.c ****                 reg_data[2] = oor_press_config->oor_range_p;
 4342              		.loc 1 1253 29 view .LVU1348
 4343 003c 8DF80620 		strb	r2, [sp, #6]
1254:Core/Src/bmp5/bmp5.c ****                 thres_xmsb = BMP5_GET_BITSLICE(oor_press_config->oor_thr_p, BMP5_OOR_THR_P_XMSB);
 4344              		.loc 1 1254 17 is_stmt 1 view .LVU1349
1254:Core/Src/bmp5/bmp5.c ****                 thres_xmsb = BMP5_GET_BITSLICE(oor_press_config->oor_thr_p, BMP5_OOR_THR_P_XMSB);
 4345              		.loc 1 1254 28 is_stmt 0 view .LVU1350
 4346 0040 C3F30043 		ubfx	r3, r3, #16, #1
 4347              	.LVL432:
1255:Core/Src/bmp5/bmp5.c ****                 reg_data[3] = BMP5_SET_BITS_POS_0(reg_data[3], BMP5_OOR_THR_P_XMSB_REG, thres_xmsb)
 4348              		.loc 1 1255 17 is_stmt 1 view .LVU1351
1255:Core/Src/bmp5/bmp5.c ****                 reg_data[3] = BMP5_SET_BITS_POS_0(reg_data[3], BMP5_OOR_THR_P_XMSB_REG, thres_xmsb)
 4349              		.loc 1 1255 31 is_stmt 0 view .LVU1352
 4350 0044 9DF80720 		ldrb	r2, [sp, #7]	@ zero_extendqisi2
1255:Core/Src/bmp5/bmp5.c ****                 reg_data[3] = BMP5_SET_BITS_POS_0(reg_data[3], BMP5_OOR_THR_P_XMSB_REG, thres_xmsb)
 4351              		.loc 1 1255 29 view .LVU1353
 4352 0048 22F00102 		bic	r2, r2, #1
 4353 004c 1343     		orrs	r3, r3, r2
 4354              	.LVL433:
1255:Core/Src/bmp5/bmp5.c ****                 reg_data[3] = BMP5_SET_BITS_POS_0(reg_data[3], BMP5_OOR_THR_P_XMSB_REG, thres_xmsb)
 4355              		.loc 1 1255 29 view .LVU1354
 4356 004e 8DF80730 		strb	r3, [sp, #7]
1258:Core/Src/bmp5/bmp5.c ****                 rslt = bmp5_set_regs(BMP5_REG_OOR_THR_P_LSB, reg_data, 4, dev);
 4357              		.loc 1 1258 17 is_stmt 1 view .LVU1355
1258:Core/Src/bmp5/bmp5.c ****                 rslt = bmp5_set_regs(BMP5_REG_OOR_THR_P_LSB, reg_data, 4, dev);
 4358              		.loc 1 1258 24 is_stmt 0 view .LVU1356
 4359 0052 2B46     		mov	r3, r5
 4360 0054 0422     		movs	r2, #4
 4361 0056 0DEB0201 		add	r1, sp, r2
 4362 005a 3220     		movs	r0, #50
 4363              	.LVL434:
1258:Core/Src/bmp5/bmp5.c ****                 rslt = bmp5_set_regs(BMP5_REG_OOR_THR_P_LSB, reg_data, 4, dev);
 4364              		.loc 1 1258 24 view .LVU1357
 4365 005c FFF7FEFF 		bl	bmp5_set_regs
 4366              	.LVL435:
1258:Core/Src/bmp5/bmp5.c ****                 rslt = bmp5_set_regs(BMP5_REG_OOR_THR_P_LSB, reg_data, 4, dev);
 4367              		.loc 1 1258 24 view .LVU1358
 4368 0060 D9E7     		b	.L277
 4369              	.LVL436:
 4370              	.L278:
 4371              		.cfi_def_cfa_offset 0
 4372              		.cfi_restore 4
 4373              		.cfi_restore 5
 4374              		.cfi_restore 14
1264:Core/Src/bmp5/bmp5.c ****         rslt = BMP5_E_NULL_PTR;
 4375              		.loc 1 1264 14 view .LVU1359
 4376 0062 4FF0FF30 		mov	r0, #-1
 4377              	.LVL437:
1267:Core/Src/bmp5/bmp5.c ****     return rslt;
 4378              		.loc 1 1267 5 is_stmt 1 view .LVU1360
1268:Core/Src/bmp5/bmp5.c **** }
 4379              		.loc 1 1268 1 is_stmt 0 view .LVU1361
ARM GAS  C:\Users\jason\AppData\Local\Temp\ccKYcdsQ.s 			page 135


 4380 0066 7047     		bx	lr
 4381              		.cfi_endproc
 4382              	.LFE165:
 4384              		.section	.text.bmp5_nvm_read,"ax",%progbits
 4385              		.align	1
 4386              		.global	bmp5_nvm_read
 4387              		.syntax unified
 4388              		.thumb
 4389              		.thumb_func
 4391              	bmp5_nvm_read:
 4392              	.LVL438:
 4393              	.LFB166:
1274:Core/Src/bmp5/bmp5.c **** {
 4394              		.loc 1 1274 1 is_stmt 1 view -0
 4395              		.cfi_startproc
 4396              		@ args = 0, pretend = 0, frame = 8
 4397              		@ frame_needed = 0, uses_anonymous_args = 0
1274:Core/Src/bmp5/bmp5.c **** {
 4398              		.loc 1 1274 1 is_stmt 0 view .LVU1363
 4399 0000 70B5     		push	{r4, r5, r6, lr}
 4400              		.cfi_def_cfa_offset 16
 4401              		.cfi_offset 4, -16
 4402              		.cfi_offset 5, -12
 4403              		.cfi_offset 6, -8
 4404              		.cfi_offset 14, -4
 4405 0002 82B0     		sub	sp, sp, #8
 4406              		.cfi_def_cfa_offset 24
1275:Core/Src/bmp5/bmp5.c ****     int8_t rslt;
 4407              		.loc 1 1275 5 is_stmt 1 view .LVU1364
1276:Core/Src/bmp5/bmp5.c ****     uint8_t reg_data;
 4408              		.loc 1 1276 5 view .LVU1365
1279:Core/Src/bmp5/bmp5.c ****     enum bmp5_powermode curr_pwrmode;
 4409              		.loc 1 1279 5 view .LVU1366
1281:Core/Src/bmp5/bmp5.c ****     if (nvm_data != NULL)
 4410              		.loc 1 1281 5 view .LVU1367
1281:Core/Src/bmp5/bmp5.c ****     if (nvm_data != NULL)
 4411              		.loc 1 1281 8 is_stmt 0 view .LVU1368
 4412 0004 0029     		cmp	r1, #0
 4413 0006 3BD0     		beq	.L287
 4414 0008 1446     		mov	r4, r2
 4415 000a 0E46     		mov	r6, r1
1283:Core/Src/bmp5/bmp5.c ****         rslt = nvm_write_addr(nvm_addr, BMP5_DISABLE, &curr_pwrmode, dev);
 4416              		.loc 1 1283 9 is_stmt 1 view .LVU1369
1283:Core/Src/bmp5/bmp5.c ****         rslt = nvm_write_addr(nvm_addr, BMP5_DISABLE, &curr_pwrmode, dev);
 4417              		.loc 1 1283 16 is_stmt 0 view .LVU1370
 4418 000c 1346     		mov	r3, r2
 4419 000e 0DF10602 		add	r2, sp, #6
 4420              	.LVL439:
1283:Core/Src/bmp5/bmp5.c ****         rslt = nvm_write_addr(nvm_addr, BMP5_DISABLE, &curr_pwrmode, dev);
 4421              		.loc 1 1283 16 view .LVU1371
 4422 0012 0021     		movs	r1, #0
 4423              	.LVL440:
1283:Core/Src/bmp5/bmp5.c ****         rslt = nvm_write_addr(nvm_addr, BMP5_DISABLE, &curr_pwrmode, dev);
 4424              		.loc 1 1283 16 view .LVU1372
 4425 0014 FFF7FEFF 		bl	nvm_write_addr
 4426              	.LVL441:
1285:Core/Src/bmp5/bmp5.c ****         if (rslt == BMP5_OK)
ARM GAS  C:\Users\jason\AppData\Local\Temp\ccKYcdsQ.s 			page 136


 4427              		.loc 1 1285 9 is_stmt 1 view .LVU1373
1285:Core/Src/bmp5/bmp5.c ****         if (rslt == BMP5_OK)
 4428              		.loc 1 1285 12 is_stmt 0 view .LVU1374
 4429 0018 0546     		mov	r5, r0
 4430 001a 18B1     		cbz	r0, .L289
 4431              	.LVL442:
 4432              	.L286:
1302:Core/Src/bmp5/bmp5.c ****         if (rslt == BMP5_OK)
 4433              		.loc 1 1302 9 is_stmt 1 view .LVU1375
1302:Core/Src/bmp5/bmp5.c ****         if (rslt == BMP5_OK)
 4434              		.loc 1 1302 12 is_stmt 0 view .LVU1376
 4435 001c 05B3     		cbz	r5, .L290
 4436              	.LVL443:
 4437              	.L285:
1323:Core/Src/bmp5/bmp5.c ****     return rslt;
 4438              		.loc 1 1323 5 is_stmt 1 view .LVU1377
1324:Core/Src/bmp5/bmp5.c **** }
 4439              		.loc 1 1324 1 is_stmt 0 view .LVU1378
 4440 001e 2846     		mov	r0, r5
 4441 0020 02B0     		add	sp, sp, #8
 4442              		.cfi_remember_state
 4443              		.cfi_def_cfa_offset 16
 4444              		@ sp needed
 4445 0022 70BD     		pop	{r4, r5, r6, pc}
 4446              	.LVL444:
 4447              	.L289:
 4448              		.cfi_restore_state
1288:Core/Src/bmp5/bmp5.c ****             reg_data = BMP5_NVM_FIRST_CMND;
 4449              		.loc 1 1288 13 is_stmt 1 view .LVU1379
1288:Core/Src/bmp5/bmp5.c ****             reg_data = BMP5_NVM_FIRST_CMND;
 4450              		.loc 1 1288 22 is_stmt 0 view .LVU1380
 4451 0024 5D23     		movs	r3, #93
 4452 0026 8DF80730 		strb	r3, [sp, #7]
1289:Core/Src/bmp5/bmp5.c ****             rslt = bmp5_set_regs(BMP5_REG_CMD, &reg_data, 1, dev);
 4453              		.loc 1 1289 13 is_stmt 1 view .LVU1381
1289:Core/Src/bmp5/bmp5.c ****             rslt = bmp5_set_regs(BMP5_REG_CMD, &reg_data, 1, dev);
 4454              		.loc 1 1289 20 is_stmt 0 view .LVU1382
 4455 002a 2346     		mov	r3, r4
 4456 002c 0122     		movs	r2, #1
 4457 002e 0DF10701 		add	r1, sp, #7
 4458 0032 7E20     		movs	r0, #126
 4459              	.LVL445:
1289:Core/Src/bmp5/bmp5.c ****             rslt = bmp5_set_regs(BMP5_REG_CMD, &reg_data, 1, dev);
 4460              		.loc 1 1289 20 view .LVU1383
 4461 0034 FFF7FEFF 		bl	bmp5_set_regs
 4462              	.LVL446:
1292:Core/Src/bmp5/bmp5.c ****         if (rslt == BMP5_OK)
 4463              		.loc 1 1292 9 is_stmt 1 view .LVU1384
1292:Core/Src/bmp5/bmp5.c ****         if (rslt == BMP5_OK)
 4464              		.loc 1 1292 12 is_stmt 0 view .LVU1385
 4465 0038 0546     		mov	r5, r0
 4466 003a 0028     		cmp	r0, #0
 4467 003c EFD1     		bne	.L285
1295:Core/Src/bmp5/bmp5.c ****             reg_data = BMP5_NVM_READ_ENABLE_CMND;
 4468              		.loc 1 1295 13 is_stmt 1 view .LVU1386
1295:Core/Src/bmp5/bmp5.c ****             reg_data = BMP5_NVM_READ_ENABLE_CMND;
 4469              		.loc 1 1295 22 is_stmt 0 view .LVU1387
ARM GAS  C:\Users\jason\AppData\Local\Temp\ccKYcdsQ.s 			page 137


 4470 003e A523     		movs	r3, #165
 4471 0040 8DF80730 		strb	r3, [sp, #7]
1296:Core/Src/bmp5/bmp5.c ****             rslt = bmp5_set_regs(BMP5_REG_CMD, &reg_data, 1, dev);
 4472              		.loc 1 1296 13 is_stmt 1 view .LVU1388
1296:Core/Src/bmp5/bmp5.c ****             rslt = bmp5_set_regs(BMP5_REG_CMD, &reg_data, 1, dev);
 4473              		.loc 1 1296 20 is_stmt 0 view .LVU1389
 4474 0044 2346     		mov	r3, r4
 4475 0046 0122     		movs	r2, #1
 4476 0048 0DF10701 		add	r1, sp, #7
 4477 004c 7E20     		movs	r0, #126
 4478              	.LVL447:
1296:Core/Src/bmp5/bmp5.c ****             rslt = bmp5_set_regs(BMP5_REG_CMD, &reg_data, 1, dev);
 4479              		.loc 1 1296 20 view .LVU1390
 4480 004e FFF7FEFF 		bl	bmp5_set_regs
 4481              	.LVL448:
 4482 0052 0546     		mov	r5, r0
 4483              	.LVL449:
1299:Core/Src/bmp5/bmp5.c ****             dev->delay_us(BMP5_DELAY_US_NVM_READY_READ, dev->intf_ptr);
 4484              		.loc 1 1299 13 is_stmt 1 view .LVU1391
1299:Core/Src/bmp5/bmp5.c ****             dev->delay_us(BMP5_DELAY_US_NVM_READY_READ, dev->intf_ptr);
 4485              		.loc 1 1299 16 is_stmt 0 view .LVU1392
 4486 0054 2369     		ldr	r3, [r4, #16]
1299:Core/Src/bmp5/bmp5.c ****             dev->delay_us(BMP5_DELAY_US_NVM_READY_READ, dev->intf_ptr);
 4487              		.loc 1 1299 13 view .LVU1393
 4488 0056 6168     		ldr	r1, [r4, #4]
 4489 0058 4FF44870 		mov	r0, #800
 4490 005c 9847     		blx	r3
 4491              	.LVL450:
 4492 005e DDE7     		b	.L286
 4493              	.L290:
1304:Core/Src/bmp5/bmp5.c ****             rslt = get_nvm_data(nvm_data, dev);
 4494              		.loc 1 1304 13 is_stmt 1 view .LVU1394
1304:Core/Src/bmp5/bmp5.c ****             rslt = get_nvm_data(nvm_data, dev);
 4495              		.loc 1 1304 20 is_stmt 0 view .LVU1395
 4496 0060 2146     		mov	r1, r4
 4497 0062 3046     		mov	r0, r6
 4498 0064 FFF7FEFF 		bl	get_nvm_data
 4499              	.LVL451:
1307:Core/Src/bmp5/bmp5.c ****         if (rslt == BMP5_OK)
 4500              		.loc 1 1307 9 is_stmt 1 view .LVU1396
1307:Core/Src/bmp5/bmp5.c ****         if (rslt == BMP5_OK)
 4501              		.loc 1 1307 12 is_stmt 0 view .LVU1397
 4502 0068 0546     		mov	r5, r0
 4503 006a 0028     		cmp	r0, #0
 4504 006c D7D1     		bne	.L285
1312:Core/Src/bmp5/bmp5.c ****             if (curr_pwrmode != BMP5_POWERMODE_STANDBY)
 4505              		.loc 1 1312 13 is_stmt 1 view .LVU1398
1312:Core/Src/bmp5/bmp5.c ****             if (curr_pwrmode != BMP5_POWERMODE_STANDBY)
 4506              		.loc 1 1312 30 is_stmt 0 view .LVU1399
 4507 006e 9DF80600 		ldrb	r0, [sp, #6]	@ zero_extendqisi2
 4508              	.LVL452:
1312:Core/Src/bmp5/bmp5.c ****             if (curr_pwrmode != BMP5_POWERMODE_STANDBY)
 4509              		.loc 1 1312 16 view .LVU1400
 4510 0072 0028     		cmp	r0, #0
 4511 0074 D3D0     		beq	.L285
1314:Core/Src/bmp5/bmp5.c ****                 rslt = bmp5_set_power_mode(curr_pwrmode, dev);
 4512              		.loc 1 1314 17 is_stmt 1 view .LVU1401
ARM GAS  C:\Users\jason\AppData\Local\Temp\ccKYcdsQ.s 			page 138


1314:Core/Src/bmp5/bmp5.c ****                 rslt = bmp5_set_power_mode(curr_pwrmode, dev);
 4513              		.loc 1 1314 24 is_stmt 0 view .LVU1402
 4514 0076 2146     		mov	r1, r4
 4515 0078 FFF7FEFF 		bl	bmp5_set_power_mode
 4516              	.LVL453:
 4517 007c 0546     		mov	r5, r0
 4518              	.LVL454:
1314:Core/Src/bmp5/bmp5.c ****                 rslt = bmp5_set_power_mode(curr_pwrmode, dev);
 4519              		.loc 1 1314 24 view .LVU1403
 4520 007e CEE7     		b	.L285
 4521              	.LVL455:
 4522              	.L287:
1320:Core/Src/bmp5/bmp5.c ****         rslt = BMP5_E_NULL_PTR;
 4523              		.loc 1 1320 14 view .LVU1404
 4524 0080 4FF0FF33 		mov	r3, #-1
 4525 0084 1D46     		mov	r5, r3
 4526 0086 CAE7     		b	.L285
 4527              		.cfi_endproc
 4528              	.LFE166:
 4530              		.section	.text.bmp5_nvm_write,"ax",%progbits
 4531              		.align	1
 4532              		.global	bmp5_nvm_write
 4533              		.syntax unified
 4534              		.thumb
 4535              		.thumb_func
 4537              	bmp5_nvm_write:
 4538              	.LVL456:
 4539              	.LFB167:
1330:Core/Src/bmp5/bmp5.c **** {
 4540              		.loc 1 1330 1 is_stmt 1 view -0
 4541              		.cfi_startproc
 4542              		@ args = 0, pretend = 0, frame = 8
 4543              		@ frame_needed = 0, uses_anonymous_args = 0
1330:Core/Src/bmp5/bmp5.c **** {
 4544              		.loc 1 1330 1 is_stmt 0 view .LVU1406
 4545 0000 70B5     		push	{r4, r5, r6, lr}
 4546              		.cfi_def_cfa_offset 16
 4547              		.cfi_offset 4, -16
 4548              		.cfi_offset 5, -12
 4549              		.cfi_offset 6, -8
 4550              		.cfi_offset 14, -4
 4551 0002 82B0     		sub	sp, sp, #8
 4552              		.cfi_def_cfa_offset 24
1331:Core/Src/bmp5/bmp5.c ****     int8_t rslt;
 4553              		.loc 1 1331 5 is_stmt 1 view .LVU1407
1333:Core/Src/bmp5/bmp5.c ****     uint8_t nvm_status = 0;
 4554              		.loc 1 1333 5 view .LVU1408
1333:Core/Src/bmp5/bmp5.c ****     uint8_t nvm_status = 0;
 4555              		.loc 1 1333 13 is_stmt 0 view .LVU1409
 4556 0004 0023     		movs	r3, #0
 4557 0006 8DF80730 		strb	r3, [sp, #7]
1335:Core/Src/bmp5/bmp5.c ****     uint8_t reg_data = 0;
 4558              		.loc 1 1335 5 is_stmt 1 view .LVU1410
1335:Core/Src/bmp5/bmp5.c ****     uint8_t reg_data = 0;
 4559              		.loc 1 1335 13 is_stmt 0 view .LVU1411
 4560 000a 8DF80630 		strb	r3, [sp, #6]
1337:Core/Src/bmp5/bmp5.c ****     uint8_t nvmdata[2];
ARM GAS  C:\Users\jason\AppData\Local\Temp\ccKYcdsQ.s 			page 139


 4561              		.loc 1 1337 5 is_stmt 1 view .LVU1412
1340:Core/Src/bmp5/bmp5.c ****     enum bmp5_powermode curr_pwrmode;
 4562              		.loc 1 1340 5 view .LVU1413
1342:Core/Src/bmp5/bmp5.c ****     if (nvm_data != NULL)
 4563              		.loc 1 1342 5 view .LVU1414
1342:Core/Src/bmp5/bmp5.c ****     if (nvm_data != NULL)
 4564              		.loc 1 1342 8 is_stmt 0 view .LVU1415
 4565 000e 0029     		cmp	r1, #0
 4566 0010 6CD0     		beq	.L294
 4567 0012 1446     		mov	r4, r2
 4568 0014 0E46     		mov	r6, r1
1344:Core/Src/bmp5/bmp5.c ****         rslt = nvm_write_addr(nvm_addr, BMP5_ENABLE, &curr_pwrmode, dev);
 4569              		.loc 1 1344 9 is_stmt 1 view .LVU1416
1344:Core/Src/bmp5/bmp5.c ****         rslt = nvm_write_addr(nvm_addr, BMP5_ENABLE, &curr_pwrmode, dev);
 4570              		.loc 1 1344 16 is_stmt 0 view .LVU1417
 4571 0016 1346     		mov	r3, r2
 4572 0018 0DF10302 		add	r2, sp, #3
 4573              	.LVL457:
1344:Core/Src/bmp5/bmp5.c ****         rslt = nvm_write_addr(nvm_addr, BMP5_ENABLE, &curr_pwrmode, dev);
 4574              		.loc 1 1344 16 view .LVU1418
 4575 001c 0121     		movs	r1, #1
 4576              	.LVL458:
1344:Core/Src/bmp5/bmp5.c ****         rslt = nvm_write_addr(nvm_addr, BMP5_ENABLE, &curr_pwrmode, dev);
 4577              		.loc 1 1344 16 view .LVU1419
 4578 001e FFF7FEFF 		bl	nvm_write_addr
 4579              	.LVL459:
1346:Core/Src/bmp5/bmp5.c ****         if (rslt == BMP5_OK)
 4580              		.loc 1 1346 9 is_stmt 1 view .LVU1420
1346:Core/Src/bmp5/bmp5.c ****         if (rslt == BMP5_OK)
 4581              		.loc 1 1346 12 is_stmt 0 view .LVU1421
 4582 0022 0546     		mov	r5, r0
 4583 0024 18B1     		cbz	r0, .L299
 4584              	.LVL460:
 4585              	.L293:
1367:Core/Src/bmp5/bmp5.c ****         if (rslt == BMP5_OK)
 4586              		.loc 1 1367 9 is_stmt 1 view .LVU1422
1367:Core/Src/bmp5/bmp5.c ****         if (rslt == BMP5_OK)
 4587              		.loc 1 1367 12 is_stmt 0 view .LVU1423
 4588 0026 35B3     		cbz	r5, .L300
 4589              	.LVL461:
 4590              	.L292:
1412:Core/Src/bmp5/bmp5.c ****     return rslt;
 4591              		.loc 1 1412 5 is_stmt 1 view .LVU1424
1413:Core/Src/bmp5/bmp5.c **** }
 4592              		.loc 1 1413 1 is_stmt 0 view .LVU1425
 4593 0028 2846     		mov	r0, r5
 4594 002a 02B0     		add	sp, sp, #8
 4595              		.cfi_remember_state
 4596              		.cfi_def_cfa_offset 16
 4597              		@ sp needed
 4598 002c 70BD     		pop	{r4, r5, r6, pc}
 4599              	.LVL462:
 4600              	.L299:
 4601              		.cfi_restore_state
1349:Core/Src/bmp5/bmp5.c ****             rslt = bmp5_get_regs(BMP5_REG_NVM_DATA_LSB, nvmdata, 2, dev);
 4602              		.loc 1 1349 13 is_stmt 1 view .LVU1426
1349:Core/Src/bmp5/bmp5.c ****             rslt = bmp5_get_regs(BMP5_REG_NVM_DATA_LSB, nvmdata, 2, dev);
ARM GAS  C:\Users\jason\AppData\Local\Temp\ccKYcdsQ.s 			page 140


 4603              		.loc 1 1349 20 is_stmt 0 view .LVU1427
 4604 002e 2346     		mov	r3, r4
 4605 0030 0222     		movs	r2, #2
 4606 0032 01A9     		add	r1, sp, #4
 4607 0034 2C20     		movs	r0, #44
 4608              	.LVL463:
1349:Core/Src/bmp5/bmp5.c ****             rslt = bmp5_get_regs(BMP5_REG_NVM_DATA_LSB, nvmdata, 2, dev);
 4609              		.loc 1 1349 20 view .LVU1428
 4610 0036 FFF7FEFF 		bl	bmp5_get_regs
 4611              	.LVL464:
1351:Core/Src/bmp5/bmp5.c ****             if (rslt == BMP5_OK)
 4612              		.loc 1 1351 13 is_stmt 1 view .LVU1429
1351:Core/Src/bmp5/bmp5.c ****             if (rslt == BMP5_OK)
 4613              		.loc 1 1351 16 is_stmt 0 view .LVU1430
 4614 003a 0546     		mov	r5, r0
 4615 003c 0028     		cmp	r0, #0
 4616 003e F3D1     		bne	.L292
1353:Core/Src/bmp5/bmp5.c ****                 nvmdata[0] = (uint8_t)(*nvm_data & BMP5_NVM_DATA_LSB_MSK);
 4617              		.loc 1 1353 17 is_stmt 1 view .LVU1431
1353:Core/Src/bmp5/bmp5.c ****                 nvmdata[0] = (uint8_t)(*nvm_data & BMP5_NVM_DATA_LSB_MSK);
 4618              		.loc 1 1353 40 is_stmt 0 view .LVU1432
 4619 0040 3388     		ldrh	r3, [r6]
1353:Core/Src/bmp5/bmp5.c ****                 nvmdata[0] = (uint8_t)(*nvm_data & BMP5_NVM_DATA_LSB_MSK);
 4620              		.loc 1 1353 28 view .LVU1433
 4621 0042 8DF80430 		strb	r3, [sp, #4]
1354:Core/Src/bmp5/bmp5.c ****                 nvmdata[1] = (uint8_t)((*nvm_data & BMP5_NVM_DATA_MSB_MSK) >> 8);
 4622              		.loc 1 1354 17 is_stmt 1 view .LVU1434
1354:Core/Src/bmp5/bmp5.c ****                 nvmdata[1] = (uint8_t)((*nvm_data & BMP5_NVM_DATA_MSB_MSK) >> 8);
 4623              		.loc 1 1354 30 is_stmt 0 view .LVU1435
 4624 0046 1B0A     		lsrs	r3, r3, #8
1354:Core/Src/bmp5/bmp5.c ****                 nvmdata[1] = (uint8_t)((*nvm_data & BMP5_NVM_DATA_MSB_MSK) >> 8);
 4625              		.loc 1 1354 28 view .LVU1436
 4626 0048 8DF80530 		strb	r3, [sp, #5]
1356:Core/Src/bmp5/bmp5.c ****                 rslt = bmp5_set_regs(BMP5_REG_NVM_DATA_LSB, nvmdata, 2, dev);
 4627              		.loc 1 1356 17 is_stmt 1 view .LVU1437
1356:Core/Src/bmp5/bmp5.c ****                 rslt = bmp5_set_regs(BMP5_REG_NVM_DATA_LSB, nvmdata, 2, dev);
 4628              		.loc 1 1356 24 is_stmt 0 view .LVU1438
 4629 004c 2346     		mov	r3, r4
 4630 004e 0222     		movs	r2, #2
 4631 0050 01A9     		add	r1, sp, #4
 4632 0052 2C20     		movs	r0, #44
 4633              	.LVL465:
1356:Core/Src/bmp5/bmp5.c ****                 rslt = bmp5_set_regs(BMP5_REG_NVM_DATA_LSB, nvmdata, 2, dev);
 4634              		.loc 1 1356 24 view .LVU1439
 4635 0054 FFF7FEFF 		bl	bmp5_set_regs
 4636              	.LVL466:
1360:Core/Src/bmp5/bmp5.c ****         if (rslt == BMP5_OK)
 4637              		.loc 1 1360 9 is_stmt 1 view .LVU1440
1360:Core/Src/bmp5/bmp5.c ****         if (rslt == BMP5_OK)
 4638              		.loc 1 1360 12 is_stmt 0 view .LVU1441
 4639 0058 0546     		mov	r5, r0
 4640 005a 0028     		cmp	r0, #0
 4641 005c E4D1     		bne	.L292
1363:Core/Src/bmp5/bmp5.c ****             reg_data = BMP5_NVM_FIRST_CMND;
 4642              		.loc 1 1363 13 is_stmt 1 view .LVU1442
1363:Core/Src/bmp5/bmp5.c ****             reg_data = BMP5_NVM_FIRST_CMND;
 4643              		.loc 1 1363 22 is_stmt 0 view .LVU1443
ARM GAS  C:\Users\jason\AppData\Local\Temp\ccKYcdsQ.s 			page 141


 4644 005e 5D23     		movs	r3, #93
 4645 0060 8DF80630 		strb	r3, [sp, #6]
1364:Core/Src/bmp5/bmp5.c ****             rslt = bmp5_set_regs(BMP5_REG_CMD, &reg_data, 1, dev);
 4646              		.loc 1 1364 13 is_stmt 1 view .LVU1444
1364:Core/Src/bmp5/bmp5.c ****             rslt = bmp5_set_regs(BMP5_REG_CMD, &reg_data, 1, dev);
 4647              		.loc 1 1364 20 is_stmt 0 view .LVU1445
 4648 0064 2346     		mov	r3, r4
 4649 0066 0122     		movs	r2, #1
 4650 0068 0DF10601 		add	r1, sp, #6
 4651 006c 7E20     		movs	r0, #126
 4652              	.LVL467:
1364:Core/Src/bmp5/bmp5.c ****             rslt = bmp5_set_regs(BMP5_REG_CMD, &reg_data, 1, dev);
 4653              		.loc 1 1364 20 view .LVU1446
 4654 006e FFF7FEFF 		bl	bmp5_set_regs
 4655              	.LVL468:
 4656 0072 0546     		mov	r5, r0
 4657              	.LVL469:
1364:Core/Src/bmp5/bmp5.c ****             rslt = bmp5_set_regs(BMP5_REG_CMD, &reg_data, 1, dev);
 4658              		.loc 1 1364 20 view .LVU1447
 4659 0074 D7E7     		b	.L293
 4660              	.LVL470:
 4661              	.L300:
1370:Core/Src/bmp5/bmp5.c ****             reg_data = BMP5_NVM_WRITE_ENABLE_CMND;
 4662              		.loc 1 1370 13 is_stmt 1 view .LVU1448
1370:Core/Src/bmp5/bmp5.c ****             reg_data = BMP5_NVM_WRITE_ENABLE_CMND;
 4663              		.loc 1 1370 22 is_stmt 0 view .LVU1449
 4664 0076 A023     		movs	r3, #160
 4665 0078 8DF80630 		strb	r3, [sp, #6]
1371:Core/Src/bmp5/bmp5.c ****             rslt = bmp5_set_regs(BMP5_REG_CMD, &reg_data, 1, dev);
 4666              		.loc 1 1371 13 is_stmt 1 view .LVU1450
1371:Core/Src/bmp5/bmp5.c ****             rslt = bmp5_set_regs(BMP5_REG_CMD, &reg_data, 1, dev);
 4667              		.loc 1 1371 20 is_stmt 0 view .LVU1451
 4668 007c 2346     		mov	r3, r4
 4669 007e 0122     		movs	r2, #1
 4670 0080 0DF10601 		add	r1, sp, #6
 4671 0084 7E20     		movs	r0, #126
 4672 0086 FFF7FEFF 		bl	bmp5_set_regs
 4673              	.LVL471:
 4674 008a 0546     		mov	r5, r0
 4675              	.LVL472:
1374:Core/Src/bmp5/bmp5.c ****             dev->delay_us(BMP5_DELAY_US_NVM_READY_WRITE, dev->intf_ptr);
 4676              		.loc 1 1374 13 is_stmt 1 view .LVU1452
1374:Core/Src/bmp5/bmp5.c ****             dev->delay_us(BMP5_DELAY_US_NVM_READY_WRITE, dev->intf_ptr);
 4677              		.loc 1 1374 16 is_stmt 0 view .LVU1453
 4678 008c 2369     		ldr	r3, [r4, #16]
1374:Core/Src/bmp5/bmp5.c ****             dev->delay_us(BMP5_DELAY_US_NVM_READY_WRITE, dev->intf_ptr);
 4679              		.loc 1 1374 13 view .LVU1454
 4680 008e 6168     		ldr	r1, [r4, #4]
 4681 0090 42F21070 		movw	r0, #10000
 4682 0094 9847     		blx	r3
 4683              	.LVL473:
1377:Core/Src/bmp5/bmp5.c ****         if (rslt == BMP5_OK)
 4684              		.loc 1 1377 9 is_stmt 1 view .LVU1455
1377:Core/Src/bmp5/bmp5.c ****         if (rslt == BMP5_OK)
 4685              		.loc 1 1377 12 is_stmt 0 view .LVU1456
 4686 0096 002D     		cmp	r5, #0
 4687 0098 C6D1     		bne	.L292
ARM GAS  C:\Users\jason\AppData\Local\Temp\ccKYcdsQ.s 			page 142


1380:Core/Src/bmp5/bmp5.c ****             rslt = get_nvm_status(&nvm_status, dev);
 4688              		.loc 1 1380 13 is_stmt 1 view .LVU1457
1380:Core/Src/bmp5/bmp5.c ****             rslt = get_nvm_status(&nvm_status, dev);
 4689              		.loc 1 1380 20 is_stmt 0 view .LVU1458
 4690 009a 2146     		mov	r1, r4
 4691 009c 0DF10700 		add	r0, sp, #7
 4692 00a0 FFF7FEFF 		bl	get_nvm_status
 4693              	.LVL474:
1382:Core/Src/bmp5/bmp5.c ****             if ((nvm_status & BMP5_INT_NVM_RDY) && (!(nvm_status & BMP5_INT_NVM_ERR)) &&
 4694              		.loc 1 1382 13 is_stmt 1 view .LVU1459
1382:Core/Src/bmp5/bmp5.c ****             if ((nvm_status & BMP5_INT_NVM_RDY) && (!(nvm_status & BMP5_INT_NVM_ERR)) &&
 4695              		.loc 1 1382 29 is_stmt 0 view .LVU1460
 4696 00a4 9DF80730 		ldrb	r3, [sp, #7]	@ zero_extendqisi2
1382:Core/Src/bmp5/bmp5.c ****             if ((nvm_status & BMP5_INT_NVM_RDY) && (!(nvm_status & BMP5_INT_NVM_ERR)) &&
 4697              		.loc 1 1382 16 view .LVU1461
 4698 00a8 13F0020F 		tst	r3, #2
 4699 00ac 21D0     		beq	.L295
1382:Core/Src/bmp5/bmp5.c ****             if ((nvm_status & BMP5_INT_NVM_RDY) && (!(nvm_status & BMP5_INT_NVM_ERR)) &&
 4700              		.loc 1 1382 49 discriminator 1 view .LVU1462
 4701 00ae 13F0040F 		tst	r3, #4
 4702 00b2 21D1     		bne	.L296
1382:Core/Src/bmp5/bmp5.c ****             if ((nvm_status & BMP5_INT_NVM_RDY) && (!(nvm_status & BMP5_INT_NVM_ERR)) &&
 4703              		.loc 1 1382 87 discriminator 2 view .LVU1463
 4704 00b4 13F0080F 		tst	r3, #8
 4705 00b8 21D1     		bne	.L297
1386:Core/Src/bmp5/bmp5.c ****                 reg_data = BMP5_SET_BIT_VAL_0(reg_data, BMP5_NVM_PROG_EN);
 4706              		.loc 1 1386 17 is_stmt 1 view .LVU1464
1386:Core/Src/bmp5/bmp5.c ****                 reg_data = BMP5_SET_BIT_VAL_0(reg_data, BMP5_NVM_PROG_EN);
 4707              		.loc 1 1386 28 is_stmt 0 view .LVU1465
 4708 00ba 9DF80630 		ldrb	r3, [sp, #6]	@ zero_extendqisi2
 4709 00be 03F0BF03 		and	r3, r3, #191
1386:Core/Src/bmp5/bmp5.c ****                 reg_data = BMP5_SET_BIT_VAL_0(reg_data, BMP5_NVM_PROG_EN);
 4710              		.loc 1 1386 26 view .LVU1466
 4711 00c2 8DF80630 		strb	r3, [sp, #6]
1388:Core/Src/bmp5/bmp5.c ****                 rslt = bmp5_set_regs(BMP5_REG_NVM_ADDR, &reg_data, 1, dev);
 4712              		.loc 1 1388 17 is_stmt 1 view .LVU1467
1388:Core/Src/bmp5/bmp5.c ****                 rslt = bmp5_set_regs(BMP5_REG_NVM_ADDR, &reg_data, 1, dev);
 4713              		.loc 1 1388 24 is_stmt 0 view .LVU1468
 4714 00c6 2346     		mov	r3, r4
 4715 00c8 0122     		movs	r2, #1
 4716 00ca 0DF10601 		add	r1, sp, #6
 4717 00ce 2B20     		movs	r0, #43
 4718 00d0 FFF7FEFF 		bl	bmp5_set_regs
 4719              	.LVL475:
1396:Core/Src/bmp5/bmp5.c ****         if (rslt == BMP5_OK)
 4720              		.loc 1 1396 9 is_stmt 1 view .LVU1469
1396:Core/Src/bmp5/bmp5.c ****         if (rslt == BMP5_OK)
 4721              		.loc 1 1396 12 is_stmt 0 view .LVU1470
 4722 00d4 0546     		mov	r5, r0
 4723 00d6 0028     		cmp	r0, #0
 4724 00d8 A6D1     		bne	.L292
1401:Core/Src/bmp5/bmp5.c ****             if (curr_pwrmode != BMP5_POWERMODE_STANDBY)
 4725              		.loc 1 1401 13 is_stmt 1 view .LVU1471
1401:Core/Src/bmp5/bmp5.c ****             if (curr_pwrmode != BMP5_POWERMODE_STANDBY)
 4726              		.loc 1 1401 30 is_stmt 0 view .LVU1472
 4727 00da 9DF80300 		ldrb	r0, [sp, #3]	@ zero_extendqisi2
 4728              	.LVL476:
ARM GAS  C:\Users\jason\AppData\Local\Temp\ccKYcdsQ.s 			page 143


1401:Core/Src/bmp5/bmp5.c ****             if (curr_pwrmode != BMP5_POWERMODE_STANDBY)
 4729              		.loc 1 1401 16 view .LVU1473
 4730 00de 0028     		cmp	r0, #0
 4731 00e0 A2D0     		beq	.L292
1403:Core/Src/bmp5/bmp5.c ****                 rslt = bmp5_set_power_mode(curr_pwrmode, dev);
 4732              		.loc 1 1403 17 is_stmt 1 view .LVU1474
1403:Core/Src/bmp5/bmp5.c ****                 rslt = bmp5_set_power_mode(curr_pwrmode, dev);
 4733              		.loc 1 1403 24 is_stmt 0 view .LVU1475
 4734 00e2 2146     		mov	r1, r4
 4735 00e4 FFF7FEFF 		bl	bmp5_set_power_mode
 4736              	.LVL477:
 4737 00e8 0546     		mov	r5, r0
 4738              	.LVL478:
1403:Core/Src/bmp5/bmp5.c ****                 rslt = bmp5_set_power_mode(curr_pwrmode, dev);
 4739              		.loc 1 1403 24 view .LVU1476
 4740 00ea 9DE7     		b	.L292
 4741              	.LVL479:
 4742              	.L294:
1409:Core/Src/bmp5/bmp5.c ****         rslt = BMP5_E_NULL_PTR;
 4743              		.loc 1 1409 14 view .LVU1477
 4744 00ec 4FF0FF35 		mov	r5, #-1
 4745 00f0 9AE7     		b	.L292
 4746              	.LVL480:
 4747              	.L295:
1392:Core/Src/bmp5/bmp5.c ****                 rslt = BMP5_E_NVM_NOT_READY;
 4748              		.loc 1 1392 22 view .LVU1478
 4749 00f2 6FF00A05 		mvn	r5, #10
 4750 00f6 97E7     		b	.L292
 4751              	.L296:
 4752 00f8 6FF00A05 		mvn	r5, #10
 4753 00fc 94E7     		b	.L292
 4754              	.L297:
 4755 00fe 6FF00A05 		mvn	r5, #10
 4756 0102 91E7     		b	.L292
 4757              		.cfi_endproc
 4758              	.LFE167:
 4760              		.global	rslt
 4761              		.section	.bss.rslt,"aw",%nobits
 4764              	rslt:
 4765 0000 00       		.space	1
 4766              		.text
 4767              	.Letext0:
 4768              		.file 2 "C:/Users/jason/AppData/Roaming/Code/User/globalStorage/bmd.stm32-for-vscode/@xpack-dev-to
 4769              		.file 3 "C:/Users/jason/AppData/Roaming/Code/User/globalStorage/bmd.stm32-for-vscode/@xpack-dev-to
 4770              		.file 4 "Core/Inc/bmp5/bmp5_defs.h"
 4771              		.file 5 "Drivers/STM32H7xx_HAL_Driver/Inc/stm32h7xx_hal.h"
ARM GAS  C:\Users\jason\AppData\Local\Temp\ccKYcdsQ.s 			page 144


DEFINED SYMBOLS
                            *ABS*:00000000 bmp5.c
C:\Users\jason\AppData\Local\Temp\ccKYcdsQ.s:20     .text.null_ptr_check:00000000 $t
C:\Users\jason\AppData\Local\Temp\ccKYcdsQ.s:25     .text.null_ptr_check:00000000 null_ptr_check
C:\Users\jason\AppData\Local\Temp\ccKYcdsQ.s:87     .text.validate_chip_id:00000000 $t
C:\Users\jason\AppData\Local\Temp\ccKYcdsQ.s:92     .text.validate_chip_id:00000000 validate_chip_id
C:\Users\jason\AppData\Local\Temp\ccKYcdsQ.s:127    .text.set_fifo_threshold:00000000 $t
C:\Users\jason\AppData\Local\Temp\ccKYcdsQ.s:132    .text.set_fifo_threshold:00000000 set_fifo_threshold
C:\Users\jason\AppData\Local\Temp\ccKYcdsQ.s:220    .text.unpack_sensor_data:00000000 $t
C:\Users\jason\AppData\Local\Temp\ccKYcdsQ.s:225    .text.unpack_sensor_data:00000000 unpack_sensor_data
C:\Users\jason\AppData\Local\Temp\ccKYcdsQ.s:573    .text.unpack_sensor_data:000001c0 $d
C:\Users\jason\AppData\Local\Temp\ccKYcdsQ.s:581    .text.bmp5_get_regs:00000000 $t
C:\Users\jason\AppData\Local\Temp\ccKYcdsQ.s:587    .text.bmp5_get_regs:00000000 bmp5_get_regs
C:\Users\jason\AppData\Local\Temp\ccKYcdsQ.s:681    .text.get_nvm_status:00000000 $t
C:\Users\jason\AppData\Local\Temp\ccKYcdsQ.s:686    .text.get_nvm_status:00000000 get_nvm_status
C:\Users\jason\AppData\Local\Temp\ccKYcdsQ.s:731    .text.power_up_check:00000000 $t
C:\Users\jason\AppData\Local\Temp\ccKYcdsQ.s:736    .text.power_up_check:00000000 power_up_check
C:\Users\jason\AppData\Local\Temp\ccKYcdsQ.s:777    .text.power_up_check:00000020 $d
C:\Users\jason\AppData\Local\Temp\ccKYcdsQ.s:4764   .bss.rslt:00000000 rslt
C:\Users\jason\AppData\Local\Temp\ccKYcdsQ.s:782    .text.bmp5_init:00000000 $t
C:\Users\jason\AppData\Local\Temp\ccKYcdsQ.s:788    .text.bmp5_init:00000000 bmp5_init
C:\Users\jason\AppData\Local\Temp\ccKYcdsQ.s:905    .text.get_nvm_data:00000000 $t
C:\Users\jason\AppData\Local\Temp\ccKYcdsQ.s:910    .text.get_nvm_data:00000000 get_nvm_data
C:\Users\jason\AppData\Local\Temp\ccKYcdsQ.s:1008   .text.bmp5_set_regs:00000000 $t
C:\Users\jason\AppData\Local\Temp\ccKYcdsQ.s:1014   .text.bmp5_set_regs:00000000 bmp5_set_regs
C:\Users\jason\AppData\Local\Temp\ccKYcdsQ.s:1149   .text.set_deep_standby_mode:00000000 $t
C:\Users\jason\AppData\Local\Temp\ccKYcdsQ.s:1154   .text.set_deep_standby_mode:00000000 set_deep_standby_mode
C:\Users\jason\AppData\Local\Temp\ccKYcdsQ.s:1288   .text.set_power_mode:00000000 $t
C:\Users\jason\AppData\Local\Temp\ccKYcdsQ.s:1293   .text.set_power_mode:00000000 set_power_mode
C:\Users\jason\AppData\Local\Temp\ccKYcdsQ.s:1365   .text.set_iir_config:00000000 $t
C:\Users\jason\AppData\Local\Temp\ccKYcdsQ.s:1370   .text.set_iir_config:00000000 set_iir_config
C:\Users\jason\AppData\Local\Temp\ccKYcdsQ.s:1471   .text.set_nvm_addr:00000000 $t
C:\Users\jason\AppData\Local\Temp\ccKYcdsQ.s:1476   .text.set_nvm_addr:00000000 set_nvm_addr
C:\Users\jason\AppData\Local\Temp\ccKYcdsQ.s:1581   .text.bmp5_soft_reset:00000000 $t
C:\Users\jason\AppData\Local\Temp\ccKYcdsQ.s:1587   .text.bmp5_soft_reset:00000000 bmp5_soft_reset
C:\Users\jason\AppData\Local\Temp\ccKYcdsQ.s:1669   .text.bmp5_get_interrupt_status:00000000 $t
C:\Users\jason\AppData\Local\Temp\ccKYcdsQ.s:1675   .text.bmp5_get_interrupt_status:00000000 bmp5_get_interrupt_status
C:\Users\jason\AppData\Local\Temp\ccKYcdsQ.s:1720   .text.bmp5_get_sensor_data:00000000 $t
C:\Users\jason\AppData\Local\Temp\ccKYcdsQ.s:1726   .text.bmp5_get_sensor_data:00000000 bmp5_get_sensor_data
C:\Users\jason\AppData\Local\Temp\ccKYcdsQ.s:1846   .text.bmp5_get_sensor_data:00000088 $d
C:\Users\jason\AppData\Local\Temp\ccKYcdsQ.s:1854   .text.bmp5_int_source_select:00000000 $t
C:\Users\jason\AppData\Local\Temp\ccKYcdsQ.s:1860   .text.bmp5_int_source_select:00000000 bmp5_int_source_select
C:\Users\jason\AppData\Local\Temp\ccKYcdsQ.s:1973   .text.bmp5_configure_interrupt:00000000 $t
C:\Users\jason\AppData\Local\Temp\ccKYcdsQ.s:1979   .text.bmp5_configure_interrupt:00000000 bmp5_configure_interrupt
C:\Users\jason\AppData\Local\Temp\ccKYcdsQ.s:2115   .text.bmp5_get_osr_odr_press_config:00000000 $t
C:\Users\jason\AppData\Local\Temp\ccKYcdsQ.s:2121   .text.bmp5_get_osr_odr_press_config:00000000 bmp5_get_osr_odr_press_config
C:\Users\jason\AppData\Local\Temp\ccKYcdsQ.s:2200   .text.bmp5_get_iir_config:00000000 $t
C:\Users\jason\AppData\Local\Temp\ccKYcdsQ.s:2206   .text.bmp5_get_iir_config:00000000 bmp5_get_iir_config
C:\Users\jason\AppData\Local\Temp\ccKYcdsQ.s:2286   .text.check_deepstandby_mode:00000000 $t
C:\Users\jason\AppData\Local\Temp\ccKYcdsQ.s:2291   .text.check_deepstandby_mode:00000000 check_deepstandby_mode
C:\Users\jason\AppData\Local\Temp\ccKYcdsQ.s:2397   .text.bmp5_get_power_mode:00000000 $t
C:\Users\jason\AppData\Local\Temp\ccKYcdsQ.s:2403   .text.bmp5_get_power_mode:00000000 bmp5_get_power_mode
C:\Users\jason\AppData\Local\Temp\ccKYcdsQ.s:2555   .text.bmp5_set_power_mode:00000000 $t
C:\Users\jason\AppData\Local\Temp\ccKYcdsQ.s:2561   .text.bmp5_set_power_mode:00000000 bmp5_set_power_mode
C:\Users\jason\AppData\Local\Temp\ccKYcdsQ.s:2685   .text.set_standby_mode:00000000 $t
C:\Users\jason\AppData\Local\Temp\ccKYcdsQ.s:2690   .text.set_standby_mode:00000000 set_standby_mode
C:\Users\jason\AppData\Local\Temp\ccKYcdsQ.s:2747   .text.bmp5_set_osr_odr_press_config:00000000 $t
ARM GAS  C:\Users\jason\AppData\Local\Temp\ccKYcdsQ.s 			page 145


C:\Users\jason\AppData\Local\Temp\ccKYcdsQ.s:2753   .text.bmp5_set_osr_odr_press_config:00000000 bmp5_set_osr_odr_press_config
C:\Users\jason\AppData\Local\Temp\ccKYcdsQ.s:2884   .text.set_fifo_iir_config:00000000 $t
C:\Users\jason\AppData\Local\Temp\ccKYcdsQ.s:2889   .text.set_fifo_iir_config:00000000 set_fifo_iir_config
C:\Users\jason\AppData\Local\Temp\ccKYcdsQ.s:3029   .text.set_oor_iir_count_limit:00000000 $t
C:\Users\jason\AppData\Local\Temp\ccKYcdsQ.s:3034   .text.set_oor_iir_count_limit:00000000 set_oor_iir_count_limit
C:\Users\jason\AppData\Local\Temp\ccKYcdsQ.s:3206   .text.nvm_write_addr:00000000 $t
C:\Users\jason\AppData\Local\Temp\ccKYcdsQ.s:3211   .text.nvm_write_addr:00000000 nvm_write_addr
C:\Users\jason\AppData\Local\Temp\ccKYcdsQ.s:3304   .text.bmp5_set_iir_config:00000000 $t
C:\Users\jason\AppData\Local\Temp\ccKYcdsQ.s:3310   .text.bmp5_set_iir_config:00000000 bmp5_set_iir_config
C:\Users\jason\AppData\Local\Temp\ccKYcdsQ.s:3447   .text.bmp5_get_osr_odr_eff:00000000 $t
C:\Users\jason\AppData\Local\Temp\ccKYcdsQ.s:3453   .text.bmp5_get_osr_odr_eff:00000000 bmp5_get_osr_odr_eff
C:\Users\jason\AppData\Local\Temp\ccKYcdsQ.s:3526   .text.bmp5_get_fifo_configuration:00000000 $t
C:\Users\jason\AppData\Local\Temp\ccKYcdsQ.s:3532   .text.bmp5_get_fifo_configuration:00000000 bmp5_get_fifo_configuration
C:\Users\jason\AppData\Local\Temp\ccKYcdsQ.s:3661   .text.bmp5_set_fifo_configuration:00000000 $t
C:\Users\jason\AppData\Local\Temp\ccKYcdsQ.s:3667   .text.bmp5_set_fifo_configuration:00000000 bmp5_set_fifo_configuration
C:\Users\jason\AppData\Local\Temp\ccKYcdsQ.s:3855   .text.bmp5_get_fifo_len:00000000 $t
C:\Users\jason\AppData\Local\Temp\ccKYcdsQ.s:3861   .text.bmp5_get_fifo_len:00000000 bmp5_get_fifo_len
C:\Users\jason\AppData\Local\Temp\ccKYcdsQ.s:3956   .text.bmp5_get_fifo_data:00000000 $t
C:\Users\jason\AppData\Local\Temp\ccKYcdsQ.s:3962   .text.bmp5_get_fifo_data:00000000 bmp5_get_fifo_data
C:\Users\jason\AppData\Local\Temp\ccKYcdsQ.s:4043   .text.bmp5_extract_fifo_data:00000000 $t
C:\Users\jason\AppData\Local\Temp\ccKYcdsQ.s:4049   .text.bmp5_extract_fifo_data:00000000 bmp5_extract_fifo_data
C:\Users\jason\AppData\Local\Temp\ccKYcdsQ.s:4140   .text.bmp5_get_oor_configuration:00000000 $t
C:\Users\jason\AppData\Local\Temp\ccKYcdsQ.s:4146   .text.bmp5_get_oor_configuration:00000000 bmp5_get_oor_configuration
C:\Users\jason\AppData\Local\Temp\ccKYcdsQ.s:4257   .text.bmp5_set_oor_configuration:00000000 $t
C:\Users\jason\AppData\Local\Temp\ccKYcdsQ.s:4263   .text.bmp5_set_oor_configuration:00000000 bmp5_set_oor_configuration
C:\Users\jason\AppData\Local\Temp\ccKYcdsQ.s:4385   .text.bmp5_nvm_read:00000000 $t
C:\Users\jason\AppData\Local\Temp\ccKYcdsQ.s:4391   .text.bmp5_nvm_read:00000000 bmp5_nvm_read
C:\Users\jason\AppData\Local\Temp\ccKYcdsQ.s:4531   .text.bmp5_nvm_write:00000000 $t
C:\Users\jason\AppData\Local\Temp\ccKYcdsQ.s:4537   .text.bmp5_nvm_write:00000000 bmp5_nvm_write
C:\Users\jason\AppData\Local\Temp\ccKYcdsQ.s:4765   .bss.rslt:00000000 $d

UNDEFINED SYMBOLS
HAL_Delay
