ARM GAS  C:\Users\jason\AppData\Local\Temp\cciHz2Wv.s 			page 1


   1              		.cpu cortex-m7
   2              		.arch armv7e-m
   3              		.fpu fpv5-d16
   4              		.eabi_attribute 28, 1
   5              		.eabi_attribute 20, 1
   6              		.eabi_attribute 21, 1
   7              		.eabi_attribute 23, 3
   8              		.eabi_attribute 24, 1
   9              		.eabi_attribute 25, 1
  10              		.eabi_attribute 26, 1
  11              		.eabi_attribute 30, 1
  12              		.eabi_attribute 34, 1
  13              		.eabi_attribute 18, 4
  14              		.file	"event_groups.c"
  15              		.text
  16              	.Ltext0:
  17              		.cfi_sections	.debug_frame
  18              		.file 1 "Middlewares/Third_Party/FreeRTOS/Source/event_groups.c"
  19              		.section	.text.prvTestWaitCondition,"ax",%progbits
  20              		.align	1
  21              		.syntax unified
  22              		.thumb
  23              		.thumb_func
  25              	prvTestWaitCondition:
  26              	.LVL0:
  27              	.LFB15:
   1:Middlewares/Third_Party/FreeRTOS/Source/event_groups.c **** /*
   2:Middlewares/Third_Party/FreeRTOS/Source/event_groups.c ****  * FreeRTOS Kernel V10.3.1
   3:Middlewares/Third_Party/FreeRTOS/Source/event_groups.c ****  * Copyright (C) 2020 Amazon.com, Inc. or its affiliates.  All Rights Reserved.
   4:Middlewares/Third_Party/FreeRTOS/Source/event_groups.c ****  *
   5:Middlewares/Third_Party/FreeRTOS/Source/event_groups.c ****  * Permission is hereby granted, free of charge, to any person obtaining a copy of
   6:Middlewares/Third_Party/FreeRTOS/Source/event_groups.c ****  * this software and associated documentation files (the "Software"), to deal in
   7:Middlewares/Third_Party/FreeRTOS/Source/event_groups.c ****  * the Software without restriction, including without limitation the rights to
   8:Middlewares/Third_Party/FreeRTOS/Source/event_groups.c ****  * use, copy, modify, merge, publish, distribute, sublicense, and/or sell copies of
   9:Middlewares/Third_Party/FreeRTOS/Source/event_groups.c ****  * the Software, and to permit persons to whom the Software is furnished to do so,
  10:Middlewares/Third_Party/FreeRTOS/Source/event_groups.c ****  * subject to the following conditions:
  11:Middlewares/Third_Party/FreeRTOS/Source/event_groups.c ****  *
  12:Middlewares/Third_Party/FreeRTOS/Source/event_groups.c ****  * The above copyright notice and this permission notice shall be included in all
  13:Middlewares/Third_Party/FreeRTOS/Source/event_groups.c ****  * copies or substantial portions of the Software.
  14:Middlewares/Third_Party/FreeRTOS/Source/event_groups.c ****  *
  15:Middlewares/Third_Party/FreeRTOS/Source/event_groups.c ****  * THE SOFTWARE IS PROVIDED "AS IS", WITHOUT WARRANTY OF ANY KIND, EXPRESS OR
  16:Middlewares/Third_Party/FreeRTOS/Source/event_groups.c ****  * IMPLIED, INCLUDING BUT NOT LIMITED TO THE WARRANTIES OF MERCHANTABILITY, FITNESS
  17:Middlewares/Third_Party/FreeRTOS/Source/event_groups.c ****  * FOR A PARTICULAR PURPOSE AND NONINFRINGEMENT. IN NO EVENT SHALL THE AUTHORS OR
  18:Middlewares/Third_Party/FreeRTOS/Source/event_groups.c ****  * COPYRIGHT HOLDERS BE LIABLE FOR ANY CLAIM, DAMAGES OR OTHER LIABILITY, WHETHER
  19:Middlewares/Third_Party/FreeRTOS/Source/event_groups.c ****  * IN AN ACTION OF CONTRACT, TORT OR OTHERWISE, ARISING FROM, OUT OF OR IN
  20:Middlewares/Third_Party/FreeRTOS/Source/event_groups.c ****  * CONNECTION WITH THE SOFTWARE OR THE USE OR OTHER DEALINGS IN THE SOFTWARE.
  21:Middlewares/Third_Party/FreeRTOS/Source/event_groups.c ****  *
  22:Middlewares/Third_Party/FreeRTOS/Source/event_groups.c ****  * http://www.FreeRTOS.org
  23:Middlewares/Third_Party/FreeRTOS/Source/event_groups.c ****  * http://aws.amazon.com/freertos
  24:Middlewares/Third_Party/FreeRTOS/Source/event_groups.c ****  *
  25:Middlewares/Third_Party/FreeRTOS/Source/event_groups.c ****  * 1 tab == 4 spaces!
  26:Middlewares/Third_Party/FreeRTOS/Source/event_groups.c ****  */
  27:Middlewares/Third_Party/FreeRTOS/Source/event_groups.c **** 
  28:Middlewares/Third_Party/FreeRTOS/Source/event_groups.c **** /* Standard includes. */
  29:Middlewares/Third_Party/FreeRTOS/Source/event_groups.c **** #include <stdlib.h>
  30:Middlewares/Third_Party/FreeRTOS/Source/event_groups.c **** 
  31:Middlewares/Third_Party/FreeRTOS/Source/event_groups.c **** /* Defining MPU_WRAPPERS_INCLUDED_FROM_API_FILE prevents task.h from redefining
ARM GAS  C:\Users\jason\AppData\Local\Temp\cciHz2Wv.s 			page 2


  32:Middlewares/Third_Party/FreeRTOS/Source/event_groups.c **** all the API functions to use the MPU wrappers.  That should only be done when
  33:Middlewares/Third_Party/FreeRTOS/Source/event_groups.c **** task.h is included from an application file. */
  34:Middlewares/Third_Party/FreeRTOS/Source/event_groups.c **** #define MPU_WRAPPERS_INCLUDED_FROM_API_FILE
  35:Middlewares/Third_Party/FreeRTOS/Source/event_groups.c **** 
  36:Middlewares/Third_Party/FreeRTOS/Source/event_groups.c **** /* FreeRTOS includes. */
  37:Middlewares/Third_Party/FreeRTOS/Source/event_groups.c **** #include "FreeRTOS.h"
  38:Middlewares/Third_Party/FreeRTOS/Source/event_groups.c **** #include "task.h"
  39:Middlewares/Third_Party/FreeRTOS/Source/event_groups.c **** #include "timers.h"
  40:Middlewares/Third_Party/FreeRTOS/Source/event_groups.c **** #include "event_groups.h"
  41:Middlewares/Third_Party/FreeRTOS/Source/event_groups.c **** 
  42:Middlewares/Third_Party/FreeRTOS/Source/event_groups.c **** /* Lint e961, e750 and e9021 are suppressed as a MISRA exception justified
  43:Middlewares/Third_Party/FreeRTOS/Source/event_groups.c **** because the MPU ports require MPU_WRAPPERS_INCLUDED_FROM_API_FILE to be defined
  44:Middlewares/Third_Party/FreeRTOS/Source/event_groups.c **** for the header files above, but not in this file, in order to generate the
  45:Middlewares/Third_Party/FreeRTOS/Source/event_groups.c **** correct privileged Vs unprivileged linkage and placement. */
  46:Middlewares/Third_Party/FreeRTOS/Source/event_groups.c **** #undef MPU_WRAPPERS_INCLUDED_FROM_API_FILE /*lint !e961 !e750 !e9021 See comment above. */
  47:Middlewares/Third_Party/FreeRTOS/Source/event_groups.c **** 
  48:Middlewares/Third_Party/FreeRTOS/Source/event_groups.c **** /* The following bit fields convey control information in a task's event list
  49:Middlewares/Third_Party/FreeRTOS/Source/event_groups.c **** item value.  It is important they don't clash with the
  50:Middlewares/Third_Party/FreeRTOS/Source/event_groups.c **** taskEVENT_LIST_ITEM_VALUE_IN_USE definition. */
  51:Middlewares/Third_Party/FreeRTOS/Source/event_groups.c **** #if configUSE_16_BIT_TICKS == 1
  52:Middlewares/Third_Party/FreeRTOS/Source/event_groups.c **** 	#define eventCLEAR_EVENTS_ON_EXIT_BIT	0x0100U
  53:Middlewares/Third_Party/FreeRTOS/Source/event_groups.c **** 	#define eventUNBLOCKED_DUE_TO_BIT_SET	0x0200U
  54:Middlewares/Third_Party/FreeRTOS/Source/event_groups.c **** 	#define eventWAIT_FOR_ALL_BITS			0x0400U
  55:Middlewares/Third_Party/FreeRTOS/Source/event_groups.c **** 	#define eventEVENT_BITS_CONTROL_BYTES	0xff00U
  56:Middlewares/Third_Party/FreeRTOS/Source/event_groups.c **** #else
  57:Middlewares/Third_Party/FreeRTOS/Source/event_groups.c **** 	#define eventCLEAR_EVENTS_ON_EXIT_BIT	0x01000000UL
  58:Middlewares/Third_Party/FreeRTOS/Source/event_groups.c **** 	#define eventUNBLOCKED_DUE_TO_BIT_SET	0x02000000UL
  59:Middlewares/Third_Party/FreeRTOS/Source/event_groups.c **** 	#define eventWAIT_FOR_ALL_BITS			0x04000000UL
  60:Middlewares/Third_Party/FreeRTOS/Source/event_groups.c **** 	#define eventEVENT_BITS_CONTROL_BYTES	0xff000000UL
  61:Middlewares/Third_Party/FreeRTOS/Source/event_groups.c **** #endif
  62:Middlewares/Third_Party/FreeRTOS/Source/event_groups.c **** 
  63:Middlewares/Third_Party/FreeRTOS/Source/event_groups.c **** typedef struct EventGroupDef_t
  64:Middlewares/Third_Party/FreeRTOS/Source/event_groups.c **** {
  65:Middlewares/Third_Party/FreeRTOS/Source/event_groups.c **** 	EventBits_t uxEventBits;
  66:Middlewares/Third_Party/FreeRTOS/Source/event_groups.c **** 	List_t xTasksWaitingForBits;		/*< List of tasks waiting for a bit to be set. */
  67:Middlewares/Third_Party/FreeRTOS/Source/event_groups.c **** 
  68:Middlewares/Third_Party/FreeRTOS/Source/event_groups.c **** 	#if( configUSE_TRACE_FACILITY == 1 )
  69:Middlewares/Third_Party/FreeRTOS/Source/event_groups.c **** 		UBaseType_t uxEventGroupNumber;
  70:Middlewares/Third_Party/FreeRTOS/Source/event_groups.c **** 	#endif
  71:Middlewares/Third_Party/FreeRTOS/Source/event_groups.c **** 
  72:Middlewares/Third_Party/FreeRTOS/Source/event_groups.c **** 	#if( ( configSUPPORT_STATIC_ALLOCATION == 1 ) && ( configSUPPORT_DYNAMIC_ALLOCATION == 1 ) )
  73:Middlewares/Third_Party/FreeRTOS/Source/event_groups.c **** 		uint8_t ucStaticallyAllocated; /*< Set to pdTRUE if the event group is statically allocated to en
  74:Middlewares/Third_Party/FreeRTOS/Source/event_groups.c **** 	#endif
  75:Middlewares/Third_Party/FreeRTOS/Source/event_groups.c **** } EventGroup_t;
  76:Middlewares/Third_Party/FreeRTOS/Source/event_groups.c **** 
  77:Middlewares/Third_Party/FreeRTOS/Source/event_groups.c **** /*-----------------------------------------------------------*/
  78:Middlewares/Third_Party/FreeRTOS/Source/event_groups.c **** 
  79:Middlewares/Third_Party/FreeRTOS/Source/event_groups.c **** /*
  80:Middlewares/Third_Party/FreeRTOS/Source/event_groups.c ****  * Test the bits set in uxCurrentEventBits to see if the wait condition is met.
  81:Middlewares/Third_Party/FreeRTOS/Source/event_groups.c ****  * The wait condition is defined by xWaitForAllBits.  If xWaitForAllBits is
  82:Middlewares/Third_Party/FreeRTOS/Source/event_groups.c ****  * pdTRUE then the wait condition is met if all the bits set in uxBitsToWaitFor
  83:Middlewares/Third_Party/FreeRTOS/Source/event_groups.c ****  * are also set in uxCurrentEventBits.  If xWaitForAllBits is pdFALSE then the
  84:Middlewares/Third_Party/FreeRTOS/Source/event_groups.c ****  * wait condition is met if any of the bits set in uxBitsToWait for are also set
  85:Middlewares/Third_Party/FreeRTOS/Source/event_groups.c ****  * in uxCurrentEventBits.
  86:Middlewares/Third_Party/FreeRTOS/Source/event_groups.c ****  */
  87:Middlewares/Third_Party/FreeRTOS/Source/event_groups.c **** static BaseType_t prvTestWaitCondition( const EventBits_t uxCurrentEventBits, const EventBits_t uxB
  88:Middlewares/Third_Party/FreeRTOS/Source/event_groups.c **** 
ARM GAS  C:\Users\jason\AppData\Local\Temp\cciHz2Wv.s 			page 3


  89:Middlewares/Third_Party/FreeRTOS/Source/event_groups.c **** /*-----------------------------------------------------------*/
  90:Middlewares/Third_Party/FreeRTOS/Source/event_groups.c **** 
  91:Middlewares/Third_Party/FreeRTOS/Source/event_groups.c **** #if( configSUPPORT_STATIC_ALLOCATION == 1 )
  92:Middlewares/Third_Party/FreeRTOS/Source/event_groups.c **** 
  93:Middlewares/Third_Party/FreeRTOS/Source/event_groups.c **** 	EventGroupHandle_t xEventGroupCreateStatic( StaticEventGroup_t *pxEventGroupBuffer )
  94:Middlewares/Third_Party/FreeRTOS/Source/event_groups.c **** 	{
  95:Middlewares/Third_Party/FreeRTOS/Source/event_groups.c **** 	EventGroup_t *pxEventBits;
  96:Middlewares/Third_Party/FreeRTOS/Source/event_groups.c **** 
  97:Middlewares/Third_Party/FreeRTOS/Source/event_groups.c **** 		/* A StaticEventGroup_t object must be provided. */
  98:Middlewares/Third_Party/FreeRTOS/Source/event_groups.c **** 		configASSERT( pxEventGroupBuffer );
  99:Middlewares/Third_Party/FreeRTOS/Source/event_groups.c **** 
 100:Middlewares/Third_Party/FreeRTOS/Source/event_groups.c **** 		#if( configASSERT_DEFINED == 1 )
 101:Middlewares/Third_Party/FreeRTOS/Source/event_groups.c **** 		{
 102:Middlewares/Third_Party/FreeRTOS/Source/event_groups.c **** 			/* Sanity check that the size of the structure used to declare a
 103:Middlewares/Third_Party/FreeRTOS/Source/event_groups.c **** 			variable of type StaticEventGroup_t equals the size of the real
 104:Middlewares/Third_Party/FreeRTOS/Source/event_groups.c **** 			event group structure. */
 105:Middlewares/Third_Party/FreeRTOS/Source/event_groups.c **** 			volatile size_t xSize = sizeof( StaticEventGroup_t );
 106:Middlewares/Third_Party/FreeRTOS/Source/event_groups.c **** 			configASSERT( xSize == sizeof( EventGroup_t ) );
 107:Middlewares/Third_Party/FreeRTOS/Source/event_groups.c **** 		} /*lint !e529 xSize is referenced if configASSERT() is defined. */
 108:Middlewares/Third_Party/FreeRTOS/Source/event_groups.c **** 		#endif /* configASSERT_DEFINED */
 109:Middlewares/Third_Party/FreeRTOS/Source/event_groups.c **** 
 110:Middlewares/Third_Party/FreeRTOS/Source/event_groups.c **** 		/* The user has provided a statically allocated event group - use it. */
 111:Middlewares/Third_Party/FreeRTOS/Source/event_groups.c **** 		pxEventBits = ( EventGroup_t * ) pxEventGroupBuffer; /*lint !e740 !e9087 EventGroup_t and StaticE
 112:Middlewares/Third_Party/FreeRTOS/Source/event_groups.c **** 
 113:Middlewares/Third_Party/FreeRTOS/Source/event_groups.c **** 		if( pxEventBits != NULL )
 114:Middlewares/Third_Party/FreeRTOS/Source/event_groups.c **** 		{
 115:Middlewares/Third_Party/FreeRTOS/Source/event_groups.c **** 			pxEventBits->uxEventBits = 0;
 116:Middlewares/Third_Party/FreeRTOS/Source/event_groups.c **** 			vListInitialise( &( pxEventBits->xTasksWaitingForBits ) );
 117:Middlewares/Third_Party/FreeRTOS/Source/event_groups.c **** 
 118:Middlewares/Third_Party/FreeRTOS/Source/event_groups.c **** 			#if( configSUPPORT_DYNAMIC_ALLOCATION == 1 )
 119:Middlewares/Third_Party/FreeRTOS/Source/event_groups.c **** 			{
 120:Middlewares/Third_Party/FreeRTOS/Source/event_groups.c **** 				/* Both static and dynamic allocation can be used, so note that
 121:Middlewares/Third_Party/FreeRTOS/Source/event_groups.c **** 				this event group was created statically in case the event group
 122:Middlewares/Third_Party/FreeRTOS/Source/event_groups.c **** 				is later deleted. */
 123:Middlewares/Third_Party/FreeRTOS/Source/event_groups.c **** 				pxEventBits->ucStaticallyAllocated = pdTRUE;
 124:Middlewares/Third_Party/FreeRTOS/Source/event_groups.c **** 			}
 125:Middlewares/Third_Party/FreeRTOS/Source/event_groups.c **** 			#endif /* configSUPPORT_DYNAMIC_ALLOCATION */
 126:Middlewares/Third_Party/FreeRTOS/Source/event_groups.c **** 
 127:Middlewares/Third_Party/FreeRTOS/Source/event_groups.c **** 			traceEVENT_GROUP_CREATE( pxEventBits );
 128:Middlewares/Third_Party/FreeRTOS/Source/event_groups.c **** 		}
 129:Middlewares/Third_Party/FreeRTOS/Source/event_groups.c **** 		else
 130:Middlewares/Third_Party/FreeRTOS/Source/event_groups.c **** 		{
 131:Middlewares/Third_Party/FreeRTOS/Source/event_groups.c **** 			/* xEventGroupCreateStatic should only ever be called with
 132:Middlewares/Third_Party/FreeRTOS/Source/event_groups.c **** 			pxEventGroupBuffer pointing to a pre-allocated (compile time
 133:Middlewares/Third_Party/FreeRTOS/Source/event_groups.c **** 			allocated) StaticEventGroup_t variable. */
 134:Middlewares/Third_Party/FreeRTOS/Source/event_groups.c **** 			traceEVENT_GROUP_CREATE_FAILED();
 135:Middlewares/Third_Party/FreeRTOS/Source/event_groups.c **** 		}
 136:Middlewares/Third_Party/FreeRTOS/Source/event_groups.c **** 
 137:Middlewares/Third_Party/FreeRTOS/Source/event_groups.c **** 		return pxEventBits;
 138:Middlewares/Third_Party/FreeRTOS/Source/event_groups.c **** 	}
 139:Middlewares/Third_Party/FreeRTOS/Source/event_groups.c **** 
 140:Middlewares/Third_Party/FreeRTOS/Source/event_groups.c **** #endif /* configSUPPORT_STATIC_ALLOCATION */
 141:Middlewares/Third_Party/FreeRTOS/Source/event_groups.c **** /*-----------------------------------------------------------*/
 142:Middlewares/Third_Party/FreeRTOS/Source/event_groups.c **** 
 143:Middlewares/Third_Party/FreeRTOS/Source/event_groups.c **** #if( configSUPPORT_DYNAMIC_ALLOCATION == 1 )
 144:Middlewares/Third_Party/FreeRTOS/Source/event_groups.c **** 
 145:Middlewares/Third_Party/FreeRTOS/Source/event_groups.c **** 	EventGroupHandle_t xEventGroupCreate( void )
ARM GAS  C:\Users\jason\AppData\Local\Temp\cciHz2Wv.s 			page 4


 146:Middlewares/Third_Party/FreeRTOS/Source/event_groups.c **** 	{
 147:Middlewares/Third_Party/FreeRTOS/Source/event_groups.c **** 	EventGroup_t *pxEventBits;
 148:Middlewares/Third_Party/FreeRTOS/Source/event_groups.c **** 
 149:Middlewares/Third_Party/FreeRTOS/Source/event_groups.c **** 		/* Allocate the event group.  Justification for MISRA deviation as
 150:Middlewares/Third_Party/FreeRTOS/Source/event_groups.c **** 		follows:  pvPortMalloc() always ensures returned memory blocks are
 151:Middlewares/Third_Party/FreeRTOS/Source/event_groups.c **** 		aligned per the requirements of the MCU stack.  In this case
 152:Middlewares/Third_Party/FreeRTOS/Source/event_groups.c **** 		pvPortMalloc() must return a pointer that is guaranteed to meet the
 153:Middlewares/Third_Party/FreeRTOS/Source/event_groups.c **** 		alignment requirements of the EventGroup_t structure - which (if you
 154:Middlewares/Third_Party/FreeRTOS/Source/event_groups.c **** 		follow it through) is the alignment requirements of the TickType_t type
 155:Middlewares/Third_Party/FreeRTOS/Source/event_groups.c **** 		(EventBits_t being of TickType_t itself).  Therefore, whenever the
 156:Middlewares/Third_Party/FreeRTOS/Source/event_groups.c **** 		stack alignment requirements are greater than or equal to the
 157:Middlewares/Third_Party/FreeRTOS/Source/event_groups.c **** 		TickType_t alignment requirements the cast is safe.  In other cases,
 158:Middlewares/Third_Party/FreeRTOS/Source/event_groups.c **** 		where the natural word size of the architecture is less than
 159:Middlewares/Third_Party/FreeRTOS/Source/event_groups.c **** 		sizeof( TickType_t ), the TickType_t variables will be accessed in two
 160:Middlewares/Third_Party/FreeRTOS/Source/event_groups.c **** 		or more reads operations, and the alignment requirements is only that
 161:Middlewares/Third_Party/FreeRTOS/Source/event_groups.c **** 		of each individual read. */
 162:Middlewares/Third_Party/FreeRTOS/Source/event_groups.c **** 		pxEventBits = ( EventGroup_t * ) pvPortMalloc( sizeof( EventGroup_t ) ); /*lint !e9087 !e9079 see
 163:Middlewares/Third_Party/FreeRTOS/Source/event_groups.c **** 
 164:Middlewares/Third_Party/FreeRTOS/Source/event_groups.c **** 		if( pxEventBits != NULL )
 165:Middlewares/Third_Party/FreeRTOS/Source/event_groups.c **** 		{
 166:Middlewares/Third_Party/FreeRTOS/Source/event_groups.c **** 			pxEventBits->uxEventBits = 0;
 167:Middlewares/Third_Party/FreeRTOS/Source/event_groups.c **** 			vListInitialise( &( pxEventBits->xTasksWaitingForBits ) );
 168:Middlewares/Third_Party/FreeRTOS/Source/event_groups.c **** 
 169:Middlewares/Third_Party/FreeRTOS/Source/event_groups.c **** 			#if( configSUPPORT_STATIC_ALLOCATION == 1 )
 170:Middlewares/Third_Party/FreeRTOS/Source/event_groups.c **** 			{
 171:Middlewares/Third_Party/FreeRTOS/Source/event_groups.c **** 				/* Both static and dynamic allocation can be used, so note this
 172:Middlewares/Third_Party/FreeRTOS/Source/event_groups.c **** 				event group was allocated statically in case the event group is
 173:Middlewares/Third_Party/FreeRTOS/Source/event_groups.c **** 				later deleted. */
 174:Middlewares/Third_Party/FreeRTOS/Source/event_groups.c **** 				pxEventBits->ucStaticallyAllocated = pdFALSE;
 175:Middlewares/Third_Party/FreeRTOS/Source/event_groups.c **** 			}
 176:Middlewares/Third_Party/FreeRTOS/Source/event_groups.c **** 			#endif /* configSUPPORT_STATIC_ALLOCATION */
 177:Middlewares/Third_Party/FreeRTOS/Source/event_groups.c **** 
 178:Middlewares/Third_Party/FreeRTOS/Source/event_groups.c **** 			traceEVENT_GROUP_CREATE( pxEventBits );
 179:Middlewares/Third_Party/FreeRTOS/Source/event_groups.c **** 		}
 180:Middlewares/Third_Party/FreeRTOS/Source/event_groups.c **** 		else
 181:Middlewares/Third_Party/FreeRTOS/Source/event_groups.c **** 		{
 182:Middlewares/Third_Party/FreeRTOS/Source/event_groups.c **** 			traceEVENT_GROUP_CREATE_FAILED(); /*lint !e9063 Else branch only exists to allow tracing and doe
 183:Middlewares/Third_Party/FreeRTOS/Source/event_groups.c **** 		}
 184:Middlewares/Third_Party/FreeRTOS/Source/event_groups.c **** 
 185:Middlewares/Third_Party/FreeRTOS/Source/event_groups.c **** 		return pxEventBits;
 186:Middlewares/Third_Party/FreeRTOS/Source/event_groups.c **** 	}
 187:Middlewares/Third_Party/FreeRTOS/Source/event_groups.c **** 
 188:Middlewares/Third_Party/FreeRTOS/Source/event_groups.c **** #endif /* configSUPPORT_DYNAMIC_ALLOCATION */
 189:Middlewares/Third_Party/FreeRTOS/Source/event_groups.c **** /*-----------------------------------------------------------*/
 190:Middlewares/Third_Party/FreeRTOS/Source/event_groups.c **** 
 191:Middlewares/Third_Party/FreeRTOS/Source/event_groups.c **** EventBits_t xEventGroupSync( EventGroupHandle_t xEventGroup, const EventBits_t uxBitsToSet, const E
 192:Middlewares/Third_Party/FreeRTOS/Source/event_groups.c **** {
 193:Middlewares/Third_Party/FreeRTOS/Source/event_groups.c **** EventBits_t uxOriginalBitValue, uxReturn;
 194:Middlewares/Third_Party/FreeRTOS/Source/event_groups.c **** EventGroup_t *pxEventBits = xEventGroup;
 195:Middlewares/Third_Party/FreeRTOS/Source/event_groups.c **** BaseType_t xAlreadyYielded;
 196:Middlewares/Third_Party/FreeRTOS/Source/event_groups.c **** BaseType_t xTimeoutOccurred = pdFALSE;
 197:Middlewares/Third_Party/FreeRTOS/Source/event_groups.c **** 
 198:Middlewares/Third_Party/FreeRTOS/Source/event_groups.c **** 	configASSERT( ( uxBitsToWaitFor & eventEVENT_BITS_CONTROL_BYTES ) == 0 );
 199:Middlewares/Third_Party/FreeRTOS/Source/event_groups.c **** 	configASSERT( uxBitsToWaitFor != 0 );
 200:Middlewares/Third_Party/FreeRTOS/Source/event_groups.c **** 	#if ( ( INCLUDE_xTaskGetSchedulerState == 1 ) || ( configUSE_TIMERS == 1 ) )
 201:Middlewares/Third_Party/FreeRTOS/Source/event_groups.c **** 	{
 202:Middlewares/Third_Party/FreeRTOS/Source/event_groups.c **** 		configASSERT( !( ( xTaskGetSchedulerState() == taskSCHEDULER_SUSPENDED ) && ( xTicksToWait != 0 )
ARM GAS  C:\Users\jason\AppData\Local\Temp\cciHz2Wv.s 			page 5


 203:Middlewares/Third_Party/FreeRTOS/Source/event_groups.c **** 	}
 204:Middlewares/Third_Party/FreeRTOS/Source/event_groups.c **** 	#endif
 205:Middlewares/Third_Party/FreeRTOS/Source/event_groups.c **** 
 206:Middlewares/Third_Party/FreeRTOS/Source/event_groups.c **** 	vTaskSuspendAll();
 207:Middlewares/Third_Party/FreeRTOS/Source/event_groups.c **** 	{
 208:Middlewares/Third_Party/FreeRTOS/Source/event_groups.c **** 		uxOriginalBitValue = pxEventBits->uxEventBits;
 209:Middlewares/Third_Party/FreeRTOS/Source/event_groups.c **** 
 210:Middlewares/Third_Party/FreeRTOS/Source/event_groups.c **** 		( void ) xEventGroupSetBits( xEventGroup, uxBitsToSet );
 211:Middlewares/Third_Party/FreeRTOS/Source/event_groups.c **** 
 212:Middlewares/Third_Party/FreeRTOS/Source/event_groups.c **** 		if( ( ( uxOriginalBitValue | uxBitsToSet ) & uxBitsToWaitFor ) == uxBitsToWaitFor )
 213:Middlewares/Third_Party/FreeRTOS/Source/event_groups.c **** 		{
 214:Middlewares/Third_Party/FreeRTOS/Source/event_groups.c **** 			/* All the rendezvous bits are now set - no need to block. */
 215:Middlewares/Third_Party/FreeRTOS/Source/event_groups.c **** 			uxReturn = ( uxOriginalBitValue | uxBitsToSet );
 216:Middlewares/Third_Party/FreeRTOS/Source/event_groups.c **** 
 217:Middlewares/Third_Party/FreeRTOS/Source/event_groups.c **** 			/* Rendezvous always clear the bits.  They will have been cleared
 218:Middlewares/Third_Party/FreeRTOS/Source/event_groups.c **** 			already unless this is the only task in the rendezvous. */
 219:Middlewares/Third_Party/FreeRTOS/Source/event_groups.c **** 			pxEventBits->uxEventBits &= ~uxBitsToWaitFor;
 220:Middlewares/Third_Party/FreeRTOS/Source/event_groups.c **** 
 221:Middlewares/Third_Party/FreeRTOS/Source/event_groups.c **** 			xTicksToWait = 0;
 222:Middlewares/Third_Party/FreeRTOS/Source/event_groups.c **** 		}
 223:Middlewares/Third_Party/FreeRTOS/Source/event_groups.c **** 		else
 224:Middlewares/Third_Party/FreeRTOS/Source/event_groups.c **** 		{
 225:Middlewares/Third_Party/FreeRTOS/Source/event_groups.c **** 			if( xTicksToWait != ( TickType_t ) 0 )
 226:Middlewares/Third_Party/FreeRTOS/Source/event_groups.c **** 			{
 227:Middlewares/Third_Party/FreeRTOS/Source/event_groups.c **** 				traceEVENT_GROUP_SYNC_BLOCK( xEventGroup, uxBitsToSet, uxBitsToWaitFor );
 228:Middlewares/Third_Party/FreeRTOS/Source/event_groups.c **** 
 229:Middlewares/Third_Party/FreeRTOS/Source/event_groups.c **** 				/* Store the bits that the calling task is waiting for in the
 230:Middlewares/Third_Party/FreeRTOS/Source/event_groups.c **** 				task's event list item so the kernel knows when a match is
 231:Middlewares/Third_Party/FreeRTOS/Source/event_groups.c **** 				found.  Then enter the blocked state. */
 232:Middlewares/Third_Party/FreeRTOS/Source/event_groups.c **** 				vTaskPlaceOnUnorderedEventList( &( pxEventBits->xTasksWaitingForBits ), ( uxBitsToWaitFor | eve
 233:Middlewares/Third_Party/FreeRTOS/Source/event_groups.c **** 
 234:Middlewares/Third_Party/FreeRTOS/Source/event_groups.c **** 				/* This assignment is obsolete as uxReturn will get set after
 235:Middlewares/Third_Party/FreeRTOS/Source/event_groups.c **** 				the task unblocks, but some compilers mistakenly generate a
 236:Middlewares/Third_Party/FreeRTOS/Source/event_groups.c **** 				warning about uxReturn being returned without being set if the
 237:Middlewares/Third_Party/FreeRTOS/Source/event_groups.c **** 				assignment is omitted. */
 238:Middlewares/Third_Party/FreeRTOS/Source/event_groups.c **** 				uxReturn = 0;
 239:Middlewares/Third_Party/FreeRTOS/Source/event_groups.c **** 			}
 240:Middlewares/Third_Party/FreeRTOS/Source/event_groups.c **** 			else
 241:Middlewares/Third_Party/FreeRTOS/Source/event_groups.c **** 			{
 242:Middlewares/Third_Party/FreeRTOS/Source/event_groups.c **** 				/* The rendezvous bits were not set, but no block time was
 243:Middlewares/Third_Party/FreeRTOS/Source/event_groups.c **** 				specified - just return the current event bit value. */
 244:Middlewares/Third_Party/FreeRTOS/Source/event_groups.c **** 				uxReturn = pxEventBits->uxEventBits;
 245:Middlewares/Third_Party/FreeRTOS/Source/event_groups.c **** 				xTimeoutOccurred = pdTRUE;
 246:Middlewares/Third_Party/FreeRTOS/Source/event_groups.c **** 			}
 247:Middlewares/Third_Party/FreeRTOS/Source/event_groups.c **** 		}
 248:Middlewares/Third_Party/FreeRTOS/Source/event_groups.c **** 	}
 249:Middlewares/Third_Party/FreeRTOS/Source/event_groups.c **** 	xAlreadyYielded = xTaskResumeAll();
 250:Middlewares/Third_Party/FreeRTOS/Source/event_groups.c **** 
 251:Middlewares/Third_Party/FreeRTOS/Source/event_groups.c **** 	if( xTicksToWait != ( TickType_t ) 0 )
 252:Middlewares/Third_Party/FreeRTOS/Source/event_groups.c **** 	{
 253:Middlewares/Third_Party/FreeRTOS/Source/event_groups.c **** 		if( xAlreadyYielded == pdFALSE )
 254:Middlewares/Third_Party/FreeRTOS/Source/event_groups.c **** 		{
 255:Middlewares/Third_Party/FreeRTOS/Source/event_groups.c **** 			portYIELD_WITHIN_API();
 256:Middlewares/Third_Party/FreeRTOS/Source/event_groups.c **** 		}
 257:Middlewares/Third_Party/FreeRTOS/Source/event_groups.c **** 		else
 258:Middlewares/Third_Party/FreeRTOS/Source/event_groups.c **** 		{
 259:Middlewares/Third_Party/FreeRTOS/Source/event_groups.c **** 			mtCOVERAGE_TEST_MARKER();
ARM GAS  C:\Users\jason\AppData\Local\Temp\cciHz2Wv.s 			page 6


 260:Middlewares/Third_Party/FreeRTOS/Source/event_groups.c **** 		}
 261:Middlewares/Third_Party/FreeRTOS/Source/event_groups.c **** 
 262:Middlewares/Third_Party/FreeRTOS/Source/event_groups.c **** 		/* The task blocked to wait for its required bits to be set - at this
 263:Middlewares/Third_Party/FreeRTOS/Source/event_groups.c **** 		point either the required bits were set or the block time expired.  If
 264:Middlewares/Third_Party/FreeRTOS/Source/event_groups.c **** 		the required bits were set they will have been stored in the task's
 265:Middlewares/Third_Party/FreeRTOS/Source/event_groups.c **** 		event list item, and they should now be retrieved then cleared. */
 266:Middlewares/Third_Party/FreeRTOS/Source/event_groups.c **** 		uxReturn = uxTaskResetEventItemValue();
 267:Middlewares/Third_Party/FreeRTOS/Source/event_groups.c **** 
 268:Middlewares/Third_Party/FreeRTOS/Source/event_groups.c **** 		if( ( uxReturn & eventUNBLOCKED_DUE_TO_BIT_SET ) == ( EventBits_t ) 0 )
 269:Middlewares/Third_Party/FreeRTOS/Source/event_groups.c **** 		{
 270:Middlewares/Third_Party/FreeRTOS/Source/event_groups.c **** 			/* The task timed out, just return the current event bit value. */
 271:Middlewares/Third_Party/FreeRTOS/Source/event_groups.c **** 			taskENTER_CRITICAL();
 272:Middlewares/Third_Party/FreeRTOS/Source/event_groups.c **** 			{
 273:Middlewares/Third_Party/FreeRTOS/Source/event_groups.c **** 				uxReturn = pxEventBits->uxEventBits;
 274:Middlewares/Third_Party/FreeRTOS/Source/event_groups.c **** 
 275:Middlewares/Third_Party/FreeRTOS/Source/event_groups.c **** 				/* Although the task got here because it timed out before the
 276:Middlewares/Third_Party/FreeRTOS/Source/event_groups.c **** 				bits it was waiting for were set, it is possible that since it
 277:Middlewares/Third_Party/FreeRTOS/Source/event_groups.c **** 				unblocked another task has set the bits.  If this is the case
 278:Middlewares/Third_Party/FreeRTOS/Source/event_groups.c **** 				then it needs to clear the bits before exiting. */
 279:Middlewares/Third_Party/FreeRTOS/Source/event_groups.c **** 				if( ( uxReturn & uxBitsToWaitFor ) == uxBitsToWaitFor )
 280:Middlewares/Third_Party/FreeRTOS/Source/event_groups.c **** 				{
 281:Middlewares/Third_Party/FreeRTOS/Source/event_groups.c **** 					pxEventBits->uxEventBits &= ~uxBitsToWaitFor;
 282:Middlewares/Third_Party/FreeRTOS/Source/event_groups.c **** 				}
 283:Middlewares/Third_Party/FreeRTOS/Source/event_groups.c **** 				else
 284:Middlewares/Third_Party/FreeRTOS/Source/event_groups.c **** 				{
 285:Middlewares/Third_Party/FreeRTOS/Source/event_groups.c **** 					mtCOVERAGE_TEST_MARKER();
 286:Middlewares/Third_Party/FreeRTOS/Source/event_groups.c **** 				}
 287:Middlewares/Third_Party/FreeRTOS/Source/event_groups.c **** 			}
 288:Middlewares/Third_Party/FreeRTOS/Source/event_groups.c **** 			taskEXIT_CRITICAL();
 289:Middlewares/Third_Party/FreeRTOS/Source/event_groups.c **** 
 290:Middlewares/Third_Party/FreeRTOS/Source/event_groups.c **** 			xTimeoutOccurred = pdTRUE;
 291:Middlewares/Third_Party/FreeRTOS/Source/event_groups.c **** 		}
 292:Middlewares/Third_Party/FreeRTOS/Source/event_groups.c **** 		else
 293:Middlewares/Third_Party/FreeRTOS/Source/event_groups.c **** 		{
 294:Middlewares/Third_Party/FreeRTOS/Source/event_groups.c **** 			/* The task unblocked because the bits were set. */
 295:Middlewares/Third_Party/FreeRTOS/Source/event_groups.c **** 		}
 296:Middlewares/Third_Party/FreeRTOS/Source/event_groups.c **** 
 297:Middlewares/Third_Party/FreeRTOS/Source/event_groups.c **** 		/* Control bits might be set as the task had blocked should not be
 298:Middlewares/Third_Party/FreeRTOS/Source/event_groups.c **** 		returned. */
 299:Middlewares/Third_Party/FreeRTOS/Source/event_groups.c **** 		uxReturn &= ~eventEVENT_BITS_CONTROL_BYTES;
 300:Middlewares/Third_Party/FreeRTOS/Source/event_groups.c **** 	}
 301:Middlewares/Third_Party/FreeRTOS/Source/event_groups.c **** 
 302:Middlewares/Third_Party/FreeRTOS/Source/event_groups.c **** 	traceEVENT_GROUP_SYNC_END( xEventGroup, uxBitsToSet, uxBitsToWaitFor, xTimeoutOccurred );
 303:Middlewares/Third_Party/FreeRTOS/Source/event_groups.c **** 
 304:Middlewares/Third_Party/FreeRTOS/Source/event_groups.c **** 	/* Prevent compiler warnings when trace macros are not used. */
 305:Middlewares/Third_Party/FreeRTOS/Source/event_groups.c **** 	( void ) xTimeoutOccurred;
 306:Middlewares/Third_Party/FreeRTOS/Source/event_groups.c **** 
 307:Middlewares/Third_Party/FreeRTOS/Source/event_groups.c **** 	return uxReturn;
 308:Middlewares/Third_Party/FreeRTOS/Source/event_groups.c **** }
 309:Middlewares/Third_Party/FreeRTOS/Source/event_groups.c **** /*-----------------------------------------------------------*/
 310:Middlewares/Third_Party/FreeRTOS/Source/event_groups.c **** 
 311:Middlewares/Third_Party/FreeRTOS/Source/event_groups.c **** EventBits_t xEventGroupWaitBits( EventGroupHandle_t xEventGroup, const EventBits_t uxBitsToWaitFor,
 312:Middlewares/Third_Party/FreeRTOS/Source/event_groups.c **** {
 313:Middlewares/Third_Party/FreeRTOS/Source/event_groups.c **** EventGroup_t *pxEventBits = xEventGroup;
 314:Middlewares/Third_Party/FreeRTOS/Source/event_groups.c **** EventBits_t uxReturn, uxControlBits = 0;
 315:Middlewares/Third_Party/FreeRTOS/Source/event_groups.c **** BaseType_t xWaitConditionMet, xAlreadyYielded;
 316:Middlewares/Third_Party/FreeRTOS/Source/event_groups.c **** BaseType_t xTimeoutOccurred = pdFALSE;
ARM GAS  C:\Users\jason\AppData\Local\Temp\cciHz2Wv.s 			page 7


 317:Middlewares/Third_Party/FreeRTOS/Source/event_groups.c **** 
 318:Middlewares/Third_Party/FreeRTOS/Source/event_groups.c **** 	/* Check the user is not attempting to wait on the bits used by the kernel
 319:Middlewares/Third_Party/FreeRTOS/Source/event_groups.c **** 	itself, and that at least one bit is being requested. */
 320:Middlewares/Third_Party/FreeRTOS/Source/event_groups.c **** 	configASSERT( xEventGroup );
 321:Middlewares/Third_Party/FreeRTOS/Source/event_groups.c **** 	configASSERT( ( uxBitsToWaitFor & eventEVENT_BITS_CONTROL_BYTES ) == 0 );
 322:Middlewares/Third_Party/FreeRTOS/Source/event_groups.c **** 	configASSERT( uxBitsToWaitFor != 0 );
 323:Middlewares/Third_Party/FreeRTOS/Source/event_groups.c **** 	#if ( ( INCLUDE_xTaskGetSchedulerState == 1 ) || ( configUSE_TIMERS == 1 ) )
 324:Middlewares/Third_Party/FreeRTOS/Source/event_groups.c **** 	{
 325:Middlewares/Third_Party/FreeRTOS/Source/event_groups.c **** 		configASSERT( !( ( xTaskGetSchedulerState() == taskSCHEDULER_SUSPENDED ) && ( xTicksToWait != 0 )
 326:Middlewares/Third_Party/FreeRTOS/Source/event_groups.c **** 	}
 327:Middlewares/Third_Party/FreeRTOS/Source/event_groups.c **** 	#endif
 328:Middlewares/Third_Party/FreeRTOS/Source/event_groups.c **** 
 329:Middlewares/Third_Party/FreeRTOS/Source/event_groups.c **** 	vTaskSuspendAll();
 330:Middlewares/Third_Party/FreeRTOS/Source/event_groups.c **** 	{
 331:Middlewares/Third_Party/FreeRTOS/Source/event_groups.c **** 		const EventBits_t uxCurrentEventBits = pxEventBits->uxEventBits;
 332:Middlewares/Third_Party/FreeRTOS/Source/event_groups.c **** 
 333:Middlewares/Third_Party/FreeRTOS/Source/event_groups.c **** 		/* Check to see if the wait condition is already met or not. */
 334:Middlewares/Third_Party/FreeRTOS/Source/event_groups.c **** 		xWaitConditionMet = prvTestWaitCondition( uxCurrentEventBits, uxBitsToWaitFor, xWaitForAllBits );
 335:Middlewares/Third_Party/FreeRTOS/Source/event_groups.c **** 
 336:Middlewares/Third_Party/FreeRTOS/Source/event_groups.c **** 		if( xWaitConditionMet != pdFALSE )
 337:Middlewares/Third_Party/FreeRTOS/Source/event_groups.c **** 		{
 338:Middlewares/Third_Party/FreeRTOS/Source/event_groups.c **** 			/* The wait condition has already been met so there is no need to
 339:Middlewares/Third_Party/FreeRTOS/Source/event_groups.c **** 			block. */
 340:Middlewares/Third_Party/FreeRTOS/Source/event_groups.c **** 			uxReturn = uxCurrentEventBits;
 341:Middlewares/Third_Party/FreeRTOS/Source/event_groups.c **** 			xTicksToWait = ( TickType_t ) 0;
 342:Middlewares/Third_Party/FreeRTOS/Source/event_groups.c **** 
 343:Middlewares/Third_Party/FreeRTOS/Source/event_groups.c **** 			/* Clear the wait bits if requested to do so. */
 344:Middlewares/Third_Party/FreeRTOS/Source/event_groups.c **** 			if( xClearOnExit != pdFALSE )
 345:Middlewares/Third_Party/FreeRTOS/Source/event_groups.c **** 			{
 346:Middlewares/Third_Party/FreeRTOS/Source/event_groups.c **** 				pxEventBits->uxEventBits &= ~uxBitsToWaitFor;
 347:Middlewares/Third_Party/FreeRTOS/Source/event_groups.c **** 			}
 348:Middlewares/Third_Party/FreeRTOS/Source/event_groups.c **** 			else
 349:Middlewares/Third_Party/FreeRTOS/Source/event_groups.c **** 			{
 350:Middlewares/Third_Party/FreeRTOS/Source/event_groups.c **** 				mtCOVERAGE_TEST_MARKER();
 351:Middlewares/Third_Party/FreeRTOS/Source/event_groups.c **** 			}
 352:Middlewares/Third_Party/FreeRTOS/Source/event_groups.c **** 		}
 353:Middlewares/Third_Party/FreeRTOS/Source/event_groups.c **** 		else if( xTicksToWait == ( TickType_t ) 0 )
 354:Middlewares/Third_Party/FreeRTOS/Source/event_groups.c **** 		{
 355:Middlewares/Third_Party/FreeRTOS/Source/event_groups.c **** 			/* The wait condition has not been met, but no block time was
 356:Middlewares/Third_Party/FreeRTOS/Source/event_groups.c **** 			specified, so just return the current value. */
 357:Middlewares/Third_Party/FreeRTOS/Source/event_groups.c **** 			uxReturn = uxCurrentEventBits;
 358:Middlewares/Third_Party/FreeRTOS/Source/event_groups.c **** 			xTimeoutOccurred = pdTRUE;
 359:Middlewares/Third_Party/FreeRTOS/Source/event_groups.c **** 		}
 360:Middlewares/Third_Party/FreeRTOS/Source/event_groups.c **** 		else
 361:Middlewares/Third_Party/FreeRTOS/Source/event_groups.c **** 		{
 362:Middlewares/Third_Party/FreeRTOS/Source/event_groups.c **** 			/* The task is going to block to wait for its required bits to be
 363:Middlewares/Third_Party/FreeRTOS/Source/event_groups.c **** 			set.  uxControlBits are used to remember the specified behaviour of
 364:Middlewares/Third_Party/FreeRTOS/Source/event_groups.c **** 			this call to xEventGroupWaitBits() - for use when the event bits
 365:Middlewares/Third_Party/FreeRTOS/Source/event_groups.c **** 			unblock the task. */
 366:Middlewares/Third_Party/FreeRTOS/Source/event_groups.c **** 			if( xClearOnExit != pdFALSE )
 367:Middlewares/Third_Party/FreeRTOS/Source/event_groups.c **** 			{
 368:Middlewares/Third_Party/FreeRTOS/Source/event_groups.c **** 				uxControlBits |= eventCLEAR_EVENTS_ON_EXIT_BIT;
 369:Middlewares/Third_Party/FreeRTOS/Source/event_groups.c **** 			}
 370:Middlewares/Third_Party/FreeRTOS/Source/event_groups.c **** 			else
 371:Middlewares/Third_Party/FreeRTOS/Source/event_groups.c **** 			{
 372:Middlewares/Third_Party/FreeRTOS/Source/event_groups.c **** 				mtCOVERAGE_TEST_MARKER();
 373:Middlewares/Third_Party/FreeRTOS/Source/event_groups.c **** 			}
ARM GAS  C:\Users\jason\AppData\Local\Temp\cciHz2Wv.s 			page 8


 374:Middlewares/Third_Party/FreeRTOS/Source/event_groups.c **** 
 375:Middlewares/Third_Party/FreeRTOS/Source/event_groups.c **** 			if( xWaitForAllBits != pdFALSE )
 376:Middlewares/Third_Party/FreeRTOS/Source/event_groups.c **** 			{
 377:Middlewares/Third_Party/FreeRTOS/Source/event_groups.c **** 				uxControlBits |= eventWAIT_FOR_ALL_BITS;
 378:Middlewares/Third_Party/FreeRTOS/Source/event_groups.c **** 			}
 379:Middlewares/Third_Party/FreeRTOS/Source/event_groups.c **** 			else
 380:Middlewares/Third_Party/FreeRTOS/Source/event_groups.c **** 			{
 381:Middlewares/Third_Party/FreeRTOS/Source/event_groups.c **** 				mtCOVERAGE_TEST_MARKER();
 382:Middlewares/Third_Party/FreeRTOS/Source/event_groups.c **** 			}
 383:Middlewares/Third_Party/FreeRTOS/Source/event_groups.c **** 
 384:Middlewares/Third_Party/FreeRTOS/Source/event_groups.c **** 			/* Store the bits that the calling task is waiting for in the
 385:Middlewares/Third_Party/FreeRTOS/Source/event_groups.c **** 			task's event list item so the kernel knows when a match is
 386:Middlewares/Third_Party/FreeRTOS/Source/event_groups.c **** 			found.  Then enter the blocked state. */
 387:Middlewares/Third_Party/FreeRTOS/Source/event_groups.c **** 			vTaskPlaceOnUnorderedEventList( &( pxEventBits->xTasksWaitingForBits ), ( uxBitsToWaitFor | uxCo
 388:Middlewares/Third_Party/FreeRTOS/Source/event_groups.c **** 
 389:Middlewares/Third_Party/FreeRTOS/Source/event_groups.c **** 			/* This is obsolete as it will get set after the task unblocks, but
 390:Middlewares/Third_Party/FreeRTOS/Source/event_groups.c **** 			some compilers mistakenly generate a warning about the variable
 391:Middlewares/Third_Party/FreeRTOS/Source/event_groups.c **** 			being returned without being set if it is not done. */
 392:Middlewares/Third_Party/FreeRTOS/Source/event_groups.c **** 			uxReturn = 0;
 393:Middlewares/Third_Party/FreeRTOS/Source/event_groups.c **** 
 394:Middlewares/Third_Party/FreeRTOS/Source/event_groups.c **** 			traceEVENT_GROUP_WAIT_BITS_BLOCK( xEventGroup, uxBitsToWaitFor );
 395:Middlewares/Third_Party/FreeRTOS/Source/event_groups.c **** 		}
 396:Middlewares/Third_Party/FreeRTOS/Source/event_groups.c **** 	}
 397:Middlewares/Third_Party/FreeRTOS/Source/event_groups.c **** 	xAlreadyYielded = xTaskResumeAll();
 398:Middlewares/Third_Party/FreeRTOS/Source/event_groups.c **** 
 399:Middlewares/Third_Party/FreeRTOS/Source/event_groups.c **** 	if( xTicksToWait != ( TickType_t ) 0 )
 400:Middlewares/Third_Party/FreeRTOS/Source/event_groups.c **** 	{
 401:Middlewares/Third_Party/FreeRTOS/Source/event_groups.c **** 		if( xAlreadyYielded == pdFALSE )
 402:Middlewares/Third_Party/FreeRTOS/Source/event_groups.c **** 		{
 403:Middlewares/Third_Party/FreeRTOS/Source/event_groups.c **** 			portYIELD_WITHIN_API();
 404:Middlewares/Third_Party/FreeRTOS/Source/event_groups.c **** 		}
 405:Middlewares/Third_Party/FreeRTOS/Source/event_groups.c **** 		else
 406:Middlewares/Third_Party/FreeRTOS/Source/event_groups.c **** 		{
 407:Middlewares/Third_Party/FreeRTOS/Source/event_groups.c **** 			mtCOVERAGE_TEST_MARKER();
 408:Middlewares/Third_Party/FreeRTOS/Source/event_groups.c **** 		}
 409:Middlewares/Third_Party/FreeRTOS/Source/event_groups.c **** 
 410:Middlewares/Third_Party/FreeRTOS/Source/event_groups.c **** 		/* The task blocked to wait for its required bits to be set - at this
 411:Middlewares/Third_Party/FreeRTOS/Source/event_groups.c **** 		point either the required bits were set or the block time expired.  If
 412:Middlewares/Third_Party/FreeRTOS/Source/event_groups.c **** 		the required bits were set they will have been stored in the task's
 413:Middlewares/Third_Party/FreeRTOS/Source/event_groups.c **** 		event list item, and they should now be retrieved then cleared. */
 414:Middlewares/Third_Party/FreeRTOS/Source/event_groups.c **** 		uxReturn = uxTaskResetEventItemValue();
 415:Middlewares/Third_Party/FreeRTOS/Source/event_groups.c **** 
 416:Middlewares/Third_Party/FreeRTOS/Source/event_groups.c **** 		if( ( uxReturn & eventUNBLOCKED_DUE_TO_BIT_SET ) == ( EventBits_t ) 0 )
 417:Middlewares/Third_Party/FreeRTOS/Source/event_groups.c **** 		{
 418:Middlewares/Third_Party/FreeRTOS/Source/event_groups.c **** 			taskENTER_CRITICAL();
 419:Middlewares/Third_Party/FreeRTOS/Source/event_groups.c **** 			{
 420:Middlewares/Third_Party/FreeRTOS/Source/event_groups.c **** 				/* The task timed out, just return the current event bit value. */
 421:Middlewares/Third_Party/FreeRTOS/Source/event_groups.c **** 				uxReturn = pxEventBits->uxEventBits;
 422:Middlewares/Third_Party/FreeRTOS/Source/event_groups.c **** 
 423:Middlewares/Third_Party/FreeRTOS/Source/event_groups.c **** 				/* It is possible that the event bits were updated between this
 424:Middlewares/Third_Party/FreeRTOS/Source/event_groups.c **** 				task leaving the Blocked state and running again. */
 425:Middlewares/Third_Party/FreeRTOS/Source/event_groups.c **** 				if( prvTestWaitCondition( uxReturn, uxBitsToWaitFor, xWaitForAllBits ) != pdFALSE )
 426:Middlewares/Third_Party/FreeRTOS/Source/event_groups.c **** 				{
 427:Middlewares/Third_Party/FreeRTOS/Source/event_groups.c **** 					if( xClearOnExit != pdFALSE )
 428:Middlewares/Third_Party/FreeRTOS/Source/event_groups.c **** 					{
 429:Middlewares/Third_Party/FreeRTOS/Source/event_groups.c **** 						pxEventBits->uxEventBits &= ~uxBitsToWaitFor;
 430:Middlewares/Third_Party/FreeRTOS/Source/event_groups.c **** 					}
ARM GAS  C:\Users\jason\AppData\Local\Temp\cciHz2Wv.s 			page 9


 431:Middlewares/Third_Party/FreeRTOS/Source/event_groups.c **** 					else
 432:Middlewares/Third_Party/FreeRTOS/Source/event_groups.c **** 					{
 433:Middlewares/Third_Party/FreeRTOS/Source/event_groups.c **** 						mtCOVERAGE_TEST_MARKER();
 434:Middlewares/Third_Party/FreeRTOS/Source/event_groups.c **** 					}
 435:Middlewares/Third_Party/FreeRTOS/Source/event_groups.c **** 				}
 436:Middlewares/Third_Party/FreeRTOS/Source/event_groups.c **** 				else
 437:Middlewares/Third_Party/FreeRTOS/Source/event_groups.c **** 				{
 438:Middlewares/Third_Party/FreeRTOS/Source/event_groups.c **** 					mtCOVERAGE_TEST_MARKER();
 439:Middlewares/Third_Party/FreeRTOS/Source/event_groups.c **** 				}
 440:Middlewares/Third_Party/FreeRTOS/Source/event_groups.c **** 				xTimeoutOccurred = pdTRUE;
 441:Middlewares/Third_Party/FreeRTOS/Source/event_groups.c **** 			}
 442:Middlewares/Third_Party/FreeRTOS/Source/event_groups.c **** 			taskEXIT_CRITICAL();
 443:Middlewares/Third_Party/FreeRTOS/Source/event_groups.c **** 		}
 444:Middlewares/Third_Party/FreeRTOS/Source/event_groups.c **** 		else
 445:Middlewares/Third_Party/FreeRTOS/Source/event_groups.c **** 		{
 446:Middlewares/Third_Party/FreeRTOS/Source/event_groups.c **** 			/* The task unblocked because the bits were set. */
 447:Middlewares/Third_Party/FreeRTOS/Source/event_groups.c **** 		}
 448:Middlewares/Third_Party/FreeRTOS/Source/event_groups.c **** 
 449:Middlewares/Third_Party/FreeRTOS/Source/event_groups.c **** 		/* The task blocked so control bits may have been set. */
 450:Middlewares/Third_Party/FreeRTOS/Source/event_groups.c **** 		uxReturn &= ~eventEVENT_BITS_CONTROL_BYTES;
 451:Middlewares/Third_Party/FreeRTOS/Source/event_groups.c **** 	}
 452:Middlewares/Third_Party/FreeRTOS/Source/event_groups.c **** 	traceEVENT_GROUP_WAIT_BITS_END( xEventGroup, uxBitsToWaitFor, xTimeoutOccurred );
 453:Middlewares/Third_Party/FreeRTOS/Source/event_groups.c **** 
 454:Middlewares/Third_Party/FreeRTOS/Source/event_groups.c **** 	/* Prevent compiler warnings when trace macros are not used. */
 455:Middlewares/Third_Party/FreeRTOS/Source/event_groups.c **** 	( void ) xTimeoutOccurred;
 456:Middlewares/Third_Party/FreeRTOS/Source/event_groups.c **** 
 457:Middlewares/Third_Party/FreeRTOS/Source/event_groups.c **** 	return uxReturn;
 458:Middlewares/Third_Party/FreeRTOS/Source/event_groups.c **** }
 459:Middlewares/Third_Party/FreeRTOS/Source/event_groups.c **** /*-----------------------------------------------------------*/
 460:Middlewares/Third_Party/FreeRTOS/Source/event_groups.c **** 
 461:Middlewares/Third_Party/FreeRTOS/Source/event_groups.c **** EventBits_t xEventGroupClearBits( EventGroupHandle_t xEventGroup, const EventBits_t uxBitsToClear )
 462:Middlewares/Third_Party/FreeRTOS/Source/event_groups.c **** {
 463:Middlewares/Third_Party/FreeRTOS/Source/event_groups.c **** EventGroup_t *pxEventBits = xEventGroup;
 464:Middlewares/Third_Party/FreeRTOS/Source/event_groups.c **** EventBits_t uxReturn;
 465:Middlewares/Third_Party/FreeRTOS/Source/event_groups.c **** 
 466:Middlewares/Third_Party/FreeRTOS/Source/event_groups.c **** 	/* Check the user is not attempting to clear the bits used by the kernel
 467:Middlewares/Third_Party/FreeRTOS/Source/event_groups.c **** 	itself. */
 468:Middlewares/Third_Party/FreeRTOS/Source/event_groups.c **** 	configASSERT( xEventGroup );
 469:Middlewares/Third_Party/FreeRTOS/Source/event_groups.c **** 	configASSERT( ( uxBitsToClear & eventEVENT_BITS_CONTROL_BYTES ) == 0 );
 470:Middlewares/Third_Party/FreeRTOS/Source/event_groups.c **** 
 471:Middlewares/Third_Party/FreeRTOS/Source/event_groups.c **** 	taskENTER_CRITICAL();
 472:Middlewares/Third_Party/FreeRTOS/Source/event_groups.c **** 	{
 473:Middlewares/Third_Party/FreeRTOS/Source/event_groups.c **** 		traceEVENT_GROUP_CLEAR_BITS( xEventGroup, uxBitsToClear );
 474:Middlewares/Third_Party/FreeRTOS/Source/event_groups.c **** 
 475:Middlewares/Third_Party/FreeRTOS/Source/event_groups.c **** 		/* The value returned is the event group value prior to the bits being
 476:Middlewares/Third_Party/FreeRTOS/Source/event_groups.c **** 		cleared. */
 477:Middlewares/Third_Party/FreeRTOS/Source/event_groups.c **** 		uxReturn = pxEventBits->uxEventBits;
 478:Middlewares/Third_Party/FreeRTOS/Source/event_groups.c **** 
 479:Middlewares/Third_Party/FreeRTOS/Source/event_groups.c **** 		/* Clear the bits. */
 480:Middlewares/Third_Party/FreeRTOS/Source/event_groups.c **** 		pxEventBits->uxEventBits &= ~uxBitsToClear;
 481:Middlewares/Third_Party/FreeRTOS/Source/event_groups.c **** 	}
 482:Middlewares/Third_Party/FreeRTOS/Source/event_groups.c **** 	taskEXIT_CRITICAL();
 483:Middlewares/Third_Party/FreeRTOS/Source/event_groups.c **** 
 484:Middlewares/Third_Party/FreeRTOS/Source/event_groups.c **** 	return uxReturn;
 485:Middlewares/Third_Party/FreeRTOS/Source/event_groups.c **** }
 486:Middlewares/Third_Party/FreeRTOS/Source/event_groups.c **** /*-----------------------------------------------------------*/
 487:Middlewares/Third_Party/FreeRTOS/Source/event_groups.c **** 
ARM GAS  C:\Users\jason\AppData\Local\Temp\cciHz2Wv.s 			page 10


 488:Middlewares/Third_Party/FreeRTOS/Source/event_groups.c **** #if ( ( configUSE_TRACE_FACILITY == 1 ) && ( INCLUDE_xTimerPendFunctionCall == 1 ) && ( configUSE_T
 489:Middlewares/Third_Party/FreeRTOS/Source/event_groups.c **** 
 490:Middlewares/Third_Party/FreeRTOS/Source/event_groups.c **** 	BaseType_t xEventGroupClearBitsFromISR( EventGroupHandle_t xEventGroup, const EventBits_t uxBitsTo
 491:Middlewares/Third_Party/FreeRTOS/Source/event_groups.c **** 	{
 492:Middlewares/Third_Party/FreeRTOS/Source/event_groups.c **** 		BaseType_t xReturn;
 493:Middlewares/Third_Party/FreeRTOS/Source/event_groups.c **** 
 494:Middlewares/Third_Party/FreeRTOS/Source/event_groups.c **** 		traceEVENT_GROUP_CLEAR_BITS_FROM_ISR( xEventGroup, uxBitsToClear );
 495:Middlewares/Third_Party/FreeRTOS/Source/event_groups.c **** 		xReturn = xTimerPendFunctionCallFromISR( vEventGroupClearBitsCallback, ( void * ) xEventGroup, ( 
 496:Middlewares/Third_Party/FreeRTOS/Source/event_groups.c **** 
 497:Middlewares/Third_Party/FreeRTOS/Source/event_groups.c **** 		return xReturn;
 498:Middlewares/Third_Party/FreeRTOS/Source/event_groups.c **** 	}
 499:Middlewares/Third_Party/FreeRTOS/Source/event_groups.c **** 
 500:Middlewares/Third_Party/FreeRTOS/Source/event_groups.c **** #endif
 501:Middlewares/Third_Party/FreeRTOS/Source/event_groups.c **** /*-----------------------------------------------------------*/
 502:Middlewares/Third_Party/FreeRTOS/Source/event_groups.c **** 
 503:Middlewares/Third_Party/FreeRTOS/Source/event_groups.c **** EventBits_t xEventGroupGetBitsFromISR( EventGroupHandle_t xEventGroup )
 504:Middlewares/Third_Party/FreeRTOS/Source/event_groups.c **** {
 505:Middlewares/Third_Party/FreeRTOS/Source/event_groups.c **** UBaseType_t uxSavedInterruptStatus;
 506:Middlewares/Third_Party/FreeRTOS/Source/event_groups.c **** EventGroup_t const * const pxEventBits = xEventGroup;
 507:Middlewares/Third_Party/FreeRTOS/Source/event_groups.c **** EventBits_t uxReturn;
 508:Middlewares/Third_Party/FreeRTOS/Source/event_groups.c **** 
 509:Middlewares/Third_Party/FreeRTOS/Source/event_groups.c **** 	uxSavedInterruptStatus = portSET_INTERRUPT_MASK_FROM_ISR();
 510:Middlewares/Third_Party/FreeRTOS/Source/event_groups.c **** 	{
 511:Middlewares/Third_Party/FreeRTOS/Source/event_groups.c **** 		uxReturn = pxEventBits->uxEventBits;
 512:Middlewares/Third_Party/FreeRTOS/Source/event_groups.c **** 	}
 513:Middlewares/Third_Party/FreeRTOS/Source/event_groups.c **** 	portCLEAR_INTERRUPT_MASK_FROM_ISR( uxSavedInterruptStatus );
 514:Middlewares/Third_Party/FreeRTOS/Source/event_groups.c **** 
 515:Middlewares/Third_Party/FreeRTOS/Source/event_groups.c **** 	return uxReturn;
 516:Middlewares/Third_Party/FreeRTOS/Source/event_groups.c **** } /*lint !e818 EventGroupHandle_t is a typedef used in other functions to so can't be pointer to co
 517:Middlewares/Third_Party/FreeRTOS/Source/event_groups.c **** /*-----------------------------------------------------------*/
 518:Middlewares/Third_Party/FreeRTOS/Source/event_groups.c **** 
 519:Middlewares/Third_Party/FreeRTOS/Source/event_groups.c **** EventBits_t xEventGroupSetBits( EventGroupHandle_t xEventGroup, const EventBits_t uxBitsToSet )
 520:Middlewares/Third_Party/FreeRTOS/Source/event_groups.c **** {
 521:Middlewares/Third_Party/FreeRTOS/Source/event_groups.c **** ListItem_t *pxListItem, *pxNext;
 522:Middlewares/Third_Party/FreeRTOS/Source/event_groups.c **** ListItem_t const *pxListEnd;
 523:Middlewares/Third_Party/FreeRTOS/Source/event_groups.c **** List_t const * pxList;
 524:Middlewares/Third_Party/FreeRTOS/Source/event_groups.c **** EventBits_t uxBitsToClear = 0, uxBitsWaitedFor, uxControlBits;
 525:Middlewares/Third_Party/FreeRTOS/Source/event_groups.c **** EventGroup_t *pxEventBits = xEventGroup;
 526:Middlewares/Third_Party/FreeRTOS/Source/event_groups.c **** BaseType_t xMatchFound = pdFALSE;
 527:Middlewares/Third_Party/FreeRTOS/Source/event_groups.c **** 
 528:Middlewares/Third_Party/FreeRTOS/Source/event_groups.c **** 	/* Check the user is not attempting to set the bits used by the kernel
 529:Middlewares/Third_Party/FreeRTOS/Source/event_groups.c **** 	itself. */
 530:Middlewares/Third_Party/FreeRTOS/Source/event_groups.c **** 	configASSERT( xEventGroup );
 531:Middlewares/Third_Party/FreeRTOS/Source/event_groups.c **** 	configASSERT( ( uxBitsToSet & eventEVENT_BITS_CONTROL_BYTES ) == 0 );
 532:Middlewares/Third_Party/FreeRTOS/Source/event_groups.c **** 
 533:Middlewares/Third_Party/FreeRTOS/Source/event_groups.c **** 	pxList = &( pxEventBits->xTasksWaitingForBits );
 534:Middlewares/Third_Party/FreeRTOS/Source/event_groups.c **** 	pxListEnd = listGET_END_MARKER( pxList ); /*lint !e826 !e740 !e9087 The mini list structure is use
 535:Middlewares/Third_Party/FreeRTOS/Source/event_groups.c **** 	vTaskSuspendAll();
 536:Middlewares/Third_Party/FreeRTOS/Source/event_groups.c **** 	{
 537:Middlewares/Third_Party/FreeRTOS/Source/event_groups.c **** 		traceEVENT_GROUP_SET_BITS( xEventGroup, uxBitsToSet );
 538:Middlewares/Third_Party/FreeRTOS/Source/event_groups.c **** 
 539:Middlewares/Third_Party/FreeRTOS/Source/event_groups.c **** 		pxListItem = listGET_HEAD_ENTRY( pxList );
 540:Middlewares/Third_Party/FreeRTOS/Source/event_groups.c **** 
 541:Middlewares/Third_Party/FreeRTOS/Source/event_groups.c **** 		/* Set the bits. */
 542:Middlewares/Third_Party/FreeRTOS/Source/event_groups.c **** 		pxEventBits->uxEventBits |= uxBitsToSet;
 543:Middlewares/Third_Party/FreeRTOS/Source/event_groups.c **** 
 544:Middlewares/Third_Party/FreeRTOS/Source/event_groups.c **** 		/* See if the new bit value should unblock any tasks. */
ARM GAS  C:\Users\jason\AppData\Local\Temp\cciHz2Wv.s 			page 11


 545:Middlewares/Third_Party/FreeRTOS/Source/event_groups.c **** 		while( pxListItem != pxListEnd )
 546:Middlewares/Third_Party/FreeRTOS/Source/event_groups.c **** 		{
 547:Middlewares/Third_Party/FreeRTOS/Source/event_groups.c **** 			pxNext = listGET_NEXT( pxListItem );
 548:Middlewares/Third_Party/FreeRTOS/Source/event_groups.c **** 			uxBitsWaitedFor = listGET_LIST_ITEM_VALUE( pxListItem );
 549:Middlewares/Third_Party/FreeRTOS/Source/event_groups.c **** 			xMatchFound = pdFALSE;
 550:Middlewares/Third_Party/FreeRTOS/Source/event_groups.c **** 
 551:Middlewares/Third_Party/FreeRTOS/Source/event_groups.c **** 			/* Split the bits waited for from the control bits. */
 552:Middlewares/Third_Party/FreeRTOS/Source/event_groups.c **** 			uxControlBits = uxBitsWaitedFor & eventEVENT_BITS_CONTROL_BYTES;
 553:Middlewares/Third_Party/FreeRTOS/Source/event_groups.c **** 			uxBitsWaitedFor &= ~eventEVENT_BITS_CONTROL_BYTES;
 554:Middlewares/Third_Party/FreeRTOS/Source/event_groups.c **** 
 555:Middlewares/Third_Party/FreeRTOS/Source/event_groups.c **** 			if( ( uxControlBits & eventWAIT_FOR_ALL_BITS ) == ( EventBits_t ) 0 )
 556:Middlewares/Third_Party/FreeRTOS/Source/event_groups.c **** 			{
 557:Middlewares/Third_Party/FreeRTOS/Source/event_groups.c **** 				/* Just looking for single bit being set. */
 558:Middlewares/Third_Party/FreeRTOS/Source/event_groups.c **** 				if( ( uxBitsWaitedFor & pxEventBits->uxEventBits ) != ( EventBits_t ) 0 )
 559:Middlewares/Third_Party/FreeRTOS/Source/event_groups.c **** 				{
 560:Middlewares/Third_Party/FreeRTOS/Source/event_groups.c **** 					xMatchFound = pdTRUE;
 561:Middlewares/Third_Party/FreeRTOS/Source/event_groups.c **** 				}
 562:Middlewares/Third_Party/FreeRTOS/Source/event_groups.c **** 				else
 563:Middlewares/Third_Party/FreeRTOS/Source/event_groups.c **** 				{
 564:Middlewares/Third_Party/FreeRTOS/Source/event_groups.c **** 					mtCOVERAGE_TEST_MARKER();
 565:Middlewares/Third_Party/FreeRTOS/Source/event_groups.c **** 				}
 566:Middlewares/Third_Party/FreeRTOS/Source/event_groups.c **** 			}
 567:Middlewares/Third_Party/FreeRTOS/Source/event_groups.c **** 			else if( ( uxBitsWaitedFor & pxEventBits->uxEventBits ) == uxBitsWaitedFor )
 568:Middlewares/Third_Party/FreeRTOS/Source/event_groups.c **** 			{
 569:Middlewares/Third_Party/FreeRTOS/Source/event_groups.c **** 				/* All bits are set. */
 570:Middlewares/Third_Party/FreeRTOS/Source/event_groups.c **** 				xMatchFound = pdTRUE;
 571:Middlewares/Third_Party/FreeRTOS/Source/event_groups.c **** 			}
 572:Middlewares/Third_Party/FreeRTOS/Source/event_groups.c **** 			else
 573:Middlewares/Third_Party/FreeRTOS/Source/event_groups.c **** 			{
 574:Middlewares/Third_Party/FreeRTOS/Source/event_groups.c **** 				/* Need all bits to be set, but not all the bits were set. */
 575:Middlewares/Third_Party/FreeRTOS/Source/event_groups.c **** 			}
 576:Middlewares/Third_Party/FreeRTOS/Source/event_groups.c **** 
 577:Middlewares/Third_Party/FreeRTOS/Source/event_groups.c **** 			if( xMatchFound != pdFALSE )
 578:Middlewares/Third_Party/FreeRTOS/Source/event_groups.c **** 			{
 579:Middlewares/Third_Party/FreeRTOS/Source/event_groups.c **** 				/* The bits match.  Should the bits be cleared on exit? */
 580:Middlewares/Third_Party/FreeRTOS/Source/event_groups.c **** 				if( ( uxControlBits & eventCLEAR_EVENTS_ON_EXIT_BIT ) != ( EventBits_t ) 0 )
 581:Middlewares/Third_Party/FreeRTOS/Source/event_groups.c **** 				{
 582:Middlewares/Third_Party/FreeRTOS/Source/event_groups.c **** 					uxBitsToClear |= uxBitsWaitedFor;
 583:Middlewares/Third_Party/FreeRTOS/Source/event_groups.c **** 				}
 584:Middlewares/Third_Party/FreeRTOS/Source/event_groups.c **** 				else
 585:Middlewares/Third_Party/FreeRTOS/Source/event_groups.c **** 				{
 586:Middlewares/Third_Party/FreeRTOS/Source/event_groups.c **** 					mtCOVERAGE_TEST_MARKER();
 587:Middlewares/Third_Party/FreeRTOS/Source/event_groups.c **** 				}
 588:Middlewares/Third_Party/FreeRTOS/Source/event_groups.c **** 
 589:Middlewares/Third_Party/FreeRTOS/Source/event_groups.c **** 				/* Store the actual event flag value in the task's event list
 590:Middlewares/Third_Party/FreeRTOS/Source/event_groups.c **** 				item before removing the task from the event list.  The
 591:Middlewares/Third_Party/FreeRTOS/Source/event_groups.c **** 				eventUNBLOCKED_DUE_TO_BIT_SET bit is set so the task knows
 592:Middlewares/Third_Party/FreeRTOS/Source/event_groups.c **** 				that is was unblocked due to its required bits matching, rather
 593:Middlewares/Third_Party/FreeRTOS/Source/event_groups.c **** 				than because it timed out. */
 594:Middlewares/Third_Party/FreeRTOS/Source/event_groups.c **** 				vTaskRemoveFromUnorderedEventList( pxListItem, pxEventBits->uxEventBits | eventUNBLOCKED_DUE_TO
 595:Middlewares/Third_Party/FreeRTOS/Source/event_groups.c **** 			}
 596:Middlewares/Third_Party/FreeRTOS/Source/event_groups.c **** 
 597:Middlewares/Third_Party/FreeRTOS/Source/event_groups.c **** 			/* Move onto the next list item.  Note pxListItem->pxNext is not
 598:Middlewares/Third_Party/FreeRTOS/Source/event_groups.c **** 			used here as the list item may have been removed from the event list
 599:Middlewares/Third_Party/FreeRTOS/Source/event_groups.c **** 			and inserted into the ready/pending reading list. */
 600:Middlewares/Third_Party/FreeRTOS/Source/event_groups.c **** 			pxListItem = pxNext;
 601:Middlewares/Third_Party/FreeRTOS/Source/event_groups.c **** 		}
ARM GAS  C:\Users\jason\AppData\Local\Temp\cciHz2Wv.s 			page 12


 602:Middlewares/Third_Party/FreeRTOS/Source/event_groups.c **** 
 603:Middlewares/Third_Party/FreeRTOS/Source/event_groups.c **** 		/* Clear any bits that matched when the eventCLEAR_EVENTS_ON_EXIT_BIT
 604:Middlewares/Third_Party/FreeRTOS/Source/event_groups.c **** 		bit was set in the control word. */
 605:Middlewares/Third_Party/FreeRTOS/Source/event_groups.c **** 		pxEventBits->uxEventBits &= ~uxBitsToClear;
 606:Middlewares/Third_Party/FreeRTOS/Source/event_groups.c **** 	}
 607:Middlewares/Third_Party/FreeRTOS/Source/event_groups.c **** 	( void ) xTaskResumeAll();
 608:Middlewares/Third_Party/FreeRTOS/Source/event_groups.c **** 
 609:Middlewares/Third_Party/FreeRTOS/Source/event_groups.c **** 	return pxEventBits->uxEventBits;
 610:Middlewares/Third_Party/FreeRTOS/Source/event_groups.c **** }
 611:Middlewares/Third_Party/FreeRTOS/Source/event_groups.c **** /*-----------------------------------------------------------*/
 612:Middlewares/Third_Party/FreeRTOS/Source/event_groups.c **** 
 613:Middlewares/Third_Party/FreeRTOS/Source/event_groups.c **** void vEventGroupDelete( EventGroupHandle_t xEventGroup )
 614:Middlewares/Third_Party/FreeRTOS/Source/event_groups.c **** {
 615:Middlewares/Third_Party/FreeRTOS/Source/event_groups.c **** EventGroup_t *pxEventBits = xEventGroup;
 616:Middlewares/Third_Party/FreeRTOS/Source/event_groups.c **** const List_t *pxTasksWaitingForBits = &( pxEventBits->xTasksWaitingForBits );
 617:Middlewares/Third_Party/FreeRTOS/Source/event_groups.c **** 
 618:Middlewares/Third_Party/FreeRTOS/Source/event_groups.c **** 	vTaskSuspendAll();
 619:Middlewares/Third_Party/FreeRTOS/Source/event_groups.c **** 	{
 620:Middlewares/Third_Party/FreeRTOS/Source/event_groups.c **** 		traceEVENT_GROUP_DELETE( xEventGroup );
 621:Middlewares/Third_Party/FreeRTOS/Source/event_groups.c **** 
 622:Middlewares/Third_Party/FreeRTOS/Source/event_groups.c **** 		while( listCURRENT_LIST_LENGTH( pxTasksWaitingForBits ) > ( UBaseType_t ) 0 )
 623:Middlewares/Third_Party/FreeRTOS/Source/event_groups.c **** 		{
 624:Middlewares/Third_Party/FreeRTOS/Source/event_groups.c **** 			/* Unblock the task, returning 0 as the event list is being deleted
 625:Middlewares/Third_Party/FreeRTOS/Source/event_groups.c **** 			and cannot therefore have any bits set. */
 626:Middlewares/Third_Party/FreeRTOS/Source/event_groups.c **** 			configASSERT( pxTasksWaitingForBits->xListEnd.pxNext != ( const ListItem_t * ) &( pxTasksWaiting
 627:Middlewares/Third_Party/FreeRTOS/Source/event_groups.c **** 			vTaskRemoveFromUnorderedEventList( pxTasksWaitingForBits->xListEnd.pxNext, eventUNBLOCKED_DUE_TO
 628:Middlewares/Third_Party/FreeRTOS/Source/event_groups.c **** 		}
 629:Middlewares/Third_Party/FreeRTOS/Source/event_groups.c **** 
 630:Middlewares/Third_Party/FreeRTOS/Source/event_groups.c **** 		#if( ( configSUPPORT_DYNAMIC_ALLOCATION == 1 ) && ( configSUPPORT_STATIC_ALLOCATION == 0 ) )
 631:Middlewares/Third_Party/FreeRTOS/Source/event_groups.c **** 		{
 632:Middlewares/Third_Party/FreeRTOS/Source/event_groups.c **** 			/* The event group can only have been allocated dynamically - free
 633:Middlewares/Third_Party/FreeRTOS/Source/event_groups.c **** 			it again. */
 634:Middlewares/Third_Party/FreeRTOS/Source/event_groups.c **** 			vPortFree( pxEventBits );
 635:Middlewares/Third_Party/FreeRTOS/Source/event_groups.c **** 		}
 636:Middlewares/Third_Party/FreeRTOS/Source/event_groups.c **** 		#elif( ( configSUPPORT_DYNAMIC_ALLOCATION == 1 ) && ( configSUPPORT_STATIC_ALLOCATION == 1 ) )
 637:Middlewares/Third_Party/FreeRTOS/Source/event_groups.c **** 		{
 638:Middlewares/Third_Party/FreeRTOS/Source/event_groups.c **** 			/* The event group could have been allocated statically or
 639:Middlewares/Third_Party/FreeRTOS/Source/event_groups.c **** 			dynamically, so check before attempting to free the memory. */
 640:Middlewares/Third_Party/FreeRTOS/Source/event_groups.c **** 			if( pxEventBits->ucStaticallyAllocated == ( uint8_t ) pdFALSE )
 641:Middlewares/Third_Party/FreeRTOS/Source/event_groups.c **** 			{
 642:Middlewares/Third_Party/FreeRTOS/Source/event_groups.c **** 				vPortFree( pxEventBits );
 643:Middlewares/Third_Party/FreeRTOS/Source/event_groups.c **** 			}
 644:Middlewares/Third_Party/FreeRTOS/Source/event_groups.c **** 			else
 645:Middlewares/Third_Party/FreeRTOS/Source/event_groups.c **** 			{
 646:Middlewares/Third_Party/FreeRTOS/Source/event_groups.c **** 				mtCOVERAGE_TEST_MARKER();
 647:Middlewares/Third_Party/FreeRTOS/Source/event_groups.c **** 			}
 648:Middlewares/Third_Party/FreeRTOS/Source/event_groups.c **** 		}
 649:Middlewares/Third_Party/FreeRTOS/Source/event_groups.c **** 		#endif /* configSUPPORT_DYNAMIC_ALLOCATION */
 650:Middlewares/Third_Party/FreeRTOS/Source/event_groups.c **** 	}
 651:Middlewares/Third_Party/FreeRTOS/Source/event_groups.c **** 	( void ) xTaskResumeAll();
 652:Middlewares/Third_Party/FreeRTOS/Source/event_groups.c **** }
 653:Middlewares/Third_Party/FreeRTOS/Source/event_groups.c **** /*-----------------------------------------------------------*/
 654:Middlewares/Third_Party/FreeRTOS/Source/event_groups.c **** 
 655:Middlewares/Third_Party/FreeRTOS/Source/event_groups.c **** /* For internal use only - execute a 'set bits' command that was pended from
 656:Middlewares/Third_Party/FreeRTOS/Source/event_groups.c **** an interrupt. */
 657:Middlewares/Third_Party/FreeRTOS/Source/event_groups.c **** void vEventGroupSetBitsCallback( void *pvEventGroup, const uint32_t ulBitsToSet )
 658:Middlewares/Third_Party/FreeRTOS/Source/event_groups.c **** {
ARM GAS  C:\Users\jason\AppData\Local\Temp\cciHz2Wv.s 			page 13


 659:Middlewares/Third_Party/FreeRTOS/Source/event_groups.c **** 	( void ) xEventGroupSetBits( pvEventGroup, ( EventBits_t ) ulBitsToSet ); /*lint !e9079 Can't avoi
 660:Middlewares/Third_Party/FreeRTOS/Source/event_groups.c **** }
 661:Middlewares/Third_Party/FreeRTOS/Source/event_groups.c **** /*-----------------------------------------------------------*/
 662:Middlewares/Third_Party/FreeRTOS/Source/event_groups.c **** 
 663:Middlewares/Third_Party/FreeRTOS/Source/event_groups.c **** /* For internal use only - execute a 'clear bits' command that was pended from
 664:Middlewares/Third_Party/FreeRTOS/Source/event_groups.c **** an interrupt. */
 665:Middlewares/Third_Party/FreeRTOS/Source/event_groups.c **** void vEventGroupClearBitsCallback( void *pvEventGroup, const uint32_t ulBitsToClear )
 666:Middlewares/Third_Party/FreeRTOS/Source/event_groups.c **** {
 667:Middlewares/Third_Party/FreeRTOS/Source/event_groups.c **** 	( void ) xEventGroupClearBits( pvEventGroup, ( EventBits_t ) ulBitsToClear ); /*lint !e9079 Can't 
 668:Middlewares/Third_Party/FreeRTOS/Source/event_groups.c **** }
 669:Middlewares/Third_Party/FreeRTOS/Source/event_groups.c **** /*-----------------------------------------------------------*/
 670:Middlewares/Third_Party/FreeRTOS/Source/event_groups.c **** 
 671:Middlewares/Third_Party/FreeRTOS/Source/event_groups.c **** static BaseType_t prvTestWaitCondition( const EventBits_t uxCurrentEventBits, const EventBits_t uxB
 672:Middlewares/Third_Party/FreeRTOS/Source/event_groups.c **** {
  28              		.loc 1 672 1 view -0
  29              		.cfi_startproc
  30              		@ args = 0, pretend = 0, frame = 0
  31              		@ frame_needed = 0, uses_anonymous_args = 0
  32              		@ link register save eliminated.
 673:Middlewares/Third_Party/FreeRTOS/Source/event_groups.c **** BaseType_t xWaitConditionMet = pdFALSE;
  33              		.loc 1 673 1 view .LVU1
 674:Middlewares/Third_Party/FreeRTOS/Source/event_groups.c **** 
 675:Middlewares/Third_Party/FreeRTOS/Source/event_groups.c **** 	if( xWaitForAllBits == pdFALSE )
  34              		.loc 1 675 2 view .LVU2
  35              		.loc 1 675 4 is_stmt 0 view .LVU3
  36 0000 1AB9     		cbnz	r2, .L2
 676:Middlewares/Third_Party/FreeRTOS/Source/event_groups.c **** 	{
 677:Middlewares/Third_Party/FreeRTOS/Source/event_groups.c **** 		/* Task only has to wait for one bit within uxBitsToWaitFor to be
 678:Middlewares/Third_Party/FreeRTOS/Source/event_groups.c **** 		set.  Is one already set? */
 679:Middlewares/Third_Party/FreeRTOS/Source/event_groups.c **** 		if( ( uxCurrentEventBits & uxBitsToWaitFor ) != ( EventBits_t ) 0 )
  37              		.loc 1 679 3 is_stmt 1 view .LVU4
  38              		.loc 1 679 5 is_stmt 0 view .LVU5
  39 0002 0842     		tst	r0, r1
  40 0004 05D1     		bne	.L4
 673:Middlewares/Third_Party/FreeRTOS/Source/event_groups.c **** 
  41              		.loc 1 673 12 view .LVU6
  42 0006 1046     		mov	r0, r2
  43              	.LVL1:
 673:Middlewares/Third_Party/FreeRTOS/Source/event_groups.c **** 
  44              		.loc 1 673 12 view .LVU7
  45 0008 7047     		bx	lr
  46              	.LVL2:
  47              	.L2:
 680:Middlewares/Third_Party/FreeRTOS/Source/event_groups.c **** 		{
 681:Middlewares/Third_Party/FreeRTOS/Source/event_groups.c **** 			xWaitConditionMet = pdTRUE;
 682:Middlewares/Third_Party/FreeRTOS/Source/event_groups.c **** 		}
 683:Middlewares/Third_Party/FreeRTOS/Source/event_groups.c **** 		else
 684:Middlewares/Third_Party/FreeRTOS/Source/event_groups.c **** 		{
 685:Middlewares/Third_Party/FreeRTOS/Source/event_groups.c **** 			mtCOVERAGE_TEST_MARKER();
 686:Middlewares/Third_Party/FreeRTOS/Source/event_groups.c **** 		}
 687:Middlewares/Third_Party/FreeRTOS/Source/event_groups.c **** 	}
 688:Middlewares/Third_Party/FreeRTOS/Source/event_groups.c **** 	else
 689:Middlewares/Third_Party/FreeRTOS/Source/event_groups.c **** 	{
 690:Middlewares/Third_Party/FreeRTOS/Source/event_groups.c **** 		/* Task has to wait for all the bits in uxBitsToWaitFor to be set.
 691:Middlewares/Third_Party/FreeRTOS/Source/event_groups.c **** 		Are they set already? */
 692:Middlewares/Third_Party/FreeRTOS/Source/event_groups.c **** 		if( ( uxCurrentEventBits & uxBitsToWaitFor ) == uxBitsToWaitFor )
  48              		.loc 1 692 3 is_stmt 1 view .LVU8
ARM GAS  C:\Users\jason\AppData\Local\Temp\cciHz2Wv.s 			page 14


  49              		.loc 1 692 5 is_stmt 0 view .LVU9
  50 000a 8143     		bics	r1, r1, r0
  51              	.LVL3:
  52              		.loc 1 692 5 view .LVU10
  53 000c 03D0     		beq	.L5
 673:Middlewares/Third_Party/FreeRTOS/Source/event_groups.c **** 
  54              		.loc 1 673 12 view .LVU11
  55 000e 0020     		movs	r0, #0
  56              	.LVL4:
 673:Middlewares/Third_Party/FreeRTOS/Source/event_groups.c **** 
  57              		.loc 1 673 12 view .LVU12
  58 0010 7047     		bx	lr
  59              	.LVL5:
  60              	.L4:
 681:Middlewares/Third_Party/FreeRTOS/Source/event_groups.c **** 		}
  61              		.loc 1 681 22 view .LVU13
  62 0012 0120     		movs	r0, #1
  63              	.LVL6:
 681:Middlewares/Third_Party/FreeRTOS/Source/event_groups.c **** 		}
  64              		.loc 1 681 22 view .LVU14
  65 0014 7047     		bx	lr
  66              	.LVL7:
  67              	.L5:
 693:Middlewares/Third_Party/FreeRTOS/Source/event_groups.c **** 		{
 694:Middlewares/Third_Party/FreeRTOS/Source/event_groups.c **** 			xWaitConditionMet = pdTRUE;
  68              		.loc 1 694 22 view .LVU15
  69 0016 0120     		movs	r0, #1
  70              	.LVL8:
 695:Middlewares/Third_Party/FreeRTOS/Source/event_groups.c **** 		}
 696:Middlewares/Third_Party/FreeRTOS/Source/event_groups.c **** 		else
 697:Middlewares/Third_Party/FreeRTOS/Source/event_groups.c **** 		{
 698:Middlewares/Third_Party/FreeRTOS/Source/event_groups.c **** 			mtCOVERAGE_TEST_MARKER();
  71              		.loc 1 698 28 is_stmt 1 view .LVU16
 699:Middlewares/Third_Party/FreeRTOS/Source/event_groups.c **** 		}
 700:Middlewares/Third_Party/FreeRTOS/Source/event_groups.c **** 	}
 701:Middlewares/Third_Party/FreeRTOS/Source/event_groups.c **** 
 702:Middlewares/Third_Party/FreeRTOS/Source/event_groups.c **** 	return xWaitConditionMet;
  72              		.loc 1 702 2 view .LVU17
 703:Middlewares/Third_Party/FreeRTOS/Source/event_groups.c **** }
  73              		.loc 1 703 1 is_stmt 0 view .LVU18
  74 0018 7047     		bx	lr
  75              		.cfi_endproc
  76              	.LFE15:
  78              		.section	.text.xEventGroupCreateStatic,"ax",%progbits
  79              		.align	1
  80              		.global	xEventGroupCreateStatic
  81              		.syntax unified
  82              		.thumb
  83              		.thumb_func
  85              	xEventGroupCreateStatic:
  86              	.LVL9:
  87              	.LFB4:
  94:Middlewares/Third_Party/FreeRTOS/Source/event_groups.c **** 	EventGroup_t *pxEventBits;
  88              		.loc 1 94 2 is_stmt 1 view -0
  89              		.cfi_startproc
  90              		@ args = 0, pretend = 0, frame = 8
  91              		@ frame_needed = 0, uses_anonymous_args = 0
ARM GAS  C:\Users\jason\AppData\Local\Temp\cciHz2Wv.s 			page 15


  95:Middlewares/Third_Party/FreeRTOS/Source/event_groups.c **** 
  92              		.loc 1 95 2 view .LVU20
  98:Middlewares/Third_Party/FreeRTOS/Source/event_groups.c **** 
  93              		.loc 1 98 3 view .LVU21
  94 0000 78B1     		cbz	r0, .L13
  94:Middlewares/Third_Party/FreeRTOS/Source/event_groups.c **** 	EventGroup_t *pxEventBits;
  95              		.loc 1 94 2 is_stmt 0 view .LVU22
  96 0002 10B5     		push	{r4, lr}
  97              		.cfi_def_cfa_offset 8
  98              		.cfi_offset 4, -8
  99              		.cfi_offset 14, -4
 100 0004 82B0     		sub	sp, sp, #8
 101              		.cfi_def_cfa_offset 16
  98:Middlewares/Third_Party/FreeRTOS/Source/event_groups.c **** 
 102              		.loc 1 98 37 is_stmt 1 view .LVU23
 103              	.LBB36:
 105:Middlewares/Third_Party/FreeRTOS/Source/event_groups.c **** 			configASSERT( xSize == sizeof( EventGroup_t ) );
 104              		.loc 1 105 4 view .LVU24
 105:Middlewares/Third_Party/FreeRTOS/Source/event_groups.c **** 			configASSERT( xSize == sizeof( EventGroup_t ) );
 105              		.loc 1 105 20 is_stmt 0 view .LVU25
 106 0006 2023     		movs	r3, #32
 107 0008 0193     		str	r3, [sp, #4]
 106:Middlewares/Third_Party/FreeRTOS/Source/event_groups.c **** 		} /*lint !e529 xSize is referenced if configASSERT() is defined. */
 108              		.loc 1 106 4 is_stmt 1 view .LVU26
 109 000a 019B     		ldr	r3, [sp, #4]
 110 000c 202B     		cmp	r3, #32
 111 000e 11D0     		beq	.L9
 106:Middlewares/Third_Party/FreeRTOS/Source/event_groups.c **** 		} /*lint !e529 xSize is referenced if configASSERT() is defined. */
 112              		.loc 1 106 4 discriminator 1 view .LVU27
 113              	.LBB37:
 114              	.LBI37:
 115              		.file 2 "Middlewares/Third_Party/FreeRTOS/Source/portable/GCC/ARM_CM4F/portmacro.h"
   1:Middlewares/Third_Party/FreeRTOS/Source/portable/GCC/ARM_CM4F/portmacro.h **** /*
   2:Middlewares/Third_Party/FreeRTOS/Source/portable/GCC/ARM_CM4F/portmacro.h ****  * FreeRTOS Kernel V10.3.1
   3:Middlewares/Third_Party/FreeRTOS/Source/portable/GCC/ARM_CM4F/portmacro.h ****  * Copyright (C) 2020 Amazon.com, Inc. or its affiliates.  All Rights Reserved.
   4:Middlewares/Third_Party/FreeRTOS/Source/portable/GCC/ARM_CM4F/portmacro.h ****  *
   5:Middlewares/Third_Party/FreeRTOS/Source/portable/GCC/ARM_CM4F/portmacro.h ****  * Permission is hereby granted, free of charge, to any person obtaining a copy of
   6:Middlewares/Third_Party/FreeRTOS/Source/portable/GCC/ARM_CM4F/portmacro.h ****  * this software and associated documentation files (the "Software"), to deal in
   7:Middlewares/Third_Party/FreeRTOS/Source/portable/GCC/ARM_CM4F/portmacro.h ****  * the Software without restriction, including without limitation the rights to
   8:Middlewares/Third_Party/FreeRTOS/Source/portable/GCC/ARM_CM4F/portmacro.h ****  * use, copy, modify, merge, publish, distribute, sublicense, and/or sell copies of
   9:Middlewares/Third_Party/FreeRTOS/Source/portable/GCC/ARM_CM4F/portmacro.h ****  * the Software, and to permit persons to whom the Software is furnished to do so,
  10:Middlewares/Third_Party/FreeRTOS/Source/portable/GCC/ARM_CM4F/portmacro.h ****  * subject to the following conditions:
  11:Middlewares/Third_Party/FreeRTOS/Source/portable/GCC/ARM_CM4F/portmacro.h ****  *
  12:Middlewares/Third_Party/FreeRTOS/Source/portable/GCC/ARM_CM4F/portmacro.h ****  * The above copyright notice and this permission notice shall be included in all
  13:Middlewares/Third_Party/FreeRTOS/Source/portable/GCC/ARM_CM4F/portmacro.h ****  * copies or substantial portions of the Software.
  14:Middlewares/Third_Party/FreeRTOS/Source/portable/GCC/ARM_CM4F/portmacro.h ****  *
  15:Middlewares/Third_Party/FreeRTOS/Source/portable/GCC/ARM_CM4F/portmacro.h ****  * THE SOFTWARE IS PROVIDED "AS IS", WITHOUT WARRANTY OF ANY KIND, EXPRESS OR
  16:Middlewares/Third_Party/FreeRTOS/Source/portable/GCC/ARM_CM4F/portmacro.h ****  * IMPLIED, INCLUDING BUT NOT LIMITED TO THE WARRANTIES OF MERCHANTABILITY, FITNESS
  17:Middlewares/Third_Party/FreeRTOS/Source/portable/GCC/ARM_CM4F/portmacro.h ****  * FOR A PARTICULAR PURPOSE AND NONINFRINGEMENT. IN NO EVENT SHALL THE AUTHORS OR
  18:Middlewares/Third_Party/FreeRTOS/Source/portable/GCC/ARM_CM4F/portmacro.h ****  * COPYRIGHT HOLDERS BE LIABLE FOR ANY CLAIM, DAMAGES OR OTHER LIABILITY, WHETHER
  19:Middlewares/Third_Party/FreeRTOS/Source/portable/GCC/ARM_CM4F/portmacro.h ****  * IN AN ACTION OF CONTRACT, TORT OR OTHERWISE, ARISING FROM, OUT OF OR IN
  20:Middlewares/Third_Party/FreeRTOS/Source/portable/GCC/ARM_CM4F/portmacro.h ****  * CONNECTION WITH THE SOFTWARE OR THE USE OR OTHER DEALINGS IN THE SOFTWARE.
  21:Middlewares/Third_Party/FreeRTOS/Source/portable/GCC/ARM_CM4F/portmacro.h ****  *
  22:Middlewares/Third_Party/FreeRTOS/Source/portable/GCC/ARM_CM4F/portmacro.h ****  * http://www.FreeRTOS.org
  23:Middlewares/Third_Party/FreeRTOS/Source/portable/GCC/ARM_CM4F/portmacro.h ****  * http://aws.amazon.com/freertos
  24:Middlewares/Third_Party/FreeRTOS/Source/portable/GCC/ARM_CM4F/portmacro.h ****  *
  25:Middlewares/Third_Party/FreeRTOS/Source/portable/GCC/ARM_CM4F/portmacro.h ****  * 1 tab == 4 spaces!
ARM GAS  C:\Users\jason\AppData\Local\Temp\cciHz2Wv.s 			page 16


  26:Middlewares/Third_Party/FreeRTOS/Source/portable/GCC/ARM_CM4F/portmacro.h ****  */
  27:Middlewares/Third_Party/FreeRTOS/Source/portable/GCC/ARM_CM4F/portmacro.h **** 
  28:Middlewares/Third_Party/FreeRTOS/Source/portable/GCC/ARM_CM4F/portmacro.h **** 
  29:Middlewares/Third_Party/FreeRTOS/Source/portable/GCC/ARM_CM4F/portmacro.h **** #ifndef PORTMACRO_H
  30:Middlewares/Third_Party/FreeRTOS/Source/portable/GCC/ARM_CM4F/portmacro.h **** #define PORTMACRO_H
  31:Middlewares/Third_Party/FreeRTOS/Source/portable/GCC/ARM_CM4F/portmacro.h **** 
  32:Middlewares/Third_Party/FreeRTOS/Source/portable/GCC/ARM_CM4F/portmacro.h **** #ifdef __cplusplus
  33:Middlewares/Third_Party/FreeRTOS/Source/portable/GCC/ARM_CM4F/portmacro.h **** extern "C" {
  34:Middlewares/Third_Party/FreeRTOS/Source/portable/GCC/ARM_CM4F/portmacro.h **** #endif
  35:Middlewares/Third_Party/FreeRTOS/Source/portable/GCC/ARM_CM4F/portmacro.h **** 
  36:Middlewares/Third_Party/FreeRTOS/Source/portable/GCC/ARM_CM4F/portmacro.h **** /*-----------------------------------------------------------
  37:Middlewares/Third_Party/FreeRTOS/Source/portable/GCC/ARM_CM4F/portmacro.h ****  * Port specific definitions.
  38:Middlewares/Third_Party/FreeRTOS/Source/portable/GCC/ARM_CM4F/portmacro.h ****  *
  39:Middlewares/Third_Party/FreeRTOS/Source/portable/GCC/ARM_CM4F/portmacro.h ****  * The settings in this file configure FreeRTOS correctly for the
  40:Middlewares/Third_Party/FreeRTOS/Source/portable/GCC/ARM_CM4F/portmacro.h ****  * given hardware and compiler.
  41:Middlewares/Third_Party/FreeRTOS/Source/portable/GCC/ARM_CM4F/portmacro.h ****  *
  42:Middlewares/Third_Party/FreeRTOS/Source/portable/GCC/ARM_CM4F/portmacro.h ****  * These settings should not be altered.
  43:Middlewares/Third_Party/FreeRTOS/Source/portable/GCC/ARM_CM4F/portmacro.h ****  *-----------------------------------------------------------
  44:Middlewares/Third_Party/FreeRTOS/Source/portable/GCC/ARM_CM4F/portmacro.h ****  */
  45:Middlewares/Third_Party/FreeRTOS/Source/portable/GCC/ARM_CM4F/portmacro.h **** 
  46:Middlewares/Third_Party/FreeRTOS/Source/portable/GCC/ARM_CM4F/portmacro.h **** /* Type definitions. */
  47:Middlewares/Third_Party/FreeRTOS/Source/portable/GCC/ARM_CM4F/portmacro.h **** #define portCHAR		char
  48:Middlewares/Third_Party/FreeRTOS/Source/portable/GCC/ARM_CM4F/portmacro.h **** #define portFLOAT		float
  49:Middlewares/Third_Party/FreeRTOS/Source/portable/GCC/ARM_CM4F/portmacro.h **** #define portDOUBLE		double
  50:Middlewares/Third_Party/FreeRTOS/Source/portable/GCC/ARM_CM4F/portmacro.h **** #define portLONG		long
  51:Middlewares/Third_Party/FreeRTOS/Source/portable/GCC/ARM_CM4F/portmacro.h **** #define portSHORT		short
  52:Middlewares/Third_Party/FreeRTOS/Source/portable/GCC/ARM_CM4F/portmacro.h **** #define portSTACK_TYPE	uint32_t
  53:Middlewares/Third_Party/FreeRTOS/Source/portable/GCC/ARM_CM4F/portmacro.h **** #define portBASE_TYPE	long
  54:Middlewares/Third_Party/FreeRTOS/Source/portable/GCC/ARM_CM4F/portmacro.h **** 
  55:Middlewares/Third_Party/FreeRTOS/Source/portable/GCC/ARM_CM4F/portmacro.h **** typedef portSTACK_TYPE StackType_t;
  56:Middlewares/Third_Party/FreeRTOS/Source/portable/GCC/ARM_CM4F/portmacro.h **** typedef long BaseType_t;
  57:Middlewares/Third_Party/FreeRTOS/Source/portable/GCC/ARM_CM4F/portmacro.h **** typedef unsigned long UBaseType_t;
  58:Middlewares/Third_Party/FreeRTOS/Source/portable/GCC/ARM_CM4F/portmacro.h **** 
  59:Middlewares/Third_Party/FreeRTOS/Source/portable/GCC/ARM_CM4F/portmacro.h **** #if( configUSE_16_BIT_TICKS == 1 )
  60:Middlewares/Third_Party/FreeRTOS/Source/portable/GCC/ARM_CM4F/portmacro.h **** 	typedef uint16_t TickType_t;
  61:Middlewares/Third_Party/FreeRTOS/Source/portable/GCC/ARM_CM4F/portmacro.h **** 	#define portMAX_DELAY ( TickType_t ) 0xffff
  62:Middlewares/Third_Party/FreeRTOS/Source/portable/GCC/ARM_CM4F/portmacro.h **** #else
  63:Middlewares/Third_Party/FreeRTOS/Source/portable/GCC/ARM_CM4F/portmacro.h **** 	typedef uint32_t TickType_t;
  64:Middlewares/Third_Party/FreeRTOS/Source/portable/GCC/ARM_CM4F/portmacro.h **** 	#define portMAX_DELAY ( TickType_t ) 0xffffffffUL
  65:Middlewares/Third_Party/FreeRTOS/Source/portable/GCC/ARM_CM4F/portmacro.h **** 
  66:Middlewares/Third_Party/FreeRTOS/Source/portable/GCC/ARM_CM4F/portmacro.h **** 	/* 32-bit tick type on a 32-bit architecture, so reads of the tick count do
  67:Middlewares/Third_Party/FreeRTOS/Source/portable/GCC/ARM_CM4F/portmacro.h **** 	not need to be guarded with a critical section. */
  68:Middlewares/Third_Party/FreeRTOS/Source/portable/GCC/ARM_CM4F/portmacro.h **** 	#define portTICK_TYPE_IS_ATOMIC 1
  69:Middlewares/Third_Party/FreeRTOS/Source/portable/GCC/ARM_CM4F/portmacro.h **** #endif
  70:Middlewares/Third_Party/FreeRTOS/Source/portable/GCC/ARM_CM4F/portmacro.h **** /*-----------------------------------------------------------*/
  71:Middlewares/Third_Party/FreeRTOS/Source/portable/GCC/ARM_CM4F/portmacro.h **** 
  72:Middlewares/Third_Party/FreeRTOS/Source/portable/GCC/ARM_CM4F/portmacro.h **** /* Architecture specifics. */
  73:Middlewares/Third_Party/FreeRTOS/Source/portable/GCC/ARM_CM4F/portmacro.h **** #define portSTACK_GROWTH			( -1 )
  74:Middlewares/Third_Party/FreeRTOS/Source/portable/GCC/ARM_CM4F/portmacro.h **** #define portTICK_PERIOD_MS			( ( TickType_t ) 1000 / configTICK_RATE_HZ )
  75:Middlewares/Third_Party/FreeRTOS/Source/portable/GCC/ARM_CM4F/portmacro.h **** #define portBYTE_ALIGNMENT			8
  76:Middlewares/Third_Party/FreeRTOS/Source/portable/GCC/ARM_CM4F/portmacro.h **** /*-----------------------------------------------------------*/
  77:Middlewares/Third_Party/FreeRTOS/Source/portable/GCC/ARM_CM4F/portmacro.h **** 
  78:Middlewares/Third_Party/FreeRTOS/Source/portable/GCC/ARM_CM4F/portmacro.h **** /* Scheduler utilities. */
  79:Middlewares/Third_Party/FreeRTOS/Source/portable/GCC/ARM_CM4F/portmacro.h **** #define portYIELD() 															\
  80:Middlewares/Third_Party/FreeRTOS/Source/portable/GCC/ARM_CM4F/portmacro.h **** {																				\
  81:Middlewares/Third_Party/FreeRTOS/Source/portable/GCC/ARM_CM4F/portmacro.h **** 	/* Set a PendSV to request a context switch. */								\
  82:Middlewares/Third_Party/FreeRTOS/Source/portable/GCC/ARM_CM4F/portmacro.h **** 	portNVIC_INT_CTRL_REG = portNVIC_PENDSVSET_BIT;								\
ARM GAS  C:\Users\jason\AppData\Local\Temp\cciHz2Wv.s 			page 17


  83:Middlewares/Third_Party/FreeRTOS/Source/portable/GCC/ARM_CM4F/portmacro.h **** 																				\
  84:Middlewares/Third_Party/FreeRTOS/Source/portable/GCC/ARM_CM4F/portmacro.h **** 	/* Barriers are normally not required but do ensure the code is completely	\
  85:Middlewares/Third_Party/FreeRTOS/Source/portable/GCC/ARM_CM4F/portmacro.h **** 	within the specified behaviour for the architecture. */						\
  86:Middlewares/Third_Party/FreeRTOS/Source/portable/GCC/ARM_CM4F/portmacro.h **** 	__asm volatile( "dsb" ::: "memory" );										\
  87:Middlewares/Third_Party/FreeRTOS/Source/portable/GCC/ARM_CM4F/portmacro.h **** 	__asm volatile( "isb" );													\
  88:Middlewares/Third_Party/FreeRTOS/Source/portable/GCC/ARM_CM4F/portmacro.h **** }
  89:Middlewares/Third_Party/FreeRTOS/Source/portable/GCC/ARM_CM4F/portmacro.h **** 
  90:Middlewares/Third_Party/FreeRTOS/Source/portable/GCC/ARM_CM4F/portmacro.h **** #define portNVIC_INT_CTRL_REG		( * ( ( volatile uint32_t * ) 0xe000ed04 ) )
  91:Middlewares/Third_Party/FreeRTOS/Source/portable/GCC/ARM_CM4F/portmacro.h **** #define portNVIC_PENDSVSET_BIT		( 1UL << 28UL )
  92:Middlewares/Third_Party/FreeRTOS/Source/portable/GCC/ARM_CM4F/portmacro.h **** #define portEND_SWITCHING_ISR( xSwitchRequired ) if( xSwitchRequired != pdFALSE ) portYIELD()
  93:Middlewares/Third_Party/FreeRTOS/Source/portable/GCC/ARM_CM4F/portmacro.h **** #define portYIELD_FROM_ISR( x ) portEND_SWITCHING_ISR( x )
  94:Middlewares/Third_Party/FreeRTOS/Source/portable/GCC/ARM_CM4F/portmacro.h **** /*-----------------------------------------------------------*/
  95:Middlewares/Third_Party/FreeRTOS/Source/portable/GCC/ARM_CM4F/portmacro.h **** 
  96:Middlewares/Third_Party/FreeRTOS/Source/portable/GCC/ARM_CM4F/portmacro.h **** /* Critical section management. */
  97:Middlewares/Third_Party/FreeRTOS/Source/portable/GCC/ARM_CM4F/portmacro.h **** extern void vPortEnterCritical( void );
  98:Middlewares/Third_Party/FreeRTOS/Source/portable/GCC/ARM_CM4F/portmacro.h **** extern void vPortExitCritical( void );
  99:Middlewares/Third_Party/FreeRTOS/Source/portable/GCC/ARM_CM4F/portmacro.h **** #define portSET_INTERRUPT_MASK_FROM_ISR()		ulPortRaiseBASEPRI()
 100:Middlewares/Third_Party/FreeRTOS/Source/portable/GCC/ARM_CM4F/portmacro.h **** #define portCLEAR_INTERRUPT_MASK_FROM_ISR(x)	vPortSetBASEPRI(x)
 101:Middlewares/Third_Party/FreeRTOS/Source/portable/GCC/ARM_CM4F/portmacro.h **** #define portDISABLE_INTERRUPTS()				vPortRaiseBASEPRI()
 102:Middlewares/Third_Party/FreeRTOS/Source/portable/GCC/ARM_CM4F/portmacro.h **** #define portENABLE_INTERRUPTS()					vPortSetBASEPRI(0)
 103:Middlewares/Third_Party/FreeRTOS/Source/portable/GCC/ARM_CM4F/portmacro.h **** #define portENTER_CRITICAL()					vPortEnterCritical()
 104:Middlewares/Third_Party/FreeRTOS/Source/portable/GCC/ARM_CM4F/portmacro.h **** #define portEXIT_CRITICAL()						vPortExitCritical()
 105:Middlewares/Third_Party/FreeRTOS/Source/portable/GCC/ARM_CM4F/portmacro.h **** 
 106:Middlewares/Third_Party/FreeRTOS/Source/portable/GCC/ARM_CM4F/portmacro.h **** /*-----------------------------------------------------------*/
 107:Middlewares/Third_Party/FreeRTOS/Source/portable/GCC/ARM_CM4F/portmacro.h **** 
 108:Middlewares/Third_Party/FreeRTOS/Source/portable/GCC/ARM_CM4F/portmacro.h **** /* Task function macros as described on the FreeRTOS.org WEB site.  These are
 109:Middlewares/Third_Party/FreeRTOS/Source/portable/GCC/ARM_CM4F/portmacro.h **** not necessary for to use this port.  They are defined so the common demo files
 110:Middlewares/Third_Party/FreeRTOS/Source/portable/GCC/ARM_CM4F/portmacro.h **** (which build with all the ports) will build. */
 111:Middlewares/Third_Party/FreeRTOS/Source/portable/GCC/ARM_CM4F/portmacro.h **** #define portTASK_FUNCTION_PROTO( vFunction, pvParameters ) void vFunction( void *pvParameters )
 112:Middlewares/Third_Party/FreeRTOS/Source/portable/GCC/ARM_CM4F/portmacro.h **** #define portTASK_FUNCTION( vFunction, pvParameters ) void vFunction( void *pvParameters )
 113:Middlewares/Third_Party/FreeRTOS/Source/portable/GCC/ARM_CM4F/portmacro.h **** /*-----------------------------------------------------------*/
 114:Middlewares/Third_Party/FreeRTOS/Source/portable/GCC/ARM_CM4F/portmacro.h **** 
 115:Middlewares/Third_Party/FreeRTOS/Source/portable/GCC/ARM_CM4F/portmacro.h **** /* Tickless idle/low power functionality. */
 116:Middlewares/Third_Party/FreeRTOS/Source/portable/GCC/ARM_CM4F/portmacro.h **** #ifndef portSUPPRESS_TICKS_AND_SLEEP
 117:Middlewares/Third_Party/FreeRTOS/Source/portable/GCC/ARM_CM4F/portmacro.h **** 	extern void vPortSuppressTicksAndSleep( TickType_t xExpectedIdleTime );
 118:Middlewares/Third_Party/FreeRTOS/Source/portable/GCC/ARM_CM4F/portmacro.h **** 	#define portSUPPRESS_TICKS_AND_SLEEP( xExpectedIdleTime ) vPortSuppressTicksAndSleep( xExpectedIdl
 119:Middlewares/Third_Party/FreeRTOS/Source/portable/GCC/ARM_CM4F/portmacro.h **** #endif
 120:Middlewares/Third_Party/FreeRTOS/Source/portable/GCC/ARM_CM4F/portmacro.h **** /*-----------------------------------------------------------*/
 121:Middlewares/Third_Party/FreeRTOS/Source/portable/GCC/ARM_CM4F/portmacro.h **** 
 122:Middlewares/Third_Party/FreeRTOS/Source/portable/GCC/ARM_CM4F/portmacro.h **** /* Architecture specific optimisations. */
 123:Middlewares/Third_Party/FreeRTOS/Source/portable/GCC/ARM_CM4F/portmacro.h **** #ifndef configUSE_PORT_OPTIMISED_TASK_SELECTION
 124:Middlewares/Third_Party/FreeRTOS/Source/portable/GCC/ARM_CM4F/portmacro.h **** 	#define configUSE_PORT_OPTIMISED_TASK_SELECTION 1
 125:Middlewares/Third_Party/FreeRTOS/Source/portable/GCC/ARM_CM4F/portmacro.h **** #endif
 126:Middlewares/Third_Party/FreeRTOS/Source/portable/GCC/ARM_CM4F/portmacro.h **** 
 127:Middlewares/Third_Party/FreeRTOS/Source/portable/GCC/ARM_CM4F/portmacro.h **** #if configUSE_PORT_OPTIMISED_TASK_SELECTION == 1
 128:Middlewares/Third_Party/FreeRTOS/Source/portable/GCC/ARM_CM4F/portmacro.h **** 
 129:Middlewares/Third_Party/FreeRTOS/Source/portable/GCC/ARM_CM4F/portmacro.h **** 	/* Generic helper function. */
 130:Middlewares/Third_Party/FreeRTOS/Source/portable/GCC/ARM_CM4F/portmacro.h **** 	__attribute__( ( always_inline ) ) static inline uint8_t ucPortCountLeadingZeros( uint32_t ulBitma
 131:Middlewares/Third_Party/FreeRTOS/Source/portable/GCC/ARM_CM4F/portmacro.h **** 	{
 132:Middlewares/Third_Party/FreeRTOS/Source/portable/GCC/ARM_CM4F/portmacro.h **** 	uint8_t ucReturn;
 133:Middlewares/Third_Party/FreeRTOS/Source/portable/GCC/ARM_CM4F/portmacro.h **** 
 134:Middlewares/Third_Party/FreeRTOS/Source/portable/GCC/ARM_CM4F/portmacro.h **** 		__asm volatile ( "clz %0, %1" : "=r" ( ucReturn ) : "r" ( ulBitmap ) : "memory" );
 135:Middlewares/Third_Party/FreeRTOS/Source/portable/GCC/ARM_CM4F/portmacro.h **** 		return ucReturn;
 136:Middlewares/Third_Party/FreeRTOS/Source/portable/GCC/ARM_CM4F/portmacro.h **** 	}
 137:Middlewares/Third_Party/FreeRTOS/Source/portable/GCC/ARM_CM4F/portmacro.h **** 
 138:Middlewares/Third_Party/FreeRTOS/Source/portable/GCC/ARM_CM4F/portmacro.h **** 	/* Check the configuration. */
 139:Middlewares/Third_Party/FreeRTOS/Source/portable/GCC/ARM_CM4F/portmacro.h **** 	#if( configMAX_PRIORITIES > 32 )
ARM GAS  C:\Users\jason\AppData\Local\Temp\cciHz2Wv.s 			page 18


 140:Middlewares/Third_Party/FreeRTOS/Source/portable/GCC/ARM_CM4F/portmacro.h **** 		#error configUSE_PORT_OPTIMISED_TASK_SELECTION can only be set to 1 when configMAX_PRIORITIES is 
 141:Middlewares/Third_Party/FreeRTOS/Source/portable/GCC/ARM_CM4F/portmacro.h **** 	#endif
 142:Middlewares/Third_Party/FreeRTOS/Source/portable/GCC/ARM_CM4F/portmacro.h **** 
 143:Middlewares/Third_Party/FreeRTOS/Source/portable/GCC/ARM_CM4F/portmacro.h **** 	/* Store/clear the ready priorities in a bit map. */
 144:Middlewares/Third_Party/FreeRTOS/Source/portable/GCC/ARM_CM4F/portmacro.h **** 	#define portRECORD_READY_PRIORITY( uxPriority, uxReadyPriorities ) ( uxReadyPriorities ) |= ( 1UL 
 145:Middlewares/Third_Party/FreeRTOS/Source/portable/GCC/ARM_CM4F/portmacro.h **** 	#define portRESET_READY_PRIORITY( uxPriority, uxReadyPriorities ) ( uxReadyPriorities ) &= ~( 1UL 
 146:Middlewares/Third_Party/FreeRTOS/Source/portable/GCC/ARM_CM4F/portmacro.h **** 
 147:Middlewares/Third_Party/FreeRTOS/Source/portable/GCC/ARM_CM4F/portmacro.h **** 	/*-----------------------------------------------------------*/
 148:Middlewares/Third_Party/FreeRTOS/Source/portable/GCC/ARM_CM4F/portmacro.h **** 
 149:Middlewares/Third_Party/FreeRTOS/Source/portable/GCC/ARM_CM4F/portmacro.h **** 	#define portGET_HIGHEST_PRIORITY( uxTopPriority, uxReadyPriorities ) uxTopPriority = ( 31UL - ( ui
 150:Middlewares/Third_Party/FreeRTOS/Source/portable/GCC/ARM_CM4F/portmacro.h **** 
 151:Middlewares/Third_Party/FreeRTOS/Source/portable/GCC/ARM_CM4F/portmacro.h **** #endif /* configUSE_PORT_OPTIMISED_TASK_SELECTION */
 152:Middlewares/Third_Party/FreeRTOS/Source/portable/GCC/ARM_CM4F/portmacro.h **** 
 153:Middlewares/Third_Party/FreeRTOS/Source/portable/GCC/ARM_CM4F/portmacro.h **** /*-----------------------------------------------------------*/
 154:Middlewares/Third_Party/FreeRTOS/Source/portable/GCC/ARM_CM4F/portmacro.h **** 
 155:Middlewares/Third_Party/FreeRTOS/Source/portable/GCC/ARM_CM4F/portmacro.h **** #ifdef configASSERT
 156:Middlewares/Third_Party/FreeRTOS/Source/portable/GCC/ARM_CM4F/portmacro.h **** 	void vPortValidateInterruptPriority( void );
 157:Middlewares/Third_Party/FreeRTOS/Source/portable/GCC/ARM_CM4F/portmacro.h **** 	#define portASSERT_IF_INTERRUPT_PRIORITY_INVALID() 	vPortValidateInterruptPriority()
 158:Middlewares/Third_Party/FreeRTOS/Source/portable/GCC/ARM_CM4F/portmacro.h **** #endif
 159:Middlewares/Third_Party/FreeRTOS/Source/portable/GCC/ARM_CM4F/portmacro.h **** 
 160:Middlewares/Third_Party/FreeRTOS/Source/portable/GCC/ARM_CM4F/portmacro.h **** /* portNOP() is not required by this port. */
 161:Middlewares/Third_Party/FreeRTOS/Source/portable/GCC/ARM_CM4F/portmacro.h **** #define portNOP()
 162:Middlewares/Third_Party/FreeRTOS/Source/portable/GCC/ARM_CM4F/portmacro.h **** 
 163:Middlewares/Third_Party/FreeRTOS/Source/portable/GCC/ARM_CM4F/portmacro.h **** #define portINLINE	__inline
 164:Middlewares/Third_Party/FreeRTOS/Source/portable/GCC/ARM_CM4F/portmacro.h **** 
 165:Middlewares/Third_Party/FreeRTOS/Source/portable/GCC/ARM_CM4F/portmacro.h **** #ifndef portFORCE_INLINE
 166:Middlewares/Third_Party/FreeRTOS/Source/portable/GCC/ARM_CM4F/portmacro.h **** 	#define portFORCE_INLINE inline __attribute__(( always_inline))
 167:Middlewares/Third_Party/FreeRTOS/Source/portable/GCC/ARM_CM4F/portmacro.h **** #endif
 168:Middlewares/Third_Party/FreeRTOS/Source/portable/GCC/ARM_CM4F/portmacro.h **** 
 169:Middlewares/Third_Party/FreeRTOS/Source/portable/GCC/ARM_CM4F/portmacro.h **** portFORCE_INLINE static BaseType_t xPortIsInsideInterrupt( void )
 170:Middlewares/Third_Party/FreeRTOS/Source/portable/GCC/ARM_CM4F/portmacro.h **** {
 171:Middlewares/Third_Party/FreeRTOS/Source/portable/GCC/ARM_CM4F/portmacro.h **** uint32_t ulCurrentInterrupt;
 172:Middlewares/Third_Party/FreeRTOS/Source/portable/GCC/ARM_CM4F/portmacro.h **** BaseType_t xReturn;
 173:Middlewares/Third_Party/FreeRTOS/Source/portable/GCC/ARM_CM4F/portmacro.h **** 
 174:Middlewares/Third_Party/FreeRTOS/Source/portable/GCC/ARM_CM4F/portmacro.h **** 	/* Obtain the number of the currently executing interrupt. */
 175:Middlewares/Third_Party/FreeRTOS/Source/portable/GCC/ARM_CM4F/portmacro.h **** 	__asm volatile( "mrs %0, ipsr" : "=r"( ulCurrentInterrupt ) :: "memory" );
 176:Middlewares/Third_Party/FreeRTOS/Source/portable/GCC/ARM_CM4F/portmacro.h **** 
 177:Middlewares/Third_Party/FreeRTOS/Source/portable/GCC/ARM_CM4F/portmacro.h **** 	if( ulCurrentInterrupt == 0 )
 178:Middlewares/Third_Party/FreeRTOS/Source/portable/GCC/ARM_CM4F/portmacro.h **** 	{
 179:Middlewares/Third_Party/FreeRTOS/Source/portable/GCC/ARM_CM4F/portmacro.h **** 		xReturn = pdFALSE;
 180:Middlewares/Third_Party/FreeRTOS/Source/portable/GCC/ARM_CM4F/portmacro.h **** 	}
 181:Middlewares/Third_Party/FreeRTOS/Source/portable/GCC/ARM_CM4F/portmacro.h **** 	else
 182:Middlewares/Third_Party/FreeRTOS/Source/portable/GCC/ARM_CM4F/portmacro.h **** 	{
 183:Middlewares/Third_Party/FreeRTOS/Source/portable/GCC/ARM_CM4F/portmacro.h **** 		xReturn = pdTRUE;
 184:Middlewares/Third_Party/FreeRTOS/Source/portable/GCC/ARM_CM4F/portmacro.h **** 	}
 185:Middlewares/Third_Party/FreeRTOS/Source/portable/GCC/ARM_CM4F/portmacro.h **** 
 186:Middlewares/Third_Party/FreeRTOS/Source/portable/GCC/ARM_CM4F/portmacro.h **** 	return xReturn;
 187:Middlewares/Third_Party/FreeRTOS/Source/portable/GCC/ARM_CM4F/portmacro.h **** }
 188:Middlewares/Third_Party/FreeRTOS/Source/portable/GCC/ARM_CM4F/portmacro.h **** 
 189:Middlewares/Third_Party/FreeRTOS/Source/portable/GCC/ARM_CM4F/portmacro.h **** /*-----------------------------------------------------------*/
 190:Middlewares/Third_Party/FreeRTOS/Source/portable/GCC/ARM_CM4F/portmacro.h **** 
 191:Middlewares/Third_Party/FreeRTOS/Source/portable/GCC/ARM_CM4F/portmacro.h **** portFORCE_INLINE static void vPortRaiseBASEPRI( void )
 116              		.loc 2 191 30 view .LVU28
 117              	.LBB38:
 192:Middlewares/Third_Party/FreeRTOS/Source/portable/GCC/ARM_CM4F/portmacro.h **** {
 193:Middlewares/Third_Party/FreeRTOS/Source/portable/GCC/ARM_CM4F/portmacro.h **** uint32_t ulNewBASEPRI;
 118              		.loc 2 193 1 view .LVU29
ARM GAS  C:\Users\jason\AppData\Local\Temp\cciHz2Wv.s 			page 19


 194:Middlewares/Third_Party/FreeRTOS/Source/portable/GCC/ARM_CM4F/portmacro.h **** 
 195:Middlewares/Third_Party/FreeRTOS/Source/portable/GCC/ARM_CM4F/portmacro.h **** 	__asm volatile
 119              		.loc 2 195 2 view .LVU30
 120              		.syntax unified
 121              	@ 195 "Middlewares/Third_Party/FreeRTOS/Source/portable/GCC/ARM_CM4F/portmacro.h" 1
 122 0010 4FF05003 			mov r3, #80												
 123 0014 83F31188 		msr basepri, r3											
 124 0018 BFF36F8F 		isb														
 125 001c BFF34F8F 		dsb														
 126              	
 127              	@ 0 "" 2
 128              		.thumb
 129              		.syntax unified
 130              	.L10:
 131              	.LBE38:
 132              	.LBE37:
 106:Middlewares/Third_Party/FreeRTOS/Source/event_groups.c **** 		} /*lint !e529 xSize is referenced if configASSERT() is defined. */
 133              		.loc 1 106 4 view .LVU31
 134 0020 FEE7     		b	.L10
 135              	.L13:
 136              		.cfi_def_cfa_offset 0
 137              		.cfi_restore 4
 138              		.cfi_restore 14
 139              	.LBE36:
  98:Middlewares/Third_Party/FreeRTOS/Source/event_groups.c **** 
 140              		.loc 1 98 3 discriminator 1 view .LVU32
 141              	.LBB39:
 142              	.LBI39:
 191:Middlewares/Third_Party/FreeRTOS/Source/portable/GCC/ARM_CM4F/portmacro.h **** {
 143              		.loc 2 191 30 view .LVU33
 144              	.LBB40:
 193:Middlewares/Third_Party/FreeRTOS/Source/portable/GCC/ARM_CM4F/portmacro.h **** 
 145              		.loc 2 193 1 view .LVU34
 146              		.loc 2 195 2 view .LVU35
 147              		.syntax unified
 148              	@ 195 "Middlewares/Third_Party/FreeRTOS/Source/portable/GCC/ARM_CM4F/portmacro.h" 1
 149 0022 4FF05003 			mov r3, #80												
 150 0026 83F31188 		msr basepri, r3											
 151 002a BFF36F8F 		isb														
 152 002e BFF34F8F 		dsb														
 153              	
 154              	@ 0 "" 2
 155              		.thumb
 156              		.syntax unified
 157              	.L8:
 158              	.LBE40:
 159              	.LBE39:
  98:Middlewares/Third_Party/FreeRTOS/Source/event_groups.c **** 
 160              		.loc 1 98 3 view .LVU36
 161 0032 FEE7     		b	.L8
 162              	.L9:
 163              		.cfi_def_cfa_offset 16
 164              		.cfi_offset 4, -8
 165              		.cfi_offset 14, -4
 166              	.LBB41:
 106:Middlewares/Third_Party/FreeRTOS/Source/event_groups.c **** 		} /*lint !e529 xSize is referenced if configASSERT() is defined. */
 167              		.loc 1 106 51 view .LVU37
ARM GAS  C:\Users\jason\AppData\Local\Temp\cciHz2Wv.s 			page 20


 168              	.LBE41:
 111:Middlewares/Third_Party/FreeRTOS/Source/event_groups.c **** 
 169              		.loc 1 111 3 view .LVU38
 170              	.LVL10:
 113:Middlewares/Third_Party/FreeRTOS/Source/event_groups.c **** 		{
 171              		.loc 1 113 3 view .LVU39
 115:Middlewares/Third_Party/FreeRTOS/Source/event_groups.c **** 			vListInitialise( &( pxEventBits->xTasksWaitingForBits ) );
 172              		.loc 1 115 4 view .LVU40
 115:Middlewares/Third_Party/FreeRTOS/Source/event_groups.c **** 			vListInitialise( &( pxEventBits->xTasksWaitingForBits ) );
 173              		.loc 1 115 29 is_stmt 0 view .LVU41
 174 0034 0446     		mov	r4, r0
 175 0036 0023     		movs	r3, #0
 176 0038 40F8043B 		str	r3, [r0], #4
 177              	.LVL11:
 116:Middlewares/Third_Party/FreeRTOS/Source/event_groups.c **** 
 178              		.loc 1 116 4 is_stmt 1 view .LVU42
 179 003c FFF7FEFF 		bl	vListInitialise
 180              	.LVL12:
 123:Middlewares/Third_Party/FreeRTOS/Source/event_groups.c **** 			}
 181              		.loc 1 123 5 view .LVU43
 123:Middlewares/Third_Party/FreeRTOS/Source/event_groups.c **** 			}
 182              		.loc 1 123 40 is_stmt 0 view .LVU44
 183 0040 0123     		movs	r3, #1
 184 0042 2377     		strb	r3, [r4, #28]
 127:Middlewares/Third_Party/FreeRTOS/Source/event_groups.c **** 		}
 185              		.loc 1 127 42 is_stmt 1 view .LVU45
 134:Middlewares/Third_Party/FreeRTOS/Source/event_groups.c **** 		}
 186              		.loc 1 134 36 view .LVU46
 137:Middlewares/Third_Party/FreeRTOS/Source/event_groups.c **** 	}
 187              		.loc 1 137 3 view .LVU47
 138:Middlewares/Third_Party/FreeRTOS/Source/event_groups.c **** 
 188              		.loc 1 138 2 is_stmt 0 view .LVU48
 189 0044 2046     		mov	r0, r4
 190 0046 02B0     		add	sp, sp, #8
 191              		.cfi_def_cfa_offset 8
 192              		@ sp needed
 193 0048 10BD     		pop	{r4, pc}
 138:Middlewares/Third_Party/FreeRTOS/Source/event_groups.c **** 
 194              		.loc 1 138 2 view .LVU49
 195              		.cfi_endproc
 196              	.LFE4:
 198              		.section	.text.xEventGroupCreate,"ax",%progbits
 199              		.align	1
 200              		.global	xEventGroupCreate
 201              		.syntax unified
 202              		.thumb
 203              		.thumb_func
 205              	xEventGroupCreate:
 206              	.LFB5:
 146:Middlewares/Third_Party/FreeRTOS/Source/event_groups.c **** 	EventGroup_t *pxEventBits;
 207              		.loc 1 146 2 is_stmt 1 view -0
 208              		.cfi_startproc
 209              		@ args = 0, pretend = 0, frame = 0
 210              		@ frame_needed = 0, uses_anonymous_args = 0
 211 0000 10B5     		push	{r4, lr}
 212              		.cfi_def_cfa_offset 8
 213              		.cfi_offset 4, -8
ARM GAS  C:\Users\jason\AppData\Local\Temp\cciHz2Wv.s 			page 21


 214              		.cfi_offset 14, -4
 147:Middlewares/Third_Party/FreeRTOS/Source/event_groups.c **** 
 215              		.loc 1 147 2 view .LVU51
 162:Middlewares/Third_Party/FreeRTOS/Source/event_groups.c **** 
 216              		.loc 1 162 3 view .LVU52
 162:Middlewares/Third_Party/FreeRTOS/Source/event_groups.c **** 
 217              		.loc 1 162 36 is_stmt 0 view .LVU53
 218 0002 2020     		movs	r0, #32
 219 0004 FFF7FEFF 		bl	pvPortMalloc
 220              	.LVL13:
 164:Middlewares/Third_Party/FreeRTOS/Source/event_groups.c **** 		{
 221              		.loc 1 164 3 is_stmt 1 view .LVU54
 164:Middlewares/Third_Party/FreeRTOS/Source/event_groups.c **** 		{
 222              		.loc 1 164 5 is_stmt 0 view .LVU55
 223 0008 0446     		mov	r4, r0
 224 000a 38B1     		cbz	r0, .L14
 166:Middlewares/Third_Party/FreeRTOS/Source/event_groups.c **** 			vListInitialise( &( pxEventBits->xTasksWaitingForBits ) );
 225              		.loc 1 166 4 is_stmt 1 view .LVU56
 166:Middlewares/Third_Party/FreeRTOS/Source/event_groups.c **** 			vListInitialise( &( pxEventBits->xTasksWaitingForBits ) );
 226              		.loc 1 166 29 is_stmt 0 view .LVU57
 227 000c 0023     		movs	r3, #0
 228 000e 40F8043B 		str	r3, [r0], #4
 229              	.LVL14:
 167:Middlewares/Third_Party/FreeRTOS/Source/event_groups.c **** 
 230              		.loc 1 167 4 is_stmt 1 view .LVU58
 231 0012 FFF7FEFF 		bl	vListInitialise
 232              	.LVL15:
 174:Middlewares/Third_Party/FreeRTOS/Source/event_groups.c **** 			}
 233              		.loc 1 174 5 view .LVU59
 174:Middlewares/Third_Party/FreeRTOS/Source/event_groups.c **** 			}
 234              		.loc 1 174 40 is_stmt 0 view .LVU60
 235 0016 4FF00002 		mov	r2, #0
 236 001a 2277     		strb	r2, [r4, #28]
 178:Middlewares/Third_Party/FreeRTOS/Source/event_groups.c **** 		}
 237              		.loc 1 178 42 is_stmt 1 view .LVU61
 182:Middlewares/Third_Party/FreeRTOS/Source/event_groups.c **** 		}
 238              		.loc 1 182 36 view .LVU62
 185:Middlewares/Third_Party/FreeRTOS/Source/event_groups.c **** 	}
 239              		.loc 1 185 3 view .LVU63
 240              	.L14:
 186:Middlewares/Third_Party/FreeRTOS/Source/event_groups.c **** 
 241              		.loc 1 186 2 is_stmt 0 view .LVU64
 242 001c 2046     		mov	r0, r4
 243 001e 10BD     		pop	{r4, pc}
 186:Middlewares/Third_Party/FreeRTOS/Source/event_groups.c **** 
 244              		.loc 1 186 2 view .LVU65
 245              		.cfi_endproc
 246              	.LFE5:
 248              		.section	.text.xEventGroupWaitBits,"ax",%progbits
 249              		.align	1
 250              		.global	xEventGroupWaitBits
 251              		.syntax unified
 252              		.thumb
 253              		.thumb_func
 255              	xEventGroupWaitBits:
 256              	.LVL16:
 257              	.LFB7:
ARM GAS  C:\Users\jason\AppData\Local\Temp\cciHz2Wv.s 			page 22


 312:Middlewares/Third_Party/FreeRTOS/Source/event_groups.c **** EventGroup_t *pxEventBits = xEventGroup;
 258              		.loc 1 312 1 is_stmt 1 view -0
 259              		.cfi_startproc
 260              		@ args = 4, pretend = 0, frame = 0
 261              		@ frame_needed = 0, uses_anonymous_args = 0
 313:Middlewares/Third_Party/FreeRTOS/Source/event_groups.c **** EventBits_t uxReturn, uxControlBits = 0;
 262              		.loc 1 313 1 view .LVU67
 314:Middlewares/Third_Party/FreeRTOS/Source/event_groups.c **** BaseType_t xWaitConditionMet, xAlreadyYielded;
 263              		.loc 1 314 1 view .LVU68
 315:Middlewares/Third_Party/FreeRTOS/Source/event_groups.c **** BaseType_t xTimeoutOccurred = pdFALSE;
 264              		.loc 1 315 1 view .LVU69
 316:Middlewares/Third_Party/FreeRTOS/Source/event_groups.c **** 
 265              		.loc 1 316 1 view .LVU70
 320:Middlewares/Third_Party/FreeRTOS/Source/event_groups.c **** 	configASSERT( ( uxBitsToWaitFor & eventEVENT_BITS_CONTROL_BYTES ) == 0 );
 266              		.loc 1 320 2 view .LVU71
 267 0000 88B1     		cbz	r0, .L38
 312:Middlewares/Third_Party/FreeRTOS/Source/event_groups.c **** EventGroup_t *pxEventBits = xEventGroup;
 268              		.loc 1 312 1 is_stmt 0 view .LVU72
 269 0002 2DE9F041 		push	{r4, r5, r6, r7, r8, lr}
 270              		.cfi_def_cfa_offset 24
 271              		.cfi_offset 4, -24
 272              		.cfi_offset 5, -20
 273              		.cfi_offset 6, -16
 274              		.cfi_offset 7, -12
 275              		.cfi_offset 8, -8
 276              		.cfi_offset 14, -4
 277 0006 0C46     		mov	r4, r1
 278 0008 9046     		mov	r8, r2
 279 000a 1F46     		mov	r7, r3
 280 000c 0546     		mov	r5, r0
 320:Middlewares/Third_Party/FreeRTOS/Source/event_groups.c **** 	configASSERT( ( uxBitsToWaitFor & eventEVENT_BITS_CONTROL_BYTES ) == 0 );
 281              		.loc 1 320 29 is_stmt 1 view .LVU73
 321:Middlewares/Third_Party/FreeRTOS/Source/event_groups.c **** 	configASSERT( uxBitsToWaitFor != 0 );
 282              		.loc 1 321 2 view .LVU74
 283 000e B1F1807F 		cmp	r1, #16777216
 284 0012 11D3     		bcc	.L20
 321:Middlewares/Third_Party/FreeRTOS/Source/event_groups.c **** 	configASSERT( uxBitsToWaitFor != 0 );
 285              		.loc 1 321 2 discriminator 1 view .LVU75
 286              	.LBB42:
 287              	.LBI42:
 191:Middlewares/Third_Party/FreeRTOS/Source/portable/GCC/ARM_CM4F/portmacro.h **** {
 288              		.loc 2 191 30 view .LVU76
 289              	.LBB43:
 193:Middlewares/Third_Party/FreeRTOS/Source/portable/GCC/ARM_CM4F/portmacro.h **** 
 290              		.loc 2 193 1 view .LVU77
 291              		.loc 2 195 2 view .LVU78
 292              		.syntax unified
 293              	@ 195 "Middlewares/Third_Party/FreeRTOS/Source/portable/GCC/ARM_CM4F/portmacro.h" 1
 294 0014 4FF05003 			mov r3, #80												
 295 0018 83F31188 		msr basepri, r3											
 296 001c BFF36F8F 		isb														
 297 0020 BFF34F8F 		dsb														
 298              	
 299              	@ 0 "" 2
 300              	.LVL17:
 301              		.thumb
 302              		.syntax unified
ARM GAS  C:\Users\jason\AppData\Local\Temp\cciHz2Wv.s 			page 23


 303              	.L21:
 304              		.loc 2 195 2 is_stmt 0 view .LVU79
 305              	.LBE43:
 306              	.LBE42:
 321:Middlewares/Third_Party/FreeRTOS/Source/event_groups.c **** 	configASSERT( uxBitsToWaitFor != 0 );
 307              		.loc 1 321 2 is_stmt 1 view .LVU80
 308 0024 FEE7     		b	.L21
 309              	.LVL18:
 310              	.L38:
 311              		.cfi_def_cfa_offset 0
 312              		.cfi_restore 4
 313              		.cfi_restore 5
 314              		.cfi_restore 6
 315              		.cfi_restore 7
 316              		.cfi_restore 8
 317              		.cfi_restore 14
 320:Middlewares/Third_Party/FreeRTOS/Source/event_groups.c **** 	configASSERT( ( uxBitsToWaitFor & eventEVENT_BITS_CONTROL_BYTES ) == 0 );
 318              		.loc 1 320 2 discriminator 1 view .LVU81
 319              	.LBB44:
 320              	.LBI44:
 191:Middlewares/Third_Party/FreeRTOS/Source/portable/GCC/ARM_CM4F/portmacro.h **** {
 321              		.loc 2 191 30 view .LVU82
 322              	.LBB45:
 193:Middlewares/Third_Party/FreeRTOS/Source/portable/GCC/ARM_CM4F/portmacro.h **** 
 323              		.loc 2 193 1 view .LVU83
 324              		.loc 2 195 2 view .LVU84
 325              		.syntax unified
 326              	@ 195 "Middlewares/Third_Party/FreeRTOS/Source/portable/GCC/ARM_CM4F/portmacro.h" 1
 327 0026 4FF05003 			mov r3, #80												
 328 002a 83F31188 		msr basepri, r3											
 329 002e BFF36F8F 		isb														
 330 0032 BFF34F8F 		dsb														
 331              	
 332              	@ 0 "" 2
 333              	.LVL19:
 334              		.thumb
 335              		.syntax unified
 336              	.L19:
 337              		.loc 2 195 2 is_stmt 0 view .LVU85
 338              	.LBE45:
 339              	.LBE44:
 320:Middlewares/Third_Party/FreeRTOS/Source/event_groups.c **** 	configASSERT( ( uxBitsToWaitFor & eventEVENT_BITS_CONTROL_BYTES ) == 0 );
 340              		.loc 1 320 2 is_stmt 1 view .LVU86
 341 0036 FEE7     		b	.L19
 342              	.LVL20:
 343              	.L20:
 344              		.cfi_def_cfa_offset 24
 345              		.cfi_offset 4, -24
 346              		.cfi_offset 5, -20
 347              		.cfi_offset 6, -16
 348              		.cfi_offset 7, -12
 349              		.cfi_offset 8, -8
 350              		.cfi_offset 14, -4
 321:Middlewares/Third_Party/FreeRTOS/Source/event_groups.c **** 	configASSERT( uxBitsToWaitFor != 0 );
 351              		.loc 1 321 74 view .LVU87
 322:Middlewares/Third_Party/FreeRTOS/Source/event_groups.c **** 	#if ( ( INCLUDE_xTaskGetSchedulerState == 1 ) || ( configUSE_TIMERS == 1 ) )
 352              		.loc 1 322 2 view .LVU88
ARM GAS  C:\Users\jason\AppData\Local\Temp\cciHz2Wv.s 			page 24


 353 0038 41B9     		cbnz	r1, .L22
 322:Middlewares/Third_Party/FreeRTOS/Source/event_groups.c **** 	#if ( ( INCLUDE_xTaskGetSchedulerState == 1 ) || ( configUSE_TIMERS == 1 ) )
 354              		.loc 1 322 2 discriminator 1 view .LVU89
 355              	.LBB46:
 356              	.LBI46:
 191:Middlewares/Third_Party/FreeRTOS/Source/portable/GCC/ARM_CM4F/portmacro.h **** {
 357              		.loc 2 191 30 view .LVU90
 358              	.LBB47:
 193:Middlewares/Third_Party/FreeRTOS/Source/portable/GCC/ARM_CM4F/portmacro.h **** 
 359              		.loc 2 193 1 view .LVU91
 360              		.loc 2 195 2 view .LVU92
 361              		.syntax unified
 362              	@ 195 "Middlewares/Third_Party/FreeRTOS/Source/portable/GCC/ARM_CM4F/portmacro.h" 1
 363 003a 4FF05003 			mov r3, #80												
 364 003e 83F31188 		msr basepri, r3											
 365 0042 BFF36F8F 		isb														
 366 0046 BFF34F8F 		dsb														
 367              	
 368              	@ 0 "" 2
 369              	.LVL21:
 370              		.thumb
 371              		.syntax unified
 372              	.L23:
 373              		.loc 2 195 2 is_stmt 0 view .LVU93
 374              	.LBE47:
 375              	.LBE46:
 322:Middlewares/Third_Party/FreeRTOS/Source/event_groups.c **** 	#if ( ( INCLUDE_xTaskGetSchedulerState == 1 ) || ( configUSE_TIMERS == 1 ) )
 376              		.loc 1 322 2 is_stmt 1 view .LVU94
 377 004a FEE7     		b	.L23
 378              	.LVL22:
 379              	.L22:
 322:Middlewares/Third_Party/FreeRTOS/Source/event_groups.c **** 	#if ( ( INCLUDE_xTaskGetSchedulerState == 1 ) || ( configUSE_TIMERS == 1 ) )
 380              		.loc 1 322 38 view .LVU95
 325:Middlewares/Third_Party/FreeRTOS/Source/event_groups.c **** 	}
 381              		.loc 1 325 3 view .LVU96
 382 004c FFF7FEFF 		bl	xTaskGetSchedulerState
 383              	.LVL23:
 325:Middlewares/Third_Party/FreeRTOS/Source/event_groups.c **** 	}
 384              		.loc 1 325 3 is_stmt 0 discriminator 1 view .LVU97
 385 0050 50B9     		cbnz	r0, .L24
 325:Middlewares/Third_Party/FreeRTOS/Source/event_groups.c **** 	}
 386              		.loc 1 325 3 discriminator 3 view .LVU98
 387 0052 069B     		ldr	r3, [sp, #24]
 388 0054 43B1     		cbz	r3, .L24
 325:Middlewares/Third_Party/FreeRTOS/Source/event_groups.c **** 	}
 389              		.loc 1 325 3 is_stmt 1 discriminator 8 view .LVU99
 390              	.LBB48:
 391              	.LBI48:
 191:Middlewares/Third_Party/FreeRTOS/Source/portable/GCC/ARM_CM4F/portmacro.h **** {
 392              		.loc 2 191 30 view .LVU100
 393              	.LBB49:
 193:Middlewares/Third_Party/FreeRTOS/Source/portable/GCC/ARM_CM4F/portmacro.h **** 
 394              		.loc 2 193 1 view .LVU101
 395              		.loc 2 195 2 view .LVU102
 396              		.syntax unified
 397              	@ 195 "Middlewares/Third_Party/FreeRTOS/Source/portable/GCC/ARM_CM4F/portmacro.h" 1
 398 0056 4FF05003 			mov r3, #80												
ARM GAS  C:\Users\jason\AppData\Local\Temp\cciHz2Wv.s 			page 25


 399 005a 83F31188 		msr basepri, r3											
 400 005e BFF36F8F 		isb														
 401 0062 BFF34F8F 		dsb														
 402              	
 403              	@ 0 "" 2
 404              		.thumb
 405              		.syntax unified
 406              	.L25:
 407              	.LBE49:
 408              	.LBE48:
 325:Middlewares/Third_Party/FreeRTOS/Source/event_groups.c **** 	}
 409              		.loc 1 325 3 view .LVU103
 410 0066 FEE7     		b	.L25
 411              	.L24:
 325:Middlewares/Third_Party/FreeRTOS/Source/event_groups.c **** 	}
 412              		.loc 1 325 104 view .LVU104
 329:Middlewares/Third_Party/FreeRTOS/Source/event_groups.c **** 	{
 413              		.loc 1 329 2 view .LVU105
 414 0068 FFF7FEFF 		bl	vTaskSuspendAll
 415              	.LVL24:
 416              	.LBB50:
 331:Middlewares/Third_Party/FreeRTOS/Source/event_groups.c **** 
 417              		.loc 1 331 3 view .LVU106
 331:Middlewares/Third_Party/FreeRTOS/Source/event_groups.c **** 
 418              		.loc 1 331 21 is_stmt 0 view .LVU107
 419 006c 2B68     		ldr	r3, [r5]
 420 006e 1E46     		mov	r6, r3
 421              	.LVL25:
 334:Middlewares/Third_Party/FreeRTOS/Source/event_groups.c **** 
 422              		.loc 1 334 3 is_stmt 1 view .LVU108
 334:Middlewares/Third_Party/FreeRTOS/Source/event_groups.c **** 
 423              		.loc 1 334 23 is_stmt 0 view .LVU109
 424 0070 3A46     		mov	r2, r7
 425 0072 2146     		mov	r1, r4
 426 0074 1846     		mov	r0, r3
 427 0076 FFF7FEFF 		bl	prvTestWaitCondition
 428              	.LVL26:
 336:Middlewares/Third_Party/FreeRTOS/Source/event_groups.c **** 		{
 429              		.loc 1 336 3 is_stmt 1 view .LVU110
 336:Middlewares/Third_Party/FreeRTOS/Source/event_groups.c **** 		{
 430              		.loc 1 336 5 is_stmt 0 view .LVU111
 431 007a 08B3     		cbz	r0, .L26
 340:Middlewares/Third_Party/FreeRTOS/Source/event_groups.c **** 			xTicksToWait = ( TickType_t ) 0;
 432              		.loc 1 340 4 is_stmt 1 view .LVU112
 433              	.LVL27:
 341:Middlewares/Third_Party/FreeRTOS/Source/event_groups.c **** 
 434              		.loc 1 341 4 view .LVU113
 344:Middlewares/Third_Party/FreeRTOS/Source/event_groups.c **** 			{
 435              		.loc 1 344 4 view .LVU114
 344:Middlewares/Third_Party/FreeRTOS/Source/event_groups.c **** 			{
 436              		.loc 1 344 6 is_stmt 0 view .LVU115
 437 007c 4246     		mov	r2, r8
 438 007e 9AB3     		cbz	r2, .L34
 439              	.LVL28:
 346:Middlewares/Third_Party/FreeRTOS/Source/event_groups.c **** 			}
 440              		.loc 1 346 5 is_stmt 1 view .LVU116
 346:Middlewares/Third_Party/FreeRTOS/Source/event_groups.c **** 			}
ARM GAS  C:\Users\jason\AppData\Local\Temp\cciHz2Wv.s 			page 26


 441              		.loc 1 346 30 is_stmt 0 view .LVU117
 442 0080 26EA0403 		bic	r3, r6, r4
 443 0084 2B60     		str	r3, [r5]
 341:Middlewares/Third_Party/FreeRTOS/Source/event_groups.c **** 
 444              		.loc 1 341 17 view .LVU118
 445 0086 0023     		movs	r3, #0
 446 0088 0693     		str	r3, [sp, #24]
 447              	.LVL29:
 448              	.L27:
 394:Middlewares/Third_Party/FreeRTOS/Source/event_groups.c **** 		}
 449              		.loc 1 394 68 is_stmt 1 view .LVU119
 450              	.LBE50:
 397:Middlewares/Third_Party/FreeRTOS/Source/event_groups.c **** 
 451              		.loc 1 397 2 view .LVU120
 397:Middlewares/Third_Party/FreeRTOS/Source/event_groups.c **** 
 452              		.loc 1 397 20 is_stmt 0 view .LVU121
 453 008a FFF7FEFF 		bl	xTaskResumeAll
 454              	.LVL30:
 399:Middlewares/Third_Party/FreeRTOS/Source/event_groups.c **** 	{
 455              		.loc 1 399 2 is_stmt 1 view .LVU122
 399:Middlewares/Third_Party/FreeRTOS/Source/event_groups.c **** 	{
 456              		.loc 1 399 4 is_stmt 0 view .LVU123
 457 008e 069B     		ldr	r3, [sp, #24]
 458 0090 9BB1     		cbz	r3, .L17
 401:Middlewares/Third_Party/FreeRTOS/Source/event_groups.c **** 		{
 459              		.loc 1 401 3 is_stmt 1 view .LVU124
 401:Middlewares/Third_Party/FreeRTOS/Source/event_groups.c **** 		{
 460              		.loc 1 401 5 is_stmt 0 view .LVU125
 461 0092 48B9     		cbnz	r0, .L31
 403:Middlewares/Third_Party/FreeRTOS/Source/event_groups.c **** 		}
 462              		.loc 1 403 4 is_stmt 1 view .LVU126
 463 0094 4FF0E023 		mov	r3, #-536813568
 464 0098 4FF08052 		mov	r2, #268435456
 465 009c C3F8042D 		str	r2, [r3, #3332]
 466              	.LVL31:
 403:Middlewares/Third_Party/FreeRTOS/Source/event_groups.c **** 		}
 467              		.loc 1 403 4 view .LVU127
 468              		.syntax unified
 469              	@ 403 "Middlewares/Third_Party/FreeRTOS/Source/event_groups.c" 1
 470 00a0 BFF34F8F 		dsb
 471              	@ 0 "" 2
 403:Middlewares/Third_Party/FreeRTOS/Source/event_groups.c **** 		}
 472              		.loc 1 403 4 view .LVU128
 473              	@ 403 "Middlewares/Third_Party/FreeRTOS/Source/event_groups.c" 1
 474 00a4 BFF36F8F 		isb
 475              	@ 0 "" 2
 403:Middlewares/Third_Party/FreeRTOS/Source/event_groups.c **** 		}
 476              		.loc 1 403 26 view .LVU129
 477              		.thumb
 478              		.syntax unified
 479              	.L31:
 407:Middlewares/Third_Party/FreeRTOS/Source/event_groups.c **** 		}
 480              		.loc 1 407 28 view .LVU130
 414:Middlewares/Third_Party/FreeRTOS/Source/event_groups.c **** 
 481              		.loc 1 414 3 view .LVU131
 414:Middlewares/Third_Party/FreeRTOS/Source/event_groups.c **** 
 482              		.loc 1 414 14 is_stmt 0 view .LVU132
ARM GAS  C:\Users\jason\AppData\Local\Temp\cciHz2Wv.s 			page 27


 483 00a8 FFF7FEFF 		bl	uxTaskResetEventItemValue
 484              	.LVL32:
 414:Middlewares/Third_Party/FreeRTOS/Source/event_groups.c **** 
 485              		.loc 1 414 14 view .LVU133
 486 00ac 0646     		mov	r6, r0
 487              	.LVL33:
 416:Middlewares/Third_Party/FreeRTOS/Source/event_groups.c **** 		{
 488              		.loc 1 416 3 is_stmt 1 view .LVU134
 416:Middlewares/Third_Party/FreeRTOS/Source/event_groups.c **** 		{
 489              		.loc 1 416 5 is_stmt 0 view .LVU135
 490 00ae 10F0007F 		tst	r0, #33554432
 491 00b2 1CD0     		beq	.L39
 492              	.LVL34:
 493              	.L32:
 447:Middlewares/Third_Party/FreeRTOS/Source/event_groups.c **** 
 494              		.loc 1 447 3 is_stmt 1 view .LVU136
 450:Middlewares/Third_Party/FreeRTOS/Source/event_groups.c **** 	}
 495              		.loc 1 450 3 view .LVU137
 450:Middlewares/Third_Party/FreeRTOS/Source/event_groups.c **** 	}
 496              		.loc 1 450 12 is_stmt 0 view .LVU138
 497 00b4 26F07F43 		bic	r3, r6, #-16777216
 498 00b8 1E46     		mov	r6, r3
 499              	.LVL35:
 452:Middlewares/Third_Party/FreeRTOS/Source/event_groups.c **** 
 500              		.loc 1 452 2 is_stmt 1 view .LVU139
 455:Middlewares/Third_Party/FreeRTOS/Source/event_groups.c **** 
 501              		.loc 1 455 2 view .LVU140
 457:Middlewares/Third_Party/FreeRTOS/Source/event_groups.c **** }
 502              		.loc 1 457 2 view .LVU141
 503              	.L17:
 458:Middlewares/Third_Party/FreeRTOS/Source/event_groups.c **** /*-----------------------------------------------------------*/
 504              		.loc 1 458 1 is_stmt 0 view .LVU142
 505 00ba 3046     		mov	r0, r6
 506 00bc BDE8F081 		pop	{r4, r5, r6, r7, r8, pc}
 507              	.LVL36:
 508              	.L26:
 509              	.LBB51:
 353:Middlewares/Third_Party/FreeRTOS/Source/event_groups.c **** 		{
 510              		.loc 1 353 8 is_stmt 1 view .LVU143
 353:Middlewares/Third_Party/FreeRTOS/Source/event_groups.c **** 		{
 511              		.loc 1 353 10 is_stmt 0 view .LVU144
 512 00c0 069B     		ldr	r3, [sp, #24]
 513 00c2 002B     		cmp	r3, #0
 514 00c4 E1D0     		beq	.L27
 366:Middlewares/Third_Party/FreeRTOS/Source/event_groups.c **** 			{
 515              		.loc 1 366 4 is_stmt 1 view .LVU145
 366:Middlewares/Third_Party/FreeRTOS/Source/event_groups.c **** 			{
 516              		.loc 1 366 6 is_stmt 0 view .LVU146
 517 00c6 4346     		mov	r3, r8
 518 00c8 5BB9     		cbnz	r3, .L35
 519              	.LVL37:
 366:Middlewares/Third_Party/FreeRTOS/Source/event_groups.c **** 			{
 520              		.loc 1 366 6 view .LVU147
 521              	.LBE51:
 314:Middlewares/Third_Party/FreeRTOS/Source/event_groups.c **** BaseType_t xWaitConditionMet, xAlreadyYielded;
 522              		.loc 1 314 23 view .LVU148
 523 00ca 4146     		mov	r1, r8
ARM GAS  C:\Users\jason\AppData\Local\Temp\cciHz2Wv.s 			page 28


 524              	.L28:
 525              	.LVL38:
 526              	.LBB52:
 372:Middlewares/Third_Party/FreeRTOS/Source/event_groups.c **** 			}
 527              		.loc 1 372 29 is_stmt 1 view .LVU149
 375:Middlewares/Third_Party/FreeRTOS/Source/event_groups.c **** 			{
 528              		.loc 1 375 4 view .LVU150
 375:Middlewares/Third_Party/FreeRTOS/Source/event_groups.c **** 			{
 529              		.loc 1 375 6 is_stmt 0 view .LVU151
 530 00cc 0FB1     		cbz	r7, .L29
 377:Middlewares/Third_Party/FreeRTOS/Source/event_groups.c **** 			}
 531              		.loc 1 377 5 is_stmt 1 view .LVU152
 377:Middlewares/Third_Party/FreeRTOS/Source/event_groups.c **** 			}
 532              		.loc 1 377 19 is_stmt 0 view .LVU153
 533 00ce 41F08061 		orr	r1, r1, #67108864
 534              	.LVL39:
 535              	.L29:
 381:Middlewares/Third_Party/FreeRTOS/Source/event_groups.c **** 			}
 536              		.loc 1 381 29 is_stmt 1 view .LVU154
 387:Middlewares/Third_Party/FreeRTOS/Source/event_groups.c **** 
 537              		.loc 1 387 4 view .LVU155
 538 00d2 069A     		ldr	r2, [sp, #24]
 539 00d4 2143     		orrs	r1, r1, r4
 540              	.LVL40:
 387:Middlewares/Third_Party/FreeRTOS/Source/event_groups.c **** 
 541              		.loc 1 387 4 is_stmt 0 view .LVU156
 542 00d6 281D     		adds	r0, r5, #4
 543              	.LVL41:
 387:Middlewares/Third_Party/FreeRTOS/Source/event_groups.c **** 
 544              		.loc 1 387 4 view .LVU157
 545 00d8 FFF7FEFF 		bl	vTaskPlaceOnUnorderedEventList
 546              	.LVL42:
 392:Middlewares/Third_Party/FreeRTOS/Source/event_groups.c **** 
 547              		.loc 1 392 4 is_stmt 1 view .LVU158
 392:Middlewares/Third_Party/FreeRTOS/Source/event_groups.c **** 
 548              		.loc 1 392 13 is_stmt 0 view .LVU159
 549 00dc 0023     		movs	r3, #0
 550 00de 1E46     		mov	r6, r3
 551              	.LVL43:
 392:Middlewares/Third_Party/FreeRTOS/Source/event_groups.c **** 
 552              		.loc 1 392 13 view .LVU160
 553 00e0 D3E7     		b	.L27
 554              	.LVL44:
 555              	.L35:
 368:Middlewares/Third_Party/FreeRTOS/Source/event_groups.c **** 			}
 556              		.loc 1 368 19 view .LVU161
 557 00e2 4FF08071 		mov	r1, #16777216
 558 00e6 F1E7     		b	.L28
 559              	.LVL45:
 560              	.L34:
 341:Middlewares/Third_Party/FreeRTOS/Source/event_groups.c **** 
 561              		.loc 1 341 17 view .LVU162
 562 00e8 CDF81880 		str	r8, [sp, #24]
 563 00ec CDE7     		b	.L27
 564              	.LVL46:
 565              	.L39:
 341:Middlewares/Third_Party/FreeRTOS/Source/event_groups.c **** 
ARM GAS  C:\Users\jason\AppData\Local\Temp\cciHz2Wv.s 			page 29


 566              		.loc 1 341 17 view .LVU163
 567              	.LBE52:
 418:Middlewares/Third_Party/FreeRTOS/Source/event_groups.c **** 			{
 568              		.loc 1 418 4 is_stmt 1 view .LVU164
 569 00ee FFF7FEFF 		bl	vPortEnterCritical
 570              	.LVL47:
 421:Middlewares/Third_Party/FreeRTOS/Source/event_groups.c **** 
 571              		.loc 1 421 5 view .LVU165
 421:Middlewares/Third_Party/FreeRTOS/Source/event_groups.c **** 
 572              		.loc 1 421 14 is_stmt 0 view .LVU166
 573 00f2 2B68     		ldr	r3, [r5]
 574 00f4 1E46     		mov	r6, r3
 575              	.LVL48:
 425:Middlewares/Third_Party/FreeRTOS/Source/event_groups.c **** 				{
 576              		.loc 1 425 5 is_stmt 1 view .LVU167
 425:Middlewares/Third_Party/FreeRTOS/Source/event_groups.c **** 				{
 577              		.loc 1 425 9 is_stmt 0 view .LVU168
 578 00f6 3A46     		mov	r2, r7
 579 00f8 2146     		mov	r1, r4
 580 00fa 1846     		mov	r0, r3
 581 00fc FFF7FEFF 		bl	prvTestWaitCondition
 582              	.LVL49:
 425:Middlewares/Third_Party/FreeRTOS/Source/event_groups.c **** 				{
 583              		.loc 1 425 7 discriminator 1 view .LVU169
 584 0100 20B1     		cbz	r0, .L33
 427:Middlewares/Third_Party/FreeRTOS/Source/event_groups.c **** 					{
 585              		.loc 1 427 6 is_stmt 1 view .LVU170
 427:Middlewares/Third_Party/FreeRTOS/Source/event_groups.c **** 					{
 586              		.loc 1 427 8 is_stmt 0 view .LVU171
 587 0102 4246     		mov	r2, r8
 588 0104 12B1     		cbz	r2, .L33
 589              	.LVL50:
 429:Middlewares/Third_Party/FreeRTOS/Source/event_groups.c **** 					}
 590              		.loc 1 429 7 is_stmt 1 view .LVU172
 429:Middlewares/Third_Party/FreeRTOS/Source/event_groups.c **** 					}
 591              		.loc 1 429 32 is_stmt 0 view .LVU173
 592 0106 26EA0404 		bic	r4, r6, r4
 593              	.LVL51:
 429:Middlewares/Third_Party/FreeRTOS/Source/event_groups.c **** 					}
 594              		.loc 1 429 32 view .LVU174
 595 010a 2C60     		str	r4, [r5]
 596              	.LVL52:
 597              	.L33:
 438:Middlewares/Third_Party/FreeRTOS/Source/event_groups.c **** 				}
 598              		.loc 1 438 30 is_stmt 1 view .LVU175
 440:Middlewares/Third_Party/FreeRTOS/Source/event_groups.c **** 			}
 599              		.loc 1 440 5 view .LVU176
 442:Middlewares/Third_Party/FreeRTOS/Source/event_groups.c **** 		}
 600              		.loc 1 442 4 view .LVU177
 601 010c FFF7FEFF 		bl	vPortExitCritical
 602              	.LVL53:
 603 0110 D0E7     		b	.L32
 604              		.cfi_endproc
 605              	.LFE7:
 607              		.section	.text.xEventGroupClearBits,"ax",%progbits
 608              		.align	1
 609              		.global	xEventGroupClearBits
ARM GAS  C:\Users\jason\AppData\Local\Temp\cciHz2Wv.s 			page 30


 610              		.syntax unified
 611              		.thumb
 612              		.thumb_func
 614              	xEventGroupClearBits:
 615              	.LVL54:
 616              	.LFB8:
 462:Middlewares/Third_Party/FreeRTOS/Source/event_groups.c **** EventGroup_t *pxEventBits = xEventGroup;
 617              		.loc 1 462 1 view -0
 618              		.cfi_startproc
 619              		@ args = 0, pretend = 0, frame = 0
 620              		@ frame_needed = 0, uses_anonymous_args = 0
 462:Middlewares/Third_Party/FreeRTOS/Source/event_groups.c **** EventGroup_t *pxEventBits = xEventGroup;
 621              		.loc 1 462 1 is_stmt 0 view .LVU179
 622 0000 38B5     		push	{r3, r4, r5, lr}
 623              		.cfi_def_cfa_offset 16
 624              		.cfi_offset 3, -16
 625              		.cfi_offset 4, -12
 626              		.cfi_offset 5, -8
 627              		.cfi_offset 14, -4
 463:Middlewares/Third_Party/FreeRTOS/Source/event_groups.c **** EventBits_t uxReturn;
 628              		.loc 1 463 1 is_stmt 1 view .LVU180
 629              	.LVL55:
 464:Middlewares/Third_Party/FreeRTOS/Source/event_groups.c **** 
 630              		.loc 1 464 1 view .LVU181
 468:Middlewares/Third_Party/FreeRTOS/Source/event_groups.c **** 	configASSERT( ( uxBitsToClear & eventEVENT_BITS_CONTROL_BYTES ) == 0 );
 631              		.loc 1 468 2 view .LVU182
 632 0002 68B1     		cbz	r0, .L46
 633 0004 0D46     		mov	r5, r1
 634 0006 0446     		mov	r4, r0
 468:Middlewares/Third_Party/FreeRTOS/Source/event_groups.c **** 	configASSERT( ( uxBitsToClear & eventEVENT_BITS_CONTROL_BYTES ) == 0 );
 635              		.loc 1 468 29 view .LVU183
 469:Middlewares/Third_Party/FreeRTOS/Source/event_groups.c **** 
 636              		.loc 1 469 2 view .LVU184
 637 0008 B1F1807F 		cmp	r1, #16777216
 638 000c 11D3     		bcc	.L43
 469:Middlewares/Third_Party/FreeRTOS/Source/event_groups.c **** 
 639              		.loc 1 469 2 discriminator 1 view .LVU185
 640              	.LBB53:
 641              	.LBI53:
 191:Middlewares/Third_Party/FreeRTOS/Source/portable/GCC/ARM_CM4F/portmacro.h **** {
 642              		.loc 2 191 30 view .LVU186
 643              	.LBB54:
 193:Middlewares/Third_Party/FreeRTOS/Source/portable/GCC/ARM_CM4F/portmacro.h **** 
 644              		.loc 2 193 1 view .LVU187
 645              		.loc 2 195 2 view .LVU188
 646              		.syntax unified
 647              	@ 195 "Middlewares/Third_Party/FreeRTOS/Source/portable/GCC/ARM_CM4F/portmacro.h" 1
 648 000e 4FF05003 			mov r3, #80												
 649 0012 83F31188 		msr basepri, r3											
 650 0016 BFF36F8F 		isb														
 651 001a BFF34F8F 		dsb														
 652              	
 653              	@ 0 "" 2
 654              		.thumb
 655              		.syntax unified
 656              	.L44:
 657              	.LBE54:
ARM GAS  C:\Users\jason\AppData\Local\Temp\cciHz2Wv.s 			page 31


 658              	.LBE53:
 469:Middlewares/Third_Party/FreeRTOS/Source/event_groups.c **** 
 659              		.loc 1 469 2 view .LVU189
 660 001e FEE7     		b	.L44
 661              	.L46:
 468:Middlewares/Third_Party/FreeRTOS/Source/event_groups.c **** 	configASSERT( ( uxBitsToClear & eventEVENT_BITS_CONTROL_BYTES ) == 0 );
 662              		.loc 1 468 2 discriminator 1 view .LVU190
 663              	.LBB55:
 664              	.LBI55:
 191:Middlewares/Third_Party/FreeRTOS/Source/portable/GCC/ARM_CM4F/portmacro.h **** {
 665              		.loc 2 191 30 view .LVU191
 666              	.LBB56:
 193:Middlewares/Third_Party/FreeRTOS/Source/portable/GCC/ARM_CM4F/portmacro.h **** 
 667              		.loc 2 193 1 view .LVU192
 668              		.loc 2 195 2 view .LVU193
 669              		.syntax unified
 670              	@ 195 "Middlewares/Third_Party/FreeRTOS/Source/portable/GCC/ARM_CM4F/portmacro.h" 1
 671 0020 4FF05003 			mov r3, #80												
 672 0024 83F31188 		msr basepri, r3											
 673 0028 BFF36F8F 		isb														
 674 002c BFF34F8F 		dsb														
 675              	
 676              	@ 0 "" 2
 677              		.thumb
 678              		.syntax unified
 679              	.L42:
 680              	.LBE56:
 681              	.LBE55:
 468:Middlewares/Third_Party/FreeRTOS/Source/event_groups.c **** 	configASSERT( ( uxBitsToClear & eventEVENT_BITS_CONTROL_BYTES ) == 0 );
 682              		.loc 1 468 2 view .LVU194
 683 0030 FEE7     		b	.L42
 684              	.L43:
 469:Middlewares/Third_Party/FreeRTOS/Source/event_groups.c **** 
 685              		.loc 1 469 72 view .LVU195
 471:Middlewares/Third_Party/FreeRTOS/Source/event_groups.c **** 	{
 686              		.loc 1 471 2 view .LVU196
 687 0032 FFF7FEFF 		bl	vPortEnterCritical
 688              	.LVL56:
 473:Middlewares/Third_Party/FreeRTOS/Source/event_groups.c **** 
 689              		.loc 1 473 60 view .LVU197
 477:Middlewares/Third_Party/FreeRTOS/Source/event_groups.c **** 
 690              		.loc 1 477 3 view .LVU198
 477:Middlewares/Third_Party/FreeRTOS/Source/event_groups.c **** 
 691              		.loc 1 477 12 is_stmt 0 view .LVU199
 692 0036 2346     		mov	r3, r4
 693 0038 2468     		ldr	r4, [r4]
 694              	.LVL57:
 480:Middlewares/Third_Party/FreeRTOS/Source/event_groups.c **** 	}
 695              		.loc 1 480 3 is_stmt 1 view .LVU200
 480:Middlewares/Third_Party/FreeRTOS/Source/event_groups.c **** 	}
 696              		.loc 1 480 28 is_stmt 0 view .LVU201
 697 003a 24EA0501 		bic	r1, r4, r5
 698 003e 1960     		str	r1, [r3]
 482:Middlewares/Third_Party/FreeRTOS/Source/event_groups.c **** 
 699              		.loc 1 482 2 is_stmt 1 view .LVU202
 700 0040 FFF7FEFF 		bl	vPortExitCritical
 701              	.LVL58:
ARM GAS  C:\Users\jason\AppData\Local\Temp\cciHz2Wv.s 			page 32


 484:Middlewares/Third_Party/FreeRTOS/Source/event_groups.c **** }
 702              		.loc 1 484 2 view .LVU203
 485:Middlewares/Third_Party/FreeRTOS/Source/event_groups.c **** /*-----------------------------------------------------------*/
 703              		.loc 1 485 1 is_stmt 0 view .LVU204
 704 0044 2046     		mov	r0, r4
 705 0046 38BD     		pop	{r3, r4, r5, pc}
 485:Middlewares/Third_Party/FreeRTOS/Source/event_groups.c **** /*-----------------------------------------------------------*/
 706              		.loc 1 485 1 view .LVU205
 707              		.cfi_endproc
 708              	.LFE8:
 710              		.section	.text.vEventGroupClearBitsCallback,"ax",%progbits
 711              		.align	1
 712              		.global	vEventGroupClearBitsCallback
 713              		.syntax unified
 714              		.thumb
 715              		.thumb_func
 717              	vEventGroupClearBitsCallback:
 718              	.LVL59:
 719              	.LFB14:
 666:Middlewares/Third_Party/FreeRTOS/Source/event_groups.c **** 	( void ) xEventGroupClearBits( pvEventGroup, ( EventBits_t ) ulBitsToClear ); /*lint !e9079 Can't 
 720              		.loc 1 666 1 is_stmt 1 view -0
 721              		.cfi_startproc
 722              		@ args = 0, pretend = 0, frame = 0
 723              		@ frame_needed = 0, uses_anonymous_args = 0
 666:Middlewares/Third_Party/FreeRTOS/Source/event_groups.c **** 	( void ) xEventGroupClearBits( pvEventGroup, ( EventBits_t ) ulBitsToClear ); /*lint !e9079 Can't 
 724              		.loc 1 666 1 is_stmt 0 view .LVU207
 725 0000 08B5     		push	{r3, lr}
 726              		.cfi_def_cfa_offset 8
 727              		.cfi_offset 3, -8
 728              		.cfi_offset 14, -4
 667:Middlewares/Third_Party/FreeRTOS/Source/event_groups.c **** }
 729              		.loc 1 667 2 is_stmt 1 view .LVU208
 667:Middlewares/Third_Party/FreeRTOS/Source/event_groups.c **** }
 730              		.loc 1 667 11 is_stmt 0 view .LVU209
 731 0002 FFF7FEFF 		bl	xEventGroupClearBits
 732              	.LVL60:
 668:Middlewares/Third_Party/FreeRTOS/Source/event_groups.c **** /*-----------------------------------------------------------*/
 733              		.loc 1 668 1 view .LVU210
 734 0006 08BD     		pop	{r3, pc}
 735              		.cfi_endproc
 736              	.LFE14:
 738              		.section	.text.xEventGroupClearBitsFromISR,"ax",%progbits
 739              		.align	1
 740              		.global	xEventGroupClearBitsFromISR
 741              		.syntax unified
 742              		.thumb
 743              		.thumb_func
 745              	xEventGroupClearBitsFromISR:
 746              	.LVL61:
 747              	.LFB9:
 491:Middlewares/Third_Party/FreeRTOS/Source/event_groups.c **** 		BaseType_t xReturn;
 748              		.loc 1 491 2 is_stmt 1 view -0
 749              		.cfi_startproc
 750              		@ args = 0, pretend = 0, frame = 0
 751              		@ frame_needed = 0, uses_anonymous_args = 0
 491:Middlewares/Third_Party/FreeRTOS/Source/event_groups.c **** 		BaseType_t xReturn;
 752              		.loc 1 491 2 is_stmt 0 view .LVU212
ARM GAS  C:\Users\jason\AppData\Local\Temp\cciHz2Wv.s 			page 33


 753 0000 08B5     		push	{r3, lr}
 754              		.cfi_def_cfa_offset 8
 755              		.cfi_offset 3, -8
 756              		.cfi_offset 14, -4
 757 0002 0A46     		mov	r2, r1
 492:Middlewares/Third_Party/FreeRTOS/Source/event_groups.c **** 
 758              		.loc 1 492 3 is_stmt 1 view .LVU213
 494:Middlewares/Third_Party/FreeRTOS/Source/event_groups.c **** 		xReturn = xTimerPendFunctionCallFromISR( vEventGroupClearBitsCallback, ( void * ) xEventGroup, ( 
 759              		.loc 1 494 69 view .LVU214
 495:Middlewares/Third_Party/FreeRTOS/Source/event_groups.c **** 
 760              		.loc 1 495 3 view .LVU215
 495:Middlewares/Third_Party/FreeRTOS/Source/event_groups.c **** 
 761              		.loc 1 495 13 is_stmt 0 view .LVU216
 762 0004 0023     		movs	r3, #0
 763 0006 0146     		mov	r1, r0
 764              	.LVL62:
 495:Middlewares/Third_Party/FreeRTOS/Source/event_groups.c **** 
 765              		.loc 1 495 13 view .LVU217
 766 0008 0148     		ldr	r0, .L51
 767              	.LVL63:
 495:Middlewares/Third_Party/FreeRTOS/Source/event_groups.c **** 
 768              		.loc 1 495 13 view .LVU218
 769 000a FFF7FEFF 		bl	xTimerPendFunctionCallFromISR
 770              	.LVL64:
 497:Middlewares/Third_Party/FreeRTOS/Source/event_groups.c **** 	}
 771              		.loc 1 497 3 is_stmt 1 view .LVU219
 498:Middlewares/Third_Party/FreeRTOS/Source/event_groups.c **** 
 772              		.loc 1 498 2 is_stmt 0 view .LVU220
 773 000e 08BD     		pop	{r3, pc}
 774              	.L52:
 775              		.align	2
 776              	.L51:
 777 0010 00000000 		.word	vEventGroupClearBitsCallback
 778              		.cfi_endproc
 779              	.LFE9:
 781              		.section	.text.xEventGroupGetBitsFromISR,"ax",%progbits
 782              		.align	1
 783              		.global	xEventGroupGetBitsFromISR
 784              		.syntax unified
 785              		.thumb
 786              		.thumb_func
 788              	xEventGroupGetBitsFromISR:
 789              	.LVL65:
 790              	.LFB10:
 504:Middlewares/Third_Party/FreeRTOS/Source/event_groups.c **** UBaseType_t uxSavedInterruptStatus;
 791              		.loc 1 504 1 is_stmt 1 view -0
 792              		.cfi_startproc
 793              		@ args = 0, pretend = 0, frame = 0
 794              		@ frame_needed = 0, uses_anonymous_args = 0
 795              		@ link register save eliminated.
 505:Middlewares/Third_Party/FreeRTOS/Source/event_groups.c **** EventGroup_t const * const pxEventBits = xEventGroup;
 796              		.loc 1 505 1 view .LVU222
 506:Middlewares/Third_Party/FreeRTOS/Source/event_groups.c **** EventBits_t uxReturn;
 797              		.loc 1 506 1 view .LVU223
 507:Middlewares/Third_Party/FreeRTOS/Source/event_groups.c **** 
 798              		.loc 1 507 1 view .LVU224
 509:Middlewares/Third_Party/FreeRTOS/Source/event_groups.c **** 	{
ARM GAS  C:\Users\jason\AppData\Local\Temp\cciHz2Wv.s 			page 34


 799              		.loc 1 509 2 view .LVU225
 800              	.LBB57:
 801              	.LBI57:
 196:Middlewares/Third_Party/FreeRTOS/Source/portable/GCC/ARM_CM4F/portmacro.h **** 	(
 197:Middlewares/Third_Party/FreeRTOS/Source/portable/GCC/ARM_CM4F/portmacro.h **** 		"	mov %0, %1												\n"	\
 198:Middlewares/Third_Party/FreeRTOS/Source/portable/GCC/ARM_CM4F/portmacro.h **** 		"	msr basepri, %0											\n" \
 199:Middlewares/Third_Party/FreeRTOS/Source/portable/GCC/ARM_CM4F/portmacro.h **** 		"	isb														\n" \
 200:Middlewares/Third_Party/FreeRTOS/Source/portable/GCC/ARM_CM4F/portmacro.h **** 		"	dsb														\n" \
 201:Middlewares/Third_Party/FreeRTOS/Source/portable/GCC/ARM_CM4F/portmacro.h **** 		:"=r" (ulNewBASEPRI) : "i" ( configMAX_SYSCALL_INTERRUPT_PRIORITY ) : "memory"
 202:Middlewares/Third_Party/FreeRTOS/Source/portable/GCC/ARM_CM4F/portmacro.h **** 	);
 203:Middlewares/Third_Party/FreeRTOS/Source/portable/GCC/ARM_CM4F/portmacro.h **** }
 204:Middlewares/Third_Party/FreeRTOS/Source/portable/GCC/ARM_CM4F/portmacro.h **** 
 205:Middlewares/Third_Party/FreeRTOS/Source/portable/GCC/ARM_CM4F/portmacro.h **** /*-----------------------------------------------------------*/
 206:Middlewares/Third_Party/FreeRTOS/Source/portable/GCC/ARM_CM4F/portmacro.h **** 
 207:Middlewares/Third_Party/FreeRTOS/Source/portable/GCC/ARM_CM4F/portmacro.h **** portFORCE_INLINE static uint32_t ulPortRaiseBASEPRI( void )
 802              		.loc 2 207 34 view .LVU226
 803              	.LBB58:
 208:Middlewares/Third_Party/FreeRTOS/Source/portable/GCC/ARM_CM4F/portmacro.h **** {
 209:Middlewares/Third_Party/FreeRTOS/Source/portable/GCC/ARM_CM4F/portmacro.h **** uint32_t ulOriginalBASEPRI, ulNewBASEPRI;
 804              		.loc 2 209 1 view .LVU227
 210:Middlewares/Third_Party/FreeRTOS/Source/portable/GCC/ARM_CM4F/portmacro.h **** 
 211:Middlewares/Third_Party/FreeRTOS/Source/portable/GCC/ARM_CM4F/portmacro.h **** 	__asm volatile
 805              		.loc 2 211 2 view .LVU228
 806              		.syntax unified
 807              	@ 211 "Middlewares/Third_Party/FreeRTOS/Source/portable/GCC/ARM_CM4F/portmacro.h" 1
 808 0000 EFF31183 			mrs r3, basepri											
 809 0004 4FF05002 		mov r2, #80												
 810 0008 82F31188 		msr basepri, r2											
 811 000c BFF36F8F 		isb														
 812 0010 BFF34F8F 		dsb														
 813              	
 814              	@ 0 "" 2
 212:Middlewares/Third_Party/FreeRTOS/Source/portable/GCC/ARM_CM4F/portmacro.h **** 	(
 213:Middlewares/Third_Party/FreeRTOS/Source/portable/GCC/ARM_CM4F/portmacro.h **** 		"	mrs %0, basepri											\n" \
 214:Middlewares/Third_Party/FreeRTOS/Source/portable/GCC/ARM_CM4F/portmacro.h **** 		"	mov %1, %2												\n"	\
 215:Middlewares/Third_Party/FreeRTOS/Source/portable/GCC/ARM_CM4F/portmacro.h **** 		"	msr basepri, %1											\n" \
 216:Middlewares/Third_Party/FreeRTOS/Source/portable/GCC/ARM_CM4F/portmacro.h **** 		"	isb														\n" \
 217:Middlewares/Third_Party/FreeRTOS/Source/portable/GCC/ARM_CM4F/portmacro.h **** 		"	dsb														\n" \
 218:Middlewares/Third_Party/FreeRTOS/Source/portable/GCC/ARM_CM4F/portmacro.h **** 		:"=r" (ulOriginalBASEPRI), "=r" (ulNewBASEPRI) : "i" ( configMAX_SYSCALL_INTERRUPT_PRIORITY ) : "
 219:Middlewares/Third_Party/FreeRTOS/Source/portable/GCC/ARM_CM4F/portmacro.h **** 	);
 220:Middlewares/Third_Party/FreeRTOS/Source/portable/GCC/ARM_CM4F/portmacro.h **** 
 221:Middlewares/Third_Party/FreeRTOS/Source/portable/GCC/ARM_CM4F/portmacro.h **** 	/* This return will not be reached but is necessary to prevent compiler
 222:Middlewares/Third_Party/FreeRTOS/Source/portable/GCC/ARM_CM4F/portmacro.h **** 	warnings. */
 223:Middlewares/Third_Party/FreeRTOS/Source/portable/GCC/ARM_CM4F/portmacro.h **** 	return ulOriginalBASEPRI;
 815              		.loc 2 223 2 view .LVU229
 816              	.LVL66:
 817              		.loc 2 223 2 is_stmt 0 view .LVU230
 818              		.thumb
 819              		.syntax unified
 820              	.LBE58:
 821              	.LBE57:
 511:Middlewares/Third_Party/FreeRTOS/Source/event_groups.c **** 	}
 822              		.loc 1 511 3 is_stmt 1 view .LVU231
 511:Middlewares/Third_Party/FreeRTOS/Source/event_groups.c **** 	}
 823              		.loc 1 511 12 is_stmt 0 view .LVU232
 824 0014 0068     		ldr	r0, [r0]
 825              	.LVL67:
ARM GAS  C:\Users\jason\AppData\Local\Temp\cciHz2Wv.s 			page 35


 513:Middlewares/Third_Party/FreeRTOS/Source/event_groups.c **** 
 826              		.loc 1 513 2 is_stmt 1 view .LVU233
 827              	.LBB59:
 828              	.LBI59:
 224:Middlewares/Third_Party/FreeRTOS/Source/portable/GCC/ARM_CM4F/portmacro.h **** }
 225:Middlewares/Third_Party/FreeRTOS/Source/portable/GCC/ARM_CM4F/portmacro.h **** /*-----------------------------------------------------------*/
 226:Middlewares/Third_Party/FreeRTOS/Source/portable/GCC/ARM_CM4F/portmacro.h **** 
 227:Middlewares/Third_Party/FreeRTOS/Source/portable/GCC/ARM_CM4F/portmacro.h **** portFORCE_INLINE static void vPortSetBASEPRI( uint32_t ulNewMaskValue )
 829              		.loc 2 227 30 view .LVU234
 830              	.LBB60:
 228:Middlewares/Third_Party/FreeRTOS/Source/portable/GCC/ARM_CM4F/portmacro.h **** {
 229:Middlewares/Third_Party/FreeRTOS/Source/portable/GCC/ARM_CM4F/portmacro.h **** 	__asm volatile
 831              		.loc 2 229 2 view .LVU235
 832              		.syntax unified
 833              	@ 229 "Middlewares/Third_Party/FreeRTOS/Source/portable/GCC/ARM_CM4F/portmacro.h" 1
 834 0016 83F31188 			msr basepri, r3	
 835              	@ 0 "" 2
 836              	.LVL68:
 837              		.loc 2 229 2 is_stmt 0 view .LVU236
 838              		.thumb
 839              		.syntax unified
 840              	.LBE60:
 841              	.LBE59:
 515:Middlewares/Third_Party/FreeRTOS/Source/event_groups.c **** } /*lint !e818 EventGroupHandle_t is a typedef used in other functions to so can't be pointer to co
 842              		.loc 1 515 2 is_stmt 1 view .LVU237
 516:Middlewares/Third_Party/FreeRTOS/Source/event_groups.c **** /*-----------------------------------------------------------*/
 843              		.loc 1 516 1 is_stmt 0 view .LVU238
 844 001a 7047     		bx	lr
 845              		.cfi_endproc
 846              	.LFE10:
 848              		.section	.text.xEventGroupSetBits,"ax",%progbits
 849              		.align	1
 850              		.global	xEventGroupSetBits
 851              		.syntax unified
 852              		.thumb
 853              		.thumb_func
 855              	xEventGroupSetBits:
 856              	.LVL69:
 857              	.LFB11:
 520:Middlewares/Third_Party/FreeRTOS/Source/event_groups.c **** ListItem_t *pxListItem, *pxNext;
 858              		.loc 1 520 1 is_stmt 1 view -0
 859              		.cfi_startproc
 860              		@ args = 0, pretend = 0, frame = 0
 861              		@ frame_needed = 0, uses_anonymous_args = 0
 520:Middlewares/Third_Party/FreeRTOS/Source/event_groups.c **** ListItem_t *pxListItem, *pxNext;
 862              		.loc 1 520 1 is_stmt 0 view .LVU240
 863 0000 F8B5     		push	{r3, r4, r5, r6, r7, lr}
 864              		.cfi_def_cfa_offset 24
 865              		.cfi_offset 3, -24
 866              		.cfi_offset 4, -20
 867              		.cfi_offset 5, -16
 868              		.cfi_offset 6, -12
 869              		.cfi_offset 7, -8
 870              		.cfi_offset 14, -4
 521:Middlewares/Third_Party/FreeRTOS/Source/event_groups.c **** ListItem_t const *pxListEnd;
 871              		.loc 1 521 1 is_stmt 1 view .LVU241
 522:Middlewares/Third_Party/FreeRTOS/Source/event_groups.c **** List_t const * pxList;
ARM GAS  C:\Users\jason\AppData\Local\Temp\cciHz2Wv.s 			page 36


 872              		.loc 1 522 1 view .LVU242
 523:Middlewares/Third_Party/FreeRTOS/Source/event_groups.c **** EventBits_t uxBitsToClear = 0, uxBitsWaitedFor, uxControlBits;
 873              		.loc 1 523 1 view .LVU243
 524:Middlewares/Third_Party/FreeRTOS/Source/event_groups.c **** EventGroup_t *pxEventBits = xEventGroup;
 874              		.loc 1 524 1 view .LVU244
 875              	.LVL70:
 525:Middlewares/Third_Party/FreeRTOS/Source/event_groups.c **** BaseType_t xMatchFound = pdFALSE;
 876              		.loc 1 525 1 view .LVU245
 526:Middlewares/Third_Party/FreeRTOS/Source/event_groups.c **** 
 877              		.loc 1 526 1 view .LVU246
 530:Middlewares/Third_Party/FreeRTOS/Source/event_groups.c **** 	configASSERT( ( uxBitsToSet & eventEVENT_BITS_CONTROL_BYTES ) == 0 );
 878              		.loc 1 530 2 view .LVU247
 879 0002 68B1     		cbz	r0, .L66
 880 0004 0D46     		mov	r5, r1
 881 0006 0446     		mov	r4, r0
 530:Middlewares/Third_Party/FreeRTOS/Source/event_groups.c **** 	configASSERT( ( uxBitsToSet & eventEVENT_BITS_CONTROL_BYTES ) == 0 );
 882              		.loc 1 530 29 view .LVU248
 531:Middlewares/Third_Party/FreeRTOS/Source/event_groups.c **** 
 883              		.loc 1 531 2 view .LVU249
 884 0008 B1F1807F 		cmp	r1, #16777216
 885 000c 11D3     		bcc	.L57
 531:Middlewares/Third_Party/FreeRTOS/Source/event_groups.c **** 
 886              		.loc 1 531 2 discriminator 1 view .LVU250
 887              	.LBB61:
 888              	.LBI61:
 191:Middlewares/Third_Party/FreeRTOS/Source/portable/GCC/ARM_CM4F/portmacro.h **** {
 889              		.loc 2 191 30 view .LVU251
 890              	.LBB62:
 193:Middlewares/Third_Party/FreeRTOS/Source/portable/GCC/ARM_CM4F/portmacro.h **** 
 891              		.loc 2 193 1 view .LVU252
 195:Middlewares/Third_Party/FreeRTOS/Source/portable/GCC/ARM_CM4F/portmacro.h **** 	(
 892              		.loc 2 195 2 view .LVU253
 893              		.syntax unified
 894              	@ 195 "Middlewares/Third_Party/FreeRTOS/Source/portable/GCC/ARM_CM4F/portmacro.h" 1
 895 000e 4FF05003 			mov r3, #80												
 896 0012 83F31188 		msr basepri, r3											
 897 0016 BFF36F8F 		isb														
 898 001a BFF34F8F 		dsb														
 899              	
 900              	@ 0 "" 2
 901              		.thumb
 902              		.syntax unified
 903              	.L58:
 904              	.LBE62:
 905              	.LBE61:
 531:Middlewares/Third_Party/FreeRTOS/Source/event_groups.c **** 
 906              		.loc 1 531 2 view .LVU254
 907 001e FEE7     		b	.L58
 908              	.L66:
 530:Middlewares/Third_Party/FreeRTOS/Source/event_groups.c **** 	configASSERT( ( uxBitsToSet & eventEVENT_BITS_CONTROL_BYTES ) == 0 );
 909              		.loc 1 530 2 discriminator 1 view .LVU255
 910              	.LBB63:
 911              	.LBI63:
 191:Middlewares/Third_Party/FreeRTOS/Source/portable/GCC/ARM_CM4F/portmacro.h **** {
 912              		.loc 2 191 30 view .LVU256
 913              	.LBB64:
 193:Middlewares/Third_Party/FreeRTOS/Source/portable/GCC/ARM_CM4F/portmacro.h **** 
ARM GAS  C:\Users\jason\AppData\Local\Temp\cciHz2Wv.s 			page 37


 914              		.loc 2 193 1 view .LVU257
 195:Middlewares/Third_Party/FreeRTOS/Source/portable/GCC/ARM_CM4F/portmacro.h **** 	(
 915              		.loc 2 195 2 view .LVU258
 916              		.syntax unified
 917              	@ 195 "Middlewares/Third_Party/FreeRTOS/Source/portable/GCC/ARM_CM4F/portmacro.h" 1
 918 0020 4FF05003 			mov r3, #80												
 919 0024 83F31188 		msr basepri, r3											
 920 0028 BFF36F8F 		isb														
 921 002c BFF34F8F 		dsb														
 922              	
 923              	@ 0 "" 2
 924              		.thumb
 925              		.syntax unified
 926              	.L56:
 927              	.LBE64:
 928              	.LBE63:
 530:Middlewares/Third_Party/FreeRTOS/Source/event_groups.c **** 	configASSERT( ( uxBitsToSet & eventEVENT_BITS_CONTROL_BYTES ) == 0 );
 929              		.loc 1 530 2 view .LVU259
 930 0030 FEE7     		b	.L56
 931              	.L57:
 531:Middlewares/Third_Party/FreeRTOS/Source/event_groups.c **** 
 932              		.loc 1 531 70 view .LVU260
 533:Middlewares/Third_Party/FreeRTOS/Source/event_groups.c **** 	pxListEnd = listGET_END_MARKER( pxList ); /*lint !e826 !e740 !e9087 The mini list structure is use
 933              		.loc 1 533 2 view .LVU261
 934              	.LVL71:
 534:Middlewares/Third_Party/FreeRTOS/Source/event_groups.c **** 	vTaskSuspendAll();
 935              		.loc 1 534 2 view .LVU262
 534:Middlewares/Third_Party/FreeRTOS/Source/event_groups.c **** 	vTaskSuspendAll();
 936              		.loc 1 534 12 is_stmt 0 view .LVU263
 937 0032 00F10C06 		add	r6, r0, #12
 938              	.LVL72:
 535:Middlewares/Third_Party/FreeRTOS/Source/event_groups.c **** 	{
 939              		.loc 1 535 2 is_stmt 1 view .LVU264
 940 0036 FFF7FEFF 		bl	vTaskSuspendAll
 941              	.LVL73:
 537:Middlewares/Third_Party/FreeRTOS/Source/event_groups.c **** 
 942              		.loc 1 537 56 view .LVU265
 539:Middlewares/Third_Party/FreeRTOS/Source/event_groups.c **** 
 943              		.loc 1 539 3 view .LVU266
 539:Middlewares/Third_Party/FreeRTOS/Source/event_groups.c **** 
 944              		.loc 1 539 14 is_stmt 0 view .LVU267
 945 003a 2069     		ldr	r0, [r4, #16]
 946              	.LVL74:
 542:Middlewares/Third_Party/FreeRTOS/Source/event_groups.c **** 
 947              		.loc 1 542 3 is_stmt 1 view .LVU268
 542:Middlewares/Third_Party/FreeRTOS/Source/event_groups.c **** 
 948              		.loc 1 542 14 is_stmt 0 view .LVU269
 949 003c 2368     		ldr	r3, [r4]
 542:Middlewares/Third_Party/FreeRTOS/Source/event_groups.c **** 
 950              		.loc 1 542 28 view .LVU270
 951 003e 2B43     		orrs	r3, r3, r5
 952 0040 2360     		str	r3, [r4]
 545:Middlewares/Third_Party/FreeRTOS/Source/event_groups.c **** 		{
 953              		.loc 1 545 3 is_stmt 1 view .LVU271
 524:Middlewares/Third_Party/FreeRTOS/Source/event_groups.c **** EventGroup_t *pxEventBits = xEventGroup;
 954              		.loc 1 524 13 is_stmt 0 view .LVU272
 955 0042 0023     		movs	r3, #0
ARM GAS  C:\Users\jason\AppData\Local\Temp\cciHz2Wv.s 			page 38


 956 0044 1F46     		mov	r7, r3
 545:Middlewares/Third_Party/FreeRTOS/Source/event_groups.c **** 		{
 957              		.loc 1 545 8 view .LVU273
 958 0046 0AE0     		b	.L59
 959              	.LVL75:
 960              	.L60:
 567:Middlewares/Third_Party/FreeRTOS/Source/event_groups.c **** 			{
 961              		.loc 1 567 9 is_stmt 1 view .LVU274
 567:Middlewares/Third_Party/FreeRTOS/Source/event_groups.c **** 			{
 962              		.loc 1 567 44 is_stmt 0 view .LVU275
 963 0048 2168     		ldr	r1, [r4]
 567:Middlewares/Third_Party/FreeRTOS/Source/event_groups.c **** 			{
 964              		.loc 1 567 11 view .LVU276
 965 004a 32EA0101 		bics	r1, r2, r1
 966 004e 05D1     		bne	.L62
 567:Middlewares/Third_Party/FreeRTOS/Source/event_groups.c **** 			{
 967              		.loc 1 567 11 view .LVU277
 968 0050 11E0     		b	.L61
 969              	.LVL76:
 970              	.L63:
 586:Middlewares/Third_Party/FreeRTOS/Source/event_groups.c **** 				}
 971              		.loc 1 586 30 is_stmt 1 view .LVU278
 594:Middlewares/Third_Party/FreeRTOS/Source/event_groups.c **** 			}
 972              		.loc 1 594 5 view .LVU279
 594:Middlewares/Third_Party/FreeRTOS/Source/event_groups.c **** 			}
 973              		.loc 1 594 63 is_stmt 0 view .LVU280
 974 0052 2168     		ldr	r1, [r4]
 594:Middlewares/Third_Party/FreeRTOS/Source/event_groups.c **** 			}
 975              		.loc 1 594 5 view .LVU281
 976 0054 41F00071 		orr	r1, r1, #33554432
 977 0058 FFF7FEFF 		bl	vTaskRemoveFromUnorderedEventList
 978              	.LVL77:
 979              	.L62:
 520:Middlewares/Third_Party/FreeRTOS/Source/event_groups.c **** ListItem_t *pxListItem, *pxNext;
 980              		.loc 1 520 1 view .LVU282
 981 005c 2846     		mov	r0, r5
 982              	.LVL78:
 983              	.L59:
 545:Middlewares/Third_Party/FreeRTOS/Source/event_groups.c **** 		{
 984              		.loc 1 545 21 is_stmt 1 view .LVU283
 985 005e B042     		cmp	r0, r6
 986 0060 10D0     		beq	.L67
 547:Middlewares/Third_Party/FreeRTOS/Source/event_groups.c **** 			uxBitsWaitedFor = listGET_LIST_ITEM_VALUE( pxListItem );
 987              		.loc 1 547 4 view .LVU284
 547:Middlewares/Third_Party/FreeRTOS/Source/event_groups.c **** 			uxBitsWaitedFor = listGET_LIST_ITEM_VALUE( pxListItem );
 988              		.loc 1 547 11 is_stmt 0 view .LVU285
 989 0062 4568     		ldr	r5, [r0, #4]
 990              	.LVL79:
 548:Middlewares/Third_Party/FreeRTOS/Source/event_groups.c **** 			xMatchFound = pdFALSE;
 991              		.loc 1 548 4 is_stmt 1 view .LVU286
 548:Middlewares/Third_Party/FreeRTOS/Source/event_groups.c **** 			xMatchFound = pdFALSE;
 992              		.loc 1 548 20 is_stmt 0 view .LVU287
 993 0064 0368     		ldr	r3, [r0]
 994              	.LVL80:
 549:Middlewares/Third_Party/FreeRTOS/Source/event_groups.c **** 
 995              		.loc 1 549 4 is_stmt 1 view .LVU288
 552:Middlewares/Third_Party/FreeRTOS/Source/event_groups.c **** 			uxBitsWaitedFor &= ~eventEVENT_BITS_CONTROL_BYTES;
ARM GAS  C:\Users\jason\AppData\Local\Temp\cciHz2Wv.s 			page 39


 996              		.loc 1 552 4 view .LVU289
 553:Middlewares/Third_Party/FreeRTOS/Source/event_groups.c **** 
 997              		.loc 1 553 4 view .LVU290
 553:Middlewares/Third_Party/FreeRTOS/Source/event_groups.c **** 
 998              		.loc 1 553 20 is_stmt 0 view .LVU291
 999 0066 23F07F42 		bic	r2, r3, #-16777216
 1000              	.LVL81:
 555:Middlewares/Third_Party/FreeRTOS/Source/event_groups.c **** 			{
 1001              		.loc 1 555 4 is_stmt 1 view .LVU292
 555:Middlewares/Third_Party/FreeRTOS/Source/event_groups.c **** 			{
 1002              		.loc 1 555 6 is_stmt 0 view .LVU293
 1003 006a 13F0806F 		tst	r3, #67108864
 1004 006e EBD1     		bne	.L60
 558:Middlewares/Third_Party/FreeRTOS/Source/event_groups.c **** 				{
 1005              		.loc 1 558 5 is_stmt 1 view .LVU294
 558:Middlewares/Third_Party/FreeRTOS/Source/event_groups.c **** 				{
 1006              		.loc 1 558 40 is_stmt 0 view .LVU295
 1007 0070 2168     		ldr	r1, [r4]
 558:Middlewares/Third_Party/FreeRTOS/Source/event_groups.c **** 				{
 1008              		.loc 1 558 7 view .LVU296
 1009 0072 1142     		tst	r1, r2
 1010 0074 F2D0     		beq	.L62
 1011              	.L61:
 1012              	.LVL82:
 580:Middlewares/Third_Party/FreeRTOS/Source/event_groups.c **** 				{
 1013              		.loc 1 580 5 is_stmt 1 view .LVU297
 580:Middlewares/Third_Party/FreeRTOS/Source/event_groups.c **** 				{
 1014              		.loc 1 580 7 is_stmt 0 view .LVU298
 1015 0076 13F0807F 		tst	r3, #16777216
 1016 007a EAD0     		beq	.L63
 582:Middlewares/Third_Party/FreeRTOS/Source/event_groups.c **** 				}
 1017              		.loc 1 582 6 is_stmt 1 view .LVU299
 582:Middlewares/Third_Party/FreeRTOS/Source/event_groups.c **** 				}
 1018              		.loc 1 582 20 is_stmt 0 view .LVU300
 1019 007c 3B46     		mov	r3, r7
 1020              	.LVL83:
 582:Middlewares/Third_Party/FreeRTOS/Source/event_groups.c **** 				}
 1021              		.loc 1 582 20 view .LVU301
 1022 007e 1343     		orrs	r3, r3, r2
 1023 0080 1F46     		mov	r7, r3
 1024              	.LVL84:
 582:Middlewares/Third_Party/FreeRTOS/Source/event_groups.c **** 				}
 1025              		.loc 1 582 20 view .LVU302
 1026 0082 E6E7     		b	.L63
 1027              	.LVL85:
 1028              	.L67:
 605:Middlewares/Third_Party/FreeRTOS/Source/event_groups.c **** 	}
 1029              		.loc 1 605 3 is_stmt 1 view .LVU303
 605:Middlewares/Third_Party/FreeRTOS/Source/event_groups.c **** 	}
 1030              		.loc 1 605 14 is_stmt 0 view .LVU304
 1031 0084 2368     		ldr	r3, [r4]
 605:Middlewares/Third_Party/FreeRTOS/Source/event_groups.c **** 	}
 1032              		.loc 1 605 28 view .LVU305
 1033 0086 23EA0703 		bic	r3, r3, r7
 1034 008a 2360     		str	r3, [r4]
 607:Middlewares/Third_Party/FreeRTOS/Source/event_groups.c **** 
 1035              		.loc 1 607 2 is_stmt 1 view .LVU306
ARM GAS  C:\Users\jason\AppData\Local\Temp\cciHz2Wv.s 			page 40


 607:Middlewares/Third_Party/FreeRTOS/Source/event_groups.c **** 
 1036              		.loc 1 607 11 is_stmt 0 view .LVU307
 1037 008c FFF7FEFF 		bl	xTaskResumeAll
 1038              	.LVL86:
 609:Middlewares/Third_Party/FreeRTOS/Source/event_groups.c **** }
 1039              		.loc 1 609 2 is_stmt 1 view .LVU308
 610:Middlewares/Third_Party/FreeRTOS/Source/event_groups.c **** /*-----------------------------------------------------------*/
 1040              		.loc 1 610 1 is_stmt 0 view .LVU309
 1041 0090 2068     		ldr	r0, [r4]
 1042 0092 F8BD     		pop	{r3, r4, r5, r6, r7, pc}
 610:Middlewares/Third_Party/FreeRTOS/Source/event_groups.c **** /*-----------------------------------------------------------*/
 1043              		.loc 1 610 1 view .LVU310
 1044              		.cfi_endproc
 1045              	.LFE11:
 1047              		.section	.text.xEventGroupSync,"ax",%progbits
 1048              		.align	1
 1049              		.global	xEventGroupSync
 1050              		.syntax unified
 1051              		.thumb
 1052              		.thumb_func
 1054              	xEventGroupSync:
 1055              	.LVL87:
 1056              	.LFB6:
 192:Middlewares/Third_Party/FreeRTOS/Source/event_groups.c **** EventBits_t uxOriginalBitValue, uxReturn;
 1057              		.loc 1 192 1 is_stmt 1 view -0
 1058              		.cfi_startproc
 1059              		@ args = 0, pretend = 0, frame = 0
 1060              		@ frame_needed = 0, uses_anonymous_args = 0
 193:Middlewares/Third_Party/FreeRTOS/Source/event_groups.c **** EventGroup_t *pxEventBits = xEventGroup;
 1061              		.loc 1 193 1 view .LVU312
 194:Middlewares/Third_Party/FreeRTOS/Source/event_groups.c **** BaseType_t xAlreadyYielded;
 1062              		.loc 1 194 1 view .LVU313
 195:Middlewares/Third_Party/FreeRTOS/Source/event_groups.c **** BaseType_t xTimeoutOccurred = pdFALSE;
 1063              		.loc 1 195 1 view .LVU314
 196:Middlewares/Third_Party/FreeRTOS/Source/event_groups.c **** 
 1064              		.loc 1 196 1 view .LVU315
 198:Middlewares/Third_Party/FreeRTOS/Source/event_groups.c **** 	configASSERT( uxBitsToWaitFor != 0 );
 1065              		.loc 1 198 2 view .LVU316
 1066 0000 B2F1807F 		cmp	r2, #16777216
 1067 0004 08D3     		bcc	.L69
 198:Middlewares/Third_Party/FreeRTOS/Source/event_groups.c **** 	configASSERT( uxBitsToWaitFor != 0 );
 1068              		.loc 1 198 2 discriminator 1 view .LVU317
 1069              	.LBB65:
 1070              	.LBI65:
 191:Middlewares/Third_Party/FreeRTOS/Source/portable/GCC/ARM_CM4F/portmacro.h **** {
 1071              		.loc 2 191 30 view .LVU318
 1072              	.LBB66:
 193:Middlewares/Third_Party/FreeRTOS/Source/portable/GCC/ARM_CM4F/portmacro.h **** 
 1073              		.loc 2 193 1 view .LVU319
 195:Middlewares/Third_Party/FreeRTOS/Source/portable/GCC/ARM_CM4F/portmacro.h **** 	(
 1074              		.loc 2 195 2 view .LVU320
 1075              		.syntax unified
 1076              	@ 195 "Middlewares/Third_Party/FreeRTOS/Source/portable/GCC/ARM_CM4F/portmacro.h" 1
 1077 0006 4FF05003 			mov r3, #80												
 1078 000a 83F31188 		msr basepri, r3											
 1079 000e BFF36F8F 		isb														
 1080 0012 BFF34F8F 		dsb														
ARM GAS  C:\Users\jason\AppData\Local\Temp\cciHz2Wv.s 			page 41


 1081              	
 1082              	@ 0 "" 2
 1083              	.LVL88:
 1084              		.thumb
 1085              		.syntax unified
 1086              	.L70:
 195:Middlewares/Third_Party/FreeRTOS/Source/portable/GCC/ARM_CM4F/portmacro.h **** 	(
 1087              		.loc 2 195 2 is_stmt 0 view .LVU321
 1088              	.LBE66:
 1089              	.LBE65:
 198:Middlewares/Third_Party/FreeRTOS/Source/event_groups.c **** 	configASSERT( uxBitsToWaitFor != 0 );
 1090              		.loc 1 198 2 is_stmt 1 view .LVU322
 1091 0016 FEE7     		b	.L70
 1092              	.LVL89:
 1093              	.L69:
 192:Middlewares/Third_Party/FreeRTOS/Source/event_groups.c **** EventBits_t uxOriginalBitValue, uxReturn;
 1094              		.loc 1 192 1 is_stmt 0 view .LVU323
 1095 0018 2DE9F041 		push	{r4, r5, r6, r7, r8, lr}
 1096              		.cfi_def_cfa_offset 24
 1097              		.cfi_offset 4, -24
 1098              		.cfi_offset 5, -20
 1099              		.cfi_offset 6, -16
 1100              		.cfi_offset 7, -12
 1101              		.cfi_offset 8, -8
 1102              		.cfi_offset 14, -4
 1103 001c 0746     		mov	r7, r0
 1104 001e 0E46     		mov	r6, r1
 1105 0020 1446     		mov	r4, r2
 1106 0022 9846     		mov	r8, r3
 198:Middlewares/Third_Party/FreeRTOS/Source/event_groups.c **** 	configASSERT( uxBitsToWaitFor != 0 );
 1107              		.loc 1 198 74 is_stmt 1 view .LVU324
 199:Middlewares/Third_Party/FreeRTOS/Source/event_groups.c **** 	#if ( ( INCLUDE_xTaskGetSchedulerState == 1 ) || ( configUSE_TIMERS == 1 ) )
 1108              		.loc 1 199 2 view .LVU325
 1109 0024 42B9     		cbnz	r2, .L71
 199:Middlewares/Third_Party/FreeRTOS/Source/event_groups.c **** 	#if ( ( INCLUDE_xTaskGetSchedulerState == 1 ) || ( configUSE_TIMERS == 1 ) )
 1110              		.loc 1 199 2 discriminator 1 view .LVU326
 1111              	.LBB67:
 1112              	.LBI67:
 191:Middlewares/Third_Party/FreeRTOS/Source/portable/GCC/ARM_CM4F/portmacro.h **** {
 1113              		.loc 2 191 30 view .LVU327
 1114              	.LBB68:
 193:Middlewares/Third_Party/FreeRTOS/Source/portable/GCC/ARM_CM4F/portmacro.h **** 
 1115              		.loc 2 193 1 view .LVU328
 195:Middlewares/Third_Party/FreeRTOS/Source/portable/GCC/ARM_CM4F/portmacro.h **** 	(
 1116              		.loc 2 195 2 view .LVU329
 1117              		.syntax unified
 1118              	@ 195 "Middlewares/Third_Party/FreeRTOS/Source/portable/GCC/ARM_CM4F/portmacro.h" 1
 1119 0026 4FF05003 			mov r3, #80												
 1120 002a 83F31188 		msr basepri, r3											
 1121 002e BFF36F8F 		isb														
 1122 0032 BFF34F8F 		dsb														
 1123              	
 1124              	@ 0 "" 2
 1125              	.LVL90:
 1126              		.thumb
 1127              		.syntax unified
 1128              	.L72:
ARM GAS  C:\Users\jason\AppData\Local\Temp\cciHz2Wv.s 			page 42


 195:Middlewares/Third_Party/FreeRTOS/Source/portable/GCC/ARM_CM4F/portmacro.h **** 	(
 1129              		.loc 2 195 2 is_stmt 0 view .LVU330
 1130              	.LBE68:
 1131              	.LBE67:
 199:Middlewares/Third_Party/FreeRTOS/Source/event_groups.c **** 	#if ( ( INCLUDE_xTaskGetSchedulerState == 1 ) || ( configUSE_TIMERS == 1 ) )
 1132              		.loc 1 199 2 is_stmt 1 view .LVU331
 1133 0036 FEE7     		b	.L72
 1134              	.LVL91:
 1135              	.L71:
 199:Middlewares/Third_Party/FreeRTOS/Source/event_groups.c **** 	#if ( ( INCLUDE_xTaskGetSchedulerState == 1 ) || ( configUSE_TIMERS == 1 ) )
 1136              		.loc 1 199 38 view .LVU332
 202:Middlewares/Third_Party/FreeRTOS/Source/event_groups.c **** 	}
 1137              		.loc 1 202 3 view .LVU333
 1138 0038 FFF7FEFF 		bl	xTaskGetSchedulerState
 1139              	.LVL92:
 202:Middlewares/Third_Party/FreeRTOS/Source/event_groups.c **** 	}
 1140              		.loc 1 202 3 is_stmt 0 discriminator 1 view .LVU334
 1141 003c 50B9     		cbnz	r0, .L73
 202:Middlewares/Third_Party/FreeRTOS/Source/event_groups.c **** 	}
 1142              		.loc 1 202 3 discriminator 3 view .LVU335
 1143 003e 4346     		mov	r3, r8
 1144 0040 43B1     		cbz	r3, .L73
 1145              	.LVL93:
 202:Middlewares/Third_Party/FreeRTOS/Source/event_groups.c **** 	}
 1146              		.loc 1 202 3 is_stmt 1 discriminator 8 view .LVU336
 1147              	.LBB69:
 1148              	.LBI69:
 191:Middlewares/Third_Party/FreeRTOS/Source/portable/GCC/ARM_CM4F/portmacro.h **** {
 1149              		.loc 2 191 30 view .LVU337
 1150              	.LBB70:
 193:Middlewares/Third_Party/FreeRTOS/Source/portable/GCC/ARM_CM4F/portmacro.h **** 
 1151              		.loc 2 193 1 view .LVU338
 195:Middlewares/Third_Party/FreeRTOS/Source/portable/GCC/ARM_CM4F/portmacro.h **** 	(
 1152              		.loc 2 195 2 view .LVU339
 1153              		.syntax unified
 1154              	@ 195 "Middlewares/Third_Party/FreeRTOS/Source/portable/GCC/ARM_CM4F/portmacro.h" 1
 1155 0042 4FF05003 			mov r3, #80												
 1156 0046 83F31188 		msr basepri, r3											
 1157 004a BFF36F8F 		isb														
 1158 004e BFF34F8F 		dsb														
 1159              	
 1160              	@ 0 "" 2
 1161              	.LVL94:
 1162              		.thumb
 1163              		.syntax unified
 1164              	.L74:
 195:Middlewares/Third_Party/FreeRTOS/Source/portable/GCC/ARM_CM4F/portmacro.h **** 	(
 1165              		.loc 2 195 2 is_stmt 0 view .LVU340
 1166              	.LBE70:
 1167              	.LBE69:
 202:Middlewares/Third_Party/FreeRTOS/Source/event_groups.c **** 	}
 1168              		.loc 1 202 3 is_stmt 1 view .LVU341
 1169 0052 FEE7     		b	.L74
 1170              	.L73:
 202:Middlewares/Third_Party/FreeRTOS/Source/event_groups.c **** 	}
 1171              		.loc 1 202 104 view .LVU342
 206:Middlewares/Third_Party/FreeRTOS/Source/event_groups.c **** 	{
ARM GAS  C:\Users\jason\AppData\Local\Temp\cciHz2Wv.s 			page 43


 1172              		.loc 1 206 2 view .LVU343
 1173 0054 FFF7FEFF 		bl	vTaskSuspendAll
 1174              	.LVL95:
 208:Middlewares/Third_Party/FreeRTOS/Source/event_groups.c **** 
 1175              		.loc 1 208 3 view .LVU344
 208:Middlewares/Third_Party/FreeRTOS/Source/event_groups.c **** 
 1176              		.loc 1 208 22 is_stmt 0 view .LVU345
 1177 0058 3846     		mov	r0, r7
 1178 005a 3D68     		ldr	r5, [r7]
 1179              	.LVL96:
 210:Middlewares/Third_Party/FreeRTOS/Source/event_groups.c **** 
 1180              		.loc 1 210 3 is_stmt 1 view .LVU346
 210:Middlewares/Third_Party/FreeRTOS/Source/event_groups.c **** 
 1181              		.loc 1 210 12 is_stmt 0 view .LVU347
 1182 005c 3146     		mov	r1, r6
 1183 005e FFF7FEFF 		bl	xEventGroupSetBits
 1184              	.LVL97:
 212:Middlewares/Third_Party/FreeRTOS/Source/event_groups.c **** 		{
 1185              		.loc 1 212 3 is_stmt 1 view .LVU348
 212:Middlewares/Third_Party/FreeRTOS/Source/event_groups.c **** 		{
 1186              		.loc 1 212 30 is_stmt 0 view .LVU349
 1187 0062 3346     		mov	r3, r6
 1188 0064 2B43     		orrs	r3, r3, r5
 1189 0066 1D46     		mov	r5, r3
 1190              	.LVL98:
 212:Middlewares/Third_Party/FreeRTOS/Source/event_groups.c **** 		{
 1191              		.loc 1 212 5 view .LVU350
 1192 0068 34EA0303 		bics	r3, r4, r3
 1193 006c 1ED0     		beq	.L84
 225:Middlewares/Third_Party/FreeRTOS/Source/event_groups.c **** 			{
 1194              		.loc 1 225 4 is_stmt 1 view .LVU351
 225:Middlewares/Third_Party/FreeRTOS/Source/event_groups.c **** 			{
 1195              		.loc 1 225 6 is_stmt 0 view .LVU352
 1196 006e 4346     		mov	r3, r8
 1197 0070 1BBB     		cbnz	r3, .L85
 1198              	.LVL99:
 244:Middlewares/Third_Party/FreeRTOS/Source/event_groups.c **** 				xTimeoutOccurred = pdTRUE;
 1199              		.loc 1 244 5 is_stmt 1 view .LVU353
 244:Middlewares/Third_Party/FreeRTOS/Source/event_groups.c **** 				xTimeoutOccurred = pdTRUE;
 1200              		.loc 1 244 14 is_stmt 0 view .LVU354
 1201 0072 3B68     		ldr	r3, [r7]
 1202              	.LVL100:
 244:Middlewares/Third_Party/FreeRTOS/Source/event_groups.c **** 				xTimeoutOccurred = pdTRUE;
 1203              		.loc 1 244 14 view .LVU355
 1204 0074 1D46     		mov	r5, r3
 1205              	.LVL101:
 245:Middlewares/Third_Party/FreeRTOS/Source/event_groups.c **** 			}
 1206              		.loc 1 245 5 is_stmt 1 view .LVU356
 1207              	.L76:
 249:Middlewares/Third_Party/FreeRTOS/Source/event_groups.c **** 
 1208              		.loc 1 249 2 view .LVU357
 249:Middlewares/Third_Party/FreeRTOS/Source/event_groups.c **** 
 1209              		.loc 1 249 20 is_stmt 0 view .LVU358
 1210 0076 FFF7FEFF 		bl	xTaskResumeAll
 1211              	.LVL102:
 251:Middlewares/Third_Party/FreeRTOS/Source/event_groups.c **** 	{
 1212              		.loc 1 251 2 is_stmt 1 view .LVU359
ARM GAS  C:\Users\jason\AppData\Local\Temp\cciHz2Wv.s 			page 44


 251:Middlewares/Third_Party/FreeRTOS/Source/event_groups.c **** 	{
 1213              		.loc 1 251 4 is_stmt 0 view .LVU360
 1214 007a 4346     		mov	r3, r8
 1215 007c 9BB1     		cbz	r3, .L68
 253:Middlewares/Third_Party/FreeRTOS/Source/event_groups.c **** 		{
 1216              		.loc 1 253 3 is_stmt 1 view .LVU361
 253:Middlewares/Third_Party/FreeRTOS/Source/event_groups.c **** 		{
 1217              		.loc 1 253 5 is_stmt 0 view .LVU362
 1218 007e 48B9     		cbnz	r0, .L79
 255:Middlewares/Third_Party/FreeRTOS/Source/event_groups.c **** 		}
 1219              		.loc 1 255 4 is_stmt 1 view .LVU363
 1220 0080 4FF0E023 		mov	r3, #-536813568
 1221 0084 4FF08052 		mov	r2, #268435456
 1222 0088 C3F8042D 		str	r2, [r3, #3332]
 255:Middlewares/Third_Party/FreeRTOS/Source/event_groups.c **** 		}
 1223              		.loc 1 255 4 view .LVU364
 1224              		.syntax unified
 1225              	@ 255 "Middlewares/Third_Party/FreeRTOS/Source/event_groups.c" 1
 1226 008c BFF34F8F 		dsb
 1227              	@ 0 "" 2
 255:Middlewares/Third_Party/FreeRTOS/Source/event_groups.c **** 		}
 1228              		.loc 1 255 4 view .LVU365
 1229              	@ 255 "Middlewares/Third_Party/FreeRTOS/Source/event_groups.c" 1
 1230 0090 BFF36F8F 		isb
 1231              	@ 0 "" 2
 255:Middlewares/Third_Party/FreeRTOS/Source/event_groups.c **** 		}
 1232              		.loc 1 255 26 view .LVU366
 1233              		.thumb
 1234              		.syntax unified
 1235              	.L79:
 259:Middlewares/Third_Party/FreeRTOS/Source/event_groups.c **** 		}
 1236              		.loc 1 259 28 view .LVU367
 266:Middlewares/Third_Party/FreeRTOS/Source/event_groups.c **** 
 1237              		.loc 1 266 3 view .LVU368
 266:Middlewares/Third_Party/FreeRTOS/Source/event_groups.c **** 
 1238              		.loc 1 266 14 is_stmt 0 view .LVU369
 1239 0094 FFF7FEFF 		bl	uxTaskResetEventItemValue
 1240              	.LVL103:
 266:Middlewares/Third_Party/FreeRTOS/Source/event_groups.c **** 
 1241              		.loc 1 266 14 view .LVU370
 1242 0098 0546     		mov	r5, r0
 1243              	.LVL104:
 268:Middlewares/Third_Party/FreeRTOS/Source/event_groups.c **** 		{
 1244              		.loc 1 268 3 is_stmt 1 view .LVU371
 268:Middlewares/Third_Party/FreeRTOS/Source/event_groups.c **** 		{
 1245              		.loc 1 268 5 is_stmt 0 view .LVU372
 1246 009a 10F0007F 		tst	r0, #33554432
 1247 009e 15D0     		beq	.L86
 1248              	.LVL105:
 1249              	.L80:
 295:Middlewares/Third_Party/FreeRTOS/Source/event_groups.c **** 
 1250              		.loc 1 295 3 is_stmt 1 view .LVU373
 299:Middlewares/Third_Party/FreeRTOS/Source/event_groups.c **** 	}
 1251              		.loc 1 299 3 view .LVU374
 299:Middlewares/Third_Party/FreeRTOS/Source/event_groups.c **** 	}
 1252              		.loc 1 299 12 is_stmt 0 view .LVU375
 1253 00a0 25F07F43 		bic	r3, r5, #-16777216
ARM GAS  C:\Users\jason\AppData\Local\Temp\cciHz2Wv.s 			page 45


 1254 00a4 1D46     		mov	r5, r3
 1255              	.LVL106:
 302:Middlewares/Third_Party/FreeRTOS/Source/event_groups.c **** 
 1256              		.loc 1 302 2 is_stmt 1 view .LVU376
 305:Middlewares/Third_Party/FreeRTOS/Source/event_groups.c **** 
 1257              		.loc 1 305 2 view .LVU377
 307:Middlewares/Third_Party/FreeRTOS/Source/event_groups.c **** }
 1258              		.loc 1 307 2 view .LVU378
 1259              	.L68:
 308:Middlewares/Third_Party/FreeRTOS/Source/event_groups.c **** /*-----------------------------------------------------------*/
 1260              		.loc 1 308 1 is_stmt 0 view .LVU379
 1261 00a6 2846     		mov	r0, r5
 1262 00a8 BDE8F081 		pop	{r4, r5, r6, r7, r8, pc}
 1263              	.LVL107:
 1264              	.L84:
 215:Middlewares/Third_Party/FreeRTOS/Source/event_groups.c **** 
 1265              		.loc 1 215 4 is_stmt 1 view .LVU380
 219:Middlewares/Third_Party/FreeRTOS/Source/event_groups.c **** 
 1266              		.loc 1 219 4 view .LVU381
 219:Middlewares/Third_Party/FreeRTOS/Source/event_groups.c **** 
 1267              		.loc 1 219 15 is_stmt 0 view .LVU382
 1268 00ac 3B68     		ldr	r3, [r7]
 219:Middlewares/Third_Party/FreeRTOS/Source/event_groups.c **** 
 1269              		.loc 1 219 29 view .LVU383
 1270 00ae 23EA0403 		bic	r3, r3, r4
 1271 00b2 3B60     		str	r3, [r7]
 221:Middlewares/Third_Party/FreeRTOS/Source/event_groups.c **** 		}
 1272              		.loc 1 221 4 is_stmt 1 view .LVU384
 1273              	.LVL108:
 221:Middlewares/Third_Party/FreeRTOS/Source/event_groups.c **** 		}
 1274              		.loc 1 221 17 is_stmt 0 view .LVU385
 1275 00b4 0023     		movs	r3, #0
 1276 00b6 9846     		mov	r8, r3
 1277 00b8 DDE7     		b	.L76
 1278              	.LVL109:
 1279              	.L85:
 227:Middlewares/Third_Party/FreeRTOS/Source/event_groups.c **** 
 1280              		.loc 1 227 77 is_stmt 1 view .LVU386
 232:Middlewares/Third_Party/FreeRTOS/Source/event_groups.c **** 
 1281              		.loc 1 232 5 view .LVU387
 1282 00ba 4246     		mov	r2, r8
 1283 00bc 44F0A061 		orr	r1, r4, #83886080
 1284 00c0 381D     		adds	r0, r7, #4
 1285 00c2 FFF7FEFF 		bl	vTaskPlaceOnUnorderedEventList
 1286              	.LVL110:
 238:Middlewares/Third_Party/FreeRTOS/Source/event_groups.c **** 			}
 1287              		.loc 1 238 5 view .LVU388
 238:Middlewares/Third_Party/FreeRTOS/Source/event_groups.c **** 			}
 1288              		.loc 1 238 14 is_stmt 0 view .LVU389
 1289 00c6 0023     		movs	r3, #0
 1290 00c8 1D46     		mov	r5, r3
 1291 00ca D4E7     		b	.L76
 1292              	.LVL111:
 1293              	.L86:
 271:Middlewares/Third_Party/FreeRTOS/Source/event_groups.c **** 			{
 1294              		.loc 1 271 4 is_stmt 1 view .LVU390
 1295 00cc FFF7FEFF 		bl	vPortEnterCritical
ARM GAS  C:\Users\jason\AppData\Local\Temp\cciHz2Wv.s 			page 46


 1296              	.LVL112:
 273:Middlewares/Third_Party/FreeRTOS/Source/event_groups.c **** 
 1297              		.loc 1 273 5 view .LVU391
 273:Middlewares/Third_Party/FreeRTOS/Source/event_groups.c **** 
 1298              		.loc 1 273 14 is_stmt 0 view .LVU392
 1299 00d0 3B68     		ldr	r3, [r7]
 1300 00d2 1D46     		mov	r5, r3
 1301              	.LVL113:
 279:Middlewares/Third_Party/FreeRTOS/Source/event_groups.c **** 				{
 1302              		.loc 1 279 5 is_stmt 1 view .LVU393
 279:Middlewares/Third_Party/FreeRTOS/Source/event_groups.c **** 				{
 1303              		.loc 1 279 7 is_stmt 0 view .LVU394
 1304 00d4 34EA0303 		bics	r3, r4, r3
 1305              	.LVL114:
 279:Middlewares/Third_Party/FreeRTOS/Source/event_groups.c **** 				{
 1306              		.loc 1 279 7 view .LVU395
 1307 00d8 02D0     		beq	.L87
 1308              	.LVL115:
 1309              	.L81:
 285:Middlewares/Third_Party/FreeRTOS/Source/event_groups.c **** 				}
 1310              		.loc 1 285 30 is_stmt 1 view .LVU396
 288:Middlewares/Third_Party/FreeRTOS/Source/event_groups.c **** 
 1311              		.loc 1 288 4 view .LVU397
 1312 00da FFF7FEFF 		bl	vPortExitCritical
 1313              	.LVL116:
 290:Middlewares/Third_Party/FreeRTOS/Source/event_groups.c **** 		}
 1314              		.loc 1 290 4 view .LVU398
 290:Middlewares/Third_Party/FreeRTOS/Source/event_groups.c **** 		}
 1315              		.loc 1 290 4 is_stmt 0 view .LVU399
 1316 00de DFE7     		b	.L80
 1317              	.LVL117:
 1318              	.L87:
 281:Middlewares/Third_Party/FreeRTOS/Source/event_groups.c **** 				}
 1319              		.loc 1 281 6 is_stmt 1 view .LVU400
 281:Middlewares/Third_Party/FreeRTOS/Source/event_groups.c **** 				}
 1320              		.loc 1 281 31 is_stmt 0 view .LVU401
 1321 00e0 25EA0404 		bic	r4, r5, r4
 1322              	.LVL118:
 281:Middlewares/Third_Party/FreeRTOS/Source/event_groups.c **** 				}
 1323              		.loc 1 281 31 view .LVU402
 1324 00e4 3C60     		str	r4, [r7]
 1325 00e6 F8E7     		b	.L81
 1326              		.cfi_endproc
 1327              	.LFE6:
 1329              		.section	.text.vEventGroupSetBitsCallback,"ax",%progbits
 1330              		.align	1
 1331              		.global	vEventGroupSetBitsCallback
 1332              		.syntax unified
 1333              		.thumb
 1334              		.thumb_func
 1336              	vEventGroupSetBitsCallback:
 1337              	.LVL119:
 1338              	.LFB13:
 658:Middlewares/Third_Party/FreeRTOS/Source/event_groups.c **** 	( void ) xEventGroupSetBits( pvEventGroup, ( EventBits_t ) ulBitsToSet ); /*lint !e9079 Can't avoi
 1339              		.loc 1 658 1 is_stmt 1 view -0
 1340              		.cfi_startproc
 1341              		@ args = 0, pretend = 0, frame = 0
ARM GAS  C:\Users\jason\AppData\Local\Temp\cciHz2Wv.s 			page 47


 1342              		@ frame_needed = 0, uses_anonymous_args = 0
 658:Middlewares/Third_Party/FreeRTOS/Source/event_groups.c **** 	( void ) xEventGroupSetBits( pvEventGroup, ( EventBits_t ) ulBitsToSet ); /*lint !e9079 Can't avoi
 1343              		.loc 1 658 1 is_stmt 0 view .LVU404
 1344 0000 08B5     		push	{r3, lr}
 1345              		.cfi_def_cfa_offset 8
 1346              		.cfi_offset 3, -8
 1347              		.cfi_offset 14, -4
 659:Middlewares/Third_Party/FreeRTOS/Source/event_groups.c **** }
 1348              		.loc 1 659 2 is_stmt 1 view .LVU405
 659:Middlewares/Third_Party/FreeRTOS/Source/event_groups.c **** }
 1349              		.loc 1 659 11 is_stmt 0 view .LVU406
 1350 0002 FFF7FEFF 		bl	xEventGroupSetBits
 1351              	.LVL120:
 660:Middlewares/Third_Party/FreeRTOS/Source/event_groups.c **** /*-----------------------------------------------------------*/
 1352              		.loc 1 660 1 view .LVU407
 1353 0006 08BD     		pop	{r3, pc}
 1354              		.cfi_endproc
 1355              	.LFE13:
 1357              		.section	.text.vEventGroupDelete,"ax",%progbits
 1358              		.align	1
 1359              		.global	vEventGroupDelete
 1360              		.syntax unified
 1361              		.thumb
 1362              		.thumb_func
 1364              	vEventGroupDelete:
 1365              	.LVL121:
 1366              	.LFB12:
 614:Middlewares/Third_Party/FreeRTOS/Source/event_groups.c **** EventGroup_t *pxEventBits = xEventGroup;
 1367              		.loc 1 614 1 is_stmt 1 view -0
 1368              		.cfi_startproc
 1369              		@ args = 0, pretend = 0, frame = 0
 1370              		@ frame_needed = 0, uses_anonymous_args = 0
 614:Middlewares/Third_Party/FreeRTOS/Source/event_groups.c **** EventGroup_t *pxEventBits = xEventGroup;
 1371              		.loc 1 614 1 is_stmt 0 view .LVU409
 1372 0000 10B5     		push	{r4, lr}
 1373              		.cfi_def_cfa_offset 8
 1374              		.cfi_offset 4, -8
 1375              		.cfi_offset 14, -4
 1376 0002 0446     		mov	r4, r0
 615:Middlewares/Third_Party/FreeRTOS/Source/event_groups.c **** const List_t *pxTasksWaitingForBits = &( pxEventBits->xTasksWaitingForBits );
 1377              		.loc 1 615 1 is_stmt 1 view .LVU410
 1378              	.LVL122:
 616:Middlewares/Third_Party/FreeRTOS/Source/event_groups.c **** 
 1379              		.loc 1 616 1 view .LVU411
 618:Middlewares/Third_Party/FreeRTOS/Source/event_groups.c **** 	{
 1380              		.loc 1 618 2 view .LVU412
 1381 0004 FFF7FEFF 		bl	vTaskSuspendAll
 1382              	.LVL123:
 620:Middlewares/Third_Party/FreeRTOS/Source/event_groups.c **** 
 1383              		.loc 1 620 41 view .LVU413
 622:Middlewares/Third_Party/FreeRTOS/Source/event_groups.c **** 		{
 1384              		.loc 1 622 3 view .LVU414
 1385              	.L91:
 622:Middlewares/Third_Party/FreeRTOS/Source/event_groups.c **** 		{
 1386              		.loc 1 622 59 view .LVU415
 622:Middlewares/Third_Party/FreeRTOS/Source/event_groups.c **** 		{
 1387              		.loc 1 622 10 is_stmt 0 view .LVU416
ARM GAS  C:\Users\jason\AppData\Local\Temp\cciHz2Wv.s 			page 48


 1388 0008 6368     		ldr	r3, [r4, #4]
 622:Middlewares/Third_Party/FreeRTOS/Source/event_groups.c **** 		{
 1389              		.loc 1 622 59 view .LVU417
 1390 000a 93B1     		cbz	r3, .L97
 626:Middlewares/Third_Party/FreeRTOS/Source/event_groups.c **** 			vTaskRemoveFromUnorderedEventList( pxTasksWaitingForBits->xListEnd.pxNext, eventUNBLOCKED_DUE_TO
 1391              		.loc 1 626 4 is_stmt 1 view .LVU418
 1392 000c 2069     		ldr	r0, [r4, #16]
 1393 000e 04F10C03 		add	r3, r4, #12
 1394 0012 9842     		cmp	r0, r3
 1395 0014 04D0     		beq	.L98
 626:Middlewares/Third_Party/FreeRTOS/Source/event_groups.c **** 			vTaskRemoveFromUnorderedEventList( pxTasksWaitingForBits->xListEnd.pxNext, eventUNBLOCKED_DUE_TO
 1396              		.loc 1 626 121 view .LVU419
 627:Middlewares/Third_Party/FreeRTOS/Source/event_groups.c **** 		}
 1397              		.loc 1 627 4 view .LVU420
 1398 0016 4FF00071 		mov	r1, #33554432
 1399 001a FFF7FEFF 		bl	vTaskRemoveFromUnorderedEventList
 1400              	.LVL124:
 1401 001e F3E7     		b	.L91
 1402              	.L98:
 626:Middlewares/Third_Party/FreeRTOS/Source/event_groups.c **** 			vTaskRemoveFromUnorderedEventList( pxTasksWaitingForBits->xListEnd.pxNext, eventUNBLOCKED_DUE_TO
 1403              		.loc 1 626 4 discriminator 1 view .LVU421
 1404              	.LBB71:
 1405              	.LBI71:
 191:Middlewares/Third_Party/FreeRTOS/Source/portable/GCC/ARM_CM4F/portmacro.h **** {
 1406              		.loc 2 191 30 view .LVU422
 1407              	.LBB72:
 193:Middlewares/Third_Party/FreeRTOS/Source/portable/GCC/ARM_CM4F/portmacro.h **** 
 1408              		.loc 2 193 1 view .LVU423
 195:Middlewares/Third_Party/FreeRTOS/Source/portable/GCC/ARM_CM4F/portmacro.h **** 	(
 1409              		.loc 2 195 2 view .LVU424
 1410              		.syntax unified
 1411              	@ 195 "Middlewares/Third_Party/FreeRTOS/Source/portable/GCC/ARM_CM4F/portmacro.h" 1
 1412 0020 4FF05003 			mov r3, #80												
 1413 0024 83F31188 		msr basepri, r3											
 1414 0028 BFF36F8F 		isb														
 1415 002c BFF34F8F 		dsb														
 1416              	
 1417              	@ 0 "" 2
 1418              		.thumb
 1419              		.syntax unified
 1420              	.L93:
 1421              	.LBE72:
 1422              	.LBE71:
 626:Middlewares/Third_Party/FreeRTOS/Source/event_groups.c **** 			vTaskRemoveFromUnorderedEventList( pxTasksWaitingForBits->xListEnd.pxNext, eventUNBLOCKED_DUE_TO
 1423              		.loc 1 626 4 view .LVU425
 1424 0030 FEE7     		b	.L93
 1425              	.L97:
 640:Middlewares/Third_Party/FreeRTOS/Source/event_groups.c **** 			{
 1426              		.loc 1 640 4 view .LVU426
 640:Middlewares/Third_Party/FreeRTOS/Source/event_groups.c **** 			{
 1427              		.loc 1 640 19 is_stmt 0 view .LVU427
 1428 0032 237F     		ldrb	r3, [r4, #28]	@ zero_extendqisi2
 640:Middlewares/Third_Party/FreeRTOS/Source/event_groups.c **** 			{
 1429              		.loc 1 640 6 view .LVU428
 1430 0034 13B1     		cbz	r3, .L99
 1431              	.L95:
 646:Middlewares/Third_Party/FreeRTOS/Source/event_groups.c **** 			}
ARM GAS  C:\Users\jason\AppData\Local\Temp\cciHz2Wv.s 			page 49


 1432              		.loc 1 646 29 is_stmt 1 view .LVU429
 651:Middlewares/Third_Party/FreeRTOS/Source/event_groups.c **** }
 1433              		.loc 1 651 2 view .LVU430
 651:Middlewares/Third_Party/FreeRTOS/Source/event_groups.c **** }
 1434              		.loc 1 651 11 is_stmt 0 view .LVU431
 1435 0036 FFF7FEFF 		bl	xTaskResumeAll
 1436              	.LVL125:
 652:Middlewares/Third_Party/FreeRTOS/Source/event_groups.c **** /*-----------------------------------------------------------*/
 1437              		.loc 1 652 1 view .LVU432
 1438 003a 10BD     		pop	{r4, pc}
 1439              	.LVL126:
 1440              	.L99:
 642:Middlewares/Third_Party/FreeRTOS/Source/event_groups.c **** 			}
 1441              		.loc 1 642 5 is_stmt 1 view .LVU433
 1442 003c 2046     		mov	r0, r4
 1443 003e FFF7FEFF 		bl	vPortFree
 1444              	.LVL127:
 1445 0042 F8E7     		b	.L95
 1446              		.cfi_endproc
 1447              	.LFE12:
 1449              		.section	.text.xEventGroupSetBitsFromISR,"ax",%progbits
 1450              		.align	1
 1451              		.global	xEventGroupSetBitsFromISR
 1452              		.syntax unified
 1453              		.thumb
 1454              		.thumb_func
 1456              	xEventGroupSetBitsFromISR:
 1457              	.LVL128:
 1458              	.LFB16:
 704:Middlewares/Third_Party/FreeRTOS/Source/event_groups.c **** /*-----------------------------------------------------------*/
 705:Middlewares/Third_Party/FreeRTOS/Source/event_groups.c **** 
 706:Middlewares/Third_Party/FreeRTOS/Source/event_groups.c **** #if ( ( configUSE_TRACE_FACILITY == 1 ) && ( INCLUDE_xTimerPendFunctionCall == 1 ) && ( configUSE_T
 707:Middlewares/Third_Party/FreeRTOS/Source/event_groups.c **** 
 708:Middlewares/Third_Party/FreeRTOS/Source/event_groups.c **** 	BaseType_t xEventGroupSetBitsFromISR( EventGroupHandle_t xEventGroup, const EventBits_t uxBitsToSe
 709:Middlewares/Third_Party/FreeRTOS/Source/event_groups.c **** 	{
 1459              		.loc 1 709 2 view -0
 1460              		.cfi_startproc
 1461              		@ args = 0, pretend = 0, frame = 0
 1462              		@ frame_needed = 0, uses_anonymous_args = 0
 1463              		.loc 1 709 2 is_stmt 0 view .LVU435
 1464 0000 08B5     		push	{r3, lr}
 1465              		.cfi_def_cfa_offset 8
 1466              		.cfi_offset 3, -8
 1467              		.cfi_offset 14, -4
 1468 0002 1346     		mov	r3, r2
 710:Middlewares/Third_Party/FreeRTOS/Source/event_groups.c **** 	BaseType_t xReturn;
 1469              		.loc 1 710 2 is_stmt 1 view .LVU436
 711:Middlewares/Third_Party/FreeRTOS/Source/event_groups.c **** 
 712:Middlewares/Third_Party/FreeRTOS/Source/event_groups.c **** 		traceEVENT_GROUP_SET_BITS_FROM_ISR( xEventGroup, uxBitsToSet );
 1470              		.loc 1 712 65 view .LVU437
 713:Middlewares/Third_Party/FreeRTOS/Source/event_groups.c **** 		xReturn = xTimerPendFunctionCallFromISR( vEventGroupSetBitsCallback, ( void * ) xEventGroup, ( ui
 1471              		.loc 1 713 3 view .LVU438
 1472              		.loc 1 713 13 is_stmt 0 view .LVU439
 1473 0004 0A46     		mov	r2, r1
 1474              	.LVL129:
 1475              		.loc 1 713 13 view .LVU440
 1476 0006 0146     		mov	r1, r0
ARM GAS  C:\Users\jason\AppData\Local\Temp\cciHz2Wv.s 			page 50


 1477              	.LVL130:
 1478              		.loc 1 713 13 view .LVU441
 1479 0008 0148     		ldr	r0, .L102
 1480              	.LVL131:
 1481              		.loc 1 713 13 view .LVU442
 1482 000a FFF7FEFF 		bl	xTimerPendFunctionCallFromISR
 1483              	.LVL132:
 714:Middlewares/Third_Party/FreeRTOS/Source/event_groups.c **** 
 715:Middlewares/Third_Party/FreeRTOS/Source/event_groups.c **** 		return xReturn;
 1484              		.loc 1 715 3 is_stmt 1 view .LVU443
 716:Middlewares/Third_Party/FreeRTOS/Source/event_groups.c **** 	}
 1485              		.loc 1 716 2 is_stmt 0 view .LVU444
 1486 000e 08BD     		pop	{r3, pc}
 1487              	.L103:
 1488              		.align	2
 1489              	.L102:
 1490 0010 00000000 		.word	vEventGroupSetBitsCallback
 1491              		.cfi_endproc
 1492              	.LFE16:
 1494              		.section	.text.uxEventGroupGetNumber,"ax",%progbits
 1495              		.align	1
 1496              		.global	uxEventGroupGetNumber
 1497              		.syntax unified
 1498              		.thumb
 1499              		.thumb_func
 1501              	uxEventGroupGetNumber:
 1502              	.LVL133:
 1503              	.LFB17:
 717:Middlewares/Third_Party/FreeRTOS/Source/event_groups.c **** 
 718:Middlewares/Third_Party/FreeRTOS/Source/event_groups.c **** #endif
 719:Middlewares/Third_Party/FreeRTOS/Source/event_groups.c **** /*-----------------------------------------------------------*/
 720:Middlewares/Third_Party/FreeRTOS/Source/event_groups.c **** 
 721:Middlewares/Third_Party/FreeRTOS/Source/event_groups.c **** #if (configUSE_TRACE_FACILITY == 1)
 722:Middlewares/Third_Party/FreeRTOS/Source/event_groups.c **** 
 723:Middlewares/Third_Party/FreeRTOS/Source/event_groups.c **** 	UBaseType_t uxEventGroupGetNumber( void* xEventGroup )
 724:Middlewares/Third_Party/FreeRTOS/Source/event_groups.c **** 	{
 1504              		.loc 1 724 2 is_stmt 1 view -0
 1505              		.cfi_startproc
 1506              		@ args = 0, pretend = 0, frame = 0
 1507              		@ frame_needed = 0, uses_anonymous_args = 0
 1508              		@ link register save eliminated.
 725:Middlewares/Third_Party/FreeRTOS/Source/event_groups.c **** 	UBaseType_t xReturn;
 1509              		.loc 1 725 2 view .LVU446
 726:Middlewares/Third_Party/FreeRTOS/Source/event_groups.c **** 	EventGroup_t const *pxEventBits = ( EventGroup_t * ) xEventGroup; /*lint !e9087 !e9079 EventGroupH
 1510              		.loc 1 726 2 view .LVU447
 727:Middlewares/Third_Party/FreeRTOS/Source/event_groups.c **** 
 728:Middlewares/Third_Party/FreeRTOS/Source/event_groups.c **** 		if( xEventGroup == NULL )
 1511              		.loc 1 728 3 view .LVU448
 1512              		.loc 1 728 5 is_stmt 0 view .LVU449
 1513 0000 00B1     		cbz	r0, .L104
 729:Middlewares/Third_Party/FreeRTOS/Source/event_groups.c **** 		{
 730:Middlewares/Third_Party/FreeRTOS/Source/event_groups.c **** 			xReturn = 0;
 731:Middlewares/Third_Party/FreeRTOS/Source/event_groups.c **** 		}
 732:Middlewares/Third_Party/FreeRTOS/Source/event_groups.c **** 		else
 733:Middlewares/Third_Party/FreeRTOS/Source/event_groups.c **** 		{
 734:Middlewares/Third_Party/FreeRTOS/Source/event_groups.c **** 			xReturn = pxEventBits->uxEventGroupNumber;
 1514              		.loc 1 734 4 is_stmt 1 view .LVU450
ARM GAS  C:\Users\jason\AppData\Local\Temp\cciHz2Wv.s 			page 51


 1515              		.loc 1 734 12 is_stmt 0 view .LVU451
 1516 0002 8069     		ldr	r0, [r0, #24]
 1517              	.LVL134:
 1518              	.L104:
 735:Middlewares/Third_Party/FreeRTOS/Source/event_groups.c **** 		}
 736:Middlewares/Third_Party/FreeRTOS/Source/event_groups.c **** 
 737:Middlewares/Third_Party/FreeRTOS/Source/event_groups.c **** 		return xReturn;
 738:Middlewares/Third_Party/FreeRTOS/Source/event_groups.c **** 	}
 1519              		.loc 1 738 2 view .LVU452
 1520 0004 7047     		bx	lr
 1521              		.cfi_endproc
 1522              	.LFE17:
 1524              		.section	.text.vEventGroupSetNumber,"ax",%progbits
 1525              		.align	1
 1526              		.global	vEventGroupSetNumber
 1527              		.syntax unified
 1528              		.thumb
 1529              		.thumb_func
 1531              	vEventGroupSetNumber:
 1532              	.LVL135:
 1533              	.LFB18:
 739:Middlewares/Third_Party/FreeRTOS/Source/event_groups.c **** 
 740:Middlewares/Third_Party/FreeRTOS/Source/event_groups.c **** #endif /* configUSE_TRACE_FACILITY */
 741:Middlewares/Third_Party/FreeRTOS/Source/event_groups.c **** /*-----------------------------------------------------------*/
 742:Middlewares/Third_Party/FreeRTOS/Source/event_groups.c **** 
 743:Middlewares/Third_Party/FreeRTOS/Source/event_groups.c **** #if ( configUSE_TRACE_FACILITY == 1 )
 744:Middlewares/Third_Party/FreeRTOS/Source/event_groups.c **** 
 745:Middlewares/Third_Party/FreeRTOS/Source/event_groups.c **** 	void vEventGroupSetNumber( void * xEventGroup, UBaseType_t uxEventGroupNumber )
 746:Middlewares/Third_Party/FreeRTOS/Source/event_groups.c **** 	{
 1534              		.loc 1 746 2 is_stmt 1 view -0
 1535              		.cfi_startproc
 1536              		@ args = 0, pretend = 0, frame = 0
 1537              		@ frame_needed = 0, uses_anonymous_args = 0
 1538              		@ link register save eliminated.
 747:Middlewares/Third_Party/FreeRTOS/Source/event_groups.c **** 		( ( EventGroup_t * ) xEventGroup )->uxEventGroupNumber = uxEventGroupNumber; /*lint !e9087 !e9079
 1539              		.loc 1 747 3 view .LVU454
 1540              		.loc 1 747 58 is_stmt 0 view .LVU455
 1541 0000 8161     		str	r1, [r0, #24]
 748:Middlewares/Third_Party/FreeRTOS/Source/event_groups.c **** 	}
 1542              		.loc 1 748 2 view .LVU456
 1543 0002 7047     		bx	lr
 1544              		.cfi_endproc
 1545              	.LFE18:
 1547              		.text
 1548              	.Letext0:
 1549              		.file 3 "C:/Users/jason/AppData/Roaming/Code/User/globalStorage/bmd.stm32-for-vscode/@xpack-dev-to
 1550              		.file 4 "C:/Users/jason/AppData/Roaming/Code/User/globalStorage/bmd.stm32-for-vscode/@xpack-dev-to
 1551              		.file 5 "C:/Users/jason/AppData/Roaming/Code/User/globalStorage/bmd.stm32-for-vscode/@xpack-dev-to
 1552              		.file 6 "Middlewares/Third_Party/FreeRTOS/Source/include/FreeRTOS.h"
 1553              		.file 7 "Middlewares/Third_Party/FreeRTOS/Source/include/list.h"
 1554              		.file 8 "Middlewares/Third_Party/FreeRTOS/Source/include/timers.h"
 1555              		.file 9 "Middlewares/Third_Party/FreeRTOS/Source/include/event_groups.h"
 1556              		.file 10 "Middlewares/Third_Party/FreeRTOS/Source/include/portable.h"
 1557              		.file 11 "Middlewares/Third_Party/FreeRTOS/Source/include/task.h"
ARM GAS  C:\Users\jason\AppData\Local\Temp\cciHz2Wv.s 			page 52


DEFINED SYMBOLS
                            *ABS*:00000000 event_groups.c
C:\Users\jason\AppData\Local\Temp\cciHz2Wv.s:20     .text.prvTestWaitCondition:00000000 $t
C:\Users\jason\AppData\Local\Temp\cciHz2Wv.s:25     .text.prvTestWaitCondition:00000000 prvTestWaitCondition
C:\Users\jason\AppData\Local\Temp\cciHz2Wv.s:79     .text.xEventGroupCreateStatic:00000000 $t
C:\Users\jason\AppData\Local\Temp\cciHz2Wv.s:85     .text.xEventGroupCreateStatic:00000000 xEventGroupCreateStatic
C:\Users\jason\AppData\Local\Temp\cciHz2Wv.s:199    .text.xEventGroupCreate:00000000 $t
C:\Users\jason\AppData\Local\Temp\cciHz2Wv.s:205    .text.xEventGroupCreate:00000000 xEventGroupCreate
C:\Users\jason\AppData\Local\Temp\cciHz2Wv.s:249    .text.xEventGroupWaitBits:00000000 $t
C:\Users\jason\AppData\Local\Temp\cciHz2Wv.s:255    .text.xEventGroupWaitBits:00000000 xEventGroupWaitBits
C:\Users\jason\AppData\Local\Temp\cciHz2Wv.s:608    .text.xEventGroupClearBits:00000000 $t
C:\Users\jason\AppData\Local\Temp\cciHz2Wv.s:614    .text.xEventGroupClearBits:00000000 xEventGroupClearBits
C:\Users\jason\AppData\Local\Temp\cciHz2Wv.s:711    .text.vEventGroupClearBitsCallback:00000000 $t
C:\Users\jason\AppData\Local\Temp\cciHz2Wv.s:717    .text.vEventGroupClearBitsCallback:00000000 vEventGroupClearBitsCallback
C:\Users\jason\AppData\Local\Temp\cciHz2Wv.s:739    .text.xEventGroupClearBitsFromISR:00000000 $t
C:\Users\jason\AppData\Local\Temp\cciHz2Wv.s:745    .text.xEventGroupClearBitsFromISR:00000000 xEventGroupClearBitsFromISR
C:\Users\jason\AppData\Local\Temp\cciHz2Wv.s:777    .text.xEventGroupClearBitsFromISR:00000010 $d
C:\Users\jason\AppData\Local\Temp\cciHz2Wv.s:782    .text.xEventGroupGetBitsFromISR:00000000 $t
C:\Users\jason\AppData\Local\Temp\cciHz2Wv.s:788    .text.xEventGroupGetBitsFromISR:00000000 xEventGroupGetBitsFromISR
C:\Users\jason\AppData\Local\Temp\cciHz2Wv.s:849    .text.xEventGroupSetBits:00000000 $t
C:\Users\jason\AppData\Local\Temp\cciHz2Wv.s:855    .text.xEventGroupSetBits:00000000 xEventGroupSetBits
C:\Users\jason\AppData\Local\Temp\cciHz2Wv.s:1048   .text.xEventGroupSync:00000000 $t
C:\Users\jason\AppData\Local\Temp\cciHz2Wv.s:1054   .text.xEventGroupSync:00000000 xEventGroupSync
C:\Users\jason\AppData\Local\Temp\cciHz2Wv.s:1330   .text.vEventGroupSetBitsCallback:00000000 $t
C:\Users\jason\AppData\Local\Temp\cciHz2Wv.s:1336   .text.vEventGroupSetBitsCallback:00000000 vEventGroupSetBitsCallback
C:\Users\jason\AppData\Local\Temp\cciHz2Wv.s:1358   .text.vEventGroupDelete:00000000 $t
C:\Users\jason\AppData\Local\Temp\cciHz2Wv.s:1364   .text.vEventGroupDelete:00000000 vEventGroupDelete
C:\Users\jason\AppData\Local\Temp\cciHz2Wv.s:1450   .text.xEventGroupSetBitsFromISR:00000000 $t
C:\Users\jason\AppData\Local\Temp\cciHz2Wv.s:1456   .text.xEventGroupSetBitsFromISR:00000000 xEventGroupSetBitsFromISR
C:\Users\jason\AppData\Local\Temp\cciHz2Wv.s:1490   .text.xEventGroupSetBitsFromISR:00000010 $d
C:\Users\jason\AppData\Local\Temp\cciHz2Wv.s:1495   .text.uxEventGroupGetNumber:00000000 $t
C:\Users\jason\AppData\Local\Temp\cciHz2Wv.s:1501   .text.uxEventGroupGetNumber:00000000 uxEventGroupGetNumber
C:\Users\jason\AppData\Local\Temp\cciHz2Wv.s:1525   .text.vEventGroupSetNumber:00000000 $t
C:\Users\jason\AppData\Local\Temp\cciHz2Wv.s:1531   .text.vEventGroupSetNumber:00000000 vEventGroupSetNumber

UNDEFINED SYMBOLS
vListInitialise
pvPortMalloc
xTaskGetSchedulerState
vTaskSuspendAll
xTaskResumeAll
uxTaskResetEventItemValue
vTaskPlaceOnUnorderedEventList
vPortEnterCritical
vPortExitCritical
xTimerPendFunctionCallFromISR
vTaskRemoveFromUnorderedEventList
vPortFree
