:020000040800F2
:100000000000022039A40008D58A0008D78A000819
:10001000D98A0008DB8A0008DD8A00080000000099
:10002000000000000000000000000000611A00084D
:10003000DF8A000800000000011B0008790B00089F
:100040008DA400088DA400088DA400088DA40008CC
:100050008DA400088DA400088DA400088DA40008BC
:100060008DA400088DA400088DA400088DA40008AC
:100070008DA400088DA400088DA400088DA400089C
:100080008DA400088DA400088DA400088DA400088C
:100090008DA400088DA400088DA400088DA400087C
:1000A0008DA40008E18A00088DA400088DA4000832
:1000B000F18A0008018B00088DA400088DA40008B7
:1000C0008DA400088DA400088DA400088DA400084C
:1000D0008DA400088DA400088DA400088DA400083C
:1000E0008DA400088DA40008000000008DA4000865
:1000F0008DA400088DA400088DA400088DA400081C
:100100008DA400088DA400088DA400088DA400080B
:10011000118B00088DA40008218B00088DA4000815
:100120008DA400088DA400088DA400088DA40008EB
:100130008DA400088DA400088DA400088DA40008DB
:1001400000000000000000000000000000000000AF
:100150008DA400088DA400088DA400088DA40008BB
:100160008DA400088DA400088DA400088DA40008AB
:100170008DA400088DA400088DA400088DA400089B
:100180008DA400088DA400088DA400088DA400088B
:100190008DA400088DA400088DA400088DA400087B
:1001A0008DA400088DA400088DA400088DA400086B
:1001B0008DA400088DA400088DA400088DA400085B
:1001C0008DA400088DA400088DA400088DA400084B
:1001D0008DA400088DA400088DA400088DA400083B
:1001E0008DA400088DA400088DA400088DA400082B
:1001F0008DA400088DA400088DA400088DA400081B
:100200008DA400088DA400088DA400088DA400080A
:100210008DA400088DA400088DA400088DA40008FA
:100220008DA400088DA400088DA400080000000023
:100230008DA400088DA40008000000008DA4000813
:100240008DA400088DA400088DA400088DA40008CA
:100250008DA400088DA400088DA400088DA40008BA
:100260008DA400088DA400088DA400088DA40008AA
:100270008DA400088DA400088DA4000800000000D3
:100280008DA400088DA400088DA4000800000000C3
:08029000000000008DA400082D
:1002A00053B94AB9002908BF00281CBF4FF0FF31DD
:1002B0004FF0FF3000F00CB8ADF1080C6DE904CE42
:1002C0000AF08EFCDDF804E0DDE9022304B070479B
:1002D000704700BF08B5064B1A783AB9054A1AB1FB
:1002E0000548AFF30080024B01221A7008BD00BF21
:1002F000F80000200000000000AF000808B5034B24
:100300001BB103490348AFF3008008BD00000000A3
:10031000FC00002000AF00087047704710B5074C84
:100320000A21A06800F097FD054B1B685B6820461A
:100330009847A06800F0BEFD10BD00BF88480020AF
:100340001C00002050B182685AB1C26862B10369D2
:100350000BB1002070474FF0FF3070474FF0FF3077
:1003600070474FF0FF3070474FF0FF307047502814
:1003700002D10870002070476FF0020070472DE92D
:10038000F04106460D4690461C461846FFF7DAFF38
:100390000746B0FA80F04009002D08BF002078B170
:1003A000637D13B946F080031E46636842462946C2
:1003B0003046A568A847207530B93846BDE8F081B9
:1003C0004FF0FF331F46F8E76FF001031F46F4E7D5
:1003D00038B108B50B46014601222820FFF7CFFFB0
:1003E00008BD4FF0FF30704710B582B001460DF1E7
:1003F0000700FFF7EDFF044C2070642002F022FCA0
:1004000094F9000002B010BD1401002010B582B0B4
:100410000446FFF797FF034610B9627D1AB15BB13E
:10042000184602B010BD234601220DF10701104607
:10043000FFF7A5FF0346F2E7234601220DF106016F
:100440001046FFF79CFF03460028E9D19DF80630CF
:1004500063B12046FFF7C8FF03460028E0D12146DC
:100460009DF80600FFF783FF0346D9E76FF003030B
:10047000D6E72DE9F04781460E4690461D461846C0
:10048000FFF760FF8246B0FA80F04009002E08BFF7
:10049000002018B36C7D7CB904EB09006B68012265
:1004A0003119C0B2EF68B84728750134E4B2444549
:1004B00006D20028F0D003E0013CE4B2012C05D9BB
:1004C00095F9143073B95046BDE8F087EC686B6855
:1004D000424631464846A0472875F1E74FF0FF33C2
:1004E0009A46F0E76FF001039A46ECE710B582B048
:1004F0000346044601220DF107013720FFF73FFFB5
:1005000008B102B010BD9DF8073003F07F028DF8EE
:10051000072003F0030343F070038DF807302346F0
:1005200001220DF107013720FFF7A3FF0028E8D1D2
:10053000234601220DF107013120FFF720FF00289B
:10054000DFD19DF8073003F0C0038DF80730234654
:1005500001220DF107013120FFF78BFF0028D0D1D8
:10056000234601220DF107011820FFF708FF00289C
:10057000C7D19DF8073003F0FC038DF80730234600
:1005800001220DF107011820FFF773FFB9E730B51D
:1005900083B004460B460D4601220DF107013720BA
:1005A000FFF7EDFE08B103B030BD9DF8073043F012
:1005B00080028DF8072023F0030363F07F0304F02B
:1005C000030018438DF807002B4601220DF10701A7
:1005D0003720FFF74EFFE6E730B583B004460D46FF
:1005E0001346694600200090ADF8040006221D2045
:1005F000FFF7C5FED0B99DF802209DF801301B021F
:1006000043EA02439DF80020134307EE103AB8EE88
:10061000C77B9FED136B27EE067BB7EEC77B84EDA0
:10062000017AAB78012B03D00023236003B030BDE7
:100630009DF805209DF804301B0243EA02439DF813
:100640000320134307EE103AB8EE477B9FED066B8D
:1006500027EE067BB7EEC77B84ED007AE6E700BFA6
:10066000000000000000F03E000000000000903F8D
:10067000D8B110B582B00B460446022201A936203B
:10068000FFF77DFE78B99DF8043003F00702227071
:10069000C3F3C2026270C3F38013A3709DF80530E8
:1006A000C3F38403E37002B010BD4FF0FF30704716
:1006B000E8B110B582B00B460446022201A93020F1
:1006C000FFF75DFE9DF80430C3F3C002A270C3F3D0
:1006D0004012E270C3F3800323719DF8053003F0EC
:1006E00007022270C3F3C203637002B010BD4FF063
:1006F000FF30704730B585B005460C4600230293A5
:100700008DF80C3001930B4601220DF10F011820DA
:10071000FFF735FE9DF80F3003F003038DF80F301F
:1007200080B19DF80730182B0AD99DF80F303BB9DE
:100730009DF8083023B99DF809300BB904232B70BC
:1007400005B030BD214601A8FFF792FF0028E8D18F
:10075000214602A8FFF7ACFFE3E788B330B583B0CA
:100760000D4604460B4601220DF107013720FFF725
:1007700006FE58B99DF8072002F00303022B1CD097
:1007800009D883B1012B03D10123237003B030BDFD
:100790006FF00600FAE7032B02D103232370F5E77D
:1007A0006FF00600F2E7D20902D000232370EDE7D4
:1007B00029462046FFF79EFFE8E702232370E5E77E
:1007C0004FF0FF30704770B582B006460C460DF111
:1007D0000700FFF7C2FF054640B99DF8073043B94F
:1007E00025B9032E11D873B2B3B9DEB9284602B0C9
:1007F00070BD2146FFF7CBFE05460028F6D12369E0
:10080000616840F6C4109847EAE7042E0ED12046EE
:10081000FFF76CFE0546E9E721463046FFF7B7FED5
:100820000546E3E76FF006031D46DFE76FF00603BA
:100830001D46DBE710B582B0014604460DF1070006
:10084000FFF78BFF18B99DF80730042B01D002B0D9
:1008500010BD21460020FFF7B6FFF8E730B583B0A2
:100860000023ADF80430002843D00D460446C37879
:10087000172B04D80846FFF7DDFF034638B92B468F
:10088000022201A93620FFF77AFD034610B118466F
:1008900003B030BD9DF80420237803F0070322F055
:1008A000070213438DF804306278D20002F0380258
:1008B00023F0380313438DF80430A278920102F03C
:1008C000400223F0400313438DF804309DF80530B7
:1008D000E278920002F07C0223F07C0313438DF84F
:1008E00005302B46022201A93620FFF7C2FD034640
:1008F000CDE74FF0FF33CAE730B585B00D4614465B
:100900008DF80F006423009301230DF10F028E2157
:100910000948006803F062F810B1012005B030BD4D
:1009200064230093A3B22A468E210348006803F093
:1009300023F90020F2E700BF4C01002080B582B00F
:1009400002AF9646531C083222F00702ADEB020DAF
:1009500002AA8DF80800002006E000F1010C085CF6
:1009600002F80C005FFA8CF07045F6D30A21009172
:100970009BB28E210448006803F030F808B9BD46E8
:1009800080BD0120FBE700BF4C01002008B5034BF0
:10099000A3FB0030800902F055F908BDD34D621069
:1009A00038B504461C4A1D491D48FFF715FE05468B
:1009B00008B1284638BD1A4B93ED007AB7EEC77AD6
:1009C0009FED0F1B9FED100B87EE000B09F0A0FDB4
:1009D000B7EE007B37EE407B9FED0D6B27EE067B7D
:1009E000104B83ED007B93ED007B0F4B93ED006B81
:1009F00037EE467B84ED007BDBE700BFAFF3008082
:100A0000637FD93D7958C83F00000000D0BCF84052
:100A10000000000040A5E540340100203001002026
:100A20002801002020010020180100200000000003
:100A300010B52DED028B82B09FED118B8DED008BEB
:100A40000024092C0ED86846FFF7AAFF034688B990
:100A50009DED007B38EE078B0A2002F0F3F801349D
:100A6000E4B2EEE7B2EE046B88EE067B064B83ED54
:100A7000007B0023184602B0BDEC028B10BD00BF06
:100A800000000000000000001801002010B5124C0A
:100A9000124BA360124BE360124B23610123637579
:100AA000642002F0CFF82046FFF7B0FC00B110BD83
:100AB0000D480A23C3700123837000234370037021
:100AC0002146FFF7CBFE10B1FFF7B2FFEFE721465B
:100AD0000120FFF778FEF7E734010020F90800084D
:100AE0003D0900088D0900083001002008B51346B3
:100AF0000A460146024806F093F800B1012008BDFD
:100B00006C47002008B513460A460146024806F025
:100B1000F9F800B1012008BD6C47002008B5034872
:100B200006F04EFC043818BF012008BD6C470020B9
:100B300008B50146014806F081FB08BD6C4700205E
:100B400000B583B001238DF8073000F08DFA08B9A5
:100B50008DF807009DF8070003B000BD08B5FFF74A
:100B6000EFFF012801D0022008BD024806F039FC41
:100B7000FAE700BF6C47002008B54FF0E0231B697F
:100B800009F01CF9012800D108BD00F0EBFFFBE7DC
:100B9000EFF305832BB9064B186828B901221A60B8
:100BA00070476FF0050070474FF0FF30704700BF8F
:100BB0000808002008B509F001F940B103460228F1
:100BC00006D0044B1B68012B02D0002300E0032356
:100BD000184608BD0808002008B5EFF3058373B96F
:100BE0000A4B1B68012B0DD1094B4FF00002DA773D
:100BF000064B02221A6008F0B7FD002008BD6FF016
:100C00000500FBE74FF0FF30F8E700BF08080020C1
:100C100000ED00E008B5EFF3058343B909F0CEF825
:100C200040B1022808D108F0EBFD002008BD6FF0AC
:100C30000500FBE70120F9E74FF0FF30F6E708B5C4
:100C4000EFF305837BB909F0B9F818B102280DD18B
:100C5000002008BD08F07CFE0128FAD009F0AEF8AB
:100C600038B10120F5E76FF00500F2E74FF0FF30F3
:100C7000EFE74FF0FF30ECE708B5EFF3058313B172
:100C800008F0CCFD08BD08F0C3FDFBE770B586B0E9
:100C900000230593EFF3058343BB38B3002A3DD00F
:100CA000D2F800E093692BB11D46013B372B03D9E5
:100CB00000201CE018231D46536813F0010F44D197
:100CC000D2F814C0BCF1000F13D04FEA9C031E46AB
:100CD00093683BB1D4685B2C04D9146914B1BCF19E
:100CE000000F11D143B14FF0FF330BB3059806B09D
:100CF00070BD80231E46EBE7D368B3B91369002BA0
:100D0000F3D04FF0FF33F0E70293019400950B46C8
:100D10003246714608F0B6FC0590E7E79646134662
:100D20001822154680221646DFE74FF0FF33DCE736
:100D300005AB019300950B46B2B2714608F0E2FC98
:100D40000128D3D000230593D0E70020CFE7EFF3AD
:100D500005835BB94FF0E0234FF08052C3F8042DB8
:100D6000BFF34F8FBFF36F8F002070476FF0050008
:100D7000704708B5EFF305832BB900B908BD08F03B
:100D8000B7FE0020FAE76FF00500F7E7EFF3058301
:100D900073B910B582B0044608F03AFD0190211AEB
:100DA000002908DD01A808F04FFE002002B010BDA8
:100DB0006FF0050070476FF00300F7E770B5EFF3D1
:100DC0000585002D42D1044620B3436803F0010598
:100DD00013F0080F3DD184B3A16811B1E3684F2B24
:100DE00020D8C9B14FF0FF3373BB45B3042001F0E5
:100DF000E5F906462EB104B124682146304601F0DB
:100E00007FFC002E0CBF002505F00105FDB146F06A
:100E100001061CE02B46DBE7E368002BE4D04FF033
:100E2000FF33E1E725B1042001F0D3F90646E1E7FD
:100E3000012001F0CEF90646DCE72346D4E7012085
:100E400001F0BCF90646D5E70026DAE70026304671
:100E500070BD0026FBE7EFF30582DAB910B5034653
:100E60000C4620F0010003F00101012B15D941B11E
:100E7000214601F0CCFB012812D09CB16FF001009B
:100E80000FE0214601F0EDFA01280ED07CB16FF0A1
:100E9000010006E06FF0050070476FF0030000E00E
:100EA000002010BD6FF00200FBE70020F9E76FF0B3
:100EB0000200F6E7EFF30582B2B908B5034620F069
:100EC000010003F00101012B11D929B101F090F9C2
:100ED00001280FD1002008BD0B460A4601F09EF8FC
:100EE00001280AD10020F6E76FF0050070476FF087
:100EF0000300F0E76FF00200EDE76FF00200EAE7B1
:100F000030B583B0EFF30583002B3ED11446CB1AE6
:100F100018BF012300283DD0002B3BD082B393683B
:100F20004BB1D2684F2A06D9226922B101FB00FCDD
:100F3000656965451CD273B14FF0FF336BBB1A4630
:100F400001F048F8054615B304B124682146284647
:100F500001F0D6FB1BE0E368A3B9236913B14FF09E
:100F6000FF33EBE76369002BE8D04FF0FF33E5E791
:100F70004FF0000CCDF800C000F0D7FF0546E2E7C7
:100F80001346DBE74FF0FF33D8E700231D46284622
:100F900003B030BD00231D46F9E700231D46F6E7E8
:100FA00010B582B01A46EFF30583CBB1002918BF04
:100FB000002822D022BB019201AA01F049FB01289E
:100FC00021D1019850B14FF0E0234FF08052C3F887
:100FD000042DBFF34F8FBFF36F8F002002B010BD01
:100FE000994218BF984211D0144601F08BF901289C
:100FF0000FD084B16FF00100F0E76FF00300EDE770
:101000006FF00300EAE76FF00200E7E76FF003001C
:10101000E4E70020E2E76FF00200DFE7034B036044
:10102000034B0B6080231360704700BFAC070020A8
:10103000AC050020034B0360034B0B604FF480733F
:1010400013607047500500205001002008B5034987
:10105000034800F043F8034B187008BD0C0800204B
:1010600060AF00081008002008B52021034802F0F6
:1010700099FA08B9012008BD0020FCE700100258C9
:10108000154B5B7A33BB10B5844603F0FF00124B5F
:1010900093F809E05FFA8EFE4FF0000403F80E406B
:1010A00093F809E003EB8E0ECEF804C093F809C064
:1010B0009C448CF808205A7A02F1010C5FFA8CFCEF
:1010C00083F809C030320A703A234B702F238B709B
:1010D000CC7010BD012070471408002008B5002214
:1010E000FFF7CEFF08BD7047124A12F0070F1ED05F
:1010F000D11D21F00701C1F5705313440A460E4873
:101100000260002141601344083B23F007030B48B1
:10111000036059601960991A51601360084B196097
:10112000084B1960084B4FF000421A6070474FF4AB
:101130007053E4E7400800203808002034080020FD
:101140002C0800203008002020080020144B1A46EC
:101150001B688342FBD3516802EB010C844509D024
:10116000416800EB010C634509D00360904200D058
:10117000106070474068014451601046F0E7DFF8A6
:1011800024C0DCF800C0634506D05B6819444160A8
:1011900013681B680360E9E7C0F800C0E6E700BF1A
:1011A000380800203408002038B5044608F028FB31
:1011B000384B1B68B3B1384B1B681C4250D1002C14
:1011C00050D004F1080214F0070F02D022F00702F9
:1011D0000832002A55D0314B1B68934253D3304913
:1011E0000C6804E0FFF780FFE5E721461C466368D2
:1011F000934202D22368002BF7D1264B1B68A342EF
:1012000043D00D68083523680B6063689B1A102B68
:1012100010D9A01810F0070F08D04FF0500383F337
:101220001188BFF36F8FBFF34F8FFEE7436062609B
:10123000FFF78CFF626819490B689B1A0B6019490C
:1012400009688B4201D217490B60134B1B6813438B
:10125000636000232360144A13680133136002E0C3
:10126000002500E0254608F073FB15F0070F0ED0AF
:101270004FF0500383F31188BFF36F8FBFF34F8F8D
:10128000FEE71546EFE70025EDE70025EBE72846EA
:1012900038BD00BF3408002020080020300800209E
:1012A000380800202C08002028080020002835D00D
:1012B00038B50446A0F108031D4650F8043C184A0E
:1012C0001268134208D14FF0500383F31188BFF323
:1012D0006F8FBFF34F8FFEE750F8081C41B14FF0FE
:1012E000500383F31188BFF36F8FBFF34F8FFEE777
:1012F00023EA020340F8043C08F082FA54F8041C84
:10130000084A13680B4413602846FFF71FFF064A7C
:1013100013680133136008F01BFB38BD704700BF32
:1013200020080020300800202408002000F10803D5
:1013300043604FF0FF328260C360036100230360AB
:10134000704700230361704743684B609A688A6066
:10135000516099600861036801330360704710B4FD
:1013600002460846D1F800C0BCF1FF3F11D002F19F
:10137000080319465B681C686445FAD94B684360EA
:10138000986081604860026113680133136010BC8B
:1013900070471169F2E70369416882688A604168B1
:1013A00051605A68824206D0002202611A68013AEE
:1013B0001A601868704782685A60F5E7054B064A5C
:1013C0001A6000225A609A60DA601A6108225A6133
:1013D000704700BF6C4700200070005230B585B0E8
:1013E0000024009401940294039401F0AFFC0123C3
:1013F0008DF800308DF8014001941F228DF80820EF
:1014000087228DF809208DF80A408DF80B408DF861
:101410000C308DF80D308DF80E408DF80F40684679
:1014200001F0B2FC042001F09FFC05B030BD0000CB
:101430002DE9F0438DB007AD00240794089409947A
:101440000A940B94474BD3F8E02042F01002C3F803
:10145000E020D3F8E02002F010020192019AD3F8C4
:10146000E02042F08002C3F8E020D3F8E02002F050
:1014700080020292029AD3F8E02042F00102C3F8FF
:10148000E020D3F8E02002F001020392039AD3F89F
:10149000E02042F00202C3F8E020D3F8E02002F09E
:1014A00002020492049AD3F8E02042F00402C3F846
:1014B000E020D3F8E02002F004020592059AD3F868
:1014C000E02042F00802C3F8E020D3F8E03003F057
:1014D00008030693069B244E224642F252013046F0
:1014E00002F067F8DFF8849022460721484602F0B0
:1014F00060F8DFF87C8022461821404602F059F857
:1015000042F2520307930127089709940A94294647
:10151000304601F039FF20230793089402230993F2
:101520002946304601F030FF0723079308970994B6
:101530000A942946484601F027FF40F20123079309
:10154000089409942946304601F01EFF182307939A
:10155000089709940A942946404601F015FF0DB0FA
:10156000BDE8F083004402580010025800040258FD
:10157000000C025808B50120FFF7FBFBFBE7000059
:1015800008B50268034B9A4200D008BD01F048FB41
:10159000FBE700BF0000014072B6FEE708B5114846
:1015A000114B0360114B4360002383600122C26032
:1015B000036143618361C361036202F0ABF950B917
:1015C0000146084802F092FB38B90146054802F08E
:1015D000BAFB20B908BDFFF7DFFFFFF7DDFFFFF71C
:1015E000DBFF00BFE847002000540040380F300008
:1015F00008B51348134B03604FF480034360002386
:1016000083600722C260036143614FF080628261A0
:101610004FF04052C261036243628362C36243631C
:101620008363C363036443648364C3640365436582
:10163000836505F041FF00B908BDFFF7ADFF00BFAE
:10164000E44600200030014008B51548154B036002
:101650004FF41653436000238360C36003610C2280
:1016600042618361C36103624362836207F068F988
:1016700070B901460A4807F0E3F958B9014608482D
:1016800007F003FA40B9064807F0BBF930B908BDC6
:10169000FFF782FFFFF780FFFFF77EFFFFF77CFF7A
:1016A0006C450020004C004008B51548154B036000
:1016B0004FF4E133436000238360C36003610C2275
:1016C00042618361C36103624362836207F038F958
:1016D00070B901460A4807F0B3F958B901460848FD
:1016E00007F0D3F940B9064807F08BF930B908BDC7
:1016F000FFF752FFFFF750FFFFF74EFFFFF74CFFDA
:10170000444400200078004008B51548154B03609C
:101710004FF41653436000238360C36003610C22BF
:1017200042618361C36103624362836207F008F927
:1017300070B901460A4807F083F958B901460848CC
:1017400007F0A3F940B9064807F05BF930B908BDC6
:10175000FFF722FFFFF720FFFFF71EFFFFF71CFF39
:10176000D84400200050004000B585B0002301930C
:10177000029303930D480E4A02601F224260836069
:101780004CF24F33C3608023836106F02DF940B9DA
:101790000190039001A9054806F0FEF918B905B0BB
:1017A00000BDFFF7F9FEFFF7F7FE00BF004600207F
:1017B0000010004000B589B0002304930593069300
:1017C00007930193029303931248134A02603F2246
:1017D0004260836049F63F42C260036180238361B7
:1017E00006F002F980B94FF48053049304A9094824
:1017F00006F036F950B90190039001A9054806F0AA
:10180000CBF928B909B000BDFFF7C6FEFFF7C4FE4B
:10181000FFF7C2FE4C4600200004004000B589B02E
:101820000023049305930693079301930293039374
:1018300012484FF08042026043608360104AC260E9
:1018400003618023836106F0CFF880B94FF48053A1
:10185000049304A9094806F003F950B901900390D4
:1018600001A9064806F098F928B909B000BDFFF7AC
:1018700093FEFFF791FEFFF78FFE00BF9846002012
:10188000528D200000B59DB04C22002109A808F01F
:10189000FEFD2022002101A808F0F9FD022002F03F
:1018A000B5FC00230093254BDA6A22F00102DA62CC
:1018B000DB6A03F001030093214A936923F4404358
:1018C00043F480439361936903F440430093009B86
:1018D0001B4B9B6913F4005FFAD0032309934FF469
:1018E00080330A9301230C9340230D930223129318
:1018F0001393042214922622159216931793189389
:10190000082219921A9300231B9309A802F0A8FC3D
:1019100080B93F23019302900390049005904022E8
:10192000069207900890012101A803F0EDF818B97C
:101930001DB000BDFFF730FEFFF72EFE000400587B
:101940000048025808B5FFF749FD01F039F9FFF7E3
:1019500099FFFFF76DFDFFF721FEFFF72FFDFFF762
:1019600047FEFFF771FEFFF79FFEFFF7CDFEFFF783
:101970006DFBFFF7F9FEFFF71DFFFFF74FFF00F0CC
:10198000FFFF01F005F8FFF703F9064A00210648BA
:10199000FFF77CF9054B1860054801F0E5F8FFF703
:1019A0001BF9FEE73CAF0008751500084044002015
:1019B0004C00002082B0002301930D4B1B68B3F153
:1019C000FF3F08D04FF0500383F31188BFF36F8FB0
:1019D000BFF34F8FFEE74FF0500383F31188BFF33F
:1019E0006F8FBFF34F8F019B002BFCD002B070476D
:1019F0001400002008480068006880F308884FF051
:101A0000000080F3148862B661B6BFF34F8FBFF356
:101A10006F8F00DF00BF000008ED00E0DFF80C0072
:101A2000016841F4700101607047000088ED00E03A
:101A30004FF0807340F8043C21F0010140F8081C8D
:101A4000054B40F80C3C40F8202C6FF0020340F8A6
:101A5000243C4438704700BFB5190008000000005E
:101A6000074B19680868B0E8F04F80F30988BFF3A6
:101A70006F8F4FF0000080F311887047AFF3008044
:101A8000F84D00204FF0500383F31188BFF36F8FA0
:101A9000BFF34F8F0B4A136801331360012B00D043
:101AA00070474FF0E023D3F8043D13F0FF0FF7D059
:101AB0004FF0500383F31188BFF36F8FBFF34F8F45
:101AC000FEE700BF14000020094B1B6843B94FF02C
:101AD000500383F31188BFF36F8FBFF34F8FFEE77F
:101AE000013B034A13600BB983F31188704700BFB1
:101AF00014000020000000000000000000000000B2
:101B0000EFF30980BFF36F8F154B1A681EF0100FAB
:101B100008BF20ED108A20E9F04F106009B44FF0A3
:101B2000500080F31188BFF34F8FBFF36F8F08F021
:101B300005F84FF0000080F3118809BC19680868A7
:101B4000B0E8F04F1EF0100F08BFB0EC108A80F321
:101B50000988BFF36F8F7047AFF30080AFF3008049
:101B6000F84D002008B54FF0500383F31188BFF300
:101B70006F8FBFF34F8F07F059FE28B14FF0E0236E
:101B80004FF08052C3F8042D002383F3118808BD61
:101B90004FF0E022002313619361054B1B68054958
:101BA000A1FB03139B09013B53610723136170479A
:101BB000A0000020D34D62104FF0E023D3F8002D99
:101BC0003E4B9A421CD04FF0E023D3F8002D3C4B03
:101BD0009A421ED010B582B03A4B1A78D2B2019216
:101BE000FF221A701B78DBB28DF803309DF80330AA
:101BF00003F05003344A1370344B07221A601BE081
:101C00004FF0500383F31188BFF36F8FBFF34F8FF3
:101C1000FEE74FF0500383F31188BFF36F8FBFF3DC
:101C20004F8FFEE7294A1368013B13609DF803308C
:101C30005B00DBB28DF803309DF8033013F0800FAA
:101C4000F0D1224B1B68032B08D04FF0500383F3D5
:101C50001188BFF36F8FBFF34F8FFEE71B021B4A44
:101C6000136003F4E0631360019BDBB2154A137049
:101C70004FF0E022D2F8203D43F47003C2F8203D3B
:101C8000D2F8203D43F070431446C2F8203DFFF7E0
:101C90007FFF0F4B00221A60FFF7C0FED4F8343FDD
:101CA00043F04043C4F8343FFFF7A4FE07F046FF7B
:101CB000FFF780FE002002B010BD00BF71C20F41CF
:101CC00070C20F4100E400E0404800203C48002082
:101CD00014000020EFF305830F2B0ED9114A9A5CF4
:101CE000114B1B789A4208D24FF0500383F31188AE
:101CF000BFF36F8FBFF34F8FFEE74FF0E023D3F8B2
:101D00000C3D03F4E063094A1268934208D94FF08E
:101D1000500383F31188BFF36F8FBFF34F8FFEE73C
:101D2000704700BFF0E300E0404800203C4800203E
:101D30000346406A18B11B6B1868C0F13800704741
:101D400010B50446FFF79EFEA26BE36B9A4204D0E7
:101D50000024FFF7B9FE204610BD0124F9E710B5B5
:101D60000446FFF78FFEA36B2BB901231C46FFF738
:101D7000ABFE204610BD00231C46F8E770B50446B4
:101D80001646856B026C5AB903681BB100200135F9
:101D9000A56370BD806808F06DF80023A360F6E7C6
:101DA0006EB9406808F0A6FB6368226C1344636058
:101DB000A268934219D3236863603046E7E7C0689E
:101DC00008F098FBE368226C51429B1AE36022689A
:101DD000934202D2A3680B44E360022E01D000209C
:101DE000D5E725B1013D0020D1E73046CFE72846B1
:101DF000CDE70346026C6AB110B50846D9681144B4
:101E0000D9609C68A14201D31968D960D96808F0EB
:101E100071FB10BD704738B50546FFF733FE95F8E6
:101E2000454064B201E0013C64B2002C0ADD6B6AFB
:101E300043B105F1240007F01DFF0028F3D007F09F
:101E4000B1FFF0E7FF2385F84530FFF73DFEFFF7D0
:101E500019FE95F8444064B201E0013C64B2002CE4
:101E60000ADD2B6943B105F1100007F003FF0028DC
:101E7000F3D007F097FFF0E7FF2385F84430FFF732
:101E800023FE38BD38B5E0B10D460446FFF7FAFD34
:101E90002368E26B216C01FB0230A0600020A0638C
:101EA0006360013A02FB0133E360FF2384F84430AE
:101EB00084F84530FDB9236963B9FFF705FE0120B9
:101EC00038BD4FF0500383F31188BFF36F8FBFF31A
:101ED0004F8FFEE704F1100007F0CCFE0028ECD095
:101EE0004FF0E0234FF08052C3F8042DBFF34F8F23
:101EF000BFF36F8FE1E704F11000FFF717FA04F169
:101F00002400FFF713FAD8E738B51D46049C0B46AA
:101F100049B92460E063236401212046FFF7B2FF42
:101F200084F84C5038BD2260F4E740B94FF05003BC
:101F300083F31188BFF36F8FBFF34F8FFEE710B5A8
:101F400084B01C46844683B10B1E18BF0123002AAF
:101F500008BF43F001038BB94FF0500383F311889E
:101F6000BFF36F8FBFF34F8FFEE74FF0500383F344
:101F70001188BFF36F8FBFF34F8FFEE7B1FA81F384
:101F80005B09002A18BF43F0010343B94FF0500327
:101F900083F31188BFF36F8FBFF34F8FFEE750239A
:101FA0000393039B502B08D04FF0500383F3118809
:101FB000BFF36F8FBFF34F8FFEE7039B012384F8BE
:101FC000463000949DF818306046FFF79DFF20468C
:101FD00004B010BD40B94FF0500383F31188BFF334
:101FE0006F8FBFF34F8FFEE7F0B583B01646044600
:101FF0000D4601FB00F05030FFF7D6F802460746C9
:1020000048B1002380F846300090334650322946CC
:102010002046FFF779FF384603B0F0BDF0B585B034
:10202000019288B10F461D460446B1B1022D20D160
:10203000E36B012B1DD04FF0500383F31188BFF3E6
:102040006F8FBFF34F8FFEE74FF0500383F311887C
:10205000BFF36F8FBFF34F8FFEE7036C002BE5D00C
:102060004FF0500383F31188BFF36F8FBFF34F8F8F
:10207000FEE707F0A3FE064658B9019B002B48D0A7
:102080004FF0500383F31188BFF36F8FBFF34F8F6F
:10209000FEE700263DE02A4639462046FFF76EFE61
:1020A000636A7BB948B14FF0E0234FF08052C3F828
:1020B000042DBFF34F8FBFF36F8FFFF705FD012096
:1020C00005B0F0BD04F1240007F0D4FD0028F4D0E1
:1020D0004FF0E0234FF08052C3F8042DBFF34F8F31
:1020E000BFF36F8FE9E7FFF7EFFC0020E8E702A8F6
:1020F00007F008FE012619E0002384F8443021E0AF
:10210000002384F8453023E02046FFF784FE07F0E3
:102110001FFCFFF7B7FCA26BE36B9A42BBD3022D07
:10212000B9D0019B002BDED0002EE0D0FFF7CCFC15
:1021300007F066FBFFF7A6FC94F8442052B2B2F118
:10214000FF3FD9D094F8452052B2B2F1FF3FD7D02B
:10215000FFF7BAFC01A902A807F0E0FDD8B92046B4
:10216000FFF7EEFD0028CFD0019904F1100007F031
:102170004BFD2046FFF74FFE07F0EAFB0028C8D1D1
:102180004FF0E0234FF08052C3F8042DBFF34F8F80
:10219000BFF36F8FBDE72046FFF73DFE07F0D8FB8A
:1021A00000208DE748B108B5002181600160C16061
:1021B0000B460A46FFF732FF08BD704710B50246CE
:1021C00000210120FFF706FF0446FFF7EBFF204642
:1021D00010BD10B582B00B460090002211460120C0
:1021E000FFF7A3FE0446FFF7DDFF204602B010BD57
:1021F00038B540B1054683681C4607F0D9FD8442D6
:102200000AD0002038BD4FF0500383F31188BFF38C
:102210006F8FBFF34F8FFEE7EB68013BEB600BB1B5
:102220000120EFE71A4619462846FFF7F7FE01207E
:10223000E8E72DE9F84390B10F4690461E46044664
:10224000B1B1022E20D1E36B012B1DD04FF0500312
:1022500083F31188BFF36F8FBFF34F8FFEE74FF00B
:10226000500383F31188BFF36F8FBFF34F8FFEE7E7
:10227000036C002BE5D04FF0500383F31188BFF3BC
:102280006F8FBFF34F8FFEE7FFF724FDEFF311834E
:102290004FF0500282F31188BFF36F8FBFF34F8F5F
:1022A0009946A26BE36B9A4206D3022E04D000201B
:1022B00089F31188BDE8F88394F845305DB2A36BCB
:1022C000324639462046FFF759FDB5F1FF3F06D0AB
:1022D0002B4601335BB284F845300120E8E7636A9E
:1022E0000BB90120E4E704F1240007F0C3FC28B196
:1022F00043462BB10120C8F80000D9E70120D7E7F9
:102300000120D5E7F0B585B0019290B10F460446A3
:10231000C1B107F053FD064600BB019B002B5ED008
:102320004FF0500383F31188BFF36F8FBFF34F8FCC
:10233000FEE74FF0500383F31188BFF36F8FBFF3B5
:102340004F8FFEE7036C002BE3D04FF0500383F375
:102350001188BFF36F8FBFF34F8FFEE700263EE07B
:1023600039462046FFF745FD013DA563236923B9A2
:10237000FFF7AAFB012005B0F0BD04F1100007F043
:1023800079FC0028F4D04FF0E0234FF08052C3F8DE
:10239000042DBFF34F8FBFF36F8FE9E7FFF794FB77
:1023A0002846E8E702A807F0ADFC012621E000235B
:1023B00084F8443029E0002384F845302BE020469F
:1023C000FFF729FD07F0C4FA09E02046FFF723FDD7
:1023D00007F0BEFA2046FFF7C2FC00283FD1FFF706
:1023E00051FBA56B002DBBD1019B002BD6D0002E3D
:1023F000D8D0FFF769FB07F003FAFFF743FB94F827
:1024000044305BB2B3F1FF3FD1D094F845305BB2BA
:10241000B3F1FF3FCFD0FFF757FB01A902A807F0A8
:102420007DFC0028D1D12046FFF799FC0028C6D0BA
:10243000019904F1240007F0E7FB2046FFF7EBFCCD
:1024400007F086FA0028CAD14FF0E0234FF08052FF
:10245000C3F8042DBFF34F8FBFF36F8FBFE700208A
:1024600089E770B584B0019158B10446036C8BB113
:102470004FF0500383F31188BFF36F8FBFF34F8F7B
:10248000FEE74FF0500383F31188BFF36F8FBFF364
:102490004F8FFEE707F092FC054650B9019B63B1F0
:1024A0004FF0500383F31188BFF36F8FBFF34F8F4B
:1024B000FEE700231E461D4656E0064654E0013B5B
:1024C000A363236843B1236953B9FFF7FDFA0123DE
:1024D0001E46304604B070BD07F066FDA060F2E70E
:1024E00004F1100007F0C6FB0028EED04FF0E02307
:1024F0004FF08052C3F8042DBFF34F8FBFF36F8F9F
:10250000E3E746B14FF0500383F31188BFF36F8FB9
:10251000BFF34F8FFEE7FFF7D7FADAE702A807F01D
:10252000F1FB01252AE0002384F8443032E0002347
:1025300084F8453034E0FFF7A5FAA06807F04EFCB8
:102540000646FFF7C1FA3BE02046FFF764FC07F0C0
:10255000FFF909E02046FFF75EFC07F0F9F9204695
:10256000FFF7FDFB002842D1FFF78CFAA36B002B8D
:10257000A5D1019B002BC4D0002DCFD0FFF7A4FA2A
:1025800007F03EF9FFF77EFA94F844305BB2B3F1FE
:10259000FF3FC8D094F845305BB2B3F1FF3FC6D0DF
:1025A000FFF792FA01A902A807F0B8FB0028D1D1E1
:1025B0002046FFF7D4FB0028C6D02368002BBAD0F2
:1025C000019904F1240007F01FFB2046FFF723FCCC
:1025D00007F0BEF90028C7D14FF0E0234FF080523A
:1025E000C3F8042DBFF34F8FBFF36F8FBCE716B94D
:1025F00000231E466DE7FFF745FA2046FFF798FBDC
:102600000146A06807F07EFCFFF75EFAF0E788B1AC
:1026100070B50E46044683681D4607F0C9FB854227
:1026200011D031462046FFF71CFF80B1E36801332B
:10263000E3600CE04FF0500383F31188BFF36F8F1A
:10264000BFF34F8FFEE7E3680133E360012070BD05
:102650002DE9F843C0B10E4690460446E9B1FFF7B4
:1026600039FBEFF311834FF0500282F31188BFF36F
:102670006F8FBFF34F8F1F46A36B9946CBB9184698
:1026800087F31188BDE8F8834FF0500383F3118876
:10269000BFF36F8FBFF34F8FFEE7036C002BDED0CD
:1026A0004FF0500383F31188BFF36F8FBFF34F8F49
:1026B000FEE794F844305DB231462046FFF799FBBF
:1026C00009F1FF33A363B5F1FF3F06D02B46013379
:1026D0005BB284F844300120D2E723690BB90120B2
:1026E000CEE704F1100007F0C5FA28B143462BB13C
:1026F0000120C8F80000C3E70120C1E70120BFE7BF
:102700000023072B0CD8074A52F833200AB10133B3
:10271000F7E7044A42F8331002EBC30250607047F7
:10272000704700BF4448002070B504460D46164669
:10273000FFF7A8F994F844305BB2B3F1FF3F0DD036
:1027400094F845305BB2B3F1FF3F0BD0FFF7BCF913
:10275000A36B5BB12046FFF75EFB70BD002384F8DE
:102760004430EDE7002384F84530EFE73246294650
:1027700004F1240007F060FAECE7000008B5074B0D
:1027800001221A70FEF7CAF920B9044A137803F03F
:10279000FE031370014B187808BD00BF180000201D
:1027A00010B50446154B01221A70FEF703FA0228F1
:1027B00002D0124B187810BDFEF7D0F980B10F4B44
:1027C0001B78012BF5D00E4B1B687BB10C4B1B68A3
:1027D000002BEED1094A137843F001031370E8E7A8
:1027E0002046FFF7CBFF054B1870E8E71A46022199
:1027F0000A20FEF785FB024B1860E7E7180000206F
:102800008448002008B5FFF7B9FF08BD38B5054674
:10281000FEF732FA0446FEF72FFA001BA84204D254
:10282000FEF77CF90028F6D101E04FF0FF3038BD0B
:1028300070B582B00E4615461C4647F23050FFF781
:10284000E5FF002828DB224629463046FEF74EF9F0
:1028500008B1012021E047F2305302460DF1060194
:1028600010480068FEF79CFBC8B9BDF80630012B84
:1028700001D0012011E0FEF7FFF90446FEF7FCF954
:10288000001B47F22F53984204D8FEF747F900285F
:10289000F4D102E0012000E0012002B070BD01206F
:1028A000FBE700BF8448002070B582B00E46154695
:1028B0001C4647F23050FFF7A9FF002828DB2246CC
:1028C00029463046FEF71EF908B1012021E047F203
:1028D000305302460DF1060110480068FEF760FB18
:1028E000C8B9BDF80630022B01D0012011E0FEF777
:1028F000C3F90446FEF7C0F9001B47F22F53984274
:1029000004D8FEF70BF90028F4D102E0012000E022
:10291000012002B070BD0120FBE700BF8448002009
:1029200030B58BB0154B187810F001041FD1154647
:10293000022916D00AD8F1B1012905D101A8FEF764
:10294000F7F8079B2B6013E0042411E0032906D15C
:1029500001A8FEF7EDF8089B5B0A2B6008E0042451
:1029600006E001A8FEF7E4F8089B2B8000E00324B2
:1029700020460BB030BD0C46FAE700BF180000201F
:1029800008B5024B1B681B68984708BD1C00002057
:1029900008B50020FEF712FA014B986008BD00BF91
:1029A00088480020B0F84400084100F0010070475A
:1029B00010B50446002020606060E0602074FEF7DF
:1029C000FDF9A06010BD70B50546002400E001349B
:1029D0002B6CA3420DD955F82460E1B22846FFF7CD
:1029E000E1FF0028F3D03368002BF0D03046984741
:1029F000EDE770BDF8B507460D46002400E0013450
:102A00002B6CA34210D955F82460337CBB42F6D11D
:102A1000E1B22846FFF7C6FF0028F0D07368002B0C
:102A2000EDD030469847EAE7F8BD70B5054600247A
:102A300000E001342B6CA3420DD955F82460E1B2BB
:102A40002846FFF7AFFF0028F3D0B368002BF0D083
:102A500030469847EDE770BD38B505460C46FEF7A1
:102A6000D9F86C60FEF7EBF838BD70B504464FF04E
:102A7000FF318068FEF7EFF966689EB1002363605E
:102A800001232374A068FEF715FA4FF0FF31A06808
:102A9000FEF7E1F9E568A068FEF70CFA35B1FEF73C
:102AA00056F9F2E7A068FEF705FA11E0206808B1D0
:102AB000FFF7BBFF26603046FFF785FF4FF0FF3181
:102AC000A068FEF7C8F900232374A068FEF7F2F9A6
:102AD00070BD70B506460C464FF0FF31A068FEF79A
:102AE000BAF9237C2BB9256825B1E3680133E3608B
:102AF00000E00025A068FEF7DDF975B129463046F3
:102B0000FFF778FF4FF0FF31A068FEF7A4F9E36804
:102B1000013BE360A068FEF7CDF970BD70B50446D7
:102B200083684FF47A7202FB03F5074BA3FB05356C
:102B3000AD09FEF7A1F8064621682079FFF7C9FF25
:102B4000A819FEF723F9F7E7D34D621038B505460B
:102B5000FEF792F804462846FFF787FF04F10A00C3
:102B6000FEF714F9F7E7000038B505460E4C20468D
:102B7000FFF71EFF29462046FFF76EFF0022214681
:102B80000A48FEF783F80A4C00220A492046FEF75D
:102B90007DF8002208492046FEF778F80022074910
:102BA0002046FEF773F838BD984800204D2B0008EA
:102BB0001D2B0008400000203400002028000020C9
:102BC00010B5032000F09CF801F0A4FE10498B69B9
:102BD000C3F303230F4AD35C03F01F03D8408B6970
:102BE00003F00F03D35C03F01F0320FA03F30A4A38
:102BF00013600A4B18600F2005F024F818B1012368
:102C00001C46204610BD044601F0C8F8F9E700BF95
:102C1000004402589CAF00089C000020A000002047
:102C2000034B1B78034A11680B441360704700BFC5
:102C300094000020AC480020014B1868704700BF8A
:102C4000AC48002038B50446FFF7F6FF0546B4F15E
:102C5000FF3F02D0044B1B781C44FFF7EDFF401BE5
:102C6000A042FAD338BD00BF94000020014B186881
:102C7000000C70470010005C002807DB00F01F020A
:102C8000400901239340024A42F82030704700BFB8
:102C900000E100E0002804DB0901C9B2044B19542B
:102CA000704700F00F000901C9B2024B1954704778
:102CB00000E400E014ED00E000B500F00700A0F132
:102CC000030CBCF1040F07D8C0F1070E043006282E
:102CD00006D84FF0000C03E04FF0040E4FF0000C4C
:102CE0004FF0FF3303FA0EF021EA000101FA0CF174
:102CF00003FA0CF322EA030241EA020000BD0000DD
:102D00000649CB6823F4E0631B041B0C000200F4AB
:102D1000E0600343024A1A43CA60704700ED00E0D6
:102D20000000FA0510B50446054BD868C0F3022030
:102D3000FFF7C2FF01462046FFF7ACFF10BD00BF02
:102D400000ED00E008B5FFF797FF08BDBFF35F8F08
:102D5000044B5A6A22F480325A620022C3F894204B
:102D6000704700BF00ED00E040F00100054BC3F8E4
:102D700094005A6A42F480325A62BFF34F8FBFF315
:102D80006F8F704700ED00E04378144AC2F8983026
:102D9000D2F8A03023F00103C2F8A0304368C2F893
:102DA0009C30017BC37A1B0643EA0173817A43EAB4
:102DB000C143417B43EA8143817B43EA4143C17B79
:102DC00043EA0143417A43EA0123017A43EA41039A
:102DD00001780B43C2F8A030704700BF00ED00E05F
:102DE00070B50446FFF728FF002C00F08F810546E0
:102DF00094F83530022B06D080236365002384F8D5
:102E00003430012070BD23688B498C4A934218BF2F
:102E10008B4230D0183293422DD0183293422AD0B0
:102E20001832934227D01832934224D0183293425A
:102E300021D0183293421ED002F5567293421AD016
:102E40001832934217D01832934214D0183293425A
:102E500011D0183293420ED0183293420BD0183250
:102E6000934208D01832934205D01A6822F00E021D
:102E70001A60266809E01A6822F01E021A602268A9
:102E8000536923F080035361266823686A496B4ABB
:102E9000934218BF8B4242D0183293423FD018322F
:102EA00093423CD01832934239D01832934236D0F4
:102EB0001832934233D01832934230D002F5567212
:102EC00093422CD01832934229D01832934226D004
:102ED0001832934223D01832934220D018329342B2
:102EE0001DD0183293421AD01832934217D0544A48
:102EF000934214D01432934211D0143293420ED024
:102F0000143293420BD01432934208D014329342BD
:102F100005D01432934202D01432934204D1226E6F
:102F2000136823F48073136023684349434A934230
:102F300018BF8B422FD0183293422CD018329342B4
:102F400029D01832934226D01832934223D0183217
:102F5000934220D0183293421DD002F5567293420C
:102F600019D01832934216D01832934213D0183227
:102F7000934210D0183293420DD0183293420AD0A7
:102F80001832934207D01832934204D01A6822F0C4
:102F900001021A6003E01A6822F001021A60336825
:102FA00013F0010F0ED0FFF747FE431B052BF6D998
:102FB00020236365032384F83530002384F83430FC
:102FC00001201FE723681C491C4A934218BF8B420B
:102FD00038D01832934235D01832934232D018325A
:102FE00093422FD0183293422CD01832934229D0DA
:102FF0001832934226D002F55672934222D01832EC
:1030000093421FD0183293421CD01832934219D0E9
:103010001832934216D01832934213D0183293428A
:1030200010D0183293420DD0A16DE36D03F01F0252
:10303000012393404B600CE0100002402800024046
:1030400008540258A16DE36D03F01F023F23934023
:103050008B6023682E492F4A934218BF8B4242D07F
:10306000183293423FD0183293423CD018329342E8
:1030700039D01832934236D01832934233D01832B6
:10308000934230D002F5567293422CD018329342BC
:1030900029D01832934226D01832934223D01832C6
:1030A000934220D0183293421DD0183293421AD046
:1030B0001832934217D0184A934214D014329342D4
:1030C00011D0143293420ED0143293420BD01432EA
:1030D000934208D01432934205D01432934202D066
:1030E000143293420BD1636EA26E5A60E36E33B119
:1030F0001A6822F480721A60236F626F5A6001238B
:1031000084F83530002084F834007BE6012079E62D
:10311000100002402800024008540258002800F025
:10312000278108B5024690F83530022B03D0802362
:103130004365012008BD03688F4890498B4218BF42
:1031400083420CBF0120002065D018318B4262D031
:1031500018318B425FD018318B425CD018318B42D2
:1031600059D018318B4256D018318B4253D001F5CB
:1031700056718B424FD018318B424CD018318B4254
:1031800049D018318B4246D018318B4243D0183188
:103190008B4240D018318B423DD018318B423AD00F
:1031A000196821F00E0119601368734873498B4246
:1031B00018BF83426AD072498B4267D018318B4264
:1031C00064D018318B4261D018318B425ED01831F7
:1031D0008B425BD018318B4258D001F556718B422F
:1031E00054D018318B4251D018318B424ED0183107
:1031F0008B424BD018318B4248D018318B4245D08E
:1032000018318B4242D018318B423FD0196821F0DF
:10321000010119603EE0042182F8351080BB584A54
:1032200093422DD0183293422AD01832934227D09D
:103230001832934224D01832934221D0183293424C
:103240001ED002F5567293421AD01832934217D00C
:103250001832934214D01832934211D0183293424C
:103260000ED0183293420BD01832934208D0183245
:10327000934205D01A6822F001021A60002059E733
:103280001A6822F001021A60002053E7196821F041
:10329000010119601368384838498B4218BF8342CE
:1032A00042D018318B423FD018318B423CD018317C
:1032B0008B4239D018318B4236D018318B4233D003
:1032C00018318B4230D001F556718B422CD0183119
:1032D0008B4229D018318B4226D018318B4223D013
:1032E00018318B4220D018318B421DD018318B42BF
:1032F0001AD018318B4217D022498B4214D0143186
:103300008B4211D014318B420ED014318B420BD032
:1033100014318B4208D014318B4205D014318B42CA
:1033200002D014318B4217D1116E0B6823F48073D5
:103330000B60906DD36D03F01F0101238B40436040
:10334000536E916E5960D36E33B1196821F4807158
:103350001960136F516F5960012382F835300023D3
:1033600082F83430136D2BB1104698470020E1E607
:10337000012070471846DDE6100002402800024098
:10338000400002400854025870B582B086460023BF
:103390006CE0DEF808405D000320A84024EA000449
:1033A000C868A8402043CEF80800DEF8044024EAAC
:1033B0000C044868C0F3001098402043CEF8040085
:1033C00066E0DC0808345EF8240003F00705AD0071
:1033D0004FF00F0C0CFA05FC20EA0C0C0869A84011
:1033E00040EA0C004EF8240068E0092000E00020CC
:1033F00000FA0CF028430234674D45F824004FF0E2
:10340000B0400468D04324EA02054E6816F4801FD9
:1034100001D042EA04054FF0B0442560646800EA38
:1034200004054E6816F4001F01D042EA04054FF06F
:10343000B0446560D4F8844000EA04054E6816F490
:10344000003F01D042EA04054FF0B044C4F8845074
:10345000D4F8804020404D6815F4803F01D042EA06
:1034600004004FF0B042C2F8800001330A6832FA1B
:1034700003F000F08E804FF0010C0CFA03FC1CEA04
:103480000202F2D0486800F003000138012880D918
:10349000486800F0030003280BD0DEF80C405D0004
:1034A0000320A84024EA00048868A8402043CEF8FE
:1034B0000C00486800F00300022882D0DEF800000B
:1034C0005C004FF0030C0CFA04FC20EA0C0C48687A
:1034D00000F00300A04040EA0C00CEF8000048686D
:1034E00010F4403FC1D02D48D0F8F44044F002041D
:1034F000C0F8F440D0F8F40000F002000190019808
:103500009C08A51C244850F8255003F0030C4FEAF2
:103510008C0C0F2000FA0CF025EA000520488645A7
:103520003FF465AF00F58060864522D000F58060ED
:10353000864520D000F5806086451ED000F580606D
:1035400086451CD000F5806086451AD000F5806065
:10355000864518D000F58060864516D000F580605D
:10356000864514D000F5806086453FF43EAF0A20C2
:103570003EE701203CE702203AE7032038E7042039
:1035800036E7052034E7062032E7072030E7082039
:103590002EE702B070BD00BF00040058004402587E
:1035A000000002580369194201D001207047002031
:1035B00070470AB1816170470904816170470368EF
:1035C0009A6912F0020F01D000229A6203689A6988
:1035D00012F0010F03D19A6942F001029A6170471B
:1035E000DDF800C0C1F3090141EA0241194341EA93
:1035F0000C0121F00041026853684FEA5C5C0CF456
:10360000806C4CF07F7C4CF4583C4CF47F7C4CF04C
:10361000030C23EA0C030B43536070472DE9F04180
:10362000044603689E6916F010067ED00D4690464B
:103630001022DA61002637462368986910F0200FBF
:1036400032D18FBBB5F1FF3FF6D0FFF7F5FA434615
:10365000C01AA84201D8002DEED121684A6802F4B0
:10366000804294F84230DBB2886910F4004F04D0F5
:10367000203B18BF012302B973B923689B6913F07B
:10368000200FD9D1FFF7D8FA4346C01A1928F4D928
:1036900046F020060127CFE74B6843F480434B6098
:1036A000FFF7CAFA8046E8E70FB92022DA6146F050
:1036B000040601252268936913F4807F05D046F043
:1036C00001064FF48071D161012513F4806F06D09B
:1036D00046F0080622684FF48061D161012513F499
:1036E000007F24D046F0020623684FF40072DA61AE
:1036F00001252046FFF763FF2268536823F0FF731C
:1037000023F48B3323F4FF7323F001035360636CC2
:1037100033436364202384F84130002384F842302B
:1037200084F840302846BDE8F0810025C2E7002D2E
:10373000F8D0DEE770B504460D46164623689B694F
:1037400013F0020F22D1324629462046FFF766FFCA
:10375000F0B9B5F1FF3FF1D0FFF76EFA801BA84238
:1037600001D8002DEAD123689B6913F0020FE5D13F
:10377000636C43F020036364202384F8413000230A
:1037800084F8423084F84030012000E0002070BD11
:103790000120FCE72DE9F04104460F4616461D4680
:1037A000DDF8188023689B6937EA03030CBF012307
:1037B0000023B34227D1424629462046FFF72EFF79
:1037C00020BBB5F1FF3FEDD0FFF736FAA0EB0800C4
:1037D000A84201D8002DE5D123689B6937EA03038D
:1037E0000CBF01230023B342DCD1636C43F0200300
:1037F0006364202384F84130002384F8423084F845
:103800004030012000E00020BDE8F0810120FBE70E
:1038100070B504460D46164604E023689B6913F014
:10382000200F12D023689B6913F0200F1BD1324662
:1038300029462046FFF7F2FEB8B9FFF7FDF9801BD5
:10384000A842EAD8002DEDD1E7E7636C43F02003EE
:103850006364202384F84130002384F8423084F8E4
:103860004030012000E0002070BD0120FCE7F8B5E9
:1038700004460E461746002517E000236364FFF751
:10388000DBF9C01BB04200D87EB975B923689B69CB
:1038900013F0040F09D1636C43F020036364202309
:1038A00084F8413084F84050012523689B6913F067
:1038B000040F2DD165BB3A4631462046FFF7AEFED8
:1038C00000B1012523689A6912F0200FD7D0002D8E
:1038D000D5D19A699A6912F0100FCED01022DA6110
:1038E0000423636423682022DA6121684B6823F093
:1038F000FF7323F48B3323F4FF7323F001034B6036
:1039000084F8412084F8425084F840500125B6E7FD
:103910002846F8BD00285DD010B5044690F8413027
:10392000002B46D0242384F841302268136823F00A
:10393000010313606368226823F0706313612268D7
:10394000936823F400439360E368012B36D0A368A7
:10395000226843F404439360E368022B34D0226866
:10396000536823F400635360226851681A4B0B4379
:1039700053602268D36823F40043D36023696269EB
:103980001343A169226843EA0123D360E369216AF2
:1039900022680B4313602268136843F0010313602D
:1039A00000206064202384F84130206384F84200C2
:1039B00010BD80F8403000F00BFAB3E7A36822682E
:1039C00043F400439360C7E72268536843F40063FD
:1039D0005360C9E701207047008000022DE9F043E1
:1039E00083B089460A9E90F84110202940F0B480A7
:1039F00004461746984690F84030012B00F0B080FE
:103A00004FF0010380F84030FFF716F905460090AB
:103A1000192301224FF400412046FFF7BBFE002886
:103A200040F0A080212384F84130102384F84230F4
:103A300060646762A4F82A806063638D9BB2FF2B89
:103A40001ED9FF2323854FF08073228DEAB12268AF
:103A500039789162626A01326262628D92B2013A91
:103A600092B26285228D013A92B22285D2B201329F
:103A700040490091D2B249462046FFF7B1FD18E017
:103A8000638D23854FF00073DFE73A490091D2B28E
:103A900049462046FFF7A4FD0BE0628D92B22285D5
:103AA000002300934FF00073D2B249462046FFF73F
:103AB00097FD638D9BB2002B32D02A4631462046BB
:103AC000FFF738FE00284FD1626A236812789A62A5
:103AD000636A01336362638D9BB2013B9BB2638572
:103AE000238D013B9BB22385628D92B2002AE0D0E8
:103AF000002BDED100953346024680212046FFF799
:103B000049FE98BB638D9BB2FF2BC6D9FF2222854D
:103B100000904FF0807349462046FFF761FDC8E7EB
:103B20002A4631462046FFF773FE08BB2368202251
:103B3000DA6121684B6823F0FF7323F48B3323F49D
:103B4000FF7323F001034B6084F84120002384F8C5
:103B5000423084F8403000E0022003B0BDE8F0833A
:103B60000220FAE70120F8E70120F6E70120F4E758
:103B70000120F2E7002000802DE9F04383B00F46DA
:103B80000A9E90F84110202940F0A08004469146FA
:103B9000984690F84030012B00F09C804FF00103D4
:103BA00080F84030FFF748F80546009019230122BD
:103BB0004FF400412046FFF7EDFD002840F08C80D7
:103BC000222384F84130102384F842306064C4F822
:103BD0002490A4F82A806063638D9BB2FF2B0AD9DE
:103BE000FF222285404B00934FF0807339462046D8
:103BF000FFF7F6FC18E0628D92B222853A4B0093F3
:103C00004FF00073D2B239462046FFF7E9FC0BE0D3
:103C1000628D92B22285002300934FF00073D2B2DE
:103C200039462046FFF7DCFC638D9BB2002B31D078
:103C30002A4631462046FFF71AFE00284ED1236857
:103C40005A6A636A1A70636A01336362228D013AA9
:103C500092B22285638D9BB2013B9BB26385638DDB
:103C60009BB2002BE0D0002ADED1009533468021A4
:103C70002046FFF78FFD98BB638D9BB2FF2BC7D902
:103C8000FF22228500904FF0807339462046FFF7CF
:103C9000A7FCC9E72A4631462046FFF7B9FD08BB15
:103CA00023682022DA6121684B6823F0FF7323F434
:103CB0008B3323F4FF7323F001034B6084F841201E
:103CC000002384F8423084F8403000E0022003B042
:103CD000BDE8F0830220FAE70120F8E70120F6E7CB
:103CE0000120F4E70120F2E700240080034690F869
:103CF0004120202A23D190F84020012A21D00122FE
:103D000080F84020242280F841200068026822F0D8
:103D1000010202601868026822F48052026018688A
:103D200002680A43026019680A6842F001020A60E8
:103D3000202283F84120002083F8400070470220B1
:103D4000704702207047034690F84120202A21D175
:103D500090F84020012A1FD0012280F84020242220
:103D600080F841200068026822F0010202601868B1
:103D7000026822F4706242EA0122026019680A684D
:103D800042F001020A60202283F84120002083F8DB
:103D900040007047022070470220704700B583B092
:103DA0000A4BD3F8F42042F00202C3F8F420D3F80F
:103DB000F43003F002030193019B00220F216FF006
:103DC0000100FEF7AFFF03B000BD00BF0044025882
:103DD00010B5B8B004460021339134913591369135
:103DE0003791C02202A806F052FB22681B4B9A4270
:103DF00001D038B010BD08220023CDE9022302A86B
:103E000001F044F930BB164CD4F8E03043F0020323
:103E1000C4F8E030D4F8E03003F002030093009BD4
:103E2000C023339312233493002335933693042312
:103E3000379333A90B48FFF7A7FAD4F8E83043F4D7
:103E40000013C4F8E830D4F8E83003F40013019309
:103E5000019BCEE7FDF7A0FBD5E700BF0054004073
:103E60000044025800040258F0B5BBB004460021DB
:103E700035913691379138913991C02204A806F0D6
:103E800006FB2268284B9A4201D03BB0F0BD4FF4AC
:103E900080320023CDE9042304A801F0F7F80028BC
:103EA0003ED1224BD3F8D42042F48032C3F8D42040
:103EB000D3F8D42002F480320192019AD3F8E020A2
:103EC00042F00402C3F8E020D3F8E02002F004023C
:103ED0000292029AD3F8E02042F00802C3F8E020F0
:103EE000D3F8E03003F008030393039B4FF48853A7
:103EF00035930224369400253795032638960C27EF
:103F0000399735A90A48FFF73FFA042335933694C9
:103F100037953896399735A90648FFF735FAB4E74B
:103F2000FDF73AFBBDE700BF0070005200440258A5
:103F300000080258000C025810B5B8B00446002121
:103F400033913491359136913791C02202A806F011
:103F50009EFA22681B4B9A4201D038B010BD4FF434
:103F600080520023CDE9022302A801F08FF830BB74
:103F7000154BD3F8F02042F48052C3F8F020D3F868
:103F8000F02002F480520092009AD3F8E02042F030
:103F90000202C3F8E020D3F8E03003F002030193FB
:103FA000019B3823339302233493002335933693B4
:103FB0000523379333A90548FFF7E6F9CDE7FDF769
:103FC000EBFAD5E7003001400044025800040258E3
:103FD00000B585B00368B3F1804F07D0244A9342FF
:103FE0001AD0244A93422DD005B000BD224BD3F8FD
:103FF000E82042F00102C3F8E820D3F8E83003F0EB
:1040000001030193019B002205211C20FEF78AFE7B
:104010001C20FEF797FEE7E7174BD3F8E82042F0A5
:104020000202C3F8E820D3F8E83003F00203029359
:10403000029B002205211D20FEF774FE1D20FEF7C5
:1040400081FED1E70C4BD3F8E82042F01002C3F810
:10405000E820D3F8E83003F010030393039B002219
:1040600005213620FEF75EFE3620FEF76BFEBBE72D
:1040700000040040001000400044025810B5BCB0DD
:10408000044600213791389139913A913B91C022F1
:1040900006A806F0FCF92368554A934207D0554A12
:1040A00093423ED0544A93426ED03CB010BD02229F
:1040B0000023CDE9062306A800F0E8FF70BB4F4BB4
:1040C000D3F8E82042F40022C3F8E820D3F8E8202F
:1040D00002F400220092009AD3F8E02042F001029C
:1040E000C3F8E020D3F8E03003F001030193019B13
:1040F0000323379302233893002339933A930823F9
:104100003B9337A93E48FFF73FF9002205213420B1
:10411000FEF708FE3420FEF715FEC6E7FDF73CFA71
:10412000CDE702220023CDE9062306A800F0AEFF6A
:1041300038BB324BD3F8E82042F48012C3F8E820B1
:10414000D3F8E82002F480120292029AD3F8E02019
:1041500042F00202C3F8E020D3F8E03003F002039B
:104160000393039B4FF44053379302233893002368
:1041700039933A930E233B9337A92248FFF704F96A
:1041800093E7FDF709FAD4E702220023CDE90623DD
:1041900006A800F07BFF38BB184BD3F8E82042F0AC
:1041A0008042C3F8E820D3F8E82002F0804204926D
:1041B000049AD3F8E02042F01002C3F8E020D3F8CC
:1041C000E03003F010030593059B4FF4C073379361
:1041D00002233893002339933A9307233B9337A95B
:1041E0000948FFF7D1F860E7FDF7D6F9D4E700BF3B
:1041F000004C00400050004000780040004402584D
:10420000000002580004025800100258134BDB68EB
:1042100013F0040F07D1114BDB6803F0070383424F
:104220001AD00120704710B50C4AD36823F0070359
:104230000343D360FEF700FD0446084B5B6813F4AC
:10424000005F07D1FEF7F8FC001BB0F57A7FF4D9C8
:10425000012000E0002010BD0020704700480258F7
:10426000002800F03A8338B50446036813F0010FC4
:1042700025D0944A136903F03803926A102B15D0A5
:10428000182B0FD06368B3F5803F3FD0002B53D17C
:104290008C4B1A6822F480321A601A6822F4802249
:1042A0001A6038E002F00302022AEBD1854B1B684A
:1042B00013F4003F03D06368002B00F010832368E1
:1042C00013F0020F00F0A1807E4A1369926A13F086
:1042D00038035AD0182B55D0E368002B00F0DE804D
:1042E00078490A6822F0190213430B60FEF7A4FC18
:1042F0000546744B1B6813F0040F40F0AD80FEF7C9
:104300009BFC401B0228F4D90320EFE26D4A13689E
:1043100043F48033136063682BB3FEF78DFC0546CE
:10432000684B1B6813F4003FC9D1FEF785FC401BA6
:104330006428F5D90320D9E2B3F5A02F09D0614B49
:104340001A6822F480321A601A6822F480221A60F5
:10435000E1E75C4B1A6842F480221A601A6842F462
:1043600080321A60D7E7FEF767FC0546554B1B689D
:1043700013F4003FA3D0FEF75FFC401B6428F5D97F
:104380000320B3E212F0030FA6D14E4B1B6813F0CB
:10439000040F03D0E368002B00F0A382494A13689E
:1043A00023F01903E1680B431360FEF745FC054653
:1043B000444B1B6813F0040F06D1FEF73DFC401B75
:1043C0000228F5D9032091E2FEF750FC41F20303E5
:1043D000984212D82269402A07D03A494B6823F400
:1043E0007C3343EA02334B600FE0364A536823F4D0
:1043F0007C3343F40033536007E0324A536823F0C0
:10440000FE43216943EA01635360236813F0100FF0
:1044100000F088802B4A136903F03803926A082B56
:1044200056D0182B50D0E369002B00F0B880254AF5
:10443000136843F080031360FEF7FEFB0546214B33
:104440001B6813F4807F40F08880FEF7F5FB401B6B
:104450000228F4D9032049E2FEF708FC41F20303E5
:10446000984212D82269402A07D016494B6823F493
:104470007C3343EA02334B60C7E7124A536823F4A4
:104480007C3343F400335360BFE70E4A536823F094
:10449000FE43216943EA01635360B6E7094A1368A2
:1044A00023F001031360FEF7C7FB0546054B1B68AD
:1044B00013F0040FA9D0FEF7BFFB401B0228F5D96B
:1044C000032013E20044025802F00302012AAAD199
:1044D000994B1B6813F4807F03D0E369802B40F075
:1044E0000282FEF7C3FB41F20303984212D8226A0C
:1044F000202A07D090494B6823F0F84343EA8263AF
:104500004B600FE08C4A536823F0F84343F080433C
:10451000536007E0884AD36823F07C53216A43EA5A
:104520000163D360236813F0080F60D06369002B28
:1045300049D0814A536F43F001035367FEF77CFB78
:1045400005467D4B5B6F13F0020F50D1FEF774FBF5
:10455000401B0228F5D90320C8E1FEF787FB41F292
:104560000303984212D8226A202A07D072494B6866
:1045700023F0F84343EA82634B60D3E76E4A536803
:1045800023F0F84343F080435360CBE76A4AD36893
:1045900023F07C53216A43EA0163D360C2E7664A91
:1045A000136823F080031360FEF746FB0546624B59
:1045B0001B6813F4807FB5D0FEF73EFB401B02283A
:1045C000F5D9032092E15C4A536F23F0010353674E
:1045D000FEF732FB0546584B5B6F13F0020F06D017
:1045E000FEF72AFB401B0228F5D903207EE1236851
:1045F00013F0200F29D0A3699BB14F4A136843F4ED
:1046000080531360FEF718FB05464B4B1B6813F4F1
:10461000005F1AD1FEF710FB401B0228F5D90320DA
:1046200064E1454A136823F480531360FEF704FBEA
:104630000546414B1B6813F4005F06D0FEF7FCFAF9
:10464000401B0228F5D9032050E1236813F0040F22
:1046500021D1636A002B00F04881374A126902F0C9
:104660003802182A00F0EF80022B7AD0324A136801
:1046700023F080731360FEF7DFFA04462E4B1B68AD
:1046800013F0007F00F0DD80FEF7D6FA001B022851
:10469000F4D903202AE1294A136843F48073136094
:1046A000FEF7CAFA0546254B1B6813F4807F06D136
:1046B000FEF7C2FA401B6428F5D9032016E1A3686F
:1046C000012B0AD00BBB1C4B1A6F22F001021A6798
:1046D0001A6F22F004021A6704E0174A136F43F0BE
:1046E00001031367A3685BB3FEF7A6FA0546124BF6
:1046F0001B6F13F0020FACD1FEF79EFA401B41F284
:1047000088339842F3D90320F0E0052B09D00A4BF7
:104710001A6F22F001021A671A6F22F004021A6758
:10472000E0E7054B1A6F42F004021A671A6F42F075
:1047300001021A67D6E700BF004402580048025839
:10474000FEF77AFA0546714B1B6F13F0020F80D00B
:10475000FEF772FA401B41F288339842F3D90320E6
:10476000C4E06A4A136823F080731360FEF764FAAA
:104770000546664B1B6813F0007F06D0FEF75CFA17
:10478000401B0228F5D90320B0E0604B996A604ACB
:104790000A40A16AE06A41EA00110A439A62226B68
:1047A000013AC2F30802616B0139490289B20A4336
:1047B000A16B0139090401F4FE010A43E16B0139DF
:1047C000090601F0FE410A431A63DA6A22F0010287
:1047D000DA625A6B6FF3CF02A16C42EAC1025A63EC
:1047E000DA6A22F00C02216C0A43DA62DA6A22F0F9
:1047F0000202616C0A43DA62DA6A42F48032DA62F7
:10480000DA6A42F40032DA62DA6A42F48022DA6268
:10481000DA6A42F00102DA621A6842F080721A60C3
:10482000FEF70AFA0446394B1B6813F0007F06D1E5
:10483000FEF702FA001B0228F5D9032056E00020FB
:1048400054E0002052E0314A916A106B012B4ED0A7
:1048500001F00303A26A93424BD1C1F30511E36A4D
:10486000994248D1C0F30802236B013B9A4244D1DC
:10487000C0F34622636B013B9A4240D1C0F306422B
:10488000A36B013B9A423CD1C0F30660E36B013B52
:10489000984238D11D4B5B6BC3F3CC03A26C9A4298
:1048A00001D1002022E0194AD36A23F00103D36228
:1048B000FEF7C2F90546FEF7BFF9A842FBD0134A3E
:1048C000536B6FF3CF03A16C43EAC1035363D36A05
:1048D00043F00103D362002008E00120704701206B
:1048E00004E0012002E0012000E0184638BD01206C
:1048F000FCE70120FAE70120F8E70120F6E70120B4
:10490000F4E70120F2E70120F0E700BF004402587D
:104910000CFCFFFF744B1B6903F03803102B00F0F5
:10492000DD80182B0FD0002B40F0DA806E4B1B6817
:1049300013F0200F00F0D6806B4B1B68C3F3C1034C
:104940006A48D8407047684B9A6A02F00302D3F86D
:1049500028C0CCF30510D96A01F001015B6BC3F3E9
:10496000CC0301FB03F307EE903AF8EE677A1CF4F0
:104970007C7F00F0B880012A4AD0022A74D0002A35
:1049800040F08F80584B1B6813F0200F23D05649FE
:104990000A68C2F3C102554BD34007EE103AF8EE55
:1049A000476A07EE100AB8EE476A86EE867A0B6B06
:1049B000C3F3080306EE903AF8EE666A9FED4C6A80
:1049C00067EE867A76EEA77AF7EE006A77EEA67A39
:1049D00027EE277A38E007EE100AF8EE476A9FEDD7
:1049E000456A86EE267A404B1B6BC3F3080306EE3E
:1049F000903AF8EE666A9FED3E6A67EE867A76EE4A
:104A0000A77AF7EE006A77EEA67A27EE277A1BE000
:104A100007EE100AF8EE476A9FED376A86EE267AAF
:104A2000314B1B6BC3F3080306EE903AF8EE666A4F
:104A30009FED2F6A67EE867A76EEA77AF7EE006A28
:104A400077EEA67A27EE277A274B1B6BC3F3462314
:104A5000013307EE903AF8EE677AC7EE276AFCEE6C
:104A6000E67A17EE900A704707EE100AF8EE476AEA
:104A70009FED226A86EE267A1B4B1B6BC3F308035D
:104A800006EE903AF8EE666A9FED196A67EE867A4E
:104A900076EEA77AF7EE006A77EEA67A27EE277A07
:104AA000D2E707EE100AF8EE476A9FED136A86EE2A
:104AB000267A0D4B1B6BC3F3080306EE903AF8EE13
:104AC000666A9FED0B6A67EE867A76EEA77AF7EE56
:104AD000006A77EEA67A27EE277AB5E7084870478E
:104AE0000848704701487047004402580090D003BE
:104AF000000000390024744C0024744A0024744BD4
:104B00000024F40000093D00002800F0328170B557
:104B10000D4604469B4B1B6803F00F038B420BD2E0
:104B2000984A136823F00F030B431360136803F0D4
:104B30000F038B4240F01F81236813F0040F0CD049
:104B40002269914B9B6903F070039A4205D98E4903
:104B50008B6923F070031A438A61236813F0080FEE
:104B60000CD06269884BDB6903F070039A4205D967
:104B70008549CB6923F070031A43CA61236813F097
:104B8000100F0CD0A269804BDB6903F4E0639A42FA
:104B900005D97D49CB6923F4E0631A43CA612368D0
:104BA00013F0200F0CD0E269774B1B6A03F07003FF
:104BB0009A4205D974490B6A23F070031A430A62BA
:104BC000236813F0020F0CD0E2686F4B9B6903F06F
:104BD0000F039A4205D96C498B6923F00F031A43DE
:104BE0008A61236813F0010F41D0674A936923F467
:104BF0007063A1680B4393616368022B0AD0032B97
:104C000027D0012B2CD0604A126812F0040F06D175
:104C10000120ADE0126812F4003F00F0AE805A4966
:104C20000A6922F0070213430B61FEF705F80646F6
:104C3000554B1B6903F038036268B3EBC20F16D003
:104C4000FDF7FAFF801B41F288339842F0D9032028
:104C50008EE04D4A126812F0007FE0D1012087E01B
:104C6000494A126812F4807FD9D1012080E023687C
:104C700013F0020F0CD0E268434B9B6903F00F0363
:104C80009A4205D240498B6923F00F031A438A6187
:104C90003C4B1B6803F00F03AB420AD9394A136837
:104CA00023F00F032B431360136803F00F03AB4291
:104CB00065D1236813F0040F0CD02269324B9B6935
:104CC00003F070039A4205D22F498B6923F07003D9
:104CD0001A438A61236813F0080F0CD062692A4BCB
:104CE000DB6903F070039A4205D22749CB6923F0B0
:104CF00070031A43CA61236813F0100F0CD0A26925
:104D0000214BDB6903F4E0639A4205D21E49CB696B
:104D100023F4E0631A43CA61236813F0200F0CD018
:104D2000E269194B1B6A03F070039A4205D21649D7
:104D30000B6A23F070031A430A62FFF7EBFD124976
:104D40008B69C3F30323114AD35C03F01F03D840DC
:104D50008B6903F00F03D35C03F01F0320FA03F306
:104D60000B4A13600B4B18600B4B186802F06AFF7C
:104D700070BD012070470120FAE70120F8E701200B
:104D8000F6E700BF00200052004402589CAF000824
:104D90009C000020A00000209800002008B5FFF72C
:104DA000B9FD0B4A9369C3F303230A49CB5C03F0B3
:104DB0001F0320FA03F3926902F00F02885C00F0EF
:104DC0001F0023FA00F0044A1060044A136008BD73
:104DD000004402589CAF00089C000020A000002066
:104DE00008B5FFF7DBFF054BDB69C3F30213044A89
:104DF000D35C03F01F03D84008BD00BF0044025835
:104E00009CAF000808B5FFF7C9FF054BDB69C3F38A
:104E10000223044AD35C03F01F03D84008BD00BF3F
:104E2000004402589CAF00083F230360114B1A69ED
:104E300002F0070242609A6902F4706282609A6925
:104E400002F00F02C2609A6902F070020261DA6930
:104E500002F070024261DA6902F4E06282611B6A68
:104E600003F07003C361044B1B6803F00F030B6076
:104E7000704700BF0044025800200052404B9B6A1C
:104E800003F00303032B79D070B505460E463C4A68
:104E9000136823F080631360FDF7CEFE0446384BA1
:104EA0001B6813F0006F06D0FDF7C6FE031B022B34
:104EB000F5D9032070BD324B9A6A22F47C322968FE
:104EC00042EA01329A626A68013AC2F30802A968AA
:104ED0000139490289B20A43E9680139090401F438
:104EE000FE010A4329690139090601F0FE410A431E
:104EF0009A63DA6A22F0C00269690A43DA62DA6AFE
:104F000022F02002A9690A43DA62DA6A22F010026A
:104F1000DA62DA6B6FF3CF02E96942EAC102DA635F
:104F2000DA6A42F01002DA62C6B9154AD36A43F46B
:104F30000023D362124A136843F080631360FDF7C5
:104F40007BFE04460E4B1B6813F0006F14D1FDF777
:104F500073FE001B0228F5D90320ABE7012E05D014
:104F6000074AD36A43F40013D362E3E7044AD36ADF
:104F700043F48013D362DDE700209BE701207047F4
:104F800000440258404B9B6A03F00303032B79D083
:104F900070B505460E463C4A136823F080531360F3
:104FA000FDF74AFE0446384B1B6813F0005F06D03D
:104FB000FDF742FE031B022BF5D9032070BD324BD7
:104FC0009A6A22F07C72296842EA01529A626A68FF
:104FD000013AC2F30802A9680139490289B20A43B9
:104FE000E9680139090401F4FE010A43296901391C
:104FF000090601F0FE410A431A64DA6A22F44062AB
:1050000069690A43DA62DA6A22F40072A9690A431A
:10501000DA62DA6A22F48072DA625A6C6FF3CF02D3
:10502000E96942EAC1025A64DA6A42F48072DA62D9
:10503000C6B9154AD36A43F48003D362124A13688F
:1050400043F080531360FDF7F7FD04460E4B1B68D9
:1050500013F0005F14D1FDF7EFFD001B0228F5D916
:105060000320ABE7012E05D0074AD36A43F08073D3
:10507000D362E3E7044AD36A43F40003D362DDE773
:1050800000209BE70120704700440258F8B5044611
:10509000036813F0006F30D0836EB3F5001F26D085
:1050A0000ED8ABB1B3F5801F07D102210830FFF74E
:1050B000E5FE054695B12E4621E0012635461EE067
:1050C000B3F5401F01D1002508E00126354616E062
:1050D0009B4AD36A43F40033D3620025984A136D88
:1050E00023F44013A16E0B431365002607E0022151
:1050F0002830FFF747FF0546DCE7002635462368E2
:1051000013F4807F1BD0A36D022B30D00CD843B397
:10511000012B06D1002104F10800FFF7AFFE054680
:1051200005E0012635460AE0033B012B26D845BBA6
:10513000834A136D23F00703A16D0B4313652368A6
:1051400013F4007F37D0E36D802B49D01ED82BB3EA
:10515000402B18D1002104F10800FFF78FFE05460F
:1051600021E0774AD36A43F40033D362DFE70021BA
:1051700004F12800FFF706FF0546D8E7012635466B
:10518000DDE72E46DBE70126354614E0C02B0AD0CA
:10519000B3F5807F07D0012635460CE0684AD36A14
:1051A00043F40033D36215BB654A136D23F4E073F7
:1051B000E16D0B431365236813F4806F3CD0D4F882
:1051C000A830B3F5800F2FD016D8F3B1B3F5001F78
:1051D0000FD1002104F10800FFF750FE054619E049
:1051E000002104F12800FFF7CDFE0546DBE72E463F
:1051F000E1E7012635461FE0B3F5C00F0AD0B3F54D
:10520000000F07D00126354616E04D4AD36A43F415
:105210000033D3627DB94A4A936D23F46003D4F816
:10522000A8100B43936507E0002104F12800FFF765
:10523000A9FE0546EEE72E46236813F4006F2BD037
:10524000D4F8AC30B3F1007F53D00DD8ABB1B3F18B
:10525000807F06D1002104F10800FFF70FFE05460C
:1052600010E00126354617E0B3F1407F0AD0B3F1D4
:10527000806F07D0012635460EE0314AD36A43F4E9
:105280000033D362002D3BD12D4A936D23F0E063B0
:10529000D4F8AC100B439365236813F0007F13D050
:1052A000E36C202B36D030D833B1102B2AD1244ACE
:1052B000D36A43F40033D3629DBB214AD36C23F0FD
:1052C0003003E16C0B43D364236813F4805F47D051
:1052D000236EB3F5005F00F08E8027D893B3B3F54B
:1052E000805F20D1002104F10800FFF7C7FD0546CB
:1052F0002DE0002104F12800FFF744FE0546C1E738
:105300002E46C9E701263546DEE7302BD4D00126EC
:105310003546D9E7022104F10800FFF7AFFD054645
:10532000CAE72E46D0E70126354619E0B3F5405FBF
:105330000DD0B3F5804F0AD00126354610E000BFEE
:1053400000440258484AD36A43F40033D362002D24
:1053500058D1454A136D23F4E043216E0B43136586
:10536000236813F4005F17D0636EB3F5003F5AD083
:105370004DD843B1B3F5803F46D1012104F1080077
:10538000FFF77CFD0546002D54D1374A136D23F4F9
:10539000E023616E0B431365236813F4804F19D02B
:1053A000D4F8B030B3F1005F55D048D843B1B3F171
:1053B000805F41D1012104F10800FFF75FFD054640
:1053C000002D4FD1284A936D23F0E043D4F8B0105C
:1053D0000B439365236813F4004F56D0236FB3F14A
:1053E000805F43D0B3F1005F00F07A81002B42D0A0
:1053F0000126354649E0002104F12800FFF7C2FDEF
:105400000546A4E72E46ABE701263546C4E7B3F5CB
:10541000802FB8D0B3F5A02FB5D0B3F5403FB2D0B0
:1054200001263546B8E7012104F12800FFF7AAFD5F
:105430000546A8E72E46AFE701263546CAE7B3F191
:10544000804FBDD0B3F1A04FBAD0B3F1405FB7D019
:1054500001263546BEE7012104F12800FFF792FD41
:105460000546ADE72E46B5E700440258AA4AD36A7E
:1054700043F40033D362002D40F03981A64A136D06
:1054800023F04053216F0B431365236813F0807F93
:1054900018D0A36C022B00F0358100F22D813BB1B6
:1054A000012B40F026819C4AD36A43F40033D36237
:1054B000002D40F02E81984AD36C23F00303A16C99
:1054C0000B43D364236813F4800F40F027812368D3
:1054D00013F0010F19D0E36F102B00F0928100F24E
:1054E000848143B1082B40F07D81012104F1080043
:1054F000FFF7C4FC0546002D40F08A81864A536DB3
:1055000023F03803E16F0B435365236813F0020F58
:1055100019D0A36F022B00F0878100F27E8143B186
:10552000012B40F07781012104F10800FFF7A6FC70
:105530000546002D40F07F81774A536D23F0070325
:10554000A16F0B435365236813F0040F1BD0D4F8ED
:105550009430022B00F07B8100F2728143B1012B69
:1055600040F06B81012104F10800FFF787FC05463C
:10557000002D40F07381684A936D23F00703D4F83F
:1055800094100B439365236813F0200F1DD0D4F8BB
:105590009030B3F1005F00F0758100F264814BB18F
:1055A000B3F1805F40F05C81002104F10800FFF757
:1055B00065FC0546002D40F06C81574A536D23F081
:1055C000E043D4F890100B435365236813F0400F69
:1055D0001DD0D4F89C30B3F5006F00F06E8100F25E
:1055E0005D814BB1B3F5806F40F05581002104F12E
:1055F0000800FFF743FC0546002D40F06581464A50
:10560000936D23F4E053D4F89C100B439365236807
:1056100013F0800F1DD0D4F8A030B3F5804F00F008
:10562000678100F256814BB1B3F5005F40F04E81C7
:10563000002104F10800FFF721FC0546002D40F091
:105640005E81354A936D23F46043D4F8A0100B4378
:105650009365236813F0080F0DD0D4F88430B3F5A8
:10566000805F00F04E812C4A536D23F44053D4F8F0
:1056700084100B435365236813F0100F0DD0D4F83A
:105680009830B3F5807F00F04681234A936D23F470
:105690004073D4F898100B439365236813F4002FDC
:1056A00000F04E81D4F8A430B3F5803F00F03D8186
:1056B000B3F5003F08D0002B40F03E81194604F1BD
:1056C0000800FFF7DBFB0546002D40F03881124A49
:1056D000936D23F44033D4F8A4100B4393652FE16A
:1056E000012104F10800FFF7C9FB0546C3E62E4679
:1056F000CBE601263546E5E6032B3FF4D9AE01267D
:105700003546DFE6022104F10800FFF7B7FB054646
:10571000CEE62E46D6E600BF00440258AD4A1368D6
:1057200043F480731360FDF787FA0746A94B1B68A3
:1057300013F4807F05D1FDF77FFAC01B6428F5D9EB
:105740000325002D4AD1A44B1B6FD4F8B42053403D
:1057500013F4407F0CD0A04B1A6F22F44072196FE3
:1057600041F480311967196F21F4803119671A6784
:10577000D4F8B430B3F5807F15D08DBBD4F8B430F5
:1057800003F44072B2F5407F1ED0934A136923F4AC
:105790007C53136190490B6FD4F8B420C2F30B0211
:1057A00013430B6793E6FDF747FA07468A4B1B6FD7
:1057B00013F0020FE1D1FDF73FFAC01B41F288332D
:1057C0009842F3D90325D8E78348026922F47C5232
:1057D000824901EA131313430361DBE72E4676E6A1
:1057E0002E4674E6012635468FE6202B3FF483AE25
:1057F000282B3FF480AE182B3FF47DAE01263546B2
:1058000083E6012104F12800FFF7BCFB054672E6A0
:105810002E467AE60126354695E6033B022B7FF6B7
:1058200088AE012635468EE6012104F12800FFF7F7
:10583000A9FB05467DE62E4685E601263546A2E60D
:10584000033B022B7FF694AE012635469BE60121F1
:1058500004F12800FFF796FB054689E62E4692E6FE
:1058600001263546B1E6B3F1804F3FF4A3AEB3F164
:10587000A04F3FF49FAEB3F1405F3FF49BAE0126D3
:105880003546A2E6022104F12800FFF77BFB05461E
:1058900090E62E4699E601263546B8E6B3F5805FD8
:1058A0003FF4AAAEB3F5A05F3FF4A6AEB3F5406FE8
:1058B0003FF4A2AE01263546A9E6022104F12800F4
:1058C000FFF760FB054697E62E46A0E60126354623
:1058D000BFE6B3F5004F3FF4B1AEB3F5204F3FF450
:1058E000ADAEB3F5C04F3FF4A9AE01263546B0E6E4
:1058F000022104F12800FFF745FB05469EE62E46EF
:10590000A7E6022104F12800FFF73CFB00283FF442
:10591000AAAE0126A7E6022104F12800FFF732FB18
:1059200000283FF4B2AE0126AFE6022104F12800C0
:10593000FFF728FB0546C7E60126354600E02E4660
:10594000236813F4802F18D0D4F88830B3F5001FE3
:105950001FD0B3F5401F07D0B3F5801F20D11E4ADA
:10596000D36A43F40033D362EDB91B4A536D23F479
:105970004013D4F888100B435365236813F4803F19
:105980002FD0236D8BB1B3F5803F1CD00126354657
:1059900027E0012104F12800FFF7F4FA0546E3E7C8
:1059A00001263546E9E72E46E7E70B4AD36A43F47A
:1059B0000033D362A5B9084AD36C23F48033216D38
:1059C0000B43D3640DE0022104F10800FFF756FAFF
:1059D0000546EFE70048025800440258CFFFFF0099
:1059E0002E46236813F0005F11D1236813F4003FA3
:1059F00028D0D4F88030B3F5807F14D010D9B3F517
:105A0000007F15D0B3F5407F12D001261AE00221A5
:105A100004F12800FFF7B6FA0028E6D00126E4E7F3
:105A200033B101260EE0544AD36A43F40033D36203
:105A3000002D69D1504A536D23F44073D4F880107F
:105A40000B435365236813F4801F06D04A4A136D35
:105A500023F00043616F0B431365236813F0805FED
:105A600007D0454A136923F48043D4F8B8100B4398
:105A70001361236813F4001F06D03F4A136D23F00F
:105A80008073E16E0B431365236813F0804F09D0D8
:105A9000394B1A6922F400421A611A69D4F8BC1011
:105AA0000A431A612368002B06DA334AD36C23F0C9
:105AB0004053616D0B43D364236813F4000F07D088
:105AC0002D4A536D23F44003D4F88C100B435365D7
:105AD000636813F0010F19D1636813F0020F1ED130
:105AE000636813F0040F23D1636813F0080F28D103
:105AF000636813F0100F2DD1636813F0200F32D1BB
:105B000006B101263046F8BD2E469BE7002104F180
:105B10000800FFF7B3F90028DED00646DCE70121D4
:105B200004F10800FFF7AAF90028D9D00646D7E704
:105B3000022104F10800FFF7A1F90028D4D006469D
:105B4000D2E7002104F12800FFF71CFA0028CFD08B
:105B50000646CDE7012104F12800FFF713FA0028DB
:105B6000CAD00646C8E7022104F12800FFF70AFA66
:105B70000028C5D00126C5E70044025808B5FFF744
:105B80000DF9054B1B6AC3F30213044AD35C03F0FF
:105B90001F03D84008BD00BF004402589CAF000856
:105BA00000B5794B9A6AD3F828C0CCF3053ED96A80
:105BB000C1F30011DB6BC3F3CC0301FB03F31CF453
:105BC0007C3F00F0DB8002F0030207EE903AF8EE33
:105BD000677A012A4BD0022A00F09680002A40F012
:105BE000B080694B1B6813F0200F23D066490A6808
:105BF000C2F3C102654BD34007EE103AF8EE476A94
:105C000007EE10EAB8EE476A86EE867A8B6BC3F32E
:105C1000080306EE903AF8EE666A9FED5D6A67EE5D
:105C2000867A76EEA77AF7EE006A77EEA67A27EE06
:105C3000277A38E007EE10EAF8EE476A9FED556ADA
:105C400086EE267A504B9B6BC3F3080306EE903A20
:105C5000F8EE666A9FED4E6A67EE867A76EEA77A70
:105C6000F7EE006A77EEA67A27EE277A1BE007EEBA
:105C700010EAF8EE476A9FED486A86EE267A424BB4
:105C80009B6BC3F3080306EE903AF8EE666A9FED4D
:105C9000406A67EE867A76EEA77AF7EE006A77EECC
:105CA000A67A27EE277A384A936BC3F3462307EE8A
:105CB000903AF8EE677AF7EE006A77EEA67A87EE0A
:105CC000276ABCEEC66A80ED006A936BC3F3064395
:105CD00007EE903AF8EE677A77EEA67A87EE276AB3
:105CE000BCEEC66A80ED016A936BC3F3066307EEF0
:105CF000903AF8EE677A77EEA67AC7EE276AFCEE5E
:105D0000E66AC0ED026A00BD07EE10EAF8EE476AE7
:105D10009FED226A86EE267A1B4B9B6BC3F308032A
:105D200006EE903AF8EE666A9FED196A67EE867A9B
:105D300076EEA77AF7EE006A77EEA67A27EE277A54
:105D4000B1E707EE10EAF8EE476A9FED136A86EEB8
:105D5000267A0D4B9B6BC3F3080306EE903AF8EEE0
:105D6000666A9FED0B6A67EE867A76EEA77AF7EEA3
:105D7000006A77EEA67A27EE277A94E7002303607D
:105D800043608360BFE700BF004402580090D00327
:105D9000000000390024744C0024744A0024744B21
:105DA00000B5794B9A6AD3F828C0CCF3055ED96A5E
:105DB000C1F300215B6CC3F3CC0301FB03F31CF0C4
:105DC0007C7F00F0DB8002F0030207EE903AF8EEF1
:105DD000677A012A4BD0022A00F09680002A40F010
:105DE000B080694B1B6813F0200F23D066490A6806
:105DF000C2F3C102654BD34007EE103AF8EE476A92
:105E000007EE10EAB8EE476A86EE867A0B6CC3F3AB
:105E1000080306EE903AF8EE666A9FED5D6A67EE5B
:105E2000867A76EEA77AF7EE006A77EEA67A27EE04
:105E3000277A38E007EE10EAF8EE476A9FED556AD8
:105E400086EE267A504B1B6CC3F3080306EE903A9D
:105E5000F8EE666A9FED4E6A67EE867A76EEA77A6E
:105E6000F7EE006A77EEA67A27EE277A1BE007EEB8
:105E700010EAF8EE476A9FED486A86EE267A424BB2
:105E80001B6CC3F3080306EE903AF8EE666A9FEDCA
:105E9000406A67EE867A76EEA77AF7EE006A77EECA
:105EA000A67A27EE277A384A136CC3F3462307EE07
:105EB000903AF8EE677AF7EE006A77EEA67A87EE08
:105EC000276ABCEEC66A80ED006A136CC3F3064312
:105ED00007EE903AF8EE677A77EEA67A87EE276AB1
:105EE000BCEEC66A80ED016A136CC3F3066307EE6D
:105EF000903AF8EE677A77EEA67AC7EE276AFCEE5C
:105F0000E66AC0ED026A00BD07EE10EAF8EE476AE5
:105F10009FED226A86EE267A1B4B1B6CC3F30803A7
:105F200006EE903AF8EE666A9FED196A67EE867A99
:105F300076EEA77AF7EE006A77EEA67A27EE277A52
:105F4000B1E707EE10EAF8EE476A9FED136A86EEB6
:105F5000267A0D4B1B6CC3F3080306EE903AF8EE5D
:105F6000666A9FED0B6A67EE867A76EEA77AF7EEA1
:105F7000006A77EEA67A27EE277A94E7002303607B
:105F800043608360BFE700BF004402580090D00325
:105F9000000000390024744C0024744A0024744B1F
:105FA00000B5794B9A6AD3F828C0CCF3051ED96A9C
:105FB00001F001015B6BC3F3CC0301FB03F31CF4A1
:105FC0007C7F00F0DB8002F0030207EE903AF8EEEF
:105FD000677A012A4BD0022A00F09680002A40F00E
:105FE000B080694B1B6813F0200F23D066490A6804
:105FF000C2F3C102654BD34007EE103AF8EE476A90
:1060000007EE10EAB8EE476A86EE867A0B6BC3F3AA
:10601000080306EE903AF8EE666A9FED5D6A67EE59
:10602000867A76EEA77AF7EE006A77EEA67A27EE02
:10603000277A38E007EE10EAF8EE476A9FED556AD6
:1060400086EE267A504B1B6BC3F3080306EE903A9C
:10605000F8EE666A9FED4E6A67EE867A76EEA77A6C
:10606000F7EE006A77EEA67A27EE277A1BE007EEB6
:1060700010EAF8EE476A9FED486A86EE267A424BB0
:106080001B6BC3F3080306EE903AF8EE666A9FEDC9
:10609000406A67EE867A76EEA77AF7EE006A77EEC8
:1060A000A67A27EE277A384A136BC3F3462307EE06
:1060B000903AF8EE677AF7EE006A77EEA67A87EE06
:1060C000276ABCEEC66A80ED006A136BC3F3064311
:1060D00007EE903AF8EE677A77EEA67A87EE276AAF
:1060E000BCEEC66A80ED016A136BC3F3066307EE6C
:1060F000903AF8EE677A77EEA67AC7EE276AFCEE5A
:10610000E66AC0ED026A00BD07EE10EAF8EE476AE3
:106110009FED226A86EE267A1B4B1B6BC3F30803A6
:1061200006EE903AF8EE666A9FED196A67EE867A97
:1061300076EEA77AF7EE006A77EEA67A27EE277A50
:10614000B1E707EE10EAF8EE476A9FED126A86EEB5
:10615000267A0D4B1B6BC3F3080306EE903AF8EE5C
:10616000666A9FED0B6A67EE867A76EEA77AF7EE9F
:10617000006A77EEA67A27EE277A94E70023036079
:1061800043608360BFE700BF004402580090D00323
:10619000000000390024744C0024744A0024744B1D
:1061A00000B58BB0A0F580730B432ED0A0F5007323
:1061B0000B4300F08380A0F580630B4300F0D88090
:1061C000A0F500630B4300F03081A0F580530B4332
:1061D00000F08E81A0F500530B4300F0E681A0F59E
:1061E00000230B4300F02F82A0F580330B4300F017
:1061F0007282A0F580430B4300F09282A0F500402C
:10620000084300F0D6820020FBE2984B1B6D03F0A0
:106210000703022B32D014D9032B00F0F182042B98
:106220001FD1924AD36C03F04053126812F0040F4E
:106230002FD073BB8D4B1B68C3F3C1038C48D84070
:10624000DFE283B1012B0AD1884B186810F000609F
:1062500000F0D78204A8FFF7A3FC0498D1E2002045
:10626000CFE20020CDE2814B186810F0007000F002
:10627000C88207A8FFF794FE0898C2E27B4B186813
:1062800010F0005000F0BD8201A8FFF789FD0198D1
:10629000B7E2764A126812F4807F03D0B3F1805FD0
:1062A00000F0B182714A126812F4003F00F0AD8232
:1062B000B3F1005F00F0AB820020A2E26B4B1B6DDC
:1062C00003F4E073802B33D015D9C02B00F0A182EA
:1062D000B3F5807F1FD1654AD36C03F04053126839
:1062E00012F0040F2FD073BB604B1B68C3F3C103C4
:1062F0005F48D84085E283B1402B0AD15B4B1868D8
:1063000010F0006000F07D8204A8FFF749FC0498BB
:1063100077E2002075E2002073E2544B186810F019
:10632000007000F06E8207A8FFF73AFE089868E256
:106330004E4B186810F0005000F0638201A8FFF780
:106340002FFD01985DE2494A126812F4807F03D064
:10635000B3F1805F00F05F82444A126812F4003F9C
:1063600000F05B82B3F1005F00F05982002048E248
:106370003E4B9B6D03F46003B3F5800F35D016D907
:10638000B3F5C00F00F04D82B3F5000F20D1374AAE
:10639000D36C03F04053126812F0040F30D07BBB73
:1063A000324B1B68C3F3C1033148D84029E28BB19B
:1063B000B3F5001F0AD12D4B186810F0006000F0F3
:1063C000208204A8FFF7ECFB04981AE2002018E2F0
:1063D000002016E2254B186810F0007000F01182C2
:1063E00007A8FFF7DDFD08980BE2204B186810F0B6
:1063F000005000F0068201A8FFF7D2FC019800E2ED
:106400001A4A126812F4807F03D0B3F1805F00F063
:106410000A82164A126812F4003F00F00682B3F1B5
:10642000005F00F004820020EBE1104B9B6D03F055
:10643000E063B3F1007F3BD01CD9B3F1407F00F0A3
:10644000F881B3F1806F26D1084AD36C03F0405332
:10645000126812F0040F36D0002B34D1034B1B68A6
:10646000C3F3C1030248D840CBE100BF0044025847
:106470000090D0038BB1B3F1807F0AD19A4B18689A
:1064800010F0006000F0BD8104A8FFF789FB0498BC
:10649000B7E10020B5E10020B3E1934B186810F09C
:1064A000007000F0AE8107A8FFF77AFD0898A8E118
:1064B0008D4B186810F0005000F0A38101A8FFF781
:1064C0006FFC01989DE1884A126812F4807F03D026
:1064D000B3F1805F00F0AF81834A126812F4003F8D
:1064E00000F0AB81B3F1005F00F0A981002088E1EA
:1064F0007D4B1B6D03F4E043B3F5005F35D016D937
:10650000B3F5405F00F09D81B3F5804F20D1764A0E
:10651000D36C03F04053126812F0040F30D07BBBF1
:10652000714B1B68C3F3C1037048D84069E18BB15C
:10653000B3F5805F0AD16C4B186810F0006000F072
:10654000608104A8FFF72CFB04985AE1002058E171
:10655000002056E1644B186810F0007000F0518183
:1065600007A8FFF71DFD08984BE15F4B186810F076
:10657000005000F0468101A8FFF712FC019840E1AD
:10658000594A126812F4807F03D0B3F1805F00F0A3
:106590005A81554A126812F4003F00F05681B3F157
:1065A000005F00F0548100202BE14F4B1B6D03F482
:1065B000E023B3F5403F32D00BD8B3F5803F18D07D
:1065C000B3F5003F20D013B9FEF70AFC19E1002013
:1065D00017E1B3F5802F2ED0B3F5A02F07D1424B92
:1065E000186810F4003000F00C81414809E10020E7
:1065F00007E13D4B186810F0006000F0028104A82C
:10660000FFF7CEFA0598FCE0374B186810F0005001
:1066100000F0F78001A8FFF7C3FB0298F1E0324BCE
:10662000186810F0040000F0EC801B68C3F3C1038D
:106630002E48D840E5E02C4B186810F4807000F02C
:10664000E0802C48DDE0284B9B6D03F44033B3F52C
:10665000803F10D0B3F5003F18D0002B40F0F980F8
:10666000214B186810F0006000F0CB8004A8FFF701
:1066700097FA0498C5E01C4B186810F0005000F021
:10668000C08001A8FFF78CFB0398BAE0164AD36CD0
:1066900003F04053126812F0040F07D033B9124BC5
:1066A0001B68C3F3C1031148D840AAE00E4A126820
:1066B00012F4807F03D0B3F1805F00F0CC800A4AEF
:1066C000126812F4003F00F0C880B3F1005F00F0E0
:1066D000C680002095E0044BDB6C13F480330BD0B4
:1066E000A3B918468DE000BF004402580090D003C3
:1066F0000024F40000093D005B4B186810F00070A6
:106700007FD007A8FFF74CFC08987AE0564B186832
:1067100010F0006075D004A8FFF742FA069870E008
:10672000514B9B6D03F0E043B3F1405F2FD00BD88A
:10673000B3F1805F17D0B3F1005F1ED013B9FFF73C
:106740001DFA5EE000205CE0B3F1804F2AD0B3F187
:10675000A04F06D1444B186810F4003051D0434884
:106760004FE000204DE0404B186810F0006048D02A
:1067700004A8FFF715FA059843E03B4B186810F0A2
:1067800000503ED001A8FFF70BFB029839E0364BD2
:10679000186810F0040034D01B68C3F3C1033448F8
:1067A000D8402EE0304B186810F4807029D0314862
:1067B00027E02D4B1B6D03F04053B3F1805F0BD0EE
:1067C000B3F1005F12D0002B4BD1274B186810F4A7
:1067D000003016D0254814E0234B186810F00070E4
:1067E0000FD007A8FFF7DCFB08980AE01E4B1868DB
:1067F00010F0006005D004A8FFF7D2F9059800E07A
:106800001D480BB000BD1B48FBE70020F9E7174807
:10681000F7E71948F5E71748F3E70020F1E71348D1
:10682000EFE71548EDE71348EBE70020E9E70F48ED
:10683000E7E71148E5E70F48E3E70020E1E70B4809
:10684000DFE70D48DDE70B48DBE70020D9E7074825
:10685000D7E70020D5E70748D3E70020D1E7034872
:10686000CFE70020CDE700BF004402580024F40029
:106870000090D00300093D000080BB0070B582B0DD
:10688000044600230193006802F0C2F9064610B1E5
:10689000304602B070BD206802F0D0FCB0F1004F6D
:1068A00007D00123E363E36B012B0BD03046354661
:1068B00015E00023E363206802F0AAF90028F2D073
:1068C0000646E5E70021206802F0FCFA0028EDD03A
:1068D0004FF080531E46DBE7019B01330193019A81
:1068E0004FF6FE739A4213D895B92946206802F0F4
:1068F000E9FAD0B91349206802F0E8FB0546B0B9BF
:106900000146206802F06FF9C30FE5D01D46E3E7AA
:10691000019A4FF6FE739A420DD80023A36310F03C
:1069200080430CD00123A363B2E70646B0E74FF0E3
:1069300080531E46ACE74FF080731E46A8E71E4604
:10694000A6E700BF000010C1F0B587B005460E46AF
:10695000FCF772F907460021286802F044F910F0AC
:10696000007F63D14021286802F016FA034610B177
:106970006A6B6A635CE0696C0904286802F0A2FA39
:10698000034610B16A6B6A6352E04FF0FF33009325
:106990004023019360230293022303930490012375
:1069A00005936946286802F021F9286802F0EEFA9A
:1069B000034680B16A6B6A633AE0286802F0F0F837
:1069C00046F8040B0134072CF7D9FCF735F9C01B46
:1069D000B0F1FF3F2FD02B685C6B14F4957404D199
:1069E0005B6B13F4004FF0D0EDE75A6B12F0080F19
:1069F00024D15A6B12F0020F22D15B6B13F0200FDF
:106A000020D12868436B13F480530CD002F0C8F8EF
:106A100046F8040BFCF710F9C01BB0F1FF3FF0D1B2
:106A20004FF0004304E0084A826301E04FF4006342
:106A3000184607B0F0BD4FF00043F9E70823F7E729
:106A40000223F5E72023F3E73A0F0018F0B589B0E9
:106A500004460F46FCF7F0F8064600230093019326
:106A60000821206802F098F9054610B1284609B0BF
:106A7000F0BD616C0904206802F024FA0546002884
:106A8000F4D14FF0FF330293082303933023049390
:106A90000223059306900123079302A9206802F0C0
:106AA000A5F8206802F040FA054630B1DEE7FCF7B1
:106AB000C3F8831BB3F1FF3F46D02068426B40F21E
:106AC0002A531A420ED1436B13F4002FEFD1002D3D
:106AD000EDD102F065F80090206802F061F80190B5
:106AE0000135E4E7436B13F0080F24D1436B13F037
:106AF000020F23D1456B15F0200522D1144B83637F
:106B0000019A130203F47F0343EA0263110A01F4BA
:106B10007F410B4343EA12633B60009A130203F484
:106B20007F0343EA0263110A01F47F410B4343EA06
:106B300012637B609AE70825856397E702258563E2
:106B400094E72025856391E74FF000458EE700BF6D
:106B50003A0F001810B582B004460021009101914F
:106B6000006802F040F810F0007F13D1694620461B
:106B7000FFF76CFF80B9019B13F4802F0ED0616C7E
:106B80000904206802F09EF930B90221206802F061
:106B9000B2F901E04FF4006002B010BD4FF0806028
:106BA000FAE710B582B00446002100910191006817
:106BB00002F019F810F0007F13D169462046FFF764
:106BC00045FF80B9019B13F4803F0ED0616C09042E
:106BD000206802F077F930B90146206802F08BF99D
:106BE00001E04FF4006002B010BD4FF08060FAE7A2
:106BF00070B581B104460D46416C0904006802F08D
:106C0000ACF9064608B1304670BD0146206801F077
:106C1000EAFF2860F7E74FF000631E46F3E7000045
:106C20002DE9F04186B0044600294BD016461F4698
:106C3000884690F83030DDB2012B5CD100234363ED
:106C400013463B44026D934242D8032380F8303010
:106C500003680022DA6261627B028362826B012A2E
:106C600001D0720216464FF0FF320092019390233A
:106C7000029302230393002304930593694620683B
:106C800001F0B4FF2268D36843F04003D360236867
:106C9000C3F85880236801221A6597421DD98223C0
:106CA000E3623146206802F0A9F8E8B12368144A8B
:106CB0009A63636B03436363012384F830300023DA
:106CC000E36219E0436B43F000634363012513E083
:106CD000436B43F0007343630EE08123E36231466C
:106CE000206802F072F8E0E72268D36B43F49573F2
:106CF000D363054600E00225284606B0BDE8F081D2
:106D0000FF0FE01F2DE9F04186B0044600294AD06C
:106D100016461F46884690F83030DDB2012B5BD115
:106D20000023436313463B44026D934241D803233F
:106D300080F8303003680022DA62E1617B0203628E
:106D4000826B012A01D0720216464FF0FF32009288
:106D500001939023029300230393049305936946C0
:106D6000206801F043FF2268D36843F04003D360FA
:106D70002368C3F85880236801221A6597421DD9F9
:106D8000A023E3623146206802F06AF8E8B1236884
:106D9000144A9A63636B03436363012384F83030BE
:106DA0000023E36219E0436B43F000634363012572
:106DB00013E0436B43F0007343630EE09023E36200
:106DC0003146206802F033F8E0E72268D36B43F4E1
:106DD0008D73D363054600E00225284606B0BDE862
:106DE000F08100BFFF0FE01F0346C26D920F0A70D3
:106DF000C26DC2F383624A7090F85F2002F0030212
:106E00008A7090F85E20CA7090F85D200A7190F840
:106E10005C204A71026E120DCA80B0F8622002F046
:106E20000F020A72026EC2F3C0324A72026EC2F3DD
:106E300080328A72026EC2F34032CA72026EC2F3AC
:106E400000320A7300224A73826B002A40F0868067
:106E5000006E40F6FC7202EA8002586E42EA9072BE
:106E60000A615A6EC2F3C2620A7593F8672002F093
:106E700007024A755A6EC2F342528A755A6EC2F3BD
:106E80008242CA755A6EC2F3C2320A760A69013268
:106E90009A64087E00F00700023082409A6491F8FC
:106EA00008C00CF00F0C012000FA0CF0D864400A66
:106EB00000FB02F21A654FF400725A655A6EC2F373
:106EC00080324A765A6EC2F3C6128A765A6E02F041
:106ED0007F02CA769A6ED20F0A779A6EC2F3417217
:106EE0004A779A6EC2F382628A779A6EC2F38352AD
:106EF000CA779A6EC2F3405281F82020002081F8B0
:106F00002100B3F86A2002F0010281F822209A6E73
:106F1000C2F3C03281F823209A6EC2F3803281F826
:106F200024209A6EC2F3403281F825209A6EC2F373
:106F3000003281F826209A6EC2F3812281F8272040
:106F40009A6EC2F3012281F828209B6EC3F3460398
:106F500081F82930012381F82A307047012A11D1A4
:106F6000026E120402F47C12B0F8660002430A6159
:106F70000A69013292029A641A654FF40072DA6467
:106F80005A659BE7026805499163426B42F0805263
:106F90004263012083F83000704700BFFF0FE01FFD
:106FA00030B58DB004460023ADF80230FBF744FE47
:106FB0000546206801F0FDFD002867D0A36B032B78
:106FC00017D1A36B032B2FD0BDF8023063BB0DF19B
:106FD0000201206802F0E4F80346002858D1FBF7CC
:106FE0002BFE431B41F287329342EDD94FF0004311
:106FF0004EE0206802F014F80346002848D101460C
:10700000206801F0F0FDE0660421206801F0EBFD4E
:1070100020670821206801F0E6FD60670C212068E8
:1070200001F0E1FDA067CCE7A36B032B1CD0BDF8FA
:10703000021061640904206802F008F8034638BBB6
:107040000146206801F0CFFDE0650421206801F0D1
:10705000CAFD20660821206801F0C5FD60660C218C
:10706000206801F0C0FDA0660421206801F0BBFD8E
:10707000000D206401A92046FFF7B6FE58B9616CE7
:107080000904206801F005FF034601E04FF080632A
:1070900018460DB030BD4FF08053F9E770B588B099
:1070A0000446002303930493059306934FF4803022
:1070B0000021FFF775F838B9012084F830004FF04F
:1070C0000063636308B070BD0546030A244AA2FB4F
:1070D00003231E09079608AB13E903008DE803009C
:1070E00003AB0ECB206801F043FD206801F05BFD8F
:1070F0001C4B9D4202D97300B5FBF3F55DB92046E8
:10710000FFF7BCFB024668B1012084F83000636BD6
:1071100013436363D6E71448B0FBF5F00130FBF787
:1071200091FDECE72046FFF73BFF024630B101201E
:1071300084F83000636B13436363C3E74FF400715B
:10714000206801F029FE0028BCD023680749996314
:10715000636B03436363012084F83000B2E700BF30
:10716000598B4F01FF340C0010210100FF0FE01F6D
:1071700030B591B090F83030032B59D004460D460D
:107180006946FFF7E1FBB8B123682B499963636B4C
:1071900003436363012584F830504FF40071206885
:1071A00001F0FAFD002844D022682349916360630E
:1071B000012584F830503CE0009AC2F381132B7013
:1071C000C2F340136B70130A23F0FF0343EA126308
:1071D0009BB26B80019A130203F47F0343EA0263BC
:1071E000110A01F47F410B4343EA12636B60029B77
:1071F000DAB22A72C3F307226A72C3F30352AA7285
:107200001B0C039AD1B223F0FF030B43AB81C2F3F3
:107210008523AB73C2F30123EB73C2F303132B7407
:1072200002F00F026A749DF81330AB740546B4E7A0
:107230000125284611B030BDFF0FE01F836B0B60A6
:10724000C36B4B60036C8B60436CCB60836C0B61D6
:10725000C36C4B61036D8B61436DCB610020704744
:1072600030B589B004460D46032380F83030836B77
:10727000032B1CD0B1F5004F08D0B1F5804F0AD0D8
:1072800079B1436B43F00063436314E0436B43F015
:10729000805343630FE0FFF75DFC636B034363635D
:1072A00009E0FFF77EFC636B0343636303E0436B1A
:1072B00043F080534363636BC3B123683C4A9A63D2
:1072C00001231D464FF40071206801F065FD38B1BF
:1072D000236837499963636B0343636301231D4646
:1072E000012384F83030284609B030BD4FF4803097
:1072F0000021FEF755FF0246002851D06368039332
:10730000A36804930595236906936169294BA3FB40
:107310000203180EB1EB136F0DD3079108AB13E9FD
:1073200003008DE8030003AB0ECB206801F020FCC6
:1073300000231D46C6E7A36DB3F5007F08D0B3F563
:10734000807F07D011BB1C4B9A421DD90790E5E7FF
:107350000791E3E751B9194B9A4205D9154BA3FBA5
:1073600002235B0E0793D9E70791D7E74B00B2FBE7
:10737000F3F31248834205D90E4BA3FB02235B0EA5
:107380000793CBE70791C9E70791C7E74B00B2FB2B
:10739000F3F2094B9A4201D90790BFE70791BDE785
:1073A000636B43F00063636301231D468AE700BFFC
:1073B000FF0FE01F893BE65540787D0180F0FA021F
:1073C00010B582B004460023019301A9FFF710FC19
:1073D00010B1636B034363630198C0F3432002B0B1
:1073E00010BD70B586B0002857D0044690F83030F4
:1073F0005BB1042384F830302046FFF74FFE40B1E4
:1074000001231D46284606B070BD0376FCF72CFD0F
:10741000EFE701A92046FFF7ABFE002840D19DF819
:107420001430DBB29DF81520D2B2A16B01290CD02B
:10743000012910D00023A365E1682046FFF710FF63
:10744000054660B101231D46DCE71343F0D04FF43D
:107450000073A365F0E74FF48073A365ECE7FBF7D7
:10746000EBFB06462046FFF7ABFF04280ED0FBF7E8
:10747000E3FB801BB0F1FF3FF4D14FF000436363A7
:10748000012384F8303003231D46BBE700236363E8
:10749000E362012384F83030B4E701231D46B1E7ED
:1074A00001231D46AEE7C36B5B09C0680830C00806
:1074B00003FB000070470000002800F0B78070B5A3
:1074C00004460023836205685C4B5D4A9D4218BFF9
:1074D000954214BF012300231E4606D0594B9D42FE
:1074E00003D0C3680F2B00F2A3802046FFF7DBFF19
:1074F0002EB1544B9D4202D0082800F29B804F4A87
:107500004F4B9D4218BF954203D003F580639D42C7
:1075100002D1102800F2908094F88130F3B1022358
:1075200084F881302268136823F001031360236814
:107530009A6802F4F812A169B1F1806F14D06368FF
:1075400013F4800F23D0E368062B20D921680B6841
:1075500023F48073206D03430B601DE084F88030BA
:107560002046FCF7E9FCDAE76168B1F5800F06D048
:107570000029E4D1A16BB1F1805FE0D102E0A06B02
:107580000028F5D1196841F480511960D7E72168C6
:107590000B6823F480730B60E369A16A0B43134308
:1075A000E26B1343E16822680B439360636B626A8A
:1075B0001343A26B1343A269134322691343626905
:1075C0001343226A134362681343E26C1343A268B5
:1075D0001343A26C1343A16D22680B43D36063680D
:1075E0006BB92268936823F4C05343F4006393603B
:1075F0002268936823F4C06343F480639360226835
:10760000136D23F001031365636813F4800F06D034
:107610002268D36823F00043616D0B43D3600020E0
:10762000C4F88400012384F8813070BD01207047C4
:107630000120FAE70120F8E70120F6E700300140D9
:1076400000380040003C0040036AD0F820C02CF015
:10765000010CC0F820C0D0F818C02CF0F00C4CEA97
:10766000021223F00A030B43826103627047036A2C
:10767000D0F820C02CF0100CC0F820C0D0F818C0F2
:107680002CF4704C4CEA023223F0A00343EA0113BD
:1076900082610362704700008268034B13400B4312
:1076A00043F00703836070478FFFCFFF90F83D30B2
:1076B000012B3AD1022380F83D300268D36843F0B1
:1076C0000103D36003681B4AB3F1804F18BF934294
:1076D0001DD0A2F57C42934219D002F580629342FC
:1076E00015D002F58062934211D002F578429342A0
:1076F0000DD0A2F56C42934209D002F59432934228
:1077000005D01A6842F001021A600020704799689B
:10771000094A0A40062A18BFB2F5803F07D01A6806
:1077200042F001021A6000207047012070470020DB
:10773000704700BF0000014007000100704770471C
:107740007047704770B504460368DE681D6915F020
:10775000020F10D016F0020F0DD06FF002021A6166
:107760000123037703689B6913F0030F67D0FFF7CA
:10777000E6FF0023237715F0040F12D016F0040F54
:107780000FD023686FF004021A6102232377236865
:107790009B6913F4407F58D02046FFF7D0FF0023A9
:1077A000237715F0080F12D016F0080F0FD02368BA
:1077B0006FF008021A61042323772368DB6913F052
:1077C000030F49D02046FFF7BAFF0023237715F0B7
:1077D000100F12D016F0100F0FD023686FF01002A8
:1077E0001A61082323772368DB6913F4407F3AD0BA
:1077F0002046FFF7A4FF0023237715F0010F02D0E6
:1078000016F0010F36D115F0800F02D115F4005F8C
:1078100002D016F0800F35D115F4807F02D016F01B
:10782000800F37D115F0400F02D016F0400F39D13C
:1078300015F0200F02D016F0200F3BD170BDFFF7DE
:107840007DFF2046FFF77CFF93E72046FFF776FF9A
:107850002046FFF775FFA2E72046FFF76FFF20469F
:10786000FFF76EFFB1E72046FFF768FF2046FFF7FE
:1078700067FFC0E723686FF001021A612046F9F73D
:107880007FFEC0E723686FF402521A61204600F0C1
:10789000D6F9C1E723686FF480721A61204600F0C0
:1078A000CFF9BFE723686FF040021A612046FFF767
:1078B00048FFBDE723686FF020021A61204600F000
:1078C000BDF9BBE710B58C460368414A904214BF2E
:1078D00000220122B0F1804F14BF114642F0010195
:1078E000F1B9DFF8F4E0704514BF4FF0000E4FF02F
:1078F000010E384CA04213D0BEF1000F10D10EF192
:10790000804E0EF5823E704514BF4FF0000E4FF0D2
:10791000010E04F50064A04202D0BEF1000F04D0B5
:1079200023F07003DCF80440234319BB2A49884242
:1079300014BF00210121DFF89CE070451AD0C9B9BD
:1079400001F1804101F58231884214BF00210121FB
:107950000EF5006E70450DD061B92049884214BF04
:10796000002101210EF59A3E704503D011B91C4942
:10797000884204D123F44073DCF80C100B4323F04D
:107980008003DCF814100B43DCF80810C162DCF84B
:10799000001081621349884208BF42F0010262B9B7
:1079A0000E4A904214BF0022012201F57051884214
:1079B00003D012B90A4A904202D1DCF810200263C7
:1079C000026842F00402026001224261036010BDBD
:1079D0000000014000040040000800400044014055
:1079E000004801400004014060B310B5044690F81F
:1079F0003D3013B3022384F83D30214651F8040B87
:107A0000FFF760FF012384F8483084F83E3084F8A3
:107A10003F3084F8403084F8413084F8423084F8B4
:107A2000433084F8443084F8453084F8463084F894
:107A3000473084F83D30002010BD80F83C30FCF722
:107A4000C7FAD7E701207047D0F808C02CF47F4C64
:107A500042EA03220A4342EA0C02826070470000B5
:107A600090F83C30012B00F08F8010B504460123C4
:107A700080F83C30022380F83D3002689068434B28
:107A8000034093600B68702B55D031D8502B6CD0CD
:107A90001FD8402B0AD1CA6849682068FFF7D4FD77
:107AA00040212068FFF7F8FD002029E068D8202B4E
:107AB00003D00AD80BB1102B05D119462068FFF767
:107AC000EBFD00201CE001201AE0302BF5D0012056
:107AD00016E0602B0AD1CA6849682068FFF7C7FD25
:107AE00060212068FFF7D8FD002009E0012007E0B1
:107AF000B3F5005F2CD00AD8B3F5805F42D10020E7
:107B0000012384F83D30002384F83C3010BD204A26
:107B10009342D2D007D8B3F5801FCED0B3F1101F57
:107B2000CBD00120ECE71B4A9342C6D010329342DF
:107B3000C3D00120E4E7CB684A6889682068FFF772
:107B400083FF2268936843F0770393600020D7E7B0
:107B5000CB684A6889682068FFF776FF22689368D7
:107B600043F4804393600020CAE7CA6849682068EC
:107B7000FFF76AFD50212068FFF78EFD0020BFE768
:107B80000120BDE70120BBE7022070478800CEFF3F
:107B9000200010003000100090F83C20012A47D04F
:107BA00010B50346012280F83C20022280F83D20D7
:107BB00002685068D2F808C0DFF87CE01D4C7245BE
:107BC00018BFA24203D120F470004C68204320F07B
:107BD00070000C68204350601A681648B2F1804F5C
:107BE00018BF824217D0A0F57C40824213D000F526
:107BF000806082420FD000F5806082420BD000F599
:107C00007840824207D0A0F56C40824203D000F554
:107C10009430824205D12CF0800C896841EA0C0135
:107C20009160012283F83D20002083F83C0010BDC4
:107C30000220704700000140000401407047704777
:107C4000704700000F2801D90120704710B58AB095
:107C50000446002201461920FBF764F81920FBF7BF
:107C600071F8174B1C60174BD3F8F02042F001025B
:107C7000C3F8F020D3F8F03003F001030093009B29
:107C800001A902A8FDF7D0F8FDF7BCF80E4BA3FB45
:107C900000239B0C013B0D480D4A026040F2E73285
:107CA000C2604360002303618360FFF79DFE10B153
:107CB00001200AB010BD0548FFF7F8FCF9E700BF46
:107CC000980000200044025883DE1B43B048002087
:107CD00000000140026852E8003F23F4907342E83C
:107CE00000310029F6D1026802F1080353E8001FB1
:107CF0000D4B0B40083242E800310029F3D1C36E2E
:107D0000012B06D02023C0F88C300023C3664367C4
:107D10007047026852E8003F23F0100342E8003148
:107D20000029F6D1EEE700BFFEFFFFEF704708B570
:107D3000026852E8003F23F0400342E80031002986
:107D4000F6D12023C0F888308167FFF7EFFF08BD28
:107D5000704708B5806B0023A0F85E30FFF7F8FF8E
:107D600008BD704738B504460268D3691068916849
:107D700040F60F0C13EA0C0F0DD113F0200F14D0A6
:107D800010F0200F02D111F0805F0ED0636FC3B3EB
:107D90002046984735E0DFF8A8C311EA0C0C31D132
:107DA000DFF8A0E310EA0E0F2CD1D4F86CC0BCF1C0
:107DB000010F00F0C68013F4801F03D011F4800F70
:107DC00040F09C8113F0800F07D010F0800F40F03E
:107DD0009C8111F4000F40F0988113F0400F03D004
:107DE00010F0400F40F0988113F4000F03D010F012
:107DF000804F40F0958113F0807F02D00028C0F2C0
:107E0000938138BD13F0010F0CD010F4807F09D09E
:107E10004FF0010EC2F820E0D4F8902042EA0E02A2
:107E2000C4F8902013F0020F0BD011F0010F08D00E
:107E3000022225682A62D4F8902042F00402C4F895
:107E4000902013F0040F0BD011F0010F08D0042282
:107E500025682A62D4F8902042F00202C4F89020EB
:107E600013F0080F0ED010F0200F02D1BCF1000F5C
:107E700008D0082225682A62D4F8902042F008022F
:107E8000C4F8902013F4006F0CD010F0806F09D06C
:107E90004FF4006225682A62D4F8902042F0200254
:107EA000C4F89020D4F89020002AAAD013F0200F14
:107EB00009D010F0200F02D111F0805F03D0636F62
:107EC0000BB120469847D4F8902023689B6813F0A4
:107ED000400F02D112F0280F2CD02046FFF7FAFEF7
:107EE00023689B6813F0400F20D0226802F108033A
:107EF00053E8003F23F04003083242E800310029F4
:107F0000F3D1D4F880306BB1894A1A65D4F8800077
:107F1000FBF704F900283FF474AFD4F88000036D38
:107F200098476EE72046FFF713FF6AE72046FFF702
:107F30000FFF66E72046FFF70BFF0023C4F89030E1
:107F40005FE713F0100F3FF436AF10F0100F3FF45F
:107F500032AF1023136223689B6813F0400F00F0C8
:107F60009480D4F880201368724873498B4218BFFC
:107F700083422DD018318B422AD018318B4227D022
:107F800018318B4224D018318B4221D018318B42CA
:107F90001ED018318B421BD001F556718B4217D081
:107FA00018318B4214D018318B4211D018318B42CA
:107FB0000ED018318B420BD018318B4208D01831BB
:107FC0008B4205D018318B4202D05B689BB201E036
:107FD0005B689BB2002B48D0B4F85C10994244D93E
:107FE000A4F85E30D369B3F5807F31D0226852E8BF
:107FF000003F23F4807342E800310029F6D1226863
:1080000002F1080353E8003F23F00103083242E87D
:1080100000310029F3D1226802F1080353E8003F40
:1080200023F04003083242E800310029F3D1202335
:10803000C4F88C30E166226852E8003F23F0100358
:1080400042E800310029F6D1D4F88000FAF7C8FEE2
:1080500002232367B4F85C10B4F85E309BB2C91AEF
:1080600089B22046FFF77DFECBE6B4F85C1099425A
:108070007FF4C7AED369B3F5807F7FF4C2AE02232D
:1080800023672046FFF76DFEBBE6B4F85C10B4F83A
:108090005E309BB2C91A89B2B4F85E309BB2002B35
:1080A0003FF4AFAE00293FF4ACAE226852E8003F87
:1080B00023F4907342E800300028F6D1226802F1E0
:1080C000080353E8000F1D4B0340083242E800301C
:1080D0000028F3D12023C4F88C30E0666067226862
:1080E00052E8003F23F0100342E800300028F6D1A8
:1080F000022323672046FFF734FE82E64FF4801305
:108100001362204600F07AFC7BE6A36F002B3FF45D
:1081100078AE2046984774E62046FFF708FE70E6E2
:10812000204600F06DFC6CE6204600F068FC68E636
:10813000537D00081000024028000240FEFFFFEFC0
:10814000010000102001000430B587B004468368A8
:108150000269134342691343C26913430168086803
:108160009C4A02401A430A602268536823F4405331
:10817000E1680B435360A1692268974B9A4201D092
:10818000236A19439068954B03400B439360226820
:10819000D36A23F00F03616A0B43D3622368904ACA
:1081A00093421DD08F4A934235D08F4A93424DD08F
:1081B0008E4A934265D08E4A93427DD08D4A934237
:1081C00000F095808C4A934200F0AC808B4A934239
:1081D00000F0C280804A934200F0D880802212E1F1
:1081E000874A526D02F03802182A00F0EB800AD854
:1081F000082A00F0E980102A00F0E880002A40F008
:10820000E7800122FFE0202A00F0FC80282A40F0CD
:1082100034814022F7E07A4A526D02F00702032AC5
:1082200000F02D810AD8012A00F02B81022A00F0EB
:108230002A81002A00F0E7808022E4E0042A00F08E
:108240002481052A40F023814022DCE06C4A526DF3
:1082500002F00702032A00F01C810AD8012A00F06C
:108260001A81022A00F01981002A00F0CC808022B5
:10827000C9E0042A00F01381052A40F0128140224F
:10828000C1E05F4A526D02F00702032A00F00B8141
:108290000AD8012A00F00981022A00F00881002A88
:1082A00000F0B1808022AEE0042A00F00281052AAD
:1082B00040F001814022A6E0514A526D02F00702CF
:1082C000032A00F0FA800AD8012A00F0F880022A76
:1082D00000F0F780002A00F09680802293E0042AC4
:1082E00000F0F180052A40F0F08040228BE0444A03
:1082F000526D02F03802182A00F0E9800AD8082AE4
:1083000000F0E780102A00F0E680002A40F0E580C7
:10831000012278E0202A00F0E280282A40F0E18063
:10832000402270E0364A526D02F00702032A00F044
:10833000DA8009D8012A00F0D880022A00F0D7801C
:10834000002A60D080225EE0042A00F0D280052A54
:1083500040F0D180402256E0294A526D02F00702D7
:10836000032A00F0CA8009D8012A00F0C880022A36
:1083700000F0C780002A46D0802244E0042A00F0A2
:10838000C280052A40F0C18040223CE002F50E3256
:10839000926D02F00702032A00F0B9800AD8012A80
:1083A00000F0B780022A00F0B680002A40F0B580C5
:1083B000022228E0042A00F0B280052A40F0B180B1
:1083C000402220E010221EE004221CE008221AE0D5
:1083D000802218E0F369FFCF000C0058FFF4FF1172
:1083E000001001400044004000480040004C0040A4
:1083F000005000400014014000780040007C004024
:108400000044025820229F498B4200F08C80E06992
:10841000B0F5004F00F0E480082A00F05B8100F224
:108420003D81012A00F04E81042A00F04E81002A8D
:1084300040F02681FCF7D4FCA8B1626A924B33F875
:108440001230B0FBF3F0636800EB5300B0FBF3F0C5
:10845000A0F110024FF6EF739A4200F24F812368A9
:1084600080B2D86000200123A4F86A30A4F86830F4
:1084700000236367A36707B030BD8022C3E71022E3
:10848000C1E70422BFE70822BDE72022BBE7802224
:10849000B9E71022B7E70422B5E70822B3E72022A4
:1084A000B1E78022AFE71022ADE70422ABE7082254
:1084B000A9E72022A7E78022A5E71022A3E704224C
:1084C000A1E708229FE720229DE780229BE7102258
:1084D00099E7042297E7082295E7802293E7202274
:1084E00091E780228FE710228DE704228BE7082294
:1084F00089E7202287E7802285E7102283E704228C
:1085000081E708227FE720227DE780227BE7102297
:1085100079E7042277E7082275E7802273E72022B3
:1085200071E780226FE7102A4AD036D8042A3DD05E
:10853000082A40D0022A2ED1FDF720FB002892D035
:10854000626A514B33F81220B0FBF2F3656805EB19
:108550004501994200F2CA80B3EB053F00F2C880A2
:1085600000231946F7F79CFE090241EA1061000258
:108570002A466B08C0184FF0000341F10001F7F7DD
:108580008FFEA0F54072414B9A4200F2B3802368FF
:10859000D860002067E7012065E7202A1CD0402A28
:1085A00002D14FF40040CBE701205CE703A8FDF7C0
:1085B000F7FA0498C2E76846FDF7F2FB0198BDE7B9
:1085C000334B1B6813F0200F08D0314B1B68C3F3EB
:1085D000C1033048D840B3E72F48B1E72D48AFE793
:1085E000082A44D027D8012A39D0042A3AD002BB1D
:1085F000FCF7F6FB00283FF436AF626A224B33F8F3
:108600001230B0FBF3F06268530803EB4003B3FB96
:10861000F2F3A3F110014FF6EF7291426CD89AB2C7
:1086200022F00F02C3F3420313432268D3600020F9
:1086300019E7012017E7202A1ED0402ADDD0102A92
:108640000BD1134B1B6813F0200F17D0104B1B6876
:10865000C3F3C1030F48D840CFE7012003E7FCF77D
:10866000D1FBC7E703A8FDF79BFA0498C2E7684669
:10867000FDF796FB0198BDE70748BEE70548BCE754
:108680000120F0E6000C005874AF0008FFFC0F005A
:10869000004402580090D00300093D00202A1ED05B
:1086A000402A1ED0102A0BD1154B1B6813F0200F47
:1086B0001AD0134B1B68C3F3C1031248D840BCE661
:1086C0000120D0E6FCF79EFBB6E603A8FDF768FAAA
:1086D0000498B1E66846FDF763FB0198ACE60A48EA
:1086E000ABE64FF40040A8E60648A6E60120BAE64D
:1086F0000120B8E60120B6E60120B4E60120B2E68A
:10870000004402580090D00300093D00836A13F032
:10871000080F06D00268536823F40043816B0B43B3
:108720005360836A13F0010F06D00268536823F484
:108730000033C16A0B435360836A13F0020F06D003
:108740000268536823F48033016B0B435360836AE0
:1087500013F0040F06D00268536823F48023416BA2
:108760000B435360836A13F0100F06D002689368BE
:1087700023F48053C16B0B439360836A13F0200F83
:1087800006D00268936823F40053016C0B43936096
:10879000836A13F0400F0AD00268536823F48013F1
:1087A000416C0B435360436CB3F5801F0BD0836A5D
:1087B00013F0800F06D00268536823F40023C16CC5
:1087C0000B43536070470268536823F4C003816C05
:1087D0000B435360EBE72DE9F04104460D46164686
:1087E0009846069F2368DB6935EA03030CBF4FF008
:1087F000010C4FF0000CB44538D1B7F1FF3FF1D078
:10880000FAF71AFA4346C01AB84232D89FB323681F
:108810001A6812F0040FE5D0B5F1400218BF01222A
:10882000802DDFD0002ADDD0DA6912F0080F11D1D7
:10883000DA6912F4006FD5D04FF400621A62204654
:10884000FFF748FA2023C4F89030002384F88430DE
:1088500003200CE008251D622046FFF73BFAC4F810
:108860009050002384F88430012000E00020BDE80F
:10887000F0810320FBE70320F9E730B583B004461D
:108880000023C0F89030FAF7D7F90546226812683D
:1088900012F0080F10D123681B6813F0040F27D1C2
:1088A0002023C4F88830C4F88C300020E0662067AC
:1088B00084F8840003B030BD6FF07E43009303461C
:1088C00000224FF400112046FFF785FF0028E2D078
:1088D000226852E8003F23F0800342E8003100297B
:1088E000F6D12023C4F8883084F884100320E1E70F
:1088F0006FF07E4300932B4600224FF48001204608
:10890000FFF769FF0028CBD0226852E8003F23F42C
:10891000907342E800310029F6D1226802F1080381
:1089200053E8003F23F00103083242E800310029F8
:10893000F3D12023C4F88C3084F884100320B9E7E5
:1089400078B310B50446D0F888300BB32423C4F8AC
:1089500088302268136823F001031360A36AE3B927
:108960002046FFF7F1FB012811D02268536823F459
:10897000904353602268936823F02A03936022682F
:10898000136843F0010313602046FFF776FF10BD24
:1089900080F88430FBF772FBD8E72046FFF7B6FE7D
:1089A000DEE7012070470000436E2BB90123A0F8D9
:1089B0006A30A0F86830704700B503689A68C2F35F
:1089C00042629968490FDFF82CE01EF801301B0164
:1089D000DFF824C01CF8011093FBF1F3A0F86A3013
:1089E0001EF802301B011CF8022093FBF2F3A0F8E2
:1089F000683000BD94AF00088CAF00087047704726
:108A0000704790F88430012B18D0012380F884300F
:108A10002423C0F8883003681A68196821F001011E
:108A2000196022F000520023436601680A60202288
:108A3000C0F8882080F884301846704702207047BC
:108A400038B590F88430012B1DD00446012380F8FE
:108A500084302423C0F8883003681D681A6822F027
:108A600001021A600268936823F060431943916021
:108A7000FFF79AFF23681D602023C4F88830002088
:108A800084F8840038BD0220FCE738B590F88430C3
:108A9000012B1DD00446012380F884302423C0F824
:108AA000883003681D681A6822F001021A600268A3
:108AB000936823F0606319439160FFF775FF2368A3
:108AC0001D602023C4F88830002084F8840038BD5D
:108AD0000220FCE7FEE7FEE7FEE7FEE7FEE7704761
:108AE00008B50248FEF72EFE08BD00BFB0480020C2
:108AF00008B50248FEF726FE08BD00BF98460020D4
:108B000008B50248FEF71EFE08BD00BF4C46002017
:108B100008B50248FFF726F908BD00BF6C450020E4
:108B200008B50248FEF70EFE08BD00BF0046002053
:108B30000C4B1B680C4AA2FB03235B0A41F28832F0
:108B400002FB03F3013BB3F1FF3F07D0426B12F08E
:108B5000800FF7D0054B8363002070474FF0004033
:108B6000704700BFA0000020D34D6210C500200058
:108B700084B00DF1040C8CE80E000B461343039AED
:108B80001343049A1343059A13434168034A0A4066
:108B900013434360002004B0704700BF002CC0FFA7
:108BA000D0F880007047036843F00303036000209F
:108BB0007047006800F00300704700000B68836096
:108BC0004B688A681343CA6813430A691343C16830
:108BD000024A0A401343C36000207047C0E0FEFF12
:108BE0000069C0B270471430405870470B68436248
:108BF0004B6883628B68CA6813430A6913434A69E6
:108C00001343C26A22F0FF021343C362002070477D
:108C100010B586B004460023019302930393049396
:108C20004FF48053059301A9FFF7C8FF2046FFF7D3
:108C30007FFF06B010BD000038B504460D46514B0D
:108C40001B685149A1FB03135B0A03FB02F2013AC3
:108C5000B2F1FF3F5ED0616B4C4B0B40002BF6D066
:108C600011F4005FF3D1636B13F0040F06D1606B56
:108C700010F0010005D00123A3634DE00420A063A0
:108C80004AE0434BA3632046FFF7AAFFA84201D066
:108C9000012041E000212046FFF7A5FF03463D48A3
:108CA0001840C8B3002B38DB13F0804F38D113F0D5
:108CB000005F37D113F0805F36D113F0006F36D1EB
:108CC00013F0806F36D113F0807F36D113F4000F8C
:108CD00036D113F4800F36D113F4001F36D113F4BC
:108CE000801F36D113F4802F36D113F4003F36D1D4
:108CF00013F4803F36D113F4004F36D113F4804F74
:108D000036D113F4005F36D113F0080F36D04FF48C
:108D1000000001E04FF0004038BD4FF00070FBE76D
:108D20004020F9E78020F7E74FF48070F4E74FF434
:108D30000070F1E74FF48060EEE74FF40060EBE77E
:108D40004FF48050E8E74FF40050E5E74FF48040DF
:108D5000E2E74FF40040DFE74FF40030DCE74FF488
:108D60008020D9E74FF40020D6E74FF48010D3E7F6
:108D70004FF40010D0E74FF48000CDE74FF480307F
:108D8000CAE700BFA0000020D34D621045002000BC
:108D9000C500200008E0FFFD30B587B00546019111
:108DA000102402944FF480730393002304934FF430
:108DB0008053059301A9FFF701FF41F28832214654
:108DC0002846FFF739FF07B030BD30B587B00546FC
:108DD0000191112402944FF48073039300230493B0
:108DE0004FF48053059301A9FFF7E8FE41F2883262
:108DF00021462846FFF720FF07B030BD30B587B0C9
:108E000005460191122402944FF4807303930023CA
:108E100004934FF48053059301A9FFF7CFFE41F26D
:108E2000883221462846FFF707FF07B030BD30B52E
:108E300087B005460191182402944FF48073039380
:108E4000002304934FF48053059301A9FFF7B6FE66
:108E500041F2883221462846FFF7EEFE07B030BDCA
:108E600030B587B005460191192402944FF4807300
:108E70000393002304934FF48053059301A9FFF754
:108E80009DFE41F2883221462846FFF7D5FE07B005
:108E900030BD30B587B005460191072402944FF4E8
:108EA00080730393002304934FF48053059301A927
:108EB000FFF784FE41F2883221462846FFF7BCFEC8
:108EC00007B030BD30B587B0054601913724029414
:108ED0004FF480730393002304934FF4805305935E
:108EE00001A9FFF76BFE41F2883221462846FFF7C1
:108EF000A3FE07B030BD30B587B00546019106240A
:108F000002944FF480730393002304934FF480532F
:108F1000059301A9FFF752FE41F288322146284607
:108F2000FFF78AFE07B030BD30B587B00546002395
:108F30000193332402944FF48072039204934FF40C
:108F40008053059301A9FFF739FE41F2883221468B
:108F50002846FFF771FE07B030BD30B587B0054633
:108F600001910D2402944FF4807303930023049322
:108F70004FF48053059301A9FFF720FE41F2883298
:108F800021462846FFF758FE07B030BD30B587B000
:108F90000546002301930D2402944FF4807203923E
:108FA00004934FF48053059301A9FFF707FE41F2A4
:108FB000883221462846FFF73FFE07B030BD00004B
:108FC0000146144B1B68144AA2FB03235B0A41F2BF
:108FD000883202FB03F3013BB3F1FF3F17D04A6B2A
:108FE00012F0450FF7D012F4005FF4D14B6B13F081
:108FF000040F06D1486B10F0010005D1074B8B63BD
:10900000704704208863704701238B6370474FF0DB
:1090100000407047A0000020D34D6210C500200022
:1090200010B586B0044600230193022202924FF449
:109030004072039204934FF48053059301A9FFF704
:10904000BDFD2046FFF7BCFF06B010BD10B586B0D1
:1090500004460191092302934FF4407303930023C4
:1090600004934FF48053059301A9FFF7A7FD204611
:10907000FFF7A6FF06B010BD0146114B1B68114A51
:10908000A2FB03235B0A41F2883202FB03F3013B9C
:10909000B3F1FF3F10D04A6B12F0450FF7D012F436
:1090A000005FF4D1486B10F0040002D1064B8B63D3
:1090B00070470420886370474FF00040704700BF3E
:1090C000A0000020D34D6210C500200010B586B06E
:1090D00004460191292302934FF4807303930023E4
:1090E00004934FF48053059301A9FFF767FD2046D1
:1090F000FFF7C2FF06B010BD70B504460D46164618
:10910000244B1B68244AA2FB03235B0A41F28832EA
:1091100002FB03F3013BB3F1FF3F31D0626B12F06E
:10912000450FF7D012F4005FF4D1636B13F0040F16
:1091300006D1606B10F0010005D00123A36321E08C
:109140000420A0631EE02046FFF74AFDA84201D09C
:10915000012017E0114BA36300212046FFF743FDD8
:10916000034610F4604008D013F4804F0BD113F481
:10917000004F0BD04FF4805004E01B0C338001E013
:109180004FF0004070BD4FF40050FBE74FF48030CB
:10919000F8E700BFA0000020D34D6210C5002000FA
:1091A00070B586B006460D46002301930324029451
:1091B0004FF48072039204934FF48053059301A9F6
:1091C000FFF7FCFC2A4621463046FFF795FF06B024
:1091D00070BD00000146174B1B68174AA2FB032312
:1091E0005B0A41F2883202FB03F3013BB3F1FF3F1C
:1091F0001BD04A6B12F0450FF7D012F4005FF4D188
:109200004B6B13F0040F0AD1486B10F0010009D129
:109210004B6B13F040030BD040238B63704704204B
:109220008863704701238B6370474FF0004070479D
:1092300018467047A0000020D34D621010B586B0CC
:1092400004464FF4D5730193082302934FF48073BF
:109250000393002304934FF48053059301A9FFF770
:10926000ADFC2046FFF7B6FF06B010BD314AD2F87C
:10927000883043F47003C2F888302F4B1B6803F02A
:109280000F03062B06D82C4A136823F00F0343F074
:1092900007031360294B1A6842F001021A6000228A
:1092A0001A611968264A0A401A60234B1B6813F09A
:1092B000080F06D0204A136823F00F0343F007037A
:1092C00013601E4B00229A61DA611A621D4999628D
:1092D0001D49D9621D4919635A639963DA63196498
:1092E0005A64196821F4802119601A66184B1B68AA
:1092F0006FF30F03B3F1005F03D2164B0122C3F8E3
:1093000008210E4BD3F8D43013F4805F10D10B4BEF
:10931000D3F8D42042F48052C3F8D4200E4A43F24A
:10932000D2011160D3F8D42022F48052C3F8D420A3
:10933000704700BF00ED00E00020005200440258DA
:109340007FEDF6EA000202020000FF018002010147
:109350000010005C0080005100400052054AD368B4
:1093600043F00203D360034B5B6813F4005FFAD051
:10937000704700BF00480258084B1B681B6823B9A0
:10938000074B4FF0FF321A607047044B1B68DB68D5
:10939000DB685A68024B1A60704700BF6C490020B6
:1093A000044900202DE9F84380460D4617469946AA
:1093B000089E0A9C9200A521206B01F068F8236B9F
:1093C0006FF040423A4403EB820323F0070795B362
:1093D0004FF0000CBCF10F0F09D815F80C3004EB5E
:1093E0000C0282F8343013B10CF1010CF2E70023C7
:1093F00084F84330372E00D93726E662E66400252C
:109400002565201DF7F79DFF04F11800F7F799FF78
:109410002461C6F13806A6616462656584F8585017
:109420004A4641463846F8F703FB2060099B03B1E2
:109430001C60BDE8F883002384F83430DAE70000CC
:1094400038B5002407E004EB84000F4B03EB8000E9
:10945000F7F76CFF0134372CF5D90C4D2846F7F798
:1094600065FF0B4C2046F7F761FF0A48F7F75EFFF0
:109470000948F7F75BFF0948F7F758FF084B1D60ED
:10948000084B1C6038BD00BF98490020844900206B
:1094900070490020544900204049002028490020FC
:1094A0006C4900206849002010B50446F8F7EAFA34
:1094B000224A136801331360214B1B685BB1214BB7
:1094C0001B686BB91E4B1B68DA6AE36A9A4207D8BD
:1094D0001B4B1C6004E01A4B1C601368012B29D045
:1094E000194A1368013313606364E06A174B1B6801
:1094F000984201D9154B186000EB8000211D144BD8
:1095000003EB8000F7F720FFF8F7DEFA0D4B1B683E
:109510007BB10B4B1B68DA6AE36A9A4209D24FF0BF
:10952000E0234FF08052C3F8042DBFF34F8FBFF3F9
:109530006F8F10BDFFF784FFD2E700BF24490020E2
:10954000F84D002018490020084900201C4900203F
:109550009849002010B5044690F8593063B1012BAA
:1095600011D0022B0ED04FF0500383F31188BFF3BC
:109570006F8FBFF34F8FFEE7006BF7F797FE204624
:10958000F7F794FE10BDF7F791FEFBE70F4B1B6852
:10959000D3B110B5F8F776FA0D4BDB68DC68201D07
:1095A000F7F7F9FE0B4A1368013B1360074A13688B
:1095B000013B1360F8F788FA2046FFF7CBFF034B17
:1095C0001B68002BE6D110BD704700BF3C4900204E
:1095D000404900202449002008B5FFF7D7FF074B7A
:1095E0001B68012BF9D94FF0E0234FF08052C3F8EC
:1095F000042DBFF34F8FBFF36F8FEEE79849002024
:1096000070B504460E46194B1D68194B1868043096
:10961000F7F7C1FEB4F1FF3F14BF00230123002E72
:1096200008BF00236BB92C44114B1B685C60A5423A
:109630000ED9104B18680E4B19680431F7F78FFEDE
:1096400070BD0B4B196804310B48F7F77DFEF7E747
:109650000A4B1868064B19680431F7F780FE084B6F
:109660001B68A342ECD9064B1C60E9E720490020A7
:10967000F84D002068490020284900206C4900204E
:109680000449002010B586B08C46099979B10A9931
:10969000B1B15C21049104995C291AD04FF05003B8
:1096A00083F31188BFF36F8FBFF34F8FFEE74FF047
:1096B000500383F31188BFF36F8FBFF34F8FFEE723
:1096C0004FF0500383F31188BFF36F8FBFF34F8FB9
:1096D000FEE7DDF810E00A99099C0C6302210A9C60
:1096E00084F8591000210391029405A90191089969
:1096F00000916146FFF756FE0A98FFF7D5FE0598E0
:1097000006B010BD2DE9F04385B081468846144669
:109710001F469000F7F748FD00B306465C20F7F7B8
:1097200043FD0546A0B12E63002380F85930039312
:1097300002900D9B01930C9B00933B4622464146B1
:109740004846FFF72FFE2846FFF7AEFE012007E050
:109750003046F7F7ABFD4FF0FF3001E04FF0FF3040
:1097600005B0BDE8F083000010B588B00024059472
:10977000069407AA06A905A8F7F750FC059B0293D3
:10978000069B019300942346079A17491748FFF751
:1097900079FF174B186018B100F084FC012804D041
:1097A000B0F1FF3F16D008B010BD4FF0500383F367
:1097B0001188BFF36F8FBFF34F8F0E4B4FF0FF3207
:1097C0001A600D4B01221A600C4B00221A60F8F748
:1097D000F3F9E8E74FF0500383F31188BFF36F8F7D
:1097E000BFF34F8FFEE700BF24AF0008D9950008F4
:1097F0000049002004490020184900202049002089
:10980000024A136801331360704700BFFC48002010
:10981000014B1868704700BF2049002008B5F8F7D1
:1098200059FA014B186808BD20490020F8B53D4B96
:109830001B68002B6ED13C4B1D6801351D60C5B9FE
:109840003A4B1B681B6843B14FF0500383F31188F8
:10985000BFF36F8FBFF34F8FFEE7344A1168344B6D
:10986000186810601960334A136801331360FFF7FA
:1098700083FD314B1B68AB4241D900231F462F4B60
:109880001B68DB6A03EB83039B002D4AD358012B33
:1098900001D901231F462B4B1B68002B40D001230D
:1098A0001F463DE001231F46204B1B681B684BB33E
:1098B0001E4B1B68DB68DC6863689D4227D3261D4E
:1098C0003046F7F768FDA36A1BB104F11800F7F7FB
:1098D00062FDE06A1C4B1B68984201D91A4B186064
:1098E00000EB80003146164B03EB8000F7F72CFDB0
:1098F000E26A124B1B68DB6A9A42D3D2D4E7002398
:109900001F46D1E70C4B4FF0FF321A60B7E70A4A07
:109910001360B4E70D4A13680133136000231F4638
:109920003846F8BDFC480020204900206C49002042
:10993000684900200C49002004490020F84D00200F
:1099400098490020104900201C490020144900209B
:1099500038B5354B1B6843B94FF0500383F311887A
:10996000BFF36F8FBFF34F8FFEE7F8F78BF82E4BE7
:109970001A68013A1A601B68002B4FD12B4B1B68E9
:109980000BB91C464BE00024294B1B681BB3284B2A
:10999000DB68DC6804F11800F7F7FDFC251D28469C
:1099A000F7F7F9FCE06A234B1B68984201D9214B79
:1099B000186000EB800029461F4B03EB8000F7F78F
:1099C000C3FCE26A1D4B1B68DB6A9A42DCD31C4B6A
:1099D00001221A60D8E70CB1FFF7CEFC194B1C68C6
:1099E00084B9174B1C68D4B14FF0E0234FF080527C
:1099F000C3F8042DBFF34F8FBFF36F8F01240EE028
:109A0000013C07D0FFF712FF0028F9D00C4B0122D0
:109A10001A60F5E70B4B00221A60E2E70024F8F722
:109A200053F8204638BD00BFFC48002024490020E0
:109A3000544900201C49002098490020F84D00207E
:109A4000104900201449002038B558B10C4605468D
:109A500089B94FF0500383F31188BFF36F8FBFF3C1
:109A60004F8FFEE74FF0500383F31188BFF36F8FE2
:109A7000BFF34F8FFEE71C4B1B6843B14FF0500301
:109A800083F31188BFF36F8FBFF34F8FFEE7FFF7AC
:109A9000B7FE164B18682A6823461344824209D938
:109AA0009A4201D82B600EE0984201D32B600AE065
:109AB0002B6004E09A4201D8984212D22B60002118
:109AC000181AFFF79DFDFFF743FF48B94FF0E02359
:109AD0004FF08052C3F8042DBFF34F8FBFF36F8F49
:109AE00038BD2B60EFE700BFFC4800202049002074
:109AF00010B5A8B10446104B1B6843B14FF050039A
:109B000083F31188BFF36F8FBFF34F8FFEE7FFF72B
:109B100077FE00212046FFF773FDFFF719FF48B9D4
:109B20004FF0E0234FF08052C3F8042DBFF34F8F66
:109B3000BFF36F8F10BD00BFFC48002008B52D4B50
:109B40001B681BB12C4B01221A6008BD2A4B002256
:109B50001A602A4B1B681B6B1A68B2F1A53F03D130
:109B60005A68B2F1A53F10D0244B186819683431F7
:109B7000F7F7B9FA224B1B6803EB830292002149E5
:109B80008A58A2B953B1013BF6E79A68B2F1A53FF2
:109B9000EAD1DB68B3F1A53FE6D1EBE74FF0500324
:109BA00083F31188BFF36F8FBFF34F8FFEE7084633
:109BB00003EB830201EB820251684968516003EBB9
:109BC000830292000832024491420BD003EB8301DE
:109BD0000C4A02EB81025268D168084A1160084AB7
:109BE0001360B2E7486803EB8301064A02EB810287
:109BF0005060EBE7FC48002010490020F84D0020A1
:109C00001C4900209849002058B110B50C46094A5B
:109C100011681831F7F7A3FB01212046FFF7F0FC8C
:109C200010BD4FF0500383F31188BFF36F8FBFF364
:109C30004F8FFEE7F84D002038B578B10D46144639
:109C40000B4A11681831F7F77FFB14B14FF0FF335F
:109C50001D4621462846FFF7D3FC38BD4FF0500380
:109C600083F31188BFF36F8FBFF34F8FFEE700BF01
:109C7000F84D002038B5C368DC6834B304F118032C
:109C80001D461846F7F787FB184B1B6833BB231D8F
:109C90001D461846F7F77FFBE06A154B1B68984294
:109CA00001D9134B186000EB80002946114B03EBE0
:109CB0008000F7F749FBE26A0F4B1B68DB6A9A42A8
:109CC00011D901200D4B186038BD4FF0500383F3BC
:109CD0001188BFF36F8FBFF34F8FFEE72946084807
:109CE000F7F732FBE7E70020EEE700BFFC48002073
:109CF0001C49002098490020F84D00201049002000
:109D000054490020034B1B680360034B1B684360EE
:109D1000704700BF0C49002020490020E0B170B519
:109D20000C46064609B3F7F7ADFE1C4B196873687D
:109D3000C81A2268B2F1FF3F28D03568DFF860C04A
:109D4000DCF800C0654501D08B4224D9824215D889
:109D50000023236001241AE04FF0500383F311889D
:109D6000BFF36F8FBFF34F8FFEE74FF0500383F3C6
:109D70001188BFF36F8FBFF34F8FFEE75B1A134459
:109D800023603046FFF7BEFF002400E00024F7F711
:109D90009BFE204670BD0124F9E700BF204900204A
:109DA0000C490020014B01221A6070471049002025
:109DB000014B1868704700BFF84D0020054B1B6829
:109DC00033B1054B1B680BB1002070470220704770
:109DD0000120704718490020FC480020002841D08D
:109DE00038B50446C36A204A1268D26A93422FD219
:109DF0008269002A05DB1C4A1268D26AC2F1380265
:109E00008261616903EB8303184A02EB8303994281
:109E100005D0154B1B68DB6AE362012038BD231DAA
:109E20001D461846F7F7B7FA0F4B1B68D86AE06271
:109E30000F4B1B68984201D90D4B186000EB800056
:109E400029460A4B03EB8000F7F77EFA0120E5E78D
:109E5000C26C054B1B68DB6A9A4201D30020DDE728
:109E60000120DBE7704700BFF84D00209849002033
:109E70001C49002000283ED038B504461E4B1B6804
:109E8000834208D04FF0500383F31188BFF36F8FE4
:109E9000BFF34F8FFEE7036D43B94FF0500383F3D9
:109EA0001188BFF36F8FBFF34F8FFEE7013B036550
:109EB000C16AC26C91421CD00BB1002038BD031D99
:109EC0001D461846F7F767FAE06CE062C0F1380308
:109ED000A3610A4B1B68984201D9084B186000EB3C
:109EE00080002946064B03EB8000F7F72DFA01208E
:109EF000E4E70020E2E77047F84D00201C4900200D
:109F000098490020002847D038B50446036D43B96E
:109F10004FF0500383F31188BFF36F8FBFF34F8F60
:109F2000FEE7C26C8A4200D20A46E16A914201D041
:109F3000012B00D038BD194B1B68A34223D0E2622D
:109F4000A369002B02DBC2F13802A261626901EB56
:109F50008101134B03EB81039A42EBD1231D1D4674
:109F60001846F7F718FAE06A0E4B1B68984201D9B9
:109F70000C4B186000EB80002946094B03EB800076
:109F8000F7F7E2F9D6E74FF0500383F31188BFF3F8
:109F90006F8FBFF34F8FFEE7704700BFF84D002073
:109FA000984900201C490020054B1B6823B1044B35
:109FB0001A68136D01331365014B1868704700BFB1
:109FC000F84D0020064B1A6813682BB90123036073
:109FD00023B9D368186870470023F8E7002070475A
:109FE000FC4E002008B54160006191420CD8D21AA5
:109FF00083699A4201D3012008BD011D0B4B1868EB
:10A00000F7F7ADF90020F7E79A422CBF00220122B2
:10A01000994238BF00220AB10120EDE7011D044B2F
:10A020001868F7F79CF90020E6E700BFF84E00201B
:10A03000FC4E002000B583B0F7F724FD114B1B68E0
:10A040001BB1F7F741FD03B000BD0F48F7F76EF9FC
:10A050000E48F7F76BF90E4B0B4A1A600D4B0B4A83
:10A060001A60002300930C4B0C4A10210A20F7F7CA
:10A070005CFF044B18600028E3D00949F8F740FB67
:10A08000DFE700BFF44E0020144F0020004F0020F7
:10A09000FC4E0020F84E0020FC4D00204C4E0020CD
:10A0A0002CAF000810B588B0FFF7C4FF124B1B6837
:10A0B000CBB100240594069407AA06A905A8F6F7D3
:10A0C000B9FF059B0293069B01930223009323464D
:10A0D000079A0A490A48FFF7D5FA0A4B186010B1E7
:10A0E000012008B010BD4FF0500383F31188BFF377
:10A0F0006F8FBFF34F8FFEE7F44E002034AF0008A0
:10A1000021A40008F04E0020B8B19C460346174831
:10A11000006850B300B585B0009101920293052903
:10A120001CDCFFF74BFE022810D000231A466946BC
:10A130000E480068F7F772FF15E04FF0500383F305
:10A140001188BFF36F8FBFF34F8FFEE70023069A8E
:10A15000694606480068F7F761FF04E0002362469D
:10A160006946F8F766F805B000BD7047F44E002068
:10A1700070B582B01B4B1B681A6862B3DB681E683F
:10A18000DC68251D2846F7F706F9236A204698471C
:10A1900094F8283013F0040FECD0A36933449E42A6
:10A1A00007D26360246129460E4B1868F7F7D7F889
:10A1B000E0E7002100910B4632462046FFF7A4FF5E
:10A1C0000028D7D14FF0500383F31188BFF36F8F6E
:10A1D000BFF34F8FFEE7044A10680249086013601E
:10A1E00002B070BDFC4E0020F84E002038B5054688
:10A1F000FFF70EFB0446074B1B68834205D800237C
:10A200002B60044B1C60204638BDFFF7B1FF0123D3
:10A210002B60F6E7EC4E002070B582B005460E4686
:10A2200017490968C968CC68201DF7F7B4F894F895
:10A2300028C01CF0040F08D12CF0010C84F828C0B1
:10A24000236A2046984702B070BDA1692B4632466A
:10A2500029442046FFF7C6FE0028F1D000210091D6
:10A260000B462A462046FFF74FFF0028E8D14FF063
:10A27000500383F31188BFF36F8FBFF34F8FFEE757
:10A28000FC4E002070B582B005460C46FFF7B8FAC8
:10A2900001A8FFF7ABFF019B43BB0646A84228BFBE
:10A2A0009C421AD02CB1134A12681268E2B90123F9
:10A2B0001C462246A91B104B1868F8F735FAFFF721
:10A2C00047FBA8B94FF0E0234FF08052C3F8042DAC
:10A2D000BFF34F8FBFF36F8F0AE0FFF739FB3146B3
:10A2E0002846FFF799FF03E01C46E2E7FFF730FB43
:10A2F00002B070BDF84E0020F44E002010B588B0BA
:10A3000002E0049B002B0FDA002204A9434B1868DB
:10A31000F7F7F8FF00287ED0049B002BF1DA0799AD
:10A320000698059B9847ECE7069C636913B1201DCE
:10A33000F7F731F803A8FFF759FF049B052B5CD012
:10A3400041DC032B49D02CDC022BDDD894F82830DB
:10A3500043F0010384F82830059BA16902461944A3
:10A360002046FFF73FFE0028CED0236A20469847BC
:10A3700094F8283013F0040FC6D0A2690021009190
:10A380000B46059802442046FFF7BEFE0028BBD1CD
:10A390004FF0500383F31188BFF36F8FBFF34F8FDC
:10A3A000FEE7042BB0D194F8283043F0010384F881
:10A3B00028300599A161B9B10346024601442046FF
:10A3C000FFF710FEA0E7082B07D003DC063B012BAC
:10A3D000BCD999E7092BE6D096E794F8283023F00A
:10A3E000010384F828308FE74FF0500383F311887E
:10A3F000BFF36F8FBFF34F8FFEE794F8283013F051
:10A40000020F04D023F0010384F828307CE72046B3
:10A41000F6F74CFF78E708B010BD00BFF44E0020FF
:10A4200000B583B001A8FFF7CDFD0199FFF72AFF22
:10A43000FFF764FFF6E70000DFF838D0FEF78EFF85
:10A44000FEF714FF0C480D490D4A002302E0D458D2
:10A45000C4500433C4188C42F9D30A4A0A4C00236E
:10A4600001E013600432A242FBD300F01FF8F7F7BB
:10A4700069FA70470000022000000020F40000206C
:10A4800078C80008F800002060500020FEE7024471
:10A490000346934200D1704703F8011BF9E700001F
:10A4A000014B1868704700BFA400002070B50D4B29
:10A4B0000D4C00261D1BB6EBA50F09D100F020FDA9
:10A4C0000A4C0B4B00261D1BB6EBA50F05D170BD2A
:10A4D00054F8043B98470136EDE754F8043B98479D
:10A4E0000136F1E770C8000870C8000870C800089D
:10A4F00074C800080A44914200F1FF3300D170474C
:10A5000010B511F8014B03F8014F9142F9D110BD7C
:10A510002DE9F0432DED0A8B8BB08DED000B0199E9
:10A52000DDF800E04FEA115C11EE903A0CF1FF34D7
:10A5300040F2FD72944211EE100A4FEA135500F2F8
:10A54000CC80C5F30A02A2F2BE347F2C98BF002053
:10A5500000F23381BFEE008BD54AD64B8A18C2F386
:10A56000463C03EB4C1493ED006B93ED027B94EDB2
:10A57000122B94ED183B94ED160B141505EE104AB2
:10A580006FF31302B8EEC55B93ED049BA5EE060BCB
:10A59000A5EE073B93ED08AB93ED105B93ED067BC7
:10A5A00093ED0CBB93ED0A6B93ED0E4BBEF10004E3
:10A5B0008D1A45EC1C4BACEE028BA8EE054B28EE39
:10A5C000092B38EE005BA8EE0A7BA8EE0B6B30EE91
:10A5D000450B30EE080B33EE000B28EE023BA3EEEA
:10A5E000046BB0EE434BA3EE067B98EE024B28EED5
:10A5F000038B30EE046B35EE034B35EE445B35EEEA
:10A60000035B36EE056BA8EE076B34EE062B21EEEE
:10A61000025B15EE902A6FF47273C2F30A5C634416
:10A620003E2B00F2FD8034EE424B34EE064BA24B43
:10A63000B0EE457B93ED028B91EE027BA1EE047BA5
:10A6400093ED003BB0EE480B93ED046BA5EE030BCE
:10A6500010EE101A30EE480B93ED062BA0EE065BC1
:10A66000B0EE451B93ED0E4BA0EE021B37EE017BC7
:10A6700093ED0C6B27EE072B01F07F02921802F18D
:10A680000F0403EBC202A7EE046B92ED1C4B03EB2D
:10A69000C40293ED0A3B93ED085B53F834E0556830
:10A6A000A7EE035B4018002422EE023B37EE047B4A
:10A6B00014EB0E02A2EE057B05EB4033A3EE067B06
:10A6C000BCF1000F00F0BB8043EC102BA7EE000B99
:10A6D0000BB0BDEC0A8BBDE8F083021843EB03041A
:10A6E0006FF00107561EA04644F1FF34B7426FF4E5
:10A6F000001676EB0404C0F059811EEB0E0241EB0C
:10A7000001046FF00107561EA04664F10004B74231
:10A710006FF4001676EB0404C0F01F810029C5F326
:10A720000A0280F2758140F2FE34A24240F3F480C6
:10A7300040F23344A24200F37281A61A4FF0FF3870
:10A74000A6F12007C6F120040294039708FA06F444
:10A7500008FA07F72743029C28FA04F4274308FA6B
:10A7600006F420EA040423EA07073C4340F0D480BF
:10A77000029C039F03FA04F4F0402043FB4018437B
:10A7800000F001008004A2F2BE337F2B21F00041D3
:10A7900023D8CCF30A0CBCF1000F7FF4DBAE9FEDA5
:10A7A000407B9DED006B26EE077B53EC172B23F0CF
:10A7B00000419646A1F15071CCE6041843EB030624
:10A7C0006FF00108671EB1466FF4001C46F1FF36BA
:10A7D000B8457CEB060CC0F02481384B994208BF89
:10A7E000BEF1000F00F0B68040F2BD339A42334B09
:10A7F0004AD9BEF1010F71EB030334BF01220022DD
:10A80000B5F5006F2CBF002301239A424FF00000E2
:10A810000ED10BB0BDEC0A8BBDE8F04300F088B957
:10A82000002BC0F28280BCF5816F2AD9002AF0DBB0
:10A830000BB0BDEC0A8BBDE8F04300F081B9A1423A
:10A8400080F2A080B7EE004B03F17F5101F50011BB
:10A85000104641EC150B27EE057B35EE076BB0EE8D
:10A86000C63BB4EEC43BF1EE10FA29D49FED0E0BBB
:10A8700026EE000B0BB0BDEC0A8BBDE8F04300F0F8
:10A880008FB94FF0000CCEE6002272458B41B7EE37
:10A89000000B34BF31EE000B30EE410B18E700BF68
:10A8A0000000000000003043000000000000100025
:10A8B000AB6A19C0B0AF0008F8BF00080000F03F55
:10A8C000B5EEC06BF1EE10FA01D5BFEE004B36EEDF
:10A8D000042B35EE465B34EE423B35EE075B33EE40
:10A8E000067B37EE057B37EE027B37EE446BB5EE29
:10A8F000406BF1EE10FA04D1002201F0004343EC6A
:10A90000162B9FED715B8DED065B9DED067B27EEB3
:10A91000057B8DED087BA9E79DED000B0BB0BDEC31
:10A920000A8BBDE8F04300F02BB9B7EE000B35EE13
:10A93000000B00283FF4CCAEB1EE400BC8E61EEB96
:10A940000E0E674B81F400214FF000024941724521
:10A950008B4158D3B7EE000BBAE69DED007B002982
:10A9600027EE070B6FDB002052EA080240F09980C7
:10A97000002BBFF6ADAE0BB0BDEC0A8BBDE8F043CB
:10A9800000F0E6B803F140419FED516B01F5700115
:10A99000104641EC100BA7EE000B20EE060B0BB09F
:10A9A000BDEC0A8BBDE8F04300F006B952EA08009E
:10A9B000C5D01EEB0E0E4B4D4FF0000441EB0100D5
:10A9C000744575EB000C01461DD3A84508BFA24293
:10A9D00019D1454A904208BFA645BBD0424ADB4345
:10A9E00091424FEAD37334BF00210121994268D0CC
:10A9F0009FED390B6CE60018394983F400235B4165
:10AA0000A2429941A6D29DED007B37EE010B5FE695
:10AA1000A2F2BE337F2B3FF6E7AE0020BBE600205C
:10AA2000B1E654EA09028AD0304D0022A94208BF9B
:10AA30009645E0D019F5001F08BF9442E3D11EEB04
:10AA40000E0E4941CAE7C5F30A01A1F2FF34342CC6
:10AA500089D8C1F586614FF0FF34A1F11D0C033197
:10AA600004FA0CF604FA01F5C1F1200E354324FA7C
:10AA70000EF635438C4020EA040423EA05052C43F6
:10AA80007FF471AF20FA01F103FA0EFE41EA0E01E4
:10AA900023FA0CFC41EA0C0111F001010DD108462A
:10AAA00062E7002BBFF614AEB7EE006B86EE007BBC
:10AAB0008DED047B9DED040B0AE60120B1EE400B09
:10AAC00052E721EE010B03E6000000000000100039
:10AAD000000000000000007F0000000000000000F7
:10AAE0000000F0FF0000E0FF0000E07F0000F03F0A
:10AAF00010B582B08DED000B0446FFF7D1FC9DED43
:10AB0000000B046002B010BD82B058B1B1EE407BC2
:10AB10008DED007B9DED007B222020EE070B02B027
:10AB2000FFF7E6BFB0EE407BF2E700BF0000000099
:10AB30009FED010BFFF7E8BF0000000000000010D0
:10AB40009FED010BFFF7E0BF000000000000007068
:10AB500082B00028BFEE006BB7EE007B07FE067BDD
:10AB60008DED007B9DED000B9FED037B222080EEA1
:10AB7000070B02B0FFF7BCBF0000000000000000A0
:10AB8000B4EE400BF1EE10FA30EE407B87EE076B2F
:10AB9000B0EE460B02D62120FFF7AABF704700BFD8
:10ABA000B5EE400BF1EE10FA00D070472220FFF70F
:10ABB0009FBF00BF000000009FED076BB0EEC07BA1
:10ABC000B4EE467BF1EE10FA00DC70472220FFF76E
:10ABD0008FBF00BFAFF30080FFFFFFFFFFFFEF7FDE
:10ABE0002DE9F04782B00646DDF828E00846B44675
:10ABF0000D46002B4ED18A4214466DD9B2FA82F22C
:10AC000042B1C2F12003954026FA03F394401D435C
:10AC100006FA02FC260CA7B2B5FBF6F14FEA1C437C
:10AC200006FB115543EA054301FB07F0984209D999
:10AC3000E31801F1FF3580F00381984240F2008172
:10AC4000023923441B1A1FFA8CFCB3FBF6F006FBF7
:10AC500010334CEA034C00FB07F363450AD914EBAD
:10AC60000C0C00F1FF3580F0ED80634540F2EA8086
:10AC7000A444023840EA0140ACEB030C0021BEF1D1
:10AC8000000F04D02CFA02F30022CEE9003202B009
:10AC9000BDE8F0878B4209D9BEF1000F01D0CEE9A3
:10ACA00000610021084602B0BDE8F087B3FA83F1E5
:10ACB000174600294DD1834202D3B24200F20F81E0
:10ACC000B6EB070C60EB030301201D46BEF1000F3D
:10ACD000DDD0CEE900C5DAE7002A00F098801A46F8
:10ACE000B4FA84F3002B40F0AF800B1B270CA6B204
:10ACF0000121B3FBF7F54FEA1C4007FB153340EA8F
:10AD0000034306FB05F8984507D9E31805F1FF3022
:10AD100002D2984500F2E8800546A3EB08031FFA2B
:10AD20008CFCB3FBF7F007FB10334CEA034C06FB3B
:10AD300000F3634508D914EB0C0C00F1FF3602D286
:10AD4000634500F2CE803046ACEB030C40EA054090
:10AD500095E7C1F120058B4022FA05FC4CEA030C73
:10AD600000FA01F426FA05F3E84002FA01F943EA91
:10AD700004084FEA1C4206FA01FAB0FBF2F71FFA88
:10AD80008CF602FB17004FEA184444EA004407FB24
:10AD900006F0A0420AD91CEB040407F1FF3380F04F
:10ADA0009C80A04240F29980023F6444241A1FFA1A
:10ADB00088F3B4FBF2F002FB104443EA044300FBC7
:10ADC00006F69E4209D91CEB030300F1FF3480F024
:10ADD00082809E427FD90238634440EA0740A0FB4C
:10ADE00009749B1BA3423E46A04664D361D0BEF1CA
:10ADF000000F0AD0BAEB060263EB080303FA05F56D
:10AE0000CA401543CB40CEE9005300213FE7730809
:10AE100043EAC1734A08190C41EA02414FEAC67C71
:10AE20009BB2B2FBF4F02646A04627461F2243EA17
:10AE30000143B1FBF4F1A3EB080341EA004158E7F9
:10AE40002946FFE6284615E71A46C3F120019C4033
:10AE500026FA01F320FA01F190400343270C06FA89
:10AE600002FCB1FBF7F0A6B207FB1015190C41EA82
:10AE7000054100FB06F58D423BD9611801D28D4298
:10AE800020D8491B0138B1FBF7F5019505FB06F801
:10AE9000019D9BB207FB151143EA0143434526D2AE
:10AEA000E31805F1FF31C6D24345C4D2A91E23449D
:10AEB000C1E7BA459BD2B7EB090664EB0C04013835
:10AEC000A04694E7651B29440238B1FBF7F50195CC
:10AED00005FB06F8DCE720467FE71F4666E70846E5
:10AEE000F4E6A44402382FE7023D234415E7019914
:10AEF000A1E7491BB1FBF7F5019505FB06F8C7E78C
:10AF0000F8B500BFF8BC08BC9E467047F8B500BF56
:08AF1000F8BC08BC9E46704726
:10AF180064656661756C745461736B0049444C4593
:10AF280000000000546D725100000000546D722042
:10AF38005376630018AF000800000000000000000E
:10AF480000000000000000000002000018000000DF
:10AF58000000000000000000A127000805280008E4
:10AF680031280008A928000821290008010002004A
:10AF78000400060008000A000C0010002000400031
:10AF88008000000108040204080101010101010315
:10AF9800070100000000000001020304010203048D
:10AFA80006070809000000000038FAFE422EE63FB6
:10AFB8003067C79357F32E3D000000000000E0BF44
:10AFC800605555555555E5BF060000000000E03FA7
:10AFD8004E5559999999E93F7AA429555555E5BF90
:10AFE800E945489B5B49F2BFC33F268B2B00F03FE6
:10AFF8000000000000A0F63F000000000000000074
:10B0080000C8B9F2822CD6BF8056372824B4FA3C3F
:10B01800000000000080F63F000000000000000073
:10B02800000858BFBDD1D5BF20F7E0D808A51CBD82
:10B03800000000000060F63F000000000000000073
:10B04800005845177776D5BF6D50B6D5A46223BD95
:10B05800000000000040F63F000000000000000073
:10B0680000F82D87AD1AD5BFD567B09EE484E6BC3D
:10B07800000000000020F63F000000000000000073
:10B08800007877955FBED4BFE03E2993691B04BD65
:10B09800000000000000F63F000000000000000073
:10B0A80000601CC28B61D4BFCC844C482FD8133DA0
:10B0B8000000000000E0F53F000000000000000074
:10B0C80000A886863004D4BF3A0B82EDF342DC3CFC
:10B0D8000000000000C0F53F000000000000000074
:10B0E800004869554CA6D3BF60945186C6B1203D2F
:10B0F8000000000000A0F53F000000000000000074
:10B108000080989ADD47D3BF9280C5D44D59253D1C
:10B11800000000000080F53F000000000000000073
:10B128000020E1BAE2E8D2BFD82BB7991E7B263DB2
:10B13800000000000060F53F000000000000000073
:10B148000088DE135A89D2BF3FB0CFB614CA153D66
:10B15800000000000060F53F000000000000000053
:10B168000088DE135A89D2BF3FB0CFB614CA153D46
:10B17800000000000040F53F000000000000000053
:10B188000078CFFB4129D2BF76DA5328245A16BD5E
:10B19800000000000020F53F000000000000000053
:10B1A800009869C198C8D1BF0454E768BCAF1FBDF7
:10B1B800000000000000F53F000000000000000053
:10B1C80000A8ABAB5C67D1BFF0A88233C61F1F3D98
:10B1D8000000000000E0F43F000000000000000054
:10B1E8000048AEF98B05D1BF665A05FDC4A826BD37
:10B1F8000000000000C0F43F000000000000000054
:10B20800009073E224A3D0BF0E03F47EEE6B0CBD56
:10B218000000000000A0F43F000000000000000053
:10B2280000D0B4942540D0BF7F2DF49EB836F0BC32
:10B238000000000000A0F43F000000000000000033
:10B2480000D0B4942540D0BF7F2DF49EB836F0BC12
:10B25800000000000080F43F000000000000000033
:10B2680000405E6D18B9CFBF873C99AB2A570D3D9A
:10B27800000000000060F43F000000000000000033
:10B288000060DCCBADF0CEBF24AF869CB7262B3D4B
:10B29800000000000040F43F000000000000000033
:10B2A80000F02A6E0727CEBF10FF3F544F2F17BD5F
:10B2B800000000000020F43F000000000000000033
:10B2C80000C04F6B215CCDBF1B68CABB91BA213D42
:10B2D800000000000000F43F000000000000000033
:10B2E80000A09AC7F78FCCBF34849F684F79273D59
:10B2F800000000000000F43F000000000000000013
:10B3080000A09AC7F78FCCBF34849F684F79273D38
:10B318000000000000E0F33F000000000000000013
:10B3280000902D7486C2CBBF8FB78B31B04E193DBC
:10B338000000000000C0F33F000000000000000013
:10B3480000C0804EC9F3CABF6690CD3F634EBA3C79
:10B358000000000000A0F33F000000000000000013
:10B3680000B0E21FBC23CABFEAC146DC648C25BD1D
:10B378000000000000A0F33F0000000000000000F3
:10B3880000B0E21FBC23CABFEAC146DC648C25BDFD
:10B39800000000000080F33F0000000000000000F3
:10B3A8000050F49C5A52C9BFE3D4C104D9D12ABD74
:10B3B800000000000060F33F0000000000000000F3
:10B3C80000D02065A07FC8BF09FADB7FBFBD2B3D39
:10B3D800000000000040F33F0000000000000000F3
:10B3E80000E0100289ABC7BF584A537290DB2B3D6F
:10B3F800000000000040F33F0000000000000000D3
:10B4080000E0100289ABC7BF584A537290DB2B3D4E
:10B41800000000000020F33F0000000000000000D2
:10B4280000D019E70FD6C6BF66E2B2A36AE410BD22
:10B43800000000000000F33F0000000000000000D2
:10B448000090A77030FFC5BF3950109F439E1EBDA6
:10B45800000000000000F33F0000000000000000B2
:10B468000090A77030FFC5BF3950109F439E1EBD86
:10B478000000000000E0F23F0000000000000000B3
:10B4880000B0A1E3E526C5BF8F5B07908BDE20BD2A
:10B498000000000000C0F23F0000000000000000B3
:10B4A8000080CB6C2B4DC4BF3C783561C10C173D77
:10B4B8000000000000C0F23F000000000000000093
:10B4C8000080CB6C2B4DC4BF3C783561C10C173D57
:10B4D8000000000000A0F23F000000000000000093
:10B4E80000901E20FC71C3BF3A54274D8678F13C6A
:10B4F800000000000080F23F000000000000000093
:10B5080000F01FF85295C2BF08C47117308D24BDD2
:10B51800000000000060F23F000000000000000092
:10B5280000602FD52AB7C1BF96A31118A4802EBDDD
:10B53800000000000060F23F000000000000000072
:10B5480000602FD52AB7C1BF96A31118A4802EBDBD
:10B55800000000000040F23F000000000000000072
:10B568000090D07C7ED7C0BFF45BE88896690A3D1E
:10B57800000000000040F23F000000000000000052
:10B588000090D07C7ED7C0BFF45BE88896690A3DFE
:10B59800000000000020F23F000000000000000052
:10B5A80000E0DB3191ECBFBFF233A35C547525BDDD
:10B5B800000000000000F23F000000000000000052
:10B5C80000002B6E0727BEBF3C00F02A2C342A3D12
:10B5D800000000000000F23F000000000000000032
:10B5E80000002B6E0727BEBF3C00F02A2C342A3DF2
:10B5F8000000000000E0F13F000000000000000033
:10B6080000C05B8F545EBCBF06BE5F58570C1DBDA3
:10B618000000000000C0F13F000000000000000032
:10B6280000E04A3A6D92BABFC8AA5BE83539253DB1
:10B638000000000000C0F13F000000000000000012
:10B6480000E04A3A6D92BABFC8AA5BE83539253D91
:10B658000000000000A0F13F000000000000000012
:10B6680000A031D645C3B8BF68562F4D297C133D7D
:10B678000000000000A0F13F0000000000000000F2
:10B6880000A031D645C3B8BF68562F4D297C133D5D
:10B69800000000000080F13F0000000000000000F2
:10B6A8000060E58AD2F0B6BFDA7333C9379726BD92
:10B6B800000000000060F13F0000000000000000F2
:10B6C8000020063F071BB5BF575EC6615B021F3DE2
:10B6D800000000000060F13F0000000000000000D2
:10B6E8000020063F071BB5BF575EC6615B021F3DC2
:10B6F800000000000040F13F0000000000000000D2
:10B7080000E01B96D741B3BFDF13F9CCDA5E2C3DBE
:10B71800000000000040F13F0000000000000000B1
:10B7280000E01B96D741B3BFDF13F9CCDA5E2C3D9E
:10B73800000000000020F13F0000000000000000B1
:10B748000080A3EE3665B1BF09A38F765E7C143DF9
:10B75800000000000000F13F0000000000000000B1
:10B76800008011C0300AAFBF918E36839E592D3D9F
:10B77800000000000000F13F000000000000000091
:10B78800008011C0300AAFBF918E36839E592D3D7F
:10B798000000000000E0F03F000000000000000092
:10B7A80000801971DD42ABBF4C70D6E57A821C3D32
:10B7B8000000000000E0F03F000000000000000072
:10B7C80000801971DD42ABBF4C70D6E57A821C3D12
:10B7D8000000000000C0F03F000000000000000072
:10B7E80000C032F65874A7BFEEA1F23446FC2CBD57
:10B7F8000000000000C0F03F000000000000000052
:10B8080000C032F65874A7BFEEA1F23446FC2CBD36
:10B818000000000000A0F03F000000000000000051
:10B8280000C0FEB9879EA3BFAAFE26F5B702F53C65
:10B838000000000000A0F03F000000000000000031
:10B8480000C0FEB9879EA3BFAAFE26F5B702F53C45
:10B85800000000000080F03F000000000000000031
:10B868000000780E9B829FBFE4097E7C268029BD5C
:10B87800000000000080F03F000000000000000011
:10B888000000780E9B829FBFE4097E7C268029BD3C
:10B89800000000000060F03F000000000000000011
:10B8A8000080D5071BB997BF39A6FA93548D28BDD8
:10B8B800000000000040F03F000000000000000011
:10B8C8000000FCB0A8C08FBF9CA6D3F67C1EDFBCCE
:10B8D800000000000040F03F0000000000000000F1
:10B8E8000000FCB0A8C08FBF9CA6D3F67C1EDFBCAE
:10B8F800000000000020F03F0000000000000000F1
:10B908000000106B2AE07FBFE440DA0D3FE219BD6A
:10B91800000000000020F03F0000000000000000D0
:10B928000000106B2AE07FBFE440DA0D3FE219BD4A
:10B93800000000000000F03F0000000000000000D0
:10B9480000000000000000000000000000000000EF
:10B95800000000000000F03F0000000000000000B0
:10B9680000000000000000000000000000000000CF
:10B978000000000000C0EF3F0000000000000000D1
:10B98800000089751510803FE82B9D996BC710BD85
:10B99800000000000080EF3F0000000000000000F1
:10B9A800008093585620903FD2F7E2065BDC23BD17
:10B9B800000000000040EF3F000000000000000011
:10B9C8000000C9282549983F340C5A32BAA02ABD2C
:10B9D800000000000000EF3F000000000000000031
:10B9E8000040E7895D41A03F53D7F15CC011013D9C
:10B9F8000000000000C0EE3F000000000000000052
:10BA080000002ED4AE66A43F28FDBD7573162CBD6C
:10BA1800000000000080EE3F000000000000000071
:10BA280000C09F14AA94A83F7D265AD0957919BDC5
:10BA3800000000000040EE3F000000000000000091
:10BA480000C0DDCD73CBAC3F0728D847F2681ABDDC
:10BA5800000000000020EE3F000000000000000091
:10BA680000C006C031EAAE3F7B3BC94F3E110EBD58
:10BA78000000000000E0ED3F0000000000000000B2
:10BA8800006046D13B97B13F9B9E0D565D3225BD68
:10BA98000000000000A0ED3F0000000000000000D2
:10BAA80000E0D1A7F5BDB33FD74EDBA55EC82C3D5E
:10BAB800000000000060ED3F0000000000000000F2
:10BAC80000A0974D5AE9B53F1E1D5D3C06692CBD87
:10BAD800000000000040ED3F0000000000000000F2
:10BAE80000C0EA0AD300B73F32ED9DA98D1EEC3C99
:10BAF800000000000000ED3F000000000000000012
:10BB08000040595D5E33B93FDA47BD3A5C11233DC9
:10BB18000000000000C0EC3F000000000000000032
:10BB28000060AD8DC86ABB3FE568F72B809013BDF8
:10BB38000000000000A0EC3F000000000000000032
:10BB48000040BC015888BC3FD3AC5AC6D146263DFC
:10BB5800000000000060EC3F000000000000000052
:10BB680000200A8339C7BE3FE045E6AF68C02DBD57
:10BB7800000000000040EC3F000000000000000052
:10BB880000E0DB3991E8BF3FFD0AA14FD63425BD5F
:10BB9800000000000000EC3F000000000000000072
:10BBA80000E027828E17C13FF2072DCE78EF213DA6
:10BBB8000000000000E0EB3F000000000000000073
:10BBC80000F0237E2BAAC13F349938448EA72C3D20
:10BBD8000000000000A0EB3F000000000000000093
:10BBE8000080860C61D1C23FA1B481CB6C9D033D1E
:10BBF800000000000080EB3F000000000000000093
:10BC0800009015B0FC65C33F89724B23A82FC63C32
:10BC1800000000000040EB3F0000000000000000B2
:10BC280000B033833D91C43F78B6FD547983253DF8
:10BC3800000000000020EB3F0000000000000000B2
:10BC480000B0A1E4E527C53FC77D69E5E833263D97
:10BC58000000000000E0EA3F0000000000000000D3
:10BC680000108CBE4E57C63F782E3C2C8BCF193D0A
:10BC78000000000000C0EA3F0000000000000000D3
:10BC88000070758B12F0C63FE1219CE58D1125BD32
:10BC98000000000000A0EA3F0000000000000000D3
:10BCA800005044858D89C73F0543917010661CBDBF
:10BCB800000000000060EA3F0000000000000000F3
:10BCC800000039EBAFBEC83FD12CE9AA543D07BDEF
:10BCD800000000000040EA3F0000000000000000F3
:10BCE8000000F7DC5A5AC93F6FFFA05828F2073DF9
:10BCF800000000000000EA3F000000000000000013
:10BD080000E08A3CED93CA3F69215650437228BD32
:10BD18000000000000E0E93F000000000000000013
:10BD280000D05B57D831CB3FAAE1AC4E8D350CBD66
:10BD38000000000000C0E93F000000000000000013
:10BD480000E03B3887D0CB3FB6125459C44B2DBDC9
:10BD58000000000000A0E93F000000000000000013
:10BD68000010F0C6FB6FCC3FD22B96C572ECF1BC2D
:10BD7800000000000060E93F000000000000000033
:10BD88000090D4B03DB1CD3F35B015F72AFF2ABD9C
:10BD9800000000000040E93F000000000000000033
:10BDA8000010E7FF0E53CE3F30F441602712C23C2B
:10BDB800000000000020E93F000000000000000033
:10BDC8000000DDE4ADF5CE3F118EBB651521CABC80
:10BDD800000000000000E93F000000000000000033
:10BDE80000B0B36C1C99CF3F30DF0CCAECCB1B3DC5
:10BDF8000000000000C0E83F000000000000000054
:10BE080000584D603871D03F914EED16DB9CF83CE0
:10BE18000000000000A0E83F000000000000000053
:10BE2800006061672DC4D03FE9EA3C168B18273DB6
:10BE3800000000000080E83F000000000000000053
:10BE480000E827828E17D13F1CF0A5630E212CBD78
:10BE5800000000000060E83F000000000000000053
:10BE680000F8ACCB5C6BD13F8116A5F7CD9A2B3D82
:10BE7800000000000040E83F000000000000000053
:10BE880000685A6399BFD13FB7BD4751EDA62C3D15
:10BE9800000000000020E83F000000000000000053
:10BEA80000B80E6D4514D23FEABA46BADE870A3D9D
:10BEB8000000000000E0E73F000000000000000074
:10BEC8000090DC7CF0BED23FF404504AFA9C2A3D34
:10BED8000000000000C0E73F000000000000000074
:10BEE8000060D3E1F114D33FB83C21D37AE228BDF6
:10BEF8000000000000A0E73F000000000000000074
:10BF08000010BE76676BD33FC877F1B0CD6E113D98
:10BF1800000000000080E73F000000000000000073
:10BF28000030337752C2D33F5CBD06B6543B183D50
:10BF3800000000000060E73F000000000000000073
:10BF480000E8D523B419D43F9DE090EC36E4083DD1
:10BF5800000000000040E73F000000000000000073
:10BF680000C871C28D71D43F75D66709CE272FBD21
:10BF7800000000000020E73F000000000000000073
:10BF88000030179EE0C9D43FA4D80A1B89202EBDD3
:10BF9800000000000000E73F000000000000000073
:10BFA80000A03807AE22D53F59C7648170BE2E3D28
:10BFB8000000000000E0E63F000000000000000074
:10BFC80000D0C853F77BD53FEF405DEEEDAD1F3D88
:10BFD8000000000000C0E63F000000000000000074
:10BFE800006059DFBDD5D53FDC65A4082A0B0ABD22
:10BFF800FE822B65471567400000000000003843AB
:10C008000000FAFE422E76BF3A3B9EBC9AF70CBD62
:10C01800BDFDFFFFFFFFDF3F3C5455555555C53F5C
:10C02800912B17CF5555A53F17D0A4671111813F04
:10C03800000000000000C842EF39FAFE422EE63F39
:10C0480024C482FFBDBFCE3FB5F40CD7086BAC3F0C
:10C05800CC5046D2ABB2833F843A4E9BE0D7553F93
:10C068000000000000000000000000000000F03F99
:10C078006EBF881A4F3B9B3C3533FBA93DF6EF3F1B
:10C088005DDCD89C136071BC6180773E9AECEF3F11
:10C09800D16687107A5E90BC857F6EE815E3EF3F26
:10C0A80013F6673552D28C3C748515D3B0D9EF3F5F
:10C0B800FA8EF92380CE8BBCDEF6DD296BD0EF3FFC
:10C0C80061C8E6614EF7603CC89B751845C7EF3FED
:10C0D80099D3335BE4A3903C83F3C6CA3EBEEF3FDB
:10C0E8006D7B835DA69A973C0F89F96C58B5EF3F35
:10C0F800FCEFFD921AB58E3CF747722B92ACEF3FDE
:10C10800D19C2F703DBE3E3CA2D1D332ECA3EF3F71
:10C118000B6E908934036ABC1BD3FEAF669BEF3F5E
:10C128000EBD2F2A525695BC515B12D00193EF3F9A
:10C1380055EA4E8CEF8050BCCC316CC0BD8AEF3FC5
:10C1480016F4D5B923C991BCE02DA9AE9A82EF3F68
:10C15800AF555CE9E3D3803C518EA5C8987AEF3F90
:10C168004893A5EA151B80BC7B517D3CB872EF3F14
:10C178003D32DE55F01F8FBCEA8D8C38F96AEF3FEF
:10C18800BF53133F8C898B3C75CB6FEB5B63EF3FE1
:10C1980026EB11769CD996BCD45C0484E05BEF3F17
:10C1A800602F3A3EF7EC9A3CAAB968318754EF3FC2
:10C1B8009D3886CB82E78FBC1DD9FC22504DEF3FBE
:10C1C8008DC3A644416F8A3CD68C62883B46EF3FBC
:10C1D8007D04E4B0057A803C96DC7D91493FEF3FD1
:10C1E80094A8A8E3FD8E963C3862756E7A38EF3FC6
:10C1F8007D4874F2185E873C3FA6B24FCE31EF3FC0
:10C20800F2E71F982B47803CDD7CE265452BEF3F2A
:10C218005E08713F7BB896BC8163F5E1DF24EF3F90
:10C2280031AB096DE1F7823CE1DE1FF59D1EEF3F62
:10C23800FABF6F1A9B213DBC90D9DAD07F18EF3F27
:10C24800B40A0C7282378B3C0B03E4A68512EF3FCD
:10C258008FCBCE8992146E3C562F3EA9AF0CEF3F80
:10C26800B6ABB04D754D833C15B7310AFE06EF3FAE
:10C278004C74ACE20142863C31D84CFC7001EF3F73
:10C288004AF8D35D39DD8F3CFF1664B208FCEE3FF7
:10C29800045B8E3B80A386BCF19F925FC5F6EE3FA0
:10C2A80068504BCCED4A92BCCBA93A37A7F1EE3F88
:10C2B8008E2D511BF80799BC66D8056DAEECEE3F84
:10C2C800D236943EE8D171BCF79FE534DBE7EE3F08
:10C2D800151BCEB3191999BCE5A813C32DE3EE3F7E
:10C2E8006D4C2AA7489F853C2234124CA6DEEE3FAF
:10C2F8008A69287A601293BC1C80AC0445DAEE3F48
:10C308005B8917488FA758BC2A2EF7210AD6EE3F1B
:10C318001B9A49679B2C7CBC97A850D9F5D1EE3F56
:10C3280011ACC260ED63433C2D89616008CEEE3FDD
:10C33800EF64063B0966963C57001DED41CAEE3F87
:10C348007903A1DAE1CC6E3CD03CC1B5A2C6EE3F80
:10C3580030120F3F8EFF933CDED3D7F02AC3EE3F57
:10C36800B0AF7ABBCE90763C272A36D5DABFEE3FFF
:10C3780077E054EBBD1D933C0DDDFD99B2BCEE3F5B
:10C388008EA3710034948FBCA72C9D76B2B9EE3F72
:10C3980049A393DCCCDE87BC4266CFA2DAB6EE3F77
:10C3A8005F380FBDC6DE78BC824F9D562BB4EE3F7A
:10C3B800F65C7BEC461286BC0F925DCAA4B1EE3FD8
:10C3C8008ED7FD180535933CDA27B53647AFEE3FD3
:10C3D800059B8A2FB7987B3CFDC797D412ADEE3FDB
:10C3E80009541CE2E163903C295448DD07ABEE3F59
:10C3F800EAC6195085C7343CB746598A26A9EE3F84
:10C4080035C0642BE632943C4821AD156FA7EE3F4A
:10C418009F7699614AE48CBC09DC76B9E1A5EE3FC8
:10C42800A84DEF3BC5338CBC85553AB07EA4EE3F92
:10C43800AEE92B89785384BC20C3CC3446A3EE3FA5
:10C4480058585678DDCE93BC2522558238A2EE3F47
:10C4580064197E80AA10573C73A94CD455A1EE3FAD
:10C4680028225EBFEFB393BCCD3B7F669EA0EE3F14
:10C4780082B93487AD126ABCBFDA0B7512A0EE3FE1
:10C48800EEA96DB8EF6763BC2F1A653CB29FEE3F0B
:10C498005188E0543DDC80BC849451F97D9FEE3F87
:10C4A800CF3E5A7E641F78BC745FECE8759FEE3F00
:10C4B800B07D8BC04AEE86BC7481A5489A9FEE3F3A
:10C4C8008AE6551E321986BCC9674256EB9FEE3F75
:10C4D800D3D4095ECB9C903C3F5DDE4F69A0EE3F14
:10C4E8001DA54DB9DC327BBC8701EB7314A1EE3F6F
:10C4F8006BC06754FDEC943C32C13001EDA1EE3FB6
:10C50800556CD6ABE1EB653C624ECF36F3A2EE3FFD
:10C5180042CFB32FC5A188BC121A3E5427A4EE3FC0
:10C5280034373BF1B66993BC13CE4C9989A5EE3FDD
:10C538001EFF193A845E80BCADC723461AA7EE3F9A
:10C548006E5772D850D494BCED92449BD9A8EE3F54
:10C55800008A0E5B67AD903C99668AD9C7AAEE3F00
:10C56800B4EAF0C12FB78D3CDBA02A42E5ACEE3F20
:10C57800FFE7C59C60B665BC8C44B51632AFEE3F8C
:10C58800445FF35983F67B3C36771599AEB1EE3F9D
:10C59800833D1EA71F0993BCC6FF910B5BB4EE3FFA
:10C5A800291E6C8BB8A95DBCE5C5CDB037B7EE3F89
:10C5B80059B9907CF9236CBC0F52C8CB44BAEE3FF2
:10C5C800AAF9F422434392BC504EDE9F82BDEE3F4F
:10C5D8004B8E66D76CCA85BCBA07CA70F1C0EE3FED
:10C5E80027CE912BFCAF713C90F0A38291C4EE3F13
:10C5F800BB730AE135D26D3C2323E31963C8EE3FD0
:10C608006322622204C587BC65E55D7B66CCEE3F8C
:10C61800D531E2E3861C8B3C332D4AEC9BD0EE3FB0
:10C6280015BBBCD3D1BB91BC5D253EB203D5EE3F53
:10C63800D231EE9C31CC903C58B330139ED9EE3FAA
:10C64800B35A736E8469843CBFFD79556BDEEE3F47
:10C65800B49D8E97CDDF82BC7AF3D3BF6BE3EE3FF8
:10C668008733CB92771A8C3CADD35A999FE8EE3F2B
:10C67800FAD9D14A8F7B90BC66B68D2907EEEE3F7A
:10C68800BAAEDC56D9C355BCFB154FB8A2F3EE3F82
:10C6980040F6A63D0EA490BC3A59E58D72F9EE3FDE
:10C6A8003493AD38F4D668BC475EFBF276FFEE3FB4
:10C6B800358A586BE2EE91BC4A06A130B005EF3FCF
:10C6C800CDDD5F0AD7FF743CD2C14B901E0CEF3F03
:10C6D800AC9892FAFBBD91BC091ED75BC212EF3F22
:10C6E800B30CAF30AE6E733C9C5285DD9B19EF3FA7
:10C6F80094FD9F5C32E38E3C7AD0FF5FAB20EF3F26
:10C70800AC5909D18FE0843C4BD1572EF127EF3F2C
:10C71800671A4E38AFCD633CB5E706946D2FEF3FEF
:10C728006819926C2C6B673C6990EFDC2037EF3FFF
:10C73800D2B5CC83188A80BCFAC35D550B3FEF3F56
:10C748006FFAFF3F5DAD8FBC7C89074A2D47EF3FED
:10C7580049A97538AE0D90BCF2890D08874FEF3F97
:10C76800A7073DA685A3743C87A4FBDC1858EF3FB8
:10C778000F2240209E9182BC9883C916E360EF3F48
:10C78800AC92C1D5505A8E3C8532DB03E669EF3F47
:10C798004B6B01AC593A843C60B401F32173EF3F11
:10C7A8001F3EB40721D582BC5F9B7B33977CEF3F4C
:10C7B800C90D473BB92A89BC29A1F5144686EF3F24
:10C7C800D3883A6004B6743CF63F8BE72E90EF3F6F
:10C7D80071729D51ECC5833C834CC7FB519AEF3F66
:10C7E800F091D38F12F78FBCDA90A4A2AFA4EF3FD9
:10C7F8007D7423E298AE8DBCF1678E2D48AFEF3F74
:10C808000820AA41BCC38E3C275A61EE1BBAEF3FF1
:10C8180032EBA9C3942B843C97BA6B372BC5EF3FF7
:10C82800EE85D131A9648A3C40456E5B76D0EF3FF6
:10C83800EDE33BE4BA378EBC14BE9CADFDDBEF3FA5
:10C848009DCD914D3B89773CD8909E81C1E7EF3FC4
:10C8580089CC6041C105533CF1718F2BC2F3EF3F86
:08C8680078E3FF7F01000000EE
:04C87000FD020008BD
:04C87400D5020008E1
:10C87800190300081D0300081B0300081401002009
:10C8880001000000AAAAAAAA0100000020000020B6
:10C898008D0A0008A109000898480020020000003D
:10C8A8000A00000098480020010000002100000054
:10C8B800984800200000000032000000000000201E
:10C8C8000000000000000000000000000000000060
:10C8D8000000000000000000000000000000000050
:10C8E8000000000000000000000000000000000040
:10C8F800000000000000000000000000010000002F
:10C90800FF00000001000000100000000090D003AC
:10C918000090D003A800002000000000284F00204D
:10C92800904F0020F84F0020000000000000000099
:10C9380000000000000000000000000000000000EF
:10C9480000000000000000000000000000000000DF
:10C9580000000000000000000000000000000000CF
:04C9680000000000CB
:040000050800A43912
:00000001FF
