ARM GAS  C:\Users\jason\AppData\Local\Temp\cc43Y6jb.s 			page 1


   1              		.cpu cortex-m7
   2              		.arch armv7e-m
   3              		.fpu fpv5-d16
   4              		.eabi_attribute 28, 1
   5              		.eabi_attribute 20, 1
   6              		.eabi_attribute 21, 1
   7              		.eabi_attribute 23, 3
   8              		.eabi_attribute 24, 1
   9              		.eabi_attribute 25, 1
  10              		.eabi_attribute 26, 1
  11              		.eabi_attribute 30, 1
  12              		.eabi_attribute 34, 1
  13              		.eabi_attribute 18, 4
  14              		.file	"stm32h7xx_hal_flash_ex.c"
  15              		.text
  16              	.Ltext0:
  17              		.cfi_sections	.debug_frame
  18              		.file 1 "Drivers/STM32H7xx_HAL_Driver/Src/stm32h7xx_hal_flash_ex.c"
  19              		.section	.text.FLASH_MassErase,"ax",%progbits
  20              		.align	1
  21              		.syntax unified
  22              		.thumb
  23              		.thumb_func
  25              	FLASH_MassErase:
  26              	.LVL0:
  27              	.LFB151:
   1:Drivers/STM32H7xx_HAL_Driver/Src/stm32h7xx_hal_flash_ex.c **** /**
   2:Drivers/STM32H7xx_HAL_Driver/Src/stm32h7xx_hal_flash_ex.c ****   ******************************************************************************
   3:Drivers/STM32H7xx_HAL_Driver/Src/stm32h7xx_hal_flash_ex.c ****   * @file    stm32h7xx_hal_flash_ex.c
   4:Drivers/STM32H7xx_HAL_Driver/Src/stm32h7xx_hal_flash_ex.c ****   * @author  MCD Application Team
   5:Drivers/STM32H7xx_HAL_Driver/Src/stm32h7xx_hal_flash_ex.c ****   * @brief   Extended FLASH HAL module driver.
   6:Drivers/STM32H7xx_HAL_Driver/Src/stm32h7xx_hal_flash_ex.c ****   *          This file provides firmware functions to manage the following
   7:Drivers/STM32H7xx_HAL_Driver/Src/stm32h7xx_hal_flash_ex.c ****   *          functionalities of the FLASH extension peripheral:
   8:Drivers/STM32H7xx_HAL_Driver/Src/stm32h7xx_hal_flash_ex.c ****   *           + Extended programming operations functions
   9:Drivers/STM32H7xx_HAL_Driver/Src/stm32h7xx_hal_flash_ex.c ****   *
  10:Drivers/STM32H7xx_HAL_Driver/Src/stm32h7xx_hal_flash_ex.c ****  @verbatim
  11:Drivers/STM32H7xx_HAL_Driver/Src/stm32h7xx_hal_flash_ex.c ****  ==============================================================================
  12:Drivers/STM32H7xx_HAL_Driver/Src/stm32h7xx_hal_flash_ex.c ****                    ##### Flash Extension features #####
  13:Drivers/STM32H7xx_HAL_Driver/Src/stm32h7xx_hal_flash_ex.c ****   ==============================================================================
  14:Drivers/STM32H7xx_HAL_Driver/Src/stm32h7xx_hal_flash_ex.c **** 
  15:Drivers/STM32H7xx_HAL_Driver/Src/stm32h7xx_hal_flash_ex.c ****   [..] Comparing to other previous devices, the FLASH interface for STM32H7xx
  16:Drivers/STM32H7xx_HAL_Driver/Src/stm32h7xx_hal_flash_ex.c ****        devices contains the following additional features
  17:Drivers/STM32H7xx_HAL_Driver/Src/stm32h7xx_hal_flash_ex.c **** 
  18:Drivers/STM32H7xx_HAL_Driver/Src/stm32h7xx_hal_flash_ex.c ****        (+) Capacity up to 2 Mbyte with dual bank architecture supporting read-while-write
  19:Drivers/STM32H7xx_HAL_Driver/Src/stm32h7xx_hal_flash_ex.c ****            capability (RWW)
  20:Drivers/STM32H7xx_HAL_Driver/Src/stm32h7xx_hal_flash_ex.c ****        (+) Dual bank memory organization
  21:Drivers/STM32H7xx_HAL_Driver/Src/stm32h7xx_hal_flash_ex.c ****        (+) PCROP protection for all banks
  22:Drivers/STM32H7xx_HAL_Driver/Src/stm32h7xx_hal_flash_ex.c ****        (+) Global readout protection (RDP)
  23:Drivers/STM32H7xx_HAL_Driver/Src/stm32h7xx_hal_flash_ex.c ****        (+) Write protection
  24:Drivers/STM32H7xx_HAL_Driver/Src/stm32h7xx_hal_flash_ex.c ****        (+) Secure access only protection
  25:Drivers/STM32H7xx_HAL_Driver/Src/stm32h7xx_hal_flash_ex.c ****        (+) Bank / register swapping (when Dual-Bank)
  26:Drivers/STM32H7xx_HAL_Driver/Src/stm32h7xx_hal_flash_ex.c ****        (+) Cyclic Redundancy Check (CRC)
  27:Drivers/STM32H7xx_HAL_Driver/Src/stm32h7xx_hal_flash_ex.c **** 
  28:Drivers/STM32H7xx_HAL_Driver/Src/stm32h7xx_hal_flash_ex.c ****                         ##### How to use this driver #####
  29:Drivers/STM32H7xx_HAL_Driver/Src/stm32h7xx_hal_flash_ex.c ****  ==============================================================================
  30:Drivers/STM32H7xx_HAL_Driver/Src/stm32h7xx_hal_flash_ex.c ****   [..] This driver provides functions to configure and program the FLASH memory
  31:Drivers/STM32H7xx_HAL_Driver/Src/stm32h7xx_hal_flash_ex.c ****        of all STM32H7xx devices. It includes
ARM GAS  C:\Users\jason\AppData\Local\Temp\cc43Y6jb.s 			page 2


  32:Drivers/STM32H7xx_HAL_Driver/Src/stm32h7xx_hal_flash_ex.c ****       (#) FLASH Memory Erase functions:
  33:Drivers/STM32H7xx_HAL_Driver/Src/stm32h7xx_hal_flash_ex.c ****            (++) Lock and Unlock the FLASH interface using HAL_FLASH_Unlock() and
  34:Drivers/STM32H7xx_HAL_Driver/Src/stm32h7xx_hal_flash_ex.c ****                 HAL_FLASH_Lock() functions
  35:Drivers/STM32H7xx_HAL_Driver/Src/stm32h7xx_hal_flash_ex.c ****            (++) Erase function: Sector erase, bank erase and dual-bank mass erase
  36:Drivers/STM32H7xx_HAL_Driver/Src/stm32h7xx_hal_flash_ex.c ****            (++) There are two modes of erase :
  37:Drivers/STM32H7xx_HAL_Driver/Src/stm32h7xx_hal_flash_ex.c ****              (+++) Polling Mode using HAL_FLASHEx_Erase()
  38:Drivers/STM32H7xx_HAL_Driver/Src/stm32h7xx_hal_flash_ex.c ****              (+++) Interrupt Mode using HAL_FLASHEx_Erase_IT()
  39:Drivers/STM32H7xx_HAL_Driver/Src/stm32h7xx_hal_flash_ex.c **** 
  40:Drivers/STM32H7xx_HAL_Driver/Src/stm32h7xx_hal_flash_ex.c ****       (#) Option Bytes Programming functions: Use HAL_FLASHEx_OBProgram() to:
  41:Drivers/STM32H7xx_HAL_Driver/Src/stm32h7xx_hal_flash_ex.c ****         (++) Set/Reset the write protection per bank
  42:Drivers/STM32H7xx_HAL_Driver/Src/stm32h7xx_hal_flash_ex.c ****         (++) Set the Read protection Level
  43:Drivers/STM32H7xx_HAL_Driver/Src/stm32h7xx_hal_flash_ex.c ****         (++) Set the BOR level
  44:Drivers/STM32H7xx_HAL_Driver/Src/stm32h7xx_hal_flash_ex.c ****         (++) Program the user Option Bytes
  45:Drivers/STM32H7xx_HAL_Driver/Src/stm32h7xx_hal_flash_ex.c ****         (++) PCROP protection configuration and control per bank
  46:Drivers/STM32H7xx_HAL_Driver/Src/stm32h7xx_hal_flash_ex.c ****         (++) Secure area configuration and control per bank
  47:Drivers/STM32H7xx_HAL_Driver/Src/stm32h7xx_hal_flash_ex.c ****         (++) Core Boot address configuration
  48:Drivers/STM32H7xx_HAL_Driver/Src/stm32h7xx_hal_flash_ex.c ****         (++) TCM / AXI shared RAM configuration
  49:Drivers/STM32H7xx_HAL_Driver/Src/stm32h7xx_hal_flash_ex.c ****         (++) CPU Frequency Boost configuration
  50:Drivers/STM32H7xx_HAL_Driver/Src/stm32h7xx_hal_flash_ex.c **** 
  51:Drivers/STM32H7xx_HAL_Driver/Src/stm32h7xx_hal_flash_ex.c ****       (#) FLASH Memory Lock and unlock per Bank: HAL_FLASHEx_Lock_Bank1(), HAL_FLASHEx_Unlock_Bank1
  52:Drivers/STM32H7xx_HAL_Driver/Src/stm32h7xx_hal_flash_ex.c ****           HAL_FLASHEx_Lock_Bank2() and HAL_FLASHEx_Unlock_Bank2() functions
  53:Drivers/STM32H7xx_HAL_Driver/Src/stm32h7xx_hal_flash_ex.c **** 
  54:Drivers/STM32H7xx_HAL_Driver/Src/stm32h7xx_hal_flash_ex.c ****       (#) FLASH CRC computation function: Use HAL_FLASHEx_ComputeCRC() to:
  55:Drivers/STM32H7xx_HAL_Driver/Src/stm32h7xx_hal_flash_ex.c ****           (++) Enable CRC feature
  56:Drivers/STM32H7xx_HAL_Driver/Src/stm32h7xx_hal_flash_ex.c ****           (++) Program the desired burst size
  57:Drivers/STM32H7xx_HAL_Driver/Src/stm32h7xx_hal_flash_ex.c ****           (++) Define the user Flash Area on which the CRC has be computed
  58:Drivers/STM32H7xx_HAL_Driver/Src/stm32h7xx_hal_flash_ex.c ****           (++) Perform the CRC computation
  59:Drivers/STM32H7xx_HAL_Driver/Src/stm32h7xx_hal_flash_ex.c ****           (++) Disable CRC feature
  60:Drivers/STM32H7xx_HAL_Driver/Src/stm32h7xx_hal_flash_ex.c **** 
  61:Drivers/STM32H7xx_HAL_Driver/Src/stm32h7xx_hal_flash_ex.c ****       (#) Error correction code error functions:
  62:Drivers/STM32H7xx_HAL_Driver/Src/stm32h7xx_hal_flash_ex.c ****           (++) Use the HAL_FLASHEx_EnableEccCorrectionInterrupt() and HAL_FLASHEx_DisableEccCorrect
  63:Drivers/STM32H7xx_HAL_Driver/Src/stm32h7xx_hal_flash_ex.c ****                functions to enable and disable the FLASH ECC correction interruption.
  64:Drivers/STM32H7xx_HAL_Driver/Src/stm32h7xx_hal_flash_ex.c ****           (++) Use the HAL_FLASHEx_EnableEccDetectionInterrupt() and HAL_FLASHEx_DisableEccDetectio
  65:Drivers/STM32H7xx_HAL_Driver/Src/stm32h7xx_hal_flash_ex.c ****                functions to enable and disable the FLASH ECC Detection interruption.
  66:Drivers/STM32H7xx_HAL_Driver/Src/stm32h7xx_hal_flash_ex.c ****           (++) Handle ECCD interrupt by calling HAL_FLASHEx_BusFault_IRQHandler()
  67:Drivers/STM32H7xx_HAL_Driver/Src/stm32h7xx_hal_flash_ex.c ****           (++) Use HAL_FLASHEx_BusFault_IRQHandler() function called under BusFault_IRQHandler() in
  68:Drivers/STM32H7xx_HAL_Driver/Src/stm32h7xx_hal_flash_ex.c ****                to handle the ECCD interrupt.
  69:Drivers/STM32H7xx_HAL_Driver/Src/stm32h7xx_hal_flash_ex.c ****           (++) Use HAL_FLASHEx_GetEccInfo() function to get the flash ECC fail information.
  70:Drivers/STM32H7xx_HAL_Driver/Src/stm32h7xx_hal_flash_ex.c **** 
  71:Drivers/STM32H7xx_HAL_Driver/Src/stm32h7xx_hal_flash_ex.c ****  @endverbatim
  72:Drivers/STM32H7xx_HAL_Driver/Src/stm32h7xx_hal_flash_ex.c ****   ******************************************************************************
  73:Drivers/STM32H7xx_HAL_Driver/Src/stm32h7xx_hal_flash_ex.c ****   * @attention
  74:Drivers/STM32H7xx_HAL_Driver/Src/stm32h7xx_hal_flash_ex.c ****   *
  75:Drivers/STM32H7xx_HAL_Driver/Src/stm32h7xx_hal_flash_ex.c ****   * Copyright (c) 2017 STMicroelectronics.
  76:Drivers/STM32H7xx_HAL_Driver/Src/stm32h7xx_hal_flash_ex.c ****   * All rights reserved.
  77:Drivers/STM32H7xx_HAL_Driver/Src/stm32h7xx_hal_flash_ex.c ****   *
  78:Drivers/STM32H7xx_HAL_Driver/Src/stm32h7xx_hal_flash_ex.c ****   * This software is licensed under terms that can be found in the LICENSE file in
  79:Drivers/STM32H7xx_HAL_Driver/Src/stm32h7xx_hal_flash_ex.c ****   * the root directory of this software component.
  80:Drivers/STM32H7xx_HAL_Driver/Src/stm32h7xx_hal_flash_ex.c ****   * If no LICENSE file comes with this software, it is provided AS-IS.
  81:Drivers/STM32H7xx_HAL_Driver/Src/stm32h7xx_hal_flash_ex.c ****   ******************************************************************************
  82:Drivers/STM32H7xx_HAL_Driver/Src/stm32h7xx_hal_flash_ex.c ****   */
  83:Drivers/STM32H7xx_HAL_Driver/Src/stm32h7xx_hal_flash_ex.c **** 
  84:Drivers/STM32H7xx_HAL_Driver/Src/stm32h7xx_hal_flash_ex.c **** /* Includes ------------------------------------------------------------------*/
  85:Drivers/STM32H7xx_HAL_Driver/Src/stm32h7xx_hal_flash_ex.c **** #include "stm32h7xx_hal.h"
  86:Drivers/STM32H7xx_HAL_Driver/Src/stm32h7xx_hal_flash_ex.c **** 
  87:Drivers/STM32H7xx_HAL_Driver/Src/stm32h7xx_hal_flash_ex.c **** /** @addtogroup STM32H7xx_HAL_Driver
  88:Drivers/STM32H7xx_HAL_Driver/Src/stm32h7xx_hal_flash_ex.c ****   * @{
ARM GAS  C:\Users\jason\AppData\Local\Temp\cc43Y6jb.s 			page 3


  89:Drivers/STM32H7xx_HAL_Driver/Src/stm32h7xx_hal_flash_ex.c ****   */
  90:Drivers/STM32H7xx_HAL_Driver/Src/stm32h7xx_hal_flash_ex.c **** 
  91:Drivers/STM32H7xx_HAL_Driver/Src/stm32h7xx_hal_flash_ex.c **** /** @defgroup FLASHEx  FLASHEx
  92:Drivers/STM32H7xx_HAL_Driver/Src/stm32h7xx_hal_flash_ex.c ****   * @brief FLASH HAL Extension module driver
  93:Drivers/STM32H7xx_HAL_Driver/Src/stm32h7xx_hal_flash_ex.c ****   * @{
  94:Drivers/STM32H7xx_HAL_Driver/Src/stm32h7xx_hal_flash_ex.c ****   */
  95:Drivers/STM32H7xx_HAL_Driver/Src/stm32h7xx_hal_flash_ex.c **** 
  96:Drivers/STM32H7xx_HAL_Driver/Src/stm32h7xx_hal_flash_ex.c **** #ifdef HAL_FLASH_MODULE_ENABLED
  97:Drivers/STM32H7xx_HAL_Driver/Src/stm32h7xx_hal_flash_ex.c **** 
  98:Drivers/STM32H7xx_HAL_Driver/Src/stm32h7xx_hal_flash_ex.c **** /* Private typedef -----------------------------------------------------------*/
  99:Drivers/STM32H7xx_HAL_Driver/Src/stm32h7xx_hal_flash_ex.c **** /* Private define ------------------------------------------------------------*/
 100:Drivers/STM32H7xx_HAL_Driver/Src/stm32h7xx_hal_flash_ex.c **** /** @addtogroup FLASHEx_Private_Constants
 101:Drivers/STM32H7xx_HAL_Driver/Src/stm32h7xx_hal_flash_ex.c ****   * @{
 102:Drivers/STM32H7xx_HAL_Driver/Src/stm32h7xx_hal_flash_ex.c ****   */
 103:Drivers/STM32H7xx_HAL_Driver/Src/stm32h7xx_hal_flash_ex.c **** #define FLASH_TIMEOUT_VALUE       50000U /* 50 s */
 104:Drivers/STM32H7xx_HAL_Driver/Src/stm32h7xx_hal_flash_ex.c **** 
 105:Drivers/STM32H7xx_HAL_Driver/Src/stm32h7xx_hal_flash_ex.c **** /**
 106:Drivers/STM32H7xx_HAL_Driver/Src/stm32h7xx_hal_flash_ex.c ****   * @}
 107:Drivers/STM32H7xx_HAL_Driver/Src/stm32h7xx_hal_flash_ex.c ****   */
 108:Drivers/STM32H7xx_HAL_Driver/Src/stm32h7xx_hal_flash_ex.c **** /* Private macro -------------------------------------------------------------*/
 109:Drivers/STM32H7xx_HAL_Driver/Src/stm32h7xx_hal_flash_ex.c **** /* Private variables ---------------------------------------------------------*/
 110:Drivers/STM32H7xx_HAL_Driver/Src/stm32h7xx_hal_flash_ex.c **** /* Private function prototypes -----------------------------------------------*/
 111:Drivers/STM32H7xx_HAL_Driver/Src/stm32h7xx_hal_flash_ex.c **** /** @defgroup FLASHEx_Private_Functions FLASHEx Private Functions
 112:Drivers/STM32H7xx_HAL_Driver/Src/stm32h7xx_hal_flash_ex.c ****   * @{
 113:Drivers/STM32H7xx_HAL_Driver/Src/stm32h7xx_hal_flash_ex.c ****   */
 114:Drivers/STM32H7xx_HAL_Driver/Src/stm32h7xx_hal_flash_ex.c **** static void FLASH_MassErase(uint32_t VoltageRange, uint32_t Banks);
 115:Drivers/STM32H7xx_HAL_Driver/Src/stm32h7xx_hal_flash_ex.c **** static void FLASH_OB_EnableWRP(uint32_t WRPSector, uint32_t Banks);
 116:Drivers/STM32H7xx_HAL_Driver/Src/stm32h7xx_hal_flash_ex.c **** static void FLASH_OB_DisableWRP(uint32_t WRPSector, uint32_t Bank);
 117:Drivers/STM32H7xx_HAL_Driver/Src/stm32h7xx_hal_flash_ex.c **** static void FLASH_OB_GetWRP(uint32_t *WRPState, uint32_t *WRPSector, uint32_t Bank);
 118:Drivers/STM32H7xx_HAL_Driver/Src/stm32h7xx_hal_flash_ex.c **** static void FLASH_OB_RDPConfig(uint32_t RDPLevel);
 119:Drivers/STM32H7xx_HAL_Driver/Src/stm32h7xx_hal_flash_ex.c **** static uint32_t FLASH_OB_GetRDP(void);
 120:Drivers/STM32H7xx_HAL_Driver/Src/stm32h7xx_hal_flash_ex.c **** static void FLASH_OB_PCROPConfig(uint32_t PCROConfigRDP, uint32_t PCROPStartAddr, uint32_t PCROPEnd
 121:Drivers/STM32H7xx_HAL_Driver/Src/stm32h7xx_hal_flash_ex.c **** static void FLASH_OB_GetPCROP(uint32_t *PCROPConfig, uint32_t *PCROPStartAddr,uint32_t *PCROPEndAdd
 122:Drivers/STM32H7xx_HAL_Driver/Src/stm32h7xx_hal_flash_ex.c **** static void FLASH_OB_BOR_LevelConfig(uint32_t Level);
 123:Drivers/STM32H7xx_HAL_Driver/Src/stm32h7xx_hal_flash_ex.c **** static uint32_t FLASH_OB_GetBOR(void);
 124:Drivers/STM32H7xx_HAL_Driver/Src/stm32h7xx_hal_flash_ex.c **** static void FLASH_OB_UserConfig(uint32_t UserType, uint32_t UserConfig);
 125:Drivers/STM32H7xx_HAL_Driver/Src/stm32h7xx_hal_flash_ex.c **** static uint32_t FLASH_OB_GetUser(void);
 126:Drivers/STM32H7xx_HAL_Driver/Src/stm32h7xx_hal_flash_ex.c **** static void FLASH_OB_BootAddConfig(uint32_t BootOption, uint32_t BootAddress0, uint32_t BootAddress
 127:Drivers/STM32H7xx_HAL_Driver/Src/stm32h7xx_hal_flash_ex.c **** static void FLASH_OB_GetBootAdd(uint32_t *BootAddress0, uint32_t *BootAddress1);
 128:Drivers/STM32H7xx_HAL_Driver/Src/stm32h7xx_hal_flash_ex.c **** static void FLASH_OB_SecureAreaConfig(uint32_t SecureAreaConfig, uint32_t SecureAreaStartAddr, uint
 129:Drivers/STM32H7xx_HAL_Driver/Src/stm32h7xx_hal_flash_ex.c **** static void FLASH_OB_GetSecureArea(uint32_t *SecureAreaConfig, uint32_t *SecureAreaStartAddr, uint3
 130:Drivers/STM32H7xx_HAL_Driver/Src/stm32h7xx_hal_flash_ex.c **** static void FLASH_CRC_AddSector(uint32_t Sector, uint32_t Bank);
 131:Drivers/STM32H7xx_HAL_Driver/Src/stm32h7xx_hal_flash_ex.c **** static void FLASH_CRC_SelectAddress(uint32_t CRCStartAddr, uint32_t CRCEndAddr, uint32_t Bank);
 132:Drivers/STM32H7xx_HAL_Driver/Src/stm32h7xx_hal_flash_ex.c **** 
 133:Drivers/STM32H7xx_HAL_Driver/Src/stm32h7xx_hal_flash_ex.c **** #if defined (DUAL_CORE)
 134:Drivers/STM32H7xx_HAL_Driver/Src/stm32h7xx_hal_flash_ex.c **** static void FLASH_OB_CM4BootAddConfig(uint32_t BootOption, uint32_t BootAddress0, uint32_t BootAddr
 135:Drivers/STM32H7xx_HAL_Driver/Src/stm32h7xx_hal_flash_ex.c **** static void FLASH_OB_GetCM4BootAdd(uint32_t *BootAddress0, uint32_t *BootAddress1);
 136:Drivers/STM32H7xx_HAL_Driver/Src/stm32h7xx_hal_flash_ex.c **** #endif /*DUAL_CORE*/
 137:Drivers/STM32H7xx_HAL_Driver/Src/stm32h7xx_hal_flash_ex.c **** 
 138:Drivers/STM32H7xx_HAL_Driver/Src/stm32h7xx_hal_flash_ex.c **** #if defined (FLASH_OTPBL_LOCKBL)
 139:Drivers/STM32H7xx_HAL_Driver/Src/stm32h7xx_hal_flash_ex.c **** static void FLASH_OB_OTP_LockConfig(uint32_t OTP_Block);
 140:Drivers/STM32H7xx_HAL_Driver/Src/stm32h7xx_hal_flash_ex.c **** static uint32_t FLASH_OB_OTP_GetLock(void);
 141:Drivers/STM32H7xx_HAL_Driver/Src/stm32h7xx_hal_flash_ex.c **** #endif /* FLASH_OTPBL_LOCKBL */
 142:Drivers/STM32H7xx_HAL_Driver/Src/stm32h7xx_hal_flash_ex.c **** 
 143:Drivers/STM32H7xx_HAL_Driver/Src/stm32h7xx_hal_flash_ex.c **** #if defined (FLASH_OPTSR2_TCM_AXI_SHARED)
 144:Drivers/STM32H7xx_HAL_Driver/Src/stm32h7xx_hal_flash_ex.c **** static void FLASH_OB_SharedRAM_Config(uint32_t SharedRamConfig);
 145:Drivers/STM32H7xx_HAL_Driver/Src/stm32h7xx_hal_flash_ex.c **** static uint32_t FLASH_OB_SharedRAM_GetConfig(void);
ARM GAS  C:\Users\jason\AppData\Local\Temp\cc43Y6jb.s 			page 4


 146:Drivers/STM32H7xx_HAL_Driver/Src/stm32h7xx_hal_flash_ex.c **** #endif /* FLASH_OPTSR2_TCM_AXI_SHARED */
 147:Drivers/STM32H7xx_HAL_Driver/Src/stm32h7xx_hal_flash_ex.c **** 
 148:Drivers/STM32H7xx_HAL_Driver/Src/stm32h7xx_hal_flash_ex.c **** #if defined (FLASH_OPTSR2_CPUFREQ_BOOST)
 149:Drivers/STM32H7xx_HAL_Driver/Src/stm32h7xx_hal_flash_ex.c **** static void FLASH_OB_CPUFreq_BoostConfig(uint32_t FreqBoost);
 150:Drivers/STM32H7xx_HAL_Driver/Src/stm32h7xx_hal_flash_ex.c **** static uint32_t FLASH_OB_CPUFreq_GetBoost(void);
 151:Drivers/STM32H7xx_HAL_Driver/Src/stm32h7xx_hal_flash_ex.c **** #endif /* FLASH_OPTSR2_CPUFREQ_BOOST */
 152:Drivers/STM32H7xx_HAL_Driver/Src/stm32h7xx_hal_flash_ex.c **** /**
 153:Drivers/STM32H7xx_HAL_Driver/Src/stm32h7xx_hal_flash_ex.c ****   * @}
 154:Drivers/STM32H7xx_HAL_Driver/Src/stm32h7xx_hal_flash_ex.c ****   */
 155:Drivers/STM32H7xx_HAL_Driver/Src/stm32h7xx_hal_flash_ex.c **** 
 156:Drivers/STM32H7xx_HAL_Driver/Src/stm32h7xx_hal_flash_ex.c **** /* Exported functions ---------------------------------------------------------*/
 157:Drivers/STM32H7xx_HAL_Driver/Src/stm32h7xx_hal_flash_ex.c **** /** @defgroup FLASHEx_Exported_Functions FLASHEx Exported Functions
 158:Drivers/STM32H7xx_HAL_Driver/Src/stm32h7xx_hal_flash_ex.c ****   * @{
 159:Drivers/STM32H7xx_HAL_Driver/Src/stm32h7xx_hal_flash_ex.c ****   */
 160:Drivers/STM32H7xx_HAL_Driver/Src/stm32h7xx_hal_flash_ex.c **** 
 161:Drivers/STM32H7xx_HAL_Driver/Src/stm32h7xx_hal_flash_ex.c **** /** @defgroup FLASHEx_Exported_Functions_Group1 Extended IO operation functions
 162:Drivers/STM32H7xx_HAL_Driver/Src/stm32h7xx_hal_flash_ex.c ****  *  @brief   Extended IO operation functions
 163:Drivers/STM32H7xx_HAL_Driver/Src/stm32h7xx_hal_flash_ex.c ****  *
 164:Drivers/STM32H7xx_HAL_Driver/Src/stm32h7xx_hal_flash_ex.c **** @verbatim
 165:Drivers/STM32H7xx_HAL_Driver/Src/stm32h7xx_hal_flash_ex.c ****  ===============================================================================
 166:Drivers/STM32H7xx_HAL_Driver/Src/stm32h7xx_hal_flash_ex.c ****                 ##### Extended programming operation functions #####
 167:Drivers/STM32H7xx_HAL_Driver/Src/stm32h7xx_hal_flash_ex.c ****  ===============================================================================
 168:Drivers/STM32H7xx_HAL_Driver/Src/stm32h7xx_hal_flash_ex.c ****     [..]
 169:Drivers/STM32H7xx_HAL_Driver/Src/stm32h7xx_hal_flash_ex.c ****     This subsection provides a set of functions allowing to manage the Extension FLASH
 170:Drivers/STM32H7xx_HAL_Driver/Src/stm32h7xx_hal_flash_ex.c ****     programming operations Operations.
 171:Drivers/STM32H7xx_HAL_Driver/Src/stm32h7xx_hal_flash_ex.c **** 
 172:Drivers/STM32H7xx_HAL_Driver/Src/stm32h7xx_hal_flash_ex.c **** @endverbatim
 173:Drivers/STM32H7xx_HAL_Driver/Src/stm32h7xx_hal_flash_ex.c ****   * @{
 174:Drivers/STM32H7xx_HAL_Driver/Src/stm32h7xx_hal_flash_ex.c ****   */
 175:Drivers/STM32H7xx_HAL_Driver/Src/stm32h7xx_hal_flash_ex.c **** /**
 176:Drivers/STM32H7xx_HAL_Driver/Src/stm32h7xx_hal_flash_ex.c ****   * @brief  Perform a mass erase or erase the specified FLASH memory sectors
 177:Drivers/STM32H7xx_HAL_Driver/Src/stm32h7xx_hal_flash_ex.c ****   * @param[in]  pEraseInit pointer to an FLASH_EraseInitTypeDef structure that
 178:Drivers/STM32H7xx_HAL_Driver/Src/stm32h7xx_hal_flash_ex.c ****   *         contains the configuration information for the erasing.
 179:Drivers/STM32H7xx_HAL_Driver/Src/stm32h7xx_hal_flash_ex.c ****   *
 180:Drivers/STM32H7xx_HAL_Driver/Src/stm32h7xx_hal_flash_ex.c ****   * @param[out]  SectorError pointer to variable  that contains the configuration
 181:Drivers/STM32H7xx_HAL_Driver/Src/stm32h7xx_hal_flash_ex.c ****   *          information on faulty sector in case of error (0xFFFFFFFF means that all
 182:Drivers/STM32H7xx_HAL_Driver/Src/stm32h7xx_hal_flash_ex.c ****   *          the sectors have been correctly erased)
 183:Drivers/STM32H7xx_HAL_Driver/Src/stm32h7xx_hal_flash_ex.c ****   *
 184:Drivers/STM32H7xx_HAL_Driver/Src/stm32h7xx_hal_flash_ex.c ****   * @retval HAL Status
 185:Drivers/STM32H7xx_HAL_Driver/Src/stm32h7xx_hal_flash_ex.c ****   */
 186:Drivers/STM32H7xx_HAL_Driver/Src/stm32h7xx_hal_flash_ex.c **** HAL_StatusTypeDef HAL_FLASHEx_Erase(FLASH_EraseInitTypeDef *pEraseInit, uint32_t *SectorError)
 187:Drivers/STM32H7xx_HAL_Driver/Src/stm32h7xx_hal_flash_ex.c **** {
 188:Drivers/STM32H7xx_HAL_Driver/Src/stm32h7xx_hal_flash_ex.c ****   HAL_StatusTypeDef status = HAL_OK;
 189:Drivers/STM32H7xx_HAL_Driver/Src/stm32h7xx_hal_flash_ex.c ****   uint32_t sector_index;
 190:Drivers/STM32H7xx_HAL_Driver/Src/stm32h7xx_hal_flash_ex.c **** 
 191:Drivers/STM32H7xx_HAL_Driver/Src/stm32h7xx_hal_flash_ex.c ****   /* Check the parameters */
 192:Drivers/STM32H7xx_HAL_Driver/Src/stm32h7xx_hal_flash_ex.c ****   assert_param(IS_FLASH_TYPEERASE(pEraseInit->TypeErase));
 193:Drivers/STM32H7xx_HAL_Driver/Src/stm32h7xx_hal_flash_ex.c ****   assert_param(IS_FLASH_BANK(pEraseInit->Banks));
 194:Drivers/STM32H7xx_HAL_Driver/Src/stm32h7xx_hal_flash_ex.c **** 
 195:Drivers/STM32H7xx_HAL_Driver/Src/stm32h7xx_hal_flash_ex.c ****   /* Process Locked */
 196:Drivers/STM32H7xx_HAL_Driver/Src/stm32h7xx_hal_flash_ex.c ****   __HAL_LOCK(&pFlash);
 197:Drivers/STM32H7xx_HAL_Driver/Src/stm32h7xx_hal_flash_ex.c **** 
 198:Drivers/STM32H7xx_HAL_Driver/Src/stm32h7xx_hal_flash_ex.c ****   /* Reset error code */
 199:Drivers/STM32H7xx_HAL_Driver/Src/stm32h7xx_hal_flash_ex.c ****   pFlash.ErrorCode = HAL_FLASH_ERROR_NONE;
 200:Drivers/STM32H7xx_HAL_Driver/Src/stm32h7xx_hal_flash_ex.c **** 
 201:Drivers/STM32H7xx_HAL_Driver/Src/stm32h7xx_hal_flash_ex.c ****   /* Wait for last operation to be completed on Bank1 */
 202:Drivers/STM32H7xx_HAL_Driver/Src/stm32h7xx_hal_flash_ex.c ****   if((pEraseInit->Banks & FLASH_BANK_1) == FLASH_BANK_1)
ARM GAS  C:\Users\jason\AppData\Local\Temp\cc43Y6jb.s 			page 5


 203:Drivers/STM32H7xx_HAL_Driver/Src/stm32h7xx_hal_flash_ex.c ****   {
 204:Drivers/STM32H7xx_HAL_Driver/Src/stm32h7xx_hal_flash_ex.c ****     if(FLASH_WaitForLastOperation((uint32_t)FLASH_TIMEOUT_VALUE, FLASH_BANK_1) != HAL_OK)
 205:Drivers/STM32H7xx_HAL_Driver/Src/stm32h7xx_hal_flash_ex.c ****     {
 206:Drivers/STM32H7xx_HAL_Driver/Src/stm32h7xx_hal_flash_ex.c ****       status = HAL_ERROR;
 207:Drivers/STM32H7xx_HAL_Driver/Src/stm32h7xx_hal_flash_ex.c ****     }
 208:Drivers/STM32H7xx_HAL_Driver/Src/stm32h7xx_hal_flash_ex.c ****   }
 209:Drivers/STM32H7xx_HAL_Driver/Src/stm32h7xx_hal_flash_ex.c **** 
 210:Drivers/STM32H7xx_HAL_Driver/Src/stm32h7xx_hal_flash_ex.c **** #if defined (DUAL_BANK)
 211:Drivers/STM32H7xx_HAL_Driver/Src/stm32h7xx_hal_flash_ex.c ****   /* Wait for last operation to be completed on Bank2 */
 212:Drivers/STM32H7xx_HAL_Driver/Src/stm32h7xx_hal_flash_ex.c ****   if((pEraseInit->Banks & FLASH_BANK_2) == FLASH_BANK_2)
 213:Drivers/STM32H7xx_HAL_Driver/Src/stm32h7xx_hal_flash_ex.c ****   {
 214:Drivers/STM32H7xx_HAL_Driver/Src/stm32h7xx_hal_flash_ex.c ****     if(FLASH_WaitForLastOperation((uint32_t)FLASH_TIMEOUT_VALUE, FLASH_BANK_2) != HAL_OK)
 215:Drivers/STM32H7xx_HAL_Driver/Src/stm32h7xx_hal_flash_ex.c ****     {
 216:Drivers/STM32H7xx_HAL_Driver/Src/stm32h7xx_hal_flash_ex.c ****       status = HAL_ERROR;
 217:Drivers/STM32H7xx_HAL_Driver/Src/stm32h7xx_hal_flash_ex.c ****     }
 218:Drivers/STM32H7xx_HAL_Driver/Src/stm32h7xx_hal_flash_ex.c ****   }
 219:Drivers/STM32H7xx_HAL_Driver/Src/stm32h7xx_hal_flash_ex.c **** #endif /* DUAL_BANK */
 220:Drivers/STM32H7xx_HAL_Driver/Src/stm32h7xx_hal_flash_ex.c **** 
 221:Drivers/STM32H7xx_HAL_Driver/Src/stm32h7xx_hal_flash_ex.c ****   if(status == HAL_OK)
 222:Drivers/STM32H7xx_HAL_Driver/Src/stm32h7xx_hal_flash_ex.c ****   {
 223:Drivers/STM32H7xx_HAL_Driver/Src/stm32h7xx_hal_flash_ex.c ****     if(pEraseInit->TypeErase == FLASH_TYPEERASE_MASSERASE)
 224:Drivers/STM32H7xx_HAL_Driver/Src/stm32h7xx_hal_flash_ex.c ****     {
 225:Drivers/STM32H7xx_HAL_Driver/Src/stm32h7xx_hal_flash_ex.c ****       /* Mass erase to be done */
 226:Drivers/STM32H7xx_HAL_Driver/Src/stm32h7xx_hal_flash_ex.c ****       FLASH_MassErase(pEraseInit->VoltageRange, pEraseInit->Banks);
 227:Drivers/STM32H7xx_HAL_Driver/Src/stm32h7xx_hal_flash_ex.c **** 
 228:Drivers/STM32H7xx_HAL_Driver/Src/stm32h7xx_hal_flash_ex.c ****       /* Wait for last operation to be completed on Bank 1 */
 229:Drivers/STM32H7xx_HAL_Driver/Src/stm32h7xx_hal_flash_ex.c ****       if((pEraseInit->Banks & FLASH_BANK_1) == FLASH_BANK_1)
 230:Drivers/STM32H7xx_HAL_Driver/Src/stm32h7xx_hal_flash_ex.c ****       {
 231:Drivers/STM32H7xx_HAL_Driver/Src/stm32h7xx_hal_flash_ex.c ****         if(FLASH_WaitForLastOperation((uint32_t)FLASH_TIMEOUT_VALUE, FLASH_BANK_1) != HAL_OK)
 232:Drivers/STM32H7xx_HAL_Driver/Src/stm32h7xx_hal_flash_ex.c ****         {
 233:Drivers/STM32H7xx_HAL_Driver/Src/stm32h7xx_hal_flash_ex.c ****           status = HAL_ERROR;
 234:Drivers/STM32H7xx_HAL_Driver/Src/stm32h7xx_hal_flash_ex.c ****         }
 235:Drivers/STM32H7xx_HAL_Driver/Src/stm32h7xx_hal_flash_ex.c ****         /* if the erase operation is completed, disable the Bank1 BER Bit */
 236:Drivers/STM32H7xx_HAL_Driver/Src/stm32h7xx_hal_flash_ex.c ****         FLASH->CR1 &= (~FLASH_CR_BER);
 237:Drivers/STM32H7xx_HAL_Driver/Src/stm32h7xx_hal_flash_ex.c ****       }
 238:Drivers/STM32H7xx_HAL_Driver/Src/stm32h7xx_hal_flash_ex.c **** #if defined (DUAL_BANK)
 239:Drivers/STM32H7xx_HAL_Driver/Src/stm32h7xx_hal_flash_ex.c ****       /* Wait for last operation to be completed on Bank 2 */
 240:Drivers/STM32H7xx_HAL_Driver/Src/stm32h7xx_hal_flash_ex.c ****       if((pEraseInit->Banks & FLASH_BANK_2) == FLASH_BANK_2)
 241:Drivers/STM32H7xx_HAL_Driver/Src/stm32h7xx_hal_flash_ex.c ****       {
 242:Drivers/STM32H7xx_HAL_Driver/Src/stm32h7xx_hal_flash_ex.c ****         if(FLASH_WaitForLastOperation((uint32_t)FLASH_TIMEOUT_VALUE, FLASH_BANK_2) != HAL_OK)
 243:Drivers/STM32H7xx_HAL_Driver/Src/stm32h7xx_hal_flash_ex.c ****         {
 244:Drivers/STM32H7xx_HAL_Driver/Src/stm32h7xx_hal_flash_ex.c ****           status = HAL_ERROR;
 245:Drivers/STM32H7xx_HAL_Driver/Src/stm32h7xx_hal_flash_ex.c ****         }
 246:Drivers/STM32H7xx_HAL_Driver/Src/stm32h7xx_hal_flash_ex.c ****         /* if the erase operation is completed, disable the Bank2 BER Bit */
 247:Drivers/STM32H7xx_HAL_Driver/Src/stm32h7xx_hal_flash_ex.c ****         FLASH->CR2 &= (~FLASH_CR_BER);
 248:Drivers/STM32H7xx_HAL_Driver/Src/stm32h7xx_hal_flash_ex.c ****       }
 249:Drivers/STM32H7xx_HAL_Driver/Src/stm32h7xx_hal_flash_ex.c **** #endif /* DUAL_BANK */
 250:Drivers/STM32H7xx_HAL_Driver/Src/stm32h7xx_hal_flash_ex.c ****     }
 251:Drivers/STM32H7xx_HAL_Driver/Src/stm32h7xx_hal_flash_ex.c ****     else
 252:Drivers/STM32H7xx_HAL_Driver/Src/stm32h7xx_hal_flash_ex.c ****     {
 253:Drivers/STM32H7xx_HAL_Driver/Src/stm32h7xx_hal_flash_ex.c ****       /*Initialization of SectorError variable*/
 254:Drivers/STM32H7xx_HAL_Driver/Src/stm32h7xx_hal_flash_ex.c ****       *SectorError = 0xFFFFFFFFU;
 255:Drivers/STM32H7xx_HAL_Driver/Src/stm32h7xx_hal_flash_ex.c **** 
 256:Drivers/STM32H7xx_HAL_Driver/Src/stm32h7xx_hal_flash_ex.c ****       /* Erase by sector by sector to be done*/
 257:Drivers/STM32H7xx_HAL_Driver/Src/stm32h7xx_hal_flash_ex.c ****       for(sector_index = pEraseInit->Sector; sector_index < (pEraseInit->NbSectors + pEraseInit->Se
 258:Drivers/STM32H7xx_HAL_Driver/Src/stm32h7xx_hal_flash_ex.c ****       {
 259:Drivers/STM32H7xx_HAL_Driver/Src/stm32h7xx_hal_flash_ex.c ****         FLASH_Erase_Sector(sector_index, pEraseInit->Banks, pEraseInit->VoltageRange);
ARM GAS  C:\Users\jason\AppData\Local\Temp\cc43Y6jb.s 			page 6


 260:Drivers/STM32H7xx_HAL_Driver/Src/stm32h7xx_hal_flash_ex.c **** 
 261:Drivers/STM32H7xx_HAL_Driver/Src/stm32h7xx_hal_flash_ex.c ****         if((pEraseInit->Banks & FLASH_BANK_1) == FLASH_BANK_1)
 262:Drivers/STM32H7xx_HAL_Driver/Src/stm32h7xx_hal_flash_ex.c ****         {
 263:Drivers/STM32H7xx_HAL_Driver/Src/stm32h7xx_hal_flash_ex.c ****           /* Wait for last operation to be completed */
 264:Drivers/STM32H7xx_HAL_Driver/Src/stm32h7xx_hal_flash_ex.c ****           status = FLASH_WaitForLastOperation((uint32_t)FLASH_TIMEOUT_VALUE, FLASH_BANK_1);
 265:Drivers/STM32H7xx_HAL_Driver/Src/stm32h7xx_hal_flash_ex.c **** 
 266:Drivers/STM32H7xx_HAL_Driver/Src/stm32h7xx_hal_flash_ex.c ****           /* If the erase operation is completed, disable the SER Bit */
 267:Drivers/STM32H7xx_HAL_Driver/Src/stm32h7xx_hal_flash_ex.c ****           FLASH->CR1 &= (~(FLASH_CR_SER | FLASH_CR_SNB));
 268:Drivers/STM32H7xx_HAL_Driver/Src/stm32h7xx_hal_flash_ex.c ****         }
 269:Drivers/STM32H7xx_HAL_Driver/Src/stm32h7xx_hal_flash_ex.c **** #if defined (DUAL_BANK)
 270:Drivers/STM32H7xx_HAL_Driver/Src/stm32h7xx_hal_flash_ex.c ****         if((pEraseInit->Banks & FLASH_BANK_2) == FLASH_BANK_2)
 271:Drivers/STM32H7xx_HAL_Driver/Src/stm32h7xx_hal_flash_ex.c ****         {
 272:Drivers/STM32H7xx_HAL_Driver/Src/stm32h7xx_hal_flash_ex.c ****           /* Wait for last operation to be completed */
 273:Drivers/STM32H7xx_HAL_Driver/Src/stm32h7xx_hal_flash_ex.c ****           status = FLASH_WaitForLastOperation((uint32_t)FLASH_TIMEOUT_VALUE, FLASH_BANK_2);
 274:Drivers/STM32H7xx_HAL_Driver/Src/stm32h7xx_hal_flash_ex.c **** 
 275:Drivers/STM32H7xx_HAL_Driver/Src/stm32h7xx_hal_flash_ex.c ****           /* If the erase operation is completed, disable the SER Bit */
 276:Drivers/STM32H7xx_HAL_Driver/Src/stm32h7xx_hal_flash_ex.c ****           FLASH->CR2 &= (~(FLASH_CR_SER | FLASH_CR_SNB));
 277:Drivers/STM32H7xx_HAL_Driver/Src/stm32h7xx_hal_flash_ex.c ****         }
 278:Drivers/STM32H7xx_HAL_Driver/Src/stm32h7xx_hal_flash_ex.c **** #endif /* DUAL_BANK */
 279:Drivers/STM32H7xx_HAL_Driver/Src/stm32h7xx_hal_flash_ex.c **** 
 280:Drivers/STM32H7xx_HAL_Driver/Src/stm32h7xx_hal_flash_ex.c ****         if(status != HAL_OK)
 281:Drivers/STM32H7xx_HAL_Driver/Src/stm32h7xx_hal_flash_ex.c ****         {
 282:Drivers/STM32H7xx_HAL_Driver/Src/stm32h7xx_hal_flash_ex.c ****           /* In case of error, stop erase procedure and return the faulty sector */
 283:Drivers/STM32H7xx_HAL_Driver/Src/stm32h7xx_hal_flash_ex.c ****           *SectorError = sector_index;
 284:Drivers/STM32H7xx_HAL_Driver/Src/stm32h7xx_hal_flash_ex.c ****           break;
 285:Drivers/STM32H7xx_HAL_Driver/Src/stm32h7xx_hal_flash_ex.c ****         }
 286:Drivers/STM32H7xx_HAL_Driver/Src/stm32h7xx_hal_flash_ex.c ****       }
 287:Drivers/STM32H7xx_HAL_Driver/Src/stm32h7xx_hal_flash_ex.c ****     }
 288:Drivers/STM32H7xx_HAL_Driver/Src/stm32h7xx_hal_flash_ex.c ****   }
 289:Drivers/STM32H7xx_HAL_Driver/Src/stm32h7xx_hal_flash_ex.c **** 
 290:Drivers/STM32H7xx_HAL_Driver/Src/stm32h7xx_hal_flash_ex.c ****   /* Process Unlocked */
 291:Drivers/STM32H7xx_HAL_Driver/Src/stm32h7xx_hal_flash_ex.c ****   __HAL_UNLOCK(&pFlash);
 292:Drivers/STM32H7xx_HAL_Driver/Src/stm32h7xx_hal_flash_ex.c **** 
 293:Drivers/STM32H7xx_HAL_Driver/Src/stm32h7xx_hal_flash_ex.c ****   return status;
 294:Drivers/STM32H7xx_HAL_Driver/Src/stm32h7xx_hal_flash_ex.c **** }
 295:Drivers/STM32H7xx_HAL_Driver/Src/stm32h7xx_hal_flash_ex.c **** 
 296:Drivers/STM32H7xx_HAL_Driver/Src/stm32h7xx_hal_flash_ex.c **** /**
 297:Drivers/STM32H7xx_HAL_Driver/Src/stm32h7xx_hal_flash_ex.c ****   * @brief  Perform a mass erase or erase the specified FLASH memory sectors with interrupt enabled
 298:Drivers/STM32H7xx_HAL_Driver/Src/stm32h7xx_hal_flash_ex.c ****   * @param  pEraseInit pointer to an FLASH_EraseInitTypeDef structure that
 299:Drivers/STM32H7xx_HAL_Driver/Src/stm32h7xx_hal_flash_ex.c ****   *         contains the configuration information for the erasing.
 300:Drivers/STM32H7xx_HAL_Driver/Src/stm32h7xx_hal_flash_ex.c ****   *
 301:Drivers/STM32H7xx_HAL_Driver/Src/stm32h7xx_hal_flash_ex.c ****   * @retval HAL Status
 302:Drivers/STM32H7xx_HAL_Driver/Src/stm32h7xx_hal_flash_ex.c ****   */
 303:Drivers/STM32H7xx_HAL_Driver/Src/stm32h7xx_hal_flash_ex.c **** HAL_StatusTypeDef HAL_FLASHEx_Erase_IT(FLASH_EraseInitTypeDef *pEraseInit)
 304:Drivers/STM32H7xx_HAL_Driver/Src/stm32h7xx_hal_flash_ex.c **** {
 305:Drivers/STM32H7xx_HAL_Driver/Src/stm32h7xx_hal_flash_ex.c ****   HAL_StatusTypeDef status = HAL_OK;
 306:Drivers/STM32H7xx_HAL_Driver/Src/stm32h7xx_hal_flash_ex.c **** 
 307:Drivers/STM32H7xx_HAL_Driver/Src/stm32h7xx_hal_flash_ex.c ****   /* Check the parameters */
 308:Drivers/STM32H7xx_HAL_Driver/Src/stm32h7xx_hal_flash_ex.c ****   assert_param(IS_FLASH_TYPEERASE(pEraseInit->TypeErase));
 309:Drivers/STM32H7xx_HAL_Driver/Src/stm32h7xx_hal_flash_ex.c ****   assert_param(IS_FLASH_BANK(pEraseInit->Banks));
 310:Drivers/STM32H7xx_HAL_Driver/Src/stm32h7xx_hal_flash_ex.c **** 
 311:Drivers/STM32H7xx_HAL_Driver/Src/stm32h7xx_hal_flash_ex.c ****   /* Process Locked */
 312:Drivers/STM32H7xx_HAL_Driver/Src/stm32h7xx_hal_flash_ex.c ****   __HAL_LOCK(&pFlash);
 313:Drivers/STM32H7xx_HAL_Driver/Src/stm32h7xx_hal_flash_ex.c **** 
 314:Drivers/STM32H7xx_HAL_Driver/Src/stm32h7xx_hal_flash_ex.c ****   /* Reset error code */
 315:Drivers/STM32H7xx_HAL_Driver/Src/stm32h7xx_hal_flash_ex.c ****   pFlash.ErrorCode = HAL_FLASH_ERROR_NONE;
 316:Drivers/STM32H7xx_HAL_Driver/Src/stm32h7xx_hal_flash_ex.c **** 
ARM GAS  C:\Users\jason\AppData\Local\Temp\cc43Y6jb.s 			page 7


 317:Drivers/STM32H7xx_HAL_Driver/Src/stm32h7xx_hal_flash_ex.c ****   /* Wait for last operation to be completed on Bank 1 */
 318:Drivers/STM32H7xx_HAL_Driver/Src/stm32h7xx_hal_flash_ex.c ****   if((pEraseInit->Banks & FLASH_BANK_1) == FLASH_BANK_1)
 319:Drivers/STM32H7xx_HAL_Driver/Src/stm32h7xx_hal_flash_ex.c ****   {
 320:Drivers/STM32H7xx_HAL_Driver/Src/stm32h7xx_hal_flash_ex.c ****     if(FLASH_WaitForLastOperation((uint32_t)FLASH_TIMEOUT_VALUE, FLASH_BANK_1) != HAL_OK)
 321:Drivers/STM32H7xx_HAL_Driver/Src/stm32h7xx_hal_flash_ex.c ****     {
 322:Drivers/STM32H7xx_HAL_Driver/Src/stm32h7xx_hal_flash_ex.c ****       status = HAL_ERROR;
 323:Drivers/STM32H7xx_HAL_Driver/Src/stm32h7xx_hal_flash_ex.c ****     }
 324:Drivers/STM32H7xx_HAL_Driver/Src/stm32h7xx_hal_flash_ex.c ****   }
 325:Drivers/STM32H7xx_HAL_Driver/Src/stm32h7xx_hal_flash_ex.c **** 
 326:Drivers/STM32H7xx_HAL_Driver/Src/stm32h7xx_hal_flash_ex.c **** #if defined (DUAL_BANK)
 327:Drivers/STM32H7xx_HAL_Driver/Src/stm32h7xx_hal_flash_ex.c ****   /* Wait for last operation to be completed on Bank 2 */
 328:Drivers/STM32H7xx_HAL_Driver/Src/stm32h7xx_hal_flash_ex.c ****   if((pEraseInit->Banks & FLASH_BANK_2) == FLASH_BANK_2)
 329:Drivers/STM32H7xx_HAL_Driver/Src/stm32h7xx_hal_flash_ex.c ****   {
 330:Drivers/STM32H7xx_HAL_Driver/Src/stm32h7xx_hal_flash_ex.c ****     if(FLASH_WaitForLastOperation((uint32_t)FLASH_TIMEOUT_VALUE, FLASH_BANK_2) != HAL_OK)
 331:Drivers/STM32H7xx_HAL_Driver/Src/stm32h7xx_hal_flash_ex.c ****     {
 332:Drivers/STM32H7xx_HAL_Driver/Src/stm32h7xx_hal_flash_ex.c ****       status = HAL_ERROR;
 333:Drivers/STM32H7xx_HAL_Driver/Src/stm32h7xx_hal_flash_ex.c ****     }
 334:Drivers/STM32H7xx_HAL_Driver/Src/stm32h7xx_hal_flash_ex.c ****   }
 335:Drivers/STM32H7xx_HAL_Driver/Src/stm32h7xx_hal_flash_ex.c **** #endif /* DUAL_BANK */
 336:Drivers/STM32H7xx_HAL_Driver/Src/stm32h7xx_hal_flash_ex.c **** 
 337:Drivers/STM32H7xx_HAL_Driver/Src/stm32h7xx_hal_flash_ex.c ****   if (status != HAL_OK)
 338:Drivers/STM32H7xx_HAL_Driver/Src/stm32h7xx_hal_flash_ex.c ****   {
 339:Drivers/STM32H7xx_HAL_Driver/Src/stm32h7xx_hal_flash_ex.c ****     /* Process Unlocked */
 340:Drivers/STM32H7xx_HAL_Driver/Src/stm32h7xx_hal_flash_ex.c ****     __HAL_UNLOCK(&pFlash);
 341:Drivers/STM32H7xx_HAL_Driver/Src/stm32h7xx_hal_flash_ex.c ****   }
 342:Drivers/STM32H7xx_HAL_Driver/Src/stm32h7xx_hal_flash_ex.c ****   else
 343:Drivers/STM32H7xx_HAL_Driver/Src/stm32h7xx_hal_flash_ex.c ****   {
 344:Drivers/STM32H7xx_HAL_Driver/Src/stm32h7xx_hal_flash_ex.c ****     if((pEraseInit->Banks & FLASH_BANK_1) == FLASH_BANK_1)
 345:Drivers/STM32H7xx_HAL_Driver/Src/stm32h7xx_hal_flash_ex.c ****     {
 346:Drivers/STM32H7xx_HAL_Driver/Src/stm32h7xx_hal_flash_ex.c ****       /* Enable End of Operation and Error interrupts for Bank 1 */
 347:Drivers/STM32H7xx_HAL_Driver/Src/stm32h7xx_hal_flash_ex.c **** #if defined (FLASH_CR_OPERRIE)
 348:Drivers/STM32H7xx_HAL_Driver/Src/stm32h7xx_hal_flash_ex.c ****       __HAL_FLASH_ENABLE_IT_BANK1(FLASH_IT_EOP_BANK1     | FLASH_IT_WRPERR_BANK1 | FLASH_IT_PGSERR_
 349:Drivers/STM32H7xx_HAL_Driver/Src/stm32h7xx_hal_flash_ex.c ****                                   FLASH_IT_STRBERR_BANK1 | FLASH_IT_INCERR_BANK1 | FLASH_IT_OPERR_B
 350:Drivers/STM32H7xx_HAL_Driver/Src/stm32h7xx_hal_flash_ex.c **** #else
 351:Drivers/STM32H7xx_HAL_Driver/Src/stm32h7xx_hal_flash_ex.c ****       __HAL_FLASH_ENABLE_IT_BANK1(FLASH_IT_EOP_BANK1     | FLASH_IT_WRPERR_BANK1 | FLASH_IT_PGSERR_
 352:Drivers/STM32H7xx_HAL_Driver/Src/stm32h7xx_hal_flash_ex.c ****                                   FLASH_IT_STRBERR_BANK1 | FLASH_IT_INCERR_BANK1);
 353:Drivers/STM32H7xx_HAL_Driver/Src/stm32h7xx_hal_flash_ex.c **** #endif /* FLASH_CR_OPERRIE */
 354:Drivers/STM32H7xx_HAL_Driver/Src/stm32h7xx_hal_flash_ex.c ****     }
 355:Drivers/STM32H7xx_HAL_Driver/Src/stm32h7xx_hal_flash_ex.c **** #if defined (DUAL_BANK)
 356:Drivers/STM32H7xx_HAL_Driver/Src/stm32h7xx_hal_flash_ex.c ****     if((pEraseInit->Banks & FLASH_BANK_2) == FLASH_BANK_2)
 357:Drivers/STM32H7xx_HAL_Driver/Src/stm32h7xx_hal_flash_ex.c ****     {
 358:Drivers/STM32H7xx_HAL_Driver/Src/stm32h7xx_hal_flash_ex.c ****       /* Enable End of Operation and Error interrupts for Bank 2 */
 359:Drivers/STM32H7xx_HAL_Driver/Src/stm32h7xx_hal_flash_ex.c **** #if defined (FLASH_CR_OPERRIE)
 360:Drivers/STM32H7xx_HAL_Driver/Src/stm32h7xx_hal_flash_ex.c ****       __HAL_FLASH_ENABLE_IT_BANK2(FLASH_IT_EOP_BANK2     | FLASH_IT_WRPERR_BANK2 | FLASH_IT_PGSERR_
 361:Drivers/STM32H7xx_HAL_Driver/Src/stm32h7xx_hal_flash_ex.c ****                                   FLASH_IT_STRBERR_BANK2 | FLASH_IT_INCERR_BANK2 | FLASH_IT_OPERR_B
 362:Drivers/STM32H7xx_HAL_Driver/Src/stm32h7xx_hal_flash_ex.c **** #else
 363:Drivers/STM32H7xx_HAL_Driver/Src/stm32h7xx_hal_flash_ex.c ****       __HAL_FLASH_ENABLE_IT_BANK2(FLASH_IT_EOP_BANK2     | FLASH_IT_WRPERR_BANK2 | FLASH_IT_PGSERR_
 364:Drivers/STM32H7xx_HAL_Driver/Src/stm32h7xx_hal_flash_ex.c ****                                   FLASH_IT_STRBERR_BANK2 | FLASH_IT_INCERR_BANK2);
 365:Drivers/STM32H7xx_HAL_Driver/Src/stm32h7xx_hal_flash_ex.c **** #endif /* FLASH_CR_OPERRIE */
 366:Drivers/STM32H7xx_HAL_Driver/Src/stm32h7xx_hal_flash_ex.c ****     }
 367:Drivers/STM32H7xx_HAL_Driver/Src/stm32h7xx_hal_flash_ex.c **** #endif /* DUAL_BANK */
 368:Drivers/STM32H7xx_HAL_Driver/Src/stm32h7xx_hal_flash_ex.c **** 
 369:Drivers/STM32H7xx_HAL_Driver/Src/stm32h7xx_hal_flash_ex.c ****     if(pEraseInit->TypeErase == FLASH_TYPEERASE_MASSERASE)
 370:Drivers/STM32H7xx_HAL_Driver/Src/stm32h7xx_hal_flash_ex.c ****     {
 371:Drivers/STM32H7xx_HAL_Driver/Src/stm32h7xx_hal_flash_ex.c ****       /*Mass erase to be done*/
 372:Drivers/STM32H7xx_HAL_Driver/Src/stm32h7xx_hal_flash_ex.c ****       if(pEraseInit->Banks == FLASH_BANK_1)
 373:Drivers/STM32H7xx_HAL_Driver/Src/stm32h7xx_hal_flash_ex.c ****       {
ARM GAS  C:\Users\jason\AppData\Local\Temp\cc43Y6jb.s 			page 8


 374:Drivers/STM32H7xx_HAL_Driver/Src/stm32h7xx_hal_flash_ex.c ****         pFlash.ProcedureOnGoing = FLASH_PROC_MASSERASE_BANK1;
 375:Drivers/STM32H7xx_HAL_Driver/Src/stm32h7xx_hal_flash_ex.c ****       }
 376:Drivers/STM32H7xx_HAL_Driver/Src/stm32h7xx_hal_flash_ex.c **** #if defined (DUAL_BANK)
 377:Drivers/STM32H7xx_HAL_Driver/Src/stm32h7xx_hal_flash_ex.c ****       else if(pEraseInit->Banks == FLASH_BANK_2)
 378:Drivers/STM32H7xx_HAL_Driver/Src/stm32h7xx_hal_flash_ex.c ****       {
 379:Drivers/STM32H7xx_HAL_Driver/Src/stm32h7xx_hal_flash_ex.c ****         pFlash.ProcedureOnGoing = FLASH_PROC_MASSERASE_BANK2;
 380:Drivers/STM32H7xx_HAL_Driver/Src/stm32h7xx_hal_flash_ex.c ****       }
 381:Drivers/STM32H7xx_HAL_Driver/Src/stm32h7xx_hal_flash_ex.c **** #endif /* DUAL_BANK */
 382:Drivers/STM32H7xx_HAL_Driver/Src/stm32h7xx_hal_flash_ex.c ****       else
 383:Drivers/STM32H7xx_HAL_Driver/Src/stm32h7xx_hal_flash_ex.c ****       {
 384:Drivers/STM32H7xx_HAL_Driver/Src/stm32h7xx_hal_flash_ex.c ****         pFlash.ProcedureOnGoing = FLASH_PROC_ALLBANK_MASSERASE;
 385:Drivers/STM32H7xx_HAL_Driver/Src/stm32h7xx_hal_flash_ex.c ****       }
 386:Drivers/STM32H7xx_HAL_Driver/Src/stm32h7xx_hal_flash_ex.c **** 
 387:Drivers/STM32H7xx_HAL_Driver/Src/stm32h7xx_hal_flash_ex.c ****       FLASH_MassErase(pEraseInit->VoltageRange, pEraseInit->Banks);
 388:Drivers/STM32H7xx_HAL_Driver/Src/stm32h7xx_hal_flash_ex.c ****     }
 389:Drivers/STM32H7xx_HAL_Driver/Src/stm32h7xx_hal_flash_ex.c ****     else
 390:Drivers/STM32H7xx_HAL_Driver/Src/stm32h7xx_hal_flash_ex.c ****     {
 391:Drivers/STM32H7xx_HAL_Driver/Src/stm32h7xx_hal_flash_ex.c ****       /* Erase by sector to be done */
 392:Drivers/STM32H7xx_HAL_Driver/Src/stm32h7xx_hal_flash_ex.c **** #if defined (DUAL_BANK)
 393:Drivers/STM32H7xx_HAL_Driver/Src/stm32h7xx_hal_flash_ex.c ****       if(pEraseInit->Banks == FLASH_BANK_1)
 394:Drivers/STM32H7xx_HAL_Driver/Src/stm32h7xx_hal_flash_ex.c ****       {
 395:Drivers/STM32H7xx_HAL_Driver/Src/stm32h7xx_hal_flash_ex.c ****         pFlash.ProcedureOnGoing = FLASH_PROC_SECTERASE_BANK1;
 396:Drivers/STM32H7xx_HAL_Driver/Src/stm32h7xx_hal_flash_ex.c ****       }
 397:Drivers/STM32H7xx_HAL_Driver/Src/stm32h7xx_hal_flash_ex.c ****       else
 398:Drivers/STM32H7xx_HAL_Driver/Src/stm32h7xx_hal_flash_ex.c ****       {
 399:Drivers/STM32H7xx_HAL_Driver/Src/stm32h7xx_hal_flash_ex.c ****         pFlash.ProcedureOnGoing = FLASH_PROC_SECTERASE_BANK2;
 400:Drivers/STM32H7xx_HAL_Driver/Src/stm32h7xx_hal_flash_ex.c ****       }
 401:Drivers/STM32H7xx_HAL_Driver/Src/stm32h7xx_hal_flash_ex.c **** #else
 402:Drivers/STM32H7xx_HAL_Driver/Src/stm32h7xx_hal_flash_ex.c ****       pFlash.ProcedureOnGoing = FLASH_PROC_SECTERASE_BANK1;
 403:Drivers/STM32H7xx_HAL_Driver/Src/stm32h7xx_hal_flash_ex.c **** #endif /* DUAL_BANK */
 404:Drivers/STM32H7xx_HAL_Driver/Src/stm32h7xx_hal_flash_ex.c **** 
 405:Drivers/STM32H7xx_HAL_Driver/Src/stm32h7xx_hal_flash_ex.c ****       pFlash.NbSectorsToErase = pEraseInit->NbSectors;
 406:Drivers/STM32H7xx_HAL_Driver/Src/stm32h7xx_hal_flash_ex.c ****       pFlash.Sector = pEraseInit->Sector;
 407:Drivers/STM32H7xx_HAL_Driver/Src/stm32h7xx_hal_flash_ex.c ****       pFlash.VoltageForErase = pEraseInit->VoltageRange;
 408:Drivers/STM32H7xx_HAL_Driver/Src/stm32h7xx_hal_flash_ex.c **** 
 409:Drivers/STM32H7xx_HAL_Driver/Src/stm32h7xx_hal_flash_ex.c ****       /* Erase first sector and wait for IT */
 410:Drivers/STM32H7xx_HAL_Driver/Src/stm32h7xx_hal_flash_ex.c ****       FLASH_Erase_Sector(pEraseInit->Sector, pEraseInit->Banks, pEraseInit->VoltageRange);
 411:Drivers/STM32H7xx_HAL_Driver/Src/stm32h7xx_hal_flash_ex.c ****     }
 412:Drivers/STM32H7xx_HAL_Driver/Src/stm32h7xx_hal_flash_ex.c ****   }
 413:Drivers/STM32H7xx_HAL_Driver/Src/stm32h7xx_hal_flash_ex.c **** 
 414:Drivers/STM32H7xx_HAL_Driver/Src/stm32h7xx_hal_flash_ex.c ****   return status;
 415:Drivers/STM32H7xx_HAL_Driver/Src/stm32h7xx_hal_flash_ex.c **** }
 416:Drivers/STM32H7xx_HAL_Driver/Src/stm32h7xx_hal_flash_ex.c **** 
 417:Drivers/STM32H7xx_HAL_Driver/Src/stm32h7xx_hal_flash_ex.c **** /**
 418:Drivers/STM32H7xx_HAL_Driver/Src/stm32h7xx_hal_flash_ex.c ****   * @brief  Program option bytes
 419:Drivers/STM32H7xx_HAL_Driver/Src/stm32h7xx_hal_flash_ex.c ****   * @param  pOBInit pointer to an FLASH_OBProgramInitTypeDef structure that
 420:Drivers/STM32H7xx_HAL_Driver/Src/stm32h7xx_hal_flash_ex.c ****   *         contains the configuration information for the programming.
 421:Drivers/STM32H7xx_HAL_Driver/Src/stm32h7xx_hal_flash_ex.c ****   *
 422:Drivers/STM32H7xx_HAL_Driver/Src/stm32h7xx_hal_flash_ex.c ****   * @retval HAL Status
 423:Drivers/STM32H7xx_HAL_Driver/Src/stm32h7xx_hal_flash_ex.c ****   */
 424:Drivers/STM32H7xx_HAL_Driver/Src/stm32h7xx_hal_flash_ex.c **** HAL_StatusTypeDef HAL_FLASHEx_OBProgram(FLASH_OBProgramInitTypeDef *pOBInit)
 425:Drivers/STM32H7xx_HAL_Driver/Src/stm32h7xx_hal_flash_ex.c **** {
 426:Drivers/STM32H7xx_HAL_Driver/Src/stm32h7xx_hal_flash_ex.c ****   HAL_StatusTypeDef status;
 427:Drivers/STM32H7xx_HAL_Driver/Src/stm32h7xx_hal_flash_ex.c **** 
 428:Drivers/STM32H7xx_HAL_Driver/Src/stm32h7xx_hal_flash_ex.c ****   /* Check the parameters */
 429:Drivers/STM32H7xx_HAL_Driver/Src/stm32h7xx_hal_flash_ex.c ****   assert_param(IS_OPTIONBYTE(pOBInit->OptionType));
 430:Drivers/STM32H7xx_HAL_Driver/Src/stm32h7xx_hal_flash_ex.c **** 
ARM GAS  C:\Users\jason\AppData\Local\Temp\cc43Y6jb.s 			page 9


 431:Drivers/STM32H7xx_HAL_Driver/Src/stm32h7xx_hal_flash_ex.c ****   /* Process Locked */
 432:Drivers/STM32H7xx_HAL_Driver/Src/stm32h7xx_hal_flash_ex.c ****   __HAL_LOCK(&pFlash);
 433:Drivers/STM32H7xx_HAL_Driver/Src/stm32h7xx_hal_flash_ex.c **** 
 434:Drivers/STM32H7xx_HAL_Driver/Src/stm32h7xx_hal_flash_ex.c ****   /* Reset Error Code */
 435:Drivers/STM32H7xx_HAL_Driver/Src/stm32h7xx_hal_flash_ex.c ****   pFlash.ErrorCode = HAL_FLASH_ERROR_NONE;
 436:Drivers/STM32H7xx_HAL_Driver/Src/stm32h7xx_hal_flash_ex.c **** 
 437:Drivers/STM32H7xx_HAL_Driver/Src/stm32h7xx_hal_flash_ex.c ****   /* Wait for last operation to be completed */
 438:Drivers/STM32H7xx_HAL_Driver/Src/stm32h7xx_hal_flash_ex.c ****   if(FLASH_WaitForLastOperation((uint32_t)FLASH_TIMEOUT_VALUE, FLASH_BANK_1) != HAL_OK)
 439:Drivers/STM32H7xx_HAL_Driver/Src/stm32h7xx_hal_flash_ex.c ****   {
 440:Drivers/STM32H7xx_HAL_Driver/Src/stm32h7xx_hal_flash_ex.c ****     status = HAL_ERROR;
 441:Drivers/STM32H7xx_HAL_Driver/Src/stm32h7xx_hal_flash_ex.c ****   }
 442:Drivers/STM32H7xx_HAL_Driver/Src/stm32h7xx_hal_flash_ex.c **** #if defined (DUAL_BANK)
 443:Drivers/STM32H7xx_HAL_Driver/Src/stm32h7xx_hal_flash_ex.c ****   else if(FLASH_WaitForLastOperation((uint32_t)FLASH_TIMEOUT_VALUE, FLASH_BANK_2) != HAL_OK)
 444:Drivers/STM32H7xx_HAL_Driver/Src/stm32h7xx_hal_flash_ex.c ****   {
 445:Drivers/STM32H7xx_HAL_Driver/Src/stm32h7xx_hal_flash_ex.c ****     status = HAL_ERROR;
 446:Drivers/STM32H7xx_HAL_Driver/Src/stm32h7xx_hal_flash_ex.c ****   }
 447:Drivers/STM32H7xx_HAL_Driver/Src/stm32h7xx_hal_flash_ex.c **** #endif /* DUAL_BANK */
 448:Drivers/STM32H7xx_HAL_Driver/Src/stm32h7xx_hal_flash_ex.c ****   else
 449:Drivers/STM32H7xx_HAL_Driver/Src/stm32h7xx_hal_flash_ex.c ****   {
 450:Drivers/STM32H7xx_HAL_Driver/Src/stm32h7xx_hal_flash_ex.c ****     status = HAL_OK;
 451:Drivers/STM32H7xx_HAL_Driver/Src/stm32h7xx_hal_flash_ex.c ****   }
 452:Drivers/STM32H7xx_HAL_Driver/Src/stm32h7xx_hal_flash_ex.c **** 
 453:Drivers/STM32H7xx_HAL_Driver/Src/stm32h7xx_hal_flash_ex.c ****   if(status == HAL_OK)
 454:Drivers/STM32H7xx_HAL_Driver/Src/stm32h7xx_hal_flash_ex.c ****   {
 455:Drivers/STM32H7xx_HAL_Driver/Src/stm32h7xx_hal_flash_ex.c ****     /*Write protection configuration*/
 456:Drivers/STM32H7xx_HAL_Driver/Src/stm32h7xx_hal_flash_ex.c ****     if((pOBInit->OptionType & OPTIONBYTE_WRP) == OPTIONBYTE_WRP)
 457:Drivers/STM32H7xx_HAL_Driver/Src/stm32h7xx_hal_flash_ex.c ****     {
 458:Drivers/STM32H7xx_HAL_Driver/Src/stm32h7xx_hal_flash_ex.c ****       assert_param(IS_WRPSTATE(pOBInit->WRPState));
 459:Drivers/STM32H7xx_HAL_Driver/Src/stm32h7xx_hal_flash_ex.c **** 
 460:Drivers/STM32H7xx_HAL_Driver/Src/stm32h7xx_hal_flash_ex.c ****       if(pOBInit->WRPState == OB_WRPSTATE_ENABLE)
 461:Drivers/STM32H7xx_HAL_Driver/Src/stm32h7xx_hal_flash_ex.c ****       {
 462:Drivers/STM32H7xx_HAL_Driver/Src/stm32h7xx_hal_flash_ex.c ****         /*Enable of Write protection on the selected Sector*/
 463:Drivers/STM32H7xx_HAL_Driver/Src/stm32h7xx_hal_flash_ex.c ****         FLASH_OB_EnableWRP(pOBInit->WRPSector,pOBInit->Banks);
 464:Drivers/STM32H7xx_HAL_Driver/Src/stm32h7xx_hal_flash_ex.c ****       }
 465:Drivers/STM32H7xx_HAL_Driver/Src/stm32h7xx_hal_flash_ex.c ****       else
 466:Drivers/STM32H7xx_HAL_Driver/Src/stm32h7xx_hal_flash_ex.c ****       {
 467:Drivers/STM32H7xx_HAL_Driver/Src/stm32h7xx_hal_flash_ex.c ****         /*Disable of Write protection on the selected Sector*/
 468:Drivers/STM32H7xx_HAL_Driver/Src/stm32h7xx_hal_flash_ex.c ****         FLASH_OB_DisableWRP(pOBInit->WRPSector, pOBInit->Banks);
 469:Drivers/STM32H7xx_HAL_Driver/Src/stm32h7xx_hal_flash_ex.c ****       }
 470:Drivers/STM32H7xx_HAL_Driver/Src/stm32h7xx_hal_flash_ex.c ****     }
 471:Drivers/STM32H7xx_HAL_Driver/Src/stm32h7xx_hal_flash_ex.c **** 
 472:Drivers/STM32H7xx_HAL_Driver/Src/stm32h7xx_hal_flash_ex.c ****     /* Read protection configuration */
 473:Drivers/STM32H7xx_HAL_Driver/Src/stm32h7xx_hal_flash_ex.c ****     if((pOBInit->OptionType & OPTIONBYTE_RDP) != 0U)
 474:Drivers/STM32H7xx_HAL_Driver/Src/stm32h7xx_hal_flash_ex.c ****     {
 475:Drivers/STM32H7xx_HAL_Driver/Src/stm32h7xx_hal_flash_ex.c ****       /* Configure the Read protection level */
 476:Drivers/STM32H7xx_HAL_Driver/Src/stm32h7xx_hal_flash_ex.c ****       FLASH_OB_RDPConfig(pOBInit->RDPLevel);
 477:Drivers/STM32H7xx_HAL_Driver/Src/stm32h7xx_hal_flash_ex.c ****     }
 478:Drivers/STM32H7xx_HAL_Driver/Src/stm32h7xx_hal_flash_ex.c **** 
 479:Drivers/STM32H7xx_HAL_Driver/Src/stm32h7xx_hal_flash_ex.c ****     /* User Configuration */
 480:Drivers/STM32H7xx_HAL_Driver/Src/stm32h7xx_hal_flash_ex.c ****     if((pOBInit->OptionType & OPTIONBYTE_USER) != 0U)
 481:Drivers/STM32H7xx_HAL_Driver/Src/stm32h7xx_hal_flash_ex.c ****     {
 482:Drivers/STM32H7xx_HAL_Driver/Src/stm32h7xx_hal_flash_ex.c ****       /* Configure the user option bytes */
 483:Drivers/STM32H7xx_HAL_Driver/Src/stm32h7xx_hal_flash_ex.c ****       FLASH_OB_UserConfig(pOBInit->USERType, pOBInit->USERConfig);
 484:Drivers/STM32H7xx_HAL_Driver/Src/stm32h7xx_hal_flash_ex.c ****     }
 485:Drivers/STM32H7xx_HAL_Driver/Src/stm32h7xx_hal_flash_ex.c **** 
 486:Drivers/STM32H7xx_HAL_Driver/Src/stm32h7xx_hal_flash_ex.c ****     /* PCROP Configuration */
 487:Drivers/STM32H7xx_HAL_Driver/Src/stm32h7xx_hal_flash_ex.c ****     if((pOBInit->OptionType & OPTIONBYTE_PCROP) != 0U)
ARM GAS  C:\Users\jason\AppData\Local\Temp\cc43Y6jb.s 			page 10


 488:Drivers/STM32H7xx_HAL_Driver/Src/stm32h7xx_hal_flash_ex.c ****     {
 489:Drivers/STM32H7xx_HAL_Driver/Src/stm32h7xx_hal_flash_ex.c ****       assert_param(IS_FLASH_BANK(pOBInit->Banks));
 490:Drivers/STM32H7xx_HAL_Driver/Src/stm32h7xx_hal_flash_ex.c **** 
 491:Drivers/STM32H7xx_HAL_Driver/Src/stm32h7xx_hal_flash_ex.c ****       /*Configure the Proprietary code readout protection */
 492:Drivers/STM32H7xx_HAL_Driver/Src/stm32h7xx_hal_flash_ex.c ****       FLASH_OB_PCROPConfig(pOBInit->PCROPConfig, pOBInit->PCROPStartAddr, pOBInit->PCROPEndAddr, pO
 493:Drivers/STM32H7xx_HAL_Driver/Src/stm32h7xx_hal_flash_ex.c ****     }
 494:Drivers/STM32H7xx_HAL_Driver/Src/stm32h7xx_hal_flash_ex.c **** 
 495:Drivers/STM32H7xx_HAL_Driver/Src/stm32h7xx_hal_flash_ex.c ****     /* BOR Level configuration */
 496:Drivers/STM32H7xx_HAL_Driver/Src/stm32h7xx_hal_flash_ex.c ****     if((pOBInit->OptionType & OPTIONBYTE_BOR) == OPTIONBYTE_BOR)
 497:Drivers/STM32H7xx_HAL_Driver/Src/stm32h7xx_hal_flash_ex.c ****     {
 498:Drivers/STM32H7xx_HAL_Driver/Src/stm32h7xx_hal_flash_ex.c ****       FLASH_OB_BOR_LevelConfig(pOBInit->BORLevel);
 499:Drivers/STM32H7xx_HAL_Driver/Src/stm32h7xx_hal_flash_ex.c ****     }
 500:Drivers/STM32H7xx_HAL_Driver/Src/stm32h7xx_hal_flash_ex.c **** 
 501:Drivers/STM32H7xx_HAL_Driver/Src/stm32h7xx_hal_flash_ex.c **** #if defined(DUAL_CORE)
 502:Drivers/STM32H7xx_HAL_Driver/Src/stm32h7xx_hal_flash_ex.c ****     /* CM7 Boot Address  configuration */
 503:Drivers/STM32H7xx_HAL_Driver/Src/stm32h7xx_hal_flash_ex.c ****     if((pOBInit->OptionType & OPTIONBYTE_CM7_BOOTADD) == OPTIONBYTE_CM7_BOOTADD)
 504:Drivers/STM32H7xx_HAL_Driver/Src/stm32h7xx_hal_flash_ex.c ****     {
 505:Drivers/STM32H7xx_HAL_Driver/Src/stm32h7xx_hal_flash_ex.c ****       FLASH_OB_BootAddConfig(pOBInit->BootConfig, pOBInit->BootAddr0, pOBInit->BootAddr1);
 506:Drivers/STM32H7xx_HAL_Driver/Src/stm32h7xx_hal_flash_ex.c ****     }
 507:Drivers/STM32H7xx_HAL_Driver/Src/stm32h7xx_hal_flash_ex.c **** 
 508:Drivers/STM32H7xx_HAL_Driver/Src/stm32h7xx_hal_flash_ex.c ****     /* CM4 Boot Address  configuration */
 509:Drivers/STM32H7xx_HAL_Driver/Src/stm32h7xx_hal_flash_ex.c ****     if((pOBInit->OptionType & OPTIONBYTE_CM4_BOOTADD) == OPTIONBYTE_CM4_BOOTADD)
 510:Drivers/STM32H7xx_HAL_Driver/Src/stm32h7xx_hal_flash_ex.c ****     {
 511:Drivers/STM32H7xx_HAL_Driver/Src/stm32h7xx_hal_flash_ex.c ****       FLASH_OB_CM4BootAddConfig(pOBInit->CM4BootConfig, pOBInit->CM4BootAddr0, pOBInit->CM4BootAddr
 512:Drivers/STM32H7xx_HAL_Driver/Src/stm32h7xx_hal_flash_ex.c ****     }
 513:Drivers/STM32H7xx_HAL_Driver/Src/stm32h7xx_hal_flash_ex.c **** #else /* Single Core*/
 514:Drivers/STM32H7xx_HAL_Driver/Src/stm32h7xx_hal_flash_ex.c ****     /* Boot Address  configuration */
 515:Drivers/STM32H7xx_HAL_Driver/Src/stm32h7xx_hal_flash_ex.c ****     if((pOBInit->OptionType & OPTIONBYTE_BOOTADD) == OPTIONBYTE_BOOTADD)
 516:Drivers/STM32H7xx_HAL_Driver/Src/stm32h7xx_hal_flash_ex.c ****     {
 517:Drivers/STM32H7xx_HAL_Driver/Src/stm32h7xx_hal_flash_ex.c ****       FLASH_OB_BootAddConfig(pOBInit->BootConfig, pOBInit->BootAddr0, pOBInit->BootAddr1);
 518:Drivers/STM32H7xx_HAL_Driver/Src/stm32h7xx_hal_flash_ex.c ****     }
 519:Drivers/STM32H7xx_HAL_Driver/Src/stm32h7xx_hal_flash_ex.c **** #endif /*DUAL_CORE*/
 520:Drivers/STM32H7xx_HAL_Driver/Src/stm32h7xx_hal_flash_ex.c **** 
 521:Drivers/STM32H7xx_HAL_Driver/Src/stm32h7xx_hal_flash_ex.c ****     /* Secure area configuration */
 522:Drivers/STM32H7xx_HAL_Driver/Src/stm32h7xx_hal_flash_ex.c ****     if((pOBInit->OptionType & OPTIONBYTE_SECURE_AREA) == OPTIONBYTE_SECURE_AREA)
 523:Drivers/STM32H7xx_HAL_Driver/Src/stm32h7xx_hal_flash_ex.c ****     {
 524:Drivers/STM32H7xx_HAL_Driver/Src/stm32h7xx_hal_flash_ex.c ****       FLASH_OB_SecureAreaConfig(pOBInit->SecureAreaConfig, pOBInit->SecureAreaStartAddr, pOBInit->S
 525:Drivers/STM32H7xx_HAL_Driver/Src/stm32h7xx_hal_flash_ex.c ****     }
 526:Drivers/STM32H7xx_HAL_Driver/Src/stm32h7xx_hal_flash_ex.c **** 
 527:Drivers/STM32H7xx_HAL_Driver/Src/stm32h7xx_hal_flash_ex.c **** #if defined(FLASH_OTPBL_LOCKBL)
 528:Drivers/STM32H7xx_HAL_Driver/Src/stm32h7xx_hal_flash_ex.c ****     /* OTP Block Lock configuration */
 529:Drivers/STM32H7xx_HAL_Driver/Src/stm32h7xx_hal_flash_ex.c ****     if((pOBInit->OptionType & OPTIONBYTE_OTP_LOCK) == OPTIONBYTE_OTP_LOCK)
 530:Drivers/STM32H7xx_HAL_Driver/Src/stm32h7xx_hal_flash_ex.c ****     {
 531:Drivers/STM32H7xx_HAL_Driver/Src/stm32h7xx_hal_flash_ex.c ****       FLASH_OB_OTP_LockConfig(pOBInit->OTPBlockLock);
 532:Drivers/STM32H7xx_HAL_Driver/Src/stm32h7xx_hal_flash_ex.c ****     }
 533:Drivers/STM32H7xx_HAL_Driver/Src/stm32h7xx_hal_flash_ex.c **** #endif /* FLASH_OTPBL_LOCKBL */
 534:Drivers/STM32H7xx_HAL_Driver/Src/stm32h7xx_hal_flash_ex.c **** 
 535:Drivers/STM32H7xx_HAL_Driver/Src/stm32h7xx_hal_flash_ex.c **** #if defined(FLASH_OPTSR2_TCM_AXI_SHARED)
 536:Drivers/STM32H7xx_HAL_Driver/Src/stm32h7xx_hal_flash_ex.c ****     /* TCM / AXI Shared RAM configuration */
 537:Drivers/STM32H7xx_HAL_Driver/Src/stm32h7xx_hal_flash_ex.c ****     if((pOBInit->OptionType & OPTIONBYTE_SHARED_RAM) == OPTIONBYTE_SHARED_RAM)
 538:Drivers/STM32H7xx_HAL_Driver/Src/stm32h7xx_hal_flash_ex.c ****     {
 539:Drivers/STM32H7xx_HAL_Driver/Src/stm32h7xx_hal_flash_ex.c ****       FLASH_OB_SharedRAM_Config(pOBInit->SharedRamConfig);
 540:Drivers/STM32H7xx_HAL_Driver/Src/stm32h7xx_hal_flash_ex.c ****     }
 541:Drivers/STM32H7xx_HAL_Driver/Src/stm32h7xx_hal_flash_ex.c **** #endif /* FLASH_OPTSR2_TCM_AXI_SHARED */
 542:Drivers/STM32H7xx_HAL_Driver/Src/stm32h7xx_hal_flash_ex.c **** 
 543:Drivers/STM32H7xx_HAL_Driver/Src/stm32h7xx_hal_flash_ex.c **** #if defined(FLASH_OPTSR2_CPUFREQ_BOOST)
 544:Drivers/STM32H7xx_HAL_Driver/Src/stm32h7xx_hal_flash_ex.c ****     /* CPU Frequency Boost configuration */
ARM GAS  C:\Users\jason\AppData\Local\Temp\cc43Y6jb.s 			page 11


 545:Drivers/STM32H7xx_HAL_Driver/Src/stm32h7xx_hal_flash_ex.c ****     if((pOBInit->OptionType & OPTIONBYTE_FREQ_BOOST) == OPTIONBYTE_FREQ_BOOST)
 546:Drivers/STM32H7xx_HAL_Driver/Src/stm32h7xx_hal_flash_ex.c ****     {
 547:Drivers/STM32H7xx_HAL_Driver/Src/stm32h7xx_hal_flash_ex.c ****       FLASH_OB_CPUFreq_BoostConfig(pOBInit->FreqBoostState);
 548:Drivers/STM32H7xx_HAL_Driver/Src/stm32h7xx_hal_flash_ex.c ****     }
 549:Drivers/STM32H7xx_HAL_Driver/Src/stm32h7xx_hal_flash_ex.c **** #endif /* FLASH_OPTSR2_CPUFREQ_BOOST */
 550:Drivers/STM32H7xx_HAL_Driver/Src/stm32h7xx_hal_flash_ex.c ****   }
 551:Drivers/STM32H7xx_HAL_Driver/Src/stm32h7xx_hal_flash_ex.c **** 
 552:Drivers/STM32H7xx_HAL_Driver/Src/stm32h7xx_hal_flash_ex.c ****   /* Process Unlocked */
 553:Drivers/STM32H7xx_HAL_Driver/Src/stm32h7xx_hal_flash_ex.c ****   __HAL_UNLOCK(&pFlash);
 554:Drivers/STM32H7xx_HAL_Driver/Src/stm32h7xx_hal_flash_ex.c **** 
 555:Drivers/STM32H7xx_HAL_Driver/Src/stm32h7xx_hal_flash_ex.c ****   return status;
 556:Drivers/STM32H7xx_HAL_Driver/Src/stm32h7xx_hal_flash_ex.c **** }
 557:Drivers/STM32H7xx_HAL_Driver/Src/stm32h7xx_hal_flash_ex.c **** 
 558:Drivers/STM32H7xx_HAL_Driver/Src/stm32h7xx_hal_flash_ex.c **** /**
 559:Drivers/STM32H7xx_HAL_Driver/Src/stm32h7xx_hal_flash_ex.c ****   * @brief Get the Option byte configuration
 560:Drivers/STM32H7xx_HAL_Driver/Src/stm32h7xx_hal_flash_ex.c ****   * @param  pOBInit pointer to an FLASH_OBProgramInitTypeDef structure that
 561:Drivers/STM32H7xx_HAL_Driver/Src/stm32h7xx_hal_flash_ex.c ****   *         contains the configuration information for the programming.
 562:Drivers/STM32H7xx_HAL_Driver/Src/stm32h7xx_hal_flash_ex.c ****   * @note   The parameter Banks of the pOBInit structure must be set exclusively to FLASH_BANK_1 or
 563:Drivers/STM32H7xx_HAL_Driver/Src/stm32h7xx_hal_flash_ex.c ****   *         as this parameter is use to get the given Bank WRP, PCROP and secured area configuratio
 564:Drivers/STM32H7xx_HAL_Driver/Src/stm32h7xx_hal_flash_ex.c ****   *
 565:Drivers/STM32H7xx_HAL_Driver/Src/stm32h7xx_hal_flash_ex.c ****   * @retval None
 566:Drivers/STM32H7xx_HAL_Driver/Src/stm32h7xx_hal_flash_ex.c ****   */
 567:Drivers/STM32H7xx_HAL_Driver/Src/stm32h7xx_hal_flash_ex.c **** void HAL_FLASHEx_OBGetConfig(FLASH_OBProgramInitTypeDef *pOBInit)
 568:Drivers/STM32H7xx_HAL_Driver/Src/stm32h7xx_hal_flash_ex.c **** {
 569:Drivers/STM32H7xx_HAL_Driver/Src/stm32h7xx_hal_flash_ex.c ****   pOBInit->OptionType = (OPTIONBYTE_USER | OPTIONBYTE_RDP | OPTIONBYTE_BOR);
 570:Drivers/STM32H7xx_HAL_Driver/Src/stm32h7xx_hal_flash_ex.c **** 
 571:Drivers/STM32H7xx_HAL_Driver/Src/stm32h7xx_hal_flash_ex.c ****   /* Get Read protection level */
 572:Drivers/STM32H7xx_HAL_Driver/Src/stm32h7xx_hal_flash_ex.c ****   pOBInit->RDPLevel = FLASH_OB_GetRDP();
 573:Drivers/STM32H7xx_HAL_Driver/Src/stm32h7xx_hal_flash_ex.c **** 
 574:Drivers/STM32H7xx_HAL_Driver/Src/stm32h7xx_hal_flash_ex.c ****   /* Get the user option bytes */
 575:Drivers/STM32H7xx_HAL_Driver/Src/stm32h7xx_hal_flash_ex.c ****   pOBInit->USERConfig = FLASH_OB_GetUser();
 576:Drivers/STM32H7xx_HAL_Driver/Src/stm32h7xx_hal_flash_ex.c **** 
 577:Drivers/STM32H7xx_HAL_Driver/Src/stm32h7xx_hal_flash_ex.c ****   /*Get BOR Level*/
 578:Drivers/STM32H7xx_HAL_Driver/Src/stm32h7xx_hal_flash_ex.c ****   pOBInit->BORLevel = FLASH_OB_GetBOR();
 579:Drivers/STM32H7xx_HAL_Driver/Src/stm32h7xx_hal_flash_ex.c **** 
 580:Drivers/STM32H7xx_HAL_Driver/Src/stm32h7xx_hal_flash_ex.c **** #if defined (DUAL_BANK)
 581:Drivers/STM32H7xx_HAL_Driver/Src/stm32h7xx_hal_flash_ex.c ****   if ((pOBInit->Banks == FLASH_BANK_1) || (pOBInit->Banks == FLASH_BANK_2))
 582:Drivers/STM32H7xx_HAL_Driver/Src/stm32h7xx_hal_flash_ex.c **** #else
 583:Drivers/STM32H7xx_HAL_Driver/Src/stm32h7xx_hal_flash_ex.c ****   if (pOBInit->Banks == FLASH_BANK_1)
 584:Drivers/STM32H7xx_HAL_Driver/Src/stm32h7xx_hal_flash_ex.c **** #endif /* DUAL_BANK */
 585:Drivers/STM32H7xx_HAL_Driver/Src/stm32h7xx_hal_flash_ex.c ****   {
 586:Drivers/STM32H7xx_HAL_Driver/Src/stm32h7xx_hal_flash_ex.c ****     pOBInit->OptionType |= (OPTIONBYTE_WRP | OPTIONBYTE_PCROP | OPTIONBYTE_SECURE_AREA);
 587:Drivers/STM32H7xx_HAL_Driver/Src/stm32h7xx_hal_flash_ex.c **** 
 588:Drivers/STM32H7xx_HAL_Driver/Src/stm32h7xx_hal_flash_ex.c ****     /* Get write protection on the selected area */
 589:Drivers/STM32H7xx_HAL_Driver/Src/stm32h7xx_hal_flash_ex.c ****     FLASH_OB_GetWRP(&(pOBInit->WRPState), &(pOBInit->WRPSector), pOBInit->Banks);
 590:Drivers/STM32H7xx_HAL_Driver/Src/stm32h7xx_hal_flash_ex.c **** 
 591:Drivers/STM32H7xx_HAL_Driver/Src/stm32h7xx_hal_flash_ex.c ****     /* Get the Proprietary code readout protection */
 592:Drivers/STM32H7xx_HAL_Driver/Src/stm32h7xx_hal_flash_ex.c ****     FLASH_OB_GetPCROP(&(pOBInit->PCROPConfig), &(pOBInit->PCROPStartAddr), &(pOBInit->PCROPEndAddr)
 593:Drivers/STM32H7xx_HAL_Driver/Src/stm32h7xx_hal_flash_ex.c **** 
 594:Drivers/STM32H7xx_HAL_Driver/Src/stm32h7xx_hal_flash_ex.c ****     /*Get Bank Secure area*/
 595:Drivers/STM32H7xx_HAL_Driver/Src/stm32h7xx_hal_flash_ex.c ****     FLASH_OB_GetSecureArea(&(pOBInit->SecureAreaConfig), &(pOBInit->SecureAreaStartAddr), &(pOBInit
 596:Drivers/STM32H7xx_HAL_Driver/Src/stm32h7xx_hal_flash_ex.c ****   }
 597:Drivers/STM32H7xx_HAL_Driver/Src/stm32h7xx_hal_flash_ex.c **** 
 598:Drivers/STM32H7xx_HAL_Driver/Src/stm32h7xx_hal_flash_ex.c ****   /*Get Boot Address*/
 599:Drivers/STM32H7xx_HAL_Driver/Src/stm32h7xx_hal_flash_ex.c ****   FLASH_OB_GetBootAdd(&(pOBInit->BootAddr0), &(pOBInit->BootAddr1));
 600:Drivers/STM32H7xx_HAL_Driver/Src/stm32h7xx_hal_flash_ex.c **** #if defined(DUAL_CORE)
 601:Drivers/STM32H7xx_HAL_Driver/Src/stm32h7xx_hal_flash_ex.c ****   pOBInit->OptionType |= OPTIONBYTE_CM7_BOOTADD | OPTIONBYTE_CM4_BOOTADD;
ARM GAS  C:\Users\jason\AppData\Local\Temp\cc43Y6jb.s 			page 12


 602:Drivers/STM32H7xx_HAL_Driver/Src/stm32h7xx_hal_flash_ex.c **** 
 603:Drivers/STM32H7xx_HAL_Driver/Src/stm32h7xx_hal_flash_ex.c ****   /*Get CM4 Boot Address*/
 604:Drivers/STM32H7xx_HAL_Driver/Src/stm32h7xx_hal_flash_ex.c ****   FLASH_OB_GetCM4BootAdd(&(pOBInit->CM4BootAddr0), &(pOBInit->CM4BootAddr1));
 605:Drivers/STM32H7xx_HAL_Driver/Src/stm32h7xx_hal_flash_ex.c **** #else
 606:Drivers/STM32H7xx_HAL_Driver/Src/stm32h7xx_hal_flash_ex.c ****   pOBInit->OptionType |= OPTIONBYTE_BOOTADD;
 607:Drivers/STM32H7xx_HAL_Driver/Src/stm32h7xx_hal_flash_ex.c **** #endif /*DUAL_CORE*/
 608:Drivers/STM32H7xx_HAL_Driver/Src/stm32h7xx_hal_flash_ex.c **** 
 609:Drivers/STM32H7xx_HAL_Driver/Src/stm32h7xx_hal_flash_ex.c **** #if defined (FLASH_OTPBL_LOCKBL)
 610:Drivers/STM32H7xx_HAL_Driver/Src/stm32h7xx_hal_flash_ex.c ****   pOBInit->OptionType |= OPTIONBYTE_OTP_LOCK;
 611:Drivers/STM32H7xx_HAL_Driver/Src/stm32h7xx_hal_flash_ex.c **** 
 612:Drivers/STM32H7xx_HAL_Driver/Src/stm32h7xx_hal_flash_ex.c ****   /* Get OTP Block Lock */
 613:Drivers/STM32H7xx_HAL_Driver/Src/stm32h7xx_hal_flash_ex.c ****   pOBInit->OTPBlockLock = FLASH_OB_OTP_GetLock();
 614:Drivers/STM32H7xx_HAL_Driver/Src/stm32h7xx_hal_flash_ex.c **** #endif /* FLASH_OTPBL_LOCKBL */
 615:Drivers/STM32H7xx_HAL_Driver/Src/stm32h7xx_hal_flash_ex.c **** 
 616:Drivers/STM32H7xx_HAL_Driver/Src/stm32h7xx_hal_flash_ex.c **** #if defined (FLASH_OPTSR2_TCM_AXI_SHARED)
 617:Drivers/STM32H7xx_HAL_Driver/Src/stm32h7xx_hal_flash_ex.c ****   pOBInit->OptionType |= OPTIONBYTE_SHARED_RAM;
 618:Drivers/STM32H7xx_HAL_Driver/Src/stm32h7xx_hal_flash_ex.c **** 
 619:Drivers/STM32H7xx_HAL_Driver/Src/stm32h7xx_hal_flash_ex.c ****   /* Get TCM / AXI Shared RAM */
 620:Drivers/STM32H7xx_HAL_Driver/Src/stm32h7xx_hal_flash_ex.c ****   pOBInit->SharedRamConfig = FLASH_OB_SharedRAM_GetConfig();
 621:Drivers/STM32H7xx_HAL_Driver/Src/stm32h7xx_hal_flash_ex.c **** #endif /* FLASH_OPTSR2_TCM_AXI_SHARED */
 622:Drivers/STM32H7xx_HAL_Driver/Src/stm32h7xx_hal_flash_ex.c **** 
 623:Drivers/STM32H7xx_HAL_Driver/Src/stm32h7xx_hal_flash_ex.c **** #if defined (FLASH_OPTSR2_CPUFREQ_BOOST)
 624:Drivers/STM32H7xx_HAL_Driver/Src/stm32h7xx_hal_flash_ex.c ****   pOBInit->OptionType |= OPTIONBYTE_FREQ_BOOST;
 625:Drivers/STM32H7xx_HAL_Driver/Src/stm32h7xx_hal_flash_ex.c **** 
 626:Drivers/STM32H7xx_HAL_Driver/Src/stm32h7xx_hal_flash_ex.c ****   /* Get CPU Frequency Boost */
 627:Drivers/STM32H7xx_HAL_Driver/Src/stm32h7xx_hal_flash_ex.c ****   pOBInit->FreqBoostState = FLASH_OB_CPUFreq_GetBoost();
 628:Drivers/STM32H7xx_HAL_Driver/Src/stm32h7xx_hal_flash_ex.c **** #endif /* FLASH_OPTSR2_CPUFREQ_BOOST */
 629:Drivers/STM32H7xx_HAL_Driver/Src/stm32h7xx_hal_flash_ex.c **** }
 630:Drivers/STM32H7xx_HAL_Driver/Src/stm32h7xx_hal_flash_ex.c **** 
 631:Drivers/STM32H7xx_HAL_Driver/Src/stm32h7xx_hal_flash_ex.c **** /**
 632:Drivers/STM32H7xx_HAL_Driver/Src/stm32h7xx_hal_flash_ex.c ****   * @brief  Unlock the FLASH Bank1 control registers access
 633:Drivers/STM32H7xx_HAL_Driver/Src/stm32h7xx_hal_flash_ex.c ****   * @retval HAL Status
 634:Drivers/STM32H7xx_HAL_Driver/Src/stm32h7xx_hal_flash_ex.c ****   */
 635:Drivers/STM32H7xx_HAL_Driver/Src/stm32h7xx_hal_flash_ex.c **** HAL_StatusTypeDef HAL_FLASHEx_Unlock_Bank1(void)
 636:Drivers/STM32H7xx_HAL_Driver/Src/stm32h7xx_hal_flash_ex.c **** {
 637:Drivers/STM32H7xx_HAL_Driver/Src/stm32h7xx_hal_flash_ex.c ****   if(READ_BIT(FLASH->CR1, FLASH_CR_LOCK) != 0U)
 638:Drivers/STM32H7xx_HAL_Driver/Src/stm32h7xx_hal_flash_ex.c ****   {
 639:Drivers/STM32H7xx_HAL_Driver/Src/stm32h7xx_hal_flash_ex.c ****     /* Authorize the FLASH Bank1 Registers access */
 640:Drivers/STM32H7xx_HAL_Driver/Src/stm32h7xx_hal_flash_ex.c ****     WRITE_REG(FLASH->KEYR1, FLASH_KEY1);
 641:Drivers/STM32H7xx_HAL_Driver/Src/stm32h7xx_hal_flash_ex.c ****     WRITE_REG(FLASH->KEYR1, FLASH_KEY2);
 642:Drivers/STM32H7xx_HAL_Driver/Src/stm32h7xx_hal_flash_ex.c **** 
 643:Drivers/STM32H7xx_HAL_Driver/Src/stm32h7xx_hal_flash_ex.c ****     /* Verify Flash Bank1 is unlocked */
 644:Drivers/STM32H7xx_HAL_Driver/Src/stm32h7xx_hal_flash_ex.c ****     if (READ_BIT(FLASH->CR1, FLASH_CR_LOCK) != 0U)
 645:Drivers/STM32H7xx_HAL_Driver/Src/stm32h7xx_hal_flash_ex.c ****     {
 646:Drivers/STM32H7xx_HAL_Driver/Src/stm32h7xx_hal_flash_ex.c ****       return HAL_ERROR;
 647:Drivers/STM32H7xx_HAL_Driver/Src/stm32h7xx_hal_flash_ex.c ****     }
 648:Drivers/STM32H7xx_HAL_Driver/Src/stm32h7xx_hal_flash_ex.c ****   }
 649:Drivers/STM32H7xx_HAL_Driver/Src/stm32h7xx_hal_flash_ex.c **** 
 650:Drivers/STM32H7xx_HAL_Driver/Src/stm32h7xx_hal_flash_ex.c ****   return HAL_OK;
 651:Drivers/STM32H7xx_HAL_Driver/Src/stm32h7xx_hal_flash_ex.c **** }
 652:Drivers/STM32H7xx_HAL_Driver/Src/stm32h7xx_hal_flash_ex.c **** 
 653:Drivers/STM32H7xx_HAL_Driver/Src/stm32h7xx_hal_flash_ex.c **** /**
 654:Drivers/STM32H7xx_HAL_Driver/Src/stm32h7xx_hal_flash_ex.c ****   * @brief  Locks the FLASH Bank1 control registers access
 655:Drivers/STM32H7xx_HAL_Driver/Src/stm32h7xx_hal_flash_ex.c ****   * @retval HAL Status
 656:Drivers/STM32H7xx_HAL_Driver/Src/stm32h7xx_hal_flash_ex.c ****   */
 657:Drivers/STM32H7xx_HAL_Driver/Src/stm32h7xx_hal_flash_ex.c **** HAL_StatusTypeDef HAL_FLASHEx_Lock_Bank1(void)
 658:Drivers/STM32H7xx_HAL_Driver/Src/stm32h7xx_hal_flash_ex.c **** {
ARM GAS  C:\Users\jason\AppData\Local\Temp\cc43Y6jb.s 			page 13


 659:Drivers/STM32H7xx_HAL_Driver/Src/stm32h7xx_hal_flash_ex.c ****   /* Set the LOCK Bit to lock the FLASH Bank1 Registers access */
 660:Drivers/STM32H7xx_HAL_Driver/Src/stm32h7xx_hal_flash_ex.c ****   SET_BIT(FLASH->CR1, FLASH_CR_LOCK);
 661:Drivers/STM32H7xx_HAL_Driver/Src/stm32h7xx_hal_flash_ex.c ****   return HAL_OK;
 662:Drivers/STM32H7xx_HAL_Driver/Src/stm32h7xx_hal_flash_ex.c **** }
 663:Drivers/STM32H7xx_HAL_Driver/Src/stm32h7xx_hal_flash_ex.c **** 
 664:Drivers/STM32H7xx_HAL_Driver/Src/stm32h7xx_hal_flash_ex.c **** #if defined (DUAL_BANK)
 665:Drivers/STM32H7xx_HAL_Driver/Src/stm32h7xx_hal_flash_ex.c **** /**
 666:Drivers/STM32H7xx_HAL_Driver/Src/stm32h7xx_hal_flash_ex.c ****   * @brief  Unlock the FLASH Bank2 control registers access
 667:Drivers/STM32H7xx_HAL_Driver/Src/stm32h7xx_hal_flash_ex.c ****   * @retval HAL Status
 668:Drivers/STM32H7xx_HAL_Driver/Src/stm32h7xx_hal_flash_ex.c ****   */
 669:Drivers/STM32H7xx_HAL_Driver/Src/stm32h7xx_hal_flash_ex.c **** HAL_StatusTypeDef HAL_FLASHEx_Unlock_Bank2(void)
 670:Drivers/STM32H7xx_HAL_Driver/Src/stm32h7xx_hal_flash_ex.c **** {
 671:Drivers/STM32H7xx_HAL_Driver/Src/stm32h7xx_hal_flash_ex.c ****   if(READ_BIT(FLASH->CR2, FLASH_CR_LOCK) != 0U)
 672:Drivers/STM32H7xx_HAL_Driver/Src/stm32h7xx_hal_flash_ex.c ****   {
 673:Drivers/STM32H7xx_HAL_Driver/Src/stm32h7xx_hal_flash_ex.c ****     /* Authorize the FLASH Bank2 Registers access */
 674:Drivers/STM32H7xx_HAL_Driver/Src/stm32h7xx_hal_flash_ex.c ****     WRITE_REG(FLASH->KEYR2, FLASH_KEY1);
 675:Drivers/STM32H7xx_HAL_Driver/Src/stm32h7xx_hal_flash_ex.c ****     WRITE_REG(FLASH->KEYR2, FLASH_KEY2);
 676:Drivers/STM32H7xx_HAL_Driver/Src/stm32h7xx_hal_flash_ex.c **** 
 677:Drivers/STM32H7xx_HAL_Driver/Src/stm32h7xx_hal_flash_ex.c ****     /* Verify Flash Bank1 is unlocked */
 678:Drivers/STM32H7xx_HAL_Driver/Src/stm32h7xx_hal_flash_ex.c ****     if (READ_BIT(FLASH->CR2, FLASH_CR_LOCK) != 0U)
 679:Drivers/STM32H7xx_HAL_Driver/Src/stm32h7xx_hal_flash_ex.c ****     {
 680:Drivers/STM32H7xx_HAL_Driver/Src/stm32h7xx_hal_flash_ex.c ****       return HAL_ERROR;
 681:Drivers/STM32H7xx_HAL_Driver/Src/stm32h7xx_hal_flash_ex.c ****     }
 682:Drivers/STM32H7xx_HAL_Driver/Src/stm32h7xx_hal_flash_ex.c ****   }
 683:Drivers/STM32H7xx_HAL_Driver/Src/stm32h7xx_hal_flash_ex.c **** 
 684:Drivers/STM32H7xx_HAL_Driver/Src/stm32h7xx_hal_flash_ex.c ****   return HAL_OK;
 685:Drivers/STM32H7xx_HAL_Driver/Src/stm32h7xx_hal_flash_ex.c **** }
 686:Drivers/STM32H7xx_HAL_Driver/Src/stm32h7xx_hal_flash_ex.c **** 
 687:Drivers/STM32H7xx_HAL_Driver/Src/stm32h7xx_hal_flash_ex.c **** /**
 688:Drivers/STM32H7xx_HAL_Driver/Src/stm32h7xx_hal_flash_ex.c ****   * @brief  Locks the FLASH Bank2 control registers access
 689:Drivers/STM32H7xx_HAL_Driver/Src/stm32h7xx_hal_flash_ex.c ****   * @retval HAL Status
 690:Drivers/STM32H7xx_HAL_Driver/Src/stm32h7xx_hal_flash_ex.c ****   */
 691:Drivers/STM32H7xx_HAL_Driver/Src/stm32h7xx_hal_flash_ex.c **** HAL_StatusTypeDef HAL_FLASHEx_Lock_Bank2(void)
 692:Drivers/STM32H7xx_HAL_Driver/Src/stm32h7xx_hal_flash_ex.c **** {
 693:Drivers/STM32H7xx_HAL_Driver/Src/stm32h7xx_hal_flash_ex.c ****   /* Set the LOCK Bit to lock the FLASH Bank2 Registers access */
 694:Drivers/STM32H7xx_HAL_Driver/Src/stm32h7xx_hal_flash_ex.c ****   SET_BIT(FLASH->CR2, FLASH_CR_LOCK);
 695:Drivers/STM32H7xx_HAL_Driver/Src/stm32h7xx_hal_flash_ex.c ****   return HAL_OK;
 696:Drivers/STM32H7xx_HAL_Driver/Src/stm32h7xx_hal_flash_ex.c **** }
 697:Drivers/STM32H7xx_HAL_Driver/Src/stm32h7xx_hal_flash_ex.c **** #endif /* DUAL_BANK */
 698:Drivers/STM32H7xx_HAL_Driver/Src/stm32h7xx_hal_flash_ex.c **** 
 699:Drivers/STM32H7xx_HAL_Driver/Src/stm32h7xx_hal_flash_ex.c **** /*
 700:Drivers/STM32H7xx_HAL_Driver/Src/stm32h7xx_hal_flash_ex.c ****   * @brief  Perform a CRC computation on the specified FLASH memory area
 701:Drivers/STM32H7xx_HAL_Driver/Src/stm32h7xx_hal_flash_ex.c ****   * @param  pCRCInit pointer to an FLASH_CRCInitTypeDef structure that
 702:Drivers/STM32H7xx_HAL_Driver/Src/stm32h7xx_hal_flash_ex.c ****   *         contains the configuration information for the CRC computation.
 703:Drivers/STM32H7xx_HAL_Driver/Src/stm32h7xx_hal_flash_ex.c ****   * @note   CRC computation uses CRC-32 (Ethernet) polynomial 0x4C11DB7
 704:Drivers/STM32H7xx_HAL_Driver/Src/stm32h7xx_hal_flash_ex.c ****   * @note   The application should avoid running a CRC on PCROP or secure-only
 705:Drivers/STM32H7xx_HAL_Driver/Src/stm32h7xx_hal_flash_ex.c ****   *         user Flash memory area since it may alter the expected CRC value.
 706:Drivers/STM32H7xx_HAL_Driver/Src/stm32h7xx_hal_flash_ex.c ****   *         A special error flag (CRC read error: CRCRDERR) can be used to
 707:Drivers/STM32H7xx_HAL_Driver/Src/stm32h7xx_hal_flash_ex.c ****   *         detect such a case.
 708:Drivers/STM32H7xx_HAL_Driver/Src/stm32h7xx_hal_flash_ex.c ****   * @retval HAL Status
 709:Drivers/STM32H7xx_HAL_Driver/Src/stm32h7xx_hal_flash_ex.c **** */
 710:Drivers/STM32H7xx_HAL_Driver/Src/stm32h7xx_hal_flash_ex.c **** HAL_StatusTypeDef HAL_FLASHEx_ComputeCRC(FLASH_CRCInitTypeDef *pCRCInit, uint32_t *CRC_Result)
 711:Drivers/STM32H7xx_HAL_Driver/Src/stm32h7xx_hal_flash_ex.c **** {
 712:Drivers/STM32H7xx_HAL_Driver/Src/stm32h7xx_hal_flash_ex.c ****   HAL_StatusTypeDef status;
 713:Drivers/STM32H7xx_HAL_Driver/Src/stm32h7xx_hal_flash_ex.c ****   uint32_t sector_index;
 714:Drivers/STM32H7xx_HAL_Driver/Src/stm32h7xx_hal_flash_ex.c **** 
 715:Drivers/STM32H7xx_HAL_Driver/Src/stm32h7xx_hal_flash_ex.c ****   /* Check the parameters */
ARM GAS  C:\Users\jason\AppData\Local\Temp\cc43Y6jb.s 			page 14


 716:Drivers/STM32H7xx_HAL_Driver/Src/stm32h7xx_hal_flash_ex.c ****   assert_param(IS_FLASH_BANK_EXCLUSIVE(pCRCInit->Bank));
 717:Drivers/STM32H7xx_HAL_Driver/Src/stm32h7xx_hal_flash_ex.c ****   assert_param(IS_FLASH_TYPECRC(pCRCInit->TypeCRC));
 718:Drivers/STM32H7xx_HAL_Driver/Src/stm32h7xx_hal_flash_ex.c **** 
 719:Drivers/STM32H7xx_HAL_Driver/Src/stm32h7xx_hal_flash_ex.c ****   /* Wait for OB change operation to be completed */
 720:Drivers/STM32H7xx_HAL_Driver/Src/stm32h7xx_hal_flash_ex.c ****   status = FLASH_OB_WaitForLastOperation((uint32_t)FLASH_TIMEOUT_VALUE);
 721:Drivers/STM32H7xx_HAL_Driver/Src/stm32h7xx_hal_flash_ex.c **** 
 722:Drivers/STM32H7xx_HAL_Driver/Src/stm32h7xx_hal_flash_ex.c ****   if (status == HAL_OK)
 723:Drivers/STM32H7xx_HAL_Driver/Src/stm32h7xx_hal_flash_ex.c ****   {
 724:Drivers/STM32H7xx_HAL_Driver/Src/stm32h7xx_hal_flash_ex.c ****     if (pCRCInit->Bank == FLASH_BANK_1)
 725:Drivers/STM32H7xx_HAL_Driver/Src/stm32h7xx_hal_flash_ex.c ****     {
 726:Drivers/STM32H7xx_HAL_Driver/Src/stm32h7xx_hal_flash_ex.c ****       /* Enable CRC feature */
 727:Drivers/STM32H7xx_HAL_Driver/Src/stm32h7xx_hal_flash_ex.c ****       FLASH->CR1 |= FLASH_CR_CRC_EN;
 728:Drivers/STM32H7xx_HAL_Driver/Src/stm32h7xx_hal_flash_ex.c **** 
 729:Drivers/STM32H7xx_HAL_Driver/Src/stm32h7xx_hal_flash_ex.c ****       /* Clear CRC flags in Status Register: CRC end of calculation and CRC read error */
 730:Drivers/STM32H7xx_HAL_Driver/Src/stm32h7xx_hal_flash_ex.c ****       FLASH->CCR1 |= (FLASH_CCR_CLR_CRCEND | FLASH_CCR_CLR_CRCRDERR);
 731:Drivers/STM32H7xx_HAL_Driver/Src/stm32h7xx_hal_flash_ex.c **** 
 732:Drivers/STM32H7xx_HAL_Driver/Src/stm32h7xx_hal_flash_ex.c ****       /* Clear current CRC result, program burst size and define memory area on which CRC has to be
 733:Drivers/STM32H7xx_HAL_Driver/Src/stm32h7xx_hal_flash_ex.c ****       FLASH->CRCCR1 |= FLASH_CRCCR_CLEAN_CRC | pCRCInit->BurstSize | pCRCInit->TypeCRC;
 734:Drivers/STM32H7xx_HAL_Driver/Src/stm32h7xx_hal_flash_ex.c **** 
 735:Drivers/STM32H7xx_HAL_Driver/Src/stm32h7xx_hal_flash_ex.c ****       if (pCRCInit->TypeCRC == FLASH_CRC_SECTORS)
 736:Drivers/STM32H7xx_HAL_Driver/Src/stm32h7xx_hal_flash_ex.c ****       {
 737:Drivers/STM32H7xx_HAL_Driver/Src/stm32h7xx_hal_flash_ex.c ****         /* Clear sectors list */
 738:Drivers/STM32H7xx_HAL_Driver/Src/stm32h7xx_hal_flash_ex.c ****         FLASH->CRCCR1 |= FLASH_CRCCR_CLEAN_SECT;
 739:Drivers/STM32H7xx_HAL_Driver/Src/stm32h7xx_hal_flash_ex.c **** 
 740:Drivers/STM32H7xx_HAL_Driver/Src/stm32h7xx_hal_flash_ex.c ****         /* Select CRC sectors */
 741:Drivers/STM32H7xx_HAL_Driver/Src/stm32h7xx_hal_flash_ex.c ****         for(sector_index = pCRCInit->Sector; sector_index < (pCRCInit->NbSectors + pCRCInit->Sector
 742:Drivers/STM32H7xx_HAL_Driver/Src/stm32h7xx_hal_flash_ex.c ****         {
 743:Drivers/STM32H7xx_HAL_Driver/Src/stm32h7xx_hal_flash_ex.c ****           FLASH_CRC_AddSector(sector_index, FLASH_BANK_1);
 744:Drivers/STM32H7xx_HAL_Driver/Src/stm32h7xx_hal_flash_ex.c ****         }
 745:Drivers/STM32H7xx_HAL_Driver/Src/stm32h7xx_hal_flash_ex.c ****       }
 746:Drivers/STM32H7xx_HAL_Driver/Src/stm32h7xx_hal_flash_ex.c ****       else if (pCRCInit->TypeCRC == FLASH_CRC_BANK)
 747:Drivers/STM32H7xx_HAL_Driver/Src/stm32h7xx_hal_flash_ex.c ****       {
 748:Drivers/STM32H7xx_HAL_Driver/Src/stm32h7xx_hal_flash_ex.c ****         /* Enable Bank 1 CRC select bit */
 749:Drivers/STM32H7xx_HAL_Driver/Src/stm32h7xx_hal_flash_ex.c ****         FLASH->CRCCR1 |= FLASH_CRCCR_ALL_BANK;
 750:Drivers/STM32H7xx_HAL_Driver/Src/stm32h7xx_hal_flash_ex.c ****       }
 751:Drivers/STM32H7xx_HAL_Driver/Src/stm32h7xx_hal_flash_ex.c ****       else
 752:Drivers/STM32H7xx_HAL_Driver/Src/stm32h7xx_hal_flash_ex.c ****       {
 753:Drivers/STM32H7xx_HAL_Driver/Src/stm32h7xx_hal_flash_ex.c ****         /* Select CRC start and end addresses */
 754:Drivers/STM32H7xx_HAL_Driver/Src/stm32h7xx_hal_flash_ex.c ****         FLASH_CRC_SelectAddress(pCRCInit->CRCStartAddr, pCRCInit->CRCEndAddr, FLASH_BANK_1);
 755:Drivers/STM32H7xx_HAL_Driver/Src/stm32h7xx_hal_flash_ex.c ****       }
 756:Drivers/STM32H7xx_HAL_Driver/Src/stm32h7xx_hal_flash_ex.c **** 
 757:Drivers/STM32H7xx_HAL_Driver/Src/stm32h7xx_hal_flash_ex.c ****       /* Start the CRC calculation */
 758:Drivers/STM32H7xx_HAL_Driver/Src/stm32h7xx_hal_flash_ex.c ****       FLASH->CRCCR1 |= FLASH_CRCCR_START_CRC;
 759:Drivers/STM32H7xx_HAL_Driver/Src/stm32h7xx_hal_flash_ex.c **** 
 760:Drivers/STM32H7xx_HAL_Driver/Src/stm32h7xx_hal_flash_ex.c ****       /* Wait on CRC busy flag */
 761:Drivers/STM32H7xx_HAL_Driver/Src/stm32h7xx_hal_flash_ex.c ****       status = FLASH_CRC_WaitForLastOperation((uint32_t)FLASH_TIMEOUT_VALUE, FLASH_BANK_1);
 762:Drivers/STM32H7xx_HAL_Driver/Src/stm32h7xx_hal_flash_ex.c **** 
 763:Drivers/STM32H7xx_HAL_Driver/Src/stm32h7xx_hal_flash_ex.c ****       /* Return CRC result */
 764:Drivers/STM32H7xx_HAL_Driver/Src/stm32h7xx_hal_flash_ex.c ****       (*CRC_Result) = FLASH->CRCDATA;
 765:Drivers/STM32H7xx_HAL_Driver/Src/stm32h7xx_hal_flash_ex.c **** 
 766:Drivers/STM32H7xx_HAL_Driver/Src/stm32h7xx_hal_flash_ex.c ****       /* Disable CRC feature */
 767:Drivers/STM32H7xx_HAL_Driver/Src/stm32h7xx_hal_flash_ex.c ****       FLASH->CR1 &= (~FLASH_CR_CRC_EN);
 768:Drivers/STM32H7xx_HAL_Driver/Src/stm32h7xx_hal_flash_ex.c **** 
 769:Drivers/STM32H7xx_HAL_Driver/Src/stm32h7xx_hal_flash_ex.c ****       /* Clear CRC flags */
 770:Drivers/STM32H7xx_HAL_Driver/Src/stm32h7xx_hal_flash_ex.c ****       __HAL_FLASH_CLEAR_FLAG_BANK1(FLASH_FLAG_CRCEND_BANK1 | FLASH_FLAG_CRCRDERR_BANK1);
 771:Drivers/STM32H7xx_HAL_Driver/Src/stm32h7xx_hal_flash_ex.c ****     }
 772:Drivers/STM32H7xx_HAL_Driver/Src/stm32h7xx_hal_flash_ex.c **** #if defined (DUAL_BANK)
ARM GAS  C:\Users\jason\AppData\Local\Temp\cc43Y6jb.s 			page 15


 773:Drivers/STM32H7xx_HAL_Driver/Src/stm32h7xx_hal_flash_ex.c ****     else
 774:Drivers/STM32H7xx_HAL_Driver/Src/stm32h7xx_hal_flash_ex.c ****     {
 775:Drivers/STM32H7xx_HAL_Driver/Src/stm32h7xx_hal_flash_ex.c ****       /* Enable CRC feature */
 776:Drivers/STM32H7xx_HAL_Driver/Src/stm32h7xx_hal_flash_ex.c ****       FLASH->CR2 |= FLASH_CR_CRC_EN;
 777:Drivers/STM32H7xx_HAL_Driver/Src/stm32h7xx_hal_flash_ex.c **** 
 778:Drivers/STM32H7xx_HAL_Driver/Src/stm32h7xx_hal_flash_ex.c ****       /* Clear CRC flags in Status Register: CRC end of calculation and CRC read error */
 779:Drivers/STM32H7xx_HAL_Driver/Src/stm32h7xx_hal_flash_ex.c ****       FLASH->CCR2 |= (FLASH_CCR_CLR_CRCEND | FLASH_CCR_CLR_CRCRDERR);
 780:Drivers/STM32H7xx_HAL_Driver/Src/stm32h7xx_hal_flash_ex.c **** 
 781:Drivers/STM32H7xx_HAL_Driver/Src/stm32h7xx_hal_flash_ex.c ****       /* Clear current CRC result, program burst size and define memory area on which CRC has to be
 782:Drivers/STM32H7xx_HAL_Driver/Src/stm32h7xx_hal_flash_ex.c ****       FLASH->CRCCR2 |= FLASH_CRCCR_CLEAN_CRC | pCRCInit->BurstSize | pCRCInit->TypeCRC;
 783:Drivers/STM32H7xx_HAL_Driver/Src/stm32h7xx_hal_flash_ex.c **** 
 784:Drivers/STM32H7xx_HAL_Driver/Src/stm32h7xx_hal_flash_ex.c ****       if (pCRCInit->TypeCRC == FLASH_CRC_SECTORS)
 785:Drivers/STM32H7xx_HAL_Driver/Src/stm32h7xx_hal_flash_ex.c ****       {
 786:Drivers/STM32H7xx_HAL_Driver/Src/stm32h7xx_hal_flash_ex.c ****         /* Clear sectors list */
 787:Drivers/STM32H7xx_HAL_Driver/Src/stm32h7xx_hal_flash_ex.c ****         FLASH->CRCCR2 |= FLASH_CRCCR_CLEAN_SECT;
 788:Drivers/STM32H7xx_HAL_Driver/Src/stm32h7xx_hal_flash_ex.c **** 
 789:Drivers/STM32H7xx_HAL_Driver/Src/stm32h7xx_hal_flash_ex.c ****         /* Add CRC sectors */
 790:Drivers/STM32H7xx_HAL_Driver/Src/stm32h7xx_hal_flash_ex.c ****         for(sector_index = pCRCInit->Sector; sector_index < (pCRCInit->NbSectors + pCRCInit->Sector
 791:Drivers/STM32H7xx_HAL_Driver/Src/stm32h7xx_hal_flash_ex.c ****         {
 792:Drivers/STM32H7xx_HAL_Driver/Src/stm32h7xx_hal_flash_ex.c ****           FLASH_CRC_AddSector(sector_index, FLASH_BANK_2);
 793:Drivers/STM32H7xx_HAL_Driver/Src/stm32h7xx_hal_flash_ex.c ****         }
 794:Drivers/STM32H7xx_HAL_Driver/Src/stm32h7xx_hal_flash_ex.c ****       }
 795:Drivers/STM32H7xx_HAL_Driver/Src/stm32h7xx_hal_flash_ex.c ****       else if (pCRCInit->TypeCRC == FLASH_CRC_BANK)
 796:Drivers/STM32H7xx_HAL_Driver/Src/stm32h7xx_hal_flash_ex.c ****       {
 797:Drivers/STM32H7xx_HAL_Driver/Src/stm32h7xx_hal_flash_ex.c ****         /* Enable Bank 2 CRC select bit */
 798:Drivers/STM32H7xx_HAL_Driver/Src/stm32h7xx_hal_flash_ex.c ****         FLASH->CRCCR2 |= FLASH_CRCCR_ALL_BANK;
 799:Drivers/STM32H7xx_HAL_Driver/Src/stm32h7xx_hal_flash_ex.c ****       }
 800:Drivers/STM32H7xx_HAL_Driver/Src/stm32h7xx_hal_flash_ex.c ****       else
 801:Drivers/STM32H7xx_HAL_Driver/Src/stm32h7xx_hal_flash_ex.c ****       {
 802:Drivers/STM32H7xx_HAL_Driver/Src/stm32h7xx_hal_flash_ex.c ****         /* Select CRC start and end addresses */
 803:Drivers/STM32H7xx_HAL_Driver/Src/stm32h7xx_hal_flash_ex.c ****         FLASH_CRC_SelectAddress(pCRCInit->CRCStartAddr, pCRCInit->CRCEndAddr, FLASH_BANK_2);
 804:Drivers/STM32H7xx_HAL_Driver/Src/stm32h7xx_hal_flash_ex.c ****       }
 805:Drivers/STM32H7xx_HAL_Driver/Src/stm32h7xx_hal_flash_ex.c **** 
 806:Drivers/STM32H7xx_HAL_Driver/Src/stm32h7xx_hal_flash_ex.c ****       /* Start the CRC calculation */
 807:Drivers/STM32H7xx_HAL_Driver/Src/stm32h7xx_hal_flash_ex.c ****       FLASH->CRCCR2 |= FLASH_CRCCR_START_CRC;
 808:Drivers/STM32H7xx_HAL_Driver/Src/stm32h7xx_hal_flash_ex.c **** 
 809:Drivers/STM32H7xx_HAL_Driver/Src/stm32h7xx_hal_flash_ex.c ****       /* Wait on CRC busy flag */
 810:Drivers/STM32H7xx_HAL_Driver/Src/stm32h7xx_hal_flash_ex.c ****       status = FLASH_CRC_WaitForLastOperation((uint32_t)FLASH_TIMEOUT_VALUE, FLASH_BANK_2);
 811:Drivers/STM32H7xx_HAL_Driver/Src/stm32h7xx_hal_flash_ex.c **** 
 812:Drivers/STM32H7xx_HAL_Driver/Src/stm32h7xx_hal_flash_ex.c ****       /* Return CRC result */
 813:Drivers/STM32H7xx_HAL_Driver/Src/stm32h7xx_hal_flash_ex.c ****       (*CRC_Result) = FLASH->CRCDATA;
 814:Drivers/STM32H7xx_HAL_Driver/Src/stm32h7xx_hal_flash_ex.c **** 
 815:Drivers/STM32H7xx_HAL_Driver/Src/stm32h7xx_hal_flash_ex.c ****       /* Disable CRC feature */
 816:Drivers/STM32H7xx_HAL_Driver/Src/stm32h7xx_hal_flash_ex.c ****       FLASH->CR2 &= (~FLASH_CR_CRC_EN);
 817:Drivers/STM32H7xx_HAL_Driver/Src/stm32h7xx_hal_flash_ex.c **** 
 818:Drivers/STM32H7xx_HAL_Driver/Src/stm32h7xx_hal_flash_ex.c ****       /* Clear CRC flags */
 819:Drivers/STM32H7xx_HAL_Driver/Src/stm32h7xx_hal_flash_ex.c ****       __HAL_FLASH_CLEAR_FLAG_BANK2(FLASH_FLAG_CRCEND_BANK2 | FLASH_FLAG_CRCRDERR_BANK2);
 820:Drivers/STM32H7xx_HAL_Driver/Src/stm32h7xx_hal_flash_ex.c ****     }
 821:Drivers/STM32H7xx_HAL_Driver/Src/stm32h7xx_hal_flash_ex.c **** #endif /* DUAL_BANK */
 822:Drivers/STM32H7xx_HAL_Driver/Src/stm32h7xx_hal_flash_ex.c ****   }
 823:Drivers/STM32H7xx_HAL_Driver/Src/stm32h7xx_hal_flash_ex.c **** 
 824:Drivers/STM32H7xx_HAL_Driver/Src/stm32h7xx_hal_flash_ex.c ****   return status;
 825:Drivers/STM32H7xx_HAL_Driver/Src/stm32h7xx_hal_flash_ex.c **** }
 826:Drivers/STM32H7xx_HAL_Driver/Src/stm32h7xx_hal_flash_ex.c **** 
 827:Drivers/STM32H7xx_HAL_Driver/Src/stm32h7xx_hal_flash_ex.c **** /**
 828:Drivers/STM32H7xx_HAL_Driver/Src/stm32h7xx_hal_flash_ex.c ****   * @}
 829:Drivers/STM32H7xx_HAL_Driver/Src/stm32h7xx_hal_flash_ex.c ****   */
ARM GAS  C:\Users\jason\AppData\Local\Temp\cc43Y6jb.s 			page 16


 830:Drivers/STM32H7xx_HAL_Driver/Src/stm32h7xx_hal_flash_ex.c **** 
 831:Drivers/STM32H7xx_HAL_Driver/Src/stm32h7xx_hal_flash_ex.c **** #if (USE_FLASH_ECC == 1U)
 832:Drivers/STM32H7xx_HAL_Driver/Src/stm32h7xx_hal_flash_ex.c **** /** @defgroup FLASHEx_Exported_Functions_Group2 Extended ECC operation functions
 833:Drivers/STM32H7xx_HAL_Driver/Src/stm32h7xx_hal_flash_ex.c ****   *  @brief   Extended ECC operation functions
 834:Drivers/STM32H7xx_HAL_Driver/Src/stm32h7xx_hal_flash_ex.c ****   *
 835:Drivers/STM32H7xx_HAL_Driver/Src/stm32h7xx_hal_flash_ex.c **** @verbatim
 836:Drivers/STM32H7xx_HAL_Driver/Src/stm32h7xx_hal_flash_ex.c ****  ===============================================================================
 837:Drivers/STM32H7xx_HAL_Driver/Src/stm32h7xx_hal_flash_ex.c ****                   ##### Extended ECC operation functions #####
 838:Drivers/STM32H7xx_HAL_Driver/Src/stm32h7xx_hal_flash_ex.c ****  ===============================================================================
 839:Drivers/STM32H7xx_HAL_Driver/Src/stm32h7xx_hal_flash_ex.c ****     [..]
 840:Drivers/STM32H7xx_HAL_Driver/Src/stm32h7xx_hal_flash_ex.c ****     This subsection provides a set of functions allowing to manage the Extended FLASH
 841:Drivers/STM32H7xx_HAL_Driver/Src/stm32h7xx_hal_flash_ex.c ****     ECC Operations.
 842:Drivers/STM32H7xx_HAL_Driver/Src/stm32h7xx_hal_flash_ex.c **** 
 843:Drivers/STM32H7xx_HAL_Driver/Src/stm32h7xx_hal_flash_ex.c **** @endverbatim
 844:Drivers/STM32H7xx_HAL_Driver/Src/stm32h7xx_hal_flash_ex.c ****   * @{
 845:Drivers/STM32H7xx_HAL_Driver/Src/stm32h7xx_hal_flash_ex.c ****   */
 846:Drivers/STM32H7xx_HAL_Driver/Src/stm32h7xx_hal_flash_ex.c **** 
 847:Drivers/STM32H7xx_HAL_Driver/Src/stm32h7xx_hal_flash_ex.c **** /**
 848:Drivers/STM32H7xx_HAL_Driver/Src/stm32h7xx_hal_flash_ex.c ****   * @brief  Enable ECC correction interrupts on FLASH BANK1 and BANK2.
 849:Drivers/STM32H7xx_HAL_Driver/Src/stm32h7xx_hal_flash_ex.c ****   * @param  None
 850:Drivers/STM32H7xx_HAL_Driver/Src/stm32h7xx_hal_flash_ex.c ****   * @retval None
 851:Drivers/STM32H7xx_HAL_Driver/Src/stm32h7xx_hal_flash_ex.c ****   */
 852:Drivers/STM32H7xx_HAL_Driver/Src/stm32h7xx_hal_flash_ex.c **** void HAL_FLASHEx_EnableEccCorrectionInterrupt(void)
 853:Drivers/STM32H7xx_HAL_Driver/Src/stm32h7xx_hal_flash_ex.c **** {
 854:Drivers/STM32H7xx_HAL_Driver/Src/stm32h7xx_hal_flash_ex.c ****   __HAL_FLASH_ENABLE_IT(FLASH_IT_SNECCERR_BANK1);
 855:Drivers/STM32H7xx_HAL_Driver/Src/stm32h7xx_hal_flash_ex.c **** 
 856:Drivers/STM32H7xx_HAL_Driver/Src/stm32h7xx_hal_flash_ex.c **** #if defined (DUAL_BANK)
 857:Drivers/STM32H7xx_HAL_Driver/Src/stm32h7xx_hal_flash_ex.c ****   __HAL_FLASH_ENABLE_IT(FLASH_IT_SNECCERR_BANK2);
 858:Drivers/STM32H7xx_HAL_Driver/Src/stm32h7xx_hal_flash_ex.c **** #endif /* DUAL_BANK */
 859:Drivers/STM32H7xx_HAL_Driver/Src/stm32h7xx_hal_flash_ex.c **** }
 860:Drivers/STM32H7xx_HAL_Driver/Src/stm32h7xx_hal_flash_ex.c **** 
 861:Drivers/STM32H7xx_HAL_Driver/Src/stm32h7xx_hal_flash_ex.c **** /**
 862:Drivers/STM32H7xx_HAL_Driver/Src/stm32h7xx_hal_flash_ex.c ****   * @brief  Disable ECC correction interrupts on FLASH BANK1 and BANK2.
 863:Drivers/STM32H7xx_HAL_Driver/Src/stm32h7xx_hal_flash_ex.c ****   * @param  None
 864:Drivers/STM32H7xx_HAL_Driver/Src/stm32h7xx_hal_flash_ex.c ****   * @retval None
 865:Drivers/STM32H7xx_HAL_Driver/Src/stm32h7xx_hal_flash_ex.c ****   */
 866:Drivers/STM32H7xx_HAL_Driver/Src/stm32h7xx_hal_flash_ex.c **** void HAL_FLASHEx_DisableEccCorrectionInterrupt(void)
 867:Drivers/STM32H7xx_HAL_Driver/Src/stm32h7xx_hal_flash_ex.c **** {
 868:Drivers/STM32H7xx_HAL_Driver/Src/stm32h7xx_hal_flash_ex.c ****   __HAL_FLASH_DISABLE_IT(FLASH_IT_SNECCERR_BANK1);
 869:Drivers/STM32H7xx_HAL_Driver/Src/stm32h7xx_hal_flash_ex.c **** 
 870:Drivers/STM32H7xx_HAL_Driver/Src/stm32h7xx_hal_flash_ex.c **** #if defined (DUAL_BANK)
 871:Drivers/STM32H7xx_HAL_Driver/Src/stm32h7xx_hal_flash_ex.c ****   __HAL_FLASH_DISABLE_IT(FLASH_IT_SNECCERR_BANK2);
 872:Drivers/STM32H7xx_HAL_Driver/Src/stm32h7xx_hal_flash_ex.c **** #endif /* DUAL_BANK */
 873:Drivers/STM32H7xx_HAL_Driver/Src/stm32h7xx_hal_flash_ex.c **** }
 874:Drivers/STM32H7xx_HAL_Driver/Src/stm32h7xx_hal_flash_ex.c **** 
 875:Drivers/STM32H7xx_HAL_Driver/Src/stm32h7xx_hal_flash_ex.c **** /**
 876:Drivers/STM32H7xx_HAL_Driver/Src/stm32h7xx_hal_flash_ex.c ****   * @brief  Enable ECC correction interrupt on FLASH BANK1.
 877:Drivers/STM32H7xx_HAL_Driver/Src/stm32h7xx_hal_flash_ex.c ****   * @param  None
 878:Drivers/STM32H7xx_HAL_Driver/Src/stm32h7xx_hal_flash_ex.c ****   * @retval None
 879:Drivers/STM32H7xx_HAL_Driver/Src/stm32h7xx_hal_flash_ex.c ****   */
 880:Drivers/STM32H7xx_HAL_Driver/Src/stm32h7xx_hal_flash_ex.c **** void HAL_FLASHEx_EnableEccCorrectionInterrupt_Bank1(void)
 881:Drivers/STM32H7xx_HAL_Driver/Src/stm32h7xx_hal_flash_ex.c **** {
 882:Drivers/STM32H7xx_HAL_Driver/Src/stm32h7xx_hal_flash_ex.c ****   __HAL_FLASH_ENABLE_IT(FLASH_IT_SNECCERR_BANK1);
 883:Drivers/STM32H7xx_HAL_Driver/Src/stm32h7xx_hal_flash_ex.c **** }
 884:Drivers/STM32H7xx_HAL_Driver/Src/stm32h7xx_hal_flash_ex.c **** 
 885:Drivers/STM32H7xx_HAL_Driver/Src/stm32h7xx_hal_flash_ex.c **** /**
 886:Drivers/STM32H7xx_HAL_Driver/Src/stm32h7xx_hal_flash_ex.c ****   * @brief  Disable ECC correction interrupt on FLASH BANK1.
ARM GAS  C:\Users\jason\AppData\Local\Temp\cc43Y6jb.s 			page 17


 887:Drivers/STM32H7xx_HAL_Driver/Src/stm32h7xx_hal_flash_ex.c ****   * @param  None
 888:Drivers/STM32H7xx_HAL_Driver/Src/stm32h7xx_hal_flash_ex.c ****   * @retval None
 889:Drivers/STM32H7xx_HAL_Driver/Src/stm32h7xx_hal_flash_ex.c ****   */
 890:Drivers/STM32H7xx_HAL_Driver/Src/stm32h7xx_hal_flash_ex.c **** void HAL_FLASHEx_DisableEccCorrectionInterrupt_Bank1(void)
 891:Drivers/STM32H7xx_HAL_Driver/Src/stm32h7xx_hal_flash_ex.c **** {
 892:Drivers/STM32H7xx_HAL_Driver/Src/stm32h7xx_hal_flash_ex.c ****   __HAL_FLASH_DISABLE_IT(FLASH_IT_SNECCERR_BANK1);
 893:Drivers/STM32H7xx_HAL_Driver/Src/stm32h7xx_hal_flash_ex.c **** }
 894:Drivers/STM32H7xx_HAL_Driver/Src/stm32h7xx_hal_flash_ex.c **** 
 895:Drivers/STM32H7xx_HAL_Driver/Src/stm32h7xx_hal_flash_ex.c **** #if defined (DUAL_BANK)
 896:Drivers/STM32H7xx_HAL_Driver/Src/stm32h7xx_hal_flash_ex.c **** /**
 897:Drivers/STM32H7xx_HAL_Driver/Src/stm32h7xx_hal_flash_ex.c ****   * @brief  Enable ECC correction interrupt on FLASH BANK2.
 898:Drivers/STM32H7xx_HAL_Driver/Src/stm32h7xx_hal_flash_ex.c ****   * @param  None
 899:Drivers/STM32H7xx_HAL_Driver/Src/stm32h7xx_hal_flash_ex.c ****   * @retval None
 900:Drivers/STM32H7xx_HAL_Driver/Src/stm32h7xx_hal_flash_ex.c ****   */
 901:Drivers/STM32H7xx_HAL_Driver/Src/stm32h7xx_hal_flash_ex.c **** void HAL_FLASHEx_EnableEccCorrectionInterrupt_Bank2(void)
 902:Drivers/STM32H7xx_HAL_Driver/Src/stm32h7xx_hal_flash_ex.c **** {
 903:Drivers/STM32H7xx_HAL_Driver/Src/stm32h7xx_hal_flash_ex.c ****   __HAL_FLASH_ENABLE_IT(FLASH_IT_SNECCERR_BANK2);
 904:Drivers/STM32H7xx_HAL_Driver/Src/stm32h7xx_hal_flash_ex.c **** }
 905:Drivers/STM32H7xx_HAL_Driver/Src/stm32h7xx_hal_flash_ex.c **** 
 906:Drivers/STM32H7xx_HAL_Driver/Src/stm32h7xx_hal_flash_ex.c **** /**
 907:Drivers/STM32H7xx_HAL_Driver/Src/stm32h7xx_hal_flash_ex.c ****   * @brief  Disable ECC correction interrupt on FLASH BANK2.
 908:Drivers/STM32H7xx_HAL_Driver/Src/stm32h7xx_hal_flash_ex.c ****   * @param  None
 909:Drivers/STM32H7xx_HAL_Driver/Src/stm32h7xx_hal_flash_ex.c ****   * @retval None
 910:Drivers/STM32H7xx_HAL_Driver/Src/stm32h7xx_hal_flash_ex.c ****   */
 911:Drivers/STM32H7xx_HAL_Driver/Src/stm32h7xx_hal_flash_ex.c **** void HAL_FLASHEx_DisableEccCorrectionInterrupt_Bank2(void)
 912:Drivers/STM32H7xx_HAL_Driver/Src/stm32h7xx_hal_flash_ex.c **** {
 913:Drivers/STM32H7xx_HAL_Driver/Src/stm32h7xx_hal_flash_ex.c ****   __HAL_FLASH_DISABLE_IT(FLASH_IT_SNECCERR_BANK2);
 914:Drivers/STM32H7xx_HAL_Driver/Src/stm32h7xx_hal_flash_ex.c **** }
 915:Drivers/STM32H7xx_HAL_Driver/Src/stm32h7xx_hal_flash_ex.c **** #endif /* DUAL_BANK */
 916:Drivers/STM32H7xx_HAL_Driver/Src/stm32h7xx_hal_flash_ex.c **** 
 917:Drivers/STM32H7xx_HAL_Driver/Src/stm32h7xx_hal_flash_ex.c **** /**
 918:Drivers/STM32H7xx_HAL_Driver/Src/stm32h7xx_hal_flash_ex.c ****   * @brief  Enable ECC Detection interrupts on FLASH BANK1 and BANK2.
 919:Drivers/STM32H7xx_HAL_Driver/Src/stm32h7xx_hal_flash_ex.c ****   * @param  None
 920:Drivers/STM32H7xx_HAL_Driver/Src/stm32h7xx_hal_flash_ex.c ****   * @retval None
 921:Drivers/STM32H7xx_HAL_Driver/Src/stm32h7xx_hal_flash_ex.c ****   */
 922:Drivers/STM32H7xx_HAL_Driver/Src/stm32h7xx_hal_flash_ex.c **** void HAL_FLASHEx_EnableEccDetectionInterrupt(void)
 923:Drivers/STM32H7xx_HAL_Driver/Src/stm32h7xx_hal_flash_ex.c **** {
 924:Drivers/STM32H7xx_HAL_Driver/Src/stm32h7xx_hal_flash_ex.c ****   __HAL_FLASH_ENABLE_IT(FLASH_IT_DBECCERR_BANK1);
 925:Drivers/STM32H7xx_HAL_Driver/Src/stm32h7xx_hal_flash_ex.c **** 
 926:Drivers/STM32H7xx_HAL_Driver/Src/stm32h7xx_hal_flash_ex.c **** #if defined (DUAL_BANK)
 927:Drivers/STM32H7xx_HAL_Driver/Src/stm32h7xx_hal_flash_ex.c ****   __HAL_FLASH_ENABLE_IT(FLASH_IT_DBECCERR_BANK2);
 928:Drivers/STM32H7xx_HAL_Driver/Src/stm32h7xx_hal_flash_ex.c **** #endif /* DUAL_BANK */
 929:Drivers/STM32H7xx_HAL_Driver/Src/stm32h7xx_hal_flash_ex.c **** }
 930:Drivers/STM32H7xx_HAL_Driver/Src/stm32h7xx_hal_flash_ex.c **** 
 931:Drivers/STM32H7xx_HAL_Driver/Src/stm32h7xx_hal_flash_ex.c **** /**
 932:Drivers/STM32H7xx_HAL_Driver/Src/stm32h7xx_hal_flash_ex.c ****   * @brief  Disable ECC Detection interrupts on FLASH BANK1 and BANK2.
 933:Drivers/STM32H7xx_HAL_Driver/Src/stm32h7xx_hal_flash_ex.c ****   * @param  None
 934:Drivers/STM32H7xx_HAL_Driver/Src/stm32h7xx_hal_flash_ex.c ****   * @retval None
 935:Drivers/STM32H7xx_HAL_Driver/Src/stm32h7xx_hal_flash_ex.c ****   */
 936:Drivers/STM32H7xx_HAL_Driver/Src/stm32h7xx_hal_flash_ex.c **** void HAL_FLASHEx_DisableEccDetectionInterrupt(void)
 937:Drivers/STM32H7xx_HAL_Driver/Src/stm32h7xx_hal_flash_ex.c **** {
 938:Drivers/STM32H7xx_HAL_Driver/Src/stm32h7xx_hal_flash_ex.c ****   __HAL_FLASH_DISABLE_IT(FLASH_IT_DBECCERR_BANK1);
 939:Drivers/STM32H7xx_HAL_Driver/Src/stm32h7xx_hal_flash_ex.c **** 
 940:Drivers/STM32H7xx_HAL_Driver/Src/stm32h7xx_hal_flash_ex.c **** #if defined (DUAL_BANK)
 941:Drivers/STM32H7xx_HAL_Driver/Src/stm32h7xx_hal_flash_ex.c ****   __HAL_FLASH_DISABLE_IT(FLASH_IT_DBECCERR_BANK2);
 942:Drivers/STM32H7xx_HAL_Driver/Src/stm32h7xx_hal_flash_ex.c **** #endif /* DUAL_BANK */
 943:Drivers/STM32H7xx_HAL_Driver/Src/stm32h7xx_hal_flash_ex.c **** }
ARM GAS  C:\Users\jason\AppData\Local\Temp\cc43Y6jb.s 			page 18


 944:Drivers/STM32H7xx_HAL_Driver/Src/stm32h7xx_hal_flash_ex.c **** 
 945:Drivers/STM32H7xx_HAL_Driver/Src/stm32h7xx_hal_flash_ex.c **** /**
 946:Drivers/STM32H7xx_HAL_Driver/Src/stm32h7xx_hal_flash_ex.c ****   * @brief  Enable ECC Detection interrupt on FLASH BANK1.
 947:Drivers/STM32H7xx_HAL_Driver/Src/stm32h7xx_hal_flash_ex.c ****   * @param  None
 948:Drivers/STM32H7xx_HAL_Driver/Src/stm32h7xx_hal_flash_ex.c ****   * @retval None
 949:Drivers/STM32H7xx_HAL_Driver/Src/stm32h7xx_hal_flash_ex.c ****   */
 950:Drivers/STM32H7xx_HAL_Driver/Src/stm32h7xx_hal_flash_ex.c **** void HAL_FLASHEx_EnableEccDetectionInterrupt_Bank1(void)
 951:Drivers/STM32H7xx_HAL_Driver/Src/stm32h7xx_hal_flash_ex.c **** {
 952:Drivers/STM32H7xx_HAL_Driver/Src/stm32h7xx_hal_flash_ex.c ****   __HAL_FLASH_ENABLE_IT(FLASH_IT_DBECCERR_BANK1);
 953:Drivers/STM32H7xx_HAL_Driver/Src/stm32h7xx_hal_flash_ex.c **** }
 954:Drivers/STM32H7xx_HAL_Driver/Src/stm32h7xx_hal_flash_ex.c **** 
 955:Drivers/STM32H7xx_HAL_Driver/Src/stm32h7xx_hal_flash_ex.c **** /**
 956:Drivers/STM32H7xx_HAL_Driver/Src/stm32h7xx_hal_flash_ex.c ****   * @brief  Disable ECC correction interrupt on FLASH BANK1.
 957:Drivers/STM32H7xx_HAL_Driver/Src/stm32h7xx_hal_flash_ex.c ****   * @param  None
 958:Drivers/STM32H7xx_HAL_Driver/Src/stm32h7xx_hal_flash_ex.c ****   * @retval None
 959:Drivers/STM32H7xx_HAL_Driver/Src/stm32h7xx_hal_flash_ex.c ****   */
 960:Drivers/STM32H7xx_HAL_Driver/Src/stm32h7xx_hal_flash_ex.c **** void HAL_FLASHEx_DisableEccDetectionInterrupt_Bank1(void)
 961:Drivers/STM32H7xx_HAL_Driver/Src/stm32h7xx_hal_flash_ex.c **** {
 962:Drivers/STM32H7xx_HAL_Driver/Src/stm32h7xx_hal_flash_ex.c ****   __HAL_FLASH_DISABLE_IT(FLASH_IT_DBECCERR_BANK1);
 963:Drivers/STM32H7xx_HAL_Driver/Src/stm32h7xx_hal_flash_ex.c **** }
 964:Drivers/STM32H7xx_HAL_Driver/Src/stm32h7xx_hal_flash_ex.c **** 
 965:Drivers/STM32H7xx_HAL_Driver/Src/stm32h7xx_hal_flash_ex.c **** #if defined (DUAL_BANK)
 966:Drivers/STM32H7xx_HAL_Driver/Src/stm32h7xx_hal_flash_ex.c **** /**
 967:Drivers/STM32H7xx_HAL_Driver/Src/stm32h7xx_hal_flash_ex.c ****   * @brief  Enable ECC Detection interrupt on FLASH BANK2.
 968:Drivers/STM32H7xx_HAL_Driver/Src/stm32h7xx_hal_flash_ex.c ****   * @param  None
 969:Drivers/STM32H7xx_HAL_Driver/Src/stm32h7xx_hal_flash_ex.c ****   * @retval None
 970:Drivers/STM32H7xx_HAL_Driver/Src/stm32h7xx_hal_flash_ex.c ****   */
 971:Drivers/STM32H7xx_HAL_Driver/Src/stm32h7xx_hal_flash_ex.c **** void HAL_FLASHEx_EnableEccDetectionInterrupt_Bank2(void)
 972:Drivers/STM32H7xx_HAL_Driver/Src/stm32h7xx_hal_flash_ex.c **** {
 973:Drivers/STM32H7xx_HAL_Driver/Src/stm32h7xx_hal_flash_ex.c ****   __HAL_FLASH_ENABLE_IT(FLASH_IT_DBECCERR_BANK2);
 974:Drivers/STM32H7xx_HAL_Driver/Src/stm32h7xx_hal_flash_ex.c **** }
 975:Drivers/STM32H7xx_HAL_Driver/Src/stm32h7xx_hal_flash_ex.c **** 
 976:Drivers/STM32H7xx_HAL_Driver/Src/stm32h7xx_hal_flash_ex.c **** /**
 977:Drivers/STM32H7xx_HAL_Driver/Src/stm32h7xx_hal_flash_ex.c ****   * @brief  Disable ECC Detection interrupt on FLASH BANK2.
 978:Drivers/STM32H7xx_HAL_Driver/Src/stm32h7xx_hal_flash_ex.c ****   * @param  None
 979:Drivers/STM32H7xx_HAL_Driver/Src/stm32h7xx_hal_flash_ex.c ****   * @retval None
 980:Drivers/STM32H7xx_HAL_Driver/Src/stm32h7xx_hal_flash_ex.c ****   */
 981:Drivers/STM32H7xx_HAL_Driver/Src/stm32h7xx_hal_flash_ex.c **** void HAL_FLASHEx_DisableEccDetectionInterrupt_Bank2(void)
 982:Drivers/STM32H7xx_HAL_Driver/Src/stm32h7xx_hal_flash_ex.c **** {
 983:Drivers/STM32H7xx_HAL_Driver/Src/stm32h7xx_hal_flash_ex.c ****   __HAL_FLASH_DISABLE_IT(FLASH_IT_DBECCERR_BANK2);
 984:Drivers/STM32H7xx_HAL_Driver/Src/stm32h7xx_hal_flash_ex.c **** }
 985:Drivers/STM32H7xx_HAL_Driver/Src/stm32h7xx_hal_flash_ex.c **** #endif /* DUAL_BANK */
 986:Drivers/STM32H7xx_HAL_Driver/Src/stm32h7xx_hal_flash_ex.c **** 
 987:Drivers/STM32H7xx_HAL_Driver/Src/stm32h7xx_hal_flash_ex.c **** /**
 988:Drivers/STM32H7xx_HAL_Driver/Src/stm32h7xx_hal_flash_ex.c ****   * @brief  Get the ECC error information.
 989:Drivers/STM32H7xx_HAL_Driver/Src/stm32h7xx_hal_flash_ex.c ****   * @param  pData Pointer to an FLASH_EccInfoTypeDef structure that contains the
 990:Drivers/STM32H7xx_HAL_Driver/Src/stm32h7xx_hal_flash_ex.c ****   *         ECC error information.
 991:Drivers/STM32H7xx_HAL_Driver/Src/stm32h7xx_hal_flash_ex.c ****   * @note   This function should be called before ECC bit is cleared
 992:Drivers/STM32H7xx_HAL_Driver/Src/stm32h7xx_hal_flash_ex.c ****   *         (in callback function)
 993:Drivers/STM32H7xx_HAL_Driver/Src/stm32h7xx_hal_flash_ex.c ****   * @retval None
 994:Drivers/STM32H7xx_HAL_Driver/Src/stm32h7xx_hal_flash_ex.c ****   */
 995:Drivers/STM32H7xx_HAL_Driver/Src/stm32h7xx_hal_flash_ex.c **** void HAL_FLASHEx_GetEccInfo(FLASH_EccInfoTypeDef *pData)
 996:Drivers/STM32H7xx_HAL_Driver/Src/stm32h7xx_hal_flash_ex.c **** {
 997:Drivers/STM32H7xx_HAL_Driver/Src/stm32h7xx_hal_flash_ex.c ****   uint32_t errorflag;
 998:Drivers/STM32H7xx_HAL_Driver/Src/stm32h7xx_hal_flash_ex.c **** 
 999:Drivers/STM32H7xx_HAL_Driver/Src/stm32h7xx_hal_flash_ex.c ****   /* Check FLASH Bank1 ECC single correction and double detection error flags */
1000:Drivers/STM32H7xx_HAL_Driver/Src/stm32h7xx_hal_flash_ex.c ****   errorflag = FLASH->SR1 & (FLASH_FLAG_SNECCERR_BANK1 | FLASH_FLAG_DBECCERR_BANK1);
ARM GAS  C:\Users\jason\AppData\Local\Temp\cc43Y6jb.s 			page 19


1001:Drivers/STM32H7xx_HAL_Driver/Src/stm32h7xx_hal_flash_ex.c ****   if(errorflag != 0U)
1002:Drivers/STM32H7xx_HAL_Driver/Src/stm32h7xx_hal_flash_ex.c ****   {
1003:Drivers/STM32H7xx_HAL_Driver/Src/stm32h7xx_hal_flash_ex.c ****     pData->Area = FLASH_ECC_AREA_USER_BANK1;
1004:Drivers/STM32H7xx_HAL_Driver/Src/stm32h7xx_hal_flash_ex.c ****     pData->Address = ((((FLASH->ECC_FA1 & FLASH_ECC_FA_FAIL_ECC_ADDR))* FLASH_NB_32BITWORD_IN_FLASH
1005:Drivers/STM32H7xx_HAL_Driver/Src/stm32h7xx_hal_flash_ex.c ****   }
1006:Drivers/STM32H7xx_HAL_Driver/Src/stm32h7xx_hal_flash_ex.c **** #if defined (DUAL_BANK)
1007:Drivers/STM32H7xx_HAL_Driver/Src/stm32h7xx_hal_flash_ex.c ****   /* Check FLASH Bank2 ECC single correction and double detection error flags */
1008:Drivers/STM32H7xx_HAL_Driver/Src/stm32h7xx_hal_flash_ex.c ****   errorflag = FLASH->SR2 & (FLASH_FLAG_SNECCERR_BANK2 | FLASH_FLAG_DBECCERR_BANK2);
1009:Drivers/STM32H7xx_HAL_Driver/Src/stm32h7xx_hal_flash_ex.c ****   if(errorflag != 0U)
1010:Drivers/STM32H7xx_HAL_Driver/Src/stm32h7xx_hal_flash_ex.c ****   {
1011:Drivers/STM32H7xx_HAL_Driver/Src/stm32h7xx_hal_flash_ex.c ****     pData->Area = FLASH_ECC_AREA_USER_BANK2;
1012:Drivers/STM32H7xx_HAL_Driver/Src/stm32h7xx_hal_flash_ex.c ****     pData->Address = ((((FLASH->ECC_FA2 & FLASH_ECC_FA_FAIL_ECC_ADDR))* FLASH_NB_32BITWORD_IN_FLASH
1013:Drivers/STM32H7xx_HAL_Driver/Src/stm32h7xx_hal_flash_ex.c ****   }
1014:Drivers/STM32H7xx_HAL_Driver/Src/stm32h7xx_hal_flash_ex.c **** #endif /* DUAL_BANK */
1015:Drivers/STM32H7xx_HAL_Driver/Src/stm32h7xx_hal_flash_ex.c **** }
1016:Drivers/STM32H7xx_HAL_Driver/Src/stm32h7xx_hal_flash_ex.c **** 
1017:Drivers/STM32H7xx_HAL_Driver/Src/stm32h7xx_hal_flash_ex.c **** /**
1018:Drivers/STM32H7xx_HAL_Driver/Src/stm32h7xx_hal_flash_ex.c ****   * @brief Handle Flash ECC Detection interrupt request.
1019:Drivers/STM32H7xx_HAL_Driver/Src/stm32h7xx_hal_flash_ex.c ****   * @retval None
1020:Drivers/STM32H7xx_HAL_Driver/Src/stm32h7xx_hal_flash_ex.c ****   */
1021:Drivers/STM32H7xx_HAL_Driver/Src/stm32h7xx_hal_flash_ex.c **** void HAL_FLASHEx_BusFault_IRQHandler(void)
1022:Drivers/STM32H7xx_HAL_Driver/Src/stm32h7xx_hal_flash_ex.c **** {
1023:Drivers/STM32H7xx_HAL_Driver/Src/stm32h7xx_hal_flash_ex.c ****   /* Check if the ECC double error occurred*/
1024:Drivers/STM32H7xx_HAL_Driver/Src/stm32h7xx_hal_flash_ex.c ****   if ((FLASH->SR1 & FLASH_FLAG_DBECCERR_BANK1)  != 0)
1025:Drivers/STM32H7xx_HAL_Driver/Src/stm32h7xx_hal_flash_ex.c ****   {
1026:Drivers/STM32H7xx_HAL_Driver/Src/stm32h7xx_hal_flash_ex.c ****     /* FLASH ECC detection user callback */
1027:Drivers/STM32H7xx_HAL_Driver/Src/stm32h7xx_hal_flash_ex.c ****     HAL_FLASHEx_EccDetectionCallback();
1028:Drivers/STM32H7xx_HAL_Driver/Src/stm32h7xx_hal_flash_ex.c **** 
1029:Drivers/STM32H7xx_HAL_Driver/Src/stm32h7xx_hal_flash_ex.c ****     /* Clear Bank 1 ECC double detection error flag
1030:Drivers/STM32H7xx_HAL_Driver/Src/stm32h7xx_hal_flash_ex.c ****     note : this step will clear all the information related to the flash ECC detection
1031:Drivers/STM32H7xx_HAL_Driver/Src/stm32h7xx_hal_flash_ex.c ****     */
1032:Drivers/STM32H7xx_HAL_Driver/Src/stm32h7xx_hal_flash_ex.c ****     __HAL_FLASH_CLEAR_FLAG_BANK1(FLASH_FLAG_DBECCERR_BANK1);
1033:Drivers/STM32H7xx_HAL_Driver/Src/stm32h7xx_hal_flash_ex.c ****   }
1034:Drivers/STM32H7xx_HAL_Driver/Src/stm32h7xx_hal_flash_ex.c **** #if defined (DUAL_BANK)
1035:Drivers/STM32H7xx_HAL_Driver/Src/stm32h7xx_hal_flash_ex.c ****   /* Check if the ECC double error occurred*/
1036:Drivers/STM32H7xx_HAL_Driver/Src/stm32h7xx_hal_flash_ex.c ****   if ((FLASH->SR2 & FLASH_FLAG_DBECCERR_BANK2)  != 0)
1037:Drivers/STM32H7xx_HAL_Driver/Src/stm32h7xx_hal_flash_ex.c ****   {
1038:Drivers/STM32H7xx_HAL_Driver/Src/stm32h7xx_hal_flash_ex.c ****     /* FLASH ECC detection user callback */
1039:Drivers/STM32H7xx_HAL_Driver/Src/stm32h7xx_hal_flash_ex.c ****     HAL_FLASHEx_EccDetectionCallback();
1040:Drivers/STM32H7xx_HAL_Driver/Src/stm32h7xx_hal_flash_ex.c **** 
1041:Drivers/STM32H7xx_HAL_Driver/Src/stm32h7xx_hal_flash_ex.c ****     /* Clear Bank 2 ECC double detection error flag
1042:Drivers/STM32H7xx_HAL_Driver/Src/stm32h7xx_hal_flash_ex.c ****     note : this step will clear all the information related to the flash ECC detection
1043:Drivers/STM32H7xx_HAL_Driver/Src/stm32h7xx_hal_flash_ex.c ****     */
1044:Drivers/STM32H7xx_HAL_Driver/Src/stm32h7xx_hal_flash_ex.c ****     __HAL_FLASH_CLEAR_FLAG_BANK2(FLASH_FLAG_DBECCERR_BANK2);
1045:Drivers/STM32H7xx_HAL_Driver/Src/stm32h7xx_hal_flash_ex.c ****   }
1046:Drivers/STM32H7xx_HAL_Driver/Src/stm32h7xx_hal_flash_ex.c **** #endif /* DUAL_BANK */
1047:Drivers/STM32H7xx_HAL_Driver/Src/stm32h7xx_hal_flash_ex.c **** }
1048:Drivers/STM32H7xx_HAL_Driver/Src/stm32h7xx_hal_flash_ex.c **** 
1049:Drivers/STM32H7xx_HAL_Driver/Src/stm32h7xx_hal_flash_ex.c **** /**
1050:Drivers/STM32H7xx_HAL_Driver/Src/stm32h7xx_hal_flash_ex.c ****   * @brief  FLASH ECC Correction interrupt callback.
1051:Drivers/STM32H7xx_HAL_Driver/Src/stm32h7xx_hal_flash_ex.c ****   * @retval None
1052:Drivers/STM32H7xx_HAL_Driver/Src/stm32h7xx_hal_flash_ex.c ****   */
1053:Drivers/STM32H7xx_HAL_Driver/Src/stm32h7xx_hal_flash_ex.c **** __weak void HAL_FLASHEx_EccCorrectionCallback(void)
1054:Drivers/STM32H7xx_HAL_Driver/Src/stm32h7xx_hal_flash_ex.c **** {
1055:Drivers/STM32H7xx_HAL_Driver/Src/stm32h7xx_hal_flash_ex.c ****   /* NOTE : This function should not be modified, when the callback is needed,
1056:Drivers/STM32H7xx_HAL_Driver/Src/stm32h7xx_hal_flash_ex.c ****             the HAL_FLASHEx_EccCorrectionCallback could be implemented in the user file
1057:Drivers/STM32H7xx_HAL_Driver/Src/stm32h7xx_hal_flash_ex.c ****    */
ARM GAS  C:\Users\jason\AppData\Local\Temp\cc43Y6jb.s 			page 20


1058:Drivers/STM32H7xx_HAL_Driver/Src/stm32h7xx_hal_flash_ex.c **** }
1059:Drivers/STM32H7xx_HAL_Driver/Src/stm32h7xx_hal_flash_ex.c **** 
1060:Drivers/STM32H7xx_HAL_Driver/Src/stm32h7xx_hal_flash_ex.c **** /**
1061:Drivers/STM32H7xx_HAL_Driver/Src/stm32h7xx_hal_flash_ex.c ****   * @brief  FLASH ECC Detection interrupt callback.
1062:Drivers/STM32H7xx_HAL_Driver/Src/stm32h7xx_hal_flash_ex.c ****   * @retval None
1063:Drivers/STM32H7xx_HAL_Driver/Src/stm32h7xx_hal_flash_ex.c ****   */
1064:Drivers/STM32H7xx_HAL_Driver/Src/stm32h7xx_hal_flash_ex.c **** __weak void HAL_FLASHEx_EccDetectionCallback(void)
1065:Drivers/STM32H7xx_HAL_Driver/Src/stm32h7xx_hal_flash_ex.c **** {
1066:Drivers/STM32H7xx_HAL_Driver/Src/stm32h7xx_hal_flash_ex.c ****   /* NOTE : This function should not be modified, when the callback is needed,
1067:Drivers/STM32H7xx_HAL_Driver/Src/stm32h7xx_hal_flash_ex.c ****             the HAL_FLASHEx_EccDetectionCallback could be implemented in the user file
1068:Drivers/STM32H7xx_HAL_Driver/Src/stm32h7xx_hal_flash_ex.c ****    */
1069:Drivers/STM32H7xx_HAL_Driver/Src/stm32h7xx_hal_flash_ex.c **** }
1070:Drivers/STM32H7xx_HAL_Driver/Src/stm32h7xx_hal_flash_ex.c **** 
1071:Drivers/STM32H7xx_HAL_Driver/Src/stm32h7xx_hal_flash_ex.c **** /**
1072:Drivers/STM32H7xx_HAL_Driver/Src/stm32h7xx_hal_flash_ex.c ****   * @}
1073:Drivers/STM32H7xx_HAL_Driver/Src/stm32h7xx_hal_flash_ex.c ****   */
1074:Drivers/STM32H7xx_HAL_Driver/Src/stm32h7xx_hal_flash_ex.c **** #endif /* USE_FLASH_ECC */
1075:Drivers/STM32H7xx_HAL_Driver/Src/stm32h7xx_hal_flash_ex.c **** 
1076:Drivers/STM32H7xx_HAL_Driver/Src/stm32h7xx_hal_flash_ex.c **** /**
1077:Drivers/STM32H7xx_HAL_Driver/Src/stm32h7xx_hal_flash_ex.c ****   * @}
1078:Drivers/STM32H7xx_HAL_Driver/Src/stm32h7xx_hal_flash_ex.c ****   */
1079:Drivers/STM32H7xx_HAL_Driver/Src/stm32h7xx_hal_flash_ex.c **** 
1080:Drivers/STM32H7xx_HAL_Driver/Src/stm32h7xx_hal_flash_ex.c **** /* Private functions ---------------------------------------------------------*/
1081:Drivers/STM32H7xx_HAL_Driver/Src/stm32h7xx_hal_flash_ex.c **** 
1082:Drivers/STM32H7xx_HAL_Driver/Src/stm32h7xx_hal_flash_ex.c **** /** @addtogroup FLASHEx_Private_Functions
1083:Drivers/STM32H7xx_HAL_Driver/Src/stm32h7xx_hal_flash_ex.c ****   * @{
1084:Drivers/STM32H7xx_HAL_Driver/Src/stm32h7xx_hal_flash_ex.c ****   */
1085:Drivers/STM32H7xx_HAL_Driver/Src/stm32h7xx_hal_flash_ex.c **** 
1086:Drivers/STM32H7xx_HAL_Driver/Src/stm32h7xx_hal_flash_ex.c **** /**
1087:Drivers/STM32H7xx_HAL_Driver/Src/stm32h7xx_hal_flash_ex.c ****   * @brief  Mass erase of FLASH memory
1088:Drivers/STM32H7xx_HAL_Driver/Src/stm32h7xx_hal_flash_ex.c ****   * @param  VoltageRange The device program/erase parallelism.
1089:Drivers/STM32H7xx_HAL_Driver/Src/stm32h7xx_hal_flash_ex.c ****   *          This parameter can be one of the following values:
1090:Drivers/STM32H7xx_HAL_Driver/Src/stm32h7xx_hal_flash_ex.c ****   *            @arg FLASH_VOLTAGE_RANGE_1 : Flash program/erase by 8 bits
1091:Drivers/STM32H7xx_HAL_Driver/Src/stm32h7xx_hal_flash_ex.c ****   *            @arg FLASH_VOLTAGE_RANGE_2 : Flash program/erase by 16 bits
1092:Drivers/STM32H7xx_HAL_Driver/Src/stm32h7xx_hal_flash_ex.c ****   *            @arg FLASH_VOLTAGE_RANGE_3 : Flash program/erase by 32 bits
1093:Drivers/STM32H7xx_HAL_Driver/Src/stm32h7xx_hal_flash_ex.c ****   *            @arg FLASH_VOLTAGE_RANGE_4 : Flash program/erase by 64 bits
1094:Drivers/STM32H7xx_HAL_Driver/Src/stm32h7xx_hal_flash_ex.c ****   *
1095:Drivers/STM32H7xx_HAL_Driver/Src/stm32h7xx_hal_flash_ex.c ****   * @param  Banks Banks to be erased
1096:Drivers/STM32H7xx_HAL_Driver/Src/stm32h7xx_hal_flash_ex.c ****   *          This parameter can be one of the following values:
1097:Drivers/STM32H7xx_HAL_Driver/Src/stm32h7xx_hal_flash_ex.c ****   *            @arg FLASH_BANK_1: Bank1 to be erased
1098:Drivers/STM32H7xx_HAL_Driver/Src/stm32h7xx_hal_flash_ex.c ****   *            @arg FLASH_BANK_2: Bank2 to be erased
1099:Drivers/STM32H7xx_HAL_Driver/Src/stm32h7xx_hal_flash_ex.c ****   *            @arg FLASH_BANK_BOTH: Bank1 and Bank2 to be erased
1100:Drivers/STM32H7xx_HAL_Driver/Src/stm32h7xx_hal_flash_ex.c ****   *
1101:Drivers/STM32H7xx_HAL_Driver/Src/stm32h7xx_hal_flash_ex.c ****   * @retval HAL Status
1102:Drivers/STM32H7xx_HAL_Driver/Src/stm32h7xx_hal_flash_ex.c ****   */
1103:Drivers/STM32H7xx_HAL_Driver/Src/stm32h7xx_hal_flash_ex.c **** static void FLASH_MassErase(uint32_t VoltageRange, uint32_t Banks)
1104:Drivers/STM32H7xx_HAL_Driver/Src/stm32h7xx_hal_flash_ex.c **** {
  28              		.loc 1 1104 1 view -0
  29              		.cfi_startproc
  30              		@ args = 0, pretend = 0, frame = 0
  31              		@ frame_needed = 0, uses_anonymous_args = 0
  32              		@ link register save eliminated.
1105:Drivers/STM32H7xx_HAL_Driver/Src/stm32h7xx_hal_flash_ex.c ****   /* Check the parameters */
1106:Drivers/STM32H7xx_HAL_Driver/Src/stm32h7xx_hal_flash_ex.c **** #if defined (FLASH_CR_PSIZE)
1107:Drivers/STM32H7xx_HAL_Driver/Src/stm32h7xx_hal_flash_ex.c ****   assert_param(IS_VOLTAGERANGE(VoltageRange));
  33              		.loc 1 1107 3 view .LVU1
1108:Drivers/STM32H7xx_HAL_Driver/Src/stm32h7xx_hal_flash_ex.c **** #else
ARM GAS  C:\Users\jason\AppData\Local\Temp\cc43Y6jb.s 			page 21


1109:Drivers/STM32H7xx_HAL_Driver/Src/stm32h7xx_hal_flash_ex.c ****   UNUSED(VoltageRange);
1110:Drivers/STM32H7xx_HAL_Driver/Src/stm32h7xx_hal_flash_ex.c **** #endif /* FLASH_CR_PSIZE */
1111:Drivers/STM32H7xx_HAL_Driver/Src/stm32h7xx_hal_flash_ex.c ****   assert_param(IS_FLASH_BANK(Banks));
  34              		.loc 1 1111 3 view .LVU2
1112:Drivers/STM32H7xx_HAL_Driver/Src/stm32h7xx_hal_flash_ex.c **** 
1113:Drivers/STM32H7xx_HAL_Driver/Src/stm32h7xx_hal_flash_ex.c **** #if defined (DUAL_BANK)
1114:Drivers/STM32H7xx_HAL_Driver/Src/stm32h7xx_hal_flash_ex.c ****   /* Flash Mass Erase */
1115:Drivers/STM32H7xx_HAL_Driver/Src/stm32h7xx_hal_flash_ex.c ****   if((Banks & FLASH_BANK_BOTH) == FLASH_BANK_BOTH)
1116:Drivers/STM32H7xx_HAL_Driver/Src/stm32h7xx_hal_flash_ex.c ****   {
1117:Drivers/STM32H7xx_HAL_Driver/Src/stm32h7xx_hal_flash_ex.c **** #if defined (FLASH_CR_PSIZE)
1118:Drivers/STM32H7xx_HAL_Driver/Src/stm32h7xx_hal_flash_ex.c ****     /* Reset Program/erase VoltageRange for Bank1 and Bank2 */
1119:Drivers/STM32H7xx_HAL_Driver/Src/stm32h7xx_hal_flash_ex.c ****     FLASH->CR1 &= (~FLASH_CR_PSIZE);
1120:Drivers/STM32H7xx_HAL_Driver/Src/stm32h7xx_hal_flash_ex.c ****     FLASH->CR2 &= (~FLASH_CR_PSIZE);
1121:Drivers/STM32H7xx_HAL_Driver/Src/stm32h7xx_hal_flash_ex.c **** 
1122:Drivers/STM32H7xx_HAL_Driver/Src/stm32h7xx_hal_flash_ex.c ****     /* Set voltage range */
1123:Drivers/STM32H7xx_HAL_Driver/Src/stm32h7xx_hal_flash_ex.c ****     FLASH->CR1 |= VoltageRange;
1124:Drivers/STM32H7xx_HAL_Driver/Src/stm32h7xx_hal_flash_ex.c ****     FLASH->CR2 |= VoltageRange;
1125:Drivers/STM32H7xx_HAL_Driver/Src/stm32h7xx_hal_flash_ex.c **** #endif /* FLASH_CR_PSIZE */
1126:Drivers/STM32H7xx_HAL_Driver/Src/stm32h7xx_hal_flash_ex.c **** 
1127:Drivers/STM32H7xx_HAL_Driver/Src/stm32h7xx_hal_flash_ex.c ****     /* Set Mass Erase Bit */
1128:Drivers/STM32H7xx_HAL_Driver/Src/stm32h7xx_hal_flash_ex.c ****     FLASH->OPTCR |= FLASH_OPTCR_MER;
1129:Drivers/STM32H7xx_HAL_Driver/Src/stm32h7xx_hal_flash_ex.c ****   }
1130:Drivers/STM32H7xx_HAL_Driver/Src/stm32h7xx_hal_flash_ex.c ****   else
1131:Drivers/STM32H7xx_HAL_Driver/Src/stm32h7xx_hal_flash_ex.c **** #endif /* DUAL_BANK */
1132:Drivers/STM32H7xx_HAL_Driver/Src/stm32h7xx_hal_flash_ex.c ****   {
1133:Drivers/STM32H7xx_HAL_Driver/Src/stm32h7xx_hal_flash_ex.c ****     /* Proceed to erase Flash Bank  */
1134:Drivers/STM32H7xx_HAL_Driver/Src/stm32h7xx_hal_flash_ex.c ****     if((Banks & FLASH_BANK_1) == FLASH_BANK_1)
  35              		.loc 1 1134 5 view .LVU3
  36              		.loc 1 1134 7 is_stmt 0 view .LVU4
  37 0000 11F0010F 		tst	r1, #1
  38 0004 0BD0     		beq	.L1
1135:Drivers/STM32H7xx_HAL_Driver/Src/stm32h7xx_hal_flash_ex.c ****     {
1136:Drivers/STM32H7xx_HAL_Driver/Src/stm32h7xx_hal_flash_ex.c **** #if defined (FLASH_CR_PSIZE)
1137:Drivers/STM32H7xx_HAL_Driver/Src/stm32h7xx_hal_flash_ex.c ****       /* Set Program/erase VoltageRange for Bank1 */
1138:Drivers/STM32H7xx_HAL_Driver/Src/stm32h7xx_hal_flash_ex.c ****       FLASH->CR1 &= (~FLASH_CR_PSIZE);
  39              		.loc 1 1138 7 is_stmt 1 view .LVU5
  40              		.loc 1 1138 12 is_stmt 0 view .LVU6
  41 0006 064B     		ldr	r3, .L3
  42 0008 DA68     		ldr	r2, [r3, #12]
  43              		.loc 1 1138 18 view .LVU7
  44 000a 22F03002 		bic	r2, r2, #48
  45 000e DA60     		str	r2, [r3, #12]
1139:Drivers/STM32H7xx_HAL_Driver/Src/stm32h7xx_hal_flash_ex.c ****       FLASH->CR1 |=  VoltageRange;
  46              		.loc 1 1139 7 is_stmt 1 view .LVU8
  47              		.loc 1 1139 12 is_stmt 0 view .LVU9
  48 0010 DA68     		ldr	r2, [r3, #12]
  49              		.loc 1 1139 18 view .LVU10
  50 0012 0243     		orrs	r2, r2, r0
  51 0014 DA60     		str	r2, [r3, #12]
1140:Drivers/STM32H7xx_HAL_Driver/Src/stm32h7xx_hal_flash_ex.c **** #endif /* FLASH_CR_PSIZE */
1141:Drivers/STM32H7xx_HAL_Driver/Src/stm32h7xx_hal_flash_ex.c **** 
1142:Drivers/STM32H7xx_HAL_Driver/Src/stm32h7xx_hal_flash_ex.c ****       /* Erase Bank1 */
1143:Drivers/STM32H7xx_HAL_Driver/Src/stm32h7xx_hal_flash_ex.c ****       FLASH->CR1 |= (FLASH_CR_BER | FLASH_CR_START);
  52              		.loc 1 1143 7 is_stmt 1 view .LVU11
  53              		.loc 1 1143 12 is_stmt 0 view .LVU12
  54 0016 DA68     		ldr	r2, [r3, #12]
  55              		.loc 1 1143 18 view .LVU13
ARM GAS  C:\Users\jason\AppData\Local\Temp\cc43Y6jb.s 			page 22


  56 0018 42F08802 		orr	r2, r2, #136
  57 001c DA60     		str	r2, [r3, #12]
  58              	.L1:
1144:Drivers/STM32H7xx_HAL_Driver/Src/stm32h7xx_hal_flash_ex.c ****     }
1145:Drivers/STM32H7xx_HAL_Driver/Src/stm32h7xx_hal_flash_ex.c **** 
1146:Drivers/STM32H7xx_HAL_Driver/Src/stm32h7xx_hal_flash_ex.c **** #if defined (DUAL_BANK)
1147:Drivers/STM32H7xx_HAL_Driver/Src/stm32h7xx_hal_flash_ex.c ****     if((Banks & FLASH_BANK_2) == FLASH_BANK_2)
1148:Drivers/STM32H7xx_HAL_Driver/Src/stm32h7xx_hal_flash_ex.c ****     {
1149:Drivers/STM32H7xx_HAL_Driver/Src/stm32h7xx_hal_flash_ex.c **** #if defined (FLASH_CR_PSIZE)
1150:Drivers/STM32H7xx_HAL_Driver/Src/stm32h7xx_hal_flash_ex.c ****       /* Set Program/erase VoltageRange for Bank2 */
1151:Drivers/STM32H7xx_HAL_Driver/Src/stm32h7xx_hal_flash_ex.c ****       FLASH->CR2 &= (~FLASH_CR_PSIZE);
1152:Drivers/STM32H7xx_HAL_Driver/Src/stm32h7xx_hal_flash_ex.c ****       FLASH->CR2 |= VoltageRange;
1153:Drivers/STM32H7xx_HAL_Driver/Src/stm32h7xx_hal_flash_ex.c **** #endif /* FLASH_CR_PSIZE */
1154:Drivers/STM32H7xx_HAL_Driver/Src/stm32h7xx_hal_flash_ex.c **** 
1155:Drivers/STM32H7xx_HAL_Driver/Src/stm32h7xx_hal_flash_ex.c ****       /* Erase Bank2 */
1156:Drivers/STM32H7xx_HAL_Driver/Src/stm32h7xx_hal_flash_ex.c ****       FLASH->CR2 |= (FLASH_CR_BER | FLASH_CR_START);
1157:Drivers/STM32H7xx_HAL_Driver/Src/stm32h7xx_hal_flash_ex.c ****     }
1158:Drivers/STM32H7xx_HAL_Driver/Src/stm32h7xx_hal_flash_ex.c **** #endif /* DUAL_BANK */
1159:Drivers/STM32H7xx_HAL_Driver/Src/stm32h7xx_hal_flash_ex.c ****   }
1160:Drivers/STM32H7xx_HAL_Driver/Src/stm32h7xx_hal_flash_ex.c **** }
  59              		.loc 1 1160 1 view .LVU14
  60 001e 7047     		bx	lr
  61              	.L4:
  62              		.align	2
  63              	.L3:
  64 0020 00200052 		.word	1375739904
  65              		.cfi_endproc
  66              	.LFE151:
  68              		.section	.text.FLASH_OB_EnableWRP,"ax",%progbits
  69              		.align	1
  70              		.syntax unified
  71              		.thumb
  72              		.thumb_func
  74              	FLASH_OB_EnableWRP:
  75              	.LVL1:
  76              	.LFB153:
1161:Drivers/STM32H7xx_HAL_Driver/Src/stm32h7xx_hal_flash_ex.c **** 
1162:Drivers/STM32H7xx_HAL_Driver/Src/stm32h7xx_hal_flash_ex.c **** /**
1163:Drivers/STM32H7xx_HAL_Driver/Src/stm32h7xx_hal_flash_ex.c ****   * @brief  Erase the specified FLASH memory sector
1164:Drivers/STM32H7xx_HAL_Driver/Src/stm32h7xx_hal_flash_ex.c ****   * @param  Sector FLASH sector to erase
1165:Drivers/STM32H7xx_HAL_Driver/Src/stm32h7xx_hal_flash_ex.c ****   *          This parameter can be a value of @ref FLASH_Sectors
1166:Drivers/STM32H7xx_HAL_Driver/Src/stm32h7xx_hal_flash_ex.c ****   * @param  Banks Banks to be erased
1167:Drivers/STM32H7xx_HAL_Driver/Src/stm32h7xx_hal_flash_ex.c ****   *          This parameter can be one of the following values:
1168:Drivers/STM32H7xx_HAL_Driver/Src/stm32h7xx_hal_flash_ex.c ****   *            @arg FLASH_BANK_1: Bank1 to be erased
1169:Drivers/STM32H7xx_HAL_Driver/Src/stm32h7xx_hal_flash_ex.c ****   *            @arg FLASH_BANK_2: Bank2 to be erased
1170:Drivers/STM32H7xx_HAL_Driver/Src/stm32h7xx_hal_flash_ex.c ****   *            @arg FLASH_BANK_BOTH: Bank1 and Bank2 to be erased
1171:Drivers/STM32H7xx_HAL_Driver/Src/stm32h7xx_hal_flash_ex.c ****   * @param  VoltageRange The device program/erase parallelism.
1172:Drivers/STM32H7xx_HAL_Driver/Src/stm32h7xx_hal_flash_ex.c ****   *          This parameter can be one of the following values:
1173:Drivers/STM32H7xx_HAL_Driver/Src/stm32h7xx_hal_flash_ex.c ****   *            @arg FLASH_VOLTAGE_RANGE_1 : Flash program/erase by 8 bits
1174:Drivers/STM32H7xx_HAL_Driver/Src/stm32h7xx_hal_flash_ex.c ****   *            @arg FLASH_VOLTAGE_RANGE_2 : Flash program/erase by 16 bits
1175:Drivers/STM32H7xx_HAL_Driver/Src/stm32h7xx_hal_flash_ex.c ****   *            @arg FLASH_VOLTAGE_RANGE_3 : Flash program/erase by 32 bits
1176:Drivers/STM32H7xx_HAL_Driver/Src/stm32h7xx_hal_flash_ex.c ****   *            @arg FLASH_VOLTAGE_RANGE_4 : Flash program/erase by 64 bits
1177:Drivers/STM32H7xx_HAL_Driver/Src/stm32h7xx_hal_flash_ex.c ****   *
1178:Drivers/STM32H7xx_HAL_Driver/Src/stm32h7xx_hal_flash_ex.c ****   * @retval None
1179:Drivers/STM32H7xx_HAL_Driver/Src/stm32h7xx_hal_flash_ex.c ****   */
1180:Drivers/STM32H7xx_HAL_Driver/Src/stm32h7xx_hal_flash_ex.c **** void FLASH_Erase_Sector(uint32_t Sector, uint32_t Banks, uint32_t VoltageRange)
1181:Drivers/STM32H7xx_HAL_Driver/Src/stm32h7xx_hal_flash_ex.c **** {
ARM GAS  C:\Users\jason\AppData\Local\Temp\cc43Y6jb.s 			page 23


1182:Drivers/STM32H7xx_HAL_Driver/Src/stm32h7xx_hal_flash_ex.c ****   assert_param(IS_FLASH_SECTOR(Sector));
1183:Drivers/STM32H7xx_HAL_Driver/Src/stm32h7xx_hal_flash_ex.c ****   assert_param(IS_FLASH_BANK_EXCLUSIVE(Banks));
1184:Drivers/STM32H7xx_HAL_Driver/Src/stm32h7xx_hal_flash_ex.c **** #if defined (FLASH_CR_PSIZE)
1185:Drivers/STM32H7xx_HAL_Driver/Src/stm32h7xx_hal_flash_ex.c ****   assert_param(IS_VOLTAGERANGE(VoltageRange));
1186:Drivers/STM32H7xx_HAL_Driver/Src/stm32h7xx_hal_flash_ex.c **** #else
1187:Drivers/STM32H7xx_HAL_Driver/Src/stm32h7xx_hal_flash_ex.c ****   UNUSED(VoltageRange);
1188:Drivers/STM32H7xx_HAL_Driver/Src/stm32h7xx_hal_flash_ex.c **** #endif /* FLASH_CR_PSIZE */
1189:Drivers/STM32H7xx_HAL_Driver/Src/stm32h7xx_hal_flash_ex.c **** 
1190:Drivers/STM32H7xx_HAL_Driver/Src/stm32h7xx_hal_flash_ex.c ****   if((Banks & FLASH_BANK_1) == FLASH_BANK_1)
1191:Drivers/STM32H7xx_HAL_Driver/Src/stm32h7xx_hal_flash_ex.c ****   {
1192:Drivers/STM32H7xx_HAL_Driver/Src/stm32h7xx_hal_flash_ex.c **** #if defined (FLASH_CR_PSIZE)
1193:Drivers/STM32H7xx_HAL_Driver/Src/stm32h7xx_hal_flash_ex.c ****     /* Reset Program/erase VoltageRange and Sector Number for Bank1 */
1194:Drivers/STM32H7xx_HAL_Driver/Src/stm32h7xx_hal_flash_ex.c ****     FLASH->CR1 &= ~(FLASH_CR_PSIZE | FLASH_CR_SNB);
1195:Drivers/STM32H7xx_HAL_Driver/Src/stm32h7xx_hal_flash_ex.c **** 
1196:Drivers/STM32H7xx_HAL_Driver/Src/stm32h7xx_hal_flash_ex.c ****     FLASH->CR1 |= (FLASH_CR_SER | VoltageRange | (Sector << FLASH_CR_SNB_Pos) | FLASH_CR_START);
1197:Drivers/STM32H7xx_HAL_Driver/Src/stm32h7xx_hal_flash_ex.c **** #else
1198:Drivers/STM32H7xx_HAL_Driver/Src/stm32h7xx_hal_flash_ex.c ****     /* Reset Sector Number for Bank1 */
1199:Drivers/STM32H7xx_HAL_Driver/Src/stm32h7xx_hal_flash_ex.c ****     FLASH->CR1 &= ~(FLASH_CR_SNB);
1200:Drivers/STM32H7xx_HAL_Driver/Src/stm32h7xx_hal_flash_ex.c **** 
1201:Drivers/STM32H7xx_HAL_Driver/Src/stm32h7xx_hal_flash_ex.c ****     FLASH->CR1 |= (FLASH_CR_SER | (Sector << FLASH_CR_SNB_Pos) | FLASH_CR_START);
1202:Drivers/STM32H7xx_HAL_Driver/Src/stm32h7xx_hal_flash_ex.c **** #endif /* FLASH_CR_PSIZE */
1203:Drivers/STM32H7xx_HAL_Driver/Src/stm32h7xx_hal_flash_ex.c ****   }
1204:Drivers/STM32H7xx_HAL_Driver/Src/stm32h7xx_hal_flash_ex.c **** 
1205:Drivers/STM32H7xx_HAL_Driver/Src/stm32h7xx_hal_flash_ex.c **** #if defined (DUAL_BANK)
1206:Drivers/STM32H7xx_HAL_Driver/Src/stm32h7xx_hal_flash_ex.c ****   if((Banks & FLASH_BANK_2) == FLASH_BANK_2)
1207:Drivers/STM32H7xx_HAL_Driver/Src/stm32h7xx_hal_flash_ex.c ****   {
1208:Drivers/STM32H7xx_HAL_Driver/Src/stm32h7xx_hal_flash_ex.c **** #if defined (FLASH_CR_PSIZE)
1209:Drivers/STM32H7xx_HAL_Driver/Src/stm32h7xx_hal_flash_ex.c ****     /* Reset Program/erase VoltageRange and Sector Number for Bank2 */
1210:Drivers/STM32H7xx_HAL_Driver/Src/stm32h7xx_hal_flash_ex.c ****     FLASH->CR2 &= ~(FLASH_CR_PSIZE | FLASH_CR_SNB);
1211:Drivers/STM32H7xx_HAL_Driver/Src/stm32h7xx_hal_flash_ex.c **** 
1212:Drivers/STM32H7xx_HAL_Driver/Src/stm32h7xx_hal_flash_ex.c ****     FLASH->CR2 |= (FLASH_CR_SER | VoltageRange  | (Sector << FLASH_CR_SNB_Pos) | FLASH_CR_START);
1213:Drivers/STM32H7xx_HAL_Driver/Src/stm32h7xx_hal_flash_ex.c **** #else
1214:Drivers/STM32H7xx_HAL_Driver/Src/stm32h7xx_hal_flash_ex.c ****     /* Reset Sector Number for Bank2 */
1215:Drivers/STM32H7xx_HAL_Driver/Src/stm32h7xx_hal_flash_ex.c ****     FLASH->CR2 &= ~(FLASH_CR_SNB);
1216:Drivers/STM32H7xx_HAL_Driver/Src/stm32h7xx_hal_flash_ex.c **** 
1217:Drivers/STM32H7xx_HAL_Driver/Src/stm32h7xx_hal_flash_ex.c ****     FLASH->CR2 |= (FLASH_CR_SER | (Sector << FLASH_CR_SNB_Pos) | FLASH_CR_START);
1218:Drivers/STM32H7xx_HAL_Driver/Src/stm32h7xx_hal_flash_ex.c **** #endif /* FLASH_CR_PSIZE */
1219:Drivers/STM32H7xx_HAL_Driver/Src/stm32h7xx_hal_flash_ex.c ****   }
1220:Drivers/STM32H7xx_HAL_Driver/Src/stm32h7xx_hal_flash_ex.c **** #endif /* DUAL_BANK */
1221:Drivers/STM32H7xx_HAL_Driver/Src/stm32h7xx_hal_flash_ex.c **** }
1222:Drivers/STM32H7xx_HAL_Driver/Src/stm32h7xx_hal_flash_ex.c **** 
1223:Drivers/STM32H7xx_HAL_Driver/Src/stm32h7xx_hal_flash_ex.c **** /**
1224:Drivers/STM32H7xx_HAL_Driver/Src/stm32h7xx_hal_flash_ex.c ****   * @brief  Enable the write protection of the desired bank1 or bank 2 sectors
1225:Drivers/STM32H7xx_HAL_Driver/Src/stm32h7xx_hal_flash_ex.c ****   * @param  WRPSector specifies the sector(s) to be write protected.
1226:Drivers/STM32H7xx_HAL_Driver/Src/stm32h7xx_hal_flash_ex.c ****   *          This parameter can be one of the following values:
1227:Drivers/STM32H7xx_HAL_Driver/Src/stm32h7xx_hal_flash_ex.c ****   *            @arg WRPSector:  A combination of OB_WRP_SECTOR_0 to OB_WRP_SECTOR_7 or OB_WRP_SECTO
1228:Drivers/STM32H7xx_HAL_Driver/Src/stm32h7xx_hal_flash_ex.c ****   *
1229:Drivers/STM32H7xx_HAL_Driver/Src/stm32h7xx_hal_flash_ex.c ****   * @param  Banks the specific bank to apply WRP sectors
1230:Drivers/STM32H7xx_HAL_Driver/Src/stm32h7xx_hal_flash_ex.c ****   *          This parameter can be one of the following values:
1231:Drivers/STM32H7xx_HAL_Driver/Src/stm32h7xx_hal_flash_ex.c ****   *            @arg FLASH_BANK_1: enable WRP on specified bank1 sectors
1232:Drivers/STM32H7xx_HAL_Driver/Src/stm32h7xx_hal_flash_ex.c ****   *            @arg FLASH_BANK_2: enable WRP on specified bank2 sectors
1233:Drivers/STM32H7xx_HAL_Driver/Src/stm32h7xx_hal_flash_ex.c ****   *            @arg FLASH_BANK_BOTH: enable WRP on both bank1 and bank2 specified sectors
1234:Drivers/STM32H7xx_HAL_Driver/Src/stm32h7xx_hal_flash_ex.c ****   *
1235:Drivers/STM32H7xx_HAL_Driver/Src/stm32h7xx_hal_flash_ex.c ****   * @retval HAL FLASH State
1236:Drivers/STM32H7xx_HAL_Driver/Src/stm32h7xx_hal_flash_ex.c ****   */
1237:Drivers/STM32H7xx_HAL_Driver/Src/stm32h7xx_hal_flash_ex.c **** static void FLASH_OB_EnableWRP(uint32_t WRPSector, uint32_t Banks)
1238:Drivers/STM32H7xx_HAL_Driver/Src/stm32h7xx_hal_flash_ex.c **** {
ARM GAS  C:\Users\jason\AppData\Local\Temp\cc43Y6jb.s 			page 24


  77              		.loc 1 1238 1 is_stmt 1 view -0
  78              		.cfi_startproc
  79              		@ args = 0, pretend = 0, frame = 0
  80              		@ frame_needed = 0, uses_anonymous_args = 0
  81              		@ link register save eliminated.
1239:Drivers/STM32H7xx_HAL_Driver/Src/stm32h7xx_hal_flash_ex.c ****   /* Check the parameters */
1240:Drivers/STM32H7xx_HAL_Driver/Src/stm32h7xx_hal_flash_ex.c ****   assert_param(IS_OB_WRP_SECTOR(WRPSector));
  82              		.loc 1 1240 3 view .LVU16
1241:Drivers/STM32H7xx_HAL_Driver/Src/stm32h7xx_hal_flash_ex.c ****   assert_param(IS_FLASH_BANK(Banks));
  83              		.loc 1 1241 3 view .LVU17
1242:Drivers/STM32H7xx_HAL_Driver/Src/stm32h7xx_hal_flash_ex.c **** 
1243:Drivers/STM32H7xx_HAL_Driver/Src/stm32h7xx_hal_flash_ex.c ****   if((Banks & FLASH_BANK_1) == FLASH_BANK_1)
  84              		.loc 1 1243 3 view .LVU18
  85              		.loc 1 1243 5 is_stmt 0 view .LVU19
  86 0000 11F0010F 		tst	r1, #1
  87 0004 05D0     		beq	.L5
1244:Drivers/STM32H7xx_HAL_Driver/Src/stm32h7xx_hal_flash_ex.c ****   {
1245:Drivers/STM32H7xx_HAL_Driver/Src/stm32h7xx_hal_flash_ex.c ****     /* Enable Write Protection for bank 1 */
1246:Drivers/STM32H7xx_HAL_Driver/Src/stm32h7xx_hal_flash_ex.c ****     FLASH->WPSN_PRG1 &= (~(WRPSector & FLASH_WPSN_WRPSN));
  88              		.loc 1 1246 5 is_stmt 1 view .LVU20
  89              		.loc 1 1246 10 is_stmt 0 view .LVU21
  90 0006 034A     		ldr	r2, .L7
  91 0008 D36B     		ldr	r3, [r2, #60]
  92              		.loc 1 1246 38 view .LVU22
  93 000a C0B2     		uxtb	r0, r0
  94              	.LVL2:
  95              		.loc 1 1246 22 view .LVU23
  96 000c 23EA0003 		bic	r3, r3, r0
  97 0010 D363     		str	r3, [r2, #60]
  98              	.L5:
1247:Drivers/STM32H7xx_HAL_Driver/Src/stm32h7xx_hal_flash_ex.c ****   }
1248:Drivers/STM32H7xx_HAL_Driver/Src/stm32h7xx_hal_flash_ex.c **** 
1249:Drivers/STM32H7xx_HAL_Driver/Src/stm32h7xx_hal_flash_ex.c **** #if defined (DUAL_BANK)
1250:Drivers/STM32H7xx_HAL_Driver/Src/stm32h7xx_hal_flash_ex.c ****   if((Banks & FLASH_BANK_2) == FLASH_BANK_2)
1251:Drivers/STM32H7xx_HAL_Driver/Src/stm32h7xx_hal_flash_ex.c ****   {
1252:Drivers/STM32H7xx_HAL_Driver/Src/stm32h7xx_hal_flash_ex.c ****     /* Enable Write Protection for bank 2 */
1253:Drivers/STM32H7xx_HAL_Driver/Src/stm32h7xx_hal_flash_ex.c ****     FLASH->WPSN_PRG2 &= (~(WRPSector & FLASH_WPSN_WRPSN));
1254:Drivers/STM32H7xx_HAL_Driver/Src/stm32h7xx_hal_flash_ex.c ****   }
1255:Drivers/STM32H7xx_HAL_Driver/Src/stm32h7xx_hal_flash_ex.c **** #endif /* DUAL_BANK */
1256:Drivers/STM32H7xx_HAL_Driver/Src/stm32h7xx_hal_flash_ex.c **** }
  99              		.loc 1 1256 1 view .LVU24
 100 0012 7047     		bx	lr
 101              	.L8:
 102              		.align	2
 103              	.L7:
 104 0014 00200052 		.word	1375739904
 105              		.cfi_endproc
 106              	.LFE153:
 108              		.section	.text.FLASH_OB_DisableWRP,"ax",%progbits
 109              		.align	1
 110              		.syntax unified
 111              		.thumb
 112              		.thumb_func
 114              	FLASH_OB_DisableWRP:
 115              	.LVL3:
 116              	.LFB154:
1257:Drivers/STM32H7xx_HAL_Driver/Src/stm32h7xx_hal_flash_ex.c **** 
ARM GAS  C:\Users\jason\AppData\Local\Temp\cc43Y6jb.s 			page 25


1258:Drivers/STM32H7xx_HAL_Driver/Src/stm32h7xx_hal_flash_ex.c **** /**
1259:Drivers/STM32H7xx_HAL_Driver/Src/stm32h7xx_hal_flash_ex.c ****   * @brief  Disable the write protection of the desired bank1 or bank 2 sectors
1260:Drivers/STM32H7xx_HAL_Driver/Src/stm32h7xx_hal_flash_ex.c ****   * @param  WRPSector specifies the sector(s) to disable write protection.
1261:Drivers/STM32H7xx_HAL_Driver/Src/stm32h7xx_hal_flash_ex.c ****   *          This parameter can be one of the following values:
1262:Drivers/STM32H7xx_HAL_Driver/Src/stm32h7xx_hal_flash_ex.c ****   *            @arg WRPSector:  A combination of FLASH_OB_WRP_SECTOR_0 to FLASH_OB_WRP_SECTOR_7 or 
1263:Drivers/STM32H7xx_HAL_Driver/Src/stm32h7xx_hal_flash_ex.c ****   *
1264:Drivers/STM32H7xx_HAL_Driver/Src/stm32h7xx_hal_flash_ex.c ****   * @param  Banks the specific bank to apply WRP sectors
1265:Drivers/STM32H7xx_HAL_Driver/Src/stm32h7xx_hal_flash_ex.c ****   *          This parameter can be one of the following values:
1266:Drivers/STM32H7xx_HAL_Driver/Src/stm32h7xx_hal_flash_ex.c ****   *            @arg FLASH_BANK_1: disable WRP on specified bank1 sectors
1267:Drivers/STM32H7xx_HAL_Driver/Src/stm32h7xx_hal_flash_ex.c ****   *            @arg FLASH_BANK_2: disable WRP on specified bank2 sectors
1268:Drivers/STM32H7xx_HAL_Driver/Src/stm32h7xx_hal_flash_ex.c ****   *            @arg FLASH_BANK_BOTH: disable WRP on both bank1 and bank2 specified sectors
1269:Drivers/STM32H7xx_HAL_Driver/Src/stm32h7xx_hal_flash_ex.c ****   *
1270:Drivers/STM32H7xx_HAL_Driver/Src/stm32h7xx_hal_flash_ex.c ****   * @retval HAL FLASH State
1271:Drivers/STM32H7xx_HAL_Driver/Src/stm32h7xx_hal_flash_ex.c ****   */
1272:Drivers/STM32H7xx_HAL_Driver/Src/stm32h7xx_hal_flash_ex.c **** static void FLASH_OB_DisableWRP(uint32_t WRPSector, uint32_t Banks)
1273:Drivers/STM32H7xx_HAL_Driver/Src/stm32h7xx_hal_flash_ex.c **** {
 117              		.loc 1 1273 1 is_stmt 1 view -0
 118              		.cfi_startproc
 119              		@ args = 0, pretend = 0, frame = 0
 120              		@ frame_needed = 0, uses_anonymous_args = 0
 121              		@ link register save eliminated.
1274:Drivers/STM32H7xx_HAL_Driver/Src/stm32h7xx_hal_flash_ex.c ****   /* Check the parameters */
1275:Drivers/STM32H7xx_HAL_Driver/Src/stm32h7xx_hal_flash_ex.c ****   assert_param(IS_OB_WRP_SECTOR(WRPSector));
 122              		.loc 1 1275 3 view .LVU26
1276:Drivers/STM32H7xx_HAL_Driver/Src/stm32h7xx_hal_flash_ex.c ****   assert_param(IS_FLASH_BANK(Banks));
 123              		.loc 1 1276 3 view .LVU27
1277:Drivers/STM32H7xx_HAL_Driver/Src/stm32h7xx_hal_flash_ex.c **** 
1278:Drivers/STM32H7xx_HAL_Driver/Src/stm32h7xx_hal_flash_ex.c ****   if((Banks & FLASH_BANK_1) == FLASH_BANK_1)
 124              		.loc 1 1278 3 view .LVU28
 125              		.loc 1 1278 5 is_stmt 0 view .LVU29
 126 0000 11F0010F 		tst	r1, #1
 127 0004 04D0     		beq	.L9
1279:Drivers/STM32H7xx_HAL_Driver/Src/stm32h7xx_hal_flash_ex.c ****   {
1280:Drivers/STM32H7xx_HAL_Driver/Src/stm32h7xx_hal_flash_ex.c ****     /* Disable Write Protection for bank 1 */
1281:Drivers/STM32H7xx_HAL_Driver/Src/stm32h7xx_hal_flash_ex.c ****     FLASH->WPSN_PRG1 |= (WRPSector & FLASH_WPSN_WRPSN);
 128              		.loc 1 1281 5 is_stmt 1 view .LVU30
 129              		.loc 1 1281 10 is_stmt 0 view .LVU31
 130 0006 034A     		ldr	r2, .L11
 131 0008 D36B     		ldr	r3, [r2, #60]
 132              		.loc 1 1281 36 view .LVU32
 133 000a C0B2     		uxtb	r0, r0
 134              	.LVL4:
 135              		.loc 1 1281 22 view .LVU33
 136 000c 0343     		orrs	r3, r3, r0
 137 000e D363     		str	r3, [r2, #60]
 138              	.L9:
1282:Drivers/STM32H7xx_HAL_Driver/Src/stm32h7xx_hal_flash_ex.c ****   }
1283:Drivers/STM32H7xx_HAL_Driver/Src/stm32h7xx_hal_flash_ex.c **** 
1284:Drivers/STM32H7xx_HAL_Driver/Src/stm32h7xx_hal_flash_ex.c **** #if defined (DUAL_BANK)
1285:Drivers/STM32H7xx_HAL_Driver/Src/stm32h7xx_hal_flash_ex.c ****   if((Banks & FLASH_BANK_2) == FLASH_BANK_2)
1286:Drivers/STM32H7xx_HAL_Driver/Src/stm32h7xx_hal_flash_ex.c ****   {
1287:Drivers/STM32H7xx_HAL_Driver/Src/stm32h7xx_hal_flash_ex.c ****     /* Disable Write Protection for bank 2 */
1288:Drivers/STM32H7xx_HAL_Driver/Src/stm32h7xx_hal_flash_ex.c ****     FLASH->WPSN_PRG2 |= (WRPSector & FLASH_WPSN_WRPSN);
1289:Drivers/STM32H7xx_HAL_Driver/Src/stm32h7xx_hal_flash_ex.c ****   }
1290:Drivers/STM32H7xx_HAL_Driver/Src/stm32h7xx_hal_flash_ex.c **** #endif /* DUAL_BANK */
1291:Drivers/STM32H7xx_HAL_Driver/Src/stm32h7xx_hal_flash_ex.c **** }
 139              		.loc 1 1291 1 view .LVU34
ARM GAS  C:\Users\jason\AppData\Local\Temp\cc43Y6jb.s 			page 26


 140 0010 7047     		bx	lr
 141              	.L12:
 142 0012 00BF     		.align	2
 143              	.L11:
 144 0014 00200052 		.word	1375739904
 145              		.cfi_endproc
 146              	.LFE154:
 148              		.section	.text.FLASH_OB_GetWRP,"ax",%progbits
 149              		.align	1
 150              		.syntax unified
 151              		.thumb
 152              		.thumb_func
 154              	FLASH_OB_GetWRP:
 155              	.LVL5:
 156              	.LFB155:
1292:Drivers/STM32H7xx_HAL_Driver/Src/stm32h7xx_hal_flash_ex.c **** 
1293:Drivers/STM32H7xx_HAL_Driver/Src/stm32h7xx_hal_flash_ex.c **** /**
1294:Drivers/STM32H7xx_HAL_Driver/Src/stm32h7xx_hal_flash_ex.c ****   * @brief  Get the write protection of the given bank 1 or bank 2 sectors
1295:Drivers/STM32H7xx_HAL_Driver/Src/stm32h7xx_hal_flash_ex.c ****   * @param  WRPState gives the write protection state on the given bank.
1296:Drivers/STM32H7xx_HAL_Driver/Src/stm32h7xx_hal_flash_ex.c ****   *          This parameter can be one of the following values:
1297:Drivers/STM32H7xx_HAL_Driver/Src/stm32h7xx_hal_flash_ex.c ****   *          @arg WRPState: OB_WRPSTATE_DISABLE or OB_WRPSTATE_ENABLE
1298:Drivers/STM32H7xx_HAL_Driver/Src/stm32h7xx_hal_flash_ex.c **** 
1299:Drivers/STM32H7xx_HAL_Driver/Src/stm32h7xx_hal_flash_ex.c ****   * @param  WRPSector gives the write protected sector(s) on the given bank .
1300:Drivers/STM32H7xx_HAL_Driver/Src/stm32h7xx_hal_flash_ex.c ****   *          This parameter can be one of the following values:
1301:Drivers/STM32H7xx_HAL_Driver/Src/stm32h7xx_hal_flash_ex.c ****   *          @arg WRPSector: A combination of FLASH_OB_WRP_SECTOR_0 to FLASH_OB_WRP_SECTOR_7 or FLA
1302:Drivers/STM32H7xx_HAL_Driver/Src/stm32h7xx_hal_flash_ex.c ****   *
1303:Drivers/STM32H7xx_HAL_Driver/Src/stm32h7xx_hal_flash_ex.c ****   * @param  Bank the specific bank to apply WRP sectors
1304:Drivers/STM32H7xx_HAL_Driver/Src/stm32h7xx_hal_flash_ex.c ****   *          This parameter can be exclusively one of the following values:
1305:Drivers/STM32H7xx_HAL_Driver/Src/stm32h7xx_hal_flash_ex.c ****   *            @arg FLASH_BANK_1: Get bank1 WRP sectors
1306:Drivers/STM32H7xx_HAL_Driver/Src/stm32h7xx_hal_flash_ex.c ****   *            @arg FLASH_BANK_2: Get bank2 WRP sectors
1307:Drivers/STM32H7xx_HAL_Driver/Src/stm32h7xx_hal_flash_ex.c ****   *            @arg FLASH_BANK_BOTH: note allowed in this functions
1308:Drivers/STM32H7xx_HAL_Driver/Src/stm32h7xx_hal_flash_ex.c ****   *
1309:Drivers/STM32H7xx_HAL_Driver/Src/stm32h7xx_hal_flash_ex.c ****   * @retval HAL FLASH State
1310:Drivers/STM32H7xx_HAL_Driver/Src/stm32h7xx_hal_flash_ex.c ****   */
1311:Drivers/STM32H7xx_HAL_Driver/Src/stm32h7xx_hal_flash_ex.c **** static void FLASH_OB_GetWRP(uint32_t *WRPState, uint32_t *WRPSector, uint32_t Bank)
1312:Drivers/STM32H7xx_HAL_Driver/Src/stm32h7xx_hal_flash_ex.c **** {
 157              		.loc 1 1312 1 is_stmt 1 view -0
 158              		.cfi_startproc
 159              		@ args = 0, pretend = 0, frame = 0
 160              		@ frame_needed = 0, uses_anonymous_args = 0
 161              		@ link register save eliminated.
1313:Drivers/STM32H7xx_HAL_Driver/Src/stm32h7xx_hal_flash_ex.c ****   uint32_t regvalue = 0U;
 162              		.loc 1 1313 3 view .LVU36
1314:Drivers/STM32H7xx_HAL_Driver/Src/stm32h7xx_hal_flash_ex.c **** 
1315:Drivers/STM32H7xx_HAL_Driver/Src/stm32h7xx_hal_flash_ex.c ****   if(Bank == FLASH_BANK_1)
 163              		.loc 1 1315 3 view .LVU37
 164              		.loc 1 1315 5 is_stmt 0 view .LVU38
 165 0000 012A     		cmp	r2, #1
 166 0002 06D0     		beq	.L18
1313:Drivers/STM32H7xx_HAL_Driver/Src/stm32h7xx_hal_flash_ex.c ****   uint32_t regvalue = 0U;
 167              		.loc 1 1313 12 view .LVU39
 168 0004 0023     		movs	r3, #0
 169              	.LVL6:
 170              	.L14:
1316:Drivers/STM32H7xx_HAL_Driver/Src/stm32h7xx_hal_flash_ex.c ****   {
1317:Drivers/STM32H7xx_HAL_Driver/Src/stm32h7xx_hal_flash_ex.c ****     regvalue = FLASH->WPSN_CUR1;
1318:Drivers/STM32H7xx_HAL_Driver/Src/stm32h7xx_hal_flash_ex.c ****   }
ARM GAS  C:\Users\jason\AppData\Local\Temp\cc43Y6jb.s 			page 27


1319:Drivers/STM32H7xx_HAL_Driver/Src/stm32h7xx_hal_flash_ex.c **** 
1320:Drivers/STM32H7xx_HAL_Driver/Src/stm32h7xx_hal_flash_ex.c **** #if defined (DUAL_BANK)
1321:Drivers/STM32H7xx_HAL_Driver/Src/stm32h7xx_hal_flash_ex.c ****   if(Bank == FLASH_BANK_2)
1322:Drivers/STM32H7xx_HAL_Driver/Src/stm32h7xx_hal_flash_ex.c ****   {
1323:Drivers/STM32H7xx_HAL_Driver/Src/stm32h7xx_hal_flash_ex.c ****     regvalue = FLASH->WPSN_CUR2;
1324:Drivers/STM32H7xx_HAL_Driver/Src/stm32h7xx_hal_flash_ex.c ****   }
1325:Drivers/STM32H7xx_HAL_Driver/Src/stm32h7xx_hal_flash_ex.c **** #endif /* DUAL_BANK */
1326:Drivers/STM32H7xx_HAL_Driver/Src/stm32h7xx_hal_flash_ex.c **** 
1327:Drivers/STM32H7xx_HAL_Driver/Src/stm32h7xx_hal_flash_ex.c ****   (*WRPSector) = (~regvalue) & FLASH_WPSN_WRPSN;
 171              		.loc 1 1327 3 is_stmt 1 view .LVU40
 172              		.loc 1 1327 19 is_stmt 0 view .LVU41
 173 0006 DB43     		mvns	r3, r3
 174              	.LVL7:
 175              		.loc 1 1327 30 view .LVU42
 176 0008 DBB2     		uxtb	r3, r3
 177              	.LVL8:
 178              		.loc 1 1327 16 view .LVU43
 179 000a 0B60     		str	r3, [r1]
1328:Drivers/STM32H7xx_HAL_Driver/Src/stm32h7xx_hal_flash_ex.c **** 
1329:Drivers/STM32H7xx_HAL_Driver/Src/stm32h7xx_hal_flash_ex.c ****   if(*WRPSector == 0U)
 180              		.loc 1 1329 3 is_stmt 1 view .LVU44
 181              		.loc 1 1329 5 is_stmt 0 view .LVU45
 182 000c 23B9     		cbnz	r3, .L15
1330:Drivers/STM32H7xx_HAL_Driver/Src/stm32h7xx_hal_flash_ex.c ****   {
1331:Drivers/STM32H7xx_HAL_Driver/Src/stm32h7xx_hal_flash_ex.c ****     (*WRPState) = OB_WRPSTATE_DISABLE;
 183              		.loc 1 1331 5 is_stmt 1 view .LVU46
 184              		.loc 1 1331 17 is_stmt 0 view .LVU47
 185 000e 0360     		str	r3, [r0]
 186 0010 7047     		bx	lr
 187              	.LVL9:
 188              	.L18:
1317:Drivers/STM32H7xx_HAL_Driver/Src/stm32h7xx_hal_flash_ex.c ****   }
 189              		.loc 1 1317 5 is_stmt 1 view .LVU48
1317:Drivers/STM32H7xx_HAL_Driver/Src/stm32h7xx_hal_flash_ex.c ****   }
 190              		.loc 1 1317 14 is_stmt 0 view .LVU49
 191 0012 034B     		ldr	r3, .L19
 192 0014 9B6B     		ldr	r3, [r3, #56]
 193              	.LVL10:
1317:Drivers/STM32H7xx_HAL_Driver/Src/stm32h7xx_hal_flash_ex.c ****   }
 194              		.loc 1 1317 14 view .LVU50
 195 0016 F6E7     		b	.L14
 196              	.LVL11:
 197              	.L15:
1332:Drivers/STM32H7xx_HAL_Driver/Src/stm32h7xx_hal_flash_ex.c ****   }
1333:Drivers/STM32H7xx_HAL_Driver/Src/stm32h7xx_hal_flash_ex.c ****   else
1334:Drivers/STM32H7xx_HAL_Driver/Src/stm32h7xx_hal_flash_ex.c ****   {
1335:Drivers/STM32H7xx_HAL_Driver/Src/stm32h7xx_hal_flash_ex.c ****     (*WRPState) = OB_WRPSTATE_ENABLE;
 198              		.loc 1 1335 5 is_stmt 1 view .LVU51
 199              		.loc 1 1335 17 is_stmt 0 view .LVU52
 200 0018 0123     		movs	r3, #1
 201 001a 0360     		str	r3, [r0]
1336:Drivers/STM32H7xx_HAL_Driver/Src/stm32h7xx_hal_flash_ex.c ****   }
1337:Drivers/STM32H7xx_HAL_Driver/Src/stm32h7xx_hal_flash_ex.c **** }
 202              		.loc 1 1337 1 view .LVU53
 203 001c 7047     		bx	lr
 204              	.L20:
 205 001e 00BF     		.align	2
ARM GAS  C:\Users\jason\AppData\Local\Temp\cc43Y6jb.s 			page 28


 206              	.L19:
 207 0020 00200052 		.word	1375739904
 208              		.cfi_endproc
 209              	.LFE155:
 211              		.section	.text.FLASH_OB_RDPConfig,"ax",%progbits
 212              		.align	1
 213              		.syntax unified
 214              		.thumb
 215              		.thumb_func
 217              	FLASH_OB_RDPConfig:
 218              	.LVL12:
 219              	.LFB156:
1338:Drivers/STM32H7xx_HAL_Driver/Src/stm32h7xx_hal_flash_ex.c **** 
1339:Drivers/STM32H7xx_HAL_Driver/Src/stm32h7xx_hal_flash_ex.c **** /**
1340:Drivers/STM32H7xx_HAL_Driver/Src/stm32h7xx_hal_flash_ex.c ****   * @brief  Set the read protection level.
1341:Drivers/STM32H7xx_HAL_Driver/Src/stm32h7xx_hal_flash_ex.c ****   *
1342:Drivers/STM32H7xx_HAL_Driver/Src/stm32h7xx_hal_flash_ex.c ****   * @note   To configure the RDP level, the option lock bit OPTLOCK must be
1343:Drivers/STM32H7xx_HAL_Driver/Src/stm32h7xx_hal_flash_ex.c ****   *         cleared with the call of the HAL_FLASH_OB_Unlock() function.
1344:Drivers/STM32H7xx_HAL_Driver/Src/stm32h7xx_hal_flash_ex.c ****   * @note   To validate the RDP level, the option bytes must be reloaded
1345:Drivers/STM32H7xx_HAL_Driver/Src/stm32h7xx_hal_flash_ex.c ****   *         through the call of the HAL_FLASH_OB_Launch() function.
1346:Drivers/STM32H7xx_HAL_Driver/Src/stm32h7xx_hal_flash_ex.c ****   * @note   !!! Warning : When enabling OB_RDP level 2 it's no more possible
1347:Drivers/STM32H7xx_HAL_Driver/Src/stm32h7xx_hal_flash_ex.c ****   *         to go back to level 1 or 0 !!!
1348:Drivers/STM32H7xx_HAL_Driver/Src/stm32h7xx_hal_flash_ex.c ****   *
1349:Drivers/STM32H7xx_HAL_Driver/Src/stm32h7xx_hal_flash_ex.c ****   * @param  RDPLevel specifies the read protection level.
1350:Drivers/STM32H7xx_HAL_Driver/Src/stm32h7xx_hal_flash_ex.c ****   *         This parameter can be one of the following values:
1351:Drivers/STM32H7xx_HAL_Driver/Src/stm32h7xx_hal_flash_ex.c ****   *            @arg OB_RDP_LEVEL_0: No protection
1352:Drivers/STM32H7xx_HAL_Driver/Src/stm32h7xx_hal_flash_ex.c ****   *            @arg OB_RDP_LEVEL_1: Read protection of the memory
1353:Drivers/STM32H7xx_HAL_Driver/Src/stm32h7xx_hal_flash_ex.c ****   *            @arg OB_RDP_LEVEL_2: Full chip protection
1354:Drivers/STM32H7xx_HAL_Driver/Src/stm32h7xx_hal_flash_ex.c ****   *
1355:Drivers/STM32H7xx_HAL_Driver/Src/stm32h7xx_hal_flash_ex.c ****   * @retval HAL status
1356:Drivers/STM32H7xx_HAL_Driver/Src/stm32h7xx_hal_flash_ex.c ****   */
1357:Drivers/STM32H7xx_HAL_Driver/Src/stm32h7xx_hal_flash_ex.c **** static void FLASH_OB_RDPConfig(uint32_t RDPLevel)
1358:Drivers/STM32H7xx_HAL_Driver/Src/stm32h7xx_hal_flash_ex.c **** {
 220              		.loc 1 1358 1 is_stmt 1 view -0
 221              		.cfi_startproc
 222              		@ args = 0, pretend = 0, frame = 0
 223              		@ frame_needed = 0, uses_anonymous_args = 0
 224              		@ link register save eliminated.
1359:Drivers/STM32H7xx_HAL_Driver/Src/stm32h7xx_hal_flash_ex.c ****   /* Check the parameters */
1360:Drivers/STM32H7xx_HAL_Driver/Src/stm32h7xx_hal_flash_ex.c ****   assert_param(IS_OB_RDP_LEVEL(RDPLevel));
 225              		.loc 1 1360 3 view .LVU55
1361:Drivers/STM32H7xx_HAL_Driver/Src/stm32h7xx_hal_flash_ex.c **** 
1362:Drivers/STM32H7xx_HAL_Driver/Src/stm32h7xx_hal_flash_ex.c ****   /* Configure the RDP level in the option bytes register */
1363:Drivers/STM32H7xx_HAL_Driver/Src/stm32h7xx_hal_flash_ex.c ****   MODIFY_REG(FLASH->OPTSR_PRG, FLASH_OPTSR_RDP, RDPLevel);
 226              		.loc 1 1363 3 view .LVU56
 227 0000 034A     		ldr	r2, .L22
 228 0002 136A     		ldr	r3, [r2, #32]
 229 0004 23F47F43 		bic	r3, r3, #65280
 230 0008 0343     		orrs	r3, r3, r0
 231 000a 1362     		str	r3, [r2, #32]
1364:Drivers/STM32H7xx_HAL_Driver/Src/stm32h7xx_hal_flash_ex.c **** }
 232              		.loc 1 1364 1 is_stmt 0 view .LVU57
 233 000c 7047     		bx	lr
 234              	.L23:
 235 000e 00BF     		.align	2
 236              	.L22:
 237 0010 00200052 		.word	1375739904
ARM GAS  C:\Users\jason\AppData\Local\Temp\cc43Y6jb.s 			page 29


 238              		.cfi_endproc
 239              	.LFE156:
 241              		.section	.text.FLASH_OB_GetRDP,"ax",%progbits
 242              		.align	1
 243              		.syntax unified
 244              		.thumb
 245              		.thumb_func
 247              	FLASH_OB_GetRDP:
 248              	.LFB157:
1365:Drivers/STM32H7xx_HAL_Driver/Src/stm32h7xx_hal_flash_ex.c **** 
1366:Drivers/STM32H7xx_HAL_Driver/Src/stm32h7xx_hal_flash_ex.c **** /**
1367:Drivers/STM32H7xx_HAL_Driver/Src/stm32h7xx_hal_flash_ex.c ****   * @brief  Get the read protection level.
1368:Drivers/STM32H7xx_HAL_Driver/Src/stm32h7xx_hal_flash_ex.c ****   * @retval RDPLevel specifies the read protection level.
1369:Drivers/STM32H7xx_HAL_Driver/Src/stm32h7xx_hal_flash_ex.c ****   *         This return value can be one of the following values:
1370:Drivers/STM32H7xx_HAL_Driver/Src/stm32h7xx_hal_flash_ex.c ****   *            @arg OB_RDP_LEVEL_0: No protection
1371:Drivers/STM32H7xx_HAL_Driver/Src/stm32h7xx_hal_flash_ex.c ****   *            @arg OB_RDP_LEVEL_1: Read protection of the memory
1372:Drivers/STM32H7xx_HAL_Driver/Src/stm32h7xx_hal_flash_ex.c ****   *            @arg OB_RDP_LEVEL_2: Full chip protection
1373:Drivers/STM32H7xx_HAL_Driver/Src/stm32h7xx_hal_flash_ex.c ****   */
1374:Drivers/STM32H7xx_HAL_Driver/Src/stm32h7xx_hal_flash_ex.c **** static uint32_t FLASH_OB_GetRDP(void)
1375:Drivers/STM32H7xx_HAL_Driver/Src/stm32h7xx_hal_flash_ex.c **** {
 249              		.loc 1 1375 1 is_stmt 1 view -0
 250              		.cfi_startproc
 251              		@ args = 0, pretend = 0, frame = 0
 252              		@ frame_needed = 0, uses_anonymous_args = 0
 253              		@ link register save eliminated.
1376:Drivers/STM32H7xx_HAL_Driver/Src/stm32h7xx_hal_flash_ex.c ****   uint32_t rdp_level = READ_BIT(FLASH->OPTSR_CUR, FLASH_OPTSR_RDP);
 254              		.loc 1 1376 3 view .LVU59
 255              		.loc 1 1376 24 is_stmt 0 view .LVU60
 256 0000 064B     		ldr	r3, .L27
 257 0002 D869     		ldr	r0, [r3, #28]
 258              		.loc 1 1376 12 view .LVU61
 259 0004 00F47F40 		and	r0, r0, #65280
 260              	.LVL13:
1377:Drivers/STM32H7xx_HAL_Driver/Src/stm32h7xx_hal_flash_ex.c ****   
1378:Drivers/STM32H7xx_HAL_Driver/Src/stm32h7xx_hal_flash_ex.c ****   if ((rdp_level != OB_RDP_LEVEL_0) && (rdp_level != OB_RDP_LEVEL_2))
 261              		.loc 1 1378 3 is_stmt 1 view .LVU62
 262              		.loc 1 1378 6 is_stmt 0 view .LVU63
 263 0008 B0F52A4F 		cmp	r0, #43520
 264 000c 18BF     		it	ne
 265 000e B0F54C4F 		cmpne	r0, #52224
 266 0012 00D1     		bne	.L26
 267              	.LVL14:
 268              	.L24:
1379:Drivers/STM32H7xx_HAL_Driver/Src/stm32h7xx_hal_flash_ex.c ****   {
1380:Drivers/STM32H7xx_HAL_Driver/Src/stm32h7xx_hal_flash_ex.c ****     return (OB_RDP_LEVEL_1);
1381:Drivers/STM32H7xx_HAL_Driver/Src/stm32h7xx_hal_flash_ex.c ****   }
1382:Drivers/STM32H7xx_HAL_Driver/Src/stm32h7xx_hal_flash_ex.c ****   else
1383:Drivers/STM32H7xx_HAL_Driver/Src/stm32h7xx_hal_flash_ex.c ****   {
1384:Drivers/STM32H7xx_HAL_Driver/Src/stm32h7xx_hal_flash_ex.c ****     return rdp_level;
1385:Drivers/STM32H7xx_HAL_Driver/Src/stm32h7xx_hal_flash_ex.c ****   }
1386:Drivers/STM32H7xx_HAL_Driver/Src/stm32h7xx_hal_flash_ex.c **** }
 269              		.loc 1 1386 1 view .LVU64
 270 0014 7047     		bx	lr
 271              	.LVL15:
 272              	.L26:
1380:Drivers/STM32H7xx_HAL_Driver/Src/stm32h7xx_hal_flash_ex.c ****   }
 273              		.loc 1 1380 12 view .LVU65
ARM GAS  C:\Users\jason\AppData\Local\Temp\cc43Y6jb.s 			page 30


 274 0016 4FF4AA40 		mov	r0, #21760
 275              	.LVL16:
1380:Drivers/STM32H7xx_HAL_Driver/Src/stm32h7xx_hal_flash_ex.c ****   }
 276              		.loc 1 1380 12 view .LVU66
 277 001a FBE7     		b	.L24
 278              	.L28:
 279              		.align	2
 280              	.L27:
 281 001c 00200052 		.word	1375739904
 282              		.cfi_endproc
 283              	.LFE157:
 285              		.section	.text.FLASH_OB_UserConfig,"ax",%progbits
 286              		.align	1
 287              		.syntax unified
 288              		.thumb
 289              		.thumb_func
 291              	FLASH_OB_UserConfig:
 292              	.LVL17:
 293              	.LFB158:
1387:Drivers/STM32H7xx_HAL_Driver/Src/stm32h7xx_hal_flash_ex.c **** 
1388:Drivers/STM32H7xx_HAL_Driver/Src/stm32h7xx_hal_flash_ex.c **** #if defined(DUAL_CORE)
1389:Drivers/STM32H7xx_HAL_Driver/Src/stm32h7xx_hal_flash_ex.c **** /**
1390:Drivers/STM32H7xx_HAL_Driver/Src/stm32h7xx_hal_flash_ex.c ****   * @brief  Program the FLASH User Option Byte.
1391:Drivers/STM32H7xx_HAL_Driver/Src/stm32h7xx_hal_flash_ex.c ****   *
1392:Drivers/STM32H7xx_HAL_Driver/Src/stm32h7xx_hal_flash_ex.c ****   * @note   To configure the user option bytes, the option lock bit OPTLOCK must
1393:Drivers/STM32H7xx_HAL_Driver/Src/stm32h7xx_hal_flash_ex.c ****   *         be cleared with the call of the HAL_FLASH_OB_Unlock() function.
1394:Drivers/STM32H7xx_HAL_Driver/Src/stm32h7xx_hal_flash_ex.c ****   *
1395:Drivers/STM32H7xx_HAL_Driver/Src/stm32h7xx_hal_flash_ex.c ****   * @note   To validate the user option bytes, the option bytes must be reloaded
1396:Drivers/STM32H7xx_HAL_Driver/Src/stm32h7xx_hal_flash_ex.c ****   *         through the call of the HAL_FLASH_OB_Launch() function.
1397:Drivers/STM32H7xx_HAL_Driver/Src/stm32h7xx_hal_flash_ex.c ****   *
1398:Drivers/STM32H7xx_HAL_Driver/Src/stm32h7xx_hal_flash_ex.c ****   * @param  UserType The FLASH User Option Bytes to be modified :
1399:Drivers/STM32H7xx_HAL_Driver/Src/stm32h7xx_hal_flash_ex.c ****   *                   a combination of @ref FLASHEx_OB_USER_Type
1400:Drivers/STM32H7xx_HAL_Driver/Src/stm32h7xx_hal_flash_ex.c ****   *
1401:Drivers/STM32H7xx_HAL_Driver/Src/stm32h7xx_hal_flash_ex.c ****   * @param  UserConfig The FLASH User Option Bytes values:
1402:Drivers/STM32H7xx_HAL_Driver/Src/stm32h7xx_hal_flash_ex.c ****   *         IWDG1_SW(Bit4), IWDG2_SW(Bit 5), nRST_STOP_D1(Bit 6), nRST_STDY_D1(Bit 7),
1403:Drivers/STM32H7xx_HAL_Driver/Src/stm32h7xx_hal_flash_ex.c ****   *         FZ_IWDG_STOP(Bit 17), FZ_IWDG_SDBY(Bit 18), ST_RAM_SIZE(Bit[19:20]),
1404:Drivers/STM32H7xx_HAL_Driver/Src/stm32h7xx_hal_flash_ex.c ****   *         SECURITY(Bit 21), BCM4(Bit 22), BCM7(Bit 23), nRST_STOP_D2(Bit 24),
1405:Drivers/STM32H7xx_HAL_Driver/Src/stm32h7xx_hal_flash_ex.c ****   *         nRST_STDY_D2(Bit 25), IO_HSLV (Bit 29) and SWAP_BANK_OPT(Bit 31).
1406:Drivers/STM32H7xx_HAL_Driver/Src/stm32h7xx_hal_flash_ex.c ****   *
1407:Drivers/STM32H7xx_HAL_Driver/Src/stm32h7xx_hal_flash_ex.c ****   * @retval HAL status
1408:Drivers/STM32H7xx_HAL_Driver/Src/stm32h7xx_hal_flash_ex.c ****   */
1409:Drivers/STM32H7xx_HAL_Driver/Src/stm32h7xx_hal_flash_ex.c **** #else
1410:Drivers/STM32H7xx_HAL_Driver/Src/stm32h7xx_hal_flash_ex.c **** /**
1411:Drivers/STM32H7xx_HAL_Driver/Src/stm32h7xx_hal_flash_ex.c ****   * @brief  Program the FLASH User Option Byte.
1412:Drivers/STM32H7xx_HAL_Driver/Src/stm32h7xx_hal_flash_ex.c ****   *
1413:Drivers/STM32H7xx_HAL_Driver/Src/stm32h7xx_hal_flash_ex.c ****   * @note   To configure the user option bytes, the option lock bit OPTLOCK must
1414:Drivers/STM32H7xx_HAL_Driver/Src/stm32h7xx_hal_flash_ex.c ****   *         be cleared with the call of the HAL_FLASH_OB_Unlock() function.
1415:Drivers/STM32H7xx_HAL_Driver/Src/stm32h7xx_hal_flash_ex.c ****   *
1416:Drivers/STM32H7xx_HAL_Driver/Src/stm32h7xx_hal_flash_ex.c ****   * @note   To validate the user option bytes, the option bytes must be reloaded
1417:Drivers/STM32H7xx_HAL_Driver/Src/stm32h7xx_hal_flash_ex.c ****   *         through the call of the HAL_FLASH_OB_Launch() function.
1418:Drivers/STM32H7xx_HAL_Driver/Src/stm32h7xx_hal_flash_ex.c ****   *
1419:Drivers/STM32H7xx_HAL_Driver/Src/stm32h7xx_hal_flash_ex.c ****   * @param  UserType The FLASH User Option Bytes to be modified :
1420:Drivers/STM32H7xx_HAL_Driver/Src/stm32h7xx_hal_flash_ex.c ****   *                   a combination of @arg FLASHEx_OB_USER_Type
1421:Drivers/STM32H7xx_HAL_Driver/Src/stm32h7xx_hal_flash_ex.c ****   *
1422:Drivers/STM32H7xx_HAL_Driver/Src/stm32h7xx_hal_flash_ex.c ****   * @param  UserConfig The FLASH User Option Bytes values:
1423:Drivers/STM32H7xx_HAL_Driver/Src/stm32h7xx_hal_flash_ex.c ****   *         IWDG_SW(Bit4), nRST_STOP_D1(Bit 6), nRST_STDY_D1(Bit 7),
1424:Drivers/STM32H7xx_HAL_Driver/Src/stm32h7xx_hal_flash_ex.c ****   *         FZ_IWDG_STOP(Bit 17), FZ_IWDG_SDBY(Bit 18), ST_RAM_SIZE(Bit[19:20]),
ARM GAS  C:\Users\jason\AppData\Local\Temp\cc43Y6jb.s 			page 31


1425:Drivers/STM32H7xx_HAL_Driver/Src/stm32h7xx_hal_flash_ex.c ****   *         SECURITY(Bit 21), IO_HSLV (Bit 29) and SWAP_BANK_OPT(Bit 31).
1426:Drivers/STM32H7xx_HAL_Driver/Src/stm32h7xx_hal_flash_ex.c ****   *
1427:Drivers/STM32H7xx_HAL_Driver/Src/stm32h7xx_hal_flash_ex.c ****   * @retval HAL status
1428:Drivers/STM32H7xx_HAL_Driver/Src/stm32h7xx_hal_flash_ex.c ****   */
1429:Drivers/STM32H7xx_HAL_Driver/Src/stm32h7xx_hal_flash_ex.c **** #endif /*DUAL_CORE*/
1430:Drivers/STM32H7xx_HAL_Driver/Src/stm32h7xx_hal_flash_ex.c **** static void FLASH_OB_UserConfig(uint32_t UserType, uint32_t UserConfig)
1431:Drivers/STM32H7xx_HAL_Driver/Src/stm32h7xx_hal_flash_ex.c **** {
 294              		.loc 1 1431 1 is_stmt 1 view -0
 295              		.cfi_startproc
 296              		@ args = 0, pretend = 0, frame = 0
 297              		@ frame_needed = 0, uses_anonymous_args = 0
 298              		@ link register save eliminated.
1432:Drivers/STM32H7xx_HAL_Driver/Src/stm32h7xx_hal_flash_ex.c ****   uint32_t optr_reg_val = 0;
 299              		.loc 1 1432 3 view .LVU68
1433:Drivers/STM32H7xx_HAL_Driver/Src/stm32h7xx_hal_flash_ex.c ****   uint32_t optr_reg_mask = 0;
 300              		.loc 1 1433 3 view .LVU69
1434:Drivers/STM32H7xx_HAL_Driver/Src/stm32h7xx_hal_flash_ex.c **** 
1435:Drivers/STM32H7xx_HAL_Driver/Src/stm32h7xx_hal_flash_ex.c ****   /* Check the parameters */
1436:Drivers/STM32H7xx_HAL_Driver/Src/stm32h7xx_hal_flash_ex.c ****   assert_param(IS_OB_USER_TYPE(UserType));
 301              		.loc 1 1436 3 view .LVU70
1437:Drivers/STM32H7xx_HAL_Driver/Src/stm32h7xx_hal_flash_ex.c **** 
1438:Drivers/STM32H7xx_HAL_Driver/Src/stm32h7xx_hal_flash_ex.c ****   if((UserType & OB_USER_IWDG1_SW) != 0U)
 302              		.loc 1 1438 3 view .LVU71
 303              		.loc 1 1438 5 is_stmt 0 view .LVU72
 304 0000 10F00103 		ands	r3, r0, #1
 305 0004 47D0     		beq	.L38
1439:Drivers/STM32H7xx_HAL_Driver/Src/stm32h7xx_hal_flash_ex.c ****   {
1440:Drivers/STM32H7xx_HAL_Driver/Src/stm32h7xx_hal_flash_ex.c ****     /* IWDG_HW option byte should be modified */
1441:Drivers/STM32H7xx_HAL_Driver/Src/stm32h7xx_hal_flash_ex.c ****     assert_param(IS_OB_IWDG1_SOURCE(UserConfig & FLASH_OPTSR_IWDG1_SW));
 306              		.loc 1 1441 5 is_stmt 1 view .LVU73
1442:Drivers/STM32H7xx_HAL_Driver/Src/stm32h7xx_hal_flash_ex.c **** 
1443:Drivers/STM32H7xx_HAL_Driver/Src/stm32h7xx_hal_flash_ex.c ****     /* Set value and mask for IWDG_HW option byte */
1444:Drivers/STM32H7xx_HAL_Driver/Src/stm32h7xx_hal_flash_ex.c ****     optr_reg_val |= (UserConfig & FLASH_OPTSR_IWDG1_SW);
 307              		.loc 1 1444 5 view .LVU74
 308              		.loc 1 1444 33 is_stmt 0 view .LVU75
 309 0006 01F01003 		and	r3, r1, #16
 310              	.LVL18:
1445:Drivers/STM32H7xx_HAL_Driver/Src/stm32h7xx_hal_flash_ex.c ****     optr_reg_mask |= FLASH_OPTSR_IWDG1_SW;
 311              		.loc 1 1445 5 is_stmt 1 view .LVU76
 312              		.loc 1 1445 19 is_stmt 0 view .LVU77
 313 000a 1022     		movs	r2, #16
 314              	.LVL19:
 315              	.L30:
1446:Drivers/STM32H7xx_HAL_Driver/Src/stm32h7xx_hal_flash_ex.c ****   }
1447:Drivers/STM32H7xx_HAL_Driver/Src/stm32h7xx_hal_flash_ex.c **** #if defined(DUAL_CORE)
1448:Drivers/STM32H7xx_HAL_Driver/Src/stm32h7xx_hal_flash_ex.c ****   if((UserType & OB_USER_IWDG2_SW) != 0U)
1449:Drivers/STM32H7xx_HAL_Driver/Src/stm32h7xx_hal_flash_ex.c ****   {
1450:Drivers/STM32H7xx_HAL_Driver/Src/stm32h7xx_hal_flash_ex.c ****     /* IWDG2_SW option byte should be modified */
1451:Drivers/STM32H7xx_HAL_Driver/Src/stm32h7xx_hal_flash_ex.c ****     assert_param(IS_OB_IWDG2_SOURCE(UserConfig & FLASH_OPTSR_IWDG2_SW));
1452:Drivers/STM32H7xx_HAL_Driver/Src/stm32h7xx_hal_flash_ex.c **** 
1453:Drivers/STM32H7xx_HAL_Driver/Src/stm32h7xx_hal_flash_ex.c ****     /* Set value and mask for IWDG2_SW option byte */
1454:Drivers/STM32H7xx_HAL_Driver/Src/stm32h7xx_hal_flash_ex.c ****     optr_reg_val |= (UserConfig & FLASH_OPTSR_IWDG2_SW);
1455:Drivers/STM32H7xx_HAL_Driver/Src/stm32h7xx_hal_flash_ex.c ****     optr_reg_mask |= FLASH_OPTSR_IWDG2_SW;
1456:Drivers/STM32H7xx_HAL_Driver/Src/stm32h7xx_hal_flash_ex.c ****   }
1457:Drivers/STM32H7xx_HAL_Driver/Src/stm32h7xx_hal_flash_ex.c **** #endif /*DUAL_CORE*/
1458:Drivers/STM32H7xx_HAL_Driver/Src/stm32h7xx_hal_flash_ex.c ****   if((UserType & OB_USER_NRST_STOP_D1) != 0U)
 316              		.loc 1 1458 3 is_stmt 1 view .LVU78
ARM GAS  C:\Users\jason\AppData\Local\Temp\cc43Y6jb.s 			page 32


 317              		.loc 1 1458 5 is_stmt 0 view .LVU79
 318 000c 10F0020F 		tst	r0, #2
 319 0010 05D0     		beq	.L31
1459:Drivers/STM32H7xx_HAL_Driver/Src/stm32h7xx_hal_flash_ex.c ****   {
1460:Drivers/STM32H7xx_HAL_Driver/Src/stm32h7xx_hal_flash_ex.c ****     /* NRST_STOP option byte should be modified */
1461:Drivers/STM32H7xx_HAL_Driver/Src/stm32h7xx_hal_flash_ex.c ****     assert_param(IS_OB_STOP_D1_RESET(UserConfig & FLASH_OPTSR_NRST_STOP_D1));
 320              		.loc 1 1461 5 is_stmt 1 view .LVU80
1462:Drivers/STM32H7xx_HAL_Driver/Src/stm32h7xx_hal_flash_ex.c **** 
1463:Drivers/STM32H7xx_HAL_Driver/Src/stm32h7xx_hal_flash_ex.c ****     /* Set value and mask for NRST_STOP option byte */
1464:Drivers/STM32H7xx_HAL_Driver/Src/stm32h7xx_hal_flash_ex.c ****     optr_reg_val |= (UserConfig & FLASH_OPTSR_NRST_STOP_D1);
 321              		.loc 1 1464 5 view .LVU81
 322              		.loc 1 1464 33 is_stmt 0 view .LVU82
 323 0012 01F0400C 		and	ip, r1, #64
 324              		.loc 1 1464 18 view .LVU83
 325 0016 43EA0C03 		orr	r3, r3, ip
 326              	.LVL20:
1465:Drivers/STM32H7xx_HAL_Driver/Src/stm32h7xx_hal_flash_ex.c ****     optr_reg_mask |= FLASH_OPTSR_NRST_STOP_D1;
 327              		.loc 1 1465 5 is_stmt 1 view .LVU84
 328              		.loc 1 1465 19 is_stmt 0 view .LVU85
 329 001a 42F04002 		orr	r2, r2, #64
 330              	.LVL21:
 331              	.L31:
1466:Drivers/STM32H7xx_HAL_Driver/Src/stm32h7xx_hal_flash_ex.c ****   }
1467:Drivers/STM32H7xx_HAL_Driver/Src/stm32h7xx_hal_flash_ex.c **** 
1468:Drivers/STM32H7xx_HAL_Driver/Src/stm32h7xx_hal_flash_ex.c ****   if((UserType & OB_USER_NRST_STDBY_D1) != 0U)
 332              		.loc 1 1468 3 is_stmt 1 view .LVU86
 333              		.loc 1 1468 5 is_stmt 0 view .LVU87
 334 001e 10F0040F 		tst	r0, #4
 335 0022 05D0     		beq	.L32
1469:Drivers/STM32H7xx_HAL_Driver/Src/stm32h7xx_hal_flash_ex.c ****   {
1470:Drivers/STM32H7xx_HAL_Driver/Src/stm32h7xx_hal_flash_ex.c ****     /* NRST_STDBY option byte should be modified */
1471:Drivers/STM32H7xx_HAL_Driver/Src/stm32h7xx_hal_flash_ex.c ****     assert_param(IS_OB_STDBY_D1_RESET(UserConfig & FLASH_OPTSR_NRST_STBY_D1));
 336              		.loc 1 1471 5 is_stmt 1 view .LVU88
1472:Drivers/STM32H7xx_HAL_Driver/Src/stm32h7xx_hal_flash_ex.c **** 
1473:Drivers/STM32H7xx_HAL_Driver/Src/stm32h7xx_hal_flash_ex.c ****     /* Set value and mask for NRST_STDBY option byte */
1474:Drivers/STM32H7xx_HAL_Driver/Src/stm32h7xx_hal_flash_ex.c ****     optr_reg_val |= (UserConfig & FLASH_OPTSR_NRST_STBY_D1);
 337              		.loc 1 1474 5 view .LVU89
 338              		.loc 1 1474 33 is_stmt 0 view .LVU90
 339 0024 01F0800C 		and	ip, r1, #128
 340              		.loc 1 1474 18 view .LVU91
 341 0028 43EA0C03 		orr	r3, r3, ip
 342              	.LVL22:
1475:Drivers/STM32H7xx_HAL_Driver/Src/stm32h7xx_hal_flash_ex.c ****     optr_reg_mask |= FLASH_OPTSR_NRST_STBY_D1;
 343              		.loc 1 1475 5 is_stmt 1 view .LVU92
 344              		.loc 1 1475 19 is_stmt 0 view .LVU93
 345 002c 42F08002 		orr	r2, r2, #128
 346              	.LVL23:
 347              	.L32:
1476:Drivers/STM32H7xx_HAL_Driver/Src/stm32h7xx_hal_flash_ex.c ****   }
1477:Drivers/STM32H7xx_HAL_Driver/Src/stm32h7xx_hal_flash_ex.c **** 
1478:Drivers/STM32H7xx_HAL_Driver/Src/stm32h7xx_hal_flash_ex.c ****   if((UserType & OB_USER_IWDG_STOP) != 0U)
 348              		.loc 1 1478 3 is_stmt 1 view .LVU94
 349              		.loc 1 1478 5 is_stmt 0 view .LVU95
 350 0030 10F0080F 		tst	r0, #8
 351 0034 05D0     		beq	.L33
1479:Drivers/STM32H7xx_HAL_Driver/Src/stm32h7xx_hal_flash_ex.c ****   {
1480:Drivers/STM32H7xx_HAL_Driver/Src/stm32h7xx_hal_flash_ex.c ****     /* IWDG_STOP option byte should be modified */
ARM GAS  C:\Users\jason\AppData\Local\Temp\cc43Y6jb.s 			page 33


1481:Drivers/STM32H7xx_HAL_Driver/Src/stm32h7xx_hal_flash_ex.c ****     assert_param(IS_OB_USER_IWDG_STOP(UserConfig & FLASH_OPTSR_FZ_IWDG_STOP));
 352              		.loc 1 1481 5 is_stmt 1 view .LVU96
1482:Drivers/STM32H7xx_HAL_Driver/Src/stm32h7xx_hal_flash_ex.c **** 
1483:Drivers/STM32H7xx_HAL_Driver/Src/stm32h7xx_hal_flash_ex.c ****     /* Set value and mask for IWDG_STOP option byte */
1484:Drivers/STM32H7xx_HAL_Driver/Src/stm32h7xx_hal_flash_ex.c ****     optr_reg_val |= (UserConfig & FLASH_OPTSR_FZ_IWDG_STOP);
 353              		.loc 1 1484 5 view .LVU97
 354              		.loc 1 1484 33 is_stmt 0 view .LVU98
 355 0036 01F4003C 		and	ip, r1, #131072
 356              		.loc 1 1484 18 view .LVU99
 357 003a 43EA0C03 		orr	r3, r3, ip
 358              	.LVL24:
1485:Drivers/STM32H7xx_HAL_Driver/Src/stm32h7xx_hal_flash_ex.c ****     optr_reg_mask |= FLASH_OPTSR_FZ_IWDG_STOP;
 359              		.loc 1 1485 5 is_stmt 1 view .LVU100
 360              		.loc 1 1485 19 is_stmt 0 view .LVU101
 361 003e 42F40032 		orr	r2, r2, #131072
 362              	.LVL25:
 363              	.L33:
1486:Drivers/STM32H7xx_HAL_Driver/Src/stm32h7xx_hal_flash_ex.c ****   }
1487:Drivers/STM32H7xx_HAL_Driver/Src/stm32h7xx_hal_flash_ex.c **** 
1488:Drivers/STM32H7xx_HAL_Driver/Src/stm32h7xx_hal_flash_ex.c ****   if((UserType & OB_USER_IWDG_STDBY) != 0U)
 364              		.loc 1 1488 3 is_stmt 1 view .LVU102
 365              		.loc 1 1488 5 is_stmt 0 view .LVU103
 366 0042 10F0100F 		tst	r0, #16
 367 0046 05D0     		beq	.L34
1489:Drivers/STM32H7xx_HAL_Driver/Src/stm32h7xx_hal_flash_ex.c ****   {
1490:Drivers/STM32H7xx_HAL_Driver/Src/stm32h7xx_hal_flash_ex.c ****     /* IWDG_STDBY option byte should be modified */
1491:Drivers/STM32H7xx_HAL_Driver/Src/stm32h7xx_hal_flash_ex.c ****     assert_param(IS_OB_USER_IWDG_STDBY(UserConfig & FLASH_OPTSR_FZ_IWDG_SDBY));
 368              		.loc 1 1491 5 is_stmt 1 view .LVU104
1492:Drivers/STM32H7xx_HAL_Driver/Src/stm32h7xx_hal_flash_ex.c **** 
1493:Drivers/STM32H7xx_HAL_Driver/Src/stm32h7xx_hal_flash_ex.c ****     /* Set value and mask for IWDG_STDBY option byte */
1494:Drivers/STM32H7xx_HAL_Driver/Src/stm32h7xx_hal_flash_ex.c ****     optr_reg_val |= (UserConfig & FLASH_OPTSR_FZ_IWDG_SDBY);
 369              		.loc 1 1494 5 view .LVU105
 370              		.loc 1 1494 33 is_stmt 0 view .LVU106
 371 0048 01F4802C 		and	ip, r1, #262144
 372              		.loc 1 1494 18 view .LVU107
 373 004c 43EA0C03 		orr	r3, r3, ip
 374              	.LVL26:
1495:Drivers/STM32H7xx_HAL_Driver/Src/stm32h7xx_hal_flash_ex.c ****     optr_reg_mask |= FLASH_OPTSR_FZ_IWDG_SDBY;
 375              		.loc 1 1495 5 is_stmt 1 view .LVU108
 376              		.loc 1 1495 19 is_stmt 0 view .LVU109
 377 0050 42F48022 		orr	r2, r2, #262144
 378              	.LVL27:
 379              	.L34:
1496:Drivers/STM32H7xx_HAL_Driver/Src/stm32h7xx_hal_flash_ex.c ****   }
1497:Drivers/STM32H7xx_HAL_Driver/Src/stm32h7xx_hal_flash_ex.c **** 
1498:Drivers/STM32H7xx_HAL_Driver/Src/stm32h7xx_hal_flash_ex.c ****   if((UserType & OB_USER_ST_RAM_SIZE) != 0U)
 380              		.loc 1 1498 3 is_stmt 1 view .LVU110
 381              		.loc 1 1498 5 is_stmt 0 view .LVU111
 382 0054 10F0200F 		tst	r0, #32
 383 0058 05D0     		beq	.L35
1499:Drivers/STM32H7xx_HAL_Driver/Src/stm32h7xx_hal_flash_ex.c ****   {
1500:Drivers/STM32H7xx_HAL_Driver/Src/stm32h7xx_hal_flash_ex.c ****     /* ST_RAM_SIZE option byte should be modified */
1501:Drivers/STM32H7xx_HAL_Driver/Src/stm32h7xx_hal_flash_ex.c ****     assert_param(IS_OB_USER_ST_RAM_SIZE(UserConfig & FLASH_OPTSR_ST_RAM_SIZE));
 384              		.loc 1 1501 5 is_stmt 1 view .LVU112
1502:Drivers/STM32H7xx_HAL_Driver/Src/stm32h7xx_hal_flash_ex.c **** 
1503:Drivers/STM32H7xx_HAL_Driver/Src/stm32h7xx_hal_flash_ex.c ****     /* Set value and mask for ST_RAM_SIZE option byte */
1504:Drivers/STM32H7xx_HAL_Driver/Src/stm32h7xx_hal_flash_ex.c ****     optr_reg_val |= (UserConfig & FLASH_OPTSR_ST_RAM_SIZE);
ARM GAS  C:\Users\jason\AppData\Local\Temp\cc43Y6jb.s 			page 34


 385              		.loc 1 1504 5 view .LVU113
 386              		.loc 1 1504 33 is_stmt 0 view .LVU114
 387 005a 01F4C01C 		and	ip, r1, #1572864
 388              		.loc 1 1504 18 view .LVU115
 389 005e 43EA0C03 		orr	r3, r3, ip
 390              	.LVL28:
1505:Drivers/STM32H7xx_HAL_Driver/Src/stm32h7xx_hal_flash_ex.c ****     optr_reg_mask |= FLASH_OPTSR_ST_RAM_SIZE;
 391              		.loc 1 1505 5 is_stmt 1 view .LVU116
 392              		.loc 1 1505 19 is_stmt 0 view .LVU117
 393 0062 42F4C012 		orr	r2, r2, #1572864
 394              	.LVL29:
 395              	.L35:
1506:Drivers/STM32H7xx_HAL_Driver/Src/stm32h7xx_hal_flash_ex.c ****   }
1507:Drivers/STM32H7xx_HAL_Driver/Src/stm32h7xx_hal_flash_ex.c **** 
1508:Drivers/STM32H7xx_HAL_Driver/Src/stm32h7xx_hal_flash_ex.c ****   if((UserType & OB_USER_SECURITY) != 0U)
 396              		.loc 1 1508 3 is_stmt 1 view .LVU118
 397              		.loc 1 1508 5 is_stmt 0 view .LVU119
 398 0066 10F0400F 		tst	r0, #64
 399 006a 05D0     		beq	.L36
1509:Drivers/STM32H7xx_HAL_Driver/Src/stm32h7xx_hal_flash_ex.c ****   {
1510:Drivers/STM32H7xx_HAL_Driver/Src/stm32h7xx_hal_flash_ex.c ****     /* SECURITY option byte should be modified */
1511:Drivers/STM32H7xx_HAL_Driver/Src/stm32h7xx_hal_flash_ex.c ****     assert_param(IS_OB_USER_SECURITY(UserConfig & FLASH_OPTSR_SECURITY));
 400              		.loc 1 1511 5 is_stmt 1 view .LVU120
1512:Drivers/STM32H7xx_HAL_Driver/Src/stm32h7xx_hal_flash_ex.c **** 
1513:Drivers/STM32H7xx_HAL_Driver/Src/stm32h7xx_hal_flash_ex.c ****     /* Set value and mask for SECURITY option byte */
1514:Drivers/STM32H7xx_HAL_Driver/Src/stm32h7xx_hal_flash_ex.c ****     optr_reg_val |= (UserConfig & FLASH_OPTSR_SECURITY);
 401              		.loc 1 1514 5 view .LVU121
 402              		.loc 1 1514 33 is_stmt 0 view .LVU122
 403 006c 01F4001C 		and	ip, r1, #2097152
 404              		.loc 1 1514 18 view .LVU123
 405 0070 43EA0C03 		orr	r3, r3, ip
 406              	.LVL30:
1515:Drivers/STM32H7xx_HAL_Driver/Src/stm32h7xx_hal_flash_ex.c ****     optr_reg_mask |= FLASH_OPTSR_SECURITY;
 407              		.loc 1 1515 5 is_stmt 1 view .LVU124
 408              		.loc 1 1515 19 is_stmt 0 view .LVU125
 409 0074 42F40012 		orr	r2, r2, #2097152
 410              	.LVL31:
 411              	.L36:
1516:Drivers/STM32H7xx_HAL_Driver/Src/stm32h7xx_hal_flash_ex.c ****   }
1517:Drivers/STM32H7xx_HAL_Driver/Src/stm32h7xx_hal_flash_ex.c **** 
1518:Drivers/STM32H7xx_HAL_Driver/Src/stm32h7xx_hal_flash_ex.c **** #if defined(DUAL_CORE)
1519:Drivers/STM32H7xx_HAL_Driver/Src/stm32h7xx_hal_flash_ex.c ****   if((UserType & OB_USER_BCM4) != 0U)
1520:Drivers/STM32H7xx_HAL_Driver/Src/stm32h7xx_hal_flash_ex.c ****   {
1521:Drivers/STM32H7xx_HAL_Driver/Src/stm32h7xx_hal_flash_ex.c ****     /* BCM4 option byte should be modified */
1522:Drivers/STM32H7xx_HAL_Driver/Src/stm32h7xx_hal_flash_ex.c ****     assert_param(IS_OB_USER_BCM4(UserConfig & FLASH_OPTSR_BCM4));
1523:Drivers/STM32H7xx_HAL_Driver/Src/stm32h7xx_hal_flash_ex.c **** 
1524:Drivers/STM32H7xx_HAL_Driver/Src/stm32h7xx_hal_flash_ex.c ****     /* Set value and mask for BCM4 option byte */
1525:Drivers/STM32H7xx_HAL_Driver/Src/stm32h7xx_hal_flash_ex.c ****     optr_reg_val |= (UserConfig & FLASH_OPTSR_BCM4);
1526:Drivers/STM32H7xx_HAL_Driver/Src/stm32h7xx_hal_flash_ex.c ****     optr_reg_mask |= FLASH_OPTSR_BCM4;
1527:Drivers/STM32H7xx_HAL_Driver/Src/stm32h7xx_hal_flash_ex.c ****   }
1528:Drivers/STM32H7xx_HAL_Driver/Src/stm32h7xx_hal_flash_ex.c **** 
1529:Drivers/STM32H7xx_HAL_Driver/Src/stm32h7xx_hal_flash_ex.c ****   if((UserType & OB_USER_BCM7) != 0U)
1530:Drivers/STM32H7xx_HAL_Driver/Src/stm32h7xx_hal_flash_ex.c ****   {
1531:Drivers/STM32H7xx_HAL_Driver/Src/stm32h7xx_hal_flash_ex.c ****     /* BCM7 option byte should be modified */
1532:Drivers/STM32H7xx_HAL_Driver/Src/stm32h7xx_hal_flash_ex.c ****     assert_param(IS_OB_USER_BCM7(UserConfig & FLASH_OPTSR_BCM7));
1533:Drivers/STM32H7xx_HAL_Driver/Src/stm32h7xx_hal_flash_ex.c **** 
1534:Drivers/STM32H7xx_HAL_Driver/Src/stm32h7xx_hal_flash_ex.c ****     /* Set value and mask for BCM7 option byte */
ARM GAS  C:\Users\jason\AppData\Local\Temp\cc43Y6jb.s 			page 35


1535:Drivers/STM32H7xx_HAL_Driver/Src/stm32h7xx_hal_flash_ex.c ****     optr_reg_val |= (UserConfig & FLASH_OPTSR_BCM7);
1536:Drivers/STM32H7xx_HAL_Driver/Src/stm32h7xx_hal_flash_ex.c ****     optr_reg_mask |= FLASH_OPTSR_BCM7;
1537:Drivers/STM32H7xx_HAL_Driver/Src/stm32h7xx_hal_flash_ex.c ****   }
1538:Drivers/STM32H7xx_HAL_Driver/Src/stm32h7xx_hal_flash_ex.c **** #endif /* DUAL_CORE */
1539:Drivers/STM32H7xx_HAL_Driver/Src/stm32h7xx_hal_flash_ex.c **** 
1540:Drivers/STM32H7xx_HAL_Driver/Src/stm32h7xx_hal_flash_ex.c **** #if defined (FLASH_OPTSR_NRST_STOP_D2)
1541:Drivers/STM32H7xx_HAL_Driver/Src/stm32h7xx_hal_flash_ex.c ****   if((UserType & OB_USER_NRST_STOP_D2) != 0U)
1542:Drivers/STM32H7xx_HAL_Driver/Src/stm32h7xx_hal_flash_ex.c ****   {
1543:Drivers/STM32H7xx_HAL_Driver/Src/stm32h7xx_hal_flash_ex.c ****     /* NRST_STOP option byte should be modified */
1544:Drivers/STM32H7xx_HAL_Driver/Src/stm32h7xx_hal_flash_ex.c ****     assert_param(IS_OB_STOP_D2_RESET(UserConfig & FLASH_OPTSR_NRST_STOP_D2));
1545:Drivers/STM32H7xx_HAL_Driver/Src/stm32h7xx_hal_flash_ex.c **** 
1546:Drivers/STM32H7xx_HAL_Driver/Src/stm32h7xx_hal_flash_ex.c ****     /* Set value and mask for NRST_STOP option byte */
1547:Drivers/STM32H7xx_HAL_Driver/Src/stm32h7xx_hal_flash_ex.c ****     optr_reg_val |= (UserConfig & FLASH_OPTSR_NRST_STOP_D2);
1548:Drivers/STM32H7xx_HAL_Driver/Src/stm32h7xx_hal_flash_ex.c ****     optr_reg_mask |= FLASH_OPTSR_NRST_STOP_D2;
1549:Drivers/STM32H7xx_HAL_Driver/Src/stm32h7xx_hal_flash_ex.c ****   }
1550:Drivers/STM32H7xx_HAL_Driver/Src/stm32h7xx_hal_flash_ex.c **** 
1551:Drivers/STM32H7xx_HAL_Driver/Src/stm32h7xx_hal_flash_ex.c ****   if((UserType & OB_USER_NRST_STDBY_D2) != 0U)
1552:Drivers/STM32H7xx_HAL_Driver/Src/stm32h7xx_hal_flash_ex.c ****   {
1553:Drivers/STM32H7xx_HAL_Driver/Src/stm32h7xx_hal_flash_ex.c ****     /* NRST_STDBY option byte should be modified */
1554:Drivers/STM32H7xx_HAL_Driver/Src/stm32h7xx_hal_flash_ex.c ****     assert_param(IS_OB_STDBY_D2_RESET(UserConfig & FLASH_OPTSR_NRST_STBY_D2));
1555:Drivers/STM32H7xx_HAL_Driver/Src/stm32h7xx_hal_flash_ex.c **** 
1556:Drivers/STM32H7xx_HAL_Driver/Src/stm32h7xx_hal_flash_ex.c ****     /* Set value and mask for NRST_STDBY option byte */
1557:Drivers/STM32H7xx_HAL_Driver/Src/stm32h7xx_hal_flash_ex.c ****     optr_reg_val |= (UserConfig & FLASH_OPTSR_NRST_STBY_D2);
1558:Drivers/STM32H7xx_HAL_Driver/Src/stm32h7xx_hal_flash_ex.c ****     optr_reg_mask |= FLASH_OPTSR_NRST_STBY_D2;
1559:Drivers/STM32H7xx_HAL_Driver/Src/stm32h7xx_hal_flash_ex.c ****   }
1560:Drivers/STM32H7xx_HAL_Driver/Src/stm32h7xx_hal_flash_ex.c **** #endif /* FLASH_OPTSR_NRST_STOP_D2 */
1561:Drivers/STM32H7xx_HAL_Driver/Src/stm32h7xx_hal_flash_ex.c **** 
1562:Drivers/STM32H7xx_HAL_Driver/Src/stm32h7xx_hal_flash_ex.c **** #if defined (DUAL_BANK)
1563:Drivers/STM32H7xx_HAL_Driver/Src/stm32h7xx_hal_flash_ex.c ****   if((UserType & OB_USER_SWAP_BANK) != 0U)
1564:Drivers/STM32H7xx_HAL_Driver/Src/stm32h7xx_hal_flash_ex.c ****   {
1565:Drivers/STM32H7xx_HAL_Driver/Src/stm32h7xx_hal_flash_ex.c ****     /* SWAP_BANK_OPT option byte should be modified */
1566:Drivers/STM32H7xx_HAL_Driver/Src/stm32h7xx_hal_flash_ex.c ****     assert_param(IS_OB_USER_SWAP_BANK(UserConfig & FLASH_OPTSR_SWAP_BANK_OPT));
1567:Drivers/STM32H7xx_HAL_Driver/Src/stm32h7xx_hal_flash_ex.c **** 
1568:Drivers/STM32H7xx_HAL_Driver/Src/stm32h7xx_hal_flash_ex.c ****     /* Set value and mask for SWAP_BANK_OPT option byte */
1569:Drivers/STM32H7xx_HAL_Driver/Src/stm32h7xx_hal_flash_ex.c ****     optr_reg_val |= (UserConfig & FLASH_OPTSR_SWAP_BANK_OPT);
1570:Drivers/STM32H7xx_HAL_Driver/Src/stm32h7xx_hal_flash_ex.c ****     optr_reg_mask |= FLASH_OPTSR_SWAP_BANK_OPT;
1571:Drivers/STM32H7xx_HAL_Driver/Src/stm32h7xx_hal_flash_ex.c ****   }
1572:Drivers/STM32H7xx_HAL_Driver/Src/stm32h7xx_hal_flash_ex.c **** #endif /* DUAL_BANK */
1573:Drivers/STM32H7xx_HAL_Driver/Src/stm32h7xx_hal_flash_ex.c **** 
1574:Drivers/STM32H7xx_HAL_Driver/Src/stm32h7xx_hal_flash_ex.c ****   if((UserType & OB_USER_IOHSLV) != 0U)
 412              		.loc 1 1574 3 is_stmt 1 view .LVU126
 413              		.loc 1 1574 5 is_stmt 0 view .LVU127
 414 0078 10F0800F 		tst	r0, #128
 415 007c 04D0     		beq	.L37
1575:Drivers/STM32H7xx_HAL_Driver/Src/stm32h7xx_hal_flash_ex.c ****   {
1576:Drivers/STM32H7xx_HAL_Driver/Src/stm32h7xx_hal_flash_ex.c ****     /* IOHSLV_OPT option byte should be modified */
1577:Drivers/STM32H7xx_HAL_Driver/Src/stm32h7xx_hal_flash_ex.c ****     assert_param(IS_OB_USER_IOHSLV(UserConfig & FLASH_OPTSR_IO_HSLV));
 416              		.loc 1 1577 5 is_stmt 1 view .LVU128
1578:Drivers/STM32H7xx_HAL_Driver/Src/stm32h7xx_hal_flash_ex.c **** 
1579:Drivers/STM32H7xx_HAL_Driver/Src/stm32h7xx_hal_flash_ex.c ****     /* Set value and mask for IOHSLV_OPT option byte */
1580:Drivers/STM32H7xx_HAL_Driver/Src/stm32h7xx_hal_flash_ex.c ****     optr_reg_val |= (UserConfig & FLASH_OPTSR_IO_HSLV);
 417              		.loc 1 1580 5 view .LVU129
 418              		.loc 1 1580 33 is_stmt 0 view .LVU130
 419 007e 01F00051 		and	r1, r1, #536870912
 420              	.LVL32:
 421              		.loc 1 1580 18 view .LVU131
 422 0082 0B43     		orrs	r3, r3, r1
ARM GAS  C:\Users\jason\AppData\Local\Temp\cc43Y6jb.s 			page 36


 423              	.LVL33:
1581:Drivers/STM32H7xx_HAL_Driver/Src/stm32h7xx_hal_flash_ex.c ****     optr_reg_mask |= FLASH_OPTSR_IO_HSLV;
 424              		.loc 1 1581 5 is_stmt 1 view .LVU132
 425              		.loc 1 1581 19 is_stmt 0 view .LVU133
 426 0084 42F00052 		orr	r2, r2, #536870912
 427              	.LVL34:
 428              	.L37:
1582:Drivers/STM32H7xx_HAL_Driver/Src/stm32h7xx_hal_flash_ex.c ****   }
1583:Drivers/STM32H7xx_HAL_Driver/Src/stm32h7xx_hal_flash_ex.c **** 
1584:Drivers/STM32H7xx_HAL_Driver/Src/stm32h7xx_hal_flash_ex.c **** #if defined (FLASH_OPTSR_VDDMMC_HSLV)
1585:Drivers/STM32H7xx_HAL_Driver/Src/stm32h7xx_hal_flash_ex.c ****   if((UserType & OB_USER_VDDMMC_HSLV) != 0U)
1586:Drivers/STM32H7xx_HAL_Driver/Src/stm32h7xx_hal_flash_ex.c ****   {
1587:Drivers/STM32H7xx_HAL_Driver/Src/stm32h7xx_hal_flash_ex.c ****     /* VDDMMC_HSLV option byte should be modified */
1588:Drivers/STM32H7xx_HAL_Driver/Src/stm32h7xx_hal_flash_ex.c ****     assert_param(IS_OB_USER_VDDMMC_HSLV(UserConfig & FLASH_OPTSR_VDDMMC_HSLV));
1589:Drivers/STM32H7xx_HAL_Driver/Src/stm32h7xx_hal_flash_ex.c **** 
1590:Drivers/STM32H7xx_HAL_Driver/Src/stm32h7xx_hal_flash_ex.c ****     /* Set value and mask for VDDMMC_HSLV option byte */
1591:Drivers/STM32H7xx_HAL_Driver/Src/stm32h7xx_hal_flash_ex.c ****     optr_reg_val |= (UserConfig & FLASH_OPTSR_VDDMMC_HSLV);
1592:Drivers/STM32H7xx_HAL_Driver/Src/stm32h7xx_hal_flash_ex.c ****     optr_reg_mask |= FLASH_OPTSR_VDDMMC_HSLV;
1593:Drivers/STM32H7xx_HAL_Driver/Src/stm32h7xx_hal_flash_ex.c ****   }
1594:Drivers/STM32H7xx_HAL_Driver/Src/stm32h7xx_hal_flash_ex.c **** #endif /* FLASH_OPTSR_VDDMMC_HSLV */
1595:Drivers/STM32H7xx_HAL_Driver/Src/stm32h7xx_hal_flash_ex.c **** 
1596:Drivers/STM32H7xx_HAL_Driver/Src/stm32h7xx_hal_flash_ex.c ****   /* Configure the option bytes register */
1597:Drivers/STM32H7xx_HAL_Driver/Src/stm32h7xx_hal_flash_ex.c ****   MODIFY_REG(FLASH->OPTSR_PRG, optr_reg_mask, optr_reg_val);
 429              		.loc 1 1597 3 is_stmt 1 view .LVU134
 430 0088 0448     		ldr	r0, .L39
 431              	.LVL35:
 432              		.loc 1 1597 3 is_stmt 0 view .LVU135
 433 008a 016A     		ldr	r1, [r0, #32]
 434 008c 21EA0202 		bic	r2, r1, r2
 435              	.LVL36:
 436              		.loc 1 1597 3 view .LVU136
 437 0090 1343     		orrs	r3, r3, r2
 438              	.LVL37:
 439              		.loc 1 1597 3 view .LVU137
 440 0092 0362     		str	r3, [r0, #32]
1598:Drivers/STM32H7xx_HAL_Driver/Src/stm32h7xx_hal_flash_ex.c **** }
 441              		.loc 1 1598 1 view .LVU138
 442 0094 7047     		bx	lr
 443              	.LVL38:
 444              	.L38:
1433:Drivers/STM32H7xx_HAL_Driver/Src/stm32h7xx_hal_flash_ex.c **** 
 445              		.loc 1 1433 12 view .LVU139
 446 0096 1A46     		mov	r2, r3
 447 0098 B8E7     		b	.L30
 448              	.L40:
 449 009a 00BF     		.align	2
 450              	.L39:
 451 009c 00200052 		.word	1375739904
 452              		.cfi_endproc
 453              	.LFE158:
 455              		.section	.text.FLASH_OB_GetUser,"ax",%progbits
 456              		.align	1
 457              		.syntax unified
 458              		.thumb
 459              		.thumb_func
 461              	FLASH_OB_GetUser:
 462              	.LFB159:
ARM GAS  C:\Users\jason\AppData\Local\Temp\cc43Y6jb.s 			page 37


1599:Drivers/STM32H7xx_HAL_Driver/Src/stm32h7xx_hal_flash_ex.c **** 
1600:Drivers/STM32H7xx_HAL_Driver/Src/stm32h7xx_hal_flash_ex.c **** #if defined(DUAL_CORE)
1601:Drivers/STM32H7xx_HAL_Driver/Src/stm32h7xx_hal_flash_ex.c **** /**
1602:Drivers/STM32H7xx_HAL_Driver/Src/stm32h7xx_hal_flash_ex.c ****   * @brief  Return the FLASH User Option Byte value.
1603:Drivers/STM32H7xx_HAL_Driver/Src/stm32h7xx_hal_flash_ex.c ****   * @retval The FLASH User Option Bytes values
1604:Drivers/STM32H7xx_HAL_Driver/Src/stm32h7xx_hal_flash_ex.c ****   *         IWDG1_SW(Bit4), IWDG2_SW(Bit 5), nRST_STOP_D1(Bit 6), nRST_STDY_D1(Bit 7),
1605:Drivers/STM32H7xx_HAL_Driver/Src/stm32h7xx_hal_flash_ex.c ****   *         FZ_IWDG_STOP(Bit 17), FZ_IWDG_SDBY(Bit 18), ST_RAM_SIZE(Bit[19:20]),
1606:Drivers/STM32H7xx_HAL_Driver/Src/stm32h7xx_hal_flash_ex.c ****   *         SECURITY(Bit 21), BCM4(Bit 22), BCM7(Bit 23), nRST_STOP_D2(Bit 24),
1607:Drivers/STM32H7xx_HAL_Driver/Src/stm32h7xx_hal_flash_ex.c ****   *         nRST_STDY_D2(Bit 25), IO_HSLV (Bit 29) and SWAP_BANK_OPT(Bit 31).
1608:Drivers/STM32H7xx_HAL_Driver/Src/stm32h7xx_hal_flash_ex.c ****   */
1609:Drivers/STM32H7xx_HAL_Driver/Src/stm32h7xx_hal_flash_ex.c **** #else
1610:Drivers/STM32H7xx_HAL_Driver/Src/stm32h7xx_hal_flash_ex.c **** /**
1611:Drivers/STM32H7xx_HAL_Driver/Src/stm32h7xx_hal_flash_ex.c ****   * @brief  Return the FLASH User Option Byte value.
1612:Drivers/STM32H7xx_HAL_Driver/Src/stm32h7xx_hal_flash_ex.c ****   * @retval The FLASH User Option Bytes values
1613:Drivers/STM32H7xx_HAL_Driver/Src/stm32h7xx_hal_flash_ex.c ****   *         IWDG_SW(Bit4), nRST_STOP_D1(Bit 6), nRST_STDY_D1(Bit 7),
1614:Drivers/STM32H7xx_HAL_Driver/Src/stm32h7xx_hal_flash_ex.c ****   *         FZ_IWDG_STOP(Bit 17), FZ_IWDG_SDBY(Bit 18), ST_RAM_SIZE(Bit[19:20]),
1615:Drivers/STM32H7xx_HAL_Driver/Src/stm32h7xx_hal_flash_ex.c ****   *         SECURITY(Bit 21), IO_HSLV (Bit 29) and SWAP_BANK_OPT(Bit 31).
1616:Drivers/STM32H7xx_HAL_Driver/Src/stm32h7xx_hal_flash_ex.c ****   */
1617:Drivers/STM32H7xx_HAL_Driver/Src/stm32h7xx_hal_flash_ex.c **** #endif /*DUAL_CORE*/
1618:Drivers/STM32H7xx_HAL_Driver/Src/stm32h7xx_hal_flash_ex.c **** static uint32_t FLASH_OB_GetUser(void)
1619:Drivers/STM32H7xx_HAL_Driver/Src/stm32h7xx_hal_flash_ex.c **** {
 463              		.loc 1 1619 1 is_stmt 1 view -0
 464              		.cfi_startproc
 465              		@ args = 0, pretend = 0, frame = 0
 466              		@ frame_needed = 0, uses_anonymous_args = 0
 467              		@ link register save eliminated.
1620:Drivers/STM32H7xx_HAL_Driver/Src/stm32h7xx_hal_flash_ex.c ****   uint32_t userConfig = READ_REG(FLASH->OPTSR_CUR);
 468              		.loc 1 1620 3 view .LVU141
 469              		.loc 1 1620 12 is_stmt 0 view .LVU142
 470 0000 024B     		ldr	r3, .L42
 471 0002 DB69     		ldr	r3, [r3, #28]
 472              	.LVL39:
1621:Drivers/STM32H7xx_HAL_Driver/Src/stm32h7xx_hal_flash_ex.c ****   userConfig &= (~(FLASH_OPTSR_BOR_LEV | FLASH_OPTSR_RDP));
 473              		.loc 1 1621 3 is_stmt 1 view .LVU143
1622:Drivers/STM32H7xx_HAL_Driver/Src/stm32h7xx_hal_flash_ex.c **** 
1623:Drivers/STM32H7xx_HAL_Driver/Src/stm32h7xx_hal_flash_ex.c ****   return userConfig;
 474              		.loc 1 1623 3 view .LVU144
1624:Drivers/STM32H7xx_HAL_Driver/Src/stm32h7xx_hal_flash_ex.c **** }
 475              		.loc 1 1624 1 is_stmt 0 view .LVU145
 476 0004 0248     		ldr	r0, .L42+4
 477 0006 1840     		ands	r0, r0, r3
 478              	.LVL40:
 479              		.loc 1 1624 1 view .LVU146
 480 0008 7047     		bx	lr
 481              	.L43:
 482 000a 00BF     		.align	2
 483              	.L42:
 484 000c 00200052 		.word	1375739904
 485 0010 F300FFFF 		.word	-65293
 486              		.cfi_endproc
 487              	.LFE159:
 489              		.section	.text.FLASH_OB_PCROPConfig,"ax",%progbits
 490              		.align	1
 491              		.syntax unified
 492              		.thumb
 493              		.thumb_func
 495              	FLASH_OB_PCROPConfig:
ARM GAS  C:\Users\jason\AppData\Local\Temp\cc43Y6jb.s 			page 38


 496              	.LVL41:
 497              	.LFB160:
1625:Drivers/STM32H7xx_HAL_Driver/Src/stm32h7xx_hal_flash_ex.c **** 
1626:Drivers/STM32H7xx_HAL_Driver/Src/stm32h7xx_hal_flash_ex.c **** /**
1627:Drivers/STM32H7xx_HAL_Driver/Src/stm32h7xx_hal_flash_ex.c ****   * @brief  Configure the Proprietary code readout protection of the desired addresses
1628:Drivers/STM32H7xx_HAL_Driver/Src/stm32h7xx_hal_flash_ex.c ****   *
1629:Drivers/STM32H7xx_HAL_Driver/Src/stm32h7xx_hal_flash_ex.c ****   * @note   To configure the PCROP options, the option lock bit OPTLOCK must be
1630:Drivers/STM32H7xx_HAL_Driver/Src/stm32h7xx_hal_flash_ex.c ****   *         cleared with the call of the HAL_FLASH_OB_Unlock() function.
1631:Drivers/STM32H7xx_HAL_Driver/Src/stm32h7xx_hal_flash_ex.c ****   * @note   To validate the PCROP options, the option bytes must be reloaded
1632:Drivers/STM32H7xx_HAL_Driver/Src/stm32h7xx_hal_flash_ex.c ****   *         through the call of the HAL_FLASH_OB_Launch() function.
1633:Drivers/STM32H7xx_HAL_Driver/Src/stm32h7xx_hal_flash_ex.c ****   *
1634:Drivers/STM32H7xx_HAL_Driver/Src/stm32h7xx_hal_flash_ex.c ****   * @param  PCROPConfig specifies if the PCROP area for the given Bank shall be erased or not
1635:Drivers/STM32H7xx_HAL_Driver/Src/stm32h7xx_hal_flash_ex.c ****   *         when RDP level decreased from Level 1 to Level 0, or after a bank erase with protection
1636:Drivers/STM32H7xx_HAL_Driver/Src/stm32h7xx_hal_flash_ex.c ****   *         This parameter must be a value of @arg FLASHEx_OB_PCROP_RDP enumeration
1637:Drivers/STM32H7xx_HAL_Driver/Src/stm32h7xx_hal_flash_ex.c ****   *
1638:Drivers/STM32H7xx_HAL_Driver/Src/stm32h7xx_hal_flash_ex.c ****   * @param  PCROPStartAddr specifies the start address of the Proprietary code readout protection
1639:Drivers/STM32H7xx_HAL_Driver/Src/stm32h7xx_hal_flash_ex.c ****   *          This parameter can be an address between begin and end of the bank
1640:Drivers/STM32H7xx_HAL_Driver/Src/stm32h7xx_hal_flash_ex.c ****   *
1641:Drivers/STM32H7xx_HAL_Driver/Src/stm32h7xx_hal_flash_ex.c ****   * @param  PCROPEndAddr specifies the end address of the Proprietary code readout protection
1642:Drivers/STM32H7xx_HAL_Driver/Src/stm32h7xx_hal_flash_ex.c ****   *          This parameter can be an address between PCROPStartAddr and end of the bank
1643:Drivers/STM32H7xx_HAL_Driver/Src/stm32h7xx_hal_flash_ex.c ****   *
1644:Drivers/STM32H7xx_HAL_Driver/Src/stm32h7xx_hal_flash_ex.c ****   * @param  Banks the specific bank to apply PCROP protection
1645:Drivers/STM32H7xx_HAL_Driver/Src/stm32h7xx_hal_flash_ex.c ****   *          This parameter can be one of the following values:
1646:Drivers/STM32H7xx_HAL_Driver/Src/stm32h7xx_hal_flash_ex.c ****   *            @arg FLASH_BANK_1: PCROP on specified bank1 area
1647:Drivers/STM32H7xx_HAL_Driver/Src/stm32h7xx_hal_flash_ex.c ****   *            @arg FLASH_BANK_2: PCROP on specified bank2 area
1648:Drivers/STM32H7xx_HAL_Driver/Src/stm32h7xx_hal_flash_ex.c ****   *            @arg FLASH_BANK_BOTH: PCROP on specified bank1 and bank2 area (same config will be a
1649:Drivers/STM32H7xx_HAL_Driver/Src/stm32h7xx_hal_flash_ex.c ****   *
1650:Drivers/STM32H7xx_HAL_Driver/Src/stm32h7xx_hal_flash_ex.c ****   * @retval None
1651:Drivers/STM32H7xx_HAL_Driver/Src/stm32h7xx_hal_flash_ex.c ****   */
1652:Drivers/STM32H7xx_HAL_Driver/Src/stm32h7xx_hal_flash_ex.c **** static void FLASH_OB_PCROPConfig(uint32_t PCROPConfig, uint32_t PCROPStartAddr, uint32_t PCROPEndAd
1653:Drivers/STM32H7xx_HAL_Driver/Src/stm32h7xx_hal_flash_ex.c **** {
 498              		.loc 1 1653 1 is_stmt 1 view -0
 499              		.cfi_startproc
 500              		@ args = 0, pretend = 0, frame = 0
 501              		@ frame_needed = 0, uses_anonymous_args = 0
 502              		@ link register save eliminated.
1654:Drivers/STM32H7xx_HAL_Driver/Src/stm32h7xx_hal_flash_ex.c ****   /* Check the parameters */
1655:Drivers/STM32H7xx_HAL_Driver/Src/stm32h7xx_hal_flash_ex.c ****   assert_param(IS_FLASH_BANK(Banks));
 503              		.loc 1 1655 3 view .LVU148
1656:Drivers/STM32H7xx_HAL_Driver/Src/stm32h7xx_hal_flash_ex.c ****   assert_param(IS_OB_PCROP_RDP(PCROPConfig));
 504              		.loc 1 1656 3 view .LVU149
1657:Drivers/STM32H7xx_HAL_Driver/Src/stm32h7xx_hal_flash_ex.c **** 
1658:Drivers/STM32H7xx_HAL_Driver/Src/stm32h7xx_hal_flash_ex.c ****   if((Banks & FLASH_BANK_1) == FLASH_BANK_1)
 505              		.loc 1 1658 3 view .LVU150
 506              		.loc 1 1658 5 is_stmt 0 view .LVU151
 507 0000 13F0010F 		tst	r3, #1
 508 0004 0AD0     		beq	.L44
1659:Drivers/STM32H7xx_HAL_Driver/Src/stm32h7xx_hal_flash_ex.c ****   {
1660:Drivers/STM32H7xx_HAL_Driver/Src/stm32h7xx_hal_flash_ex.c ****     assert_param(IS_FLASH_PROGRAM_ADDRESS_BANK1(PCROPStartAddr));
 509              		.loc 1 1660 5 is_stmt 1 view .LVU152
1661:Drivers/STM32H7xx_HAL_Driver/Src/stm32h7xx_hal_flash_ex.c ****     assert_param(IS_FLASH_PROGRAM_ADDRESS_BANK1(PCROPEndAddr));
 510              		.loc 1 1661 5 view .LVU153
1662:Drivers/STM32H7xx_HAL_Driver/Src/stm32h7xx_hal_flash_ex.c **** 
1663:Drivers/STM32H7xx_HAL_Driver/Src/stm32h7xx_hal_flash_ex.c ****     /* Configure the Proprietary code readout protection */
1664:Drivers/STM32H7xx_HAL_Driver/Src/stm32h7xx_hal_flash_ex.c ****     FLASH->PRAR_PRG1 = ((PCROPStartAddr - FLASH_BANK1_BASE) >> 8)                                 |
 511              		.loc 1 1664 5 view .LVU154
 512              		.loc 1 1664 41 is_stmt 0 view .LVU155
ARM GAS  C:\Users\jason\AppData\Local\Temp\cc43Y6jb.s 			page 39


 513 0006 01F17841 		add	r1, r1, #-134217728
 514              	.LVL42:
1665:Drivers/STM32H7xx_HAL_Driver/Src/stm32h7xx_hal_flash_ex.c ****                        (((PCROPEndAddr - FLASH_BANK1_BASE) >> 8) << FLASH_PRAR_PROT_AREA_END_Pos) |
 515              		.loc 1 1665 40 view .LVU156
 516 000a 02F17842 		add	r2, r2, #-134217728
 517              	.LVL43:
 518              		.loc 1 1665 60 view .LVU157
 519 000e 120A     		lsrs	r2, r2, #8
 520              	.LVL44:
 521              		.loc 1 1665 66 view .LVU158
 522 0010 1204     		lsls	r2, r2, #16
1664:Drivers/STM32H7xx_HAL_Driver/Src/stm32h7xx_hal_flash_ex.c ****                        (((PCROPEndAddr - FLASH_BANK1_BASE) >> 8) << FLASH_PRAR_PROT_AREA_END_Pos) |
 523              		.loc 1 1664 99 view .LVU159
 524 0012 42EA1122 		orr	r2, r2, r1, lsr #8
 525              		.loc 1 1665 99 view .LVU160
 526 0016 1043     		orrs	r0, r0, r2
 527              	.LVL45:
1664:Drivers/STM32H7xx_HAL_Driver/Src/stm32h7xx_hal_flash_ex.c ****                        (((PCROPEndAddr - FLASH_BANK1_BASE) >> 8) << FLASH_PRAR_PROT_AREA_END_Pos) |
 528              		.loc 1 1664 22 view .LVU161
 529 0018 014B     		ldr	r3, .L46
 530              	.LVL46:
1664:Drivers/STM32H7xx_HAL_Driver/Src/stm32h7xx_hal_flash_ex.c ****                        (((PCROPEndAddr - FLASH_BANK1_BASE) >> 8) << FLASH_PRAR_PROT_AREA_END_Pos) |
 531              		.loc 1 1664 22 view .LVU162
 532 001a D862     		str	r0, [r3, #44]
 533              	.LVL47:
 534              	.L44:
1666:Drivers/STM32H7xx_HAL_Driver/Src/stm32h7xx_hal_flash_ex.c ****                        PCROPConfig;
1667:Drivers/STM32H7xx_HAL_Driver/Src/stm32h7xx_hal_flash_ex.c ****   }
1668:Drivers/STM32H7xx_HAL_Driver/Src/stm32h7xx_hal_flash_ex.c **** 
1669:Drivers/STM32H7xx_HAL_Driver/Src/stm32h7xx_hal_flash_ex.c **** #if defined (DUAL_BANK)
1670:Drivers/STM32H7xx_HAL_Driver/Src/stm32h7xx_hal_flash_ex.c ****   if((Banks & FLASH_BANK_2) == FLASH_BANK_2)
1671:Drivers/STM32H7xx_HAL_Driver/Src/stm32h7xx_hal_flash_ex.c ****   {
1672:Drivers/STM32H7xx_HAL_Driver/Src/stm32h7xx_hal_flash_ex.c ****     assert_param(IS_FLASH_PROGRAM_ADDRESS_BANK2(PCROPStartAddr));
1673:Drivers/STM32H7xx_HAL_Driver/Src/stm32h7xx_hal_flash_ex.c ****     assert_param(IS_FLASH_PROGRAM_ADDRESS_BANK2(PCROPEndAddr));
1674:Drivers/STM32H7xx_HAL_Driver/Src/stm32h7xx_hal_flash_ex.c **** 
1675:Drivers/STM32H7xx_HAL_Driver/Src/stm32h7xx_hal_flash_ex.c ****     /* Configure the Proprietary code readout protection */
1676:Drivers/STM32H7xx_HAL_Driver/Src/stm32h7xx_hal_flash_ex.c ****     FLASH->PRAR_PRG2 = ((PCROPStartAddr - FLASH_BANK2_BASE) >> 8)                                 |
1677:Drivers/STM32H7xx_HAL_Driver/Src/stm32h7xx_hal_flash_ex.c ****                        (((PCROPEndAddr - FLASH_BANK2_BASE) >> 8) << FLASH_PRAR_PROT_AREA_END_Pos) |
1678:Drivers/STM32H7xx_HAL_Driver/Src/stm32h7xx_hal_flash_ex.c ****                        PCROPConfig;
1679:Drivers/STM32H7xx_HAL_Driver/Src/stm32h7xx_hal_flash_ex.c ****   }
1680:Drivers/STM32H7xx_HAL_Driver/Src/stm32h7xx_hal_flash_ex.c **** #endif /* DUAL_BANK */
1681:Drivers/STM32H7xx_HAL_Driver/Src/stm32h7xx_hal_flash_ex.c **** }
 535              		.loc 1 1681 1 view .LVU163
 536 001c 7047     		bx	lr
 537              	.L47:
 538 001e 00BF     		.align	2
 539              	.L46:
 540 0020 00200052 		.word	1375739904
 541              		.cfi_endproc
 542              	.LFE160:
 544              		.section	.text.FLASH_OB_GetPCROP,"ax",%progbits
 545              		.align	1
 546              		.syntax unified
 547              		.thumb
 548              		.thumb_func
 550              	FLASH_OB_GetPCROP:
 551              	.LVL48:
ARM GAS  C:\Users\jason\AppData\Local\Temp\cc43Y6jb.s 			page 40


 552              	.LFB161:
1682:Drivers/STM32H7xx_HAL_Driver/Src/stm32h7xx_hal_flash_ex.c **** 
1683:Drivers/STM32H7xx_HAL_Driver/Src/stm32h7xx_hal_flash_ex.c **** /**
1684:Drivers/STM32H7xx_HAL_Driver/Src/stm32h7xx_hal_flash_ex.c ****   * @brief  Get the Proprietary code readout protection configuration on a given Bank
1685:Drivers/STM32H7xx_HAL_Driver/Src/stm32h7xx_hal_flash_ex.c ****   *
1686:Drivers/STM32H7xx_HAL_Driver/Src/stm32h7xx_hal_flash_ex.c ****   * @param  PCROPConfig indicates if the PCROP area for the given Bank shall be erased or not
1687:Drivers/STM32H7xx_HAL_Driver/Src/stm32h7xx_hal_flash_ex.c ****   *         when RDP level decreased from Level 1 to Level 0 or after a bank erase with protection 
1688:Drivers/STM32H7xx_HAL_Driver/Src/stm32h7xx_hal_flash_ex.c ****   *
1689:Drivers/STM32H7xx_HAL_Driver/Src/stm32h7xx_hal_flash_ex.c ****   * @param  PCROPStartAddr gives the start address of the Proprietary code readout protection of th
1690:Drivers/STM32H7xx_HAL_Driver/Src/stm32h7xx_hal_flash_ex.c ****   *
1691:Drivers/STM32H7xx_HAL_Driver/Src/stm32h7xx_hal_flash_ex.c ****   * @param  PCROPEndAddr gives the end address of the Proprietary code readout protection of the ba
1692:Drivers/STM32H7xx_HAL_Driver/Src/stm32h7xx_hal_flash_ex.c ****   *
1693:Drivers/STM32H7xx_HAL_Driver/Src/stm32h7xx_hal_flash_ex.c ****   * @param  Bank the specific bank to apply PCROP protection
1694:Drivers/STM32H7xx_HAL_Driver/Src/stm32h7xx_hal_flash_ex.c ****   *          This parameter can be exclusively one of the following values:
1695:Drivers/STM32H7xx_HAL_Driver/Src/stm32h7xx_hal_flash_ex.c ****   *            @arg FLASH_BANK_1: PCROP on specified bank1 area
1696:Drivers/STM32H7xx_HAL_Driver/Src/stm32h7xx_hal_flash_ex.c ****   *            @arg FLASH_BANK_2: PCROP on specified bank2 area
1697:Drivers/STM32H7xx_HAL_Driver/Src/stm32h7xx_hal_flash_ex.c ****   *            @arg FLASH_BANK_BOTH: is  not allowed here
1698:Drivers/STM32H7xx_HAL_Driver/Src/stm32h7xx_hal_flash_ex.c ****   *
1699:Drivers/STM32H7xx_HAL_Driver/Src/stm32h7xx_hal_flash_ex.c ****   * @retval None
1700:Drivers/STM32H7xx_HAL_Driver/Src/stm32h7xx_hal_flash_ex.c ****   */
1701:Drivers/STM32H7xx_HAL_Driver/Src/stm32h7xx_hal_flash_ex.c **** static void FLASH_OB_GetPCROP(uint32_t *PCROPConfig, uint32_t *PCROPStartAddr, uint32_t *PCROPEndAd
1702:Drivers/STM32H7xx_HAL_Driver/Src/stm32h7xx_hal_flash_ex.c **** {
 553              		.loc 1 1702 1 is_stmt 1 view -0
 554              		.cfi_startproc
 555              		@ args = 0, pretend = 0, frame = 0
 556              		@ frame_needed = 0, uses_anonymous_args = 0
 557              		.loc 1 1702 1 is_stmt 0 view .LVU165
 558 0000 00B5     		push	{lr}
 559              		.cfi_def_cfa_offset 4
 560              		.cfi_offset 14, -4
1703:Drivers/STM32H7xx_HAL_Driver/Src/stm32h7xx_hal_flash_ex.c ****   uint32_t regvalue = 0;
 561              		.loc 1 1703 3 is_stmt 1 view .LVU166
 562              	.LVL49:
1704:Drivers/STM32H7xx_HAL_Driver/Src/stm32h7xx_hal_flash_ex.c ****   uint32_t bankBase = 0;
 563              		.loc 1 1704 3 view .LVU167
1705:Drivers/STM32H7xx_HAL_Driver/Src/stm32h7xx_hal_flash_ex.c **** 
1706:Drivers/STM32H7xx_HAL_Driver/Src/stm32h7xx_hal_flash_ex.c ****   if(Bank == FLASH_BANK_1)
 564              		.loc 1 1706 3 view .LVU168
 565              		.loc 1 1706 5 is_stmt 0 view .LVU169
 566 0002 012B     		cmp	r3, #1
 567 0004 12D0     		beq	.L52
1704:Drivers/STM32H7xx_HAL_Driver/Src/stm32h7xx_hal_flash_ex.c ****   uint32_t bankBase = 0;
 568              		.loc 1 1704 12 view .LVU170
 569 0006 4FF0000C 		mov	ip, #0
1703:Drivers/STM32H7xx_HAL_Driver/Src/stm32h7xx_hal_flash_ex.c ****   uint32_t bankBase = 0;
 570              		.loc 1 1703 12 view .LVU171
 571 000a 6346     		mov	r3, ip
 572              	.LVL50:
 573              	.L49:
1707:Drivers/STM32H7xx_HAL_Driver/Src/stm32h7xx_hal_flash_ex.c ****   {
1708:Drivers/STM32H7xx_HAL_Driver/Src/stm32h7xx_hal_flash_ex.c ****     regvalue = FLASH->PRAR_CUR1;
1709:Drivers/STM32H7xx_HAL_Driver/Src/stm32h7xx_hal_flash_ex.c ****     bankBase = FLASH_BANK1_BASE;
1710:Drivers/STM32H7xx_HAL_Driver/Src/stm32h7xx_hal_flash_ex.c ****   }
1711:Drivers/STM32H7xx_HAL_Driver/Src/stm32h7xx_hal_flash_ex.c **** 
1712:Drivers/STM32H7xx_HAL_Driver/Src/stm32h7xx_hal_flash_ex.c **** #if defined (DUAL_BANK)
1713:Drivers/STM32H7xx_HAL_Driver/Src/stm32h7xx_hal_flash_ex.c ****   if(Bank == FLASH_BANK_2)
1714:Drivers/STM32H7xx_HAL_Driver/Src/stm32h7xx_hal_flash_ex.c ****   {
ARM GAS  C:\Users\jason\AppData\Local\Temp\cc43Y6jb.s 			page 41


1715:Drivers/STM32H7xx_HAL_Driver/Src/stm32h7xx_hal_flash_ex.c ****     regvalue = FLASH->PRAR_CUR2;
1716:Drivers/STM32H7xx_HAL_Driver/Src/stm32h7xx_hal_flash_ex.c ****     bankBase = FLASH_BANK2_BASE;
1717:Drivers/STM32H7xx_HAL_Driver/Src/stm32h7xx_hal_flash_ex.c ****   }
1718:Drivers/STM32H7xx_HAL_Driver/Src/stm32h7xx_hal_flash_ex.c **** #endif /* DUAL_BANK */
1719:Drivers/STM32H7xx_HAL_Driver/Src/stm32h7xx_hal_flash_ex.c **** 
1720:Drivers/STM32H7xx_HAL_Driver/Src/stm32h7xx_hal_flash_ex.c ****   (*PCROPConfig) =  (regvalue & FLASH_PRAR_DMEP);
 574              		.loc 1 1720 3 is_stmt 1 view .LVU172
 575              		.loc 1 1720 31 is_stmt 0 view .LVU173
 576 000c 03F0004E 		and	lr, r3, #-2147483648
 577              		.loc 1 1720 18 view .LVU174
 578 0010 C0F800E0 		str	lr, [r0]
1721:Drivers/STM32H7xx_HAL_Driver/Src/stm32h7xx_hal_flash_ex.c **** 
1722:Drivers/STM32H7xx_HAL_Driver/Src/stm32h7xx_hal_flash_ex.c ****   (*PCROPStartAddr) = ((regvalue & FLASH_PRAR_PROT_AREA_START) << 8) + bankBase;
 579              		.loc 1 1722 3 is_stmt 1 view .LVU175
 580              		.loc 1 1722 64 is_stmt 0 view .LVU176
 581 0014 0848     		ldr	r0, .L53
 582              	.LVL51:
 583              		.loc 1 1722 64 view .LVU177
 584 0016 00EA0320 		and	r0, r0, r3, lsl #8
 585              		.loc 1 1722 70 view .LVU178
 586 001a 6044     		add	r0, r0, ip
 587              		.loc 1 1722 21 view .LVU179
 588 001c 0860     		str	r0, [r1]
1723:Drivers/STM32H7xx_HAL_Driver/Src/stm32h7xx_hal_flash_ex.c ****   (*PCROPEndAddr) = (regvalue & FLASH_PRAR_PROT_AREA_END) >> FLASH_PRAR_PROT_AREA_END_Pos;
 589              		.loc 1 1723 3 is_stmt 1 view .LVU180
 590              		.loc 1 1723 59 is_stmt 0 view .LVU181
 591 001e C3F30B43 		ubfx	r3, r3, #16, #12
 592              	.LVL52:
 593              		.loc 1 1723 19 view .LVU182
 594 0022 1360     		str	r3, [r2]
1724:Drivers/STM32H7xx_HAL_Driver/Src/stm32h7xx_hal_flash_ex.c ****   (*PCROPEndAddr) = ((*PCROPEndAddr) << 8) + bankBase;
 595              		.loc 1 1724 3 is_stmt 1 view .LVU183
 596              		.loc 1 1724 44 is_stmt 0 view .LVU184
 597 0024 0CEB0323 		add	r3, ip, r3, lsl #8
 598              		.loc 1 1724 19 view .LVU185
 599 0028 1360     		str	r3, [r2]
1725:Drivers/STM32H7xx_HAL_Driver/Src/stm32h7xx_hal_flash_ex.c **** }
 600              		.loc 1 1725 1 view .LVU186
 601 002a 00BD     		pop	{pc}
 602              	.LVL53:
 603              	.L52:
1708:Drivers/STM32H7xx_HAL_Driver/Src/stm32h7xx_hal_flash_ex.c ****     bankBase = FLASH_BANK1_BASE;
 604              		.loc 1 1708 5 is_stmt 1 view .LVU187
1708:Drivers/STM32H7xx_HAL_Driver/Src/stm32h7xx_hal_flash_ex.c ****     bankBase = FLASH_BANK1_BASE;
 605              		.loc 1 1708 14 is_stmt 0 view .LVU188
 606 002c 034B     		ldr	r3, .L53+4
 607              	.LVL54:
1708:Drivers/STM32H7xx_HAL_Driver/Src/stm32h7xx_hal_flash_ex.c ****     bankBase = FLASH_BANK1_BASE;
 608              		.loc 1 1708 14 view .LVU189
 609 002e 9B6A     		ldr	r3, [r3, #40]
 610              	.LVL55:
1709:Drivers/STM32H7xx_HAL_Driver/Src/stm32h7xx_hal_flash_ex.c ****   }
 611              		.loc 1 1709 5 is_stmt 1 view .LVU190
1709:Drivers/STM32H7xx_HAL_Driver/Src/stm32h7xx_hal_flash_ex.c ****   }
 612              		.loc 1 1709 14 is_stmt 0 view .LVU191
 613 0030 4FF0006C 		mov	ip, #134217728
 614 0034 EAE7     		b	.L49
ARM GAS  C:\Users\jason\AppData\Local\Temp\cc43Y6jb.s 			page 42


 615              	.L54:
 616 0036 00BF     		.align	2
 617              	.L53:
 618 0038 00FF0F00 		.word	1048320
 619 003c 00200052 		.word	1375739904
 620              		.cfi_endproc
 621              	.LFE161:
 623              		.section	.text.FLASH_OB_BOR_LevelConfig,"ax",%progbits
 624              		.align	1
 625              		.syntax unified
 626              		.thumb
 627              		.thumb_func
 629              	FLASH_OB_BOR_LevelConfig:
 630              	.LVL56:
 631              	.LFB162:
1726:Drivers/STM32H7xx_HAL_Driver/Src/stm32h7xx_hal_flash_ex.c **** 
1727:Drivers/STM32H7xx_HAL_Driver/Src/stm32h7xx_hal_flash_ex.c **** /**
1728:Drivers/STM32H7xx_HAL_Driver/Src/stm32h7xx_hal_flash_ex.c ****   * @brief  Set the BOR Level.
1729:Drivers/STM32H7xx_HAL_Driver/Src/stm32h7xx_hal_flash_ex.c ****   * @param  Level specifies the Option Bytes BOR Reset Level.
1730:Drivers/STM32H7xx_HAL_Driver/Src/stm32h7xx_hal_flash_ex.c ****   *          This parameter can be one of the following values:
1731:Drivers/STM32H7xx_HAL_Driver/Src/stm32h7xx_hal_flash_ex.c ****   *            @arg OB_BOR_LEVEL0: Reset level threshold is set to 1.6V
1732:Drivers/STM32H7xx_HAL_Driver/Src/stm32h7xx_hal_flash_ex.c ****   *            @arg OB_BOR_LEVEL1: Reset level threshold is set to 2.1V
1733:Drivers/STM32H7xx_HAL_Driver/Src/stm32h7xx_hal_flash_ex.c ****   *            @arg OB_BOR_LEVEL2: Reset level threshold is set to 2.4V
1734:Drivers/STM32H7xx_HAL_Driver/Src/stm32h7xx_hal_flash_ex.c ****   *            @arg OB_BOR_LEVEL3: Reset level threshold is set to 2.7V
1735:Drivers/STM32H7xx_HAL_Driver/Src/stm32h7xx_hal_flash_ex.c ****   * @retval None
1736:Drivers/STM32H7xx_HAL_Driver/Src/stm32h7xx_hal_flash_ex.c ****   */
1737:Drivers/STM32H7xx_HAL_Driver/Src/stm32h7xx_hal_flash_ex.c **** static void FLASH_OB_BOR_LevelConfig(uint32_t Level)
1738:Drivers/STM32H7xx_HAL_Driver/Src/stm32h7xx_hal_flash_ex.c **** {
 632              		.loc 1 1738 1 is_stmt 1 view -0
 633              		.cfi_startproc
 634              		@ args = 0, pretend = 0, frame = 0
 635              		@ frame_needed = 0, uses_anonymous_args = 0
 636              		@ link register save eliminated.
1739:Drivers/STM32H7xx_HAL_Driver/Src/stm32h7xx_hal_flash_ex.c ****   assert_param(IS_OB_BOR_LEVEL(Level));
 637              		.loc 1 1739 3 view .LVU193
1740:Drivers/STM32H7xx_HAL_Driver/Src/stm32h7xx_hal_flash_ex.c **** 
1741:Drivers/STM32H7xx_HAL_Driver/Src/stm32h7xx_hal_flash_ex.c ****   /* Configure BOR_LEV option byte */
1742:Drivers/STM32H7xx_HAL_Driver/Src/stm32h7xx_hal_flash_ex.c ****   MODIFY_REG(FLASH->OPTSR_PRG, FLASH_OPTSR_BOR_LEV, Level);
 638              		.loc 1 1742 3 view .LVU194
 639 0000 034A     		ldr	r2, .L56
 640 0002 136A     		ldr	r3, [r2, #32]
 641 0004 23F00C03 		bic	r3, r3, #12
 642 0008 0343     		orrs	r3, r3, r0
 643 000a 1362     		str	r3, [r2, #32]
1743:Drivers/STM32H7xx_HAL_Driver/Src/stm32h7xx_hal_flash_ex.c **** }
 644              		.loc 1 1743 1 is_stmt 0 view .LVU195
 645 000c 7047     		bx	lr
 646              	.L57:
 647 000e 00BF     		.align	2
 648              	.L56:
 649 0010 00200052 		.word	1375739904
 650              		.cfi_endproc
 651              	.LFE162:
 653              		.section	.text.FLASH_OB_GetBOR,"ax",%progbits
 654              		.align	1
 655              		.syntax unified
 656              		.thumb
ARM GAS  C:\Users\jason\AppData\Local\Temp\cc43Y6jb.s 			page 43


 657              		.thumb_func
 659              	FLASH_OB_GetBOR:
 660              	.LFB163:
1744:Drivers/STM32H7xx_HAL_Driver/Src/stm32h7xx_hal_flash_ex.c **** 
1745:Drivers/STM32H7xx_HAL_Driver/Src/stm32h7xx_hal_flash_ex.c **** /**
1746:Drivers/STM32H7xx_HAL_Driver/Src/stm32h7xx_hal_flash_ex.c ****   * @brief  Get the BOR Level.
1747:Drivers/STM32H7xx_HAL_Driver/Src/stm32h7xx_hal_flash_ex.c ****   * @retval The Option Bytes BOR Reset Level.
1748:Drivers/STM32H7xx_HAL_Driver/Src/stm32h7xx_hal_flash_ex.c ****   *            This parameter can be one of the following values:
1749:Drivers/STM32H7xx_HAL_Driver/Src/stm32h7xx_hal_flash_ex.c ****   *            @arg OB_BOR_LEVEL0: Reset level threshold is set to 1.6V
1750:Drivers/STM32H7xx_HAL_Driver/Src/stm32h7xx_hal_flash_ex.c ****   *            @arg OB_BOR_LEVEL1: Reset level threshold is set to 2.1V
1751:Drivers/STM32H7xx_HAL_Driver/Src/stm32h7xx_hal_flash_ex.c ****   *            @arg OB_BOR_LEVEL2: Reset level threshold is set to 2.4V
1752:Drivers/STM32H7xx_HAL_Driver/Src/stm32h7xx_hal_flash_ex.c ****   *            @arg OB_BOR_LEVEL3: Reset level threshold is set to 2.7V
1753:Drivers/STM32H7xx_HAL_Driver/Src/stm32h7xx_hal_flash_ex.c ****   */
1754:Drivers/STM32H7xx_HAL_Driver/Src/stm32h7xx_hal_flash_ex.c **** static uint32_t FLASH_OB_GetBOR(void)
1755:Drivers/STM32H7xx_HAL_Driver/Src/stm32h7xx_hal_flash_ex.c **** {
 661              		.loc 1 1755 1 is_stmt 1 view -0
 662              		.cfi_startproc
 663              		@ args = 0, pretend = 0, frame = 0
 664              		@ frame_needed = 0, uses_anonymous_args = 0
 665              		@ link register save eliminated.
1756:Drivers/STM32H7xx_HAL_Driver/Src/stm32h7xx_hal_flash_ex.c ****   return (FLASH->OPTSR_CUR & FLASH_OPTSR_BOR_LEV);
 666              		.loc 1 1756 3 view .LVU197
 667              		.loc 1 1756 16 is_stmt 0 view .LVU198
 668 0000 024B     		ldr	r3, .L59
 669 0002 D869     		ldr	r0, [r3, #28]
1757:Drivers/STM32H7xx_HAL_Driver/Src/stm32h7xx_hal_flash_ex.c **** }
 670              		.loc 1 1757 1 view .LVU199
 671 0004 00F00C00 		and	r0, r0, #12
 672 0008 7047     		bx	lr
 673              	.L60:
 674 000a 00BF     		.align	2
 675              	.L59:
 676 000c 00200052 		.word	1375739904
 677              		.cfi_endproc
 678              	.LFE163:
 680              		.section	.text.FLASH_OB_BootAddConfig,"ax",%progbits
 681              		.align	1
 682              		.syntax unified
 683              		.thumb
 684              		.thumb_func
 686              	FLASH_OB_BootAddConfig:
 687              	.LVL57:
 688              	.LFB164:
1758:Drivers/STM32H7xx_HAL_Driver/Src/stm32h7xx_hal_flash_ex.c **** 
1759:Drivers/STM32H7xx_HAL_Driver/Src/stm32h7xx_hal_flash_ex.c **** /**
1760:Drivers/STM32H7xx_HAL_Driver/Src/stm32h7xx_hal_flash_ex.c ****   * @brief  Set Boot address
1761:Drivers/STM32H7xx_HAL_Driver/Src/stm32h7xx_hal_flash_ex.c ****   * @param  BootOption Boot address option byte to be programmed,
1762:Drivers/STM32H7xx_HAL_Driver/Src/stm32h7xx_hal_flash_ex.c ****   *                     This parameter must be a value of @ref FLASHEx_OB_BOOT_OPTION
1763:Drivers/STM32H7xx_HAL_Driver/Src/stm32h7xx_hal_flash_ex.c ****                         (OB_BOOT_ADD0, OB_BOOT_ADD1 or OB_BOOT_ADD_BOTH)
1764:Drivers/STM32H7xx_HAL_Driver/Src/stm32h7xx_hal_flash_ex.c ****   *
1765:Drivers/STM32H7xx_HAL_Driver/Src/stm32h7xx_hal_flash_ex.c ****   * @param  BootAddress0 Specifies the Boot Address 0
1766:Drivers/STM32H7xx_HAL_Driver/Src/stm32h7xx_hal_flash_ex.c ****   * @param  BootAddress1 Specifies the Boot Address 1
1767:Drivers/STM32H7xx_HAL_Driver/Src/stm32h7xx_hal_flash_ex.c ****   * @retval HAL Status
1768:Drivers/STM32H7xx_HAL_Driver/Src/stm32h7xx_hal_flash_ex.c ****   */
1769:Drivers/STM32H7xx_HAL_Driver/Src/stm32h7xx_hal_flash_ex.c **** static void FLASH_OB_BootAddConfig(uint32_t BootOption, uint32_t BootAddress0, uint32_t BootAddress
1770:Drivers/STM32H7xx_HAL_Driver/Src/stm32h7xx_hal_flash_ex.c **** {
 689              		.loc 1 1770 1 is_stmt 1 view -0
ARM GAS  C:\Users\jason\AppData\Local\Temp\cc43Y6jb.s 			page 44


 690              		.cfi_startproc
 691              		@ args = 0, pretend = 0, frame = 0
 692              		@ frame_needed = 0, uses_anonymous_args = 0
 693              		@ link register save eliminated.
1771:Drivers/STM32H7xx_HAL_Driver/Src/stm32h7xx_hal_flash_ex.c ****   /* Check the parameters */
1772:Drivers/STM32H7xx_HAL_Driver/Src/stm32h7xx_hal_flash_ex.c ****   assert_param(IS_OB_BOOT_ADD_OPTION(BootOption));
 694              		.loc 1 1772 3 view .LVU201
1773:Drivers/STM32H7xx_HAL_Driver/Src/stm32h7xx_hal_flash_ex.c **** 
1774:Drivers/STM32H7xx_HAL_Driver/Src/stm32h7xx_hal_flash_ex.c ****   if((BootOption & OB_BOOT_ADD0) == OB_BOOT_ADD0)
 695              		.loc 1 1774 3 view .LVU202
 696              		.loc 1 1774 5 is_stmt 0 view .LVU203
 697 0000 10F0010F 		tst	r0, #1
 698 0004 09D0     		beq	.L62
1775:Drivers/STM32H7xx_HAL_Driver/Src/stm32h7xx_hal_flash_ex.c ****   {
1776:Drivers/STM32H7xx_HAL_Driver/Src/stm32h7xx_hal_flash_ex.c ****     /* Check the parameters */
1777:Drivers/STM32H7xx_HAL_Driver/Src/stm32h7xx_hal_flash_ex.c ****     assert_param(IS_BOOT_ADDRESS(BootAddress0));
 699              		.loc 1 1777 5 is_stmt 1 view .LVU204
1778:Drivers/STM32H7xx_HAL_Driver/Src/stm32h7xx_hal_flash_ex.c **** 
1779:Drivers/STM32H7xx_HAL_Driver/Src/stm32h7xx_hal_flash_ex.c ****     /* Configure CM7 BOOT ADD0 */
1780:Drivers/STM32H7xx_HAL_Driver/Src/stm32h7xx_hal_flash_ex.c **** #if defined(DUAL_CORE)
1781:Drivers/STM32H7xx_HAL_Driver/Src/stm32h7xx_hal_flash_ex.c ****     MODIFY_REG(FLASH->BOOT7_PRG, FLASH_BOOT7_BCM7_ADD0, (BootAddress0 >> 16));
1782:Drivers/STM32H7xx_HAL_Driver/Src/stm32h7xx_hal_flash_ex.c **** #else /* Single Core*/
1783:Drivers/STM32H7xx_HAL_Driver/Src/stm32h7xx_hal_flash_ex.c ****     MODIFY_REG(FLASH->BOOT_PRG, FLASH_BOOT_ADD0, (BootAddress0 >> 16));
 700              		.loc 1 1783 5 view .LVU205
 701 0006 DFF824C0 		ldr	ip, .L64
 702 000a DCF84430 		ldr	r3, [ip, #68]
 703 000e 6FF30F03 		bfc	r3, #0, #16
 704 0012 43EA1143 		orr	r3, r3, r1, lsr #16
 705 0016 CCF84430 		str	r3, [ip, #68]
 706              	.L62:
1784:Drivers/STM32H7xx_HAL_Driver/Src/stm32h7xx_hal_flash_ex.c **** #endif /* DUAL_CORE */
1785:Drivers/STM32H7xx_HAL_Driver/Src/stm32h7xx_hal_flash_ex.c ****   }
1786:Drivers/STM32H7xx_HAL_Driver/Src/stm32h7xx_hal_flash_ex.c **** 
1787:Drivers/STM32H7xx_HAL_Driver/Src/stm32h7xx_hal_flash_ex.c ****   if((BootOption & OB_BOOT_ADD1) == OB_BOOT_ADD1)
 707              		.loc 1 1787 3 view .LVU206
 708              		.loc 1 1787 5 is_stmt 0 view .LVU207
 709 001a 10F0020F 		tst	r0, #2
 710 001e 04D0     		beq	.L61
1788:Drivers/STM32H7xx_HAL_Driver/Src/stm32h7xx_hal_flash_ex.c ****   {
1789:Drivers/STM32H7xx_HAL_Driver/Src/stm32h7xx_hal_flash_ex.c ****     /* Check the parameters */
1790:Drivers/STM32H7xx_HAL_Driver/Src/stm32h7xx_hal_flash_ex.c ****     assert_param(IS_BOOT_ADDRESS(BootAddress1));
 711              		.loc 1 1790 5 is_stmt 1 view .LVU208
1791:Drivers/STM32H7xx_HAL_Driver/Src/stm32h7xx_hal_flash_ex.c **** 
1792:Drivers/STM32H7xx_HAL_Driver/Src/stm32h7xx_hal_flash_ex.c ****     /* Configure CM7 BOOT ADD1 */
1793:Drivers/STM32H7xx_HAL_Driver/Src/stm32h7xx_hal_flash_ex.c **** #if defined(DUAL_CORE)
1794:Drivers/STM32H7xx_HAL_Driver/Src/stm32h7xx_hal_flash_ex.c ****     MODIFY_REG(FLASH->BOOT7_PRG, FLASH_BOOT7_BCM7_ADD1, BootAddress1);
1795:Drivers/STM32H7xx_HAL_Driver/Src/stm32h7xx_hal_flash_ex.c **** #else /* Single Core*/
1796:Drivers/STM32H7xx_HAL_Driver/Src/stm32h7xx_hal_flash_ex.c ****     MODIFY_REG(FLASH->BOOT_PRG, FLASH_BOOT_ADD1, BootAddress1);
 712              		.loc 1 1796 5 view .LVU209
 713 0020 0249     		ldr	r1, .L64
 714              	.LVL58:
 715              		.loc 1 1796 5 is_stmt 0 view .LVU210
 716 0022 4B6C     		ldr	r3, [r1, #68]
 717 0024 9BB2     		uxth	r3, r3
 718 0026 1343     		orrs	r3, r3, r2
 719 0028 4B64     		str	r3, [r1, #68]
 720              	.L61:
ARM GAS  C:\Users\jason\AppData\Local\Temp\cc43Y6jb.s 			page 45


1797:Drivers/STM32H7xx_HAL_Driver/Src/stm32h7xx_hal_flash_ex.c **** #endif /* DUAL_CORE */
1798:Drivers/STM32H7xx_HAL_Driver/Src/stm32h7xx_hal_flash_ex.c ****   }
1799:Drivers/STM32H7xx_HAL_Driver/Src/stm32h7xx_hal_flash_ex.c **** }
 721              		.loc 1 1799 1 view .LVU211
 722 002a 7047     		bx	lr
 723              	.L65:
 724              		.align	2
 725              	.L64:
 726 002c 00200052 		.word	1375739904
 727              		.cfi_endproc
 728              	.LFE164:
 730              		.section	.text.FLASH_OB_GetBootAdd,"ax",%progbits
 731              		.align	1
 732              		.syntax unified
 733              		.thumb
 734              		.thumb_func
 736              	FLASH_OB_GetBootAdd:
 737              	.LVL59:
 738              	.LFB165:
1800:Drivers/STM32H7xx_HAL_Driver/Src/stm32h7xx_hal_flash_ex.c **** 
1801:Drivers/STM32H7xx_HAL_Driver/Src/stm32h7xx_hal_flash_ex.c **** /**
1802:Drivers/STM32H7xx_HAL_Driver/Src/stm32h7xx_hal_flash_ex.c ****   * @brief  Get Boot address
1803:Drivers/STM32H7xx_HAL_Driver/Src/stm32h7xx_hal_flash_ex.c ****   * @param  BootAddress0 Specifies the Boot Address 0.
1804:Drivers/STM32H7xx_HAL_Driver/Src/stm32h7xx_hal_flash_ex.c ****   * @param  BootAddress1 Specifies the Boot Address 1.
1805:Drivers/STM32H7xx_HAL_Driver/Src/stm32h7xx_hal_flash_ex.c ****   * @retval HAL Status
1806:Drivers/STM32H7xx_HAL_Driver/Src/stm32h7xx_hal_flash_ex.c ****   */
1807:Drivers/STM32H7xx_HAL_Driver/Src/stm32h7xx_hal_flash_ex.c **** static void FLASH_OB_GetBootAdd(uint32_t *BootAddress0, uint32_t *BootAddress1)
1808:Drivers/STM32H7xx_HAL_Driver/Src/stm32h7xx_hal_flash_ex.c **** {
 739              		.loc 1 1808 1 is_stmt 1 view -0
 740              		.cfi_startproc
 741              		@ args = 0, pretend = 0, frame = 0
 742              		@ frame_needed = 0, uses_anonymous_args = 0
 743              		@ link register save eliminated.
1809:Drivers/STM32H7xx_HAL_Driver/Src/stm32h7xx_hal_flash_ex.c ****   uint32_t regvalue;
 744              		.loc 1 1809 3 view .LVU213
1810:Drivers/STM32H7xx_HAL_Driver/Src/stm32h7xx_hal_flash_ex.c **** 
1811:Drivers/STM32H7xx_HAL_Driver/Src/stm32h7xx_hal_flash_ex.c **** #if defined(DUAL_CORE)
1812:Drivers/STM32H7xx_HAL_Driver/Src/stm32h7xx_hal_flash_ex.c ****   regvalue = FLASH->BOOT7_CUR;
1813:Drivers/STM32H7xx_HAL_Driver/Src/stm32h7xx_hal_flash_ex.c **** 
1814:Drivers/STM32H7xx_HAL_Driver/Src/stm32h7xx_hal_flash_ex.c ****   (*BootAddress0) = (regvalue & FLASH_BOOT7_BCM7_ADD0) << 16;
1815:Drivers/STM32H7xx_HAL_Driver/Src/stm32h7xx_hal_flash_ex.c ****   (*BootAddress1) = (regvalue & FLASH_BOOT7_BCM7_ADD1);
1816:Drivers/STM32H7xx_HAL_Driver/Src/stm32h7xx_hal_flash_ex.c **** #else /* Single Core */
1817:Drivers/STM32H7xx_HAL_Driver/Src/stm32h7xx_hal_flash_ex.c ****   regvalue = FLASH->BOOT_CUR;
 745              		.loc 1 1817 3 view .LVU214
 746              		.loc 1 1817 12 is_stmt 0 view .LVU215
 747 0000 034B     		ldr	r3, .L67
 748 0002 1B6C     		ldr	r3, [r3, #64]
 749              	.LVL60:
1818:Drivers/STM32H7xx_HAL_Driver/Src/stm32h7xx_hal_flash_ex.c **** 
1819:Drivers/STM32H7xx_HAL_Driver/Src/stm32h7xx_hal_flash_ex.c ****   (*BootAddress0) = (regvalue & FLASH_BOOT_ADD0) << 16;
 750              		.loc 1 1819 3 is_stmt 1 view .LVU216
 751              		.loc 1 1819 50 is_stmt 0 view .LVU217
 752 0004 1A04     		lsls	r2, r3, #16
 753              		.loc 1 1819 19 view .LVU218
 754 0006 0260     		str	r2, [r0]
1820:Drivers/STM32H7xx_HAL_Driver/Src/stm32h7xx_hal_flash_ex.c ****   (*BootAddress1) = (regvalue & FLASH_BOOT_ADD1);
 755              		.loc 1 1820 3 is_stmt 1 view .LVU219
ARM GAS  C:\Users\jason\AppData\Local\Temp\cc43Y6jb.s 			page 46


 756              		.loc 1 1820 31 is_stmt 0 view .LVU220
 757 0008 6FF30F03 		bfc	r3, #0, #16
 758              	.LVL61:
 759              		.loc 1 1820 19 view .LVU221
 760 000c 0B60     		str	r3, [r1]
1821:Drivers/STM32H7xx_HAL_Driver/Src/stm32h7xx_hal_flash_ex.c **** #endif /* DUAL_CORE */
1822:Drivers/STM32H7xx_HAL_Driver/Src/stm32h7xx_hal_flash_ex.c **** }
 761              		.loc 1 1822 1 view .LVU222
 762 000e 7047     		bx	lr
 763              	.L68:
 764              		.align	2
 765              	.L67:
 766 0010 00200052 		.word	1375739904
 767              		.cfi_endproc
 768              	.LFE165:
 770              		.section	.text.FLASH_OB_SecureAreaConfig,"ax",%progbits
 771              		.align	1
 772              		.syntax unified
 773              		.thumb
 774              		.thumb_func
 776              	FLASH_OB_SecureAreaConfig:
 777              	.LVL62:
 778              	.LFB166:
1823:Drivers/STM32H7xx_HAL_Driver/Src/stm32h7xx_hal_flash_ex.c **** 
1824:Drivers/STM32H7xx_HAL_Driver/Src/stm32h7xx_hal_flash_ex.c **** #if defined(DUAL_CORE)
1825:Drivers/STM32H7xx_HAL_Driver/Src/stm32h7xx_hal_flash_ex.c **** /**
1826:Drivers/STM32H7xx_HAL_Driver/Src/stm32h7xx_hal_flash_ex.c ****   * @brief  Set CM4 Boot address
1827:Drivers/STM32H7xx_HAL_Driver/Src/stm32h7xx_hal_flash_ex.c ****   * @param  BootOption Boot address option byte to be programmed,
1828:Drivers/STM32H7xx_HAL_Driver/Src/stm32h7xx_hal_flash_ex.c ****   *                     This parameter must be a value of @ref FLASHEx_OB_BOOT_OPTION
1829:Drivers/STM32H7xx_HAL_Driver/Src/stm32h7xx_hal_flash_ex.c ****                         (OB_BOOT_ADD0, OB_BOOT_ADD1 or OB_BOOT_ADD_BOTH)
1830:Drivers/STM32H7xx_HAL_Driver/Src/stm32h7xx_hal_flash_ex.c ****   *
1831:Drivers/STM32H7xx_HAL_Driver/Src/stm32h7xx_hal_flash_ex.c ****   * @param  BootAddress0 Specifies the CM4 Boot Address 0.
1832:Drivers/STM32H7xx_HAL_Driver/Src/stm32h7xx_hal_flash_ex.c ****   * @param  BootAddress1 Specifies the CM4 Boot Address 1.
1833:Drivers/STM32H7xx_HAL_Driver/Src/stm32h7xx_hal_flash_ex.c ****   * @retval HAL Status
1834:Drivers/STM32H7xx_HAL_Driver/Src/stm32h7xx_hal_flash_ex.c ****   */
1835:Drivers/STM32H7xx_HAL_Driver/Src/stm32h7xx_hal_flash_ex.c **** static void FLASH_OB_CM4BootAddConfig(uint32_t BootOption, uint32_t BootAddress0, uint32_t BootAddr
1836:Drivers/STM32H7xx_HAL_Driver/Src/stm32h7xx_hal_flash_ex.c **** {
1837:Drivers/STM32H7xx_HAL_Driver/Src/stm32h7xx_hal_flash_ex.c ****   /* Check the parameters */
1838:Drivers/STM32H7xx_HAL_Driver/Src/stm32h7xx_hal_flash_ex.c ****   assert_param(IS_OB_BOOT_ADD_OPTION(BootOption));
1839:Drivers/STM32H7xx_HAL_Driver/Src/stm32h7xx_hal_flash_ex.c **** 
1840:Drivers/STM32H7xx_HAL_Driver/Src/stm32h7xx_hal_flash_ex.c ****   if((BootOption & OB_BOOT_ADD0) == OB_BOOT_ADD0)
1841:Drivers/STM32H7xx_HAL_Driver/Src/stm32h7xx_hal_flash_ex.c ****   {
1842:Drivers/STM32H7xx_HAL_Driver/Src/stm32h7xx_hal_flash_ex.c ****     /* Check the parameters */
1843:Drivers/STM32H7xx_HAL_Driver/Src/stm32h7xx_hal_flash_ex.c ****     assert_param(IS_BOOT_ADDRESS(BootAddress0));
1844:Drivers/STM32H7xx_HAL_Driver/Src/stm32h7xx_hal_flash_ex.c **** 
1845:Drivers/STM32H7xx_HAL_Driver/Src/stm32h7xx_hal_flash_ex.c ****     /* Configure CM4 BOOT ADD0 */
1846:Drivers/STM32H7xx_HAL_Driver/Src/stm32h7xx_hal_flash_ex.c ****     MODIFY_REG(FLASH->BOOT4_PRG, FLASH_BOOT4_BCM4_ADD0, (BootAddress0 >> 16));
1847:Drivers/STM32H7xx_HAL_Driver/Src/stm32h7xx_hal_flash_ex.c **** 
1848:Drivers/STM32H7xx_HAL_Driver/Src/stm32h7xx_hal_flash_ex.c ****   }
1849:Drivers/STM32H7xx_HAL_Driver/Src/stm32h7xx_hal_flash_ex.c **** 
1850:Drivers/STM32H7xx_HAL_Driver/Src/stm32h7xx_hal_flash_ex.c ****   if((BootOption & OB_BOOT_ADD1) == OB_BOOT_ADD1)
1851:Drivers/STM32H7xx_HAL_Driver/Src/stm32h7xx_hal_flash_ex.c ****   {
1852:Drivers/STM32H7xx_HAL_Driver/Src/stm32h7xx_hal_flash_ex.c ****     /* Check the parameters */
1853:Drivers/STM32H7xx_HAL_Driver/Src/stm32h7xx_hal_flash_ex.c ****     assert_param(IS_BOOT_ADDRESS(BootAddress1));
1854:Drivers/STM32H7xx_HAL_Driver/Src/stm32h7xx_hal_flash_ex.c **** 
1855:Drivers/STM32H7xx_HAL_Driver/Src/stm32h7xx_hal_flash_ex.c ****     /* Configure CM4 BOOT ADD1 */
1856:Drivers/STM32H7xx_HAL_Driver/Src/stm32h7xx_hal_flash_ex.c ****     MODIFY_REG(FLASH->BOOT4_PRG, FLASH_BOOT4_BCM4_ADD1, BootAddress1);
ARM GAS  C:\Users\jason\AppData\Local\Temp\cc43Y6jb.s 			page 47


1857:Drivers/STM32H7xx_HAL_Driver/Src/stm32h7xx_hal_flash_ex.c ****   }
1858:Drivers/STM32H7xx_HAL_Driver/Src/stm32h7xx_hal_flash_ex.c **** }
1859:Drivers/STM32H7xx_HAL_Driver/Src/stm32h7xx_hal_flash_ex.c **** 
1860:Drivers/STM32H7xx_HAL_Driver/Src/stm32h7xx_hal_flash_ex.c **** /**
1861:Drivers/STM32H7xx_HAL_Driver/Src/stm32h7xx_hal_flash_ex.c ****   * @brief  Get CM4 Boot address
1862:Drivers/STM32H7xx_HAL_Driver/Src/stm32h7xx_hal_flash_ex.c ****   * @param  BootAddress0 Specifies the CM4 Boot Address 0.
1863:Drivers/STM32H7xx_HAL_Driver/Src/stm32h7xx_hal_flash_ex.c ****   * @param  BootAddress1 Specifies the CM4 Boot Address 1.
1864:Drivers/STM32H7xx_HAL_Driver/Src/stm32h7xx_hal_flash_ex.c ****   * @retval HAL Status
1865:Drivers/STM32H7xx_HAL_Driver/Src/stm32h7xx_hal_flash_ex.c ****   */
1866:Drivers/STM32H7xx_HAL_Driver/Src/stm32h7xx_hal_flash_ex.c **** static void FLASH_OB_GetCM4BootAdd(uint32_t *BootAddress0, uint32_t *BootAddress1)
1867:Drivers/STM32H7xx_HAL_Driver/Src/stm32h7xx_hal_flash_ex.c **** {
1868:Drivers/STM32H7xx_HAL_Driver/Src/stm32h7xx_hal_flash_ex.c ****   uint32_t regvalue;
1869:Drivers/STM32H7xx_HAL_Driver/Src/stm32h7xx_hal_flash_ex.c **** 
1870:Drivers/STM32H7xx_HAL_Driver/Src/stm32h7xx_hal_flash_ex.c ****   regvalue = FLASH->BOOT4_CUR;
1871:Drivers/STM32H7xx_HAL_Driver/Src/stm32h7xx_hal_flash_ex.c **** 
1872:Drivers/STM32H7xx_HAL_Driver/Src/stm32h7xx_hal_flash_ex.c ****   (*BootAddress0) = (regvalue & FLASH_BOOT4_BCM4_ADD0) << 16;
1873:Drivers/STM32H7xx_HAL_Driver/Src/stm32h7xx_hal_flash_ex.c ****   (*BootAddress1) = (regvalue & FLASH_BOOT4_BCM4_ADD1);
1874:Drivers/STM32H7xx_HAL_Driver/Src/stm32h7xx_hal_flash_ex.c **** }
1875:Drivers/STM32H7xx_HAL_Driver/Src/stm32h7xx_hal_flash_ex.c **** #endif /*DUAL_CORE*/
1876:Drivers/STM32H7xx_HAL_Driver/Src/stm32h7xx_hal_flash_ex.c **** 
1877:Drivers/STM32H7xx_HAL_Driver/Src/stm32h7xx_hal_flash_ex.c **** /**
1878:Drivers/STM32H7xx_HAL_Driver/Src/stm32h7xx_hal_flash_ex.c ****   * @brief  Set secure area configuration
1879:Drivers/STM32H7xx_HAL_Driver/Src/stm32h7xx_hal_flash_ex.c ****   * @param  SecureAreaConfig specify if the secure area will be deleted or not
1880:Drivers/STM32H7xx_HAL_Driver/Src/stm32h7xx_hal_flash_ex.c ****   *         when RDP level decreased from Level 1 to Level 0 or during a mass erase.
1881:Drivers/STM32H7xx_HAL_Driver/Src/stm32h7xx_hal_flash_ex.c ****   *
1882:Drivers/STM32H7xx_HAL_Driver/Src/stm32h7xx_hal_flash_ex.c ****   * @param  SecureAreaStartAddr Specifies the secure area start address
1883:Drivers/STM32H7xx_HAL_Driver/Src/stm32h7xx_hal_flash_ex.c ****   * @param  SecureAreaEndAddr Specifies the secure area end address
1884:Drivers/STM32H7xx_HAL_Driver/Src/stm32h7xx_hal_flash_ex.c ****   * @param  Banks the specific bank to apply Security protection
1885:Drivers/STM32H7xx_HAL_Driver/Src/stm32h7xx_hal_flash_ex.c ****   *          This parameter can be one of the following values:
1886:Drivers/STM32H7xx_HAL_Driver/Src/stm32h7xx_hal_flash_ex.c ****   *            @arg FLASH_BANK_1: Secure area on specified bank1 area
1887:Drivers/STM32H7xx_HAL_Driver/Src/stm32h7xx_hal_flash_ex.c ****   *            @arg FLASH_BANK_2: Secure area on specified bank2 area
1888:Drivers/STM32H7xx_HAL_Driver/Src/stm32h7xx_hal_flash_ex.c ****   *            @arg FLASH_BANK_BOTH: Secure area on specified bank1 and bank2 area (same config wil
1889:Drivers/STM32H7xx_HAL_Driver/Src/stm32h7xx_hal_flash_ex.c ****   * @retval None
1890:Drivers/STM32H7xx_HAL_Driver/Src/stm32h7xx_hal_flash_ex.c ****   */
1891:Drivers/STM32H7xx_HAL_Driver/Src/stm32h7xx_hal_flash_ex.c **** static void FLASH_OB_SecureAreaConfig(uint32_t SecureAreaConfig, uint32_t SecureAreaStartAddr, uint
1892:Drivers/STM32H7xx_HAL_Driver/Src/stm32h7xx_hal_flash_ex.c **** {
 779              		.loc 1 1892 1 is_stmt 1 view -0
 780              		.cfi_startproc
 781              		@ args = 0, pretend = 0, frame = 0
 782              		@ frame_needed = 0, uses_anonymous_args = 0
 783              		@ link register save eliminated.
1893:Drivers/STM32H7xx_HAL_Driver/Src/stm32h7xx_hal_flash_ex.c ****   /* Check the parameters */
1894:Drivers/STM32H7xx_HAL_Driver/Src/stm32h7xx_hal_flash_ex.c ****   assert_param(IS_FLASH_BANK(Banks));
 784              		.loc 1 1894 3 view .LVU224
1895:Drivers/STM32H7xx_HAL_Driver/Src/stm32h7xx_hal_flash_ex.c ****   assert_param(IS_OB_SECURE_RDP(SecureAreaConfig));
 785              		.loc 1 1895 3 view .LVU225
1896:Drivers/STM32H7xx_HAL_Driver/Src/stm32h7xx_hal_flash_ex.c **** 
1897:Drivers/STM32H7xx_HAL_Driver/Src/stm32h7xx_hal_flash_ex.c ****   if((Banks & FLASH_BANK_1) == FLASH_BANK_1)
 786              		.loc 1 1897 3 view .LVU226
 787              		.loc 1 1897 5 is_stmt 0 view .LVU227
 788 0000 13F0010F 		tst	r3, #1
 789 0004 0CD0     		beq	.L69
1898:Drivers/STM32H7xx_HAL_Driver/Src/stm32h7xx_hal_flash_ex.c ****   {
1899:Drivers/STM32H7xx_HAL_Driver/Src/stm32h7xx_hal_flash_ex.c ****     /* Check the parameters */
1900:Drivers/STM32H7xx_HAL_Driver/Src/stm32h7xx_hal_flash_ex.c ****     assert_param(IS_FLASH_PROGRAM_ADDRESS_BANK1(SecureAreaStartAddr));
 790              		.loc 1 1900 5 is_stmt 1 view .LVU228
1901:Drivers/STM32H7xx_HAL_Driver/Src/stm32h7xx_hal_flash_ex.c ****     assert_param(IS_FLASH_PROGRAM_ADDRESS_BANK1(SecureAreaEndAddr));
ARM GAS  C:\Users\jason\AppData\Local\Temp\cc43Y6jb.s 			page 48


 791              		.loc 1 1901 5 view .LVU229
1902:Drivers/STM32H7xx_HAL_Driver/Src/stm32h7xx_hal_flash_ex.c **** 
1903:Drivers/STM32H7xx_HAL_Driver/Src/stm32h7xx_hal_flash_ex.c ****     /* Configure the secure area */
1904:Drivers/STM32H7xx_HAL_Driver/Src/stm32h7xx_hal_flash_ex.c ****     FLASH->SCAR_PRG1 = ((SecureAreaStartAddr - FLASH_BANK1_BASE) >> 8)                             
 792              		.loc 1 1904 5 view .LVU230
 793              		.loc 1 1904 46 is_stmt 0 view .LVU231
 794 0006 01F17841 		add	r1, r1, #-134217728
 795              	.LVL63:
1905:Drivers/STM32H7xx_HAL_Driver/Src/stm32h7xx_hal_flash_ex.c ****                        (((SecureAreaEndAddr - FLASH_BANK1_BASE) >> 8) << FLASH_SCAR_SEC_AREA_END_Po
 796              		.loc 1 1905 45 view .LVU232
 797 000a 02F17843 		add	r3, r2, #-134217728
 798              	.LVL64:
 799              		.loc 1 1905 65 view .LVU233
 800 000e 1B0A     		lsrs	r3, r3, #8
 801              		.loc 1 1905 71 view .LVU234
 802 0010 1B04     		lsls	r3, r3, #16
1904:Drivers/STM32H7xx_HAL_Driver/Src/stm32h7xx_hal_flash_ex.c ****                        (((SecureAreaEndAddr - FLASH_BANK1_BASE) >> 8) << FLASH_SCAR_SEC_AREA_END_Po
 803              		.loc 1 1904 103 view .LVU235
 804 0012 43EA1123 		orr	r3, r3, r1, lsr #8
1906:Drivers/STM32H7xx_HAL_Driver/Src/stm32h7xx_hal_flash_ex.c ****                        (SecureAreaConfig & FLASH_SCAR_DMES);
 805              		.loc 1 1906 42 view .LVU236
 806 0016 00F00040 		and	r0, r0, #-2147483648
 807              	.LVL65:
1905:Drivers/STM32H7xx_HAL_Driver/Src/stm32h7xx_hal_flash_ex.c ****                        (((SecureAreaEndAddr - FLASH_BANK1_BASE) >> 8) << FLASH_SCAR_SEC_AREA_END_Po
 808              		.loc 1 1905 103 view .LVU237
 809 001a 0343     		orrs	r3, r3, r0
1904:Drivers/STM32H7xx_HAL_Driver/Src/stm32h7xx_hal_flash_ex.c ****                        (((SecureAreaEndAddr - FLASH_BANK1_BASE) >> 8) << FLASH_SCAR_SEC_AREA_END_Po
 810              		.loc 1 1904 22 view .LVU238
 811 001c 014A     		ldr	r2, .L71
 812              	.LVL66:
1904:Drivers/STM32H7xx_HAL_Driver/Src/stm32h7xx_hal_flash_ex.c ****                        (((SecureAreaEndAddr - FLASH_BANK1_BASE) >> 8) << FLASH_SCAR_SEC_AREA_END_Po
 813              		.loc 1 1904 22 view .LVU239
 814 001e 5363     		str	r3, [r2, #52]
 815              	.LVL67:
 816              	.L69:
1907:Drivers/STM32H7xx_HAL_Driver/Src/stm32h7xx_hal_flash_ex.c ****   }
1908:Drivers/STM32H7xx_HAL_Driver/Src/stm32h7xx_hal_flash_ex.c **** 
1909:Drivers/STM32H7xx_HAL_Driver/Src/stm32h7xx_hal_flash_ex.c **** #if defined (DUAL_BANK)
1910:Drivers/STM32H7xx_HAL_Driver/Src/stm32h7xx_hal_flash_ex.c ****   if((Banks & FLASH_BANK_2) == FLASH_BANK_2)
1911:Drivers/STM32H7xx_HAL_Driver/Src/stm32h7xx_hal_flash_ex.c ****   {
1912:Drivers/STM32H7xx_HAL_Driver/Src/stm32h7xx_hal_flash_ex.c ****     /* Check the parameters */
1913:Drivers/STM32H7xx_HAL_Driver/Src/stm32h7xx_hal_flash_ex.c ****     assert_param(IS_FLASH_PROGRAM_ADDRESS_BANK2(SecureAreaStartAddr));
1914:Drivers/STM32H7xx_HAL_Driver/Src/stm32h7xx_hal_flash_ex.c ****     assert_param(IS_FLASH_PROGRAM_ADDRESS_BANK2(SecureAreaEndAddr));
1915:Drivers/STM32H7xx_HAL_Driver/Src/stm32h7xx_hal_flash_ex.c **** 
1916:Drivers/STM32H7xx_HAL_Driver/Src/stm32h7xx_hal_flash_ex.c ****     /* Configure the secure area */
1917:Drivers/STM32H7xx_HAL_Driver/Src/stm32h7xx_hal_flash_ex.c ****     FLASH->SCAR_PRG2 = ((SecureAreaStartAddr - FLASH_BANK2_BASE) >> 8)                             
1918:Drivers/STM32H7xx_HAL_Driver/Src/stm32h7xx_hal_flash_ex.c ****                        (((SecureAreaEndAddr - FLASH_BANK2_BASE) >> 8) << FLASH_SCAR_SEC_AREA_END_Po
1919:Drivers/STM32H7xx_HAL_Driver/Src/stm32h7xx_hal_flash_ex.c ****                        (SecureAreaConfig & FLASH_SCAR_DMES);
1920:Drivers/STM32H7xx_HAL_Driver/Src/stm32h7xx_hal_flash_ex.c ****   }
1921:Drivers/STM32H7xx_HAL_Driver/Src/stm32h7xx_hal_flash_ex.c **** #endif /* DUAL_BANK */
1922:Drivers/STM32H7xx_HAL_Driver/Src/stm32h7xx_hal_flash_ex.c **** }
 817              		.loc 1 1922 1 view .LVU240
 818 0020 7047     		bx	lr
 819              	.L72:
 820 0022 00BF     		.align	2
 821              	.L71:
 822 0024 00200052 		.word	1375739904
ARM GAS  C:\Users\jason\AppData\Local\Temp\cc43Y6jb.s 			page 49


 823              		.cfi_endproc
 824              	.LFE166:
 826              		.section	.text.FLASH_OB_GetSecureArea,"ax",%progbits
 827              		.align	1
 828              		.syntax unified
 829              		.thumb
 830              		.thumb_func
 832              	FLASH_OB_GetSecureArea:
 833              	.LVL68:
 834              	.LFB167:
1923:Drivers/STM32H7xx_HAL_Driver/Src/stm32h7xx_hal_flash_ex.c **** 
1924:Drivers/STM32H7xx_HAL_Driver/Src/stm32h7xx_hal_flash_ex.c **** /**
1925:Drivers/STM32H7xx_HAL_Driver/Src/stm32h7xx_hal_flash_ex.c ****   * @brief  Get secure area configuration
1926:Drivers/STM32H7xx_HAL_Driver/Src/stm32h7xx_hal_flash_ex.c ****   * @param  SecureAreaConfig indicates if the secure area will be deleted or not
1927:Drivers/STM32H7xx_HAL_Driver/Src/stm32h7xx_hal_flash_ex.c ****   *         when RDP level decreased from Level 1 to Level 0 or during a mass erase.
1928:Drivers/STM32H7xx_HAL_Driver/Src/stm32h7xx_hal_flash_ex.c ****   * @param  SecureAreaStartAddr gives the secure area start address
1929:Drivers/STM32H7xx_HAL_Driver/Src/stm32h7xx_hal_flash_ex.c ****   * @param  SecureAreaEndAddr gives the secure area end address
1930:Drivers/STM32H7xx_HAL_Driver/Src/stm32h7xx_hal_flash_ex.c ****   * @param  Bank Specifies the Bank
1931:Drivers/STM32H7xx_HAL_Driver/Src/stm32h7xx_hal_flash_ex.c ****   * @retval None
1932:Drivers/STM32H7xx_HAL_Driver/Src/stm32h7xx_hal_flash_ex.c ****   */
1933:Drivers/STM32H7xx_HAL_Driver/Src/stm32h7xx_hal_flash_ex.c **** static void FLASH_OB_GetSecureArea(uint32_t *SecureAreaConfig, uint32_t *SecureAreaStartAddr, uint3
1934:Drivers/STM32H7xx_HAL_Driver/Src/stm32h7xx_hal_flash_ex.c **** {
 835              		.loc 1 1934 1 is_stmt 1 view -0
 836              		.cfi_startproc
 837              		@ args = 0, pretend = 0, frame = 0
 838              		@ frame_needed = 0, uses_anonymous_args = 0
 839              		.loc 1 1934 1 is_stmt 0 view .LVU242
 840 0000 00B5     		push	{lr}
 841              		.cfi_def_cfa_offset 4
 842              		.cfi_offset 14, -4
1935:Drivers/STM32H7xx_HAL_Driver/Src/stm32h7xx_hal_flash_ex.c ****   uint32_t regvalue = 0;
 843              		.loc 1 1935 3 is_stmt 1 view .LVU243
 844              	.LVL69:
1936:Drivers/STM32H7xx_HAL_Driver/Src/stm32h7xx_hal_flash_ex.c ****   uint32_t bankBase = 0;
 845              		.loc 1 1936 3 view .LVU244
1937:Drivers/STM32H7xx_HAL_Driver/Src/stm32h7xx_hal_flash_ex.c **** 
1938:Drivers/STM32H7xx_HAL_Driver/Src/stm32h7xx_hal_flash_ex.c ****   /* Check Bank parameter value */
1939:Drivers/STM32H7xx_HAL_Driver/Src/stm32h7xx_hal_flash_ex.c ****   if(Bank == FLASH_BANK_1)
 846              		.loc 1 1939 3 view .LVU245
 847              		.loc 1 1939 5 is_stmt 0 view .LVU246
 848 0002 012B     		cmp	r3, #1
 849 0004 12D0     		beq	.L77
1936:Drivers/STM32H7xx_HAL_Driver/Src/stm32h7xx_hal_flash_ex.c ****   uint32_t bankBase = 0;
 850              		.loc 1 1936 12 view .LVU247
 851 0006 4FF0000C 		mov	ip, #0
1935:Drivers/STM32H7xx_HAL_Driver/Src/stm32h7xx_hal_flash_ex.c ****   uint32_t bankBase = 0;
 852              		.loc 1 1935 12 view .LVU248
 853 000a 6346     		mov	r3, ip
 854              	.LVL70:
 855              	.L74:
1940:Drivers/STM32H7xx_HAL_Driver/Src/stm32h7xx_hal_flash_ex.c ****   {
1941:Drivers/STM32H7xx_HAL_Driver/Src/stm32h7xx_hal_flash_ex.c ****     regvalue = FLASH->SCAR_CUR1;
1942:Drivers/STM32H7xx_HAL_Driver/Src/stm32h7xx_hal_flash_ex.c ****     bankBase = FLASH_BANK1_BASE;
1943:Drivers/STM32H7xx_HAL_Driver/Src/stm32h7xx_hal_flash_ex.c ****   }
1944:Drivers/STM32H7xx_HAL_Driver/Src/stm32h7xx_hal_flash_ex.c **** 
1945:Drivers/STM32H7xx_HAL_Driver/Src/stm32h7xx_hal_flash_ex.c **** #if defined (DUAL_BANK)
1946:Drivers/STM32H7xx_HAL_Driver/Src/stm32h7xx_hal_flash_ex.c ****   if(Bank == FLASH_BANK_2)
ARM GAS  C:\Users\jason\AppData\Local\Temp\cc43Y6jb.s 			page 50


1947:Drivers/STM32H7xx_HAL_Driver/Src/stm32h7xx_hal_flash_ex.c ****   {
1948:Drivers/STM32H7xx_HAL_Driver/Src/stm32h7xx_hal_flash_ex.c ****     regvalue = FLASH->SCAR_CUR2;
1949:Drivers/STM32H7xx_HAL_Driver/Src/stm32h7xx_hal_flash_ex.c ****     bankBase = FLASH_BANK2_BASE;
1950:Drivers/STM32H7xx_HAL_Driver/Src/stm32h7xx_hal_flash_ex.c ****   }
1951:Drivers/STM32H7xx_HAL_Driver/Src/stm32h7xx_hal_flash_ex.c **** #endif /* DUAL_BANK */
1952:Drivers/STM32H7xx_HAL_Driver/Src/stm32h7xx_hal_flash_ex.c **** 
1953:Drivers/STM32H7xx_HAL_Driver/Src/stm32h7xx_hal_flash_ex.c ****   /* Get the secure area settings */
1954:Drivers/STM32H7xx_HAL_Driver/Src/stm32h7xx_hal_flash_ex.c ****   (*SecureAreaConfig) = (regvalue & FLASH_SCAR_DMES);
 856              		.loc 1 1954 3 is_stmt 1 view .LVU249
 857              		.loc 1 1954 35 is_stmt 0 view .LVU250
 858 000c 03F0004E 		and	lr, r3, #-2147483648
 859              		.loc 1 1954 23 view .LVU251
 860 0010 C0F800E0 		str	lr, [r0]
1955:Drivers/STM32H7xx_HAL_Driver/Src/stm32h7xx_hal_flash_ex.c ****   (*SecureAreaStartAddr) = ((regvalue & FLASH_SCAR_SEC_AREA_START) << 8) + bankBase;
 861              		.loc 1 1955 3 is_stmt 1 view .LVU252
 862              		.loc 1 1955 68 is_stmt 0 view .LVU253
 863 0014 0848     		ldr	r0, .L78
 864              	.LVL71:
 865              		.loc 1 1955 68 view .LVU254
 866 0016 00EA0320 		and	r0, r0, r3, lsl #8
 867              		.loc 1 1955 74 view .LVU255
 868 001a 6044     		add	r0, r0, ip
 869              		.loc 1 1955 26 view .LVU256
 870 001c 0860     		str	r0, [r1]
1956:Drivers/STM32H7xx_HAL_Driver/Src/stm32h7xx_hal_flash_ex.c ****   (*SecureAreaEndAddr) = (regvalue & FLASH_SCAR_SEC_AREA_END) >> FLASH_SCAR_SEC_AREA_END_Pos;
 871              		.loc 1 1956 3 is_stmt 1 view .LVU257
 872              		.loc 1 1956 63 is_stmt 0 view .LVU258
 873 001e C3F30B43 		ubfx	r3, r3, #16, #12
 874              	.LVL72:
 875              		.loc 1 1956 24 view .LVU259
 876 0022 1360     		str	r3, [r2]
1957:Drivers/STM32H7xx_HAL_Driver/Src/stm32h7xx_hal_flash_ex.c ****   (*SecureAreaEndAddr) = ((*SecureAreaEndAddr) << 8) + bankBase;
 877              		.loc 1 1957 3 is_stmt 1 view .LVU260
 878              		.loc 1 1957 54 is_stmt 0 view .LVU261
 879 0024 0CEB0323 		add	r3, ip, r3, lsl #8
 880              		.loc 1 1957 24 view .LVU262
 881 0028 1360     		str	r3, [r2]
1958:Drivers/STM32H7xx_HAL_Driver/Src/stm32h7xx_hal_flash_ex.c **** }
 882              		.loc 1 1958 1 view .LVU263
 883 002a 00BD     		pop	{pc}
 884              	.LVL73:
 885              	.L77:
1941:Drivers/STM32H7xx_HAL_Driver/Src/stm32h7xx_hal_flash_ex.c ****     bankBase = FLASH_BANK1_BASE;
 886              		.loc 1 1941 5 is_stmt 1 view .LVU264
1941:Drivers/STM32H7xx_HAL_Driver/Src/stm32h7xx_hal_flash_ex.c ****     bankBase = FLASH_BANK1_BASE;
 887              		.loc 1 1941 14 is_stmt 0 view .LVU265
 888 002c 034B     		ldr	r3, .L78+4
 889              	.LVL74:
1941:Drivers/STM32H7xx_HAL_Driver/Src/stm32h7xx_hal_flash_ex.c ****     bankBase = FLASH_BANK1_BASE;
 890              		.loc 1 1941 14 view .LVU266
 891 002e 1B6B     		ldr	r3, [r3, #48]
 892              	.LVL75:
1942:Drivers/STM32H7xx_HAL_Driver/Src/stm32h7xx_hal_flash_ex.c ****   }
 893              		.loc 1 1942 5 is_stmt 1 view .LVU267
1942:Drivers/STM32H7xx_HAL_Driver/Src/stm32h7xx_hal_flash_ex.c ****   }
 894              		.loc 1 1942 14 is_stmt 0 view .LVU268
 895 0030 4FF0006C 		mov	ip, #134217728
ARM GAS  C:\Users\jason\AppData\Local\Temp\cc43Y6jb.s 			page 51


 896 0034 EAE7     		b	.L74
 897              	.L79:
 898 0036 00BF     		.align	2
 899              	.L78:
 900 0038 00FF0F00 		.word	1048320
 901 003c 00200052 		.word	1375739904
 902              		.cfi_endproc
 903              	.LFE167:
 905              		.section	.text.FLASH_CRC_AddSector,"ax",%progbits
 906              		.align	1
 907              		.syntax unified
 908              		.thumb
 909              		.thumb_func
 911              	FLASH_CRC_AddSector:
 912              	.LVL76:
 913              	.LFB168:
1959:Drivers/STM32H7xx_HAL_Driver/Src/stm32h7xx_hal_flash_ex.c **** 
1960:Drivers/STM32H7xx_HAL_Driver/Src/stm32h7xx_hal_flash_ex.c **** /**
1961:Drivers/STM32H7xx_HAL_Driver/Src/stm32h7xx_hal_flash_ex.c ****   * @brief  Add a CRC sector to the list of sectors on which the CRC will be calculated
1962:Drivers/STM32H7xx_HAL_Driver/Src/stm32h7xx_hal_flash_ex.c ****   * @param  Sector Specifies the CRC sector number
1963:Drivers/STM32H7xx_HAL_Driver/Src/stm32h7xx_hal_flash_ex.c ****   * @param  Bank Specifies the Bank
1964:Drivers/STM32H7xx_HAL_Driver/Src/stm32h7xx_hal_flash_ex.c ****   * @retval None
1965:Drivers/STM32H7xx_HAL_Driver/Src/stm32h7xx_hal_flash_ex.c ****   */
1966:Drivers/STM32H7xx_HAL_Driver/Src/stm32h7xx_hal_flash_ex.c **** static void FLASH_CRC_AddSector(uint32_t Sector, uint32_t Bank)
1967:Drivers/STM32H7xx_HAL_Driver/Src/stm32h7xx_hal_flash_ex.c **** {
 914              		.loc 1 1967 1 is_stmt 1 view -0
 915              		.cfi_startproc
 916              		@ args = 0, pretend = 0, frame = 0
 917              		@ frame_needed = 0, uses_anonymous_args = 0
 918              		@ link register save eliminated.
1968:Drivers/STM32H7xx_HAL_Driver/Src/stm32h7xx_hal_flash_ex.c ****   /* Check the parameters */
1969:Drivers/STM32H7xx_HAL_Driver/Src/stm32h7xx_hal_flash_ex.c ****   assert_param(IS_FLASH_SECTOR(Sector));
 919              		.loc 1 1969 3 view .LVU270
1970:Drivers/STM32H7xx_HAL_Driver/Src/stm32h7xx_hal_flash_ex.c **** 
1971:Drivers/STM32H7xx_HAL_Driver/Src/stm32h7xx_hal_flash_ex.c ****   if (Bank == FLASH_BANK_1)
 920              		.loc 1 1971 3 view .LVU271
 921              		.loc 1 1971 6 is_stmt 0 view .LVU272
 922 0000 0129     		cmp	r1, #1
 923 0002 00D0     		beq	.L82
 924              	.L80:
1972:Drivers/STM32H7xx_HAL_Driver/Src/stm32h7xx_hal_flash_ex.c ****   {
1973:Drivers/STM32H7xx_HAL_Driver/Src/stm32h7xx_hal_flash_ex.c ****     /* Clear CRC sector */
1974:Drivers/STM32H7xx_HAL_Driver/Src/stm32h7xx_hal_flash_ex.c ****     FLASH->CRCCR1 &= (~FLASH_CRCCR_CRC_SECT);
1975:Drivers/STM32H7xx_HAL_Driver/Src/stm32h7xx_hal_flash_ex.c **** 
1976:Drivers/STM32H7xx_HAL_Driver/Src/stm32h7xx_hal_flash_ex.c ****     /* Select CRC Sector and activate ADD_SECT bit */
1977:Drivers/STM32H7xx_HAL_Driver/Src/stm32h7xx_hal_flash_ex.c ****     FLASH->CRCCR1 |= Sector | FLASH_CRCCR_ADD_SECT;
1978:Drivers/STM32H7xx_HAL_Driver/Src/stm32h7xx_hal_flash_ex.c ****   }
1979:Drivers/STM32H7xx_HAL_Driver/Src/stm32h7xx_hal_flash_ex.c **** #if defined (DUAL_BANK)
1980:Drivers/STM32H7xx_HAL_Driver/Src/stm32h7xx_hal_flash_ex.c ****   else
1981:Drivers/STM32H7xx_HAL_Driver/Src/stm32h7xx_hal_flash_ex.c ****   {
1982:Drivers/STM32H7xx_HAL_Driver/Src/stm32h7xx_hal_flash_ex.c ****     /* Clear CRC sector */
1983:Drivers/STM32H7xx_HAL_Driver/Src/stm32h7xx_hal_flash_ex.c ****     FLASH->CRCCR2 &= (~FLASH_CRCCR_CRC_SECT);
1984:Drivers/STM32H7xx_HAL_Driver/Src/stm32h7xx_hal_flash_ex.c **** 
1985:Drivers/STM32H7xx_HAL_Driver/Src/stm32h7xx_hal_flash_ex.c ****     /* Select CRC Sector and activate ADD_SECT bit */
1986:Drivers/STM32H7xx_HAL_Driver/Src/stm32h7xx_hal_flash_ex.c ****     FLASH->CRCCR2 |= Sector | FLASH_CRCCR_ADD_SECT;
1987:Drivers/STM32H7xx_HAL_Driver/Src/stm32h7xx_hal_flash_ex.c ****   }
1988:Drivers/STM32H7xx_HAL_Driver/Src/stm32h7xx_hal_flash_ex.c **** #endif /* DUAL_BANK */
ARM GAS  C:\Users\jason\AppData\Local\Temp\cc43Y6jb.s 			page 52


1989:Drivers/STM32H7xx_HAL_Driver/Src/stm32h7xx_hal_flash_ex.c **** }
 925              		.loc 1 1989 1 view .LVU273
 926 0004 7047     		bx	lr
 927              	.L82:
1974:Drivers/STM32H7xx_HAL_Driver/Src/stm32h7xx_hal_flash_ex.c **** 
 928              		.loc 1 1974 5 is_stmt 1 view .LVU274
1974:Drivers/STM32H7xx_HAL_Driver/Src/stm32h7xx_hal_flash_ex.c **** 
 929              		.loc 1 1974 10 is_stmt 0 view .LVU275
 930 0006 054A     		ldr	r2, .L83
 931 0008 136D     		ldr	r3, [r2, #80]
1974:Drivers/STM32H7xx_HAL_Driver/Src/stm32h7xx_hal_flash_ex.c **** 
 932              		.loc 1 1974 19 view .LVU276
 933 000a 23F00703 		bic	r3, r3, #7
 934 000e 1365     		str	r3, [r2, #80]
1977:Drivers/STM32H7xx_HAL_Driver/Src/stm32h7xx_hal_flash_ex.c ****   }
 935              		.loc 1 1977 5 is_stmt 1 view .LVU277
1977:Drivers/STM32H7xx_HAL_Driver/Src/stm32h7xx_hal_flash_ex.c ****   }
 936              		.loc 1 1977 10 is_stmt 0 view .LVU278
 937 0010 136D     		ldr	r3, [r2, #80]
1977:Drivers/STM32H7xx_HAL_Driver/Src/stm32h7xx_hal_flash_ex.c ****   }
 938              		.loc 1 1977 19 view .LVU279
 939 0012 0343     		orrs	r3, r3, r0
 940 0014 43F40073 		orr	r3, r3, #512
 941 0018 1365     		str	r3, [r2, #80]
 942              		.loc 1 1989 1 view .LVU280
 943 001a F3E7     		b	.L80
 944              	.L84:
 945              		.align	2
 946              	.L83:
 947 001c 00200052 		.word	1375739904
 948              		.cfi_endproc
 949              	.LFE168:
 951              		.section	.text.FLASH_CRC_SelectAddress,"ax",%progbits
 952              		.align	1
 953              		.syntax unified
 954              		.thumb
 955              		.thumb_func
 957              	FLASH_CRC_SelectAddress:
 958              	.LVL77:
 959              	.LFB169:
1990:Drivers/STM32H7xx_HAL_Driver/Src/stm32h7xx_hal_flash_ex.c **** 
1991:Drivers/STM32H7xx_HAL_Driver/Src/stm32h7xx_hal_flash_ex.c **** /**
1992:Drivers/STM32H7xx_HAL_Driver/Src/stm32h7xx_hal_flash_ex.c ****   * @brief  Select CRC start and end memory addresses on which the CRC will be calculated
1993:Drivers/STM32H7xx_HAL_Driver/Src/stm32h7xx_hal_flash_ex.c ****   * @param  CRCStartAddr Specifies the CRC start address
1994:Drivers/STM32H7xx_HAL_Driver/Src/stm32h7xx_hal_flash_ex.c ****   * @param  CRCEndAddr Specifies the CRC end address
1995:Drivers/STM32H7xx_HAL_Driver/Src/stm32h7xx_hal_flash_ex.c ****   * @param  Bank Specifies the Bank
1996:Drivers/STM32H7xx_HAL_Driver/Src/stm32h7xx_hal_flash_ex.c ****   * @retval None
1997:Drivers/STM32H7xx_HAL_Driver/Src/stm32h7xx_hal_flash_ex.c ****   */
1998:Drivers/STM32H7xx_HAL_Driver/Src/stm32h7xx_hal_flash_ex.c **** static void FLASH_CRC_SelectAddress(uint32_t CRCStartAddr, uint32_t CRCEndAddr, uint32_t Bank)
1999:Drivers/STM32H7xx_HAL_Driver/Src/stm32h7xx_hal_flash_ex.c **** {
 960              		.loc 1 1999 1 is_stmt 1 view -0
 961              		.cfi_startproc
 962              		@ args = 0, pretend = 0, frame = 0
 963              		@ frame_needed = 0, uses_anonymous_args = 0
 964              		@ link register save eliminated.
2000:Drivers/STM32H7xx_HAL_Driver/Src/stm32h7xx_hal_flash_ex.c ****   if (Bank == FLASH_BANK_1)
 965              		.loc 1 2000 3 view .LVU282
ARM GAS  C:\Users\jason\AppData\Local\Temp\cc43Y6jb.s 			page 53


 966              		.loc 1 2000 6 is_stmt 0 view .LVU283
 967 0000 012A     		cmp	r2, #1
 968 0002 00D0     		beq	.L87
 969              	.L85:
2001:Drivers/STM32H7xx_HAL_Driver/Src/stm32h7xx_hal_flash_ex.c ****   {
2002:Drivers/STM32H7xx_HAL_Driver/Src/stm32h7xx_hal_flash_ex.c ****     assert_param(IS_FLASH_PROGRAM_ADDRESS_BANK1(CRCStartAddr));
2003:Drivers/STM32H7xx_HAL_Driver/Src/stm32h7xx_hal_flash_ex.c ****     assert_param(IS_FLASH_PROGRAM_ADDRESS_BANK1(CRCEndAddr));
2004:Drivers/STM32H7xx_HAL_Driver/Src/stm32h7xx_hal_flash_ex.c **** 
2005:Drivers/STM32H7xx_HAL_Driver/Src/stm32h7xx_hal_flash_ex.c ****     /* Write CRC Start and End addresses */
2006:Drivers/STM32H7xx_HAL_Driver/Src/stm32h7xx_hal_flash_ex.c ****     FLASH->CRCSADD1 = CRCStartAddr;
2007:Drivers/STM32H7xx_HAL_Driver/Src/stm32h7xx_hal_flash_ex.c ****     FLASH->CRCEADD1 = CRCEndAddr;
2008:Drivers/STM32H7xx_HAL_Driver/Src/stm32h7xx_hal_flash_ex.c ****   }
2009:Drivers/STM32H7xx_HAL_Driver/Src/stm32h7xx_hal_flash_ex.c **** #if defined (DUAL_BANK)
2010:Drivers/STM32H7xx_HAL_Driver/Src/stm32h7xx_hal_flash_ex.c ****   else
2011:Drivers/STM32H7xx_HAL_Driver/Src/stm32h7xx_hal_flash_ex.c ****   {
2012:Drivers/STM32H7xx_HAL_Driver/Src/stm32h7xx_hal_flash_ex.c ****     assert_param(IS_FLASH_PROGRAM_ADDRESS_BANK2(CRCStartAddr));
2013:Drivers/STM32H7xx_HAL_Driver/Src/stm32h7xx_hal_flash_ex.c ****     assert_param(IS_FLASH_PROGRAM_ADDRESS_BANK2(CRCEndAddr));
2014:Drivers/STM32H7xx_HAL_Driver/Src/stm32h7xx_hal_flash_ex.c **** 
2015:Drivers/STM32H7xx_HAL_Driver/Src/stm32h7xx_hal_flash_ex.c ****     /* Write CRC Start and End addresses */
2016:Drivers/STM32H7xx_HAL_Driver/Src/stm32h7xx_hal_flash_ex.c ****     FLASH->CRCSADD2 = CRCStartAddr;
2017:Drivers/STM32H7xx_HAL_Driver/Src/stm32h7xx_hal_flash_ex.c ****     FLASH->CRCEADD2 = CRCEndAddr;
2018:Drivers/STM32H7xx_HAL_Driver/Src/stm32h7xx_hal_flash_ex.c ****   }
2019:Drivers/STM32H7xx_HAL_Driver/Src/stm32h7xx_hal_flash_ex.c **** #endif /* DUAL_BANK */
2020:Drivers/STM32H7xx_HAL_Driver/Src/stm32h7xx_hal_flash_ex.c **** }
 970              		.loc 1 2020 1 view .LVU284
 971 0004 7047     		bx	lr
 972              	.L87:
2002:Drivers/STM32H7xx_HAL_Driver/Src/stm32h7xx_hal_flash_ex.c ****     assert_param(IS_FLASH_PROGRAM_ADDRESS_BANK1(CRCEndAddr));
 973              		.loc 1 2002 5 is_stmt 1 view .LVU285
2003:Drivers/STM32H7xx_HAL_Driver/Src/stm32h7xx_hal_flash_ex.c **** 
 974              		.loc 1 2003 5 view .LVU286
2006:Drivers/STM32H7xx_HAL_Driver/Src/stm32h7xx_hal_flash_ex.c ****     FLASH->CRCEADD1 = CRCEndAddr;
 975              		.loc 1 2006 5 view .LVU287
2006:Drivers/STM32H7xx_HAL_Driver/Src/stm32h7xx_hal_flash_ex.c ****     FLASH->CRCEADD1 = CRCEndAddr;
 976              		.loc 1 2006 21 is_stmt 0 view .LVU288
 977 0006 024B     		ldr	r3, .L88
 978 0008 5865     		str	r0, [r3, #84]
2007:Drivers/STM32H7xx_HAL_Driver/Src/stm32h7xx_hal_flash_ex.c ****   }
 979              		.loc 1 2007 5 is_stmt 1 view .LVU289
2007:Drivers/STM32H7xx_HAL_Driver/Src/stm32h7xx_hal_flash_ex.c ****   }
 980              		.loc 1 2007 21 is_stmt 0 view .LVU290
 981 000a 9965     		str	r1, [r3, #88]
 982              		.loc 1 2020 1 view .LVU291
 983 000c FAE7     		b	.L85
 984              	.L89:
 985 000e 00BF     		.align	2
 986              	.L88:
 987 0010 00200052 		.word	1375739904
 988              		.cfi_endproc
 989              	.LFE169:
 991              		.section	.text.HAL_FLASHEx_OBProgram,"ax",%progbits
 992              		.align	1
 993              		.global	HAL_FLASHEx_OBProgram
 994              		.syntax unified
 995              		.thumb
 996              		.thumb_func
 998              	HAL_FLASHEx_OBProgram:
ARM GAS  C:\Users\jason\AppData\Local\Temp\cc43Y6jb.s 			page 54


 999              	.LVL78:
 1000              	.LFB146:
 425:Drivers/STM32H7xx_HAL_Driver/Src/stm32h7xx_hal_flash_ex.c ****   HAL_StatusTypeDef status;
 1001              		.loc 1 425 1 is_stmt 1 view -0
 1002              		.cfi_startproc
 1003              		@ args = 0, pretend = 0, frame = 0
 1004              		@ frame_needed = 0, uses_anonymous_args = 0
 425:Drivers/STM32H7xx_HAL_Driver/Src/stm32h7xx_hal_flash_ex.c ****   HAL_StatusTypeDef status;
 1005              		.loc 1 425 1 is_stmt 0 view .LVU293
 1006 0000 38B5     		push	{r3, r4, r5, lr}
 1007              		.cfi_def_cfa_offset 16
 1008              		.cfi_offset 3, -16
 1009              		.cfi_offset 4, -12
 1010              		.cfi_offset 5, -8
 1011              		.cfi_offset 14, -4
 426:Drivers/STM32H7xx_HAL_Driver/Src/stm32h7xx_hal_flash_ex.c **** 
 1012              		.loc 1 426 3 is_stmt 1 view .LVU294
 429:Drivers/STM32H7xx_HAL_Driver/Src/stm32h7xx_hal_flash_ex.c **** 
 1013              		.loc 1 429 3 view .LVU295
 432:Drivers/STM32H7xx_HAL_Driver/Src/stm32h7xx_hal_flash_ex.c **** 
 1014              		.loc 1 432 3 view .LVU296
 432:Drivers/STM32H7xx_HAL_Driver/Src/stm32h7xx_hal_flash_ex.c **** 
 1015              		.loc 1 432 3 view .LVU297
 1016 0002 324B     		ldr	r3, .L109
 1017 0004 1B7D     		ldrb	r3, [r3, #20]	@ zero_extendqisi2
 1018 0006 012B     		cmp	r3, #1
 1019 0008 5CD0     		beq	.L100
 1020 000a 0446     		mov	r4, r0
 432:Drivers/STM32H7xx_HAL_Driver/Src/stm32h7xx_hal_flash_ex.c **** 
 1021              		.loc 1 432 3 discriminator 2 view .LVU298
 1022 000c 2F4B     		ldr	r3, .L109
 1023 000e 0121     		movs	r1, #1
 1024 0010 1975     		strb	r1, [r3, #20]
 432:Drivers/STM32H7xx_HAL_Driver/Src/stm32h7xx_hal_flash_ex.c **** 
 1025              		.loc 1 432 3 view .LVU299
 435:Drivers/STM32H7xx_HAL_Driver/Src/stm32h7xx_hal_flash_ex.c **** 
 1026              		.loc 1 435 3 view .LVU300
 435:Drivers/STM32H7xx_HAL_Driver/Src/stm32h7xx_hal_flash_ex.c **** 
 1027              		.loc 1 435 20 is_stmt 0 view .LVU301
 1028 0012 0022     		movs	r2, #0
 1029 0014 9A61     		str	r2, [r3, #24]
 438:Drivers/STM32H7xx_HAL_Driver/Src/stm32h7xx_hal_flash_ex.c ****   {
 1030              		.loc 1 438 3 is_stmt 1 view .LVU302
 438:Drivers/STM32H7xx_HAL_Driver/Src/stm32h7xx_hal_flash_ex.c ****   {
 1031              		.loc 1 438 6 is_stmt 0 view .LVU303
 1032 0016 4CF25030 		movw	r0, #50000
 1033              	.LVL79:
 438:Drivers/STM32H7xx_HAL_Driver/Src/stm32h7xx_hal_flash_ex.c ****   {
 1034              		.loc 1 438 6 view .LVU304
 1035 001a FFF7FEFF 		bl	FLASH_WaitForLastOperation
 1036              	.LVL80:
 438:Drivers/STM32H7xx_HAL_Driver/Src/stm32h7xx_hal_flash_ex.c ****   {
 1037              		.loc 1 438 5 discriminator 1 view .LVU305
 1038 001e 0546     		mov	r5, r0
 1039 0020 0028     		cmp	r0, #0
 1040 0022 48D1     		bne	.L101
 450:Drivers/STM32H7xx_HAL_Driver/Src/stm32h7xx_hal_flash_ex.c ****   }
ARM GAS  C:\Users\jason\AppData\Local\Temp\cc43Y6jb.s 			page 55


 1041              		.loc 1 450 5 is_stmt 1 view .LVU306
 1042              	.LVL81:
 453:Drivers/STM32H7xx_HAL_Driver/Src/stm32h7xx_hal_flash_ex.c ****   {
 1043              		.loc 1 453 3 view .LVU307
 456:Drivers/STM32H7xx_HAL_Driver/Src/stm32h7xx_hal_flash_ex.c ****     {
 1044              		.loc 1 456 5 view .LVU308
 456:Drivers/STM32H7xx_HAL_Driver/Src/stm32h7xx_hal_flash_ex.c ****     {
 1045              		.loc 1 456 16 is_stmt 0 view .LVU309
 1046 0024 2368     		ldr	r3, [r4]
 456:Drivers/STM32H7xx_HAL_Driver/Src/stm32h7xx_hal_flash_ex.c ****     {
 1047              		.loc 1 456 7 view .LVU310
 1048 0026 13F0010F 		tst	r3, #1
 1049 002a 06D0     		beq	.L93
 458:Drivers/STM32H7xx_HAL_Driver/Src/stm32h7xx_hal_flash_ex.c **** 
 1050              		.loc 1 458 7 is_stmt 1 view .LVU311
 460:Drivers/STM32H7xx_HAL_Driver/Src/stm32h7xx_hal_flash_ex.c ****       {
 1051              		.loc 1 460 7 view .LVU312
 460:Drivers/STM32H7xx_HAL_Driver/Src/stm32h7xx_hal_flash_ex.c ****       {
 1052              		.loc 1 460 17 is_stmt 0 view .LVU313
 1053 002c 6368     		ldr	r3, [r4, #4]
 460:Drivers/STM32H7xx_HAL_Driver/Src/stm32h7xx_hal_flash_ex.c ****       {
 1054              		.loc 1 460 9 view .LVU314
 1055 002e 012B     		cmp	r3, #1
 1056 0030 22D0     		beq	.L103
 468:Drivers/STM32H7xx_HAL_Driver/Src/stm32h7xx_hal_flash_ex.c ****       }
 1057              		.loc 1 468 9 is_stmt 1 view .LVU315
 1058 0032 E169     		ldr	r1, [r4, #28]
 1059 0034 A068     		ldr	r0, [r4, #8]
 1060 0036 FFF7FEFF 		bl	FLASH_OB_DisableWRP
 1061              	.LVL82:
 1062              	.L93:
 473:Drivers/STM32H7xx_HAL_Driver/Src/stm32h7xx_hal_flash_ex.c ****     {
 1063              		.loc 1 473 5 view .LVU316
 473:Drivers/STM32H7xx_HAL_Driver/Src/stm32h7xx_hal_flash_ex.c ****     {
 1064              		.loc 1 473 16 is_stmt 0 view .LVU317
 1065 003a 2368     		ldr	r3, [r4]
 473:Drivers/STM32H7xx_HAL_Driver/Src/stm32h7xx_hal_flash_ex.c ****     {
 1066              		.loc 1 473 7 view .LVU318
 1067 003c 13F0020F 		tst	r3, #2
 1068 0040 1FD1     		bne	.L104
 1069              	.L95:
 480:Drivers/STM32H7xx_HAL_Driver/Src/stm32h7xx_hal_flash_ex.c ****     {
 1070              		.loc 1 480 5 is_stmt 1 view .LVU319
 480:Drivers/STM32H7xx_HAL_Driver/Src/stm32h7xx_hal_flash_ex.c ****     {
 1071              		.loc 1 480 16 is_stmt 0 view .LVU320
 1072 0042 2368     		ldr	r3, [r4]
 480:Drivers/STM32H7xx_HAL_Driver/Src/stm32h7xx_hal_flash_ex.c ****     {
 1073              		.loc 1 480 7 view .LVU321
 1074 0044 13F0040F 		tst	r3, #4
 1075 0048 1FD1     		bne	.L105
 1076              	.L96:
 487:Drivers/STM32H7xx_HAL_Driver/Src/stm32h7xx_hal_flash_ex.c ****     {
 1077              		.loc 1 487 5 is_stmt 1 view .LVU322
 487:Drivers/STM32H7xx_HAL_Driver/Src/stm32h7xx_hal_flash_ex.c ****     {
 1078              		.loc 1 487 16 is_stmt 0 view .LVU323
 1079 004a 2368     		ldr	r3, [r4]
 487:Drivers/STM32H7xx_HAL_Driver/Src/stm32h7xx_hal_flash_ex.c ****     {
ARM GAS  C:\Users\jason\AppData\Local\Temp\cc43Y6jb.s 			page 56


 1080              		.loc 1 487 7 view .LVU324
 1081 004c 13F0080F 		tst	r3, #8
 1082 0050 20D1     		bne	.L106
 1083              	.L97:
 496:Drivers/STM32H7xx_HAL_Driver/Src/stm32h7xx_hal_flash_ex.c ****     {
 1084              		.loc 1 496 5 is_stmt 1 view .LVU325
 496:Drivers/STM32H7xx_HAL_Driver/Src/stm32h7xx_hal_flash_ex.c ****     {
 1085              		.loc 1 496 16 is_stmt 0 view .LVU326
 1086 0052 2368     		ldr	r3, [r4]
 496:Drivers/STM32H7xx_HAL_Driver/Src/stm32h7xx_hal_flash_ex.c ****     {
 1087              		.loc 1 496 7 view .LVU327
 1088 0054 13F0100F 		tst	r3, #16
 1089 0058 23D1     		bne	.L107
 1090              	.L98:
 515:Drivers/STM32H7xx_HAL_Driver/Src/stm32h7xx_hal_flash_ex.c ****     {
 1091              		.loc 1 515 5 is_stmt 1 view .LVU328
 515:Drivers/STM32H7xx_HAL_Driver/Src/stm32h7xx_hal_flash_ex.c ****     {
 1092              		.loc 1 515 16 is_stmt 0 view .LVU329
 1093 005a 2368     		ldr	r3, [r4]
 515:Drivers/STM32H7xx_HAL_Driver/Src/stm32h7xx_hal_flash_ex.c ****     {
 1094              		.loc 1 515 7 view .LVU330
 1095 005c 13F0400F 		tst	r3, #64
 1096 0060 23D1     		bne	.L108
 1097              	.L99:
 522:Drivers/STM32H7xx_HAL_Driver/Src/stm32h7xx_hal_flash_ex.c ****     {
 1098              		.loc 1 522 5 is_stmt 1 view .LVU331
 522:Drivers/STM32H7xx_HAL_Driver/Src/stm32h7xx_hal_flash_ex.c ****     {
 1099              		.loc 1 522 16 is_stmt 0 view .LVU332
 1100 0062 2368     		ldr	r3, [r4]
 522:Drivers/STM32H7xx_HAL_Driver/Src/stm32h7xx_hal_flash_ex.c ****     {
 1101              		.loc 1 522 7 view .LVU333
 1102 0064 13F0200F 		tst	r3, #32
 1103 0068 27D0     		beq	.L92
 524:Drivers/STM32H7xx_HAL_Driver/Src/stm32h7xx_hal_flash_ex.c ****     }
 1104              		.loc 1 524 7 is_stmt 1 view .LVU334
 1105 006a E369     		ldr	r3, [r4, #28]
 1106 006c 226C     		ldr	r2, [r4, #64]
 1107 006e E16B     		ldr	r1, [r4, #60]
 1108 0070 A06B     		ldr	r0, [r4, #56]
 1109 0072 FFF7FEFF 		bl	FLASH_OB_SecureAreaConfig
 1110              	.LVL83:
 1111 0076 20E0     		b	.L92
 1112              	.L103:
 463:Drivers/STM32H7xx_HAL_Driver/Src/stm32h7xx_hal_flash_ex.c ****       }
 1113              		.loc 1 463 9 view .LVU335
 1114 0078 E169     		ldr	r1, [r4, #28]
 1115 007a A068     		ldr	r0, [r4, #8]
 1116 007c FFF7FEFF 		bl	FLASH_OB_EnableWRP
 1117              	.LVL84:
 1118 0080 DBE7     		b	.L93
 1119              	.L104:
 476:Drivers/STM32H7xx_HAL_Driver/Src/stm32h7xx_hal_flash_ex.c ****     }
 1120              		.loc 1 476 7 view .LVU336
 1121 0082 E068     		ldr	r0, [r4, #12]
 1122 0084 FFF7FEFF 		bl	FLASH_OB_RDPConfig
 1123              	.LVL85:
 1124 0088 DBE7     		b	.L95
ARM GAS  C:\Users\jason\AppData\Local\Temp\cc43Y6jb.s 			page 57


 1125              	.L105:
 483:Drivers/STM32H7xx_HAL_Driver/Src/stm32h7xx_hal_flash_ex.c ****     }
 1126              		.loc 1 483 7 view .LVU337
 1127 008a A169     		ldr	r1, [r4, #24]
 1128 008c 6069     		ldr	r0, [r4, #20]
 1129 008e FFF7FEFF 		bl	FLASH_OB_UserConfig
 1130              	.LVL86:
 1131 0092 DAE7     		b	.L96
 1132              	.L106:
 489:Drivers/STM32H7xx_HAL_Driver/Src/stm32h7xx_hal_flash_ex.c **** 
 1133              		.loc 1 489 7 view .LVU338
 492:Drivers/STM32H7xx_HAL_Driver/Src/stm32h7xx_hal_flash_ex.c ****     }
 1134              		.loc 1 492 7 view .LVU339
 1135 0094 E369     		ldr	r3, [r4, #28]
 1136 0096 A26A     		ldr	r2, [r4, #40]
 1137 0098 616A     		ldr	r1, [r4, #36]
 1138 009a 206A     		ldr	r0, [r4, #32]
 1139 009c FFF7FEFF 		bl	FLASH_OB_PCROPConfig
 1140              	.LVL87:
 1141 00a0 D7E7     		b	.L97
 1142              	.L107:
 498:Drivers/STM32H7xx_HAL_Driver/Src/stm32h7xx_hal_flash_ex.c ****     }
 1143              		.loc 1 498 7 view .LVU340
 1144 00a2 2069     		ldr	r0, [r4, #16]
 1145 00a4 FFF7FEFF 		bl	FLASH_OB_BOR_LevelConfig
 1146              	.LVL88:
 1147 00a8 D7E7     		b	.L98
 1148              	.L108:
 517:Drivers/STM32H7xx_HAL_Driver/Src/stm32h7xx_hal_flash_ex.c ****     }
 1149              		.loc 1 517 7 view .LVU341
 1150 00aa 626B     		ldr	r2, [r4, #52]
 1151 00ac 216B     		ldr	r1, [r4, #48]
 1152 00ae E06A     		ldr	r0, [r4, #44]
 1153 00b0 FFF7FEFF 		bl	FLASH_OB_BootAddConfig
 1154              	.LVL89:
 1155 00b4 D5E7     		b	.L99
 1156              	.LVL90:
 1157              	.L101:
 440:Drivers/STM32H7xx_HAL_Driver/Src/stm32h7xx_hal_flash_ex.c ****   }
 1158              		.loc 1 440 12 is_stmt 0 view .LVU342
 1159 00b6 0123     		movs	r3, #1
 1160 00b8 1D46     		mov	r5, r3
 1161              	.L92:
 553:Drivers/STM32H7xx_HAL_Driver/Src/stm32h7xx_hal_flash_ex.c **** 
 1162              		.loc 1 553 3 is_stmt 1 view .LVU343
 553:Drivers/STM32H7xx_HAL_Driver/Src/stm32h7xx_hal_flash_ex.c **** 
 1163              		.loc 1 553 3 view .LVU344
 1164 00ba 044B     		ldr	r3, .L109
 1165 00bc 0022     		movs	r2, #0
 1166 00be 1A75     		strb	r2, [r3, #20]
 553:Drivers/STM32H7xx_HAL_Driver/Src/stm32h7xx_hal_flash_ex.c **** 
 1167              		.loc 1 553 3 view .LVU345
 555:Drivers/STM32H7xx_HAL_Driver/Src/stm32h7xx_hal_flash_ex.c **** }
 1168              		.loc 1 555 3 view .LVU346
 1169              	.LVL91:
 1170              	.L91:
 556:Drivers/STM32H7xx_HAL_Driver/Src/stm32h7xx_hal_flash_ex.c **** 
ARM GAS  C:\Users\jason\AppData\Local\Temp\cc43Y6jb.s 			page 58


 1171              		.loc 1 556 1 is_stmt 0 view .LVU347
 1172 00c0 2846     		mov	r0, r5
 1173 00c2 38BD     		pop	{r3, r4, r5, pc}
 1174              	.LVL92:
 1175              	.L100:
 432:Drivers/STM32H7xx_HAL_Driver/Src/stm32h7xx_hal_flash_ex.c **** 
 1176              		.loc 1 432 3 discriminator 1 view .LVU348
 1177 00c4 0223     		movs	r3, #2
 1178 00c6 1D46     		mov	r5, r3
 1179 00c8 FAE7     		b	.L91
 1180              	.L110:
 1181 00ca 00BF     		.align	2
 1182              	.L109:
 1183 00cc 00000000 		.word	pFlash
 1184              		.cfi_endproc
 1185              	.LFE146:
 1187              		.section	.text.HAL_FLASHEx_OBGetConfig,"ax",%progbits
 1188              		.align	1
 1189              		.global	HAL_FLASHEx_OBGetConfig
 1190              		.syntax unified
 1191              		.thumb
 1192              		.thumb_func
 1194              	HAL_FLASHEx_OBGetConfig:
 1195              	.LVL93:
 1196              	.LFB147:
 568:Drivers/STM32H7xx_HAL_Driver/Src/stm32h7xx_hal_flash_ex.c ****   pOBInit->OptionType = (OPTIONBYTE_USER | OPTIONBYTE_RDP | OPTIONBYTE_BOR);
 1197              		.loc 1 568 1 is_stmt 1 view -0
 1198              		.cfi_startproc
 1199              		@ args = 0, pretend = 0, frame = 0
 1200              		@ frame_needed = 0, uses_anonymous_args = 0
 568:Drivers/STM32H7xx_HAL_Driver/Src/stm32h7xx_hal_flash_ex.c ****   pOBInit->OptionType = (OPTIONBYTE_USER | OPTIONBYTE_RDP | OPTIONBYTE_BOR);
 1201              		.loc 1 568 1 is_stmt 0 view .LVU350
 1202 0000 10B5     		push	{r4, lr}
 1203              		.cfi_def_cfa_offset 8
 1204              		.cfi_offset 4, -8
 1205              		.cfi_offset 14, -4
 1206 0002 0446     		mov	r4, r0
 569:Drivers/STM32H7xx_HAL_Driver/Src/stm32h7xx_hal_flash_ex.c **** 
 1207              		.loc 1 569 3 is_stmt 1 view .LVU351
 569:Drivers/STM32H7xx_HAL_Driver/Src/stm32h7xx_hal_flash_ex.c **** 
 1208              		.loc 1 569 23 is_stmt 0 view .LVU352
 1209 0004 1623     		movs	r3, #22
 1210 0006 0360     		str	r3, [r0]
 572:Drivers/STM32H7xx_HAL_Driver/Src/stm32h7xx_hal_flash_ex.c **** 
 1211              		.loc 1 572 3 is_stmt 1 view .LVU353
 572:Drivers/STM32H7xx_HAL_Driver/Src/stm32h7xx_hal_flash_ex.c **** 
 1212              		.loc 1 572 23 is_stmt 0 view .LVU354
 1213 0008 FFF7FEFF 		bl	FLASH_OB_GetRDP
 1214              	.LVL94:
 572:Drivers/STM32H7xx_HAL_Driver/Src/stm32h7xx_hal_flash_ex.c **** 
 1215              		.loc 1 572 21 discriminator 1 view .LVU355
 1216 000c E060     		str	r0, [r4, #12]
 575:Drivers/STM32H7xx_HAL_Driver/Src/stm32h7xx_hal_flash_ex.c **** 
 1217              		.loc 1 575 3 is_stmt 1 view .LVU356
 575:Drivers/STM32H7xx_HAL_Driver/Src/stm32h7xx_hal_flash_ex.c **** 
 1218              		.loc 1 575 25 is_stmt 0 view .LVU357
 1219 000e FFF7FEFF 		bl	FLASH_OB_GetUser
ARM GAS  C:\Users\jason\AppData\Local\Temp\cc43Y6jb.s 			page 59


 1220              	.LVL95:
 575:Drivers/STM32H7xx_HAL_Driver/Src/stm32h7xx_hal_flash_ex.c **** 
 1221              		.loc 1 575 23 discriminator 1 view .LVU358
 1222 0012 A061     		str	r0, [r4, #24]
 578:Drivers/STM32H7xx_HAL_Driver/Src/stm32h7xx_hal_flash_ex.c **** 
 1223              		.loc 1 578 3 is_stmt 1 view .LVU359
 578:Drivers/STM32H7xx_HAL_Driver/Src/stm32h7xx_hal_flash_ex.c **** 
 1224              		.loc 1 578 23 is_stmt 0 view .LVU360
 1225 0014 FFF7FEFF 		bl	FLASH_OB_GetBOR
 1226              	.LVL96:
 578:Drivers/STM32H7xx_HAL_Driver/Src/stm32h7xx_hal_flash_ex.c **** 
 1227              		.loc 1 578 21 discriminator 1 view .LVU361
 1228 0018 2061     		str	r0, [r4, #16]
 583:Drivers/STM32H7xx_HAL_Driver/Src/stm32h7xx_hal_flash_ex.c **** #endif /* DUAL_BANK */
 1229              		.loc 1 583 3 is_stmt 1 view .LVU362
 583:Drivers/STM32H7xx_HAL_Driver/Src/stm32h7xx_hal_flash_ex.c **** #endif /* DUAL_BANK */
 1230              		.loc 1 583 14 is_stmt 0 view .LVU363
 1231 001a E269     		ldr	r2, [r4, #28]
 583:Drivers/STM32H7xx_HAL_Driver/Src/stm32h7xx_hal_flash_ex.c **** #endif /* DUAL_BANK */
 1232              		.loc 1 583 6 view .LVU364
 1233 001c 012A     		cmp	r2, #1
 1234 001e 0AD0     		beq	.L114
 1235              	.L112:
 599:Drivers/STM32H7xx_HAL_Driver/Src/stm32h7xx_hal_flash_ex.c **** #if defined(DUAL_CORE)
 1236              		.loc 1 599 3 is_stmt 1 view .LVU365
 1237 0020 04F13401 		add	r1, r4, #52
 1238 0024 04F13000 		add	r0, r4, #48
 1239 0028 FFF7FEFF 		bl	FLASH_OB_GetBootAdd
 1240              	.LVL97:
 606:Drivers/STM32H7xx_HAL_Driver/Src/stm32h7xx_hal_flash_ex.c **** #endif /*DUAL_CORE*/
 1241              		.loc 1 606 3 view .LVU366
 606:Drivers/STM32H7xx_HAL_Driver/Src/stm32h7xx_hal_flash_ex.c **** #endif /*DUAL_CORE*/
 1242              		.loc 1 606 10 is_stmt 0 view .LVU367
 1243 002c 2368     		ldr	r3, [r4]
 606:Drivers/STM32H7xx_HAL_Driver/Src/stm32h7xx_hal_flash_ex.c **** #endif /*DUAL_CORE*/
 1244              		.loc 1 606 23 view .LVU368
 1245 002e 43F04003 		orr	r3, r3, #64
 1246 0032 2360     		str	r3, [r4]
 629:Drivers/STM32H7xx_HAL_Driver/Src/stm32h7xx_hal_flash_ex.c **** 
 1247              		.loc 1 629 1 view .LVU369
 1248 0034 10BD     		pop	{r4, pc}
 1249              	.LVL98:
 1250              	.L114:
 586:Drivers/STM32H7xx_HAL_Driver/Src/stm32h7xx_hal_flash_ex.c **** 
 1251              		.loc 1 586 5 is_stmt 1 view .LVU370
 586:Drivers/STM32H7xx_HAL_Driver/Src/stm32h7xx_hal_flash_ex.c **** 
 1252              		.loc 1 586 12 is_stmt 0 view .LVU371
 1253 0036 2368     		ldr	r3, [r4]
 586:Drivers/STM32H7xx_HAL_Driver/Src/stm32h7xx_hal_flash_ex.c **** 
 1254              		.loc 1 586 25 view .LVU372
 1255 0038 43F02903 		orr	r3, r3, #41
 1256 003c 2146     		mov	r1, r4
 1257 003e 41F8083B 		str	r3, [r1], #8
 589:Drivers/STM32H7xx_HAL_Driver/Src/stm32h7xx_hal_flash_ex.c **** 
 1258              		.loc 1 589 5 is_stmt 1 view .LVU373
 1259 0042 201D     		adds	r0, r4, #4
 1260 0044 FFF7FEFF 		bl	FLASH_OB_GetWRP
ARM GAS  C:\Users\jason\AppData\Local\Temp\cc43Y6jb.s 			page 60


 1261              	.LVL99:
 592:Drivers/STM32H7xx_HAL_Driver/Src/stm32h7xx_hal_flash_ex.c **** 
 1262              		.loc 1 592 5 view .LVU374
 1263 0048 E369     		ldr	r3, [r4, #28]
 1264 004a 04F12802 		add	r2, r4, #40
 1265 004e 04F12401 		add	r1, r4, #36
 1266 0052 04F12000 		add	r0, r4, #32
 1267 0056 FFF7FEFF 		bl	FLASH_OB_GetPCROP
 1268              	.LVL100:
 595:Drivers/STM32H7xx_HAL_Driver/Src/stm32h7xx_hal_flash_ex.c ****   }
 1269              		.loc 1 595 5 view .LVU375
 1270 005a E369     		ldr	r3, [r4, #28]
 1271 005c 04F14002 		add	r2, r4, #64
 1272 0060 04F13C01 		add	r1, r4, #60
 1273 0064 04F13800 		add	r0, r4, #56
 1274 0068 FFF7FEFF 		bl	FLASH_OB_GetSecureArea
 1275              	.LVL101:
 1276 006c D8E7     		b	.L112
 1277              		.cfi_endproc
 1278              	.LFE147:
 1280              		.section	.text.HAL_FLASHEx_Unlock_Bank1,"ax",%progbits
 1281              		.align	1
 1282              		.global	HAL_FLASHEx_Unlock_Bank1
 1283              		.syntax unified
 1284              		.thumb
 1285              		.thumb_func
 1287              	HAL_FLASHEx_Unlock_Bank1:
 1288              	.LFB148:
 636:Drivers/STM32H7xx_HAL_Driver/Src/stm32h7xx_hal_flash_ex.c ****   if(READ_BIT(FLASH->CR1, FLASH_CR_LOCK) != 0U)
 1289              		.loc 1 636 1 view -0
 1290              		.cfi_startproc
 1291              		@ args = 0, pretend = 0, frame = 0
 1292              		@ frame_needed = 0, uses_anonymous_args = 0
 1293              		@ link register save eliminated.
 637:Drivers/STM32H7xx_HAL_Driver/Src/stm32h7xx_hal_flash_ex.c ****   {
 1294              		.loc 1 637 3 view .LVU377
 637:Drivers/STM32H7xx_HAL_Driver/Src/stm32h7xx_hal_flash_ex.c ****   {
 1295              		.loc 1 637 6 is_stmt 0 view .LVU378
 1296 0000 0A4B     		ldr	r3, .L119
 1297 0002 DB68     		ldr	r3, [r3, #12]
 637:Drivers/STM32H7xx_HAL_Driver/Src/stm32h7xx_hal_flash_ex.c ****   {
 1298              		.loc 1 637 5 view .LVU379
 1299 0004 13F0010F 		tst	r3, #1
 1300 0008 0BD0     		beq	.L117
 640:Drivers/STM32H7xx_HAL_Driver/Src/stm32h7xx_hal_flash_ex.c ****     WRITE_REG(FLASH->KEYR1, FLASH_KEY2);
 1301              		.loc 1 640 5 is_stmt 1 view .LVU380
 1302 000a 084B     		ldr	r3, .L119
 1303 000c 084A     		ldr	r2, .L119+4
 1304 000e 5A60     		str	r2, [r3, #4]
 641:Drivers/STM32H7xx_HAL_Driver/Src/stm32h7xx_hal_flash_ex.c **** 
 1305              		.loc 1 641 5 view .LVU381
 1306 0010 02F18832 		add	r2, r2, #-2004318072
 1307 0014 5A60     		str	r2, [r3, #4]
 644:Drivers/STM32H7xx_HAL_Driver/Src/stm32h7xx_hal_flash_ex.c ****     {
 1308              		.loc 1 644 5 view .LVU382
 644:Drivers/STM32H7xx_HAL_Driver/Src/stm32h7xx_hal_flash_ex.c ****     {
 1309              		.loc 1 644 9 is_stmt 0 view .LVU383
ARM GAS  C:\Users\jason\AppData\Local\Temp\cc43Y6jb.s 			page 61


 1310 0016 DB68     		ldr	r3, [r3, #12]
 644:Drivers/STM32H7xx_HAL_Driver/Src/stm32h7xx_hal_flash_ex.c ****     {
 1311              		.loc 1 644 8 view .LVU384
 1312 0018 13F0010F 		tst	r3, #1
 1313 001c 03D1     		bne	.L118
 650:Drivers/STM32H7xx_HAL_Driver/Src/stm32h7xx_hal_flash_ex.c **** }
 1314              		.loc 1 650 10 view .LVU385
 1315 001e 0020     		movs	r0, #0
 1316 0020 7047     		bx	lr
 1317              	.L117:
 1318 0022 0020     		movs	r0, #0
 1319 0024 7047     		bx	lr
 1320              	.L118:
 646:Drivers/STM32H7xx_HAL_Driver/Src/stm32h7xx_hal_flash_ex.c ****     }
 1321              		.loc 1 646 14 view .LVU386
 1322 0026 0120     		movs	r0, #1
 651:Drivers/STM32H7xx_HAL_Driver/Src/stm32h7xx_hal_flash_ex.c **** 
 1323              		.loc 1 651 1 view .LVU387
 1324 0028 7047     		bx	lr
 1325              	.L120:
 1326 002a 00BF     		.align	2
 1327              	.L119:
 1328 002c 00200052 		.word	1375739904
 1329 0030 23016745 		.word	1164378403
 1330              		.cfi_endproc
 1331              	.LFE148:
 1333              		.section	.text.HAL_FLASHEx_Lock_Bank1,"ax",%progbits
 1334              		.align	1
 1335              		.global	HAL_FLASHEx_Lock_Bank1
 1336              		.syntax unified
 1337              		.thumb
 1338              		.thumb_func
 1340              	HAL_FLASHEx_Lock_Bank1:
 1341              	.LFB149:
 658:Drivers/STM32H7xx_HAL_Driver/Src/stm32h7xx_hal_flash_ex.c ****   /* Set the LOCK Bit to lock the FLASH Bank1 Registers access */
 1342              		.loc 1 658 1 is_stmt 1 view -0
 1343              		.cfi_startproc
 1344              		@ args = 0, pretend = 0, frame = 0
 1345              		@ frame_needed = 0, uses_anonymous_args = 0
 1346              		@ link register save eliminated.
 660:Drivers/STM32H7xx_HAL_Driver/Src/stm32h7xx_hal_flash_ex.c ****   return HAL_OK;
 1347              		.loc 1 660 3 view .LVU389
 1348 0000 034A     		ldr	r2, .L122
 1349 0002 D368     		ldr	r3, [r2, #12]
 1350 0004 43F00103 		orr	r3, r3, #1
 1351 0008 D360     		str	r3, [r2, #12]
 661:Drivers/STM32H7xx_HAL_Driver/Src/stm32h7xx_hal_flash_ex.c **** }
 1352              		.loc 1 661 3 view .LVU390
 662:Drivers/STM32H7xx_HAL_Driver/Src/stm32h7xx_hal_flash_ex.c **** 
 1353              		.loc 1 662 1 is_stmt 0 view .LVU391
 1354 000a 0020     		movs	r0, #0
 1355 000c 7047     		bx	lr
 1356              	.L123:
 1357 000e 00BF     		.align	2
 1358              	.L122:
 1359 0010 00200052 		.word	1375739904
 1360              		.cfi_endproc
ARM GAS  C:\Users\jason\AppData\Local\Temp\cc43Y6jb.s 			page 62


 1361              	.LFE149:
 1363              		.section	.text.HAL_FLASHEx_ComputeCRC,"ax",%progbits
 1364              		.align	1
 1365              		.global	HAL_FLASHEx_ComputeCRC
 1366              		.syntax unified
 1367              		.thumb
 1368              		.thumb_func
 1370              	HAL_FLASHEx_ComputeCRC:
 1371              	.LVL102:
 1372              	.LFB150:
 711:Drivers/STM32H7xx_HAL_Driver/Src/stm32h7xx_hal_flash_ex.c ****   HAL_StatusTypeDef status;
 1373              		.loc 1 711 1 is_stmt 1 view -0
 1374              		.cfi_startproc
 1375              		@ args = 0, pretend = 0, frame = 0
 1376              		@ frame_needed = 0, uses_anonymous_args = 0
 711:Drivers/STM32H7xx_HAL_Driver/Src/stm32h7xx_hal_flash_ex.c ****   HAL_StatusTypeDef status;
 1377              		.loc 1 711 1 is_stmt 0 view .LVU393
 1378 0000 70B5     		push	{r4, r5, r6, lr}
 1379              		.cfi_def_cfa_offset 16
 1380              		.cfi_offset 4, -16
 1381              		.cfi_offset 5, -12
 1382              		.cfi_offset 6, -8
 1383              		.cfi_offset 14, -4
 1384 0002 0446     		mov	r4, r0
 1385 0004 0E46     		mov	r6, r1
 712:Drivers/STM32H7xx_HAL_Driver/Src/stm32h7xx_hal_flash_ex.c ****   uint32_t sector_index;
 1386              		.loc 1 712 3 is_stmt 1 view .LVU394
 713:Drivers/STM32H7xx_HAL_Driver/Src/stm32h7xx_hal_flash_ex.c **** 
 1387              		.loc 1 713 3 view .LVU395
 716:Drivers/STM32H7xx_HAL_Driver/Src/stm32h7xx_hal_flash_ex.c ****   assert_param(IS_FLASH_TYPECRC(pCRCInit->TypeCRC));
 1388              		.loc 1 716 3 view .LVU396
 717:Drivers/STM32H7xx_HAL_Driver/Src/stm32h7xx_hal_flash_ex.c **** 
 1389              		.loc 1 717 3 view .LVU397
 720:Drivers/STM32H7xx_HAL_Driver/Src/stm32h7xx_hal_flash_ex.c **** 
 1390              		.loc 1 720 3 view .LVU398
 720:Drivers/STM32H7xx_HAL_Driver/Src/stm32h7xx_hal_flash_ex.c **** 
 1391              		.loc 1 720 12 is_stmt 0 view .LVU399
 1392 0006 4CF25030 		movw	r0, #50000
 1393              	.LVL103:
 720:Drivers/STM32H7xx_HAL_Driver/Src/stm32h7xx_hal_flash_ex.c **** 
 1394              		.loc 1 720 12 view .LVU400
 1395 000a FFF7FEFF 		bl	FLASH_OB_WaitForLastOperation
 1396              	.LVL104:
 722:Drivers/STM32H7xx_HAL_Driver/Src/stm32h7xx_hal_flash_ex.c ****   {
 1397              		.loc 1 722 3 is_stmt 1 view .LVU401
 722:Drivers/STM32H7xx_HAL_Driver/Src/stm32h7xx_hal_flash_ex.c ****   {
 1398              		.loc 1 722 6 is_stmt 0 view .LVU402
 1399 000e 10B9     		cbnz	r0, .L125
 724:Drivers/STM32H7xx_HAL_Driver/Src/stm32h7xx_hal_flash_ex.c ****     {
 1400              		.loc 1 724 5 is_stmt 1 view .LVU403
 724:Drivers/STM32H7xx_HAL_Driver/Src/stm32h7xx_hal_flash_ex.c ****     {
 1401              		.loc 1 724 17 is_stmt 0 view .LVU404
 1402 0010 A368     		ldr	r3, [r4, #8]
 724:Drivers/STM32H7xx_HAL_Driver/Src/stm32h7xx_hal_flash_ex.c ****     {
 1403              		.loc 1 724 8 view .LVU405
 1404 0012 012B     		cmp	r3, #1
 1405 0014 00D0     		beq	.L132
ARM GAS  C:\Users\jason\AppData\Local\Temp\cc43Y6jb.s 			page 63


 1406              	.LVL105:
 1407              	.L125:
 824:Drivers/STM32H7xx_HAL_Driver/Src/stm32h7xx_hal_flash_ex.c **** }
 1408              		.loc 1 824 3 is_stmt 1 view .LVU406
 825:Drivers/STM32H7xx_HAL_Driver/Src/stm32h7xx_hal_flash_ex.c **** 
 1409              		.loc 1 825 1 is_stmt 0 view .LVU407
 1410 0016 70BD     		pop	{r4, r5, r6, pc}
 1411              	.LVL106:
 1412              	.L132:
 727:Drivers/STM32H7xx_HAL_Driver/Src/stm32h7xx_hal_flash_ex.c **** 
 1413              		.loc 1 727 7 is_stmt 1 view .LVU408
 727:Drivers/STM32H7xx_HAL_Driver/Src/stm32h7xx_hal_flash_ex.c **** 
 1414              		.loc 1 727 12 is_stmt 0 view .LVU409
 1415 0018 254B     		ldr	r3, .L134
 1416 001a DA68     		ldr	r2, [r3, #12]
 727:Drivers/STM32H7xx_HAL_Driver/Src/stm32h7xx_hal_flash_ex.c **** 
 1417              		.loc 1 727 18 view .LVU410
 1418 001c 42F40042 		orr	r2, r2, #32768
 1419 0020 DA60     		str	r2, [r3, #12]
 730:Drivers/STM32H7xx_HAL_Driver/Src/stm32h7xx_hal_flash_ex.c **** 
 1420              		.loc 1 730 7 is_stmt 1 view .LVU411
 730:Drivers/STM32H7xx_HAL_Driver/Src/stm32h7xx_hal_flash_ex.c **** 
 1421              		.loc 1 730 12 is_stmt 0 view .LVU412
 1422 0022 5A69     		ldr	r2, [r3, #20]
 730:Drivers/STM32H7xx_HAL_Driver/Src/stm32h7xx_hal_flash_ex.c **** 
 1423              		.loc 1 730 19 view .LVU413
 1424 0024 42F0C052 		orr	r2, r2, #402653184
 1425 0028 5A61     		str	r2, [r3, #20]
 733:Drivers/STM32H7xx_HAL_Driver/Src/stm32h7xx_hal_flash_ex.c **** 
 1426              		.loc 1 733 7 is_stmt 1 view .LVU414
 733:Drivers/STM32H7xx_HAL_Driver/Src/stm32h7xx_hal_flash_ex.c **** 
 1427              		.loc 1 733 12 is_stmt 0 view .LVU415
 1428 002a 1A6D     		ldr	r2, [r3, #80]
 733:Drivers/STM32H7xx_HAL_Driver/Src/stm32h7xx_hal_flash_ex.c **** 
 1429              		.loc 1 733 56 view .LVU416
 1430 002c 6168     		ldr	r1, [r4, #4]
 733:Drivers/STM32H7xx_HAL_Driver/Src/stm32h7xx_hal_flash_ex.c **** 
 1431              		.loc 1 733 78 view .LVU417
 1432 002e 2068     		ldr	r0, [r4]
 733:Drivers/STM32H7xx_HAL_Driver/Src/stm32h7xx_hal_flash_ex.c **** 
 1433              		.loc 1 733 68 view .LVU418
 1434 0030 0143     		orrs	r1, r1, r0
 733:Drivers/STM32H7xx_HAL_Driver/Src/stm32h7xx_hal_flash_ex.c **** 
 1435              		.loc 1 733 21 view .LVU419
 1436 0032 0A43     		orrs	r2, r2, r1
 1437 0034 42F40032 		orr	r2, r2, #131072
 1438 0038 1A65     		str	r2, [r3, #80]
 735:Drivers/STM32H7xx_HAL_Driver/Src/stm32h7xx_hal_flash_ex.c ****       {
 1439              		.loc 1 735 7 is_stmt 1 view .LVU420
 735:Drivers/STM32H7xx_HAL_Driver/Src/stm32h7xx_hal_flash_ex.c ****       {
 1440              		.loc 1 735 19 is_stmt 0 view .LVU421
 1441 003a 2368     		ldr	r3, [r4]
 735:Drivers/STM32H7xx_HAL_Driver/Src/stm32h7xx_hal_flash_ex.c ****       {
 1442              		.loc 1 735 10 view .LVU422
 1443 003c B3F5807F 		cmp	r3, #256
 1444 0040 08D0     		beq	.L133
 746:Drivers/STM32H7xx_HAL_Driver/Src/stm32h7xx_hal_flash_ex.c ****       {
ARM GAS  C:\Users\jason\AppData\Local\Temp\cc43Y6jb.s 			page 64


 1445              		.loc 1 746 12 is_stmt 1 view .LVU423
 746:Drivers/STM32H7xx_HAL_Driver/Src/stm32h7xx_hal_flash_ex.c ****       {
 1446              		.loc 1 746 15 is_stmt 0 view .LVU424
 1447 0042 1C4A     		ldr	r2, .L134+4
 1448 0044 9342     		cmp	r3, r2
 1449 0046 2DD1     		bne	.L130
 749:Drivers/STM32H7xx_HAL_Driver/Src/stm32h7xx_hal_flash_ex.c ****       }
 1450              		.loc 1 749 9 is_stmt 1 view .LVU425
 749:Drivers/STM32H7xx_HAL_Driver/Src/stm32h7xx_hal_flash_ex.c ****       }
 1451              		.loc 1 749 14 is_stmt 0 view .LVU426
 1452 0048 194A     		ldr	r2, .L134
 1453 004a 136D     		ldr	r3, [r2, #80]
 749:Drivers/STM32H7xx_HAL_Driver/Src/stm32h7xx_hal_flash_ex.c ****       }
 1454              		.loc 1 749 23 view .LVU427
 1455 004c 43F48003 		orr	r3, r3, #4194304
 1456 0050 1365     		str	r3, [r2, #80]
 1457 0052 13E0     		b	.L129
 1458              	.L133:
 738:Drivers/STM32H7xx_HAL_Driver/Src/stm32h7xx_hal_flash_ex.c **** 
 1459              		.loc 1 738 9 is_stmt 1 view .LVU428
 738:Drivers/STM32H7xx_HAL_Driver/Src/stm32h7xx_hal_flash_ex.c **** 
 1460              		.loc 1 738 14 is_stmt 0 view .LVU429
 1461 0054 164A     		ldr	r2, .L134
 1462 0056 136D     		ldr	r3, [r2, #80]
 738:Drivers/STM32H7xx_HAL_Driver/Src/stm32h7xx_hal_flash_ex.c **** 
 1463              		.loc 1 738 23 view .LVU430
 1464 0058 43F48063 		orr	r3, r3, #1024
 1465 005c 1365     		str	r3, [r2, #80]
 741:Drivers/STM32H7xx_HAL_Driver/Src/stm32h7xx_hal_flash_ex.c ****         {
 1466              		.loc 1 741 9 is_stmt 1 view .LVU431
 741:Drivers/STM32H7xx_HAL_Driver/Src/stm32h7xx_hal_flash_ex.c ****         {
 1467              		.loc 1 741 26 is_stmt 0 view .LVU432
 1468 005e E368     		ldr	r3, [r4, #12]
 1469 0060 1846     		mov	r0, r3
 1470              	.LVL107:
 741:Drivers/STM32H7xx_HAL_Driver/Src/stm32h7xx_hal_flash_ex.c ****         {
 1471              		.loc 1 741 9 view .LVU433
 1472 0062 06E0     		b	.L127
 1473              	.L128:
 743:Drivers/STM32H7xx_HAL_Driver/Src/stm32h7xx_hal_flash_ex.c ****         }
 1474              		.loc 1 743 11 is_stmt 1 view .LVU434
 1475 0064 0121     		movs	r1, #1
 1476 0066 0546     		mov	r5, r0
 1477 0068 FFF7FEFF 		bl	FLASH_CRC_AddSector
 1478              	.LVL108:
 741:Drivers/STM32H7xx_HAL_Driver/Src/stm32h7xx_hal_flash_ex.c ****         {
 1479              		.loc 1 741 115 discriminator 3 view .LVU435
 1480 006c 2B46     		mov	r3, r5
 1481 006e 0133     		adds	r3, r3, #1
 1482 0070 1846     		mov	r0, r3
 1483              	.LVL109:
 1484              	.L127:
 741:Drivers/STM32H7xx_HAL_Driver/Src/stm32h7xx_hal_flash_ex.c ****         {
 1485              		.loc 1 741 59 discriminator 1 view .LVU436
 741:Drivers/STM32H7xx_HAL_Driver/Src/stm32h7xx_hal_flash_ex.c ****         {
 1486              		.loc 1 741 70 is_stmt 0 discriminator 1 view .LVU437
 1487 0072 2369     		ldr	r3, [r4, #16]
ARM GAS  C:\Users\jason\AppData\Local\Temp\cc43Y6jb.s 			page 65


 741:Drivers/STM32H7xx_HAL_Driver/Src/stm32h7xx_hal_flash_ex.c ****         {
 1488              		.loc 1 741 92 discriminator 1 view .LVU438
 1489 0074 E268     		ldr	r2, [r4, #12]
 741:Drivers/STM32H7xx_HAL_Driver/Src/stm32h7xx_hal_flash_ex.c ****         {
 1490              		.loc 1 741 82 discriminator 1 view .LVU439
 1491 0076 1344     		add	r3, r3, r2
 741:Drivers/STM32H7xx_HAL_Driver/Src/stm32h7xx_hal_flash_ex.c ****         {
 1492              		.loc 1 741 59 discriminator 1 view .LVU440
 1493 0078 8342     		cmp	r3, r0
 1494 007a F3D8     		bhi	.L128
 1495              	.LVL110:
 1496              	.L129:
 758:Drivers/STM32H7xx_HAL_Driver/Src/stm32h7xx_hal_flash_ex.c **** 
 1497              		.loc 1 758 7 is_stmt 1 view .LVU441
 758:Drivers/STM32H7xx_HAL_Driver/Src/stm32h7xx_hal_flash_ex.c **** 
 1498              		.loc 1 758 12 is_stmt 0 view .LVU442
 1499 007c 0C4C     		ldr	r4, .L134
 1500              	.LVL111:
 758:Drivers/STM32H7xx_HAL_Driver/Src/stm32h7xx_hal_flash_ex.c **** 
 1501              		.loc 1 758 12 view .LVU443
 1502 007e 236D     		ldr	r3, [r4, #80]
 758:Drivers/STM32H7xx_HAL_Driver/Src/stm32h7xx_hal_flash_ex.c **** 
 1503              		.loc 1 758 21 view .LVU444
 1504 0080 43F48033 		orr	r3, r3, #65536
 1505 0084 2365     		str	r3, [r4, #80]
 761:Drivers/STM32H7xx_HAL_Driver/Src/stm32h7xx_hal_flash_ex.c **** 
 1506              		.loc 1 761 7 is_stmt 1 view .LVU445
 761:Drivers/STM32H7xx_HAL_Driver/Src/stm32h7xx_hal_flash_ex.c **** 
 1507              		.loc 1 761 16 is_stmt 0 view .LVU446
 1508 0086 0121     		movs	r1, #1
 1509 0088 4CF25030 		movw	r0, #50000
 1510 008c FFF7FEFF 		bl	FLASH_CRC_WaitForLastOperation
 1511              	.LVL112:
 764:Drivers/STM32H7xx_HAL_Driver/Src/stm32h7xx_hal_flash_ex.c **** 
 1512              		.loc 1 764 7 is_stmt 1 view .LVU447
 764:Drivers/STM32H7xx_HAL_Driver/Src/stm32h7xx_hal_flash_ex.c **** 
 1513              		.loc 1 764 28 is_stmt 0 view .LVU448
 1514 0090 E36D     		ldr	r3, [r4, #92]
 764:Drivers/STM32H7xx_HAL_Driver/Src/stm32h7xx_hal_flash_ex.c **** 
 1515              		.loc 1 764 21 view .LVU449
 1516 0092 3360     		str	r3, [r6]
 767:Drivers/STM32H7xx_HAL_Driver/Src/stm32h7xx_hal_flash_ex.c **** 
 1517              		.loc 1 767 7 is_stmt 1 view .LVU450
 767:Drivers/STM32H7xx_HAL_Driver/Src/stm32h7xx_hal_flash_ex.c **** 
 1518              		.loc 1 767 12 is_stmt 0 view .LVU451
 1519 0094 E368     		ldr	r3, [r4, #12]
 767:Drivers/STM32H7xx_HAL_Driver/Src/stm32h7xx_hal_flash_ex.c **** 
 1520              		.loc 1 767 18 view .LVU452
 1521 0096 23F40043 		bic	r3, r3, #32768
 1522 009a E360     		str	r3, [r4, #12]
 770:Drivers/STM32H7xx_HAL_Driver/Src/stm32h7xx_hal_flash_ex.c ****     }
 1523              		.loc 1 770 7 is_stmt 1 view .LVU453
 1524 009c 4FF0C053 		mov	r3, #402653184
 1525 00a0 6361     		str	r3, [r4, #20]
 1526 00a2 B8E7     		b	.L125
 1527              	.LVL113:
 1528              	.L130:
ARM GAS  C:\Users\jason\AppData\Local\Temp\cc43Y6jb.s 			page 66


 754:Drivers/STM32H7xx_HAL_Driver/Src/stm32h7xx_hal_flash_ex.c ****       }
 1529              		.loc 1 754 9 view .LVU454
 1530 00a4 0122     		movs	r2, #1
 1531 00a6 A169     		ldr	r1, [r4, #24]
 1532 00a8 6069     		ldr	r0, [r4, #20]
 1533 00aa FFF7FEFF 		bl	FLASH_CRC_SelectAddress
 1534              	.LVL114:
 1535 00ae E5E7     		b	.L129
 1536              	.L135:
 1537              		.align	2
 1538              	.L134:
 1539 00b0 00200052 		.word	1375739904
 1540 00b4 00014000 		.word	4194560
 1541              		.cfi_endproc
 1542              	.LFE150:
 1544              		.section	.text.FLASH_Erase_Sector,"ax",%progbits
 1545              		.align	1
 1546              		.global	FLASH_Erase_Sector
 1547              		.syntax unified
 1548              		.thumb
 1549              		.thumb_func
 1551              	FLASH_Erase_Sector:
 1552              	.LVL115:
 1553              	.LFB152:
1181:Drivers/STM32H7xx_HAL_Driver/Src/stm32h7xx_hal_flash_ex.c ****   assert_param(IS_FLASH_SECTOR(Sector));
 1554              		.loc 1 1181 1 view -0
 1555              		.cfi_startproc
 1556              		@ args = 0, pretend = 0, frame = 0
 1557              		@ frame_needed = 0, uses_anonymous_args = 0
 1558              		@ link register save eliminated.
1182:Drivers/STM32H7xx_HAL_Driver/Src/stm32h7xx_hal_flash_ex.c ****   assert_param(IS_FLASH_BANK_EXCLUSIVE(Banks));
 1559              		.loc 1 1182 3 view .LVU456
1183:Drivers/STM32H7xx_HAL_Driver/Src/stm32h7xx_hal_flash_ex.c **** #if defined (FLASH_CR_PSIZE)
 1560              		.loc 1 1183 3 view .LVU457
1185:Drivers/STM32H7xx_HAL_Driver/Src/stm32h7xx_hal_flash_ex.c **** #else
 1561              		.loc 1 1185 3 view .LVU458
1190:Drivers/STM32H7xx_HAL_Driver/Src/stm32h7xx_hal_flash_ex.c ****   {
 1562              		.loc 1 1190 3 view .LVU459
1190:Drivers/STM32H7xx_HAL_Driver/Src/stm32h7xx_hal_flash_ex.c ****   {
 1563              		.loc 1 1190 5 is_stmt 0 view .LVU460
 1564 0000 11F0010F 		tst	r1, #1
 1565 0004 0BD0     		beq	.L136
1194:Drivers/STM32H7xx_HAL_Driver/Src/stm32h7xx_hal_flash_ex.c **** 
 1566              		.loc 1 1194 5 is_stmt 1 view .LVU461
1194:Drivers/STM32H7xx_HAL_Driver/Src/stm32h7xx_hal_flash_ex.c **** 
 1567              		.loc 1 1194 10 is_stmt 0 view .LVU462
 1568 0006 0649     		ldr	r1, .L138
 1569              	.LVL116:
1194:Drivers/STM32H7xx_HAL_Driver/Src/stm32h7xx_hal_flash_ex.c **** 
 1570              		.loc 1 1194 10 view .LVU463
 1571 0008 CB68     		ldr	r3, [r1, #12]
1194:Drivers/STM32H7xx_HAL_Driver/Src/stm32h7xx_hal_flash_ex.c **** 
 1572              		.loc 1 1194 16 view .LVU464
 1573 000a 23F4E663 		bic	r3, r3, #1840
 1574 000e CB60     		str	r3, [r1, #12]
1196:Drivers/STM32H7xx_HAL_Driver/Src/stm32h7xx_hal_flash_ex.c **** #else
 1575              		.loc 1 1196 5 is_stmt 1 view .LVU465
ARM GAS  C:\Users\jason\AppData\Local\Temp\cc43Y6jb.s 			page 67


1196:Drivers/STM32H7xx_HAL_Driver/Src/stm32h7xx_hal_flash_ex.c **** #else
 1576              		.loc 1 1196 10 is_stmt 0 view .LVU466
 1577 0010 CB68     		ldr	r3, [r1, #12]
1196:Drivers/STM32H7xx_HAL_Driver/Src/stm32h7xx_hal_flash_ex.c **** #else
 1578              		.loc 1 1196 48 view .LVU467
 1579 0012 42EA0022 		orr	r2, r2, r0, lsl #8
 1580              	.LVL117:
1196:Drivers/STM32H7xx_HAL_Driver/Src/stm32h7xx_hal_flash_ex.c **** #else
 1581              		.loc 1 1196 16 view .LVU468
 1582 0016 1343     		orrs	r3, r3, r2
 1583 0018 43F08403 		orr	r3, r3, #132
 1584 001c CB60     		str	r3, [r1, #12]
 1585              	.L136:
1221:Drivers/STM32H7xx_HAL_Driver/Src/stm32h7xx_hal_flash_ex.c **** 
 1586              		.loc 1 1221 1 view .LVU469
 1587 001e 7047     		bx	lr
 1588              	.L139:
 1589              		.align	2
 1590              	.L138:
 1591 0020 00200052 		.word	1375739904
 1592              		.cfi_endproc
 1593              	.LFE152:
 1595              		.section	.text.HAL_FLASHEx_Erase,"ax",%progbits
 1596              		.align	1
 1597              		.global	HAL_FLASHEx_Erase
 1598              		.syntax unified
 1599              		.thumb
 1600              		.thumb_func
 1602              	HAL_FLASHEx_Erase:
 1603              	.LVL118:
 1604              	.LFB144:
 187:Drivers/STM32H7xx_HAL_Driver/Src/stm32h7xx_hal_flash_ex.c ****   HAL_StatusTypeDef status = HAL_OK;
 1605              		.loc 1 187 1 is_stmt 1 view -0
 1606              		.cfi_startproc
 1607              		@ args = 0, pretend = 0, frame = 0
 1608              		@ frame_needed = 0, uses_anonymous_args = 0
 187:Drivers/STM32H7xx_HAL_Driver/Src/stm32h7xx_hal_flash_ex.c ****   HAL_StatusTypeDef status = HAL_OK;
 1609              		.loc 1 187 1 is_stmt 0 view .LVU471
 1610 0000 F8B5     		push	{r3, r4, r5, r6, r7, lr}
 1611              		.cfi_def_cfa_offset 24
 1612              		.cfi_offset 3, -24
 1613              		.cfi_offset 4, -20
 1614              		.cfi_offset 5, -16
 1615              		.cfi_offset 6, -12
 1616              		.cfi_offset 7, -8
 1617              		.cfi_offset 14, -4
 188:Drivers/STM32H7xx_HAL_Driver/Src/stm32h7xx_hal_flash_ex.c ****   uint32_t sector_index;
 1618              		.loc 1 188 3 is_stmt 1 view .LVU472
 1619              	.LVL119:
 189:Drivers/STM32H7xx_HAL_Driver/Src/stm32h7xx_hal_flash_ex.c **** 
 1620              		.loc 1 189 3 view .LVU473
 192:Drivers/STM32H7xx_HAL_Driver/Src/stm32h7xx_hal_flash_ex.c ****   assert_param(IS_FLASH_BANK(pEraseInit->Banks));
 1621              		.loc 1 192 3 view .LVU474
 193:Drivers/STM32H7xx_HAL_Driver/Src/stm32h7xx_hal_flash_ex.c **** 
 1622              		.loc 1 193 3 view .LVU475
 196:Drivers/STM32H7xx_HAL_Driver/Src/stm32h7xx_hal_flash_ex.c **** 
 1623              		.loc 1 196 3 view .LVU476
ARM GAS  C:\Users\jason\AppData\Local\Temp\cc43Y6jb.s 			page 68


 196:Drivers/STM32H7xx_HAL_Driver/Src/stm32h7xx_hal_flash_ex.c **** 
 1624              		.loc 1 196 3 view .LVU477
 1625 0002 2E4B     		ldr	r3, .L159
 1626 0004 1B7D     		ldrb	r3, [r3, #20]	@ zero_extendqisi2
 1627 0006 012B     		cmp	r3, #1
 1628 0008 56D0     		beq	.L150
 1629 000a 0446     		mov	r4, r0
 1630 000c 0F46     		mov	r7, r1
 196:Drivers/STM32H7xx_HAL_Driver/Src/stm32h7xx_hal_flash_ex.c **** 
 1631              		.loc 1 196 3 discriminator 2 view .LVU478
 1632 000e 2B4B     		ldr	r3, .L159
 1633 0010 0122     		movs	r2, #1
 1634 0012 1A75     		strb	r2, [r3, #20]
 196:Drivers/STM32H7xx_HAL_Driver/Src/stm32h7xx_hal_flash_ex.c **** 
 1635              		.loc 1 196 3 view .LVU479
 199:Drivers/STM32H7xx_HAL_Driver/Src/stm32h7xx_hal_flash_ex.c **** 
 1636              		.loc 1 199 3 view .LVU480
 199:Drivers/STM32H7xx_HAL_Driver/Src/stm32h7xx_hal_flash_ex.c **** 
 1637              		.loc 1 199 20 is_stmt 0 view .LVU481
 1638 0014 0022     		movs	r2, #0
 1639 0016 9A61     		str	r2, [r3, #24]
 202:Drivers/STM32H7xx_HAL_Driver/Src/stm32h7xx_hal_flash_ex.c ****   {
 1640              		.loc 1 202 3 is_stmt 1 view .LVU482
 202:Drivers/STM32H7xx_HAL_Driver/Src/stm32h7xx_hal_flash_ex.c ****   {
 1641              		.loc 1 202 17 is_stmt 0 view .LVU483
 1642 0018 4368     		ldr	r3, [r0, #4]
 202:Drivers/STM32H7xx_HAL_Driver/Src/stm32h7xx_hal_flash_ex.c ****   {
 1643              		.loc 1 202 5 view .LVU484
 1644 001a 13F0010F 		tst	r3, #1
 1645 001e 08D1     		bne	.L155
 1646              	.LVL120:
 1647              	.L142:
 223:Drivers/STM32H7xx_HAL_Driver/Src/stm32h7xx_hal_flash_ex.c ****     {
 1648              		.loc 1 223 5 is_stmt 1 view .LVU485
 223:Drivers/STM32H7xx_HAL_Driver/Src/stm32h7xx_hal_flash_ex.c ****     {
 1649              		.loc 1 223 18 is_stmt 0 view .LVU486
 1650 0020 2368     		ldr	r3, [r4]
 223:Drivers/STM32H7xx_HAL_Driver/Src/stm32h7xx_hal_flash_ex.c ****     {
 1651              		.loc 1 223 7 view .LVU487
 1652 0022 012B     		cmp	r3, #1
 1653 0024 0ED0     		beq	.L156
 254:Drivers/STM32H7xx_HAL_Driver/Src/stm32h7xx_hal_flash_ex.c **** 
 1654              		.loc 1 254 7 is_stmt 1 view .LVU488
 254:Drivers/STM32H7xx_HAL_Driver/Src/stm32h7xx_hal_flash_ex.c **** 
 1655              		.loc 1 254 20 is_stmt 0 view .LVU489
 1656 0026 4FF0FF33 		mov	r3, #-1
 1657 002a 3B60     		str	r3, [r7]
 257:Drivers/STM32H7xx_HAL_Driver/Src/stm32h7xx_hal_flash_ex.c ****       {
 1658              		.loc 1 257 7 is_stmt 1 view .LVU490
 257:Drivers/STM32H7xx_HAL_Driver/Src/stm32h7xx_hal_flash_ex.c ****       {
 1659              		.loc 1 257 24 is_stmt 0 view .LVU491
 1660 002c A568     		ldr	r5, [r4, #8]
 1661              	.LVL121:
 257:Drivers/STM32H7xx_HAL_Driver/Src/stm32h7xx_hal_flash_ex.c ****       {
 1662              		.loc 1 257 7 view .LVU492
 1663 002e 0026     		movs	r6, #0
 1664 0030 22E0     		b	.L146
ARM GAS  C:\Users\jason\AppData\Local\Temp\cc43Y6jb.s 			page 69


 1665              	.LVL122:
 1666              	.L155:
 204:Drivers/STM32H7xx_HAL_Driver/Src/stm32h7xx_hal_flash_ex.c ****     {
 1667              		.loc 1 204 5 is_stmt 1 view .LVU493
 204:Drivers/STM32H7xx_HAL_Driver/Src/stm32h7xx_hal_flash_ex.c ****     {
 1668              		.loc 1 204 8 is_stmt 0 view .LVU494
 1669 0032 0121     		movs	r1, #1
 1670              	.LVL123:
 204:Drivers/STM32H7xx_HAL_Driver/Src/stm32h7xx_hal_flash_ex.c ****     {
 1671              		.loc 1 204 8 view .LVU495
 1672 0034 4CF25030 		movw	r0, #50000
 1673              	.LVL124:
 204:Drivers/STM32H7xx_HAL_Driver/Src/stm32h7xx_hal_flash_ex.c ****     {
 1674              		.loc 1 204 8 view .LVU496
 1675 0038 FFF7FEFF 		bl	FLASH_WaitForLastOperation
 1676              	.LVL125:
 204:Drivers/STM32H7xx_HAL_Driver/Src/stm32h7xx_hal_flash_ex.c ****     {
 1677              		.loc 1 204 7 discriminator 1 view .LVU497
 1678 003c 0028     		cmp	r0, #0
 1679 003e EFD0     		beq	.L142
 206:Drivers/STM32H7xx_HAL_Driver/Src/stm32h7xx_hal_flash_ex.c ****     }
 1680              		.loc 1 206 14 view .LVU498
 1681 0040 0126     		movs	r6, #1
 1682 0042 34E0     		b	.L143
 1683              	.LVL126:
 1684              	.L156:
 226:Drivers/STM32H7xx_HAL_Driver/Src/stm32h7xx_hal_flash_ex.c **** 
 1685              		.loc 1 226 7 is_stmt 1 view .LVU499
 1686 0044 6168     		ldr	r1, [r4, #4]
 1687 0046 2069     		ldr	r0, [r4, #16]
 1688 0048 FFF7FEFF 		bl	FLASH_MassErase
 1689              	.LVL127:
 229:Drivers/STM32H7xx_HAL_Driver/Src/stm32h7xx_hal_flash_ex.c ****       {
 1690              		.loc 1 229 7 view .LVU500
 229:Drivers/STM32H7xx_HAL_Driver/Src/stm32h7xx_hal_flash_ex.c ****       {
 1691              		.loc 1 229 21 is_stmt 0 view .LVU501
 1692 004c 6368     		ldr	r3, [r4, #4]
 229:Drivers/STM32H7xx_HAL_Driver/Src/stm32h7xx_hal_flash_ex.c ****       {
 1693              		.loc 1 229 9 view .LVU502
 1694 004e 13F0010F 		tst	r3, #1
 1695 0052 01D1     		bne	.L157
 1696 0054 0026     		movs	r6, #0
 1697 0056 2AE0     		b	.L143
 1698              	.L157:
 231:Drivers/STM32H7xx_HAL_Driver/Src/stm32h7xx_hal_flash_ex.c ****         {
 1699              		.loc 1 231 9 is_stmt 1 view .LVU503
 231:Drivers/STM32H7xx_HAL_Driver/Src/stm32h7xx_hal_flash_ex.c ****         {
 1700              		.loc 1 231 12 is_stmt 0 view .LVU504
 1701 0058 0121     		movs	r1, #1
 1702 005a 4CF25030 		movw	r0, #50000
 1703 005e FFF7FEFF 		bl	FLASH_WaitForLastOperation
 1704              	.LVL128:
 231:Drivers/STM32H7xx_HAL_Driver/Src/stm32h7xx_hal_flash_ex.c ****         {
 1705              		.loc 1 231 11 discriminator 1 view .LVU505
 1706 0062 0646     		mov	r6, r0
 1707 0064 00B1     		cbz	r0, .L145
 233:Drivers/STM32H7xx_HAL_Driver/Src/stm32h7xx_hal_flash_ex.c ****         }
ARM GAS  C:\Users\jason\AppData\Local\Temp\cc43Y6jb.s 			page 70


 1708              		.loc 1 233 18 view .LVU506
 1709 0066 0126     		movs	r6, #1
 1710              	.L145:
 1711              	.LVL129:
 236:Drivers/STM32H7xx_HAL_Driver/Src/stm32h7xx_hal_flash_ex.c ****       }
 1712              		.loc 1 236 9 is_stmt 1 view .LVU507
 236:Drivers/STM32H7xx_HAL_Driver/Src/stm32h7xx_hal_flash_ex.c ****       }
 1713              		.loc 1 236 14 is_stmt 0 view .LVU508
 1714 0068 154A     		ldr	r2, .L159+4
 1715 006a D368     		ldr	r3, [r2, #12]
 236:Drivers/STM32H7xx_HAL_Driver/Src/stm32h7xx_hal_flash_ex.c ****       }
 1716              		.loc 1 236 20 view .LVU509
 1717 006c 23F00803 		bic	r3, r3, #8
 1718 0070 D360     		str	r3, [r2, #12]
 1719 0072 1CE0     		b	.L143
 1720              	.LVL130:
 1721              	.L147:
 280:Drivers/STM32H7xx_HAL_Driver/Src/stm32h7xx_hal_flash_ex.c ****         {
 1722              		.loc 1 280 9 is_stmt 1 view .LVU510
 280:Drivers/STM32H7xx_HAL_Driver/Src/stm32h7xx_hal_flash_ex.c ****         {
 1723              		.loc 1 280 11 is_stmt 0 view .LVU511
 1724 0074 D6B9     		cbnz	r6, .L158
 257:Drivers/STM32H7xx_HAL_Driver/Src/stm32h7xx_hal_flash_ex.c ****       {
 1725              		.loc 1 257 119 is_stmt 1 discriminator 2 view .LVU512
 1726 0076 0135     		adds	r5, r5, #1
 1727              	.LVL131:
 1728              	.L146:
 257:Drivers/STM32H7xx_HAL_Driver/Src/stm32h7xx_hal_flash_ex.c ****       {
 1729              		.loc 1 257 59 discriminator 1 view .LVU513
 257:Drivers/STM32H7xx_HAL_Driver/Src/stm32h7xx_hal_flash_ex.c ****       {
 1730              		.loc 1 257 72 is_stmt 0 discriminator 1 view .LVU514
 1731 0078 E368     		ldr	r3, [r4, #12]
 257:Drivers/STM32H7xx_HAL_Driver/Src/stm32h7xx_hal_flash_ex.c ****       {
 1732              		.loc 1 257 96 discriminator 1 view .LVU515
 1733 007a A268     		ldr	r2, [r4, #8]
 257:Drivers/STM32H7xx_HAL_Driver/Src/stm32h7xx_hal_flash_ex.c ****       {
 1734              		.loc 1 257 84 discriminator 1 view .LVU516
 1735 007c 1344     		add	r3, r3, r2
 257:Drivers/STM32H7xx_HAL_Driver/Src/stm32h7xx_hal_flash_ex.c ****       {
 1736              		.loc 1 257 59 discriminator 1 view .LVU517
 1737 007e AB42     		cmp	r3, r5
 1738 0080 15D9     		bls	.L143
 259:Drivers/STM32H7xx_HAL_Driver/Src/stm32h7xx_hal_flash_ex.c **** 
 1739              		.loc 1 259 9 is_stmt 1 view .LVU518
 1740 0082 2269     		ldr	r2, [r4, #16]
 1741 0084 6168     		ldr	r1, [r4, #4]
 1742 0086 2846     		mov	r0, r5
 1743 0088 FFF7FEFF 		bl	FLASH_Erase_Sector
 1744              	.LVL132:
 261:Drivers/STM32H7xx_HAL_Driver/Src/stm32h7xx_hal_flash_ex.c ****         {
 1745              		.loc 1 261 9 view .LVU519
 261:Drivers/STM32H7xx_HAL_Driver/Src/stm32h7xx_hal_flash_ex.c ****         {
 1746              		.loc 1 261 23 is_stmt 0 view .LVU520
 1747 008c 6368     		ldr	r3, [r4, #4]
 261:Drivers/STM32H7xx_HAL_Driver/Src/stm32h7xx_hal_flash_ex.c ****         {
 1748              		.loc 1 261 11 view .LVU521
 1749 008e 13F0010F 		tst	r3, #1
ARM GAS  C:\Users\jason\AppData\Local\Temp\cc43Y6jb.s 			page 71


 1750 0092 EFD0     		beq	.L147
 264:Drivers/STM32H7xx_HAL_Driver/Src/stm32h7xx_hal_flash_ex.c **** 
 1751              		.loc 1 264 11 is_stmt 1 view .LVU522
 264:Drivers/STM32H7xx_HAL_Driver/Src/stm32h7xx_hal_flash_ex.c **** 
 1752              		.loc 1 264 20 is_stmt 0 view .LVU523
 1753 0094 0121     		movs	r1, #1
 1754 0096 4CF25030 		movw	r0, #50000
 1755 009a FFF7FEFF 		bl	FLASH_WaitForLastOperation
 1756              	.LVL133:
 1757 009e 0646     		mov	r6, r0
 1758              	.LVL134:
 267:Drivers/STM32H7xx_HAL_Driver/Src/stm32h7xx_hal_flash_ex.c ****         }
 1759              		.loc 1 267 11 is_stmt 1 view .LVU524
 267:Drivers/STM32H7xx_HAL_Driver/Src/stm32h7xx_hal_flash_ex.c ****         }
 1760              		.loc 1 267 16 is_stmt 0 view .LVU525
 1761 00a0 074A     		ldr	r2, .L159+4
 1762 00a2 D168     		ldr	r1, [r2, #12]
 267:Drivers/STM32H7xx_HAL_Driver/Src/stm32h7xx_hal_flash_ex.c ****         }
 1763              		.loc 1 267 22 view .LVU526
 1764 00a4 074B     		ldr	r3, .L159+8
 1765 00a6 0B40     		ands	r3, r3, r1
 1766 00a8 D360     		str	r3, [r2, #12]
 1767 00aa E3E7     		b	.L147
 1768              	.L158:
 283:Drivers/STM32H7xx_HAL_Driver/Src/stm32h7xx_hal_flash_ex.c ****           break;
 1769              		.loc 1 283 11 is_stmt 1 view .LVU527
 283:Drivers/STM32H7xx_HAL_Driver/Src/stm32h7xx_hal_flash_ex.c ****           break;
 1770              		.loc 1 283 24 is_stmt 0 view .LVU528
 1771 00ac 3D60     		str	r5, [r7]
 284:Drivers/STM32H7xx_HAL_Driver/Src/stm32h7xx_hal_flash_ex.c ****         }
 1772              		.loc 1 284 11 is_stmt 1 view .LVU529
 1773              	.LVL135:
 1774              	.L143:
 291:Drivers/STM32H7xx_HAL_Driver/Src/stm32h7xx_hal_flash_ex.c **** 
 1775              		.loc 1 291 3 view .LVU530
 291:Drivers/STM32H7xx_HAL_Driver/Src/stm32h7xx_hal_flash_ex.c **** 
 1776              		.loc 1 291 3 view .LVU531
 1777 00ae 034B     		ldr	r3, .L159
 1778 00b0 0022     		movs	r2, #0
 1779 00b2 1A75     		strb	r2, [r3, #20]
 291:Drivers/STM32H7xx_HAL_Driver/Src/stm32h7xx_hal_flash_ex.c **** 
 1780              		.loc 1 291 3 view .LVU532
 293:Drivers/STM32H7xx_HAL_Driver/Src/stm32h7xx_hal_flash_ex.c **** }
 1781              		.loc 1 293 3 view .LVU533
 1782              	.LVL136:
 1783              	.L141:
 294:Drivers/STM32H7xx_HAL_Driver/Src/stm32h7xx_hal_flash_ex.c **** 
 1784              		.loc 1 294 1 is_stmt 0 view .LVU534
 1785 00b4 3046     		mov	r0, r6
 1786 00b6 F8BD     		pop	{r3, r4, r5, r6, r7, pc}
 1787              	.LVL137:
 1788              	.L150:
 196:Drivers/STM32H7xx_HAL_Driver/Src/stm32h7xx_hal_flash_ex.c **** 
 1789              		.loc 1 196 3 discriminator 1 view .LVU535
 1790 00b8 0226     		movs	r6, #2
 1791 00ba FBE7     		b	.L141
 1792              	.L160:
ARM GAS  C:\Users\jason\AppData\Local\Temp\cc43Y6jb.s 			page 72


 1793              		.align	2
 1794              	.L159:
 1795 00bc 00000000 		.word	pFlash
 1796 00c0 00200052 		.word	1375739904
 1797 00c4 FBF8FFFF 		.word	-1797
 1798              		.cfi_endproc
 1799              	.LFE144:
 1801              		.section	.text.HAL_FLASHEx_Erase_IT,"ax",%progbits
 1802              		.align	1
 1803              		.global	HAL_FLASHEx_Erase_IT
 1804              		.syntax unified
 1805              		.thumb
 1806              		.thumb_func
 1808              	HAL_FLASHEx_Erase_IT:
 1809              	.LVL138:
 1810              	.LFB145:
 304:Drivers/STM32H7xx_HAL_Driver/Src/stm32h7xx_hal_flash_ex.c ****   HAL_StatusTypeDef status = HAL_OK;
 1811              		.loc 1 304 1 is_stmt 1 view -0
 1812              		.cfi_startproc
 1813              		@ args = 0, pretend = 0, frame = 0
 1814              		@ frame_needed = 0, uses_anonymous_args = 0
 305:Drivers/STM32H7xx_HAL_Driver/Src/stm32h7xx_hal_flash_ex.c **** 
 1815              		.loc 1 305 3 view .LVU537
 308:Drivers/STM32H7xx_HAL_Driver/Src/stm32h7xx_hal_flash_ex.c ****   assert_param(IS_FLASH_BANK(pEraseInit->Banks));
 1816              		.loc 1 308 3 view .LVU538
 309:Drivers/STM32H7xx_HAL_Driver/Src/stm32h7xx_hal_flash_ex.c **** 
 1817              		.loc 1 309 3 view .LVU539
 312:Drivers/STM32H7xx_HAL_Driver/Src/stm32h7xx_hal_flash_ex.c **** 
 1818              		.loc 1 312 3 view .LVU540
 312:Drivers/STM32H7xx_HAL_Driver/Src/stm32h7xx_hal_flash_ex.c **** 
 1819              		.loc 1 312 3 view .LVU541
 1820 0000 234B     		ldr	r3, .L175
 1821 0002 1B7D     		ldrb	r3, [r3, #20]	@ zero_extendqisi2
 1822 0004 012B     		cmp	r3, #1
 1823 0006 40D0     		beq	.L168
 304:Drivers/STM32H7xx_HAL_Driver/Src/stm32h7xx_hal_flash_ex.c ****   HAL_StatusTypeDef status = HAL_OK;
 1824              		.loc 1 304 1 is_stmt 0 view .LVU542
 1825 0008 10B5     		push	{r4, lr}
 1826              		.cfi_def_cfa_offset 8
 1827              		.cfi_offset 4, -8
 1828              		.cfi_offset 14, -4
 1829 000a 0446     		mov	r4, r0
 312:Drivers/STM32H7xx_HAL_Driver/Src/stm32h7xx_hal_flash_ex.c **** 
 1830              		.loc 1 312 3 is_stmt 1 discriminator 2 view .LVU543
 1831 000c 204B     		ldr	r3, .L175
 1832 000e 0122     		movs	r2, #1
 1833 0010 1A75     		strb	r2, [r3, #20]
 312:Drivers/STM32H7xx_HAL_Driver/Src/stm32h7xx_hal_flash_ex.c **** 
 1834              		.loc 1 312 3 view .LVU544
 315:Drivers/STM32H7xx_HAL_Driver/Src/stm32h7xx_hal_flash_ex.c **** 
 1835              		.loc 1 315 3 view .LVU545
 315:Drivers/STM32H7xx_HAL_Driver/Src/stm32h7xx_hal_flash_ex.c **** 
 1836              		.loc 1 315 20 is_stmt 0 view .LVU546
 1837 0012 0022     		movs	r2, #0
 1838 0014 9A61     		str	r2, [r3, #24]
 318:Drivers/STM32H7xx_HAL_Driver/Src/stm32h7xx_hal_flash_ex.c ****   {
 1839              		.loc 1 318 3 is_stmt 1 view .LVU547
ARM GAS  C:\Users\jason\AppData\Local\Temp\cc43Y6jb.s 			page 73


 318:Drivers/STM32H7xx_HAL_Driver/Src/stm32h7xx_hal_flash_ex.c ****   {
 1840              		.loc 1 318 17 is_stmt 0 view .LVU548
 1841 0016 4368     		ldr	r3, [r0, #4]
 318:Drivers/STM32H7xx_HAL_Driver/Src/stm32h7xx_hal_flash_ex.c ****   {
 1842              		.loc 1 318 5 view .LVU549
 1843 0018 13F0010F 		tst	r3, #1
 1844 001c 16D1     		bne	.L173
 1845              	.LVL139:
 1846              	.L163:
 344:Drivers/STM32H7xx_HAL_Driver/Src/stm32h7xx_hal_flash_ex.c ****     {
 1847              		.loc 1 344 5 is_stmt 1 view .LVU550
 344:Drivers/STM32H7xx_HAL_Driver/Src/stm32h7xx_hal_flash_ex.c ****     {
 1848              		.loc 1 344 19 is_stmt 0 view .LVU551
 1849 001e 6368     		ldr	r3, [r4, #4]
 344:Drivers/STM32H7xx_HAL_Driver/Src/stm32h7xx_hal_flash_ex.c ****     {
 1850              		.loc 1 344 7 view .LVU552
 1851 0020 13F0010F 		tst	r3, #1
 1852 0024 04D0     		beq	.L164
 348:Drivers/STM32H7xx_HAL_Driver/Src/stm32h7xx_hal_flash_ex.c ****                                   FLASH_IT_STRBERR_BANK1 | FLASH_IT_INCERR_BANK1 | FLASH_IT_OPERR_B
 1853              		.loc 1 348 7 is_stmt 1 view .LVU553
 1854 0026 1B4A     		ldr	r2, .L175+4
 1855 0028 D368     		ldr	r3, [r2, #12]
 1856 002a 43F4DE03 		orr	r3, r3, #7274496
 1857 002e D360     		str	r3, [r2, #12]
 1858              	.L164:
 369:Drivers/STM32H7xx_HAL_Driver/Src/stm32h7xx_hal_flash_ex.c ****     {
 1859              		.loc 1 369 5 view .LVU554
 369:Drivers/STM32H7xx_HAL_Driver/Src/stm32h7xx_hal_flash_ex.c ****     {
 1860              		.loc 1 369 18 is_stmt 0 view .LVU555
 1861 0030 2368     		ldr	r3, [r4]
 369:Drivers/STM32H7xx_HAL_Driver/Src/stm32h7xx_hal_flash_ex.c ****     {
 1862              		.loc 1 369 7 view .LVU556
 1863 0032 012B     		cmp	r3, #1
 1864 0034 1AD1     		bne	.L165
 372:Drivers/STM32H7xx_HAL_Driver/Src/stm32h7xx_hal_flash_ex.c ****       {
 1865              		.loc 1 372 7 is_stmt 1 view .LVU557
 372:Drivers/STM32H7xx_HAL_Driver/Src/stm32h7xx_hal_flash_ex.c ****       {
 1866              		.loc 1 372 20 is_stmt 0 view .LVU558
 1867 0036 6168     		ldr	r1, [r4, #4]
 372:Drivers/STM32H7xx_HAL_Driver/Src/stm32h7xx_hal_flash_ex.c ****       {
 1868              		.loc 1 372 9 view .LVU559
 1869 0038 0129     		cmp	r1, #1
 1870 003a 13D0     		beq	.L174
 384:Drivers/STM32H7xx_HAL_Driver/Src/stm32h7xx_hal_flash_ex.c ****       }
 1871              		.loc 1 384 9 is_stmt 1 view .LVU560
 384:Drivers/STM32H7xx_HAL_Driver/Src/stm32h7xx_hal_flash_ex.c ****       }
 1872              		.loc 1 384 33 is_stmt 0 view .LVU561
 1873 003c 144B     		ldr	r3, .L175
 1874 003e 0722     		movs	r2, #7
 1875 0040 1A70     		strb	r2, [r3]
 1876              	.L167:
 387:Drivers/STM32H7xx_HAL_Driver/Src/stm32h7xx_hal_flash_ex.c ****     }
 1877              		.loc 1 387 7 is_stmt 1 view .LVU562
 1878 0042 2069     		ldr	r0, [r4, #16]
 1879 0044 FFF7FEFF 		bl	FLASH_MassErase
 1880              	.LVL140:
 1881 0048 0020     		movs	r0, #0
ARM GAS  C:\Users\jason\AppData\Local\Temp\cc43Y6jb.s 			page 74


 1882              	.L162:
 415:Drivers/STM32H7xx_HAL_Driver/Src/stm32h7xx_hal_flash_ex.c **** 
 1883              		.loc 1 415 1 is_stmt 0 view .LVU563
 1884 004a 10BD     		pop	{r4, pc}
 1885              	.LVL141:
 1886              	.L173:
 320:Drivers/STM32H7xx_HAL_Driver/Src/stm32h7xx_hal_flash_ex.c ****     {
 1887              		.loc 1 320 5 is_stmt 1 view .LVU564
 320:Drivers/STM32H7xx_HAL_Driver/Src/stm32h7xx_hal_flash_ex.c ****     {
 1888              		.loc 1 320 8 is_stmt 0 view .LVU565
 1889 004c 0121     		movs	r1, #1
 1890 004e 4CF25030 		movw	r0, #50000
 1891              	.LVL142:
 320:Drivers/STM32H7xx_HAL_Driver/Src/stm32h7xx_hal_flash_ex.c ****     {
 1892              		.loc 1 320 8 view .LVU566
 1893 0052 FFF7FEFF 		bl	FLASH_WaitForLastOperation
 1894              	.LVL143:
 320:Drivers/STM32H7xx_HAL_Driver/Src/stm32h7xx_hal_flash_ex.c ****     {
 1895              		.loc 1 320 7 discriminator 1 view .LVU567
 1896 0056 0028     		cmp	r0, #0
 1897 0058 E1D0     		beq	.L163
 322:Drivers/STM32H7xx_HAL_Driver/Src/stm32h7xx_hal_flash_ex.c ****     }
 1898              		.loc 1 322 7 is_stmt 1 view .LVU568
 1899              	.LVL144:
 337:Drivers/STM32H7xx_HAL_Driver/Src/stm32h7xx_hal_flash_ex.c ****   {
 1900              		.loc 1 337 3 view .LVU569
 340:Drivers/STM32H7xx_HAL_Driver/Src/stm32h7xx_hal_flash_ex.c ****   }
 1901              		.loc 1 340 5 view .LVU570
 340:Drivers/STM32H7xx_HAL_Driver/Src/stm32h7xx_hal_flash_ex.c ****   }
 1902              		.loc 1 340 5 view .LVU571
 1903 005a 0D4B     		ldr	r3, .L175
 1904 005c 0022     		movs	r2, #0
 1905 005e 1A75     		strb	r2, [r3, #20]
 340:Drivers/STM32H7xx_HAL_Driver/Src/stm32h7xx_hal_flash_ex.c ****   }
 1906              		.loc 1 340 5 view .LVU572
 322:Drivers/STM32H7xx_HAL_Driver/Src/stm32h7xx_hal_flash_ex.c ****     }
 1907              		.loc 1 322 14 is_stmt 0 view .LVU573
 1908 0060 0120     		movs	r0, #1
 1909 0062 F2E7     		b	.L162
 1910              	.LVL145:
 1911              	.L174:
 374:Drivers/STM32H7xx_HAL_Driver/Src/stm32h7xx_hal_flash_ex.c ****       }
 1912              		.loc 1 374 9 is_stmt 1 view .LVU574
 374:Drivers/STM32H7xx_HAL_Driver/Src/stm32h7xx_hal_flash_ex.c ****       }
 1913              		.loc 1 374 33 is_stmt 0 view .LVU575
 1914 0064 0A4B     		ldr	r3, .L175
 1915 0066 0222     		movs	r2, #2
 1916 0068 1A70     		strb	r2, [r3]
 1917 006a EAE7     		b	.L167
 1918              	.L165:
 402:Drivers/STM32H7xx_HAL_Driver/Src/stm32h7xx_hal_flash_ex.c **** #endif /* DUAL_BANK */
 1919              		.loc 1 402 7 is_stmt 1 view .LVU576
 402:Drivers/STM32H7xx_HAL_Driver/Src/stm32h7xx_hal_flash_ex.c **** #endif /* DUAL_BANK */
 1920              		.loc 1 402 31 is_stmt 0 view .LVU577
 1921 006c 084B     		ldr	r3, .L175
 1922 006e 0122     		movs	r2, #1
 1923 0070 1A70     		strb	r2, [r3]
ARM GAS  C:\Users\jason\AppData\Local\Temp\cc43Y6jb.s 			page 75


 405:Drivers/STM32H7xx_HAL_Driver/Src/stm32h7xx_hal_flash_ex.c ****       pFlash.Sector = pEraseInit->Sector;
 1924              		.loc 1 405 7 is_stmt 1 view .LVU578
 405:Drivers/STM32H7xx_HAL_Driver/Src/stm32h7xx_hal_flash_ex.c ****       pFlash.Sector = pEraseInit->Sector;
 1925              		.loc 1 405 43 is_stmt 0 view .LVU579
 1926 0072 E268     		ldr	r2, [r4, #12]
 405:Drivers/STM32H7xx_HAL_Driver/Src/stm32h7xx_hal_flash_ex.c ****       pFlash.Sector = pEraseInit->Sector;
 1927              		.loc 1 405 31 view .LVU580
 1928 0074 5A60     		str	r2, [r3, #4]
 406:Drivers/STM32H7xx_HAL_Driver/Src/stm32h7xx_hal_flash_ex.c ****       pFlash.VoltageForErase = pEraseInit->VoltageRange;
 1929              		.loc 1 406 7 is_stmt 1 view .LVU581
 406:Drivers/STM32H7xx_HAL_Driver/Src/stm32h7xx_hal_flash_ex.c ****       pFlash.VoltageForErase = pEraseInit->VoltageRange;
 1930              		.loc 1 406 33 is_stmt 0 view .LVU582
 1931 0076 A268     		ldr	r2, [r4, #8]
 406:Drivers/STM32H7xx_HAL_Driver/Src/stm32h7xx_hal_flash_ex.c ****       pFlash.VoltageForErase = pEraseInit->VoltageRange;
 1932              		.loc 1 406 21 view .LVU583
 1933 0078 DA60     		str	r2, [r3, #12]
 407:Drivers/STM32H7xx_HAL_Driver/Src/stm32h7xx_hal_flash_ex.c **** 
 1934              		.loc 1 407 7 is_stmt 1 view .LVU584
 407:Drivers/STM32H7xx_HAL_Driver/Src/stm32h7xx_hal_flash_ex.c **** 
 1935              		.loc 1 407 42 is_stmt 0 view .LVU585
 1936 007a 2269     		ldr	r2, [r4, #16]
 407:Drivers/STM32H7xx_HAL_Driver/Src/stm32h7xx_hal_flash_ex.c **** 
 1937              		.loc 1 407 30 view .LVU586
 1938 007c 9A60     		str	r2, [r3, #8]
 410:Drivers/STM32H7xx_HAL_Driver/Src/stm32h7xx_hal_flash_ex.c ****     }
 1939              		.loc 1 410 7 is_stmt 1 view .LVU587
 1940 007e 6168     		ldr	r1, [r4, #4]
 1941 0080 A068     		ldr	r0, [r4, #8]
 1942 0082 FFF7FEFF 		bl	FLASH_Erase_Sector
 1943              	.LVL146:
 1944 0086 0020     		movs	r0, #0
 1945 0088 DFE7     		b	.L162
 1946              	.LVL147:
 1947              	.L168:
 1948              		.cfi_def_cfa_offset 0
 1949              		.cfi_restore 4
 1950              		.cfi_restore 14
 312:Drivers/STM32H7xx_HAL_Driver/Src/stm32h7xx_hal_flash_ex.c **** 
 1951              		.loc 1 312 3 is_stmt 0 discriminator 1 view .LVU588
 1952 008a 0220     		movs	r0, #2
 1953              	.LVL148:
 415:Drivers/STM32H7xx_HAL_Driver/Src/stm32h7xx_hal_flash_ex.c **** 
 1954              		.loc 1 415 1 view .LVU589
 1955 008c 7047     		bx	lr
 1956              	.L176:
 1957 008e 00BF     		.align	2
 1958              	.L175:
 1959 0090 00000000 		.word	pFlash
 1960 0094 00200052 		.word	1375739904
 1961              		.cfi_endproc
 1962              	.LFE145:
 1964              		.text
 1965              	.Letext0:
 1966              		.file 2 "C:/Users/jason/AppData/Roaming/Code/User/globalStorage/bmd.stm32-for-vscode/@xpack-dev-to
 1967              		.file 3 "C:/Users/jason/AppData/Roaming/Code/User/globalStorage/bmd.stm32-for-vscode/@xpack-dev-to
 1968              		.file 4 "Drivers/CMSIS/Device/ST/STM32H7xx/Include/stm32h750xx.h"
 1969              		.file 5 "Drivers/STM32H7xx_HAL_Driver/Inc/stm32h7xx_hal_def.h"
ARM GAS  C:\Users\jason\AppData\Local\Temp\cc43Y6jb.s 			page 76


 1970              		.file 6 "Drivers/STM32H7xx_HAL_Driver/Inc/stm32h7xx_hal_flash.h"
 1971              		.file 7 "Drivers/STM32H7xx_HAL_Driver/Inc/stm32h7xx_hal_flash_ex.h"
ARM GAS  C:\Users\jason\AppData\Local\Temp\cc43Y6jb.s 			page 77


DEFINED SYMBOLS
                            *ABS*:00000000 stm32h7xx_hal_flash_ex.c
C:\Users\jason\AppData\Local\Temp\cc43Y6jb.s:20     .text.FLASH_MassErase:00000000 $t
C:\Users\jason\AppData\Local\Temp\cc43Y6jb.s:25     .text.FLASH_MassErase:00000000 FLASH_MassErase
C:\Users\jason\AppData\Local\Temp\cc43Y6jb.s:64     .text.FLASH_MassErase:00000020 $d
C:\Users\jason\AppData\Local\Temp\cc43Y6jb.s:69     .text.FLASH_OB_EnableWRP:00000000 $t
C:\Users\jason\AppData\Local\Temp\cc43Y6jb.s:74     .text.FLASH_OB_EnableWRP:00000000 FLASH_OB_EnableWRP
C:\Users\jason\AppData\Local\Temp\cc43Y6jb.s:104    .text.FLASH_OB_EnableWRP:00000014 $d
C:\Users\jason\AppData\Local\Temp\cc43Y6jb.s:109    .text.FLASH_OB_DisableWRP:00000000 $t
C:\Users\jason\AppData\Local\Temp\cc43Y6jb.s:114    .text.FLASH_OB_DisableWRP:00000000 FLASH_OB_DisableWRP
C:\Users\jason\AppData\Local\Temp\cc43Y6jb.s:144    .text.FLASH_OB_DisableWRP:00000014 $d
C:\Users\jason\AppData\Local\Temp\cc43Y6jb.s:149    .text.FLASH_OB_GetWRP:00000000 $t
C:\Users\jason\AppData\Local\Temp\cc43Y6jb.s:154    .text.FLASH_OB_GetWRP:00000000 FLASH_OB_GetWRP
C:\Users\jason\AppData\Local\Temp\cc43Y6jb.s:207    .text.FLASH_OB_GetWRP:00000020 $d
C:\Users\jason\AppData\Local\Temp\cc43Y6jb.s:212    .text.FLASH_OB_RDPConfig:00000000 $t
C:\Users\jason\AppData\Local\Temp\cc43Y6jb.s:217    .text.FLASH_OB_RDPConfig:00000000 FLASH_OB_RDPConfig
C:\Users\jason\AppData\Local\Temp\cc43Y6jb.s:237    .text.FLASH_OB_RDPConfig:00000010 $d
C:\Users\jason\AppData\Local\Temp\cc43Y6jb.s:242    .text.FLASH_OB_GetRDP:00000000 $t
C:\Users\jason\AppData\Local\Temp\cc43Y6jb.s:247    .text.FLASH_OB_GetRDP:00000000 FLASH_OB_GetRDP
C:\Users\jason\AppData\Local\Temp\cc43Y6jb.s:281    .text.FLASH_OB_GetRDP:0000001c $d
C:\Users\jason\AppData\Local\Temp\cc43Y6jb.s:286    .text.FLASH_OB_UserConfig:00000000 $t
C:\Users\jason\AppData\Local\Temp\cc43Y6jb.s:291    .text.FLASH_OB_UserConfig:00000000 FLASH_OB_UserConfig
C:\Users\jason\AppData\Local\Temp\cc43Y6jb.s:451    .text.FLASH_OB_UserConfig:0000009c $d
C:\Users\jason\AppData\Local\Temp\cc43Y6jb.s:456    .text.FLASH_OB_GetUser:00000000 $t
C:\Users\jason\AppData\Local\Temp\cc43Y6jb.s:461    .text.FLASH_OB_GetUser:00000000 FLASH_OB_GetUser
C:\Users\jason\AppData\Local\Temp\cc43Y6jb.s:484    .text.FLASH_OB_GetUser:0000000c $d
C:\Users\jason\AppData\Local\Temp\cc43Y6jb.s:490    .text.FLASH_OB_PCROPConfig:00000000 $t
C:\Users\jason\AppData\Local\Temp\cc43Y6jb.s:495    .text.FLASH_OB_PCROPConfig:00000000 FLASH_OB_PCROPConfig
C:\Users\jason\AppData\Local\Temp\cc43Y6jb.s:540    .text.FLASH_OB_PCROPConfig:00000020 $d
C:\Users\jason\AppData\Local\Temp\cc43Y6jb.s:545    .text.FLASH_OB_GetPCROP:00000000 $t
C:\Users\jason\AppData\Local\Temp\cc43Y6jb.s:550    .text.FLASH_OB_GetPCROP:00000000 FLASH_OB_GetPCROP
C:\Users\jason\AppData\Local\Temp\cc43Y6jb.s:618    .text.FLASH_OB_GetPCROP:00000038 $d
C:\Users\jason\AppData\Local\Temp\cc43Y6jb.s:624    .text.FLASH_OB_BOR_LevelConfig:00000000 $t
C:\Users\jason\AppData\Local\Temp\cc43Y6jb.s:629    .text.FLASH_OB_BOR_LevelConfig:00000000 FLASH_OB_BOR_LevelConfig
C:\Users\jason\AppData\Local\Temp\cc43Y6jb.s:649    .text.FLASH_OB_BOR_LevelConfig:00000010 $d
C:\Users\jason\AppData\Local\Temp\cc43Y6jb.s:654    .text.FLASH_OB_GetBOR:00000000 $t
C:\Users\jason\AppData\Local\Temp\cc43Y6jb.s:659    .text.FLASH_OB_GetBOR:00000000 FLASH_OB_GetBOR
C:\Users\jason\AppData\Local\Temp\cc43Y6jb.s:676    .text.FLASH_OB_GetBOR:0000000c $d
C:\Users\jason\AppData\Local\Temp\cc43Y6jb.s:681    .text.FLASH_OB_BootAddConfig:00000000 $t
C:\Users\jason\AppData\Local\Temp\cc43Y6jb.s:686    .text.FLASH_OB_BootAddConfig:00000000 FLASH_OB_BootAddConfig
C:\Users\jason\AppData\Local\Temp\cc43Y6jb.s:726    .text.FLASH_OB_BootAddConfig:0000002c $d
C:\Users\jason\AppData\Local\Temp\cc43Y6jb.s:731    .text.FLASH_OB_GetBootAdd:00000000 $t
C:\Users\jason\AppData\Local\Temp\cc43Y6jb.s:736    .text.FLASH_OB_GetBootAdd:00000000 FLASH_OB_GetBootAdd
C:\Users\jason\AppData\Local\Temp\cc43Y6jb.s:766    .text.FLASH_OB_GetBootAdd:00000010 $d
C:\Users\jason\AppData\Local\Temp\cc43Y6jb.s:771    .text.FLASH_OB_SecureAreaConfig:00000000 $t
C:\Users\jason\AppData\Local\Temp\cc43Y6jb.s:776    .text.FLASH_OB_SecureAreaConfig:00000000 FLASH_OB_SecureAreaConfig
C:\Users\jason\AppData\Local\Temp\cc43Y6jb.s:822    .text.FLASH_OB_SecureAreaConfig:00000024 $d
C:\Users\jason\AppData\Local\Temp\cc43Y6jb.s:827    .text.FLASH_OB_GetSecureArea:00000000 $t
C:\Users\jason\AppData\Local\Temp\cc43Y6jb.s:832    .text.FLASH_OB_GetSecureArea:00000000 FLASH_OB_GetSecureArea
C:\Users\jason\AppData\Local\Temp\cc43Y6jb.s:900    .text.FLASH_OB_GetSecureArea:00000038 $d
C:\Users\jason\AppData\Local\Temp\cc43Y6jb.s:906    .text.FLASH_CRC_AddSector:00000000 $t
C:\Users\jason\AppData\Local\Temp\cc43Y6jb.s:911    .text.FLASH_CRC_AddSector:00000000 FLASH_CRC_AddSector
C:\Users\jason\AppData\Local\Temp\cc43Y6jb.s:947    .text.FLASH_CRC_AddSector:0000001c $d
C:\Users\jason\AppData\Local\Temp\cc43Y6jb.s:952    .text.FLASH_CRC_SelectAddress:00000000 $t
C:\Users\jason\AppData\Local\Temp\cc43Y6jb.s:957    .text.FLASH_CRC_SelectAddress:00000000 FLASH_CRC_SelectAddress
C:\Users\jason\AppData\Local\Temp\cc43Y6jb.s:987    .text.FLASH_CRC_SelectAddress:00000010 $d
C:\Users\jason\AppData\Local\Temp\cc43Y6jb.s:992    .text.HAL_FLASHEx_OBProgram:00000000 $t
ARM GAS  C:\Users\jason\AppData\Local\Temp\cc43Y6jb.s 			page 78


C:\Users\jason\AppData\Local\Temp\cc43Y6jb.s:998    .text.HAL_FLASHEx_OBProgram:00000000 HAL_FLASHEx_OBProgram
C:\Users\jason\AppData\Local\Temp\cc43Y6jb.s:1183   .text.HAL_FLASHEx_OBProgram:000000cc $d
C:\Users\jason\AppData\Local\Temp\cc43Y6jb.s:1188   .text.HAL_FLASHEx_OBGetConfig:00000000 $t
C:\Users\jason\AppData\Local\Temp\cc43Y6jb.s:1194   .text.HAL_FLASHEx_OBGetConfig:00000000 HAL_FLASHEx_OBGetConfig
C:\Users\jason\AppData\Local\Temp\cc43Y6jb.s:1281   .text.HAL_FLASHEx_Unlock_Bank1:00000000 $t
C:\Users\jason\AppData\Local\Temp\cc43Y6jb.s:1287   .text.HAL_FLASHEx_Unlock_Bank1:00000000 HAL_FLASHEx_Unlock_Bank1
C:\Users\jason\AppData\Local\Temp\cc43Y6jb.s:1328   .text.HAL_FLASHEx_Unlock_Bank1:0000002c $d
C:\Users\jason\AppData\Local\Temp\cc43Y6jb.s:1334   .text.HAL_FLASHEx_Lock_Bank1:00000000 $t
C:\Users\jason\AppData\Local\Temp\cc43Y6jb.s:1340   .text.HAL_FLASHEx_Lock_Bank1:00000000 HAL_FLASHEx_Lock_Bank1
C:\Users\jason\AppData\Local\Temp\cc43Y6jb.s:1359   .text.HAL_FLASHEx_Lock_Bank1:00000010 $d
C:\Users\jason\AppData\Local\Temp\cc43Y6jb.s:1364   .text.HAL_FLASHEx_ComputeCRC:00000000 $t
C:\Users\jason\AppData\Local\Temp\cc43Y6jb.s:1370   .text.HAL_FLASHEx_ComputeCRC:00000000 HAL_FLASHEx_ComputeCRC
C:\Users\jason\AppData\Local\Temp\cc43Y6jb.s:1539   .text.HAL_FLASHEx_ComputeCRC:000000b0 $d
C:\Users\jason\AppData\Local\Temp\cc43Y6jb.s:1545   .text.FLASH_Erase_Sector:00000000 $t
C:\Users\jason\AppData\Local\Temp\cc43Y6jb.s:1551   .text.FLASH_Erase_Sector:00000000 FLASH_Erase_Sector
C:\Users\jason\AppData\Local\Temp\cc43Y6jb.s:1591   .text.FLASH_Erase_Sector:00000020 $d
C:\Users\jason\AppData\Local\Temp\cc43Y6jb.s:1596   .text.HAL_FLASHEx_Erase:00000000 $t
C:\Users\jason\AppData\Local\Temp\cc43Y6jb.s:1602   .text.HAL_FLASHEx_Erase:00000000 HAL_FLASHEx_Erase
C:\Users\jason\AppData\Local\Temp\cc43Y6jb.s:1795   .text.HAL_FLASHEx_Erase:000000bc $d
C:\Users\jason\AppData\Local\Temp\cc43Y6jb.s:1802   .text.HAL_FLASHEx_Erase_IT:00000000 $t
C:\Users\jason\AppData\Local\Temp\cc43Y6jb.s:1808   .text.HAL_FLASHEx_Erase_IT:00000000 HAL_FLASHEx_Erase_IT
C:\Users\jason\AppData\Local\Temp\cc43Y6jb.s:1959   .text.HAL_FLASHEx_Erase_IT:00000090 $d

UNDEFINED SYMBOLS
FLASH_WaitForLastOperation
pFlash
FLASH_OB_WaitForLastOperation
FLASH_CRC_WaitForLastOperation
