ARM GAS  C:\Users\jason\AppData\Local\Temp\ccv1cIQQ.s 			page 1


   1              		.cpu cortex-m7
   2              		.arch armv7e-m
   3              		.fpu fpv5-d16
   4              		.eabi_attribute 28, 1
   5              		.eabi_attribute 20, 1
   6              		.eabi_attribute 21, 1
   7              		.eabi_attribute 23, 3
   8              		.eabi_attribute 24, 1
   9              		.eabi_attribute 25, 1
  10              		.eabi_attribute 26, 1
  11              		.eabi_attribute 30, 1
  12              		.eabi_attribute 34, 1
  13              		.eabi_attribute 18, 4
  14              		.file	"stm32h7xx_hal_msp.c"
  15              		.text
  16              	.Ltext0:
  17              		.cfi_sections	.debug_frame
  18              		.file 1 "Core/Src/stm32h7xx_hal_msp.c"
  19              		.section	.text.HAL_MspInit,"ax",%progbits
  20              		.align	1
  21              		.global	HAL_MspInit
  22              		.syntax unified
  23              		.thumb
  24              		.thumb_func
  26              	HAL_MspInit:
  27              	.LFB144:
   1:Core/Src/stm32h7xx_hal_msp.c **** /* USER CODE BEGIN Header */
   2:Core/Src/stm32h7xx_hal_msp.c **** /**
   3:Core/Src/stm32h7xx_hal_msp.c ****   ******************************************************************************
   4:Core/Src/stm32h7xx_hal_msp.c ****   * @file         stm32h7xx_hal_msp.c
   5:Core/Src/stm32h7xx_hal_msp.c ****   * @brief        This file provides code for the MSP Initialization
   6:Core/Src/stm32h7xx_hal_msp.c ****   *               and de-Initialization codes.
   7:Core/Src/stm32h7xx_hal_msp.c ****   ******************************************************************************
   8:Core/Src/stm32h7xx_hal_msp.c ****   * @attention
   9:Core/Src/stm32h7xx_hal_msp.c ****   *
  10:Core/Src/stm32h7xx_hal_msp.c ****   * Copyright (c) 2026 STMicroelectronics.
  11:Core/Src/stm32h7xx_hal_msp.c ****   * All rights reserved.
  12:Core/Src/stm32h7xx_hal_msp.c ****   *
  13:Core/Src/stm32h7xx_hal_msp.c ****   * This software is licensed under terms that can be found in the LICENSE file
  14:Core/Src/stm32h7xx_hal_msp.c ****   * in the root directory of this software component.
  15:Core/Src/stm32h7xx_hal_msp.c ****   * If no LICENSE file comes with this software, it is provided AS-IS.
  16:Core/Src/stm32h7xx_hal_msp.c ****   *
  17:Core/Src/stm32h7xx_hal_msp.c ****   ******************************************************************************
  18:Core/Src/stm32h7xx_hal_msp.c ****   */
  19:Core/Src/stm32h7xx_hal_msp.c **** /* USER CODE END Header */
  20:Core/Src/stm32h7xx_hal_msp.c **** 
  21:Core/Src/stm32h7xx_hal_msp.c **** /* Includes ------------------------------------------------------------------*/
  22:Core/Src/stm32h7xx_hal_msp.c **** #include "main.h"
  23:Core/Src/stm32h7xx_hal_msp.c **** /* USER CODE BEGIN Includes */
  24:Core/Src/stm32h7xx_hal_msp.c **** 
  25:Core/Src/stm32h7xx_hal_msp.c **** /* USER CODE END Includes */
  26:Core/Src/stm32h7xx_hal_msp.c **** 
  27:Core/Src/stm32h7xx_hal_msp.c **** /* Private typedef -----------------------------------------------------------*/
  28:Core/Src/stm32h7xx_hal_msp.c **** /* USER CODE BEGIN TD */
  29:Core/Src/stm32h7xx_hal_msp.c **** 
  30:Core/Src/stm32h7xx_hal_msp.c **** /* USER CODE END TD */
  31:Core/Src/stm32h7xx_hal_msp.c **** 
ARM GAS  C:\Users\jason\AppData\Local\Temp\ccv1cIQQ.s 			page 2


  32:Core/Src/stm32h7xx_hal_msp.c **** /* Private define ------------------------------------------------------------*/
  33:Core/Src/stm32h7xx_hal_msp.c **** /* USER CODE BEGIN Define */
  34:Core/Src/stm32h7xx_hal_msp.c **** 
  35:Core/Src/stm32h7xx_hal_msp.c **** /* USER CODE END Define */
  36:Core/Src/stm32h7xx_hal_msp.c **** 
  37:Core/Src/stm32h7xx_hal_msp.c **** /* Private macro -------------------------------------------------------------*/
  38:Core/Src/stm32h7xx_hal_msp.c **** /* USER CODE BEGIN Macro */
  39:Core/Src/stm32h7xx_hal_msp.c **** 
  40:Core/Src/stm32h7xx_hal_msp.c **** /* USER CODE END Macro */
  41:Core/Src/stm32h7xx_hal_msp.c **** 
  42:Core/Src/stm32h7xx_hal_msp.c **** /* Private variables ---------------------------------------------------------*/
  43:Core/Src/stm32h7xx_hal_msp.c **** /* USER CODE BEGIN PV */
  44:Core/Src/stm32h7xx_hal_msp.c **** 
  45:Core/Src/stm32h7xx_hal_msp.c **** /* USER CODE END PV */
  46:Core/Src/stm32h7xx_hal_msp.c **** 
  47:Core/Src/stm32h7xx_hal_msp.c **** /* Private function prototypes -----------------------------------------------*/
  48:Core/Src/stm32h7xx_hal_msp.c **** /* USER CODE BEGIN PFP */
  49:Core/Src/stm32h7xx_hal_msp.c **** 
  50:Core/Src/stm32h7xx_hal_msp.c **** /* USER CODE END PFP */
  51:Core/Src/stm32h7xx_hal_msp.c **** 
  52:Core/Src/stm32h7xx_hal_msp.c **** /* External functions --------------------------------------------------------*/
  53:Core/Src/stm32h7xx_hal_msp.c **** /* USER CODE BEGIN ExternalFunctions */
  54:Core/Src/stm32h7xx_hal_msp.c **** 
  55:Core/Src/stm32h7xx_hal_msp.c **** /* USER CODE END ExternalFunctions */
  56:Core/Src/stm32h7xx_hal_msp.c **** 
  57:Core/Src/stm32h7xx_hal_msp.c **** /* USER CODE BEGIN 0 */
  58:Core/Src/stm32h7xx_hal_msp.c **** 
  59:Core/Src/stm32h7xx_hal_msp.c **** /* USER CODE END 0 */
  60:Core/Src/stm32h7xx_hal_msp.c **** /**
  61:Core/Src/stm32h7xx_hal_msp.c ****   * Initializes the Global MSP.
  62:Core/Src/stm32h7xx_hal_msp.c ****   */
  63:Core/Src/stm32h7xx_hal_msp.c **** void HAL_MspInit(void)
  64:Core/Src/stm32h7xx_hal_msp.c **** {
  28              		.loc 1 64 1 view -0
  29              		.cfi_startproc
  30              		@ args = 0, pretend = 0, frame = 8
  31              		@ frame_needed = 0, uses_anonymous_args = 0
  32 0000 00B5     		push	{lr}
  33              		.cfi_def_cfa_offset 4
  34              		.cfi_offset 14, -4
  35 0002 83B0     		sub	sp, sp, #12
  36              		.cfi_def_cfa_offset 16
  65:Core/Src/stm32h7xx_hal_msp.c **** 
  66:Core/Src/stm32h7xx_hal_msp.c ****   /* USER CODE BEGIN MspInit 0 */
  67:Core/Src/stm32h7xx_hal_msp.c **** 
  68:Core/Src/stm32h7xx_hal_msp.c ****   /* USER CODE END MspInit 0 */
  69:Core/Src/stm32h7xx_hal_msp.c **** 
  70:Core/Src/stm32h7xx_hal_msp.c ****   __HAL_RCC_SYSCFG_CLK_ENABLE();
  37              		.loc 1 70 3 view .LVU1
  38              	.LBB2:
  39              		.loc 1 70 3 view .LVU2
  40              		.loc 1 70 3 view .LVU3
  41 0004 0A4B     		ldr	r3, .L3
  42 0006 D3F8F420 		ldr	r2, [r3, #244]
  43 000a 42F00202 		orr	r2, r2, #2
  44 000e C3F8F420 		str	r2, [r3, #244]
  45              		.loc 1 70 3 view .LVU4
ARM GAS  C:\Users\jason\AppData\Local\Temp\ccv1cIQQ.s 			page 3


  46 0012 D3F8F430 		ldr	r3, [r3, #244]
  47 0016 03F00203 		and	r3, r3, #2
  48 001a 0193     		str	r3, [sp, #4]
  49              		.loc 1 70 3 view .LVU5
  50 001c 019B     		ldr	r3, [sp, #4]
  51              	.LBE2:
  52              		.loc 1 70 3 view .LVU6
  71:Core/Src/stm32h7xx_hal_msp.c **** 
  72:Core/Src/stm32h7xx_hal_msp.c ****   /* System interrupt init*/
  73:Core/Src/stm32h7xx_hal_msp.c ****   /* PendSV_IRQn interrupt configuration */
  74:Core/Src/stm32h7xx_hal_msp.c ****   HAL_NVIC_SetPriority(PendSV_IRQn, 15, 0);
  53              		.loc 1 74 3 view .LVU7
  54 001e 0022     		movs	r2, #0
  55 0020 0F21     		movs	r1, #15
  56 0022 6FF00100 		mvn	r0, #1
  57 0026 FFF7FEFF 		bl	HAL_NVIC_SetPriority
  58              	.LVL0:
  75:Core/Src/stm32h7xx_hal_msp.c **** 
  76:Core/Src/stm32h7xx_hal_msp.c ****   /* USER CODE BEGIN MspInit 1 */
  77:Core/Src/stm32h7xx_hal_msp.c **** 
  78:Core/Src/stm32h7xx_hal_msp.c ****   /* USER CODE END MspInit 1 */
  79:Core/Src/stm32h7xx_hal_msp.c **** }
  59              		.loc 1 79 1 is_stmt 0 view .LVU8
  60 002a 03B0     		add	sp, sp, #12
  61              		.cfi_def_cfa_offset 4
  62              		@ sp needed
  63 002c 00BD     		pop	{pc}
  64              	.L4:
  65 002e 00BF     		.align	2
  66              	.L3:
  67 0030 00440258 		.word	1476543488
  68              		.cfi_endproc
  69              	.LFE144:
  71              		.section	.text.HAL_I2C_MspInit,"ax",%progbits
  72              		.align	1
  73              		.global	HAL_I2C_MspInit
  74              		.syntax unified
  75              		.thumb
  76              		.thumb_func
  78              	HAL_I2C_MspInit:
  79              	.LVL1:
  80              	.LFB145:
  80:Core/Src/stm32h7xx_hal_msp.c **** 
  81:Core/Src/stm32h7xx_hal_msp.c **** /**
  82:Core/Src/stm32h7xx_hal_msp.c ****   * @brief I2C MSP Initialization
  83:Core/Src/stm32h7xx_hal_msp.c ****   * This function configures the hardware resources used in this example
  84:Core/Src/stm32h7xx_hal_msp.c ****   * @param hi2c: I2C handle pointer
  85:Core/Src/stm32h7xx_hal_msp.c ****   * @retval None
  86:Core/Src/stm32h7xx_hal_msp.c ****   */
  87:Core/Src/stm32h7xx_hal_msp.c **** void HAL_I2C_MspInit(I2C_HandleTypeDef* hi2c)
  88:Core/Src/stm32h7xx_hal_msp.c **** {
  81              		.loc 1 88 1 is_stmt 1 view -0
  82              		.cfi_startproc
  83              		@ args = 0, pretend = 0, frame = 224
  84              		@ frame_needed = 0, uses_anonymous_args = 0
  85              		.loc 1 88 1 is_stmt 0 view .LVU10
  86 0000 10B5     		push	{r4, lr}
ARM GAS  C:\Users\jason\AppData\Local\Temp\ccv1cIQQ.s 			page 4


  87              		.cfi_def_cfa_offset 8
  88              		.cfi_offset 4, -8
  89              		.cfi_offset 14, -4
  90 0002 B8B0     		sub	sp, sp, #224
  91              		.cfi_def_cfa_offset 232
  92 0004 0446     		mov	r4, r0
  89:Core/Src/stm32h7xx_hal_msp.c ****   GPIO_InitTypeDef GPIO_InitStruct = {0};
  93              		.loc 1 89 3 is_stmt 1 view .LVU11
  94              		.loc 1 89 20 is_stmt 0 view .LVU12
  95 0006 0021     		movs	r1, #0
  96 0008 3391     		str	r1, [sp, #204]
  97 000a 3491     		str	r1, [sp, #208]
  98 000c 3591     		str	r1, [sp, #212]
  99 000e 3691     		str	r1, [sp, #216]
 100 0010 3791     		str	r1, [sp, #220]
  90:Core/Src/stm32h7xx_hal_msp.c ****   RCC_PeriphCLKInitTypeDef PeriphClkInitStruct = {0};
 101              		.loc 1 90 3 is_stmt 1 view .LVU13
 102              		.loc 1 90 28 is_stmt 0 view .LVU14
 103 0012 C022     		movs	r2, #192
 104 0014 02A8     		add	r0, sp, #8
 105              	.LVL2:
 106              		.loc 1 90 28 view .LVU15
 107 0016 FFF7FEFF 		bl	memset
 108              	.LVL3:
  91:Core/Src/stm32h7xx_hal_msp.c ****   if(hi2c->Instance==I2C1)
 109              		.loc 1 91 3 is_stmt 1 view .LVU16
 110              		.loc 1 91 10 is_stmt 0 view .LVU17
 111 001a 2268     		ldr	r2, [r4]
 112              		.loc 1 91 5 view .LVU18
 113 001c 1B4B     		ldr	r3, .L11
 114 001e 9A42     		cmp	r2, r3
 115 0020 01D0     		beq	.L9
 116              	.LVL4:
 117              	.L5:
  92:Core/Src/stm32h7xx_hal_msp.c ****   {
  93:Core/Src/stm32h7xx_hal_msp.c ****     /* USER CODE BEGIN I2C1_MspInit 0 */
  94:Core/Src/stm32h7xx_hal_msp.c **** 
  95:Core/Src/stm32h7xx_hal_msp.c ****     /* USER CODE END I2C1_MspInit 0 */
  96:Core/Src/stm32h7xx_hal_msp.c **** 
  97:Core/Src/stm32h7xx_hal_msp.c ****   /** Initializes the peripherals clock
  98:Core/Src/stm32h7xx_hal_msp.c ****   */
  99:Core/Src/stm32h7xx_hal_msp.c ****     PeriphClkInitStruct.PeriphClockSelection = RCC_PERIPHCLK_I2C1;
 100:Core/Src/stm32h7xx_hal_msp.c ****     PeriphClkInitStruct.I2c123ClockSelection = RCC_I2C123CLKSOURCE_D2PCLK1;
 101:Core/Src/stm32h7xx_hal_msp.c ****     if (HAL_RCCEx_PeriphCLKConfig(&PeriphClkInitStruct) != HAL_OK)
 102:Core/Src/stm32h7xx_hal_msp.c ****     {
 103:Core/Src/stm32h7xx_hal_msp.c ****       Error_Handler();
 104:Core/Src/stm32h7xx_hal_msp.c ****     }
 105:Core/Src/stm32h7xx_hal_msp.c **** 
 106:Core/Src/stm32h7xx_hal_msp.c ****     __HAL_RCC_GPIOB_CLK_ENABLE();
 107:Core/Src/stm32h7xx_hal_msp.c ****     /**I2C1 GPIO Configuration
 108:Core/Src/stm32h7xx_hal_msp.c ****     PB6     ------> I2C1_SCL
 109:Core/Src/stm32h7xx_hal_msp.c ****     PB7     ------> I2C1_SDA
 110:Core/Src/stm32h7xx_hal_msp.c ****     */
 111:Core/Src/stm32h7xx_hal_msp.c ****     GPIO_InitStruct.Pin = GPIO_PIN_6|GPIO_PIN_7;
 112:Core/Src/stm32h7xx_hal_msp.c ****     GPIO_InitStruct.Mode = GPIO_MODE_AF_OD;
 113:Core/Src/stm32h7xx_hal_msp.c ****     GPIO_InitStruct.Pull = GPIO_NOPULL;
 114:Core/Src/stm32h7xx_hal_msp.c ****     GPIO_InitStruct.Speed = GPIO_SPEED_FREQ_LOW;
ARM GAS  C:\Users\jason\AppData\Local\Temp\ccv1cIQQ.s 			page 5


 115:Core/Src/stm32h7xx_hal_msp.c ****     GPIO_InitStruct.Alternate = GPIO_AF4_I2C1;
 116:Core/Src/stm32h7xx_hal_msp.c ****     HAL_GPIO_Init(GPIOB, &GPIO_InitStruct);
 117:Core/Src/stm32h7xx_hal_msp.c **** 
 118:Core/Src/stm32h7xx_hal_msp.c ****     /* Peripheral clock enable */
 119:Core/Src/stm32h7xx_hal_msp.c ****     __HAL_RCC_I2C1_CLK_ENABLE();
 120:Core/Src/stm32h7xx_hal_msp.c ****     /* USER CODE BEGIN I2C1_MspInit 1 */
 121:Core/Src/stm32h7xx_hal_msp.c **** 
 122:Core/Src/stm32h7xx_hal_msp.c ****     /* USER CODE END I2C1_MspInit 1 */
 123:Core/Src/stm32h7xx_hal_msp.c **** 
 124:Core/Src/stm32h7xx_hal_msp.c ****   }
 125:Core/Src/stm32h7xx_hal_msp.c **** 
 126:Core/Src/stm32h7xx_hal_msp.c **** }
 118              		.loc 1 126 1 view .LVU19
 119 0022 38B0     		add	sp, sp, #224
 120              		.cfi_remember_state
 121              		.cfi_def_cfa_offset 8
 122              		@ sp needed
 123 0024 10BD     		pop	{r4, pc}
 124              	.LVL5:
 125              	.L9:
 126              		.cfi_restore_state
  99:Core/Src/stm32h7xx_hal_msp.c ****     PeriphClkInitStruct.I2c123ClockSelection = RCC_I2C123CLKSOURCE_D2PCLK1;
 127              		.loc 1 99 5 is_stmt 1 view .LVU20
  99:Core/Src/stm32h7xx_hal_msp.c ****     PeriphClkInitStruct.I2c123ClockSelection = RCC_I2C123CLKSOURCE_D2PCLK1;
 128              		.loc 1 99 46 is_stmt 0 view .LVU21
 129 0026 0822     		movs	r2, #8
 130 0028 0023     		movs	r3, #0
 131 002a CDE90223 		strd	r2, [sp, #8]
 100:Core/Src/stm32h7xx_hal_msp.c ****     if (HAL_RCCEx_PeriphCLKConfig(&PeriphClkInitStruct) != HAL_OK)
 132              		.loc 1 100 5 is_stmt 1 view .LVU22
 101:Core/Src/stm32h7xx_hal_msp.c ****     {
 133              		.loc 1 101 5 view .LVU23
 101:Core/Src/stm32h7xx_hal_msp.c ****     {
 134              		.loc 1 101 9 is_stmt 0 view .LVU24
 135 002e 02A8     		add	r0, sp, #8
 136 0030 FFF7FEFF 		bl	HAL_RCCEx_PeriphCLKConfig
 137              	.LVL6:
 101:Core/Src/stm32h7xx_hal_msp.c ****     {
 138              		.loc 1 101 8 discriminator 1 view .LVU25
 139 0034 30BB     		cbnz	r0, .L10
 140              	.L7:
 106:Core/Src/stm32h7xx_hal_msp.c ****     /**I2C1 GPIO Configuration
 141              		.loc 1 106 5 is_stmt 1 view .LVU26
 142              	.LBB3:
 106:Core/Src/stm32h7xx_hal_msp.c ****     /**I2C1 GPIO Configuration
 143              		.loc 1 106 5 view .LVU27
 106:Core/Src/stm32h7xx_hal_msp.c ****     /**I2C1 GPIO Configuration
 144              		.loc 1 106 5 view .LVU28
 145 0036 164C     		ldr	r4, .L11+4
 146              	.LVL7:
 106:Core/Src/stm32h7xx_hal_msp.c ****     /**I2C1 GPIO Configuration
 147              		.loc 1 106 5 is_stmt 0 view .LVU29
 148 0038 D4F8E030 		ldr	r3, [r4, #224]
 149 003c 43F00203 		orr	r3, r3, #2
 150 0040 C4F8E030 		str	r3, [r4, #224]
 106:Core/Src/stm32h7xx_hal_msp.c ****     /**I2C1 GPIO Configuration
 151              		.loc 1 106 5 is_stmt 1 view .LVU30
ARM GAS  C:\Users\jason\AppData\Local\Temp\ccv1cIQQ.s 			page 6


 152 0044 D4F8E030 		ldr	r3, [r4, #224]
 153 0048 03F00203 		and	r3, r3, #2
 154 004c 0093     		str	r3, [sp]
 106:Core/Src/stm32h7xx_hal_msp.c ****     /**I2C1 GPIO Configuration
 155              		.loc 1 106 5 view .LVU31
 156 004e 009B     		ldr	r3, [sp]
 157              	.LBE3:
 106:Core/Src/stm32h7xx_hal_msp.c ****     /**I2C1 GPIO Configuration
 158              		.loc 1 106 5 view .LVU32
 111:Core/Src/stm32h7xx_hal_msp.c ****     GPIO_InitStruct.Mode = GPIO_MODE_AF_OD;
 159              		.loc 1 111 5 view .LVU33
 111:Core/Src/stm32h7xx_hal_msp.c ****     GPIO_InitStruct.Mode = GPIO_MODE_AF_OD;
 160              		.loc 1 111 25 is_stmt 0 view .LVU34
 161 0050 C023     		movs	r3, #192
 162 0052 3393     		str	r3, [sp, #204]
 112:Core/Src/stm32h7xx_hal_msp.c ****     GPIO_InitStruct.Pull = GPIO_NOPULL;
 163              		.loc 1 112 5 is_stmt 1 view .LVU35
 112:Core/Src/stm32h7xx_hal_msp.c ****     GPIO_InitStruct.Pull = GPIO_NOPULL;
 164              		.loc 1 112 26 is_stmt 0 view .LVU36
 165 0054 1223     		movs	r3, #18
 166 0056 3493     		str	r3, [sp, #208]
 113:Core/Src/stm32h7xx_hal_msp.c ****     GPIO_InitStruct.Speed = GPIO_SPEED_FREQ_LOW;
 167              		.loc 1 113 5 is_stmt 1 view .LVU37
 113:Core/Src/stm32h7xx_hal_msp.c ****     GPIO_InitStruct.Speed = GPIO_SPEED_FREQ_LOW;
 168              		.loc 1 113 26 is_stmt 0 view .LVU38
 169 0058 0023     		movs	r3, #0
 170 005a 3593     		str	r3, [sp, #212]
 114:Core/Src/stm32h7xx_hal_msp.c ****     GPIO_InitStruct.Alternate = GPIO_AF4_I2C1;
 171              		.loc 1 114 5 is_stmt 1 view .LVU39
 114:Core/Src/stm32h7xx_hal_msp.c ****     GPIO_InitStruct.Alternate = GPIO_AF4_I2C1;
 172              		.loc 1 114 27 is_stmt 0 view .LVU40
 173 005c 3693     		str	r3, [sp, #216]
 115:Core/Src/stm32h7xx_hal_msp.c ****     HAL_GPIO_Init(GPIOB, &GPIO_InitStruct);
 174              		.loc 1 115 5 is_stmt 1 view .LVU41
 115:Core/Src/stm32h7xx_hal_msp.c ****     HAL_GPIO_Init(GPIOB, &GPIO_InitStruct);
 175              		.loc 1 115 31 is_stmt 0 view .LVU42
 176 005e 0423     		movs	r3, #4
 177 0060 3793     		str	r3, [sp, #220]
 116:Core/Src/stm32h7xx_hal_msp.c **** 
 178              		.loc 1 116 5 is_stmt 1 view .LVU43
 179 0062 33A9     		add	r1, sp, #204
 180 0064 0B48     		ldr	r0, .L11+8
 181 0066 FFF7FEFF 		bl	HAL_GPIO_Init
 182              	.LVL8:
 119:Core/Src/stm32h7xx_hal_msp.c ****     /* USER CODE BEGIN I2C1_MspInit 1 */
 183              		.loc 1 119 5 view .LVU44
 184              	.LBB4:
 119:Core/Src/stm32h7xx_hal_msp.c ****     /* USER CODE BEGIN I2C1_MspInit 1 */
 185              		.loc 1 119 5 view .LVU45
 119:Core/Src/stm32h7xx_hal_msp.c ****     /* USER CODE BEGIN I2C1_MspInit 1 */
 186              		.loc 1 119 5 view .LVU46
 187 006a D4F8E830 		ldr	r3, [r4, #232]
 188 006e 43F40013 		orr	r3, r3, #2097152
 189 0072 C4F8E830 		str	r3, [r4, #232]
 119:Core/Src/stm32h7xx_hal_msp.c ****     /* USER CODE BEGIN I2C1_MspInit 1 */
 190              		.loc 1 119 5 view .LVU47
 191 0076 D4F8E830 		ldr	r3, [r4, #232]
ARM GAS  C:\Users\jason\AppData\Local\Temp\ccv1cIQQ.s 			page 7


 192 007a 03F40013 		and	r3, r3, #2097152
 193 007e 0193     		str	r3, [sp, #4]
 119:Core/Src/stm32h7xx_hal_msp.c ****     /* USER CODE BEGIN I2C1_MspInit 1 */
 194              		.loc 1 119 5 view .LVU48
 195 0080 019B     		ldr	r3, [sp, #4]
 196              	.LBE4:
 119:Core/Src/stm32h7xx_hal_msp.c ****     /* USER CODE BEGIN I2C1_MspInit 1 */
 197              		.loc 1 119 5 view .LVU49
 198              		.loc 1 126 1 is_stmt 0 view .LVU50
 199 0082 CEE7     		b	.L5
 200              	.LVL9:
 201              	.L10:
 103:Core/Src/stm32h7xx_hal_msp.c ****     }
 202              		.loc 1 103 7 is_stmt 1 view .LVU51
 203 0084 FFF7FEFF 		bl	Error_Handler
 204              	.LVL10:
 205 0088 D5E7     		b	.L7
 206              	.L12:
 207 008a 00BF     		.align	2
 208              	.L11:
 209 008c 00540040 		.word	1073763328
 210 0090 00440258 		.word	1476543488
 211 0094 00040258 		.word	1476527104
 212              		.cfi_endproc
 213              	.LFE145:
 215              		.section	.text.HAL_I2C_MspDeInit,"ax",%progbits
 216              		.align	1
 217              		.global	HAL_I2C_MspDeInit
 218              		.syntax unified
 219              		.thumb
 220              		.thumb_func
 222              	HAL_I2C_MspDeInit:
 223              	.LVL11:
 224              	.LFB146:
 127:Core/Src/stm32h7xx_hal_msp.c **** 
 128:Core/Src/stm32h7xx_hal_msp.c **** /**
 129:Core/Src/stm32h7xx_hal_msp.c ****   * @brief I2C MSP De-Initialization
 130:Core/Src/stm32h7xx_hal_msp.c ****   * This function freeze the hardware resources used in this example
 131:Core/Src/stm32h7xx_hal_msp.c ****   * @param hi2c: I2C handle pointer
 132:Core/Src/stm32h7xx_hal_msp.c ****   * @retval None
 133:Core/Src/stm32h7xx_hal_msp.c ****   */
 134:Core/Src/stm32h7xx_hal_msp.c **** void HAL_I2C_MspDeInit(I2C_HandleTypeDef* hi2c)
 135:Core/Src/stm32h7xx_hal_msp.c **** {
 225              		.loc 1 135 1 view -0
 226              		.cfi_startproc
 227              		@ args = 0, pretend = 0, frame = 0
 228              		@ frame_needed = 0, uses_anonymous_args = 0
 229              		.loc 1 135 1 is_stmt 0 view .LVU53
 230 0000 08B5     		push	{r3, lr}
 231              		.cfi_def_cfa_offset 8
 232              		.cfi_offset 3, -8
 233              		.cfi_offset 14, -4
 136:Core/Src/stm32h7xx_hal_msp.c ****   if(hi2c->Instance==I2C1)
 234              		.loc 1 136 3 is_stmt 1 view .LVU54
 235              		.loc 1 136 10 is_stmt 0 view .LVU55
 236 0002 0268     		ldr	r2, [r0]
 237              		.loc 1 136 5 view .LVU56
ARM GAS  C:\Users\jason\AppData\Local\Temp\ccv1cIQQ.s 			page 8


 238 0004 094B     		ldr	r3, .L17
 239 0006 9A42     		cmp	r2, r3
 240 0008 00D0     		beq	.L16
 241              	.LVL12:
 242              	.L13:
 137:Core/Src/stm32h7xx_hal_msp.c ****   {
 138:Core/Src/stm32h7xx_hal_msp.c ****     /* USER CODE BEGIN I2C1_MspDeInit 0 */
 139:Core/Src/stm32h7xx_hal_msp.c **** 
 140:Core/Src/stm32h7xx_hal_msp.c ****     /* USER CODE END I2C1_MspDeInit 0 */
 141:Core/Src/stm32h7xx_hal_msp.c ****     /* Peripheral clock disable */
 142:Core/Src/stm32h7xx_hal_msp.c ****     __HAL_RCC_I2C1_CLK_DISABLE();
 143:Core/Src/stm32h7xx_hal_msp.c **** 
 144:Core/Src/stm32h7xx_hal_msp.c ****     /**I2C1 GPIO Configuration
 145:Core/Src/stm32h7xx_hal_msp.c ****     PB6     ------> I2C1_SCL
 146:Core/Src/stm32h7xx_hal_msp.c ****     PB7     ------> I2C1_SDA
 147:Core/Src/stm32h7xx_hal_msp.c ****     */
 148:Core/Src/stm32h7xx_hal_msp.c ****     HAL_GPIO_DeInit(GPIOB, GPIO_PIN_6);
 149:Core/Src/stm32h7xx_hal_msp.c **** 
 150:Core/Src/stm32h7xx_hal_msp.c ****     HAL_GPIO_DeInit(GPIOB, GPIO_PIN_7);
 151:Core/Src/stm32h7xx_hal_msp.c **** 
 152:Core/Src/stm32h7xx_hal_msp.c ****     /* USER CODE BEGIN I2C1_MspDeInit 1 */
 153:Core/Src/stm32h7xx_hal_msp.c **** 
 154:Core/Src/stm32h7xx_hal_msp.c ****     /* USER CODE END I2C1_MspDeInit 1 */
 155:Core/Src/stm32h7xx_hal_msp.c ****   }
 156:Core/Src/stm32h7xx_hal_msp.c **** 
 157:Core/Src/stm32h7xx_hal_msp.c **** }
 243              		.loc 1 157 1 view .LVU57
 244 000a 08BD     		pop	{r3, pc}
 245              	.LVL13:
 246              	.L16:
 142:Core/Src/stm32h7xx_hal_msp.c **** 
 247              		.loc 1 142 5 is_stmt 1 view .LVU58
 248 000c 084A     		ldr	r2, .L17+4
 249 000e D2F8E830 		ldr	r3, [r2, #232]
 250 0012 23F40013 		bic	r3, r3, #2097152
 251 0016 C2F8E830 		str	r3, [r2, #232]
 148:Core/Src/stm32h7xx_hal_msp.c **** 
 252              		.loc 1 148 5 view .LVU59
 253 001a 4021     		movs	r1, #64
 254 001c 0548     		ldr	r0, .L17+8
 255              	.LVL14:
 148:Core/Src/stm32h7xx_hal_msp.c **** 
 256              		.loc 1 148 5 is_stmt 0 view .LVU60
 257 001e FFF7FEFF 		bl	HAL_GPIO_DeInit
 258              	.LVL15:
 150:Core/Src/stm32h7xx_hal_msp.c **** 
 259              		.loc 1 150 5 is_stmt 1 view .LVU61
 260 0022 8021     		movs	r1, #128
 261 0024 0348     		ldr	r0, .L17+8
 262 0026 FFF7FEFF 		bl	HAL_GPIO_DeInit
 263              	.LVL16:
 264              		.loc 1 157 1 is_stmt 0 view .LVU62
 265 002a EEE7     		b	.L13
 266              	.L18:
 267              		.align	2
 268              	.L17:
 269 002c 00540040 		.word	1073763328
ARM GAS  C:\Users\jason\AppData\Local\Temp\ccv1cIQQ.s 			page 9


 270 0030 00440258 		.word	1476543488
 271 0034 00040258 		.word	1476527104
 272              		.cfi_endproc
 273              	.LFE146:
 275              		.section	.text.HAL_SD_MspInit,"ax",%progbits
 276              		.align	1
 277              		.global	HAL_SD_MspInit
 278              		.syntax unified
 279              		.thumb
 280              		.thumb_func
 282              	HAL_SD_MspInit:
 283              	.LVL17:
 284              	.LFB147:
 158:Core/Src/stm32h7xx_hal_msp.c **** 
 159:Core/Src/stm32h7xx_hal_msp.c **** /**
 160:Core/Src/stm32h7xx_hal_msp.c ****   * @brief SD MSP Initialization
 161:Core/Src/stm32h7xx_hal_msp.c ****   * This function configures the hardware resources used in this example
 162:Core/Src/stm32h7xx_hal_msp.c ****   * @param hsd: SD handle pointer
 163:Core/Src/stm32h7xx_hal_msp.c ****   * @retval None
 164:Core/Src/stm32h7xx_hal_msp.c ****   */
 165:Core/Src/stm32h7xx_hal_msp.c **** void HAL_SD_MspInit(SD_HandleTypeDef* hsd)
 166:Core/Src/stm32h7xx_hal_msp.c **** {
 285              		.loc 1 166 1 is_stmt 1 view -0
 286              		.cfi_startproc
 287              		@ args = 0, pretend = 0, frame = 232
 288              		@ frame_needed = 0, uses_anonymous_args = 0
 289              		.loc 1 166 1 is_stmt 0 view .LVU64
 290 0000 F0B5     		push	{r4, r5, r6, r7, lr}
 291              		.cfi_def_cfa_offset 20
 292              		.cfi_offset 4, -20
 293              		.cfi_offset 5, -16
 294              		.cfi_offset 6, -12
 295              		.cfi_offset 7, -8
 296              		.cfi_offset 14, -4
 297 0002 BBB0     		sub	sp, sp, #236
 298              		.cfi_def_cfa_offset 256
 299 0004 0446     		mov	r4, r0
 167:Core/Src/stm32h7xx_hal_msp.c ****   GPIO_InitTypeDef GPIO_InitStruct = {0};
 300              		.loc 1 167 3 is_stmt 1 view .LVU65
 301              		.loc 1 167 20 is_stmt 0 view .LVU66
 302 0006 0021     		movs	r1, #0
 303 0008 3591     		str	r1, [sp, #212]
 304 000a 3691     		str	r1, [sp, #216]
 305 000c 3791     		str	r1, [sp, #220]
 306 000e 3891     		str	r1, [sp, #224]
 307 0010 3991     		str	r1, [sp, #228]
 168:Core/Src/stm32h7xx_hal_msp.c ****   RCC_PeriphCLKInitTypeDef PeriphClkInitStruct = {0};
 308              		.loc 1 168 3 is_stmt 1 view .LVU67
 309              		.loc 1 168 28 is_stmt 0 view .LVU68
 310 0012 C022     		movs	r2, #192
 311 0014 04A8     		add	r0, sp, #16
 312              	.LVL18:
 313              		.loc 1 168 28 view .LVU69
 314 0016 FFF7FEFF 		bl	memset
 315              	.LVL19:
 169:Core/Src/stm32h7xx_hal_msp.c ****   if(hsd->Instance==SDMMC1)
 316              		.loc 1 169 3 is_stmt 1 view .LVU70
ARM GAS  C:\Users\jason\AppData\Local\Temp\ccv1cIQQ.s 			page 10


 317              		.loc 1 169 9 is_stmt 0 view .LVU71
 318 001a 2268     		ldr	r2, [r4]
 319              		.loc 1 169 5 view .LVU72
 320 001c 284B     		ldr	r3, .L25
 321 001e 9A42     		cmp	r2, r3
 322 0020 01D0     		beq	.L23
 323              	.LVL20:
 324              	.L19:
 170:Core/Src/stm32h7xx_hal_msp.c ****   {
 171:Core/Src/stm32h7xx_hal_msp.c ****     /* USER CODE BEGIN SDMMC1_MspInit 0 */
 172:Core/Src/stm32h7xx_hal_msp.c **** 
 173:Core/Src/stm32h7xx_hal_msp.c ****     /* USER CODE END SDMMC1_MspInit 0 */
 174:Core/Src/stm32h7xx_hal_msp.c **** 
 175:Core/Src/stm32h7xx_hal_msp.c ****   /** Initializes the peripherals clock
 176:Core/Src/stm32h7xx_hal_msp.c ****   */
 177:Core/Src/stm32h7xx_hal_msp.c ****     PeriphClkInitStruct.PeriphClockSelection = RCC_PERIPHCLK_SDMMC;
 178:Core/Src/stm32h7xx_hal_msp.c ****     PeriphClkInitStruct.SdmmcClockSelection = RCC_SDMMCCLKSOURCE_PLL;
 179:Core/Src/stm32h7xx_hal_msp.c ****     if (HAL_RCCEx_PeriphCLKConfig(&PeriphClkInitStruct) != HAL_OK)
 180:Core/Src/stm32h7xx_hal_msp.c ****     {
 181:Core/Src/stm32h7xx_hal_msp.c ****       Error_Handler();
 182:Core/Src/stm32h7xx_hal_msp.c ****     }
 183:Core/Src/stm32h7xx_hal_msp.c **** 
 184:Core/Src/stm32h7xx_hal_msp.c ****     /* Peripheral clock enable */
 185:Core/Src/stm32h7xx_hal_msp.c ****     __HAL_RCC_SDMMC1_CLK_ENABLE();
 186:Core/Src/stm32h7xx_hal_msp.c **** 
 187:Core/Src/stm32h7xx_hal_msp.c ****     __HAL_RCC_GPIOC_CLK_ENABLE();
 188:Core/Src/stm32h7xx_hal_msp.c ****     __HAL_RCC_GPIOD_CLK_ENABLE();
 189:Core/Src/stm32h7xx_hal_msp.c ****     /**SDMMC1 GPIO Configuration
 190:Core/Src/stm32h7xx_hal_msp.c ****     PC8     ------> SDMMC1_D0
 191:Core/Src/stm32h7xx_hal_msp.c ****     PC12     ------> SDMMC1_CK
 192:Core/Src/stm32h7xx_hal_msp.c ****     PD2     ------> SDMMC1_CMD
 193:Core/Src/stm32h7xx_hal_msp.c ****     */
 194:Core/Src/stm32h7xx_hal_msp.c ****     GPIO_InitStruct.Pin = GPIO_PIN_8|GPIO_PIN_12;
 195:Core/Src/stm32h7xx_hal_msp.c ****     GPIO_InitStruct.Mode = GPIO_MODE_AF_PP;
 196:Core/Src/stm32h7xx_hal_msp.c ****     GPIO_InitStruct.Pull = GPIO_NOPULL;
 197:Core/Src/stm32h7xx_hal_msp.c ****     GPIO_InitStruct.Speed = GPIO_SPEED_FREQ_VERY_HIGH;
 198:Core/Src/stm32h7xx_hal_msp.c ****     GPIO_InitStruct.Alternate = GPIO_AF12_SDIO1;
 199:Core/Src/stm32h7xx_hal_msp.c ****     HAL_GPIO_Init(GPIOC, &GPIO_InitStruct);
 200:Core/Src/stm32h7xx_hal_msp.c **** 
 201:Core/Src/stm32h7xx_hal_msp.c ****     GPIO_InitStruct.Pin = GPIO_PIN_2;
 202:Core/Src/stm32h7xx_hal_msp.c ****     GPIO_InitStruct.Mode = GPIO_MODE_AF_PP;
 203:Core/Src/stm32h7xx_hal_msp.c ****     GPIO_InitStruct.Pull = GPIO_NOPULL;
 204:Core/Src/stm32h7xx_hal_msp.c ****     GPIO_InitStruct.Speed = GPIO_SPEED_FREQ_VERY_HIGH;
 205:Core/Src/stm32h7xx_hal_msp.c ****     GPIO_InitStruct.Alternate = GPIO_AF12_SDIO1;
 206:Core/Src/stm32h7xx_hal_msp.c ****     HAL_GPIO_Init(GPIOD, &GPIO_InitStruct);
 207:Core/Src/stm32h7xx_hal_msp.c **** 
 208:Core/Src/stm32h7xx_hal_msp.c ****     /* USER CODE BEGIN SDMMC1_MspInit 1 */
 209:Core/Src/stm32h7xx_hal_msp.c **** 
 210:Core/Src/stm32h7xx_hal_msp.c ****     /* USER CODE END SDMMC1_MspInit 1 */
 211:Core/Src/stm32h7xx_hal_msp.c **** 
 212:Core/Src/stm32h7xx_hal_msp.c ****   }
 213:Core/Src/stm32h7xx_hal_msp.c **** 
 214:Core/Src/stm32h7xx_hal_msp.c **** }
 325              		.loc 1 214 1 view .LVU73
 326 0022 3BB0     		add	sp, sp, #236
 327              		.cfi_remember_state
 328              		.cfi_def_cfa_offset 20
ARM GAS  C:\Users\jason\AppData\Local\Temp\ccv1cIQQ.s 			page 11


 329              		@ sp needed
 330 0024 F0BD     		pop	{r4, r5, r6, r7, pc}
 331              	.LVL21:
 332              	.L23:
 333              		.cfi_restore_state
 177:Core/Src/stm32h7xx_hal_msp.c ****     PeriphClkInitStruct.SdmmcClockSelection = RCC_SDMMCCLKSOURCE_PLL;
 334              		.loc 1 177 5 is_stmt 1 view .LVU74
 177:Core/Src/stm32h7xx_hal_msp.c ****     PeriphClkInitStruct.SdmmcClockSelection = RCC_SDMMCCLKSOURCE_PLL;
 335              		.loc 1 177 46 is_stmt 0 view .LVU75
 336 0026 4FF48032 		mov	r2, #65536
 337 002a 0023     		movs	r3, #0
 338 002c CDE90423 		strd	r2, [sp, #16]
 178:Core/Src/stm32h7xx_hal_msp.c ****     if (HAL_RCCEx_PeriphCLKConfig(&PeriphClkInitStruct) != HAL_OK)
 339              		.loc 1 178 5 is_stmt 1 view .LVU76
 179:Core/Src/stm32h7xx_hal_msp.c ****     {
 340              		.loc 1 179 5 view .LVU77
 179:Core/Src/stm32h7xx_hal_msp.c ****     {
 341              		.loc 1 179 9 is_stmt 0 view .LVU78
 342 0030 04A8     		add	r0, sp, #16
 343 0032 FFF7FEFF 		bl	HAL_RCCEx_PeriphCLKConfig
 344              	.LVL22:
 179:Core/Src/stm32h7xx_hal_msp.c ****     {
 345              		.loc 1 179 8 discriminator 1 view .LVU79
 346 0036 0028     		cmp	r0, #0
 347 0038 3ED1     		bne	.L24
 348              	.L21:
 185:Core/Src/stm32h7xx_hal_msp.c **** 
 349              		.loc 1 185 5 is_stmt 1 view .LVU80
 350              	.LBB5:
 185:Core/Src/stm32h7xx_hal_msp.c **** 
 351              		.loc 1 185 5 view .LVU81
 185:Core/Src/stm32h7xx_hal_msp.c **** 
 352              		.loc 1 185 5 view .LVU82
 353 003a 224B     		ldr	r3, .L25+4
 354 003c D3F8D420 		ldr	r2, [r3, #212]
 355 0040 42F48032 		orr	r2, r2, #65536
 356 0044 C3F8D420 		str	r2, [r3, #212]
 185:Core/Src/stm32h7xx_hal_msp.c **** 
 357              		.loc 1 185 5 view .LVU83
 358 0048 D3F8D420 		ldr	r2, [r3, #212]
 359 004c 02F48032 		and	r2, r2, #65536
 360 0050 0192     		str	r2, [sp, #4]
 185:Core/Src/stm32h7xx_hal_msp.c **** 
 361              		.loc 1 185 5 view .LVU84
 362 0052 019A     		ldr	r2, [sp, #4]
 363              	.LBE5:
 185:Core/Src/stm32h7xx_hal_msp.c **** 
 364              		.loc 1 185 5 view .LVU85
 187:Core/Src/stm32h7xx_hal_msp.c ****     __HAL_RCC_GPIOD_CLK_ENABLE();
 365              		.loc 1 187 5 view .LVU86
 366              	.LBB6:
 187:Core/Src/stm32h7xx_hal_msp.c ****     __HAL_RCC_GPIOD_CLK_ENABLE();
 367              		.loc 1 187 5 view .LVU87
 187:Core/Src/stm32h7xx_hal_msp.c ****     __HAL_RCC_GPIOD_CLK_ENABLE();
 368              		.loc 1 187 5 view .LVU88
 369 0054 D3F8E020 		ldr	r2, [r3, #224]
 370 0058 42F00402 		orr	r2, r2, #4
ARM GAS  C:\Users\jason\AppData\Local\Temp\ccv1cIQQ.s 			page 12


 371 005c C3F8E020 		str	r2, [r3, #224]
 187:Core/Src/stm32h7xx_hal_msp.c ****     __HAL_RCC_GPIOD_CLK_ENABLE();
 372              		.loc 1 187 5 view .LVU89
 373 0060 D3F8E020 		ldr	r2, [r3, #224]
 374 0064 02F00402 		and	r2, r2, #4
 375 0068 0292     		str	r2, [sp, #8]
 187:Core/Src/stm32h7xx_hal_msp.c ****     __HAL_RCC_GPIOD_CLK_ENABLE();
 376              		.loc 1 187 5 view .LVU90
 377 006a 029A     		ldr	r2, [sp, #8]
 378              	.LBE6:
 187:Core/Src/stm32h7xx_hal_msp.c ****     __HAL_RCC_GPIOD_CLK_ENABLE();
 379              		.loc 1 187 5 view .LVU91
 188:Core/Src/stm32h7xx_hal_msp.c ****     /**SDMMC1 GPIO Configuration
 380              		.loc 1 188 5 view .LVU92
 381              	.LBB7:
 188:Core/Src/stm32h7xx_hal_msp.c ****     /**SDMMC1 GPIO Configuration
 382              		.loc 1 188 5 view .LVU93
 188:Core/Src/stm32h7xx_hal_msp.c ****     /**SDMMC1 GPIO Configuration
 383              		.loc 1 188 5 view .LVU94
 384 006c D3F8E020 		ldr	r2, [r3, #224]
 385 0070 42F00802 		orr	r2, r2, #8
 386 0074 C3F8E020 		str	r2, [r3, #224]
 188:Core/Src/stm32h7xx_hal_msp.c ****     /**SDMMC1 GPIO Configuration
 387              		.loc 1 188 5 view .LVU95
 388 0078 D3F8E030 		ldr	r3, [r3, #224]
 389 007c 03F00803 		and	r3, r3, #8
 390 0080 0393     		str	r3, [sp, #12]
 188:Core/Src/stm32h7xx_hal_msp.c ****     /**SDMMC1 GPIO Configuration
 391              		.loc 1 188 5 view .LVU96
 392 0082 039B     		ldr	r3, [sp, #12]
 393              	.LBE7:
 188:Core/Src/stm32h7xx_hal_msp.c ****     /**SDMMC1 GPIO Configuration
 394              		.loc 1 188 5 view .LVU97
 194:Core/Src/stm32h7xx_hal_msp.c ****     GPIO_InitStruct.Mode = GPIO_MODE_AF_PP;
 395              		.loc 1 194 5 view .LVU98
 194:Core/Src/stm32h7xx_hal_msp.c ****     GPIO_InitStruct.Mode = GPIO_MODE_AF_PP;
 396              		.loc 1 194 25 is_stmt 0 view .LVU99
 397 0084 4FF48853 		mov	r3, #4352
 398 0088 3593     		str	r3, [sp, #212]
 195:Core/Src/stm32h7xx_hal_msp.c ****     GPIO_InitStruct.Pull = GPIO_NOPULL;
 399              		.loc 1 195 5 is_stmt 1 view .LVU100
 195:Core/Src/stm32h7xx_hal_msp.c ****     GPIO_InitStruct.Pull = GPIO_NOPULL;
 400              		.loc 1 195 26 is_stmt 0 view .LVU101
 401 008a 0224     		movs	r4, #2
 402              	.LVL23:
 195:Core/Src/stm32h7xx_hal_msp.c ****     GPIO_InitStruct.Pull = GPIO_NOPULL;
 403              		.loc 1 195 26 view .LVU102
 404 008c 3694     		str	r4, [sp, #216]
 196:Core/Src/stm32h7xx_hal_msp.c ****     GPIO_InitStruct.Speed = GPIO_SPEED_FREQ_VERY_HIGH;
 405              		.loc 1 196 5 is_stmt 1 view .LVU103
 196:Core/Src/stm32h7xx_hal_msp.c ****     GPIO_InitStruct.Speed = GPIO_SPEED_FREQ_VERY_HIGH;
 406              		.loc 1 196 26 is_stmt 0 view .LVU104
 407 008e 0025     		movs	r5, #0
 408 0090 3795     		str	r5, [sp, #220]
 197:Core/Src/stm32h7xx_hal_msp.c ****     GPIO_InitStruct.Alternate = GPIO_AF12_SDIO1;
 409              		.loc 1 197 5 is_stmt 1 view .LVU105
 197:Core/Src/stm32h7xx_hal_msp.c ****     GPIO_InitStruct.Alternate = GPIO_AF12_SDIO1;
ARM GAS  C:\Users\jason\AppData\Local\Temp\ccv1cIQQ.s 			page 13


 410              		.loc 1 197 27 is_stmt 0 view .LVU106
 411 0092 0326     		movs	r6, #3
 412 0094 3896     		str	r6, [sp, #224]
 198:Core/Src/stm32h7xx_hal_msp.c ****     HAL_GPIO_Init(GPIOC, &GPIO_InitStruct);
 413              		.loc 1 198 5 is_stmt 1 view .LVU107
 198:Core/Src/stm32h7xx_hal_msp.c ****     HAL_GPIO_Init(GPIOC, &GPIO_InitStruct);
 414              		.loc 1 198 31 is_stmt 0 view .LVU108
 415 0096 0C27     		movs	r7, #12
 416 0098 3997     		str	r7, [sp, #228]
 199:Core/Src/stm32h7xx_hal_msp.c **** 
 417              		.loc 1 199 5 is_stmt 1 view .LVU109
 418 009a 35A9     		add	r1, sp, #212
 419 009c 0A48     		ldr	r0, .L25+8
 420 009e FFF7FEFF 		bl	HAL_GPIO_Init
 421              	.LVL24:
 201:Core/Src/stm32h7xx_hal_msp.c ****     GPIO_InitStruct.Mode = GPIO_MODE_AF_PP;
 422              		.loc 1 201 5 view .LVU110
 201:Core/Src/stm32h7xx_hal_msp.c ****     GPIO_InitStruct.Mode = GPIO_MODE_AF_PP;
 423              		.loc 1 201 25 is_stmt 0 view .LVU111
 424 00a2 0423     		movs	r3, #4
 425 00a4 3593     		str	r3, [sp, #212]
 202:Core/Src/stm32h7xx_hal_msp.c ****     GPIO_InitStruct.Pull = GPIO_NOPULL;
 426              		.loc 1 202 5 is_stmt 1 view .LVU112
 202:Core/Src/stm32h7xx_hal_msp.c ****     GPIO_InitStruct.Pull = GPIO_NOPULL;
 427              		.loc 1 202 26 is_stmt 0 view .LVU113
 428 00a6 3694     		str	r4, [sp, #216]
 203:Core/Src/stm32h7xx_hal_msp.c ****     GPIO_InitStruct.Speed = GPIO_SPEED_FREQ_VERY_HIGH;
 429              		.loc 1 203 5 is_stmt 1 view .LVU114
 203:Core/Src/stm32h7xx_hal_msp.c ****     GPIO_InitStruct.Speed = GPIO_SPEED_FREQ_VERY_HIGH;
 430              		.loc 1 203 26 is_stmt 0 view .LVU115
 431 00a8 3795     		str	r5, [sp, #220]
 204:Core/Src/stm32h7xx_hal_msp.c ****     GPIO_InitStruct.Alternate = GPIO_AF12_SDIO1;
 432              		.loc 1 204 5 is_stmt 1 view .LVU116
 204:Core/Src/stm32h7xx_hal_msp.c ****     GPIO_InitStruct.Alternate = GPIO_AF12_SDIO1;
 433              		.loc 1 204 27 is_stmt 0 view .LVU117
 434 00aa 3896     		str	r6, [sp, #224]
 205:Core/Src/stm32h7xx_hal_msp.c ****     HAL_GPIO_Init(GPIOD, &GPIO_InitStruct);
 435              		.loc 1 205 5 is_stmt 1 view .LVU118
 205:Core/Src/stm32h7xx_hal_msp.c ****     HAL_GPIO_Init(GPIOD, &GPIO_InitStruct);
 436              		.loc 1 205 31 is_stmt 0 view .LVU119
 437 00ac 3997     		str	r7, [sp, #228]
 206:Core/Src/stm32h7xx_hal_msp.c **** 
 438              		.loc 1 206 5 is_stmt 1 view .LVU120
 439 00ae 35A9     		add	r1, sp, #212
 440 00b0 0648     		ldr	r0, .L25+12
 441 00b2 FFF7FEFF 		bl	HAL_GPIO_Init
 442              	.LVL25:
 443              		.loc 1 214 1 is_stmt 0 view .LVU121
 444 00b6 B4E7     		b	.L19
 445              	.LVL26:
 446              	.L24:
 181:Core/Src/stm32h7xx_hal_msp.c ****     }
 447              		.loc 1 181 7 is_stmt 1 view .LVU122
 448 00b8 FFF7FEFF 		bl	Error_Handler
 449              	.LVL27:
 450 00bc BDE7     		b	.L21
 451              	.L26:
ARM GAS  C:\Users\jason\AppData\Local\Temp\ccv1cIQQ.s 			page 14


 452 00be 00BF     		.align	2
 453              	.L25:
 454 00c0 00700052 		.word	1375760384
 455 00c4 00440258 		.word	1476543488
 456 00c8 00080258 		.word	1476528128
 457 00cc 000C0258 		.word	1476529152
 458              		.cfi_endproc
 459              	.LFE147:
 461              		.section	.text.HAL_SD_MspDeInit,"ax",%progbits
 462              		.align	1
 463              		.global	HAL_SD_MspDeInit
 464              		.syntax unified
 465              		.thumb
 466              		.thumb_func
 468              	HAL_SD_MspDeInit:
 469              	.LVL28:
 470              	.LFB148:
 215:Core/Src/stm32h7xx_hal_msp.c **** 
 216:Core/Src/stm32h7xx_hal_msp.c **** /**
 217:Core/Src/stm32h7xx_hal_msp.c ****   * @brief SD MSP De-Initialization
 218:Core/Src/stm32h7xx_hal_msp.c ****   * This function freeze the hardware resources used in this example
 219:Core/Src/stm32h7xx_hal_msp.c ****   * @param hsd: SD handle pointer
 220:Core/Src/stm32h7xx_hal_msp.c ****   * @retval None
 221:Core/Src/stm32h7xx_hal_msp.c ****   */
 222:Core/Src/stm32h7xx_hal_msp.c **** void HAL_SD_MspDeInit(SD_HandleTypeDef* hsd)
 223:Core/Src/stm32h7xx_hal_msp.c **** {
 471              		.loc 1 223 1 view -0
 472              		.cfi_startproc
 473              		@ args = 0, pretend = 0, frame = 0
 474              		@ frame_needed = 0, uses_anonymous_args = 0
 475              		.loc 1 223 1 is_stmt 0 view .LVU124
 476 0000 08B5     		push	{r3, lr}
 477              		.cfi_def_cfa_offset 8
 478              		.cfi_offset 3, -8
 479              		.cfi_offset 14, -4
 224:Core/Src/stm32h7xx_hal_msp.c ****   if(hsd->Instance==SDMMC1)
 480              		.loc 1 224 3 is_stmt 1 view .LVU125
 481              		.loc 1 224 9 is_stmt 0 view .LVU126
 482 0002 0268     		ldr	r2, [r0]
 483              		.loc 1 224 5 view .LVU127
 484 0004 0A4B     		ldr	r3, .L31
 485 0006 9A42     		cmp	r2, r3
 486 0008 00D0     		beq	.L30
 487              	.LVL29:
 488              	.L27:
 225:Core/Src/stm32h7xx_hal_msp.c ****   {
 226:Core/Src/stm32h7xx_hal_msp.c ****     /* USER CODE BEGIN SDMMC1_MspDeInit 0 */
 227:Core/Src/stm32h7xx_hal_msp.c **** 
 228:Core/Src/stm32h7xx_hal_msp.c ****     /* USER CODE END SDMMC1_MspDeInit 0 */
 229:Core/Src/stm32h7xx_hal_msp.c ****     /* Peripheral clock disable */
 230:Core/Src/stm32h7xx_hal_msp.c ****     __HAL_RCC_SDMMC1_CLK_DISABLE();
 231:Core/Src/stm32h7xx_hal_msp.c **** 
 232:Core/Src/stm32h7xx_hal_msp.c ****     /**SDMMC1 GPIO Configuration
 233:Core/Src/stm32h7xx_hal_msp.c ****     PC8     ------> SDMMC1_D0
 234:Core/Src/stm32h7xx_hal_msp.c ****     PC12     ------> SDMMC1_CK
 235:Core/Src/stm32h7xx_hal_msp.c ****     PD2     ------> SDMMC1_CMD
 236:Core/Src/stm32h7xx_hal_msp.c ****     */
ARM GAS  C:\Users\jason\AppData\Local\Temp\ccv1cIQQ.s 			page 15


 237:Core/Src/stm32h7xx_hal_msp.c ****     HAL_GPIO_DeInit(GPIOC, GPIO_PIN_8|GPIO_PIN_12);
 238:Core/Src/stm32h7xx_hal_msp.c **** 
 239:Core/Src/stm32h7xx_hal_msp.c ****     HAL_GPIO_DeInit(GPIOD, GPIO_PIN_2);
 240:Core/Src/stm32h7xx_hal_msp.c **** 
 241:Core/Src/stm32h7xx_hal_msp.c ****     /* USER CODE BEGIN SDMMC1_MspDeInit 1 */
 242:Core/Src/stm32h7xx_hal_msp.c **** 
 243:Core/Src/stm32h7xx_hal_msp.c ****     /* USER CODE END SDMMC1_MspDeInit 1 */
 244:Core/Src/stm32h7xx_hal_msp.c ****   }
 245:Core/Src/stm32h7xx_hal_msp.c **** 
 246:Core/Src/stm32h7xx_hal_msp.c **** }
 489              		.loc 1 246 1 view .LVU128
 490 000a 08BD     		pop	{r3, pc}
 491              	.LVL30:
 492              	.L30:
 230:Core/Src/stm32h7xx_hal_msp.c **** 
 493              		.loc 1 230 5 is_stmt 1 view .LVU129
 494 000c 094A     		ldr	r2, .L31+4
 495 000e D2F8D430 		ldr	r3, [r2, #212]
 496 0012 23F48033 		bic	r3, r3, #65536
 497 0016 C2F8D430 		str	r3, [r2, #212]
 237:Core/Src/stm32h7xx_hal_msp.c **** 
 498              		.loc 1 237 5 view .LVU130
 499 001a 4FF48851 		mov	r1, #4352
 500 001e 0648     		ldr	r0, .L31+8
 501              	.LVL31:
 237:Core/Src/stm32h7xx_hal_msp.c **** 
 502              		.loc 1 237 5 is_stmt 0 view .LVU131
 503 0020 FFF7FEFF 		bl	HAL_GPIO_DeInit
 504              	.LVL32:
 239:Core/Src/stm32h7xx_hal_msp.c **** 
 505              		.loc 1 239 5 is_stmt 1 view .LVU132
 506 0024 0421     		movs	r1, #4
 507 0026 0548     		ldr	r0, .L31+12
 508 0028 FFF7FEFF 		bl	HAL_GPIO_DeInit
 509              	.LVL33:
 510              		.loc 1 246 1 is_stmt 0 view .LVU133
 511 002c EDE7     		b	.L27
 512              	.L32:
 513 002e 00BF     		.align	2
 514              	.L31:
 515 0030 00700052 		.word	1375760384
 516 0034 00440258 		.word	1476543488
 517 0038 00080258 		.word	1476528128
 518 003c 000C0258 		.word	1476529152
 519              		.cfi_endproc
 520              	.LFE148:
 522              		.section	.text.HAL_SPI_MspInit,"ax",%progbits
 523              		.align	1
 524              		.global	HAL_SPI_MspInit
 525              		.syntax unified
 526              		.thumb
 527              		.thumb_func
 529              	HAL_SPI_MspInit:
 530              	.LVL34:
 531              	.LFB149:
 247:Core/Src/stm32h7xx_hal_msp.c **** 
 248:Core/Src/stm32h7xx_hal_msp.c **** /**
ARM GAS  C:\Users\jason\AppData\Local\Temp\ccv1cIQQ.s 			page 16


 249:Core/Src/stm32h7xx_hal_msp.c ****   * @brief SPI MSP Initialization
 250:Core/Src/stm32h7xx_hal_msp.c ****   * This function configures the hardware resources used in this example
 251:Core/Src/stm32h7xx_hal_msp.c ****   * @param hspi: SPI handle pointer
 252:Core/Src/stm32h7xx_hal_msp.c ****   * @retval None
 253:Core/Src/stm32h7xx_hal_msp.c ****   */
 254:Core/Src/stm32h7xx_hal_msp.c **** void HAL_SPI_MspInit(SPI_HandleTypeDef* hspi)
 255:Core/Src/stm32h7xx_hal_msp.c **** {
 532              		.loc 1 255 1 is_stmt 1 view -0
 533              		.cfi_startproc
 534              		@ args = 0, pretend = 0, frame = 224
 535              		@ frame_needed = 0, uses_anonymous_args = 0
 536              		.loc 1 255 1 is_stmt 0 view .LVU135
 537 0000 10B5     		push	{r4, lr}
 538              		.cfi_def_cfa_offset 8
 539              		.cfi_offset 4, -8
 540              		.cfi_offset 14, -4
 541 0002 B8B0     		sub	sp, sp, #224
 542              		.cfi_def_cfa_offset 232
 543 0004 0446     		mov	r4, r0
 256:Core/Src/stm32h7xx_hal_msp.c ****   GPIO_InitTypeDef GPIO_InitStruct = {0};
 544              		.loc 1 256 3 is_stmt 1 view .LVU136
 545              		.loc 1 256 20 is_stmt 0 view .LVU137
 546 0006 0021     		movs	r1, #0
 547 0008 3391     		str	r1, [sp, #204]
 548 000a 3491     		str	r1, [sp, #208]
 549 000c 3591     		str	r1, [sp, #212]
 550 000e 3691     		str	r1, [sp, #216]
 551 0010 3791     		str	r1, [sp, #220]
 257:Core/Src/stm32h7xx_hal_msp.c ****   RCC_PeriphCLKInitTypeDef PeriphClkInitStruct = {0};
 552              		.loc 1 257 3 is_stmt 1 view .LVU138
 553              		.loc 1 257 28 is_stmt 0 view .LVU139
 554 0012 C022     		movs	r2, #192
 555 0014 02A8     		add	r0, sp, #8
 556              	.LVL35:
 557              		.loc 1 257 28 view .LVU140
 558 0016 FFF7FEFF 		bl	memset
 559              	.LVL36:
 258:Core/Src/stm32h7xx_hal_msp.c ****   if(hspi->Instance==SPI1)
 560              		.loc 1 258 3 is_stmt 1 view .LVU141
 561              		.loc 1 258 10 is_stmt 0 view .LVU142
 562 001a 2268     		ldr	r2, [r4]
 563              		.loc 1 258 5 view .LVU143
 564 001c 1B4B     		ldr	r3, .L39
 565 001e 9A42     		cmp	r2, r3
 566 0020 01D0     		beq	.L37
 567              	.L33:
 259:Core/Src/stm32h7xx_hal_msp.c ****   {
 260:Core/Src/stm32h7xx_hal_msp.c ****     /* USER CODE BEGIN SPI1_MspInit 0 */
 261:Core/Src/stm32h7xx_hal_msp.c **** 
 262:Core/Src/stm32h7xx_hal_msp.c ****     /* USER CODE END SPI1_MspInit 0 */
 263:Core/Src/stm32h7xx_hal_msp.c **** 
 264:Core/Src/stm32h7xx_hal_msp.c ****   /** Initializes the peripherals clock
 265:Core/Src/stm32h7xx_hal_msp.c ****   */
 266:Core/Src/stm32h7xx_hal_msp.c ****     PeriphClkInitStruct.PeriphClockSelection = RCC_PERIPHCLK_SPI1;
 267:Core/Src/stm32h7xx_hal_msp.c ****     PeriphClkInitStruct.Spi123ClockSelection = RCC_SPI123CLKSOURCE_PLL;
 268:Core/Src/stm32h7xx_hal_msp.c ****     if (HAL_RCCEx_PeriphCLKConfig(&PeriphClkInitStruct) != HAL_OK)
 269:Core/Src/stm32h7xx_hal_msp.c ****     {
ARM GAS  C:\Users\jason\AppData\Local\Temp\ccv1cIQQ.s 			page 17


 270:Core/Src/stm32h7xx_hal_msp.c ****       Error_Handler();
 271:Core/Src/stm32h7xx_hal_msp.c ****     }
 272:Core/Src/stm32h7xx_hal_msp.c **** 
 273:Core/Src/stm32h7xx_hal_msp.c ****     /* Peripheral clock enable */
 274:Core/Src/stm32h7xx_hal_msp.c ****     __HAL_RCC_SPI1_CLK_ENABLE();
 275:Core/Src/stm32h7xx_hal_msp.c **** 
 276:Core/Src/stm32h7xx_hal_msp.c ****     __HAL_RCC_GPIOB_CLK_ENABLE();
 277:Core/Src/stm32h7xx_hal_msp.c ****     /**SPI1 GPIO Configuration
 278:Core/Src/stm32h7xx_hal_msp.c ****     PB3 (JTDO/TRACESWO)     ------> SPI1_SCK
 279:Core/Src/stm32h7xx_hal_msp.c ****     PB4 (NJTRST)     ------> SPI1_MISO
 280:Core/Src/stm32h7xx_hal_msp.c ****     PB5     ------> SPI1_MOSI
 281:Core/Src/stm32h7xx_hal_msp.c ****     */
 282:Core/Src/stm32h7xx_hal_msp.c ****     GPIO_InitStruct.Pin = GPIO_PIN_3|GPIO_PIN_4|GPIO_PIN_5;
 283:Core/Src/stm32h7xx_hal_msp.c ****     GPIO_InitStruct.Mode = GPIO_MODE_AF_PP;
 284:Core/Src/stm32h7xx_hal_msp.c ****     GPIO_InitStruct.Pull = GPIO_NOPULL;
 285:Core/Src/stm32h7xx_hal_msp.c ****     GPIO_InitStruct.Speed = GPIO_SPEED_FREQ_LOW;
 286:Core/Src/stm32h7xx_hal_msp.c ****     GPIO_InitStruct.Alternate = GPIO_AF5_SPI1;
 287:Core/Src/stm32h7xx_hal_msp.c ****     HAL_GPIO_Init(GPIOB, &GPIO_InitStruct);
 288:Core/Src/stm32h7xx_hal_msp.c **** 
 289:Core/Src/stm32h7xx_hal_msp.c ****     /* USER CODE BEGIN SPI1_MspInit 1 */
 290:Core/Src/stm32h7xx_hal_msp.c **** 
 291:Core/Src/stm32h7xx_hal_msp.c ****     /* USER CODE END SPI1_MspInit 1 */
 292:Core/Src/stm32h7xx_hal_msp.c **** 
 293:Core/Src/stm32h7xx_hal_msp.c ****   }
 294:Core/Src/stm32h7xx_hal_msp.c **** 
 295:Core/Src/stm32h7xx_hal_msp.c **** }
 568              		.loc 1 295 1 view .LVU144
 569 0022 38B0     		add	sp, sp, #224
 570              		.cfi_remember_state
 571              		.cfi_def_cfa_offset 8
 572              		@ sp needed
 573 0024 10BD     		pop	{r4, pc}
 574              	.LVL37:
 575              	.L37:
 576              		.cfi_restore_state
 266:Core/Src/stm32h7xx_hal_msp.c ****     PeriphClkInitStruct.Spi123ClockSelection = RCC_SPI123CLKSOURCE_PLL;
 577              		.loc 1 266 5 is_stmt 1 view .LVU145
 266:Core/Src/stm32h7xx_hal_msp.c ****     PeriphClkInitStruct.Spi123ClockSelection = RCC_SPI123CLKSOURCE_PLL;
 578              		.loc 1 266 46 is_stmt 0 view .LVU146
 579 0026 4FF48052 		mov	r2, #4096
 580 002a 0023     		movs	r3, #0
 581 002c CDE90223 		strd	r2, [sp, #8]
 267:Core/Src/stm32h7xx_hal_msp.c ****     if (HAL_RCCEx_PeriphCLKConfig(&PeriphClkInitStruct) != HAL_OK)
 582              		.loc 1 267 5 is_stmt 1 view .LVU147
 268:Core/Src/stm32h7xx_hal_msp.c ****     {
 583              		.loc 1 268 5 view .LVU148
 268:Core/Src/stm32h7xx_hal_msp.c ****     {
 584              		.loc 1 268 9 is_stmt 0 view .LVU149
 585 0030 02A8     		add	r0, sp, #8
 586 0032 FFF7FEFF 		bl	HAL_RCCEx_PeriphCLKConfig
 587              	.LVL38:
 268:Core/Src/stm32h7xx_hal_msp.c ****     {
 588              		.loc 1 268 8 discriminator 1 view .LVU150
 589 0036 30BB     		cbnz	r0, .L38
 590              	.L35:
 274:Core/Src/stm32h7xx_hal_msp.c **** 
 591              		.loc 1 274 5 is_stmt 1 view .LVU151
ARM GAS  C:\Users\jason\AppData\Local\Temp\ccv1cIQQ.s 			page 18


 592              	.LBB8:
 274:Core/Src/stm32h7xx_hal_msp.c **** 
 593              		.loc 1 274 5 view .LVU152
 274:Core/Src/stm32h7xx_hal_msp.c **** 
 594              		.loc 1 274 5 view .LVU153
 595 0038 154B     		ldr	r3, .L39+4
 596 003a D3F8F020 		ldr	r2, [r3, #240]
 597 003e 42F48052 		orr	r2, r2, #4096
 598 0042 C3F8F020 		str	r2, [r3, #240]
 274:Core/Src/stm32h7xx_hal_msp.c **** 
 599              		.loc 1 274 5 view .LVU154
 600 0046 D3F8F020 		ldr	r2, [r3, #240]
 601 004a 02F48052 		and	r2, r2, #4096
 602 004e 0092     		str	r2, [sp]
 274:Core/Src/stm32h7xx_hal_msp.c **** 
 603              		.loc 1 274 5 view .LVU155
 604 0050 009A     		ldr	r2, [sp]
 605              	.LBE8:
 274:Core/Src/stm32h7xx_hal_msp.c **** 
 606              		.loc 1 274 5 view .LVU156
 276:Core/Src/stm32h7xx_hal_msp.c ****     /**SPI1 GPIO Configuration
 607              		.loc 1 276 5 view .LVU157
 608              	.LBB9:
 276:Core/Src/stm32h7xx_hal_msp.c ****     /**SPI1 GPIO Configuration
 609              		.loc 1 276 5 view .LVU158
 276:Core/Src/stm32h7xx_hal_msp.c ****     /**SPI1 GPIO Configuration
 610              		.loc 1 276 5 view .LVU159
 611 0052 D3F8E020 		ldr	r2, [r3, #224]
 612 0056 42F00202 		orr	r2, r2, #2
 613 005a C3F8E020 		str	r2, [r3, #224]
 276:Core/Src/stm32h7xx_hal_msp.c ****     /**SPI1 GPIO Configuration
 614              		.loc 1 276 5 view .LVU160
 615 005e D3F8E030 		ldr	r3, [r3, #224]
 616 0062 03F00203 		and	r3, r3, #2
 617 0066 0193     		str	r3, [sp, #4]
 276:Core/Src/stm32h7xx_hal_msp.c ****     /**SPI1 GPIO Configuration
 618              		.loc 1 276 5 view .LVU161
 619 0068 019B     		ldr	r3, [sp, #4]
 620              	.LBE9:
 276:Core/Src/stm32h7xx_hal_msp.c ****     /**SPI1 GPIO Configuration
 621              		.loc 1 276 5 view .LVU162
 282:Core/Src/stm32h7xx_hal_msp.c ****     GPIO_InitStruct.Mode = GPIO_MODE_AF_PP;
 622              		.loc 1 282 5 view .LVU163
 282:Core/Src/stm32h7xx_hal_msp.c ****     GPIO_InitStruct.Mode = GPIO_MODE_AF_PP;
 623              		.loc 1 282 25 is_stmt 0 view .LVU164
 624 006a 3823     		movs	r3, #56
 625 006c 3393     		str	r3, [sp, #204]
 283:Core/Src/stm32h7xx_hal_msp.c ****     GPIO_InitStruct.Pull = GPIO_NOPULL;
 626              		.loc 1 283 5 is_stmt 1 view .LVU165
 283:Core/Src/stm32h7xx_hal_msp.c ****     GPIO_InitStruct.Pull = GPIO_NOPULL;
 627              		.loc 1 283 26 is_stmt 0 view .LVU166
 628 006e 0223     		movs	r3, #2
 629 0070 3493     		str	r3, [sp, #208]
 284:Core/Src/stm32h7xx_hal_msp.c ****     GPIO_InitStruct.Speed = GPIO_SPEED_FREQ_LOW;
 630              		.loc 1 284 5 is_stmt 1 view .LVU167
 284:Core/Src/stm32h7xx_hal_msp.c ****     GPIO_InitStruct.Speed = GPIO_SPEED_FREQ_LOW;
 631              		.loc 1 284 26 is_stmt 0 view .LVU168
ARM GAS  C:\Users\jason\AppData\Local\Temp\ccv1cIQQ.s 			page 19


 632 0072 0023     		movs	r3, #0
 633 0074 3593     		str	r3, [sp, #212]
 285:Core/Src/stm32h7xx_hal_msp.c ****     GPIO_InitStruct.Alternate = GPIO_AF5_SPI1;
 634              		.loc 1 285 5 is_stmt 1 view .LVU169
 285:Core/Src/stm32h7xx_hal_msp.c ****     GPIO_InitStruct.Alternate = GPIO_AF5_SPI1;
 635              		.loc 1 285 27 is_stmt 0 view .LVU170
 636 0076 3693     		str	r3, [sp, #216]
 286:Core/Src/stm32h7xx_hal_msp.c ****     HAL_GPIO_Init(GPIOB, &GPIO_InitStruct);
 637              		.loc 1 286 5 is_stmt 1 view .LVU171
 286:Core/Src/stm32h7xx_hal_msp.c ****     HAL_GPIO_Init(GPIOB, &GPIO_InitStruct);
 638              		.loc 1 286 31 is_stmt 0 view .LVU172
 639 0078 0523     		movs	r3, #5
 640 007a 3793     		str	r3, [sp, #220]
 287:Core/Src/stm32h7xx_hal_msp.c **** 
 641              		.loc 1 287 5 is_stmt 1 view .LVU173
 642 007c 33A9     		add	r1, sp, #204
 643 007e 0548     		ldr	r0, .L39+8
 644 0080 FFF7FEFF 		bl	HAL_GPIO_Init
 645              	.LVL39:
 646              		.loc 1 295 1 is_stmt 0 view .LVU174
 647 0084 CDE7     		b	.L33
 648              	.L38:
 270:Core/Src/stm32h7xx_hal_msp.c ****     }
 649              		.loc 1 270 7 is_stmt 1 view .LVU175
 650 0086 FFF7FEFF 		bl	Error_Handler
 651              	.LVL40:
 652 008a D5E7     		b	.L35
 653              	.L40:
 654              		.align	2
 655              	.L39:
 656 008c 00300140 		.word	1073819648
 657 0090 00440258 		.word	1476543488
 658 0094 00040258 		.word	1476527104
 659              		.cfi_endproc
 660              	.LFE149:
 662              		.section	.text.HAL_SPI_MspDeInit,"ax",%progbits
 663              		.align	1
 664              		.global	HAL_SPI_MspDeInit
 665              		.syntax unified
 666              		.thumb
 667              		.thumb_func
 669              	HAL_SPI_MspDeInit:
 670              	.LVL41:
 671              	.LFB150:
 296:Core/Src/stm32h7xx_hal_msp.c **** 
 297:Core/Src/stm32h7xx_hal_msp.c **** /**
 298:Core/Src/stm32h7xx_hal_msp.c ****   * @brief SPI MSP De-Initialization
 299:Core/Src/stm32h7xx_hal_msp.c ****   * This function freeze the hardware resources used in this example
 300:Core/Src/stm32h7xx_hal_msp.c ****   * @param hspi: SPI handle pointer
 301:Core/Src/stm32h7xx_hal_msp.c ****   * @retval None
 302:Core/Src/stm32h7xx_hal_msp.c ****   */
 303:Core/Src/stm32h7xx_hal_msp.c **** void HAL_SPI_MspDeInit(SPI_HandleTypeDef* hspi)
 304:Core/Src/stm32h7xx_hal_msp.c **** {
 672              		.loc 1 304 1 view -0
 673              		.cfi_startproc
 674              		@ args = 0, pretend = 0, frame = 0
 675              		@ frame_needed = 0, uses_anonymous_args = 0
ARM GAS  C:\Users\jason\AppData\Local\Temp\ccv1cIQQ.s 			page 20


 676              		.loc 1 304 1 is_stmt 0 view .LVU177
 677 0000 08B5     		push	{r3, lr}
 678              		.cfi_def_cfa_offset 8
 679              		.cfi_offset 3, -8
 680              		.cfi_offset 14, -4
 305:Core/Src/stm32h7xx_hal_msp.c ****   if(hspi->Instance==SPI1)
 681              		.loc 1 305 3 is_stmt 1 view .LVU178
 682              		.loc 1 305 10 is_stmt 0 view .LVU179
 683 0002 0268     		ldr	r2, [r0]
 684              		.loc 1 305 5 view .LVU180
 685 0004 074B     		ldr	r3, .L45
 686 0006 9A42     		cmp	r2, r3
 687 0008 00D0     		beq	.L44
 688              	.LVL42:
 689              	.L41:
 306:Core/Src/stm32h7xx_hal_msp.c ****   {
 307:Core/Src/stm32h7xx_hal_msp.c ****     /* USER CODE BEGIN SPI1_MspDeInit 0 */
 308:Core/Src/stm32h7xx_hal_msp.c **** 
 309:Core/Src/stm32h7xx_hal_msp.c ****     /* USER CODE END SPI1_MspDeInit 0 */
 310:Core/Src/stm32h7xx_hal_msp.c ****     /* Peripheral clock disable */
 311:Core/Src/stm32h7xx_hal_msp.c ****     __HAL_RCC_SPI1_CLK_DISABLE();
 312:Core/Src/stm32h7xx_hal_msp.c **** 
 313:Core/Src/stm32h7xx_hal_msp.c ****     /**SPI1 GPIO Configuration
 314:Core/Src/stm32h7xx_hal_msp.c ****     PB3 (JTDO/TRACESWO)     ------> SPI1_SCK
 315:Core/Src/stm32h7xx_hal_msp.c ****     PB4 (NJTRST)     ------> SPI1_MISO
 316:Core/Src/stm32h7xx_hal_msp.c ****     PB5     ------> SPI1_MOSI
 317:Core/Src/stm32h7xx_hal_msp.c ****     */
 318:Core/Src/stm32h7xx_hal_msp.c ****     HAL_GPIO_DeInit(GPIOB, GPIO_PIN_3|GPIO_PIN_4|GPIO_PIN_5);
 319:Core/Src/stm32h7xx_hal_msp.c **** 
 320:Core/Src/stm32h7xx_hal_msp.c ****     /* USER CODE BEGIN SPI1_MspDeInit 1 */
 321:Core/Src/stm32h7xx_hal_msp.c **** 
 322:Core/Src/stm32h7xx_hal_msp.c ****     /* USER CODE END SPI1_MspDeInit 1 */
 323:Core/Src/stm32h7xx_hal_msp.c ****   }
 324:Core/Src/stm32h7xx_hal_msp.c **** 
 325:Core/Src/stm32h7xx_hal_msp.c **** }
 690              		.loc 1 325 1 view .LVU181
 691 000a 08BD     		pop	{r3, pc}
 692              	.LVL43:
 693              	.L44:
 311:Core/Src/stm32h7xx_hal_msp.c **** 
 694              		.loc 1 311 5 is_stmt 1 view .LVU182
 695 000c 064A     		ldr	r2, .L45+4
 696 000e D2F8F030 		ldr	r3, [r2, #240]
 697 0012 23F48053 		bic	r3, r3, #4096
 698 0016 C2F8F030 		str	r3, [r2, #240]
 318:Core/Src/stm32h7xx_hal_msp.c **** 
 699              		.loc 1 318 5 view .LVU183
 700 001a 3821     		movs	r1, #56
 701 001c 0348     		ldr	r0, .L45+8
 702              	.LVL44:
 318:Core/Src/stm32h7xx_hal_msp.c **** 
 703              		.loc 1 318 5 is_stmt 0 view .LVU184
 704 001e FFF7FEFF 		bl	HAL_GPIO_DeInit
 705              	.LVL45:
 706              		.loc 1 325 1 view .LVU185
 707 0022 F2E7     		b	.L41
 708              	.L46:
ARM GAS  C:\Users\jason\AppData\Local\Temp\ccv1cIQQ.s 			page 21


 709              		.align	2
 710              	.L45:
 711 0024 00300140 		.word	1073819648
 712 0028 00440258 		.word	1476543488
 713 002c 00040258 		.word	1476527104
 714              		.cfi_endproc
 715              	.LFE150:
 717              		.section	.text.HAL_TIM_Base_MspInit,"ax",%progbits
 718              		.align	1
 719              		.global	HAL_TIM_Base_MspInit
 720              		.syntax unified
 721              		.thumb
 722              		.thumb_func
 724              	HAL_TIM_Base_MspInit:
 725              	.LVL46:
 726              	.LFB151:
 326:Core/Src/stm32h7xx_hal_msp.c **** 
 327:Core/Src/stm32h7xx_hal_msp.c **** /**
 328:Core/Src/stm32h7xx_hal_msp.c ****   * @brief TIM_Base MSP Initialization
 329:Core/Src/stm32h7xx_hal_msp.c ****   * This function configures the hardware resources used in this example
 330:Core/Src/stm32h7xx_hal_msp.c ****   * @param htim_base: TIM_Base handle pointer
 331:Core/Src/stm32h7xx_hal_msp.c ****   * @retval None
 332:Core/Src/stm32h7xx_hal_msp.c ****   */
 333:Core/Src/stm32h7xx_hal_msp.c **** void HAL_TIM_Base_MspInit(TIM_HandleTypeDef* htim_base)
 334:Core/Src/stm32h7xx_hal_msp.c **** {
 727              		.loc 1 334 1 is_stmt 1 view -0
 728              		.cfi_startproc
 729              		@ args = 0, pretend = 0, frame = 16
 730              		@ frame_needed = 0, uses_anonymous_args = 0
 731              		.loc 1 334 1 is_stmt 0 view .LVU187
 732 0000 00B5     		push	{lr}
 733              		.cfi_def_cfa_offset 4
 734              		.cfi_offset 14, -4
 735 0002 85B0     		sub	sp, sp, #20
 736              		.cfi_def_cfa_offset 24
 335:Core/Src/stm32h7xx_hal_msp.c ****   if(htim_base->Instance==TIM2)
 737              		.loc 1 335 3 is_stmt 1 view .LVU188
 738              		.loc 1 335 15 is_stmt 0 view .LVU189
 739 0004 0368     		ldr	r3, [r0]
 740              		.loc 1 335 5 view .LVU190
 741 0006 B3F1804F 		cmp	r3, #1073741824
 742 000a 07D0     		beq	.L52
 336:Core/Src/stm32h7xx_hal_msp.c ****   {
 337:Core/Src/stm32h7xx_hal_msp.c ****     /* USER CODE BEGIN TIM2_MspInit 0 */
 338:Core/Src/stm32h7xx_hal_msp.c **** 
 339:Core/Src/stm32h7xx_hal_msp.c ****     /* USER CODE END TIM2_MspInit 0 */
 340:Core/Src/stm32h7xx_hal_msp.c ****     /* Peripheral clock enable */
 341:Core/Src/stm32h7xx_hal_msp.c ****     __HAL_RCC_TIM2_CLK_ENABLE();
 342:Core/Src/stm32h7xx_hal_msp.c ****     /* TIM2 interrupt Init */
 343:Core/Src/stm32h7xx_hal_msp.c ****     HAL_NVIC_SetPriority(TIM2_IRQn, 5, 0);
 344:Core/Src/stm32h7xx_hal_msp.c ****     HAL_NVIC_EnableIRQ(TIM2_IRQn);
 345:Core/Src/stm32h7xx_hal_msp.c ****     /* USER CODE BEGIN TIM2_MspInit 1 */
 346:Core/Src/stm32h7xx_hal_msp.c **** 
 347:Core/Src/stm32h7xx_hal_msp.c ****     /* USER CODE END TIM2_MspInit 1 */
 348:Core/Src/stm32h7xx_hal_msp.c ****   }
 349:Core/Src/stm32h7xx_hal_msp.c ****   else if(htim_base->Instance==TIM3)
 743              		.loc 1 349 8 is_stmt 1 view .LVU191
ARM GAS  C:\Users\jason\AppData\Local\Temp\ccv1cIQQ.s 			page 22


 744              		.loc 1 349 10 is_stmt 0 view .LVU192
 745 000c 244A     		ldr	r2, .L55
 746 000e 9342     		cmp	r3, r2
 747 0010 1AD0     		beq	.L53
 350:Core/Src/stm32h7xx_hal_msp.c ****   {
 351:Core/Src/stm32h7xx_hal_msp.c ****     /* USER CODE BEGIN TIM3_MspInit 0 */
 352:Core/Src/stm32h7xx_hal_msp.c **** 
 353:Core/Src/stm32h7xx_hal_msp.c ****     /* USER CODE END TIM3_MspInit 0 */
 354:Core/Src/stm32h7xx_hal_msp.c ****     /* Peripheral clock enable */
 355:Core/Src/stm32h7xx_hal_msp.c ****     __HAL_RCC_TIM3_CLK_ENABLE();
 356:Core/Src/stm32h7xx_hal_msp.c ****     /* TIM3 interrupt Init */
 357:Core/Src/stm32h7xx_hal_msp.c ****     HAL_NVIC_SetPriority(TIM3_IRQn, 5, 0);
 358:Core/Src/stm32h7xx_hal_msp.c ****     HAL_NVIC_EnableIRQ(TIM3_IRQn);
 359:Core/Src/stm32h7xx_hal_msp.c ****     /* USER CODE BEGIN TIM3_MspInit 1 */
 360:Core/Src/stm32h7xx_hal_msp.c **** 
 361:Core/Src/stm32h7xx_hal_msp.c ****     /* USER CODE END TIM3_MspInit 1 */
 362:Core/Src/stm32h7xx_hal_msp.c ****   }
 363:Core/Src/stm32h7xx_hal_msp.c ****   else if(htim_base->Instance==TIM6)
 748              		.loc 1 363 8 is_stmt 1 view .LVU193
 749              		.loc 1 363 10 is_stmt 0 view .LVU194
 750 0012 244A     		ldr	r2, .L55+4
 751 0014 9342     		cmp	r3, r2
 752 0016 2DD0     		beq	.L54
 753              	.LVL47:
 754              	.L47:
 364:Core/Src/stm32h7xx_hal_msp.c ****   {
 365:Core/Src/stm32h7xx_hal_msp.c ****     /* USER CODE BEGIN TIM6_MspInit 0 */
 366:Core/Src/stm32h7xx_hal_msp.c **** 
 367:Core/Src/stm32h7xx_hal_msp.c ****     /* USER CODE END TIM6_MspInit 0 */
 368:Core/Src/stm32h7xx_hal_msp.c ****     /* Peripheral clock enable */
 369:Core/Src/stm32h7xx_hal_msp.c ****     __HAL_RCC_TIM6_CLK_ENABLE();
 370:Core/Src/stm32h7xx_hal_msp.c ****     /* TIM6 interrupt Init */
 371:Core/Src/stm32h7xx_hal_msp.c ****     HAL_NVIC_SetPriority(TIM6_DAC_IRQn, 5, 0);
 372:Core/Src/stm32h7xx_hal_msp.c ****     HAL_NVIC_EnableIRQ(TIM6_DAC_IRQn);
 373:Core/Src/stm32h7xx_hal_msp.c ****     /* USER CODE BEGIN TIM6_MspInit 1 */
 374:Core/Src/stm32h7xx_hal_msp.c **** 
 375:Core/Src/stm32h7xx_hal_msp.c ****     /* USER CODE END TIM6_MspInit 1 */
 376:Core/Src/stm32h7xx_hal_msp.c ****   }
 377:Core/Src/stm32h7xx_hal_msp.c **** 
 378:Core/Src/stm32h7xx_hal_msp.c **** }
 755              		.loc 1 378 1 view .LVU195
 756 0018 05B0     		add	sp, sp, #20
 757              		.cfi_remember_state
 758              		.cfi_def_cfa_offset 4
 759              		@ sp needed
 760 001a 00BD     		pop	{pc}
 761              	.LVL48:
 762              	.L52:
 763              		.cfi_restore_state
 341:Core/Src/stm32h7xx_hal_msp.c ****     /* TIM2 interrupt Init */
 764              		.loc 1 341 5 is_stmt 1 view .LVU196
 765              	.LBB10:
 341:Core/Src/stm32h7xx_hal_msp.c ****     /* TIM2 interrupt Init */
 766              		.loc 1 341 5 view .LVU197
 341:Core/Src/stm32h7xx_hal_msp.c ****     /* TIM2 interrupt Init */
 767              		.loc 1 341 5 view .LVU198
 768 001c 224B     		ldr	r3, .L55+8
ARM GAS  C:\Users\jason\AppData\Local\Temp\ccv1cIQQ.s 			page 23


 769 001e D3F8E820 		ldr	r2, [r3, #232]
 770 0022 42F00102 		orr	r2, r2, #1
 771 0026 C3F8E820 		str	r2, [r3, #232]
 341:Core/Src/stm32h7xx_hal_msp.c ****     /* TIM2 interrupt Init */
 772              		.loc 1 341 5 view .LVU199
 773 002a D3F8E830 		ldr	r3, [r3, #232]
 774 002e 03F00103 		and	r3, r3, #1
 775 0032 0193     		str	r3, [sp, #4]
 341:Core/Src/stm32h7xx_hal_msp.c ****     /* TIM2 interrupt Init */
 776              		.loc 1 341 5 view .LVU200
 777 0034 019B     		ldr	r3, [sp, #4]
 778              	.LBE10:
 341:Core/Src/stm32h7xx_hal_msp.c ****     /* TIM2 interrupt Init */
 779              		.loc 1 341 5 view .LVU201
 343:Core/Src/stm32h7xx_hal_msp.c ****     HAL_NVIC_EnableIRQ(TIM2_IRQn);
 780              		.loc 1 343 5 view .LVU202
 781 0036 0022     		movs	r2, #0
 782 0038 0521     		movs	r1, #5
 783 003a 1C20     		movs	r0, #28
 784              	.LVL49:
 343:Core/Src/stm32h7xx_hal_msp.c ****     HAL_NVIC_EnableIRQ(TIM2_IRQn);
 785              		.loc 1 343 5 is_stmt 0 view .LVU203
 786 003c FFF7FEFF 		bl	HAL_NVIC_SetPriority
 787              	.LVL50:
 344:Core/Src/stm32h7xx_hal_msp.c ****     /* USER CODE BEGIN TIM2_MspInit 1 */
 788              		.loc 1 344 5 is_stmt 1 view .LVU204
 789 0040 1C20     		movs	r0, #28
 790 0042 FFF7FEFF 		bl	HAL_NVIC_EnableIRQ
 791              	.LVL51:
 792 0046 E7E7     		b	.L47
 793              	.LVL52:
 794              	.L53:
 355:Core/Src/stm32h7xx_hal_msp.c ****     /* TIM3 interrupt Init */
 795              		.loc 1 355 5 view .LVU205
 796              	.LBB11:
 355:Core/Src/stm32h7xx_hal_msp.c ****     /* TIM3 interrupt Init */
 797              		.loc 1 355 5 view .LVU206
 355:Core/Src/stm32h7xx_hal_msp.c ****     /* TIM3 interrupt Init */
 798              		.loc 1 355 5 view .LVU207
 799 0048 174B     		ldr	r3, .L55+8
 800 004a D3F8E820 		ldr	r2, [r3, #232]
 801 004e 42F00202 		orr	r2, r2, #2
 802 0052 C3F8E820 		str	r2, [r3, #232]
 355:Core/Src/stm32h7xx_hal_msp.c ****     /* TIM3 interrupt Init */
 803              		.loc 1 355 5 view .LVU208
 804 0056 D3F8E830 		ldr	r3, [r3, #232]
 805 005a 03F00203 		and	r3, r3, #2
 806 005e 0293     		str	r3, [sp, #8]
 355:Core/Src/stm32h7xx_hal_msp.c ****     /* TIM3 interrupt Init */
 807              		.loc 1 355 5 view .LVU209
 808 0060 029B     		ldr	r3, [sp, #8]
 809              	.LBE11:
 355:Core/Src/stm32h7xx_hal_msp.c ****     /* TIM3 interrupt Init */
 810              		.loc 1 355 5 view .LVU210
 357:Core/Src/stm32h7xx_hal_msp.c ****     HAL_NVIC_EnableIRQ(TIM3_IRQn);
 811              		.loc 1 357 5 view .LVU211
 812 0062 0022     		movs	r2, #0
ARM GAS  C:\Users\jason\AppData\Local\Temp\ccv1cIQQ.s 			page 24


 813 0064 0521     		movs	r1, #5
 814 0066 1D20     		movs	r0, #29
 815              	.LVL53:
 357:Core/Src/stm32h7xx_hal_msp.c ****     HAL_NVIC_EnableIRQ(TIM3_IRQn);
 816              		.loc 1 357 5 is_stmt 0 view .LVU212
 817 0068 FFF7FEFF 		bl	HAL_NVIC_SetPriority
 818              	.LVL54:
 358:Core/Src/stm32h7xx_hal_msp.c ****     /* USER CODE BEGIN TIM3_MspInit 1 */
 819              		.loc 1 358 5 is_stmt 1 view .LVU213
 820 006c 1D20     		movs	r0, #29
 821 006e FFF7FEFF 		bl	HAL_NVIC_EnableIRQ
 822              	.LVL55:
 823 0072 D1E7     		b	.L47
 824              	.LVL56:
 825              	.L54:
 369:Core/Src/stm32h7xx_hal_msp.c ****     /* TIM6 interrupt Init */
 826              		.loc 1 369 5 view .LVU214
 827              	.LBB12:
 369:Core/Src/stm32h7xx_hal_msp.c ****     /* TIM6 interrupt Init */
 828              		.loc 1 369 5 view .LVU215
 369:Core/Src/stm32h7xx_hal_msp.c ****     /* TIM6 interrupt Init */
 829              		.loc 1 369 5 view .LVU216
 830 0074 0C4B     		ldr	r3, .L55+8
 831 0076 D3F8E820 		ldr	r2, [r3, #232]
 832 007a 42F01002 		orr	r2, r2, #16
 833 007e C3F8E820 		str	r2, [r3, #232]
 369:Core/Src/stm32h7xx_hal_msp.c ****     /* TIM6 interrupt Init */
 834              		.loc 1 369 5 view .LVU217
 835 0082 D3F8E830 		ldr	r3, [r3, #232]
 836 0086 03F01003 		and	r3, r3, #16
 837 008a 0393     		str	r3, [sp, #12]
 369:Core/Src/stm32h7xx_hal_msp.c ****     /* TIM6 interrupt Init */
 838              		.loc 1 369 5 view .LVU218
 839 008c 039B     		ldr	r3, [sp, #12]
 840              	.LBE12:
 369:Core/Src/stm32h7xx_hal_msp.c ****     /* TIM6 interrupt Init */
 841              		.loc 1 369 5 view .LVU219
 371:Core/Src/stm32h7xx_hal_msp.c ****     HAL_NVIC_EnableIRQ(TIM6_DAC_IRQn);
 842              		.loc 1 371 5 view .LVU220
 843 008e 0022     		movs	r2, #0
 844 0090 0521     		movs	r1, #5
 845 0092 3620     		movs	r0, #54
 846              	.LVL57:
 371:Core/Src/stm32h7xx_hal_msp.c ****     HAL_NVIC_EnableIRQ(TIM6_DAC_IRQn);
 847              		.loc 1 371 5 is_stmt 0 view .LVU221
 848 0094 FFF7FEFF 		bl	HAL_NVIC_SetPriority
 849              	.LVL58:
 372:Core/Src/stm32h7xx_hal_msp.c ****     /* USER CODE BEGIN TIM6_MspInit 1 */
 850              		.loc 1 372 5 is_stmt 1 view .LVU222
 851 0098 3620     		movs	r0, #54
 852 009a FFF7FEFF 		bl	HAL_NVIC_EnableIRQ
 853              	.LVL59:
 854              		.loc 1 378 1 is_stmt 0 view .LVU223
 855 009e BBE7     		b	.L47
 856              	.L56:
 857              		.align	2
 858              	.L55:
ARM GAS  C:\Users\jason\AppData\Local\Temp\ccv1cIQQ.s 			page 25


 859 00a0 00040040 		.word	1073742848
 860 00a4 00100040 		.word	1073745920
 861 00a8 00440258 		.word	1476543488
 862              		.cfi_endproc
 863              	.LFE151:
 865              		.section	.text.HAL_TIM_Base_MspDeInit,"ax",%progbits
 866              		.align	1
 867              		.global	HAL_TIM_Base_MspDeInit
 868              		.syntax unified
 869              		.thumb
 870              		.thumb_func
 872              	HAL_TIM_Base_MspDeInit:
 873              	.LVL60:
 874              	.LFB152:
 379:Core/Src/stm32h7xx_hal_msp.c **** 
 380:Core/Src/stm32h7xx_hal_msp.c **** /**
 381:Core/Src/stm32h7xx_hal_msp.c ****   * @brief TIM_Base MSP De-Initialization
 382:Core/Src/stm32h7xx_hal_msp.c ****   * This function freeze the hardware resources used in this example
 383:Core/Src/stm32h7xx_hal_msp.c ****   * @param htim_base: TIM_Base handle pointer
 384:Core/Src/stm32h7xx_hal_msp.c ****   * @retval None
 385:Core/Src/stm32h7xx_hal_msp.c ****   */
 386:Core/Src/stm32h7xx_hal_msp.c **** void HAL_TIM_Base_MspDeInit(TIM_HandleTypeDef* htim_base)
 387:Core/Src/stm32h7xx_hal_msp.c **** {
 875              		.loc 1 387 1 is_stmt 1 view -0
 876              		.cfi_startproc
 877              		@ args = 0, pretend = 0, frame = 0
 878              		@ frame_needed = 0, uses_anonymous_args = 0
 879              		.loc 1 387 1 is_stmt 0 view .LVU225
 880 0000 08B5     		push	{r3, lr}
 881              		.cfi_def_cfa_offset 8
 882              		.cfi_offset 3, -8
 883              		.cfi_offset 14, -4
 388:Core/Src/stm32h7xx_hal_msp.c ****   if(htim_base->Instance==TIM2)
 884              		.loc 1 388 3 is_stmt 1 view .LVU226
 885              		.loc 1 388 15 is_stmt 0 view .LVU227
 886 0002 0368     		ldr	r3, [r0]
 887              		.loc 1 388 5 view .LVU228
 888 0004 B3F1804F 		cmp	r3, #1073741824
 889 0008 06D0     		beq	.L62
 389:Core/Src/stm32h7xx_hal_msp.c ****   {
 390:Core/Src/stm32h7xx_hal_msp.c ****     /* USER CODE BEGIN TIM2_MspDeInit 0 */
 391:Core/Src/stm32h7xx_hal_msp.c **** 
 392:Core/Src/stm32h7xx_hal_msp.c ****     /* USER CODE END TIM2_MspDeInit 0 */
 393:Core/Src/stm32h7xx_hal_msp.c ****     /* Peripheral clock disable */
 394:Core/Src/stm32h7xx_hal_msp.c ****     __HAL_RCC_TIM2_CLK_DISABLE();
 395:Core/Src/stm32h7xx_hal_msp.c **** 
 396:Core/Src/stm32h7xx_hal_msp.c ****     /* TIM2 interrupt DeInit */
 397:Core/Src/stm32h7xx_hal_msp.c ****     HAL_NVIC_DisableIRQ(TIM2_IRQn);
 398:Core/Src/stm32h7xx_hal_msp.c ****     /* USER CODE BEGIN TIM2_MspDeInit 1 */
 399:Core/Src/stm32h7xx_hal_msp.c **** 
 400:Core/Src/stm32h7xx_hal_msp.c ****     /* USER CODE END TIM2_MspDeInit 1 */
 401:Core/Src/stm32h7xx_hal_msp.c ****   }
 402:Core/Src/stm32h7xx_hal_msp.c ****   else if(htim_base->Instance==TIM3)
 890              		.loc 1 402 8 is_stmt 1 view .LVU229
 891              		.loc 1 402 10 is_stmt 0 view .LVU230
 892 000a 144A     		ldr	r2, .L65
 893 000c 9342     		cmp	r3, r2
ARM GAS  C:\Users\jason\AppData\Local\Temp\ccv1cIQQ.s 			page 26


 894 000e 0ED0     		beq	.L63
 403:Core/Src/stm32h7xx_hal_msp.c ****   {
 404:Core/Src/stm32h7xx_hal_msp.c ****     /* USER CODE BEGIN TIM3_MspDeInit 0 */
 405:Core/Src/stm32h7xx_hal_msp.c **** 
 406:Core/Src/stm32h7xx_hal_msp.c ****     /* USER CODE END TIM3_MspDeInit 0 */
 407:Core/Src/stm32h7xx_hal_msp.c ****     /* Peripheral clock disable */
 408:Core/Src/stm32h7xx_hal_msp.c ****     __HAL_RCC_TIM3_CLK_DISABLE();
 409:Core/Src/stm32h7xx_hal_msp.c **** 
 410:Core/Src/stm32h7xx_hal_msp.c ****     /* TIM3 interrupt DeInit */
 411:Core/Src/stm32h7xx_hal_msp.c ****     HAL_NVIC_DisableIRQ(TIM3_IRQn);
 412:Core/Src/stm32h7xx_hal_msp.c ****     /* USER CODE BEGIN TIM3_MspDeInit 1 */
 413:Core/Src/stm32h7xx_hal_msp.c **** 
 414:Core/Src/stm32h7xx_hal_msp.c ****     /* USER CODE END TIM3_MspDeInit 1 */
 415:Core/Src/stm32h7xx_hal_msp.c ****   }
 416:Core/Src/stm32h7xx_hal_msp.c ****   else if(htim_base->Instance==TIM6)
 895              		.loc 1 416 8 is_stmt 1 view .LVU231
 896              		.loc 1 416 10 is_stmt 0 view .LVU232
 897 0010 134A     		ldr	r2, .L65+4
 898 0012 9342     		cmp	r3, r2
 899 0014 16D0     		beq	.L64
 900              	.LVL61:
 901              	.L57:
 417:Core/Src/stm32h7xx_hal_msp.c ****   {
 418:Core/Src/stm32h7xx_hal_msp.c ****     /* USER CODE BEGIN TIM6_MspDeInit 0 */
 419:Core/Src/stm32h7xx_hal_msp.c **** 
 420:Core/Src/stm32h7xx_hal_msp.c ****     /* USER CODE END TIM6_MspDeInit 0 */
 421:Core/Src/stm32h7xx_hal_msp.c ****     /* Peripheral clock disable */
 422:Core/Src/stm32h7xx_hal_msp.c ****     __HAL_RCC_TIM6_CLK_DISABLE();
 423:Core/Src/stm32h7xx_hal_msp.c **** 
 424:Core/Src/stm32h7xx_hal_msp.c ****     /* TIM6 interrupt DeInit */
 425:Core/Src/stm32h7xx_hal_msp.c ****     HAL_NVIC_DisableIRQ(TIM6_DAC_IRQn);
 426:Core/Src/stm32h7xx_hal_msp.c ****     /* USER CODE BEGIN TIM6_MspDeInit 1 */
 427:Core/Src/stm32h7xx_hal_msp.c **** 
 428:Core/Src/stm32h7xx_hal_msp.c ****     /* USER CODE END TIM6_MspDeInit 1 */
 429:Core/Src/stm32h7xx_hal_msp.c ****   }
 430:Core/Src/stm32h7xx_hal_msp.c **** 
 431:Core/Src/stm32h7xx_hal_msp.c **** }
 902              		.loc 1 431 1 view .LVU233
 903 0016 08BD     		pop	{r3, pc}
 904              	.LVL62:
 905              	.L62:
 394:Core/Src/stm32h7xx_hal_msp.c **** 
 906              		.loc 1 394 5 is_stmt 1 view .LVU234
 907 0018 124A     		ldr	r2, .L65+8
 908 001a D2F8E830 		ldr	r3, [r2, #232]
 909 001e 23F00103 		bic	r3, r3, #1
 910 0022 C2F8E830 		str	r3, [r2, #232]
 397:Core/Src/stm32h7xx_hal_msp.c ****     /* USER CODE BEGIN TIM2_MspDeInit 1 */
 911              		.loc 1 397 5 view .LVU235
 912 0026 1C20     		movs	r0, #28
 913              	.LVL63:
 397:Core/Src/stm32h7xx_hal_msp.c ****     /* USER CODE BEGIN TIM2_MspDeInit 1 */
 914              		.loc 1 397 5 is_stmt 0 view .LVU236
 915 0028 FFF7FEFF 		bl	HAL_NVIC_DisableIRQ
 916              	.LVL64:
 917 002c F3E7     		b	.L57
 918              	.LVL65:
ARM GAS  C:\Users\jason\AppData\Local\Temp\ccv1cIQQ.s 			page 27


 919              	.L63:
 408:Core/Src/stm32h7xx_hal_msp.c **** 
 920              		.loc 1 408 5 is_stmt 1 view .LVU237
 921 002e 0D4A     		ldr	r2, .L65+8
 922 0030 D2F8E830 		ldr	r3, [r2, #232]
 923 0034 23F00203 		bic	r3, r3, #2
 924 0038 C2F8E830 		str	r3, [r2, #232]
 411:Core/Src/stm32h7xx_hal_msp.c ****     /* USER CODE BEGIN TIM3_MspDeInit 1 */
 925              		.loc 1 411 5 view .LVU238
 926 003c 1D20     		movs	r0, #29
 927              	.LVL66:
 411:Core/Src/stm32h7xx_hal_msp.c ****     /* USER CODE BEGIN TIM3_MspDeInit 1 */
 928              		.loc 1 411 5 is_stmt 0 view .LVU239
 929 003e FFF7FEFF 		bl	HAL_NVIC_DisableIRQ
 930              	.LVL67:
 931 0042 E8E7     		b	.L57
 932              	.LVL68:
 933              	.L64:
 422:Core/Src/stm32h7xx_hal_msp.c **** 
 934              		.loc 1 422 5 is_stmt 1 view .LVU240
 935 0044 074A     		ldr	r2, .L65+8
 936 0046 D2F8E830 		ldr	r3, [r2, #232]
 937 004a 23F01003 		bic	r3, r3, #16
 938 004e C2F8E830 		str	r3, [r2, #232]
 425:Core/Src/stm32h7xx_hal_msp.c ****     /* USER CODE BEGIN TIM6_MspDeInit 1 */
 939              		.loc 1 425 5 view .LVU241
 940 0052 3620     		movs	r0, #54
 941              	.LVL69:
 425:Core/Src/stm32h7xx_hal_msp.c ****     /* USER CODE BEGIN TIM6_MspDeInit 1 */
 942              		.loc 1 425 5 is_stmt 0 view .LVU242
 943 0054 FFF7FEFF 		bl	HAL_NVIC_DisableIRQ
 944              	.LVL70:
 945              		.loc 1 431 1 view .LVU243
 946 0058 DDE7     		b	.L57
 947              	.L66:
 948 005a 00BF     		.align	2
 949              	.L65:
 950 005c 00040040 		.word	1073742848
 951 0060 00100040 		.word	1073745920
 952 0064 00440258 		.word	1476543488
 953              		.cfi_endproc
 954              	.LFE152:
 956              		.section	.text.HAL_UART_MspInit,"ax",%progbits
 957              		.align	1
 958              		.global	HAL_UART_MspInit
 959              		.syntax unified
 960              		.thumb
 961              		.thumb_func
 963              	HAL_UART_MspInit:
 964              	.LVL71:
 965              	.LFB153:
 432:Core/Src/stm32h7xx_hal_msp.c **** 
 433:Core/Src/stm32h7xx_hal_msp.c **** /**
 434:Core/Src/stm32h7xx_hal_msp.c ****   * @brief UART MSP Initialization
 435:Core/Src/stm32h7xx_hal_msp.c ****   * This function configures the hardware resources used in this example
 436:Core/Src/stm32h7xx_hal_msp.c ****   * @param huart: UART handle pointer
 437:Core/Src/stm32h7xx_hal_msp.c ****   * @retval None
ARM GAS  C:\Users\jason\AppData\Local\Temp\ccv1cIQQ.s 			page 28


 438:Core/Src/stm32h7xx_hal_msp.c ****   */
 439:Core/Src/stm32h7xx_hal_msp.c **** void HAL_UART_MspInit(UART_HandleTypeDef* huart)
 440:Core/Src/stm32h7xx_hal_msp.c **** {
 966              		.loc 1 440 1 is_stmt 1 view -0
 967              		.cfi_startproc
 968              		@ args = 0, pretend = 0, frame = 240
 969              		@ frame_needed = 0, uses_anonymous_args = 0
 970              		.loc 1 440 1 is_stmt 0 view .LVU245
 971 0000 10B5     		push	{r4, lr}
 972              		.cfi_def_cfa_offset 8
 973              		.cfi_offset 4, -8
 974              		.cfi_offset 14, -4
 975 0002 BCB0     		sub	sp, sp, #240
 976              		.cfi_def_cfa_offset 248
 977 0004 0446     		mov	r4, r0
 441:Core/Src/stm32h7xx_hal_msp.c ****   GPIO_InitTypeDef GPIO_InitStruct = {0};
 978              		.loc 1 441 3 is_stmt 1 view .LVU246
 979              		.loc 1 441 20 is_stmt 0 view .LVU247
 980 0006 0021     		movs	r1, #0
 981 0008 3791     		str	r1, [sp, #220]
 982 000a 3891     		str	r1, [sp, #224]
 983 000c 3991     		str	r1, [sp, #228]
 984 000e 3A91     		str	r1, [sp, #232]
 985 0010 3B91     		str	r1, [sp, #236]
 442:Core/Src/stm32h7xx_hal_msp.c ****   RCC_PeriphCLKInitTypeDef PeriphClkInitStruct = {0};
 986              		.loc 1 442 3 is_stmt 1 view .LVU248
 987              		.loc 1 442 28 is_stmt 0 view .LVU249
 988 0012 C022     		movs	r2, #192
 989 0014 06A8     		add	r0, sp, #24
 990              	.LVL72:
 991              		.loc 1 442 28 view .LVU250
 992 0016 FFF7FEFF 		bl	memset
 993              	.LVL73:
 443:Core/Src/stm32h7xx_hal_msp.c ****   if(huart->Instance==UART4)
 994              		.loc 1 443 3 is_stmt 1 view .LVU251
 995              		.loc 1 443 11 is_stmt 0 view .LVU252
 996 001a 2368     		ldr	r3, [r4]
 997              		.loc 1 443 5 view .LVU253
 998 001c 554A     		ldr	r2, .L81
 999 001e 9342     		cmp	r3, r2
 1000 0020 07D0     		beq	.L75
 444:Core/Src/stm32h7xx_hal_msp.c ****   {
 445:Core/Src/stm32h7xx_hal_msp.c ****     /* USER CODE BEGIN UART4_MspInit 0 */
 446:Core/Src/stm32h7xx_hal_msp.c **** 
 447:Core/Src/stm32h7xx_hal_msp.c ****     /* USER CODE END UART4_MspInit 0 */
 448:Core/Src/stm32h7xx_hal_msp.c **** 
 449:Core/Src/stm32h7xx_hal_msp.c ****   /** Initializes the peripherals clock
 450:Core/Src/stm32h7xx_hal_msp.c ****   */
 451:Core/Src/stm32h7xx_hal_msp.c ****     PeriphClkInitStruct.PeriphClockSelection = RCC_PERIPHCLK_UART4;
 452:Core/Src/stm32h7xx_hal_msp.c ****     PeriphClkInitStruct.Usart234578ClockSelection = RCC_USART234578CLKSOURCE_D2PCLK1;
 453:Core/Src/stm32h7xx_hal_msp.c ****     if (HAL_RCCEx_PeriphCLKConfig(&PeriphClkInitStruct) != HAL_OK)
 454:Core/Src/stm32h7xx_hal_msp.c ****     {
 455:Core/Src/stm32h7xx_hal_msp.c ****       Error_Handler();
 456:Core/Src/stm32h7xx_hal_msp.c ****     }
 457:Core/Src/stm32h7xx_hal_msp.c **** 
 458:Core/Src/stm32h7xx_hal_msp.c ****     /* Peripheral clock enable */
 459:Core/Src/stm32h7xx_hal_msp.c ****     __HAL_RCC_UART4_CLK_ENABLE();
ARM GAS  C:\Users\jason\AppData\Local\Temp\ccv1cIQQ.s 			page 29


 460:Core/Src/stm32h7xx_hal_msp.c **** 
 461:Core/Src/stm32h7xx_hal_msp.c ****     __HAL_RCC_GPIOA_CLK_ENABLE();
 462:Core/Src/stm32h7xx_hal_msp.c ****     /**UART4 GPIO Configuration
 463:Core/Src/stm32h7xx_hal_msp.c ****     PA0     ------> UART4_TX
 464:Core/Src/stm32h7xx_hal_msp.c ****     PA1     ------> UART4_RX
 465:Core/Src/stm32h7xx_hal_msp.c ****     */
 466:Core/Src/stm32h7xx_hal_msp.c ****     GPIO_InitStruct.Pin = GPIO_PIN_0|GPIO_PIN_1;
 467:Core/Src/stm32h7xx_hal_msp.c ****     GPIO_InitStruct.Mode = GPIO_MODE_AF_PP;
 468:Core/Src/stm32h7xx_hal_msp.c ****     GPIO_InitStruct.Pull = GPIO_NOPULL;
 469:Core/Src/stm32h7xx_hal_msp.c ****     GPIO_InitStruct.Speed = GPIO_SPEED_FREQ_LOW;
 470:Core/Src/stm32h7xx_hal_msp.c ****     GPIO_InitStruct.Alternate = GPIO_AF8_UART4;
 471:Core/Src/stm32h7xx_hal_msp.c ****     HAL_GPIO_Init(GPIOA, &GPIO_InitStruct);
 472:Core/Src/stm32h7xx_hal_msp.c **** 
 473:Core/Src/stm32h7xx_hal_msp.c ****     /* UART4 interrupt Init */
 474:Core/Src/stm32h7xx_hal_msp.c ****     HAL_NVIC_SetPriority(UART4_IRQn, 5, 0);
 475:Core/Src/stm32h7xx_hal_msp.c ****     HAL_NVIC_EnableIRQ(UART4_IRQn);
 476:Core/Src/stm32h7xx_hal_msp.c ****     /* USER CODE BEGIN UART4_MspInit 1 */
 477:Core/Src/stm32h7xx_hal_msp.c **** 
 478:Core/Src/stm32h7xx_hal_msp.c ****     /* USER CODE END UART4_MspInit 1 */
 479:Core/Src/stm32h7xx_hal_msp.c ****   }
 480:Core/Src/stm32h7xx_hal_msp.c ****   else if(huart->Instance==UART5)
 1001              		.loc 1 480 8 is_stmt 1 view .LVU254
 1002              		.loc 1 480 10 is_stmt 0 view .LVU255
 1003 0022 554A     		ldr	r2, .L81+4
 1004 0024 9342     		cmp	r3, r2
 1005 0026 3ED0     		beq	.L76
 481:Core/Src/stm32h7xx_hal_msp.c ****   {
 482:Core/Src/stm32h7xx_hal_msp.c ****     /* USER CODE BEGIN UART5_MspInit 0 */
 483:Core/Src/stm32h7xx_hal_msp.c **** 
 484:Core/Src/stm32h7xx_hal_msp.c ****     /* USER CODE END UART5_MspInit 0 */
 485:Core/Src/stm32h7xx_hal_msp.c **** 
 486:Core/Src/stm32h7xx_hal_msp.c ****   /** Initializes the peripherals clock
 487:Core/Src/stm32h7xx_hal_msp.c ****   */
 488:Core/Src/stm32h7xx_hal_msp.c ****     PeriphClkInitStruct.PeriphClockSelection = RCC_PERIPHCLK_UART5;
 489:Core/Src/stm32h7xx_hal_msp.c ****     PeriphClkInitStruct.Usart234578ClockSelection = RCC_USART234578CLKSOURCE_D2PCLK1;
 490:Core/Src/stm32h7xx_hal_msp.c ****     if (HAL_RCCEx_PeriphCLKConfig(&PeriphClkInitStruct) != HAL_OK)
 491:Core/Src/stm32h7xx_hal_msp.c ****     {
 492:Core/Src/stm32h7xx_hal_msp.c ****       Error_Handler();
 493:Core/Src/stm32h7xx_hal_msp.c ****     }
 494:Core/Src/stm32h7xx_hal_msp.c **** 
 495:Core/Src/stm32h7xx_hal_msp.c ****     /* Peripheral clock enable */
 496:Core/Src/stm32h7xx_hal_msp.c ****     __HAL_RCC_UART5_CLK_ENABLE();
 497:Core/Src/stm32h7xx_hal_msp.c **** 
 498:Core/Src/stm32h7xx_hal_msp.c ****     __HAL_RCC_GPIOB_CLK_ENABLE();
 499:Core/Src/stm32h7xx_hal_msp.c ****     /**UART5 GPIO Configuration
 500:Core/Src/stm32h7xx_hal_msp.c ****     PB12     ------> UART5_RX
 501:Core/Src/stm32h7xx_hal_msp.c ****     PB13     ------> UART5_TX
 502:Core/Src/stm32h7xx_hal_msp.c ****     */
 503:Core/Src/stm32h7xx_hal_msp.c ****     GPIO_InitStruct.Pin = GPIO_PIN_12|GPIO_PIN_13;
 504:Core/Src/stm32h7xx_hal_msp.c ****     GPIO_InitStruct.Mode = GPIO_MODE_AF_PP;
 505:Core/Src/stm32h7xx_hal_msp.c ****     GPIO_InitStruct.Pull = GPIO_NOPULL;
 506:Core/Src/stm32h7xx_hal_msp.c ****     GPIO_InitStruct.Speed = GPIO_SPEED_FREQ_LOW;
 507:Core/Src/stm32h7xx_hal_msp.c ****     GPIO_InitStruct.Alternate = GPIO_AF14_UART5;
 508:Core/Src/stm32h7xx_hal_msp.c ****     HAL_GPIO_Init(GPIOB, &GPIO_InitStruct);
 509:Core/Src/stm32h7xx_hal_msp.c **** 
 510:Core/Src/stm32h7xx_hal_msp.c ****     /* USER CODE BEGIN UART5_MspInit 1 */
 511:Core/Src/stm32h7xx_hal_msp.c **** 
ARM GAS  C:\Users\jason\AppData\Local\Temp\ccv1cIQQ.s 			page 30


 512:Core/Src/stm32h7xx_hal_msp.c ****     /* USER CODE END UART5_MspInit 1 */
 513:Core/Src/stm32h7xx_hal_msp.c ****   }
 514:Core/Src/stm32h7xx_hal_msp.c ****   else if(huart->Instance==UART7)
 1006              		.loc 1 514 8 is_stmt 1 view .LVU256
 1007              		.loc 1 514 10 is_stmt 0 view .LVU257
 1008 0028 544A     		ldr	r2, .L81+8
 1009 002a 9342     		cmp	r3, r2
 1010 002c 6ED0     		beq	.L77
 1011              	.L67:
 515:Core/Src/stm32h7xx_hal_msp.c ****   {
 516:Core/Src/stm32h7xx_hal_msp.c ****     /* USER CODE BEGIN UART7_MspInit 0 */
 517:Core/Src/stm32h7xx_hal_msp.c **** 
 518:Core/Src/stm32h7xx_hal_msp.c ****     /* USER CODE END UART7_MspInit 0 */
 519:Core/Src/stm32h7xx_hal_msp.c **** 
 520:Core/Src/stm32h7xx_hal_msp.c ****   /** Initializes the peripherals clock
 521:Core/Src/stm32h7xx_hal_msp.c ****   */
 522:Core/Src/stm32h7xx_hal_msp.c ****     PeriphClkInitStruct.PeriphClockSelection = RCC_PERIPHCLK_UART7;
 523:Core/Src/stm32h7xx_hal_msp.c ****     PeriphClkInitStruct.Usart234578ClockSelection = RCC_USART234578CLKSOURCE_D2PCLK1;
 524:Core/Src/stm32h7xx_hal_msp.c ****     if (HAL_RCCEx_PeriphCLKConfig(&PeriphClkInitStruct) != HAL_OK)
 525:Core/Src/stm32h7xx_hal_msp.c ****     {
 526:Core/Src/stm32h7xx_hal_msp.c ****       Error_Handler();
 527:Core/Src/stm32h7xx_hal_msp.c ****     }
 528:Core/Src/stm32h7xx_hal_msp.c **** 
 529:Core/Src/stm32h7xx_hal_msp.c ****     /* Peripheral clock enable */
 530:Core/Src/stm32h7xx_hal_msp.c ****     __HAL_RCC_UART7_CLK_ENABLE();
 531:Core/Src/stm32h7xx_hal_msp.c **** 
 532:Core/Src/stm32h7xx_hal_msp.c ****     __HAL_RCC_GPIOE_CLK_ENABLE();
 533:Core/Src/stm32h7xx_hal_msp.c ****     /**UART7 GPIO Configuration
 534:Core/Src/stm32h7xx_hal_msp.c ****     PE7     ------> UART7_RX
 535:Core/Src/stm32h7xx_hal_msp.c ****     PE8     ------> UART7_TX
 536:Core/Src/stm32h7xx_hal_msp.c ****     */
 537:Core/Src/stm32h7xx_hal_msp.c ****     GPIO_InitStruct.Pin = GPIO_PIN_7|GPIO_PIN_8;
 538:Core/Src/stm32h7xx_hal_msp.c ****     GPIO_InitStruct.Mode = GPIO_MODE_AF_PP;
 539:Core/Src/stm32h7xx_hal_msp.c ****     GPIO_InitStruct.Pull = GPIO_NOPULL;
 540:Core/Src/stm32h7xx_hal_msp.c ****     GPIO_InitStruct.Speed = GPIO_SPEED_FREQ_LOW;
 541:Core/Src/stm32h7xx_hal_msp.c ****     GPIO_InitStruct.Alternate = GPIO_AF7_UART7;
 542:Core/Src/stm32h7xx_hal_msp.c ****     HAL_GPIO_Init(GPIOE, &GPIO_InitStruct);
 543:Core/Src/stm32h7xx_hal_msp.c **** 
 544:Core/Src/stm32h7xx_hal_msp.c ****     /* USER CODE BEGIN UART7_MspInit 1 */
 545:Core/Src/stm32h7xx_hal_msp.c **** 
 546:Core/Src/stm32h7xx_hal_msp.c ****     /* USER CODE END UART7_MspInit 1 */
 547:Core/Src/stm32h7xx_hal_msp.c ****   }
 548:Core/Src/stm32h7xx_hal_msp.c **** 
 549:Core/Src/stm32h7xx_hal_msp.c **** }
 1012              		.loc 1 549 1 view .LVU258
 1013 002e 3CB0     		add	sp, sp, #240
 1014              		.cfi_remember_state
 1015              		.cfi_def_cfa_offset 8
 1016              		@ sp needed
 1017 0030 10BD     		pop	{r4, pc}
 1018              	.LVL74:
 1019              	.L75:
 1020              		.cfi_restore_state
 451:Core/Src/stm32h7xx_hal_msp.c ****     PeriphClkInitStruct.Usart234578ClockSelection = RCC_USART234578CLKSOURCE_D2PCLK1;
 1021              		.loc 1 451 5 is_stmt 1 view .LVU259
 451:Core/Src/stm32h7xx_hal_msp.c ****     PeriphClkInitStruct.Usart234578ClockSelection = RCC_USART234578CLKSOURCE_D2PCLK1;
 1022              		.loc 1 451 46 is_stmt 0 view .LVU260
ARM GAS  C:\Users\jason\AppData\Local\Temp\ccv1cIQQ.s 			page 31


 1023 0032 0222     		movs	r2, #2
 1024 0034 0023     		movs	r3, #0
 1025 0036 CDE90623 		strd	r2, [sp, #24]
 452:Core/Src/stm32h7xx_hal_msp.c ****     if (HAL_RCCEx_PeriphCLKConfig(&PeriphClkInitStruct) != HAL_OK)
 1026              		.loc 1 452 5 is_stmt 1 view .LVU261
 453:Core/Src/stm32h7xx_hal_msp.c ****     {
 1027              		.loc 1 453 5 view .LVU262
 453:Core/Src/stm32h7xx_hal_msp.c ****     {
 1028              		.loc 1 453 9 is_stmt 0 view .LVU263
 1029 003a 06A8     		add	r0, sp, #24
 1030 003c FFF7FEFF 		bl	HAL_RCCEx_PeriphCLKConfig
 1031              	.LVL75:
 453:Core/Src/stm32h7xx_hal_msp.c ****     {
 1032              		.loc 1 453 8 discriminator 1 view .LVU264
 1033 0040 70BB     		cbnz	r0, .L78
 1034              	.L69:
 459:Core/Src/stm32h7xx_hal_msp.c **** 
 1035              		.loc 1 459 5 is_stmt 1 view .LVU265
 1036              	.LBB13:
 459:Core/Src/stm32h7xx_hal_msp.c **** 
 1037              		.loc 1 459 5 view .LVU266
 459:Core/Src/stm32h7xx_hal_msp.c **** 
 1038              		.loc 1 459 5 view .LVU267
 1039 0042 4F4B     		ldr	r3, .L81+12
 1040 0044 D3F8E820 		ldr	r2, [r3, #232]
 1041 0048 42F40022 		orr	r2, r2, #524288
 1042 004c C3F8E820 		str	r2, [r3, #232]
 459:Core/Src/stm32h7xx_hal_msp.c **** 
 1043              		.loc 1 459 5 view .LVU268
 1044 0050 D3F8E820 		ldr	r2, [r3, #232]
 1045 0054 02F40022 		and	r2, r2, #524288
 1046 0058 0092     		str	r2, [sp]
 459:Core/Src/stm32h7xx_hal_msp.c **** 
 1047              		.loc 1 459 5 view .LVU269
 1048 005a 009A     		ldr	r2, [sp]
 1049              	.LBE13:
 459:Core/Src/stm32h7xx_hal_msp.c **** 
 1050              		.loc 1 459 5 view .LVU270
 461:Core/Src/stm32h7xx_hal_msp.c ****     /**UART4 GPIO Configuration
 1051              		.loc 1 461 5 view .LVU271
 1052              	.LBB14:
 461:Core/Src/stm32h7xx_hal_msp.c ****     /**UART4 GPIO Configuration
 1053              		.loc 1 461 5 view .LVU272
 461:Core/Src/stm32h7xx_hal_msp.c ****     /**UART4 GPIO Configuration
 1054              		.loc 1 461 5 view .LVU273
 1055 005c D3F8E020 		ldr	r2, [r3, #224]
 1056 0060 42F00102 		orr	r2, r2, #1
 1057 0064 C3F8E020 		str	r2, [r3, #224]
 461:Core/Src/stm32h7xx_hal_msp.c ****     /**UART4 GPIO Configuration
 1058              		.loc 1 461 5 view .LVU274
 1059 0068 D3F8E030 		ldr	r3, [r3, #224]
 1060 006c 03F00103 		and	r3, r3, #1
 1061 0070 0193     		str	r3, [sp, #4]
 461:Core/Src/stm32h7xx_hal_msp.c ****     /**UART4 GPIO Configuration
 1062              		.loc 1 461 5 view .LVU275
 1063 0072 019B     		ldr	r3, [sp, #4]
 1064              	.LBE14:
ARM GAS  C:\Users\jason\AppData\Local\Temp\ccv1cIQQ.s 			page 32


 461:Core/Src/stm32h7xx_hal_msp.c ****     /**UART4 GPIO Configuration
 1065              		.loc 1 461 5 view .LVU276
 466:Core/Src/stm32h7xx_hal_msp.c ****     GPIO_InitStruct.Mode = GPIO_MODE_AF_PP;
 1066              		.loc 1 466 5 view .LVU277
 466:Core/Src/stm32h7xx_hal_msp.c ****     GPIO_InitStruct.Mode = GPIO_MODE_AF_PP;
 1067              		.loc 1 466 25 is_stmt 0 view .LVU278
 1068 0074 0323     		movs	r3, #3
 1069 0076 3793     		str	r3, [sp, #220]
 467:Core/Src/stm32h7xx_hal_msp.c ****     GPIO_InitStruct.Pull = GPIO_NOPULL;
 1070              		.loc 1 467 5 is_stmt 1 view .LVU279
 467:Core/Src/stm32h7xx_hal_msp.c ****     GPIO_InitStruct.Pull = GPIO_NOPULL;
 1071              		.loc 1 467 26 is_stmt 0 view .LVU280
 1072 0078 0223     		movs	r3, #2
 1073 007a 3893     		str	r3, [sp, #224]
 468:Core/Src/stm32h7xx_hal_msp.c ****     GPIO_InitStruct.Speed = GPIO_SPEED_FREQ_LOW;
 1074              		.loc 1 468 5 is_stmt 1 view .LVU281
 468:Core/Src/stm32h7xx_hal_msp.c ****     GPIO_InitStruct.Speed = GPIO_SPEED_FREQ_LOW;
 1075              		.loc 1 468 26 is_stmt 0 view .LVU282
 1076 007c 0023     		movs	r3, #0
 1077 007e 3993     		str	r3, [sp, #228]
 469:Core/Src/stm32h7xx_hal_msp.c ****     GPIO_InitStruct.Alternate = GPIO_AF8_UART4;
 1078              		.loc 1 469 5 is_stmt 1 view .LVU283
 469:Core/Src/stm32h7xx_hal_msp.c ****     GPIO_InitStruct.Alternate = GPIO_AF8_UART4;
 1079              		.loc 1 469 27 is_stmt 0 view .LVU284
 1080 0080 3A93     		str	r3, [sp, #232]
 470:Core/Src/stm32h7xx_hal_msp.c ****     HAL_GPIO_Init(GPIOA, &GPIO_InitStruct);
 1081              		.loc 1 470 5 is_stmt 1 view .LVU285
 470:Core/Src/stm32h7xx_hal_msp.c ****     HAL_GPIO_Init(GPIOA, &GPIO_InitStruct);
 1082              		.loc 1 470 31 is_stmt 0 view .LVU286
 1083 0082 0823     		movs	r3, #8
 1084 0084 3B93     		str	r3, [sp, #236]
 471:Core/Src/stm32h7xx_hal_msp.c **** 
 1085              		.loc 1 471 5 is_stmt 1 view .LVU287
 1086 0086 37A9     		add	r1, sp, #220
 1087 0088 3E48     		ldr	r0, .L81+16
 1088 008a FFF7FEFF 		bl	HAL_GPIO_Init
 1089              	.LVL76:
 474:Core/Src/stm32h7xx_hal_msp.c ****     HAL_NVIC_EnableIRQ(UART4_IRQn);
 1090              		.loc 1 474 5 view .LVU288
 1091 008e 0022     		movs	r2, #0
 1092 0090 0521     		movs	r1, #5
 1093 0092 3420     		movs	r0, #52
 1094 0094 FFF7FEFF 		bl	HAL_NVIC_SetPriority
 1095              	.LVL77:
 475:Core/Src/stm32h7xx_hal_msp.c ****     /* USER CODE BEGIN UART4_MspInit 1 */
 1096              		.loc 1 475 5 view .LVU289
 1097 0098 3420     		movs	r0, #52
 1098 009a FFF7FEFF 		bl	HAL_NVIC_EnableIRQ
 1099              	.LVL78:
 1100 009e C6E7     		b	.L67
 1101              	.L78:
 455:Core/Src/stm32h7xx_hal_msp.c ****     }
 1102              		.loc 1 455 7 view .LVU290
 1103 00a0 FFF7FEFF 		bl	Error_Handler
 1104              	.LVL79:
 1105 00a4 CDE7     		b	.L69
 1106              	.L76:
ARM GAS  C:\Users\jason\AppData\Local\Temp\ccv1cIQQ.s 			page 33


 488:Core/Src/stm32h7xx_hal_msp.c ****     PeriphClkInitStruct.Usart234578ClockSelection = RCC_USART234578CLKSOURCE_D2PCLK1;
 1107              		.loc 1 488 5 view .LVU291
 488:Core/Src/stm32h7xx_hal_msp.c ****     PeriphClkInitStruct.Usart234578ClockSelection = RCC_USART234578CLKSOURCE_D2PCLK1;
 1108              		.loc 1 488 46 is_stmt 0 view .LVU292
 1109 00a6 0222     		movs	r2, #2
 1110 00a8 0023     		movs	r3, #0
 1111 00aa CDE90623 		strd	r2, [sp, #24]
 489:Core/Src/stm32h7xx_hal_msp.c ****     if (HAL_RCCEx_PeriphCLKConfig(&PeriphClkInitStruct) != HAL_OK)
 1112              		.loc 1 489 5 is_stmt 1 view .LVU293
 490:Core/Src/stm32h7xx_hal_msp.c ****     {
 1113              		.loc 1 490 5 view .LVU294
 490:Core/Src/stm32h7xx_hal_msp.c ****     {
 1114              		.loc 1 490 9 is_stmt 0 view .LVU295
 1115 00ae 06A8     		add	r0, sp, #24
 1116 00b0 FFF7FEFF 		bl	HAL_RCCEx_PeriphCLKConfig
 1117              	.LVL80:
 490:Core/Src/stm32h7xx_hal_msp.c ****     {
 1118              		.loc 1 490 8 discriminator 1 view .LVU296
 1119 00b4 38BB     		cbnz	r0, .L79
 1120              	.L72:
 496:Core/Src/stm32h7xx_hal_msp.c **** 
 1121              		.loc 1 496 5 is_stmt 1 view .LVU297
 1122              	.LBB15:
 496:Core/Src/stm32h7xx_hal_msp.c **** 
 1123              		.loc 1 496 5 view .LVU298
 496:Core/Src/stm32h7xx_hal_msp.c **** 
 1124              		.loc 1 496 5 view .LVU299
 1125 00b6 324B     		ldr	r3, .L81+12
 1126 00b8 D3F8E820 		ldr	r2, [r3, #232]
 1127 00bc 42F48012 		orr	r2, r2, #1048576
 1128 00c0 C3F8E820 		str	r2, [r3, #232]
 496:Core/Src/stm32h7xx_hal_msp.c **** 
 1129              		.loc 1 496 5 view .LVU300
 1130 00c4 D3F8E820 		ldr	r2, [r3, #232]
 1131 00c8 02F48012 		and	r2, r2, #1048576
 1132 00cc 0292     		str	r2, [sp, #8]
 496:Core/Src/stm32h7xx_hal_msp.c **** 
 1133              		.loc 1 496 5 view .LVU301
 1134 00ce 029A     		ldr	r2, [sp, #8]
 1135              	.LBE15:
 496:Core/Src/stm32h7xx_hal_msp.c **** 
 1136              		.loc 1 496 5 view .LVU302
 498:Core/Src/stm32h7xx_hal_msp.c ****     /**UART5 GPIO Configuration
 1137              		.loc 1 498 5 view .LVU303
 1138              	.LBB16:
 498:Core/Src/stm32h7xx_hal_msp.c ****     /**UART5 GPIO Configuration
 1139              		.loc 1 498 5 view .LVU304
 498:Core/Src/stm32h7xx_hal_msp.c ****     /**UART5 GPIO Configuration
 1140              		.loc 1 498 5 view .LVU305
 1141 00d0 D3F8E020 		ldr	r2, [r3, #224]
 1142 00d4 42F00202 		orr	r2, r2, #2
 1143 00d8 C3F8E020 		str	r2, [r3, #224]
 498:Core/Src/stm32h7xx_hal_msp.c ****     /**UART5 GPIO Configuration
 1144              		.loc 1 498 5 view .LVU306
 1145 00dc D3F8E030 		ldr	r3, [r3, #224]
 1146 00e0 03F00203 		and	r3, r3, #2
 1147 00e4 0393     		str	r3, [sp, #12]
ARM GAS  C:\Users\jason\AppData\Local\Temp\ccv1cIQQ.s 			page 34


 498:Core/Src/stm32h7xx_hal_msp.c ****     /**UART5 GPIO Configuration
 1148              		.loc 1 498 5 view .LVU307
 1149 00e6 039B     		ldr	r3, [sp, #12]
 1150              	.LBE16:
 498:Core/Src/stm32h7xx_hal_msp.c ****     /**UART5 GPIO Configuration
 1151              		.loc 1 498 5 view .LVU308
 503:Core/Src/stm32h7xx_hal_msp.c ****     GPIO_InitStruct.Mode = GPIO_MODE_AF_PP;
 1152              		.loc 1 503 5 view .LVU309
 503:Core/Src/stm32h7xx_hal_msp.c ****     GPIO_InitStruct.Mode = GPIO_MODE_AF_PP;
 1153              		.loc 1 503 25 is_stmt 0 view .LVU310
 1154 00e8 4FF44053 		mov	r3, #12288
 1155 00ec 3793     		str	r3, [sp, #220]
 504:Core/Src/stm32h7xx_hal_msp.c ****     GPIO_InitStruct.Pull = GPIO_NOPULL;
 1156              		.loc 1 504 5 is_stmt 1 view .LVU311
 504:Core/Src/stm32h7xx_hal_msp.c ****     GPIO_InitStruct.Pull = GPIO_NOPULL;
 1157              		.loc 1 504 26 is_stmt 0 view .LVU312
 1158 00ee 0223     		movs	r3, #2
 1159 00f0 3893     		str	r3, [sp, #224]
 505:Core/Src/stm32h7xx_hal_msp.c ****     GPIO_InitStruct.Speed = GPIO_SPEED_FREQ_LOW;
 1160              		.loc 1 505 5 is_stmt 1 view .LVU313
 505:Core/Src/stm32h7xx_hal_msp.c ****     GPIO_InitStruct.Speed = GPIO_SPEED_FREQ_LOW;
 1161              		.loc 1 505 26 is_stmt 0 view .LVU314
 1162 00f2 0023     		movs	r3, #0
 1163 00f4 3993     		str	r3, [sp, #228]
 506:Core/Src/stm32h7xx_hal_msp.c ****     GPIO_InitStruct.Alternate = GPIO_AF14_UART5;
 1164              		.loc 1 506 5 is_stmt 1 view .LVU315
 506:Core/Src/stm32h7xx_hal_msp.c ****     GPIO_InitStruct.Alternate = GPIO_AF14_UART5;
 1165              		.loc 1 506 27 is_stmt 0 view .LVU316
 1166 00f6 3A93     		str	r3, [sp, #232]
 507:Core/Src/stm32h7xx_hal_msp.c ****     HAL_GPIO_Init(GPIOB, &GPIO_InitStruct);
 1167              		.loc 1 507 5 is_stmt 1 view .LVU317
 507:Core/Src/stm32h7xx_hal_msp.c ****     HAL_GPIO_Init(GPIOB, &GPIO_InitStruct);
 1168              		.loc 1 507 31 is_stmt 0 view .LVU318
 1169 00f8 0E23     		movs	r3, #14
 1170 00fa 3B93     		str	r3, [sp, #236]
 508:Core/Src/stm32h7xx_hal_msp.c **** 
 1171              		.loc 1 508 5 is_stmt 1 view .LVU319
 1172 00fc 37A9     		add	r1, sp, #220
 1173 00fe 2248     		ldr	r0, .L81+20
 1174 0100 FFF7FEFF 		bl	HAL_GPIO_Init
 1175              	.LVL81:
 1176 0104 93E7     		b	.L67
 1177              	.L79:
 492:Core/Src/stm32h7xx_hal_msp.c ****     }
 1178              		.loc 1 492 7 view .LVU320
 1179 0106 FFF7FEFF 		bl	Error_Handler
 1180              	.LVL82:
 1181 010a D4E7     		b	.L72
 1182              	.L77:
 522:Core/Src/stm32h7xx_hal_msp.c ****     PeriphClkInitStruct.Usart234578ClockSelection = RCC_USART234578CLKSOURCE_D2PCLK1;
 1183              		.loc 1 522 5 view .LVU321
 522:Core/Src/stm32h7xx_hal_msp.c ****     PeriphClkInitStruct.Usart234578ClockSelection = RCC_USART234578CLKSOURCE_D2PCLK1;
 1184              		.loc 1 522 46 is_stmt 0 view .LVU322
 1185 010c 0222     		movs	r2, #2
 1186 010e 0023     		movs	r3, #0
 1187 0110 CDE90623 		strd	r2, [sp, #24]
 523:Core/Src/stm32h7xx_hal_msp.c ****     if (HAL_RCCEx_PeriphCLKConfig(&PeriphClkInitStruct) != HAL_OK)
ARM GAS  C:\Users\jason\AppData\Local\Temp\ccv1cIQQ.s 			page 35


 1188              		.loc 1 523 5 is_stmt 1 view .LVU323
 524:Core/Src/stm32h7xx_hal_msp.c ****     {
 1189              		.loc 1 524 5 view .LVU324
 524:Core/Src/stm32h7xx_hal_msp.c ****     {
 1190              		.loc 1 524 9 is_stmt 0 view .LVU325
 1191 0114 06A8     		add	r0, sp, #24
 1192 0116 FFF7FEFF 		bl	HAL_RCCEx_PeriphCLKConfig
 1193              	.LVL83:
 524:Core/Src/stm32h7xx_hal_msp.c ****     {
 1194              		.loc 1 524 8 discriminator 1 view .LVU326
 1195 011a 38BB     		cbnz	r0, .L80
 1196              	.L73:
 530:Core/Src/stm32h7xx_hal_msp.c **** 
 1197              		.loc 1 530 5 is_stmt 1 view .LVU327
 1198              	.LBB17:
 530:Core/Src/stm32h7xx_hal_msp.c **** 
 1199              		.loc 1 530 5 view .LVU328
 530:Core/Src/stm32h7xx_hal_msp.c **** 
 1200              		.loc 1 530 5 view .LVU329
 1201 011c 184B     		ldr	r3, .L81+12
 1202 011e D3F8E820 		ldr	r2, [r3, #232]
 1203 0122 42F08042 		orr	r2, r2, #1073741824
 1204 0126 C3F8E820 		str	r2, [r3, #232]
 530:Core/Src/stm32h7xx_hal_msp.c **** 
 1205              		.loc 1 530 5 view .LVU330
 1206 012a D3F8E820 		ldr	r2, [r3, #232]
 1207 012e 02F08042 		and	r2, r2, #1073741824
 1208 0132 0492     		str	r2, [sp, #16]
 530:Core/Src/stm32h7xx_hal_msp.c **** 
 1209              		.loc 1 530 5 view .LVU331
 1210 0134 049A     		ldr	r2, [sp, #16]
 1211              	.LBE17:
 530:Core/Src/stm32h7xx_hal_msp.c **** 
 1212              		.loc 1 530 5 view .LVU332
 532:Core/Src/stm32h7xx_hal_msp.c ****     /**UART7 GPIO Configuration
 1213              		.loc 1 532 5 view .LVU333
 1214              	.LBB18:
 532:Core/Src/stm32h7xx_hal_msp.c ****     /**UART7 GPIO Configuration
 1215              		.loc 1 532 5 view .LVU334
 532:Core/Src/stm32h7xx_hal_msp.c ****     /**UART7 GPIO Configuration
 1216              		.loc 1 532 5 view .LVU335
 1217 0136 D3F8E020 		ldr	r2, [r3, #224]
 1218 013a 42F01002 		orr	r2, r2, #16
 1219 013e C3F8E020 		str	r2, [r3, #224]
 532:Core/Src/stm32h7xx_hal_msp.c ****     /**UART7 GPIO Configuration
 1220              		.loc 1 532 5 view .LVU336
 1221 0142 D3F8E030 		ldr	r3, [r3, #224]
 1222 0146 03F01003 		and	r3, r3, #16
 1223 014a 0593     		str	r3, [sp, #20]
 532:Core/Src/stm32h7xx_hal_msp.c ****     /**UART7 GPIO Configuration
 1224              		.loc 1 532 5 view .LVU337
 1225 014c 059B     		ldr	r3, [sp, #20]
 1226              	.LBE18:
 532:Core/Src/stm32h7xx_hal_msp.c ****     /**UART7 GPIO Configuration
 1227              		.loc 1 532 5 view .LVU338
 537:Core/Src/stm32h7xx_hal_msp.c ****     GPIO_InitStruct.Mode = GPIO_MODE_AF_PP;
 1228              		.loc 1 537 5 view .LVU339
ARM GAS  C:\Users\jason\AppData\Local\Temp\ccv1cIQQ.s 			page 36


 537:Core/Src/stm32h7xx_hal_msp.c ****     GPIO_InitStruct.Mode = GPIO_MODE_AF_PP;
 1229              		.loc 1 537 25 is_stmt 0 view .LVU340
 1230 014e 4FF4C073 		mov	r3, #384
 1231 0152 3793     		str	r3, [sp, #220]
 538:Core/Src/stm32h7xx_hal_msp.c ****     GPIO_InitStruct.Pull = GPIO_NOPULL;
 1232              		.loc 1 538 5 is_stmt 1 view .LVU341
 538:Core/Src/stm32h7xx_hal_msp.c ****     GPIO_InitStruct.Pull = GPIO_NOPULL;
 1233              		.loc 1 538 26 is_stmt 0 view .LVU342
 1234 0154 0223     		movs	r3, #2
 1235 0156 3893     		str	r3, [sp, #224]
 539:Core/Src/stm32h7xx_hal_msp.c ****     GPIO_InitStruct.Speed = GPIO_SPEED_FREQ_LOW;
 1236              		.loc 1 539 5 is_stmt 1 view .LVU343
 539:Core/Src/stm32h7xx_hal_msp.c ****     GPIO_InitStruct.Speed = GPIO_SPEED_FREQ_LOW;
 1237              		.loc 1 539 26 is_stmt 0 view .LVU344
 1238 0158 0023     		movs	r3, #0
 1239 015a 3993     		str	r3, [sp, #228]
 540:Core/Src/stm32h7xx_hal_msp.c ****     GPIO_InitStruct.Alternate = GPIO_AF7_UART7;
 1240              		.loc 1 540 5 is_stmt 1 view .LVU345
 540:Core/Src/stm32h7xx_hal_msp.c ****     GPIO_InitStruct.Alternate = GPIO_AF7_UART7;
 1241              		.loc 1 540 27 is_stmt 0 view .LVU346
 1242 015c 3A93     		str	r3, [sp, #232]
 541:Core/Src/stm32h7xx_hal_msp.c ****     HAL_GPIO_Init(GPIOE, &GPIO_InitStruct);
 1243              		.loc 1 541 5 is_stmt 1 view .LVU347
 541:Core/Src/stm32h7xx_hal_msp.c ****     HAL_GPIO_Init(GPIOE, &GPIO_InitStruct);
 1244              		.loc 1 541 31 is_stmt 0 view .LVU348
 1245 015e 0723     		movs	r3, #7
 1246 0160 3B93     		str	r3, [sp, #236]
 542:Core/Src/stm32h7xx_hal_msp.c **** 
 1247              		.loc 1 542 5 is_stmt 1 view .LVU349
 1248 0162 37A9     		add	r1, sp, #220
 1249 0164 0948     		ldr	r0, .L81+24
 1250 0166 FFF7FEFF 		bl	HAL_GPIO_Init
 1251              	.LVL84:
 1252              		.loc 1 549 1 is_stmt 0 view .LVU350
 1253 016a 60E7     		b	.L67
 1254              	.L80:
 526:Core/Src/stm32h7xx_hal_msp.c ****     }
 1255              		.loc 1 526 7 is_stmt 1 view .LVU351
 1256 016c FFF7FEFF 		bl	Error_Handler
 1257              	.LVL85:
 1258 0170 D4E7     		b	.L73
 1259              	.L82:
 1260 0172 00BF     		.align	2
 1261              	.L81:
 1262 0174 004C0040 		.word	1073761280
 1263 0178 00500040 		.word	1073762304
 1264 017c 00780040 		.word	1073772544
 1265 0180 00440258 		.word	1476543488
 1266 0184 00000258 		.word	1476526080
 1267 0188 00040258 		.word	1476527104
 1268 018c 00100258 		.word	1476530176
 1269              		.cfi_endproc
 1270              	.LFE153:
 1272              		.section	.text.HAL_UART_MspDeInit,"ax",%progbits
 1273              		.align	1
 1274              		.global	HAL_UART_MspDeInit
 1275              		.syntax unified
ARM GAS  C:\Users\jason\AppData\Local\Temp\ccv1cIQQ.s 			page 37


 1276              		.thumb
 1277              		.thumb_func
 1279              	HAL_UART_MspDeInit:
 1280              	.LVL86:
 1281              	.LFB154:
 550:Core/Src/stm32h7xx_hal_msp.c **** 
 551:Core/Src/stm32h7xx_hal_msp.c **** /**
 552:Core/Src/stm32h7xx_hal_msp.c ****   * @brief UART MSP De-Initialization
 553:Core/Src/stm32h7xx_hal_msp.c ****   * This function freeze the hardware resources used in this example
 554:Core/Src/stm32h7xx_hal_msp.c ****   * @param huart: UART handle pointer
 555:Core/Src/stm32h7xx_hal_msp.c ****   * @retval None
 556:Core/Src/stm32h7xx_hal_msp.c ****   */
 557:Core/Src/stm32h7xx_hal_msp.c **** void HAL_UART_MspDeInit(UART_HandleTypeDef* huart)
 558:Core/Src/stm32h7xx_hal_msp.c **** {
 1282              		.loc 1 558 1 view -0
 1283              		.cfi_startproc
 1284              		@ args = 0, pretend = 0, frame = 0
 1285              		@ frame_needed = 0, uses_anonymous_args = 0
 1286              		.loc 1 558 1 is_stmt 0 view .LVU353
 1287 0000 08B5     		push	{r3, lr}
 1288              		.cfi_def_cfa_offset 8
 1289              		.cfi_offset 3, -8
 1290              		.cfi_offset 14, -4
 559:Core/Src/stm32h7xx_hal_msp.c ****   if(huart->Instance==UART4)
 1291              		.loc 1 559 3 is_stmt 1 view .LVU354
 1292              		.loc 1 559 11 is_stmt 0 view .LVU355
 1293 0002 0368     		ldr	r3, [r0]
 1294              		.loc 1 559 5 view .LVU356
 1295 0004 194A     		ldr	r2, .L91
 1296 0006 9342     		cmp	r3, r2
 1297 0008 06D0     		beq	.L88
 560:Core/Src/stm32h7xx_hal_msp.c ****   {
 561:Core/Src/stm32h7xx_hal_msp.c ****     /* USER CODE BEGIN UART4_MspDeInit 0 */
 562:Core/Src/stm32h7xx_hal_msp.c **** 
 563:Core/Src/stm32h7xx_hal_msp.c ****     /* USER CODE END UART4_MspDeInit 0 */
 564:Core/Src/stm32h7xx_hal_msp.c ****     /* Peripheral clock disable */
 565:Core/Src/stm32h7xx_hal_msp.c ****     __HAL_RCC_UART4_CLK_DISABLE();
 566:Core/Src/stm32h7xx_hal_msp.c **** 
 567:Core/Src/stm32h7xx_hal_msp.c ****     /**UART4 GPIO Configuration
 568:Core/Src/stm32h7xx_hal_msp.c ****     PA0     ------> UART4_TX
 569:Core/Src/stm32h7xx_hal_msp.c ****     PA1     ------> UART4_RX
 570:Core/Src/stm32h7xx_hal_msp.c ****     */
 571:Core/Src/stm32h7xx_hal_msp.c ****     HAL_GPIO_DeInit(GPIOA, GPIO_PIN_0|GPIO_PIN_1);
 572:Core/Src/stm32h7xx_hal_msp.c **** 
 573:Core/Src/stm32h7xx_hal_msp.c ****     /* UART4 interrupt DeInit */
 574:Core/Src/stm32h7xx_hal_msp.c ****     HAL_NVIC_DisableIRQ(UART4_IRQn);
 575:Core/Src/stm32h7xx_hal_msp.c ****     /* USER CODE BEGIN UART4_MspDeInit 1 */
 576:Core/Src/stm32h7xx_hal_msp.c **** 
 577:Core/Src/stm32h7xx_hal_msp.c ****     /* USER CODE END UART4_MspDeInit 1 */
 578:Core/Src/stm32h7xx_hal_msp.c ****   }
 579:Core/Src/stm32h7xx_hal_msp.c ****   else if(huart->Instance==UART5)
 1298              		.loc 1 579 8 is_stmt 1 view .LVU357
 1299              		.loc 1 579 10 is_stmt 0 view .LVU358
 1300 000a 194A     		ldr	r2, .L91+4
 1301 000c 9342     		cmp	r3, r2
 1302 000e 12D0     		beq	.L89
 580:Core/Src/stm32h7xx_hal_msp.c ****   {
ARM GAS  C:\Users\jason\AppData\Local\Temp\ccv1cIQQ.s 			page 38


 581:Core/Src/stm32h7xx_hal_msp.c ****     /* USER CODE BEGIN UART5_MspDeInit 0 */
 582:Core/Src/stm32h7xx_hal_msp.c **** 
 583:Core/Src/stm32h7xx_hal_msp.c ****     /* USER CODE END UART5_MspDeInit 0 */
 584:Core/Src/stm32h7xx_hal_msp.c ****     /* Peripheral clock disable */
 585:Core/Src/stm32h7xx_hal_msp.c ****     __HAL_RCC_UART5_CLK_DISABLE();
 586:Core/Src/stm32h7xx_hal_msp.c **** 
 587:Core/Src/stm32h7xx_hal_msp.c ****     /**UART5 GPIO Configuration
 588:Core/Src/stm32h7xx_hal_msp.c ****     PB12     ------> UART5_RX
 589:Core/Src/stm32h7xx_hal_msp.c ****     PB13     ------> UART5_TX
 590:Core/Src/stm32h7xx_hal_msp.c ****     */
 591:Core/Src/stm32h7xx_hal_msp.c ****     HAL_GPIO_DeInit(GPIOB, GPIO_PIN_12|GPIO_PIN_13);
 592:Core/Src/stm32h7xx_hal_msp.c **** 
 593:Core/Src/stm32h7xx_hal_msp.c ****     /* USER CODE BEGIN UART5_MspDeInit 1 */
 594:Core/Src/stm32h7xx_hal_msp.c **** 
 595:Core/Src/stm32h7xx_hal_msp.c ****     /* USER CODE END UART5_MspDeInit 1 */
 596:Core/Src/stm32h7xx_hal_msp.c ****   }
 597:Core/Src/stm32h7xx_hal_msp.c ****   else if(huart->Instance==UART7)
 1303              		.loc 1 597 8 is_stmt 1 view .LVU359
 1304              		.loc 1 597 10 is_stmt 0 view .LVU360
 1305 0010 184A     		ldr	r2, .L91+8
 1306 0012 9342     		cmp	r3, r2
 1307 0014 1CD0     		beq	.L90
 1308              	.LVL87:
 1309              	.L83:
 598:Core/Src/stm32h7xx_hal_msp.c ****   {
 599:Core/Src/stm32h7xx_hal_msp.c ****     /* USER CODE BEGIN UART7_MspDeInit 0 */
 600:Core/Src/stm32h7xx_hal_msp.c **** 
 601:Core/Src/stm32h7xx_hal_msp.c ****     /* USER CODE END UART7_MspDeInit 0 */
 602:Core/Src/stm32h7xx_hal_msp.c ****     /* Peripheral clock disable */
 603:Core/Src/stm32h7xx_hal_msp.c ****     __HAL_RCC_UART7_CLK_DISABLE();
 604:Core/Src/stm32h7xx_hal_msp.c **** 
 605:Core/Src/stm32h7xx_hal_msp.c ****     /**UART7 GPIO Configuration
 606:Core/Src/stm32h7xx_hal_msp.c ****     PE7     ------> UART7_RX
 607:Core/Src/stm32h7xx_hal_msp.c ****     PE8     ------> UART7_TX
 608:Core/Src/stm32h7xx_hal_msp.c ****     */
 609:Core/Src/stm32h7xx_hal_msp.c ****     HAL_GPIO_DeInit(GPIOE, GPIO_PIN_7|GPIO_PIN_8);
 610:Core/Src/stm32h7xx_hal_msp.c **** 
 611:Core/Src/stm32h7xx_hal_msp.c ****     /* USER CODE BEGIN UART7_MspDeInit 1 */
 612:Core/Src/stm32h7xx_hal_msp.c **** 
 613:Core/Src/stm32h7xx_hal_msp.c ****     /* USER CODE END UART7_MspDeInit 1 */
 614:Core/Src/stm32h7xx_hal_msp.c ****   }
 615:Core/Src/stm32h7xx_hal_msp.c **** 
 616:Core/Src/stm32h7xx_hal_msp.c **** }
 1310              		.loc 1 616 1 view .LVU361
 1311 0016 08BD     		pop	{r3, pc}
 1312              	.LVL88:
 1313              	.L88:
 565:Core/Src/stm32h7xx_hal_msp.c **** 
 1314              		.loc 1 565 5 is_stmt 1 view .LVU362
 1315 0018 174A     		ldr	r2, .L91+12
 1316 001a D2F8E830 		ldr	r3, [r2, #232]
 1317 001e 23F40023 		bic	r3, r3, #524288
 1318 0022 C2F8E830 		str	r3, [r2, #232]
 571:Core/Src/stm32h7xx_hal_msp.c **** 
 1319              		.loc 1 571 5 view .LVU363
 1320 0026 0321     		movs	r1, #3
 1321 0028 1448     		ldr	r0, .L91+16
ARM GAS  C:\Users\jason\AppData\Local\Temp\ccv1cIQQ.s 			page 39


 1322              	.LVL89:
 571:Core/Src/stm32h7xx_hal_msp.c **** 
 1323              		.loc 1 571 5 is_stmt 0 view .LVU364
 1324 002a FFF7FEFF 		bl	HAL_GPIO_DeInit
 1325              	.LVL90:
 574:Core/Src/stm32h7xx_hal_msp.c ****     /* USER CODE BEGIN UART4_MspDeInit 1 */
 1326              		.loc 1 574 5 is_stmt 1 view .LVU365
 1327 002e 3420     		movs	r0, #52
 1328 0030 FFF7FEFF 		bl	HAL_NVIC_DisableIRQ
 1329              	.LVL91:
 1330 0034 EFE7     		b	.L83
 1331              	.LVL92:
 1332              	.L89:
 585:Core/Src/stm32h7xx_hal_msp.c **** 
 1333              		.loc 1 585 5 view .LVU366
 1334 0036 104A     		ldr	r2, .L91+12
 1335 0038 D2F8E830 		ldr	r3, [r2, #232]
 1336 003c 23F48013 		bic	r3, r3, #1048576
 1337 0040 C2F8E830 		str	r3, [r2, #232]
 591:Core/Src/stm32h7xx_hal_msp.c **** 
 1338              		.loc 1 591 5 view .LVU367
 1339 0044 4FF44051 		mov	r1, #12288
 1340 0048 0D48     		ldr	r0, .L91+20
 1341              	.LVL93:
 591:Core/Src/stm32h7xx_hal_msp.c **** 
 1342              		.loc 1 591 5 is_stmt 0 view .LVU368
 1343 004a FFF7FEFF 		bl	HAL_GPIO_DeInit
 1344              	.LVL94:
 1345 004e E2E7     		b	.L83
 1346              	.LVL95:
 1347              	.L90:
 603:Core/Src/stm32h7xx_hal_msp.c **** 
 1348              		.loc 1 603 5 is_stmt 1 view .LVU369
 1349 0050 094A     		ldr	r2, .L91+12
 1350 0052 D2F8E830 		ldr	r3, [r2, #232]
 1351 0056 23F08043 		bic	r3, r3, #1073741824
 1352 005a C2F8E830 		str	r3, [r2, #232]
 609:Core/Src/stm32h7xx_hal_msp.c **** 
 1353              		.loc 1 609 5 view .LVU370
 1354 005e 4FF4C071 		mov	r1, #384
 1355 0062 0848     		ldr	r0, .L91+24
 1356              	.LVL96:
 609:Core/Src/stm32h7xx_hal_msp.c **** 
 1357              		.loc 1 609 5 is_stmt 0 view .LVU371
 1358 0064 FFF7FEFF 		bl	HAL_GPIO_DeInit
 1359              	.LVL97:
 1360              		.loc 1 616 1 view .LVU372
 1361 0068 D5E7     		b	.L83
 1362              	.L92:
 1363 006a 00BF     		.align	2
 1364              	.L91:
 1365 006c 004C0040 		.word	1073761280
 1366 0070 00500040 		.word	1073762304
 1367 0074 00780040 		.word	1073772544
 1368 0078 00440258 		.word	1476543488
 1369 007c 00000258 		.word	1476526080
 1370 0080 00040258 		.word	1476527104
ARM GAS  C:\Users\jason\AppData\Local\Temp\ccv1cIQQ.s 			page 40


 1371 0084 00100258 		.word	1476530176
 1372              		.cfi_endproc
 1373              	.LFE154:
 1375              		.text
 1376              	.Letext0:
 1377              		.file 2 "Drivers/CMSIS/Device/ST/STM32H7xx/Include/stm32h750xx.h"
 1378              		.file 3 "C:/Users/jason/AppData/Roaming/Code/User/globalStorage/bmd.stm32-for-vscode/@xpack-dev-to
 1379              		.file 4 "C:/Users/jason/AppData/Roaming/Code/User/globalStorage/bmd.stm32-for-vscode/@xpack-dev-to
 1380              		.file 5 "Drivers/STM32H7xx_HAL_Driver/Inc/stm32h7xx_hal_def.h"
 1381              		.file 6 "Drivers/STM32H7xx_HAL_Driver/Inc/stm32h7xx_hal_rcc_ex.h"
 1382              		.file 7 "Drivers/STM32H7xx_HAL_Driver/Inc/stm32h7xx_hal_gpio.h"
 1383              		.file 8 "Drivers/STM32H7xx_HAL_Driver/Inc/stm32h7xx_hal_dma.h"
 1384              		.file 9 "Drivers/STM32H7xx_HAL_Driver/Inc/stm32h7xx_hal_i2c.h"
 1385              		.file 10 "Drivers/STM32H7xx_HAL_Driver/Inc/stm32h7xx_ll_sdmmc.h"
 1386              		.file 11 "Drivers/STM32H7xx_HAL_Driver/Inc/stm32h7xx_hal_sd.h"
 1387              		.file 12 "Drivers/STM32H7xx_HAL_Driver/Inc/stm32h7xx_hal_spi.h"
 1388              		.file 13 "Drivers/STM32H7xx_HAL_Driver/Inc/stm32h7xx_hal_tim.h"
 1389              		.file 14 "Drivers/STM32H7xx_HAL_Driver/Inc/stm32h7xx_hal_uart.h"
 1390              		.file 15 "Drivers/STM32H7xx_HAL_Driver/Inc/stm32h7xx_hal_cortex.h"
 1391              		.file 16 "Core/Inc/main.h"
 1392              		.file 17 "<built-in>"
ARM GAS  C:\Users\jason\AppData\Local\Temp\ccv1cIQQ.s 			page 41


DEFINED SYMBOLS
                            *ABS*:00000000 stm32h7xx_hal_msp.c
C:\Users\jason\AppData\Local\Temp\ccv1cIQQ.s:20     .text.HAL_MspInit:00000000 $t
C:\Users\jason\AppData\Local\Temp\ccv1cIQQ.s:26     .text.HAL_MspInit:00000000 HAL_MspInit
C:\Users\jason\AppData\Local\Temp\ccv1cIQQ.s:67     .text.HAL_MspInit:00000030 $d
C:\Users\jason\AppData\Local\Temp\ccv1cIQQ.s:72     .text.HAL_I2C_MspInit:00000000 $t
C:\Users\jason\AppData\Local\Temp\ccv1cIQQ.s:78     .text.HAL_I2C_MspInit:00000000 HAL_I2C_MspInit
C:\Users\jason\AppData\Local\Temp\ccv1cIQQ.s:209    .text.HAL_I2C_MspInit:0000008c $d
C:\Users\jason\AppData\Local\Temp\ccv1cIQQ.s:216    .text.HAL_I2C_MspDeInit:00000000 $t
C:\Users\jason\AppData\Local\Temp\ccv1cIQQ.s:222    .text.HAL_I2C_MspDeInit:00000000 HAL_I2C_MspDeInit
C:\Users\jason\AppData\Local\Temp\ccv1cIQQ.s:269    .text.HAL_I2C_MspDeInit:0000002c $d
C:\Users\jason\AppData\Local\Temp\ccv1cIQQ.s:276    .text.HAL_SD_MspInit:00000000 $t
C:\Users\jason\AppData\Local\Temp\ccv1cIQQ.s:282    .text.HAL_SD_MspInit:00000000 HAL_SD_MspInit
C:\Users\jason\AppData\Local\Temp\ccv1cIQQ.s:454    .text.HAL_SD_MspInit:000000c0 $d
C:\Users\jason\AppData\Local\Temp\ccv1cIQQ.s:462    .text.HAL_SD_MspDeInit:00000000 $t
C:\Users\jason\AppData\Local\Temp\ccv1cIQQ.s:468    .text.HAL_SD_MspDeInit:00000000 HAL_SD_MspDeInit
C:\Users\jason\AppData\Local\Temp\ccv1cIQQ.s:515    .text.HAL_SD_MspDeInit:00000030 $d
C:\Users\jason\AppData\Local\Temp\ccv1cIQQ.s:523    .text.HAL_SPI_MspInit:00000000 $t
C:\Users\jason\AppData\Local\Temp\ccv1cIQQ.s:529    .text.HAL_SPI_MspInit:00000000 HAL_SPI_MspInit
C:\Users\jason\AppData\Local\Temp\ccv1cIQQ.s:656    .text.HAL_SPI_MspInit:0000008c $d
C:\Users\jason\AppData\Local\Temp\ccv1cIQQ.s:663    .text.HAL_SPI_MspDeInit:00000000 $t
C:\Users\jason\AppData\Local\Temp\ccv1cIQQ.s:669    .text.HAL_SPI_MspDeInit:00000000 HAL_SPI_MspDeInit
C:\Users\jason\AppData\Local\Temp\ccv1cIQQ.s:711    .text.HAL_SPI_MspDeInit:00000024 $d
C:\Users\jason\AppData\Local\Temp\ccv1cIQQ.s:718    .text.HAL_TIM_Base_MspInit:00000000 $t
C:\Users\jason\AppData\Local\Temp\ccv1cIQQ.s:724    .text.HAL_TIM_Base_MspInit:00000000 HAL_TIM_Base_MspInit
C:\Users\jason\AppData\Local\Temp\ccv1cIQQ.s:859    .text.HAL_TIM_Base_MspInit:000000a0 $d
C:\Users\jason\AppData\Local\Temp\ccv1cIQQ.s:866    .text.HAL_TIM_Base_MspDeInit:00000000 $t
C:\Users\jason\AppData\Local\Temp\ccv1cIQQ.s:872    .text.HAL_TIM_Base_MspDeInit:00000000 HAL_TIM_Base_MspDeInit
C:\Users\jason\AppData\Local\Temp\ccv1cIQQ.s:950    .text.HAL_TIM_Base_MspDeInit:0000005c $d
C:\Users\jason\AppData\Local\Temp\ccv1cIQQ.s:957    .text.HAL_UART_MspInit:00000000 $t
C:\Users\jason\AppData\Local\Temp\ccv1cIQQ.s:963    .text.HAL_UART_MspInit:00000000 HAL_UART_MspInit
C:\Users\jason\AppData\Local\Temp\ccv1cIQQ.s:1262   .text.HAL_UART_MspInit:00000174 $d
C:\Users\jason\AppData\Local\Temp\ccv1cIQQ.s:1273   .text.HAL_UART_MspDeInit:00000000 $t
C:\Users\jason\AppData\Local\Temp\ccv1cIQQ.s:1279   .text.HAL_UART_MspDeInit:00000000 HAL_UART_MspDeInit
C:\Users\jason\AppData\Local\Temp\ccv1cIQQ.s:1365   .text.HAL_UART_MspDeInit:0000006c $d

UNDEFINED SYMBOLS
HAL_NVIC_SetPriority
memset
HAL_RCCEx_PeriphCLKConfig
HAL_GPIO_Init
Error_Handler
HAL_GPIO_DeInit
HAL_NVIC_EnableIRQ
HAL_NVIC_DisableIRQ
