ARM GAS  C:\Users\jason\AppData\Local\Temp\ccJN7av9.s 			page 1


   1              		.cpu cortex-m7
   2              		.arch armv7e-m
   3              		.fpu fpv5-d16
   4              		.eabi_attribute 28, 1
   5              		.eabi_attribute 20, 1
   6              		.eabi_attribute 21, 1
   7              		.eabi_attribute 23, 3
   8              		.eabi_attribute 24, 1
   9              		.eabi_attribute 25, 1
  10              		.eabi_attribute 26, 1
  11              		.eabi_attribute 30, 1
  12              		.eabi_attribute 34, 1
  13              		.eabi_attribute 18, 4
  14              		.file	"stm32h7xx_hal_exti.c"
  15              		.text
  16              	.Ltext0:
  17              		.cfi_sections	.debug_frame
  18              		.file 1 "Drivers/STM32H7xx_HAL_Driver/Src/stm32h7xx_hal_exti.c"
  19              		.section	.text.HAL_EXTI_SetConfigLine,"ax",%progbits
  20              		.align	1
  21              		.global	HAL_EXTI_SetConfigLine
  22              		.syntax unified
  23              		.thumb
  24              		.thumb_func
  26              	HAL_EXTI_SetConfigLine:
  27              	.LVL0:
  28              	.LFB144:
   1:Drivers/STM32H7xx_HAL_Driver/Src/stm32h7xx_hal_exti.c **** /**
   2:Drivers/STM32H7xx_HAL_Driver/Src/stm32h7xx_hal_exti.c ****   ******************************************************************************
   3:Drivers/STM32H7xx_HAL_Driver/Src/stm32h7xx_hal_exti.c ****   * @file    stm32h7xx_hal_exti.c
   4:Drivers/STM32H7xx_HAL_Driver/Src/stm32h7xx_hal_exti.c ****   * @author  MCD Application Team
   5:Drivers/STM32H7xx_HAL_Driver/Src/stm32h7xx_hal_exti.c ****   * @brief   EXTI HAL module driver.
   6:Drivers/STM32H7xx_HAL_Driver/Src/stm32h7xx_hal_exti.c ****   *          This file provides firmware functions to manage the following
   7:Drivers/STM32H7xx_HAL_Driver/Src/stm32h7xx_hal_exti.c ****   *          functionalities of the General Purpose Input/Output (EXTI) peripheral:
   8:Drivers/STM32H7xx_HAL_Driver/Src/stm32h7xx_hal_exti.c ****   *           + Initialization and de-initialization functions
   9:Drivers/STM32H7xx_HAL_Driver/Src/stm32h7xx_hal_exti.c ****   *           + IO operation functions
  10:Drivers/STM32H7xx_HAL_Driver/Src/stm32h7xx_hal_exti.c ****   *
  11:Drivers/STM32H7xx_HAL_Driver/Src/stm32h7xx_hal_exti.c ****   ******************************************************************************
  12:Drivers/STM32H7xx_HAL_Driver/Src/stm32h7xx_hal_exti.c ****   * @attention
  13:Drivers/STM32H7xx_HAL_Driver/Src/stm32h7xx_hal_exti.c ****   *
  14:Drivers/STM32H7xx_HAL_Driver/Src/stm32h7xx_hal_exti.c ****   * Copyright (c) 2017 STMicroelectronics.
  15:Drivers/STM32H7xx_HAL_Driver/Src/stm32h7xx_hal_exti.c ****   * All rights reserved.
  16:Drivers/STM32H7xx_HAL_Driver/Src/stm32h7xx_hal_exti.c ****   *
  17:Drivers/STM32H7xx_HAL_Driver/Src/stm32h7xx_hal_exti.c ****   * This software is licensed under terms that can be found in the LICENSE file
  18:Drivers/STM32H7xx_HAL_Driver/Src/stm32h7xx_hal_exti.c ****   * in the root directory of this software component.
  19:Drivers/STM32H7xx_HAL_Driver/Src/stm32h7xx_hal_exti.c ****   * If no LICENSE file comes with this software, it is provided AS-IS.
  20:Drivers/STM32H7xx_HAL_Driver/Src/stm32h7xx_hal_exti.c ****   *
  21:Drivers/STM32H7xx_HAL_Driver/Src/stm32h7xx_hal_exti.c ****   ******************************************************************************
  22:Drivers/STM32H7xx_HAL_Driver/Src/stm32h7xx_hal_exti.c ****   @verbatim
  23:Drivers/STM32H7xx_HAL_Driver/Src/stm32h7xx_hal_exti.c ****   ==============================================================================
  24:Drivers/STM32H7xx_HAL_Driver/Src/stm32h7xx_hal_exti.c ****                     ##### EXTI Peripheral features #####
  25:Drivers/STM32H7xx_HAL_Driver/Src/stm32h7xx_hal_exti.c ****   ==============================================================================
  26:Drivers/STM32H7xx_HAL_Driver/Src/stm32h7xx_hal_exti.c ****   [..]
  27:Drivers/STM32H7xx_HAL_Driver/Src/stm32h7xx_hal_exti.c ****     (+) Each Exti line can be configured within this driver.
  28:Drivers/STM32H7xx_HAL_Driver/Src/stm32h7xx_hal_exti.c **** 
  29:Drivers/STM32H7xx_HAL_Driver/Src/stm32h7xx_hal_exti.c ****     (+) Exti line can be configured in 3 different modes
  30:Drivers/STM32H7xx_HAL_Driver/Src/stm32h7xx_hal_exti.c ****         (++) Interrupt (CORE1 or CORE2 in case of dual core line )
ARM GAS  C:\Users\jason\AppData\Local\Temp\ccJN7av9.s 			page 2


  31:Drivers/STM32H7xx_HAL_Driver/Src/stm32h7xx_hal_exti.c ****         (++) Event (CORE1 or CORE2 in case of dual core line )
  32:Drivers/STM32H7xx_HAL_Driver/Src/stm32h7xx_hal_exti.c ****         (++) a combination of the previous
  33:Drivers/STM32H7xx_HAL_Driver/Src/stm32h7xx_hal_exti.c **** 
  34:Drivers/STM32H7xx_HAL_Driver/Src/stm32h7xx_hal_exti.c ****     (+) Configurable Exti lines can be configured with 3 different triggers
  35:Drivers/STM32H7xx_HAL_Driver/Src/stm32h7xx_hal_exti.c ****         (++) Rising
  36:Drivers/STM32H7xx_HAL_Driver/Src/stm32h7xx_hal_exti.c ****         (++) Falling
  37:Drivers/STM32H7xx_HAL_Driver/Src/stm32h7xx_hal_exti.c ****         (++) Both of them
  38:Drivers/STM32H7xx_HAL_Driver/Src/stm32h7xx_hal_exti.c **** 
  39:Drivers/STM32H7xx_HAL_Driver/Src/stm32h7xx_hal_exti.c ****     (+) When set in interrupt mode, configurable Exti lines have two diffenrents
  40:Drivers/STM32H7xx_HAL_Driver/Src/stm32h7xx_hal_exti.c ****         interrupt pending registers which allow to distinguish which transition
  41:Drivers/STM32H7xx_HAL_Driver/Src/stm32h7xx_hal_exti.c ****         occurs:
  42:Drivers/STM32H7xx_HAL_Driver/Src/stm32h7xx_hal_exti.c ****         (++) Rising edge pending interrupt
  43:Drivers/STM32H7xx_HAL_Driver/Src/stm32h7xx_hal_exti.c ****         (++) Falling
  44:Drivers/STM32H7xx_HAL_Driver/Src/stm32h7xx_hal_exti.c **** 
  45:Drivers/STM32H7xx_HAL_Driver/Src/stm32h7xx_hal_exti.c ****     (+) Exti lines 0 to 15 are linked to gpio pin number 0 to 15. Gpio port can
  46:Drivers/STM32H7xx_HAL_Driver/Src/stm32h7xx_hal_exti.c ****         be selected through multiplexer.
  47:Drivers/STM32H7xx_HAL_Driver/Src/stm32h7xx_hal_exti.c **** 
  48:Drivers/STM32H7xx_HAL_Driver/Src/stm32h7xx_hal_exti.c ****     (+) PendClearSource used to set the D3 Smart Run Domain autoamtic pend clear source.
  49:Drivers/STM32H7xx_HAL_Driver/Src/stm32h7xx_hal_exti.c ****         It is applicable for line with wkaeup target is Any (CPU1 , CPU2 and D3 smart run domain).
  50:Drivers/STM32H7xx_HAL_Driver/Src/stm32h7xx_hal_exti.c ****         Value can be one of the following:
  51:Drivers/STM32H7xx_HAL_Driver/Src/stm32h7xx_hal_exti.c ****         (++)  EXTI_D3_PENDCLR_SRC_NONE : no pend clear source is selected :
  52:Drivers/STM32H7xx_HAL_Driver/Src/stm32h7xx_hal_exti.c ****               In this case corresponding bit of D2PMRx register is set to 0
  53:Drivers/STM32H7xx_HAL_Driver/Src/stm32h7xx_hal_exti.c ****                 (+++) On a configurable Line : the D3 domain wakeup signal is
  54:Drivers/STM32H7xx_HAL_Driver/Src/stm32h7xx_hal_exti.c ****                       automatically cleared after after the Delay + Rising Edge detect
  55:Drivers/STM32H7xx_HAL_Driver/Src/stm32h7xx_hal_exti.c ****                 (+++) On a direct Line : the D3 domain wakeup signal is
  56:Drivers/STM32H7xx_HAL_Driver/Src/stm32h7xx_hal_exti.c ****                       cleared after the direct event input signal is cleared
  57:Drivers/STM32H7xx_HAL_Driver/Src/stm32h7xx_hal_exti.c **** 
  58:Drivers/STM32H7xx_HAL_Driver/Src/stm32h7xx_hal_exti.c ****         (++)  EXTI_D3_PENDCLR_SRC_DMACH6 : no pend clear source is selected :
  59:Drivers/STM32H7xx_HAL_Driver/Src/stm32h7xx_hal_exti.c ****               In this case corresponding bit of D2PMRx register is set to 1
  60:Drivers/STM32H7xx_HAL_Driver/Src/stm32h7xx_hal_exti.c ****               and corresponding bits(2) of D3PCRxL/H is set to b00 :
  61:Drivers/STM32H7xx_HAL_Driver/Src/stm32h7xx_hal_exti.c ****                 DMA ch6 event selected as D3 domain pendclear source
  62:Drivers/STM32H7xx_HAL_Driver/Src/stm32h7xx_hal_exti.c **** 
  63:Drivers/STM32H7xx_HAL_Driver/Src/stm32h7xx_hal_exti.c ****         (++)  EXTI_D3_PENDCLR_SRC_DMACH7 : no pend clear source is selected :
  64:Drivers/STM32H7xx_HAL_Driver/Src/stm32h7xx_hal_exti.c ****               In this case corresponding bit of D2PMRx register is set to 1
  65:Drivers/STM32H7xx_HAL_Driver/Src/stm32h7xx_hal_exti.c ****               and corresponding bits(2) of D3PCRxL/H is set to b01 :
  66:Drivers/STM32H7xx_HAL_Driver/Src/stm32h7xx_hal_exti.c ****                 DMA ch7 event selected as D3 domain pendclear source
  67:Drivers/STM32H7xx_HAL_Driver/Src/stm32h7xx_hal_exti.c **** 
  68:Drivers/STM32H7xx_HAL_Driver/Src/stm32h7xx_hal_exti.c ****         (++)  EXTI_D3_PENDCLR_SRC_LPTIM4 : no pend clear source is selected :
  69:Drivers/STM32H7xx_HAL_Driver/Src/stm32h7xx_hal_exti.c ****               In this case corresponding bit of D2PMRx register is set to 1
  70:Drivers/STM32H7xx_HAL_Driver/Src/stm32h7xx_hal_exti.c ****               and corresponding bits(2) of D3PCRxL/H is set to b10 :
  71:Drivers/STM32H7xx_HAL_Driver/Src/stm32h7xx_hal_exti.c ****                 LPTIM4 out selected as D3 domain pendclear source
  72:Drivers/STM32H7xx_HAL_Driver/Src/stm32h7xx_hal_exti.c **** 
  73:Drivers/STM32H7xx_HAL_Driver/Src/stm32h7xx_hal_exti.c ****         (++)  EXTI_D3_PENDCLR_SRC_LPTIM5 : no pend clear source is selected :
  74:Drivers/STM32H7xx_HAL_Driver/Src/stm32h7xx_hal_exti.c ****               In this case corresponding bit of D2PMRx register is set to 1
  75:Drivers/STM32H7xx_HAL_Driver/Src/stm32h7xx_hal_exti.c ****               and corresponding bits(2) of D3PCRxL/H is set to b11 :
  76:Drivers/STM32H7xx_HAL_Driver/Src/stm32h7xx_hal_exti.c ****                 LPTIM5 out selected as D3 domain pendclear source
  77:Drivers/STM32H7xx_HAL_Driver/Src/stm32h7xx_hal_exti.c **** 
  78:Drivers/STM32H7xx_HAL_Driver/Src/stm32h7xx_hal_exti.c **** 
  79:Drivers/STM32H7xx_HAL_Driver/Src/stm32h7xx_hal_exti.c ****                      ##### How to use this driver #####
  80:Drivers/STM32H7xx_HAL_Driver/Src/stm32h7xx_hal_exti.c ****   ==============================================================================
  81:Drivers/STM32H7xx_HAL_Driver/Src/stm32h7xx_hal_exti.c ****   [..]
  82:Drivers/STM32H7xx_HAL_Driver/Src/stm32h7xx_hal_exti.c **** 
  83:Drivers/STM32H7xx_HAL_Driver/Src/stm32h7xx_hal_exti.c ****     (#) Configure the EXTI line using HAL_EXTI_SetConfigLine().
  84:Drivers/STM32H7xx_HAL_Driver/Src/stm32h7xx_hal_exti.c ****         (++) Choose the interrupt line number by setting "Line" member from
  85:Drivers/STM32H7xx_HAL_Driver/Src/stm32h7xx_hal_exti.c ****              EXTI_ConfigTypeDef structure.
  86:Drivers/STM32H7xx_HAL_Driver/Src/stm32h7xx_hal_exti.c ****         (++) Configure the interrupt and/or event mode using "Mode" member from
  87:Drivers/STM32H7xx_HAL_Driver/Src/stm32h7xx_hal_exti.c ****              EXTI_ConfigTypeDef structure.
ARM GAS  C:\Users\jason\AppData\Local\Temp\ccJN7av9.s 			page 3


  88:Drivers/STM32H7xx_HAL_Driver/Src/stm32h7xx_hal_exti.c ****         (++) For configurable lines, configure rising and/or falling trigger
  89:Drivers/STM32H7xx_HAL_Driver/Src/stm32h7xx_hal_exti.c ****              "Trigger" member from EXTI_ConfigTypeDef structure.
  90:Drivers/STM32H7xx_HAL_Driver/Src/stm32h7xx_hal_exti.c ****         (++) For Exti lines linked to gpio, choose gpio port using "GPIOSel"
  91:Drivers/STM32H7xx_HAL_Driver/Src/stm32h7xx_hal_exti.c ****              member from GPIO_InitTypeDef structure.
  92:Drivers/STM32H7xx_HAL_Driver/Src/stm32h7xx_hal_exti.c ****         (++) For Exti lines with wkaeup target is Any (CPU1 , CPU2 and D3 smart run domain),
  93:Drivers/STM32H7xx_HAL_Driver/Src/stm32h7xx_hal_exti.c ****              choose gpio D3 PendClearSource using PendClearSource
  94:Drivers/STM32H7xx_HAL_Driver/Src/stm32h7xx_hal_exti.c ****              member from EXTI_PendClear_Source structure.
  95:Drivers/STM32H7xx_HAL_Driver/Src/stm32h7xx_hal_exti.c **** 
  96:Drivers/STM32H7xx_HAL_Driver/Src/stm32h7xx_hal_exti.c ****     (#) Get current Exti configuration of a dedicated line using
  97:Drivers/STM32H7xx_HAL_Driver/Src/stm32h7xx_hal_exti.c ****         HAL_EXTI_GetConfigLine().
  98:Drivers/STM32H7xx_HAL_Driver/Src/stm32h7xx_hal_exti.c ****         (++) Provide exiting handle as parameter.
  99:Drivers/STM32H7xx_HAL_Driver/Src/stm32h7xx_hal_exti.c ****         (++) Provide pointer on EXTI_ConfigTypeDef structure as second parameter.
 100:Drivers/STM32H7xx_HAL_Driver/Src/stm32h7xx_hal_exti.c **** 
 101:Drivers/STM32H7xx_HAL_Driver/Src/stm32h7xx_hal_exti.c ****     (#) Clear Exti configuration of a dedicated line using HAL_EXTI_ClearConfigLine().
 102:Drivers/STM32H7xx_HAL_Driver/Src/stm32h7xx_hal_exti.c ****         (++) Provide exiting handle as parameter.
 103:Drivers/STM32H7xx_HAL_Driver/Src/stm32h7xx_hal_exti.c **** 
 104:Drivers/STM32H7xx_HAL_Driver/Src/stm32h7xx_hal_exti.c ****     (#) Register callback to treat Exti interrupts using HAL_EXTI_RegisterCallback().
 105:Drivers/STM32H7xx_HAL_Driver/Src/stm32h7xx_hal_exti.c ****         (++) Provide exiting handle as first parameter.
 106:Drivers/STM32H7xx_HAL_Driver/Src/stm32h7xx_hal_exti.c ****         (++) Provide which callback will be registered using one value from
 107:Drivers/STM32H7xx_HAL_Driver/Src/stm32h7xx_hal_exti.c ****              EXTI_CallbackIDTypeDef.
 108:Drivers/STM32H7xx_HAL_Driver/Src/stm32h7xx_hal_exti.c ****         (++) Provide callback function pointer.
 109:Drivers/STM32H7xx_HAL_Driver/Src/stm32h7xx_hal_exti.c **** 
 110:Drivers/STM32H7xx_HAL_Driver/Src/stm32h7xx_hal_exti.c ****     (#) Get interrupt pending bit using HAL_EXTI_GetPending().
 111:Drivers/STM32H7xx_HAL_Driver/Src/stm32h7xx_hal_exti.c **** 
 112:Drivers/STM32H7xx_HAL_Driver/Src/stm32h7xx_hal_exti.c ****     (#) Clear interrupt pending bit using HAL_EXTI_ClearPending().
 113:Drivers/STM32H7xx_HAL_Driver/Src/stm32h7xx_hal_exti.c **** 
 114:Drivers/STM32H7xx_HAL_Driver/Src/stm32h7xx_hal_exti.c ****     (#) Generate software interrupt using HAL_EXTI_GenerateSWI().
 115:Drivers/STM32H7xx_HAL_Driver/Src/stm32h7xx_hal_exti.c **** 
 116:Drivers/STM32H7xx_HAL_Driver/Src/stm32h7xx_hal_exti.c ****   @endverbatim
 117:Drivers/STM32H7xx_HAL_Driver/Src/stm32h7xx_hal_exti.c ****   */
 118:Drivers/STM32H7xx_HAL_Driver/Src/stm32h7xx_hal_exti.c **** 
 119:Drivers/STM32H7xx_HAL_Driver/Src/stm32h7xx_hal_exti.c **** /* Includes ------------------------------------------------------------------*/
 120:Drivers/STM32H7xx_HAL_Driver/Src/stm32h7xx_hal_exti.c **** #include "stm32h7xx_hal.h"
 121:Drivers/STM32H7xx_HAL_Driver/Src/stm32h7xx_hal_exti.c **** 
 122:Drivers/STM32H7xx_HAL_Driver/Src/stm32h7xx_hal_exti.c **** /** @addtogroup STM32H7xx_HAL_Driver
 123:Drivers/STM32H7xx_HAL_Driver/Src/stm32h7xx_hal_exti.c ****   * @{
 124:Drivers/STM32H7xx_HAL_Driver/Src/stm32h7xx_hal_exti.c ****   */
 125:Drivers/STM32H7xx_HAL_Driver/Src/stm32h7xx_hal_exti.c **** 
 126:Drivers/STM32H7xx_HAL_Driver/Src/stm32h7xx_hal_exti.c **** /** @addtogroup EXTI
 127:Drivers/STM32H7xx_HAL_Driver/Src/stm32h7xx_hal_exti.c ****   * @{
 128:Drivers/STM32H7xx_HAL_Driver/Src/stm32h7xx_hal_exti.c ****   */
 129:Drivers/STM32H7xx_HAL_Driver/Src/stm32h7xx_hal_exti.c **** 
 130:Drivers/STM32H7xx_HAL_Driver/Src/stm32h7xx_hal_exti.c **** #ifdef HAL_EXTI_MODULE_ENABLED
 131:Drivers/STM32H7xx_HAL_Driver/Src/stm32h7xx_hal_exti.c **** 
 132:Drivers/STM32H7xx_HAL_Driver/Src/stm32h7xx_hal_exti.c **** /* Private typedef -----------------------------------------------------------*/
 133:Drivers/STM32H7xx_HAL_Driver/Src/stm32h7xx_hal_exti.c **** /* Private defines ------------------------------------------------------------*/
 134:Drivers/STM32H7xx_HAL_Driver/Src/stm32h7xx_hal_exti.c **** /** @defgroup EXTI_Private_Constants EXTI Private Constants
 135:Drivers/STM32H7xx_HAL_Driver/Src/stm32h7xx_hal_exti.c ****   * @{
 136:Drivers/STM32H7xx_HAL_Driver/Src/stm32h7xx_hal_exti.c ****   */
 137:Drivers/STM32H7xx_HAL_Driver/Src/stm32h7xx_hal_exti.c **** #define EXTI_MODE_OFFSET                    0x04U   /* 0x10: offset between CPU IMR/EMR registers *
 138:Drivers/STM32H7xx_HAL_Driver/Src/stm32h7xx_hal_exti.c **** #define EXTI_CONFIG_OFFSET                  0x08U   /* 0x20: offset between CPU Rising/Falling conf
 139:Drivers/STM32H7xx_HAL_Driver/Src/stm32h7xx_hal_exti.c **** /**
 140:Drivers/STM32H7xx_HAL_Driver/Src/stm32h7xx_hal_exti.c ****   * @}
 141:Drivers/STM32H7xx_HAL_Driver/Src/stm32h7xx_hal_exti.c ****   */
 142:Drivers/STM32H7xx_HAL_Driver/Src/stm32h7xx_hal_exti.c **** 
 143:Drivers/STM32H7xx_HAL_Driver/Src/stm32h7xx_hal_exti.c **** /* Private macros ------------------------------------------------------------*/
 144:Drivers/STM32H7xx_HAL_Driver/Src/stm32h7xx_hal_exti.c **** /* Private variables ---------------------------------------------------------*/
ARM GAS  C:\Users\jason\AppData\Local\Temp\ccJN7av9.s 			page 4


 145:Drivers/STM32H7xx_HAL_Driver/Src/stm32h7xx_hal_exti.c **** /* Private function prototypes -----------------------------------------------*/
 146:Drivers/STM32H7xx_HAL_Driver/Src/stm32h7xx_hal_exti.c **** /* Exported functions --------------------------------------------------------*/
 147:Drivers/STM32H7xx_HAL_Driver/Src/stm32h7xx_hal_exti.c **** 
 148:Drivers/STM32H7xx_HAL_Driver/Src/stm32h7xx_hal_exti.c **** /** @addtogroup EXTI_Exported_Functions
 149:Drivers/STM32H7xx_HAL_Driver/Src/stm32h7xx_hal_exti.c ****   * @{
 150:Drivers/STM32H7xx_HAL_Driver/Src/stm32h7xx_hal_exti.c ****   */
 151:Drivers/STM32H7xx_HAL_Driver/Src/stm32h7xx_hal_exti.c **** 
 152:Drivers/STM32H7xx_HAL_Driver/Src/stm32h7xx_hal_exti.c **** /** @addtogroup EXTI_Exported_Functions_Group1
 153:Drivers/STM32H7xx_HAL_Driver/Src/stm32h7xx_hal_exti.c ****  *  @brief    Configuration functions
 154:Drivers/STM32H7xx_HAL_Driver/Src/stm32h7xx_hal_exti.c ****  *
 155:Drivers/STM32H7xx_HAL_Driver/Src/stm32h7xx_hal_exti.c **** @verbatim
 156:Drivers/STM32H7xx_HAL_Driver/Src/stm32h7xx_hal_exti.c ****  ===============================================================================
 157:Drivers/STM32H7xx_HAL_Driver/Src/stm32h7xx_hal_exti.c ****               ##### Configuration functions #####
 158:Drivers/STM32H7xx_HAL_Driver/Src/stm32h7xx_hal_exti.c ****  ===============================================================================
 159:Drivers/STM32H7xx_HAL_Driver/Src/stm32h7xx_hal_exti.c **** 
 160:Drivers/STM32H7xx_HAL_Driver/Src/stm32h7xx_hal_exti.c **** @endverbatim
 161:Drivers/STM32H7xx_HAL_Driver/Src/stm32h7xx_hal_exti.c ****   * @{
 162:Drivers/STM32H7xx_HAL_Driver/Src/stm32h7xx_hal_exti.c ****   */
 163:Drivers/STM32H7xx_HAL_Driver/Src/stm32h7xx_hal_exti.c **** 
 164:Drivers/STM32H7xx_HAL_Driver/Src/stm32h7xx_hal_exti.c **** /**
 165:Drivers/STM32H7xx_HAL_Driver/Src/stm32h7xx_hal_exti.c ****   * @brief  Set configuration of a dedicated Exti line.
 166:Drivers/STM32H7xx_HAL_Driver/Src/stm32h7xx_hal_exti.c ****   * @param  hexti Exti handle.
 167:Drivers/STM32H7xx_HAL_Driver/Src/stm32h7xx_hal_exti.c ****   * @param  pExtiConfig Pointer on EXTI configuration to be set.
 168:Drivers/STM32H7xx_HAL_Driver/Src/stm32h7xx_hal_exti.c ****   * @retval HAL Status.
 169:Drivers/STM32H7xx_HAL_Driver/Src/stm32h7xx_hal_exti.c ****   */
 170:Drivers/STM32H7xx_HAL_Driver/Src/stm32h7xx_hal_exti.c **** HAL_StatusTypeDef HAL_EXTI_SetConfigLine(EXTI_HandleTypeDef *hexti, EXTI_ConfigTypeDef *pExtiConfig
 171:Drivers/STM32H7xx_HAL_Driver/Src/stm32h7xx_hal_exti.c **** {
  29              		.loc 1 171 1 view -0
  30              		.cfi_startproc
  31              		@ args = 0, pretend = 0, frame = 0
  32              		@ frame_needed = 0, uses_anonymous_args = 0
 172:Drivers/STM32H7xx_HAL_Driver/Src/stm32h7xx_hal_exti.c ****   __IO uint32_t *regaddr;
  33              		.loc 1 172 3 view .LVU1
 173:Drivers/STM32H7xx_HAL_Driver/Src/stm32h7xx_hal_exti.c ****   uint32_t regval;
  34              		.loc 1 173 3 view .LVU2
 174:Drivers/STM32H7xx_HAL_Driver/Src/stm32h7xx_hal_exti.c ****   uint32_t linepos;
  35              		.loc 1 174 3 view .LVU3
 175:Drivers/STM32H7xx_HAL_Driver/Src/stm32h7xx_hal_exti.c ****   uint32_t maskline;
  36              		.loc 1 175 3 view .LVU4
 176:Drivers/STM32H7xx_HAL_Driver/Src/stm32h7xx_hal_exti.c ****   uint32_t offset;
  37              		.loc 1 176 3 view .LVU5
 177:Drivers/STM32H7xx_HAL_Driver/Src/stm32h7xx_hal_exti.c ****   uint32_t pcrlinepos;
  38              		.loc 1 177 3 view .LVU6
 178:Drivers/STM32H7xx_HAL_Driver/Src/stm32h7xx_hal_exti.c **** 
 179:Drivers/STM32H7xx_HAL_Driver/Src/stm32h7xx_hal_exti.c ****   /* Check null pointer */
 180:Drivers/STM32H7xx_HAL_Driver/Src/stm32h7xx_hal_exti.c ****   if ((hexti == NULL) || (pExtiConfig == NULL))
  39              		.loc 1 180 3 view .LVU7
  40              		.loc 1 180 6 is_stmt 0 view .LVU8
  41 0000 0029     		cmp	r1, #0
  42 0002 18BF     		it	ne
  43 0004 0028     		cmpne	r0, #0
  44 0006 00F0A280 		beq	.L15
 171:Drivers/STM32H7xx_HAL_Driver/Src/stm32h7xx_hal_exti.c ****   __IO uint32_t *regaddr;
  45              		.loc 1 171 1 view .LVU9
  46 000a F0B5     		push	{r4, r5, r6, r7, lr}
  47              		.cfi_def_cfa_offset 20
  48              		.cfi_offset 4, -20
ARM GAS  C:\Users\jason\AppData\Local\Temp\ccJN7av9.s 			page 5


  49              		.cfi_offset 5, -16
  50              		.cfi_offset 6, -12
  51              		.cfi_offset 7, -8
  52              		.cfi_offset 14, -4
  53 000c 0A46     		mov	r2, r1
 181:Drivers/STM32H7xx_HAL_Driver/Src/stm32h7xx_hal_exti.c ****   {
 182:Drivers/STM32H7xx_HAL_Driver/Src/stm32h7xx_hal_exti.c ****     return HAL_ERROR;
 183:Drivers/STM32H7xx_HAL_Driver/Src/stm32h7xx_hal_exti.c ****   }
 184:Drivers/STM32H7xx_HAL_Driver/Src/stm32h7xx_hal_exti.c **** 
 185:Drivers/STM32H7xx_HAL_Driver/Src/stm32h7xx_hal_exti.c ****   /* Check the parameters */
 186:Drivers/STM32H7xx_HAL_Driver/Src/stm32h7xx_hal_exti.c ****   assert_param(IS_EXTI_LINE(pExtiConfig->Line));
  54              		.loc 1 186 3 is_stmt 1 view .LVU10
 187:Drivers/STM32H7xx_HAL_Driver/Src/stm32h7xx_hal_exti.c ****   assert_param(IS_EXTI_MODE(pExtiConfig->Mode));
  55              		.loc 1 187 3 view .LVU11
 188:Drivers/STM32H7xx_HAL_Driver/Src/stm32h7xx_hal_exti.c **** 
 189:Drivers/STM32H7xx_HAL_Driver/Src/stm32h7xx_hal_exti.c ****   /* Assign line number to handle */
 190:Drivers/STM32H7xx_HAL_Driver/Src/stm32h7xx_hal_exti.c ****   hexti->Line = pExtiConfig->Line;
  56              		.loc 1 190 3 view .LVU12
  57              		.loc 1 190 28 is_stmt 0 view .LVU13
  58 000e 0968     		ldr	r1, [r1]
  59              	.LVL1:
  60              		.loc 1 190 15 view .LVU14
  61 0010 0160     		str	r1, [r0]
 191:Drivers/STM32H7xx_HAL_Driver/Src/stm32h7xx_hal_exti.c **** 
 192:Drivers/STM32H7xx_HAL_Driver/Src/stm32h7xx_hal_exti.c ****   /* compute line register offset and line mask */
 193:Drivers/STM32H7xx_HAL_Driver/Src/stm32h7xx_hal_exti.c ****   offset = ((pExtiConfig->Line & EXTI_REG_MASK) >> EXTI_REG_SHIFT);
  62              		.loc 1 193 3 is_stmt 1 view .LVU15
  63              		.loc 1 193 10 is_stmt 0 view .LVU16
  64 0012 C1F3014C 		ubfx	ip, r1, #16, #2
  65              	.LVL2:
 194:Drivers/STM32H7xx_HAL_Driver/Src/stm32h7xx_hal_exti.c ****   linepos = (pExtiConfig->Line & EXTI_PIN_MASK);
  66              		.loc 1 194 3 is_stmt 1 view .LVU17
  67              		.loc 1 194 11 is_stmt 0 view .LVU18
  68 0016 01F01F03 		and	r3, r1, #31
  69 001a 1846     		mov	r0, r3
  70              	.LVL3:
  71              		.loc 1 194 11 view .LVU19
  72 001c 1F46     		mov	r7, r3
  73              	.LVL4:
 195:Drivers/STM32H7xx_HAL_Driver/Src/stm32h7xx_hal_exti.c ****   maskline = (1UL << linepos);
  74              		.loc 1 195 3 is_stmt 1 view .LVU20
  75              		.loc 1 195 12 is_stmt 0 view .LVU21
  76 001e 0123     		movs	r3, #1
  77 0020 8340     		lsls	r3, r3, r0
  78              	.LVL5:
 196:Drivers/STM32H7xx_HAL_Driver/Src/stm32h7xx_hal_exti.c **** 
 197:Drivers/STM32H7xx_HAL_Driver/Src/stm32h7xx_hal_exti.c ****   /* Configure triggers for configurable lines */
 198:Drivers/STM32H7xx_HAL_Driver/Src/stm32h7xx_hal_exti.c ****   if ((pExtiConfig->Line & EXTI_CONFIG) != 0x00U)
  79              		.loc 1 198 3 is_stmt 1 view .LVU22
  80              		.loc 1 198 6 is_stmt 0 view .LVU23
  81 0022 11F0007F 		tst	r1, #33554432
  82 0026 20D0     		beq	.L3
 199:Drivers/STM32H7xx_HAL_Driver/Src/stm32h7xx_hal_exti.c ****   {
 200:Drivers/STM32H7xx_HAL_Driver/Src/stm32h7xx_hal_exti.c ****     assert_param(IS_EXTI_TRIGGER(pExtiConfig->Trigger));
  83              		.loc 1 200 5 is_stmt 1 view .LVU24
 201:Drivers/STM32H7xx_HAL_Driver/Src/stm32h7xx_hal_exti.c **** 
 202:Drivers/STM32H7xx_HAL_Driver/Src/stm32h7xx_hal_exti.c ****     /* Configure rising trigger */
ARM GAS  C:\Users\jason\AppData\Local\Temp\ccJN7av9.s 			page 6


 203:Drivers/STM32H7xx_HAL_Driver/Src/stm32h7xx_hal_exti.c ****     regaddr = (__IO uint32_t *)(&EXTI->RTSR1 + (EXTI_CONFIG_OFFSET * offset));
  84              		.loc 1 203 5 view .LVU25
  85              		.loc 1 203 15 is_stmt 0 view .LVU26
  86 0028 4FEA4C10 		lsl	r0, ip, #5
  87              	.LVL6:
  88              		.loc 1 203 13 view .LVU27
  89 002c 00F1B044 		add	r4, r0, #1476395008
  90 0030 2546     		mov	r5, r4
  91              	.LVL7:
 204:Drivers/STM32H7xx_HAL_Driver/Src/stm32h7xx_hal_exti.c ****     regval = *regaddr;
  92              		.loc 1 204 5 is_stmt 1 view .LVU28
  93              		.loc 1 204 12 is_stmt 0 view .LVU29
  94 0032 D4F800E0 		ldr	lr, [r4]
  95              	.LVL8:
 205:Drivers/STM32H7xx_HAL_Driver/Src/stm32h7xx_hal_exti.c **** 
 206:Drivers/STM32H7xx_HAL_Driver/Src/stm32h7xx_hal_exti.c ****     /* Mask or set line */
 207:Drivers/STM32H7xx_HAL_Driver/Src/stm32h7xx_hal_exti.c ****     if ((pExtiConfig->Trigger & EXTI_TRIGGER_RISING) != 0x00U)
  96              		.loc 1 207 5 is_stmt 1 view .LVU30
  97              		.loc 1 207 8 is_stmt 0 view .LVU31
  98 0036 9468     		ldr	r4, [r2, #8]
  99              	.LVL9:
 100              		.loc 1 207 8 view .LVU32
 101 0038 14F0010F 		tst	r4, #1
 102 003c 37D0     		beq	.L4
 208:Drivers/STM32H7xx_HAL_Driver/Src/stm32h7xx_hal_exti.c ****     {
 209:Drivers/STM32H7xx_HAL_Driver/Src/stm32h7xx_hal_exti.c ****       regval |= maskline;
 103              		.loc 1 209 7 is_stmt 1 view .LVU33
 104              		.loc 1 209 14 is_stmt 0 view .LVU34
 105 003e 43EA0E0E 		orr	lr, r3, lr
 106              	.LVL10:
 107              	.L5:
 210:Drivers/STM32H7xx_HAL_Driver/Src/stm32h7xx_hal_exti.c ****     }
 211:Drivers/STM32H7xx_HAL_Driver/Src/stm32h7xx_hal_exti.c ****     else
 212:Drivers/STM32H7xx_HAL_Driver/Src/stm32h7xx_hal_exti.c ****     {
 213:Drivers/STM32H7xx_HAL_Driver/Src/stm32h7xx_hal_exti.c ****       regval &= ~maskline;
 214:Drivers/STM32H7xx_HAL_Driver/Src/stm32h7xx_hal_exti.c ****     }
 215:Drivers/STM32H7xx_HAL_Driver/Src/stm32h7xx_hal_exti.c **** 
 216:Drivers/STM32H7xx_HAL_Driver/Src/stm32h7xx_hal_exti.c ****     /* Store rising trigger mode */
 217:Drivers/STM32H7xx_HAL_Driver/Src/stm32h7xx_hal_exti.c ****     *regaddr = regval;
 108              		.loc 1 217 5 is_stmt 1 view .LVU35
 109              		.loc 1 217 14 is_stmt 0 view .LVU36
 110 0042 C5F800E0 		str	lr, [r5]
 218:Drivers/STM32H7xx_HAL_Driver/Src/stm32h7xx_hal_exti.c **** 
 219:Drivers/STM32H7xx_HAL_Driver/Src/stm32h7xx_hal_exti.c ****     /* Configure falling trigger */
 220:Drivers/STM32H7xx_HAL_Driver/Src/stm32h7xx_hal_exti.c ****     regaddr = (__IO uint32_t *)(&EXTI->FTSR1 + (EXTI_CONFIG_OFFSET * offset));
 111              		.loc 1 220 5 is_stmt 1 view .LVU37
 112              	.LVL11:
 221:Drivers/STM32H7xx_HAL_Driver/Src/stm32h7xx_hal_exti.c ****     regval = *regaddr;
 113              		.loc 1 221 5 view .LVU38
 114              		.loc 1 221 12 is_stmt 0 view .LVU39
 115 0046 434C     		ldr	r4, .L23
 116 0048 50F804E0 		ldr	lr, [r0, r4]
 117              	.LVL12:
 222:Drivers/STM32H7xx_HAL_Driver/Src/stm32h7xx_hal_exti.c **** 
 223:Drivers/STM32H7xx_HAL_Driver/Src/stm32h7xx_hal_exti.c ****     /* Mask or set line */
 224:Drivers/STM32H7xx_HAL_Driver/Src/stm32h7xx_hal_exti.c ****     if ((pExtiConfig->Trigger & EXTI_TRIGGER_FALLING) != 0x00U)
 118              		.loc 1 224 5 is_stmt 1 view .LVU40
ARM GAS  C:\Users\jason\AppData\Local\Temp\ccJN7av9.s 			page 7


 119              		.loc 1 224 8 is_stmt 0 view .LVU41
 120 004c 9468     		ldr	r4, [r2, #8]
 121 004e 14F0020F 		tst	r4, #2
 122 0052 2FD0     		beq	.L6
 225:Drivers/STM32H7xx_HAL_Driver/Src/stm32h7xx_hal_exti.c ****     {
 226:Drivers/STM32H7xx_HAL_Driver/Src/stm32h7xx_hal_exti.c ****       regval |= maskline;
 123              		.loc 1 226 7 is_stmt 1 view .LVU42
 124              		.loc 1 226 14 is_stmt 0 view .LVU43
 125 0054 43EA0E0E 		orr	lr, r3, lr
 126              	.LVL13:
 127              	.L7:
 227:Drivers/STM32H7xx_HAL_Driver/Src/stm32h7xx_hal_exti.c ****     }
 228:Drivers/STM32H7xx_HAL_Driver/Src/stm32h7xx_hal_exti.c ****     else
 229:Drivers/STM32H7xx_HAL_Driver/Src/stm32h7xx_hal_exti.c ****     {
 230:Drivers/STM32H7xx_HAL_Driver/Src/stm32h7xx_hal_exti.c ****       regval &= ~maskline;
 231:Drivers/STM32H7xx_HAL_Driver/Src/stm32h7xx_hal_exti.c ****     }
 232:Drivers/STM32H7xx_HAL_Driver/Src/stm32h7xx_hal_exti.c **** 
 233:Drivers/STM32H7xx_HAL_Driver/Src/stm32h7xx_hal_exti.c ****     /* Store falling trigger mode */
 234:Drivers/STM32H7xx_HAL_Driver/Src/stm32h7xx_hal_exti.c ****     *regaddr = regval;
 128              		.loc 1 234 5 is_stmt 1 view .LVU44
 129              		.loc 1 234 14 is_stmt 0 view .LVU45
 130 0058 3E4C     		ldr	r4, .L23
 131 005a 40F804E0 		str	lr, [r0, r4]
 235:Drivers/STM32H7xx_HAL_Driver/Src/stm32h7xx_hal_exti.c **** 
 236:Drivers/STM32H7xx_HAL_Driver/Src/stm32h7xx_hal_exti.c ****     /* Configure gpio port selection in case of gpio exti line */
 237:Drivers/STM32H7xx_HAL_Driver/Src/stm32h7xx_hal_exti.c ****     if ((pExtiConfig->Line & EXTI_GPIO) == EXTI_GPIO)
 132              		.loc 1 237 5 is_stmt 1 view .LVU46
 133              		.loc 1 237 21 is_stmt 0 view .LVU47
 134 005e 1068     		ldr	r0, [r2]
 135              	.LVL14:
 136              		.loc 1 237 28 view .LVU48
 137 0060 00F0C060 		and	r0, r0, #100663296
 138              		.loc 1 237 8 view .LVU49
 139 0064 B0F1C06F 		cmp	r0, #100663296
 140 0068 27D0     		beq	.L21
 141              	.LVL15:
 142              	.L3:
 238:Drivers/STM32H7xx_HAL_Driver/Src/stm32h7xx_hal_exti.c ****     {
 239:Drivers/STM32H7xx_HAL_Driver/Src/stm32h7xx_hal_exti.c ****       assert_param(IS_EXTI_GPIO_PORT(pExtiConfig->GPIOSel));
 240:Drivers/STM32H7xx_HAL_Driver/Src/stm32h7xx_hal_exti.c ****       assert_param(IS_EXTI_GPIO_PIN(linepos));
 241:Drivers/STM32H7xx_HAL_Driver/Src/stm32h7xx_hal_exti.c **** 
 242:Drivers/STM32H7xx_HAL_Driver/Src/stm32h7xx_hal_exti.c ****       regval = SYSCFG->EXTICR[(linepos >> 2U) & 0x03UL];
 243:Drivers/STM32H7xx_HAL_Driver/Src/stm32h7xx_hal_exti.c ****       regval &= ~(SYSCFG_EXTICR1_EXTI0 << (SYSCFG_EXTICR1_EXTI1_Pos * (linepos & 0x03U)));
 244:Drivers/STM32H7xx_HAL_Driver/Src/stm32h7xx_hal_exti.c ****       regval |= (pExtiConfig->GPIOSel << (SYSCFG_EXTICR1_EXTI1_Pos * (linepos & 0x03U)));
 245:Drivers/STM32H7xx_HAL_Driver/Src/stm32h7xx_hal_exti.c ****       SYSCFG->EXTICR[(linepos >> 2U) & 0x03UL] = regval;
 246:Drivers/STM32H7xx_HAL_Driver/Src/stm32h7xx_hal_exti.c ****     }
 247:Drivers/STM32H7xx_HAL_Driver/Src/stm32h7xx_hal_exti.c ****   }
 248:Drivers/STM32H7xx_HAL_Driver/Src/stm32h7xx_hal_exti.c **** 
 249:Drivers/STM32H7xx_HAL_Driver/Src/stm32h7xx_hal_exti.c ****   /* Configure interrupt mode : read current mode */
 250:Drivers/STM32H7xx_HAL_Driver/Src/stm32h7xx_hal_exti.c ****   regaddr = (__IO uint32_t *)(&EXTI->IMR1 + (EXTI_MODE_OFFSET * offset));
 143              		.loc 1 250 3 is_stmt 1 view .LVU50
 144              		.loc 1 250 13 is_stmt 0 view .LVU51
 145 006a 4FEA0C10 		lsl	r0, ip, #4
 146              	.LVL16:
 251:Drivers/STM32H7xx_HAL_Driver/Src/stm32h7xx_hal_exti.c ****   regval = *regaddr;
 147              		.loc 1 251 3 is_stmt 1 view .LVU52
 148              		.loc 1 251 10 is_stmt 0 view .LVU53
ARM GAS  C:\Users\jason\AppData\Local\Temp\ccJN7av9.s 			page 8


 149 006e 3A4C     		ldr	r4, .L23+4
 150 0070 50F804E0 		ldr	lr, [r0, r4]
 151              	.LVL17:
 252:Drivers/STM32H7xx_HAL_Driver/Src/stm32h7xx_hal_exti.c **** 
 253:Drivers/STM32H7xx_HAL_Driver/Src/stm32h7xx_hal_exti.c ****   /* Mask or set line */
 254:Drivers/STM32H7xx_HAL_Driver/Src/stm32h7xx_hal_exti.c ****   if ((pExtiConfig->Mode & EXTI_MODE_INTERRUPT) != 0x00U)
 152              		.loc 1 254 3 is_stmt 1 view .LVU54
 153              		.loc 1 254 6 is_stmt 0 view .LVU55
 154 0074 5468     		ldr	r4, [r2, #4]
 155 0076 14F0010F 		tst	r4, #1
 156 007a 36D0     		beq	.L8
 255:Drivers/STM32H7xx_HAL_Driver/Src/stm32h7xx_hal_exti.c ****   {
 256:Drivers/STM32H7xx_HAL_Driver/Src/stm32h7xx_hal_exti.c ****     regval |= maskline;
 157              		.loc 1 256 5 is_stmt 1 view .LVU56
 158              		.loc 1 256 12 is_stmt 0 view .LVU57
 159 007c 43EA0E0E 		orr	lr, r3, lr
 160              	.LVL18:
 161              	.L9:
 257:Drivers/STM32H7xx_HAL_Driver/Src/stm32h7xx_hal_exti.c ****   }
 258:Drivers/STM32H7xx_HAL_Driver/Src/stm32h7xx_hal_exti.c ****   else
 259:Drivers/STM32H7xx_HAL_Driver/Src/stm32h7xx_hal_exti.c ****   {
 260:Drivers/STM32H7xx_HAL_Driver/Src/stm32h7xx_hal_exti.c ****     regval &= ~maskline;
 261:Drivers/STM32H7xx_HAL_Driver/Src/stm32h7xx_hal_exti.c ****   }
 262:Drivers/STM32H7xx_HAL_Driver/Src/stm32h7xx_hal_exti.c **** 
 263:Drivers/STM32H7xx_HAL_Driver/Src/stm32h7xx_hal_exti.c ****   /* Store interrupt mode */
 264:Drivers/STM32H7xx_HAL_Driver/Src/stm32h7xx_hal_exti.c ****   *regaddr = regval;
 162              		.loc 1 264 3 is_stmt 1 view .LVU58
 163              		.loc 1 264 12 is_stmt 0 view .LVU59
 164 0080 354C     		ldr	r4, .L23+4
 165 0082 40F804E0 		str	lr, [r0, r4]
 265:Drivers/STM32H7xx_HAL_Driver/Src/stm32h7xx_hal_exti.c **** 
 266:Drivers/STM32H7xx_HAL_Driver/Src/stm32h7xx_hal_exti.c ****   /* The event mode cannot be configured if the line does not support it */
 267:Drivers/STM32H7xx_HAL_Driver/Src/stm32h7xx_hal_exti.c ****   assert_param(((pExtiConfig->Line & EXTI_EVENT) == EXTI_EVENT) || ((pExtiConfig->Mode & EXTI_MODE_
 166              		.loc 1 267 3 is_stmt 1 view .LVU60
 268:Drivers/STM32H7xx_HAL_Driver/Src/stm32h7xx_hal_exti.c **** 
 269:Drivers/STM32H7xx_HAL_Driver/Src/stm32h7xx_hal_exti.c ****   /* Configure event mode : read current mode */
 270:Drivers/STM32H7xx_HAL_Driver/Src/stm32h7xx_hal_exti.c ****   regaddr = (__IO uint32_t *)(&EXTI->EMR1 + (EXTI_MODE_OFFSET * offset));
 167              		.loc 1 270 3 view .LVU61
 168              	.LVL19:
 271:Drivers/STM32H7xx_HAL_Driver/Src/stm32h7xx_hal_exti.c ****   regval = *regaddr;
 169              		.loc 1 271 3 view .LVU62
 170              		.loc 1 271 10 is_stmt 0 view .LVU63
 171 0086 0434     		adds	r4, r4, #4
 172 0088 50F804E0 		ldr	lr, [r0, r4]
 173              	.LVL20:
 272:Drivers/STM32H7xx_HAL_Driver/Src/stm32h7xx_hal_exti.c **** 
 273:Drivers/STM32H7xx_HAL_Driver/Src/stm32h7xx_hal_exti.c ****   /* Mask or set line */
 274:Drivers/STM32H7xx_HAL_Driver/Src/stm32h7xx_hal_exti.c ****   if ((pExtiConfig->Mode & EXTI_MODE_EVENT) != 0x00U)
 174              		.loc 1 274 3 is_stmt 1 view .LVU64
 175              		.loc 1 274 6 is_stmt 0 view .LVU65
 176 008c 5468     		ldr	r4, [r2, #4]
 177 008e 14F0020F 		tst	r4, #2
 178 0092 2DD0     		beq	.L10
 275:Drivers/STM32H7xx_HAL_Driver/Src/stm32h7xx_hal_exti.c ****   {
 276:Drivers/STM32H7xx_HAL_Driver/Src/stm32h7xx_hal_exti.c ****     regval |= maskline;
 179              		.loc 1 276 5 is_stmt 1 view .LVU66
 180              		.loc 1 276 12 is_stmt 0 view .LVU67
ARM GAS  C:\Users\jason\AppData\Local\Temp\ccJN7av9.s 			page 9


 181 0094 43EA0E0E 		orr	lr, r3, lr
 182              	.LVL21:
 183              	.L11:
 277:Drivers/STM32H7xx_HAL_Driver/Src/stm32h7xx_hal_exti.c ****   }
 278:Drivers/STM32H7xx_HAL_Driver/Src/stm32h7xx_hal_exti.c ****   else
 279:Drivers/STM32H7xx_HAL_Driver/Src/stm32h7xx_hal_exti.c ****   {
 280:Drivers/STM32H7xx_HAL_Driver/Src/stm32h7xx_hal_exti.c ****     regval &= ~maskline;
 281:Drivers/STM32H7xx_HAL_Driver/Src/stm32h7xx_hal_exti.c ****   }
 282:Drivers/STM32H7xx_HAL_Driver/Src/stm32h7xx_hal_exti.c **** 
 283:Drivers/STM32H7xx_HAL_Driver/Src/stm32h7xx_hal_exti.c ****   /* Store event mode */
 284:Drivers/STM32H7xx_HAL_Driver/Src/stm32h7xx_hal_exti.c ****   *regaddr = regval;
 184              		.loc 1 284 3 is_stmt 1 view .LVU68
 185              		.loc 1 284 12 is_stmt 0 view .LVU69
 186 0098 304C     		ldr	r4, .L23+8
 187 009a 40F804E0 		str	lr, [r0, r4]
 285:Drivers/STM32H7xx_HAL_Driver/Src/stm32h7xx_hal_exti.c **** 
 286:Drivers/STM32H7xx_HAL_Driver/Src/stm32h7xx_hal_exti.c **** #if defined (DUAL_CORE)
 287:Drivers/STM32H7xx_HAL_Driver/Src/stm32h7xx_hal_exti.c ****   /* Configure interrupt mode for Core2 : read current mode */
 288:Drivers/STM32H7xx_HAL_Driver/Src/stm32h7xx_hal_exti.c ****   regaddr = (__IO uint32_t *)(&EXTI->C2IMR1 + (EXTI_MODE_OFFSET * offset));
 289:Drivers/STM32H7xx_HAL_Driver/Src/stm32h7xx_hal_exti.c ****   regval = *regaddr;
 290:Drivers/STM32H7xx_HAL_Driver/Src/stm32h7xx_hal_exti.c **** 
 291:Drivers/STM32H7xx_HAL_Driver/Src/stm32h7xx_hal_exti.c ****   /* Mask or set line */
 292:Drivers/STM32H7xx_HAL_Driver/Src/stm32h7xx_hal_exti.c ****   if ((pExtiConfig->Mode & EXTI_MODE_CORE2_INTERRUPT) != 0x00U)
 293:Drivers/STM32H7xx_HAL_Driver/Src/stm32h7xx_hal_exti.c ****   {
 294:Drivers/STM32H7xx_HAL_Driver/Src/stm32h7xx_hal_exti.c ****     regval |= maskline;
 295:Drivers/STM32H7xx_HAL_Driver/Src/stm32h7xx_hal_exti.c ****   }
 296:Drivers/STM32H7xx_HAL_Driver/Src/stm32h7xx_hal_exti.c ****   else
 297:Drivers/STM32H7xx_HAL_Driver/Src/stm32h7xx_hal_exti.c ****   {
 298:Drivers/STM32H7xx_HAL_Driver/Src/stm32h7xx_hal_exti.c ****     regval &= ~maskline;
 299:Drivers/STM32H7xx_HAL_Driver/Src/stm32h7xx_hal_exti.c ****   }
 300:Drivers/STM32H7xx_HAL_Driver/Src/stm32h7xx_hal_exti.c **** 
 301:Drivers/STM32H7xx_HAL_Driver/Src/stm32h7xx_hal_exti.c ****   /* Store interrupt mode */
 302:Drivers/STM32H7xx_HAL_Driver/Src/stm32h7xx_hal_exti.c ****   *regaddr = regval;
 303:Drivers/STM32H7xx_HAL_Driver/Src/stm32h7xx_hal_exti.c **** 
 304:Drivers/STM32H7xx_HAL_Driver/Src/stm32h7xx_hal_exti.c ****   /* The event mode cannot be configured if the line does not support it */
 305:Drivers/STM32H7xx_HAL_Driver/Src/stm32h7xx_hal_exti.c ****   assert_param(((pExtiConfig->Line & EXTI_EVENT) == EXTI_EVENT) || ((pExtiConfig->Mode & EXTI_MODE_
 306:Drivers/STM32H7xx_HAL_Driver/Src/stm32h7xx_hal_exti.c **** 
 307:Drivers/STM32H7xx_HAL_Driver/Src/stm32h7xx_hal_exti.c ****   /* Configure event mode : read current mode */
 308:Drivers/STM32H7xx_HAL_Driver/Src/stm32h7xx_hal_exti.c ****   regaddr = (__IO uint32_t *)(&EXTI->C2EMR1 + (EXTI_MODE_OFFSET * offset));
 309:Drivers/STM32H7xx_HAL_Driver/Src/stm32h7xx_hal_exti.c ****   regval = *regaddr;
 310:Drivers/STM32H7xx_HAL_Driver/Src/stm32h7xx_hal_exti.c **** 
 311:Drivers/STM32H7xx_HAL_Driver/Src/stm32h7xx_hal_exti.c ****   /* Mask or set line */
 312:Drivers/STM32H7xx_HAL_Driver/Src/stm32h7xx_hal_exti.c ****   if ((pExtiConfig->Mode & EXTI_MODE_CORE2_EVENT) != 0x00U)
 313:Drivers/STM32H7xx_HAL_Driver/Src/stm32h7xx_hal_exti.c ****   {
 314:Drivers/STM32H7xx_HAL_Driver/Src/stm32h7xx_hal_exti.c ****     regval |= maskline;
 315:Drivers/STM32H7xx_HAL_Driver/Src/stm32h7xx_hal_exti.c ****   }
 316:Drivers/STM32H7xx_HAL_Driver/Src/stm32h7xx_hal_exti.c ****   else
 317:Drivers/STM32H7xx_HAL_Driver/Src/stm32h7xx_hal_exti.c ****   {
 318:Drivers/STM32H7xx_HAL_Driver/Src/stm32h7xx_hal_exti.c ****     regval &= ~maskline;
 319:Drivers/STM32H7xx_HAL_Driver/Src/stm32h7xx_hal_exti.c ****   }
 320:Drivers/STM32H7xx_HAL_Driver/Src/stm32h7xx_hal_exti.c **** 
 321:Drivers/STM32H7xx_HAL_Driver/Src/stm32h7xx_hal_exti.c ****   /* Store event mode */
 322:Drivers/STM32H7xx_HAL_Driver/Src/stm32h7xx_hal_exti.c ****   *regaddr = regval;
 323:Drivers/STM32H7xx_HAL_Driver/Src/stm32h7xx_hal_exti.c **** #endif /* DUAL_CORE */
 324:Drivers/STM32H7xx_HAL_Driver/Src/stm32h7xx_hal_exti.c **** 
 325:Drivers/STM32H7xx_HAL_Driver/Src/stm32h7xx_hal_exti.c ****   /* Configure the D3 PendClear source in case of Wakeup target is Any */
 326:Drivers/STM32H7xx_HAL_Driver/Src/stm32h7xx_hal_exti.c ****   if ((pExtiConfig->Line & EXTI_TARGET_MASK) == EXTI_TARGET_MSK_ALL)
ARM GAS  C:\Users\jason\AppData\Local\Temp\ccJN7av9.s 			page 10


 188              		.loc 1 326 3 is_stmt 1 view .LVU70
 189              		.loc 1 326 19 is_stmt 0 view .LVU71
 190 009e 1068     		ldr	r0, [r2]
 191              	.LVL22:
 192              		.loc 1 326 26 view .LVU72
 193 00a0 00F44010 		and	r0, r0, #3145728
 194              		.loc 1 326 6 view .LVU73
 195 00a4 B0F5401F 		cmp	r0, #3145728
 196 00a8 25D0     		beq	.L22
 327:Drivers/STM32H7xx_HAL_Driver/Src/stm32h7xx_hal_exti.c ****   {
 328:Drivers/STM32H7xx_HAL_Driver/Src/stm32h7xx_hal_exti.c ****     assert_param(IS_EXTI_D3_PENDCLR_SRC(pExtiConfig->PendClearSource));
 329:Drivers/STM32H7xx_HAL_Driver/Src/stm32h7xx_hal_exti.c **** 
 330:Drivers/STM32H7xx_HAL_Driver/Src/stm32h7xx_hal_exti.c ****     /*Calc the PMR register address for the given line */
 331:Drivers/STM32H7xx_HAL_Driver/Src/stm32h7xx_hal_exti.c ****     regaddr = (__IO uint32_t *)(&EXTI->D3PMR1 + (EXTI_CONFIG_OFFSET * offset));
 332:Drivers/STM32H7xx_HAL_Driver/Src/stm32h7xx_hal_exti.c ****     regval = *regaddr;
 333:Drivers/STM32H7xx_HAL_Driver/Src/stm32h7xx_hal_exti.c **** 
 334:Drivers/STM32H7xx_HAL_Driver/Src/stm32h7xx_hal_exti.c ****     if(pExtiConfig->PendClearSource == EXTI_D3_PENDCLR_SRC_NONE)
 335:Drivers/STM32H7xx_HAL_Driver/Src/stm32h7xx_hal_exti.c ****     {
 336:Drivers/STM32H7xx_HAL_Driver/Src/stm32h7xx_hal_exti.c ****       /* Clear D3PMRx register for the given line */
 337:Drivers/STM32H7xx_HAL_Driver/Src/stm32h7xx_hal_exti.c ****       regval &= ~maskline;
 338:Drivers/STM32H7xx_HAL_Driver/Src/stm32h7xx_hal_exti.c ****       /* Store D3PMRx register value */
 339:Drivers/STM32H7xx_HAL_Driver/Src/stm32h7xx_hal_exti.c ****       *regaddr = regval;
 340:Drivers/STM32H7xx_HAL_Driver/Src/stm32h7xx_hal_exti.c ****     }
 341:Drivers/STM32H7xx_HAL_Driver/Src/stm32h7xx_hal_exti.c ****     else
 342:Drivers/STM32H7xx_HAL_Driver/Src/stm32h7xx_hal_exti.c ****     {
 343:Drivers/STM32H7xx_HAL_Driver/Src/stm32h7xx_hal_exti.c ****       /* Set D3PMRx register to 1 for the given line */
 344:Drivers/STM32H7xx_HAL_Driver/Src/stm32h7xx_hal_exti.c ****       regval |= maskline;
 345:Drivers/STM32H7xx_HAL_Driver/Src/stm32h7xx_hal_exti.c ****       /* Store D3PMRx register value */
 346:Drivers/STM32H7xx_HAL_Driver/Src/stm32h7xx_hal_exti.c ****       *regaddr = regval;
 347:Drivers/STM32H7xx_HAL_Driver/Src/stm32h7xx_hal_exti.c **** 
 348:Drivers/STM32H7xx_HAL_Driver/Src/stm32h7xx_hal_exti.c ****       if(linepos < 16UL)
 349:Drivers/STM32H7xx_HAL_Driver/Src/stm32h7xx_hal_exti.c ****       {
 350:Drivers/STM32H7xx_HAL_Driver/Src/stm32h7xx_hal_exti.c ****         regaddr = (__IO uint32_t *)(&EXTI->D3PCR1L + (EXTI_CONFIG_OFFSET * offset));
 351:Drivers/STM32H7xx_HAL_Driver/Src/stm32h7xx_hal_exti.c ****         pcrlinepos = 1UL << linepos;
 352:Drivers/STM32H7xx_HAL_Driver/Src/stm32h7xx_hal_exti.c ****       }
 353:Drivers/STM32H7xx_HAL_Driver/Src/stm32h7xx_hal_exti.c ****       else
 354:Drivers/STM32H7xx_HAL_Driver/Src/stm32h7xx_hal_exti.c ****       {
 355:Drivers/STM32H7xx_HAL_Driver/Src/stm32h7xx_hal_exti.c ****         regaddr = (__IO uint32_t *)(&EXTI->D3PCR1H + (EXTI_CONFIG_OFFSET * offset));
 356:Drivers/STM32H7xx_HAL_Driver/Src/stm32h7xx_hal_exti.c ****         pcrlinepos = 1UL << (linepos - 16UL);
 357:Drivers/STM32H7xx_HAL_Driver/Src/stm32h7xx_hal_exti.c ****       }
 358:Drivers/STM32H7xx_HAL_Driver/Src/stm32h7xx_hal_exti.c **** 
 359:Drivers/STM32H7xx_HAL_Driver/Src/stm32h7xx_hal_exti.c ****       regval = (*regaddr & (~(pcrlinepos * pcrlinepos * 3UL))) | (pcrlinepos * pcrlinepos * (pExtiC
 360:Drivers/STM32H7xx_HAL_Driver/Src/stm32h7xx_hal_exti.c ****       *regaddr = regval;
 361:Drivers/STM32H7xx_HAL_Driver/Src/stm32h7xx_hal_exti.c ****     }
 362:Drivers/STM32H7xx_HAL_Driver/Src/stm32h7xx_hal_exti.c ****   }
 363:Drivers/STM32H7xx_HAL_Driver/Src/stm32h7xx_hal_exti.c **** 
 364:Drivers/STM32H7xx_HAL_Driver/Src/stm32h7xx_hal_exti.c ****   return HAL_OK;
 197              		.loc 1 364 10 view .LVU74
 198 00aa 0020     		movs	r0, #0
 199              	.LVL23:
 200              	.L2:
 365:Drivers/STM32H7xx_HAL_Driver/Src/stm32h7xx_hal_exti.c **** }
 201              		.loc 1 365 1 view .LVU75
 202 00ac F0BD     		pop	{r4, r5, r6, r7, pc}
 203              	.LVL24:
 204              	.L4:
 213:Drivers/STM32H7xx_HAL_Driver/Src/stm32h7xx_hal_exti.c ****     }
ARM GAS  C:\Users\jason\AppData\Local\Temp\ccJN7av9.s 			page 11


 205              		.loc 1 213 7 is_stmt 1 view .LVU76
 213:Drivers/STM32H7xx_HAL_Driver/Src/stm32h7xx_hal_exti.c ****     }
 206              		.loc 1 213 14 is_stmt 0 view .LVU77
 207 00ae 2EEA030E 		bic	lr, lr, r3
 208              	.LVL25:
 213:Drivers/STM32H7xx_HAL_Driver/Src/stm32h7xx_hal_exti.c ****     }
 209              		.loc 1 213 14 view .LVU78
 210 00b2 C6E7     		b	.L5
 211              	.LVL26:
 212              	.L6:
 230:Drivers/STM32H7xx_HAL_Driver/Src/stm32h7xx_hal_exti.c ****     }
 213              		.loc 1 230 7 is_stmt 1 view .LVU79
 230:Drivers/STM32H7xx_HAL_Driver/Src/stm32h7xx_hal_exti.c ****     }
 214              		.loc 1 230 14 is_stmt 0 view .LVU80
 215 00b4 2EEA030E 		bic	lr, lr, r3
 216              	.LVL27:
 230:Drivers/STM32H7xx_HAL_Driver/Src/stm32h7xx_hal_exti.c ****     }
 217              		.loc 1 230 14 view .LVU81
 218 00b8 CEE7     		b	.L7
 219              	.LVL28:
 220              	.L21:
 239:Drivers/STM32H7xx_HAL_Driver/Src/stm32h7xx_hal_exti.c ****       assert_param(IS_EXTI_GPIO_PIN(linepos));
 221              		.loc 1 239 7 is_stmt 1 view .LVU82
 240:Drivers/STM32H7xx_HAL_Driver/Src/stm32h7xx_hal_exti.c **** 
 222              		.loc 1 240 7 view .LVU83
 242:Drivers/STM32H7xx_HAL_Driver/Src/stm32h7xx_hal_exti.c ****       regval &= ~(SYSCFG_EXTICR1_EXTI0 << (SYSCFG_EXTICR1_EXTI1_Pos * (linepos & 0x03U)));
 223              		.loc 1 242 7 view .LVU84
 242:Drivers/STM32H7xx_HAL_Driver/Src/stm32h7xx_hal_exti.c ****       regval &= ~(SYSCFG_EXTICR1_EXTI0 << (SYSCFG_EXTICR1_EXTI1_Pos * (linepos & 0x03U)));
 224              		.loc 1 242 47 is_stmt 0 view .LVU85
 225 00ba C7F38100 		ubfx	r0, r7, #2, #2
 242:Drivers/STM32H7xx_HAL_Driver/Src/stm32h7xx_hal_exti.c ****       regval &= ~(SYSCFG_EXTICR1_EXTI0 << (SYSCFG_EXTICR1_EXTI1_Pos * (linepos & 0x03U)));
 226              		.loc 1 242 14 view .LVU86
 227 00be 0230     		adds	r0, r0, #2
 228 00c0 04F57F74 		add	r4, r4, #1020
 229 00c4 54F82050 		ldr	r5, [r4, r0, lsl #2]
 230              	.LVL29:
 243:Drivers/STM32H7xx_HAL_Driver/Src/stm32h7xx_hal_exti.c ****       regval |= (pExtiConfig->GPIOSel << (SYSCFG_EXTICR1_EXTI1_Pos * (linepos & 0x03U)));
 231              		.loc 1 243 7 is_stmt 1 view .LVU87
 243:Drivers/STM32H7xx_HAL_Driver/Src/stm32h7xx_hal_exti.c ****       regval |= (pExtiConfig->GPIOSel << (SYSCFG_EXTICR1_EXTI1_Pos * (linepos & 0x03U)));
 232              		.loc 1 243 80 is_stmt 0 view .LVU88
 233 00c8 01F0030E 		and	lr, r1, #3
 243:Drivers/STM32H7xx_HAL_Driver/Src/stm32h7xx_hal_exti.c ****       regval |= (pExtiConfig->GPIOSel << (SYSCFG_EXTICR1_EXTI1_Pos * (linepos & 0x03U)));
 234              		.loc 1 243 69 view .LVU89
 235 00cc 4FEA8E0E 		lsl	lr, lr, #2
 243:Drivers/STM32H7xx_HAL_Driver/Src/stm32h7xx_hal_exti.c ****       regval |= (pExtiConfig->GPIOSel << (SYSCFG_EXTICR1_EXTI1_Pos * (linepos & 0x03U)));
 236              		.loc 1 243 40 view .LVU90
 237 00d0 0F26     		movs	r6, #15
 238 00d2 06FA0EF6 		lsl	r6, r6, lr
 243:Drivers/STM32H7xx_HAL_Driver/Src/stm32h7xx_hal_exti.c ****       regval |= (pExtiConfig->GPIOSel << (SYSCFG_EXTICR1_EXTI1_Pos * (linepos & 0x03U)));
 239              		.loc 1 243 14 view .LVU91
 240 00d6 25EA0605 		bic	r5, r5, r6
 241              	.LVL30:
 244:Drivers/STM32H7xx_HAL_Driver/Src/stm32h7xx_hal_exti.c ****       SYSCFG->EXTICR[(linepos >> 2U) & 0x03UL] = regval;
 242              		.loc 1 244 7 is_stmt 1 view .LVU92
 244:Drivers/STM32H7xx_HAL_Driver/Src/stm32h7xx_hal_exti.c ****       SYSCFG->EXTICR[(linepos >> 2U) & 0x03UL] = regval;
 243              		.loc 1 244 39 is_stmt 0 view .LVU93
 244 00da D668     		ldr	r6, [r2, #12]
ARM GAS  C:\Users\jason\AppData\Local\Temp\ccJN7av9.s 			page 12


 245 00dc 06FA0EFE 		lsl	lr, r6, lr
 244:Drivers/STM32H7xx_HAL_Driver/Src/stm32h7xx_hal_exti.c ****       SYSCFG->EXTICR[(linepos >> 2U) & 0x03UL] = regval;
 246              		.loc 1 244 14 view .LVU94
 247 00e0 4EEA050E 		orr	lr, lr, r5
 248              	.LVL31:
 245:Drivers/STM32H7xx_HAL_Driver/Src/stm32h7xx_hal_exti.c ****     }
 249              		.loc 1 245 7 is_stmt 1 view .LVU95
 245:Drivers/STM32H7xx_HAL_Driver/Src/stm32h7xx_hal_exti.c ****     }
 250              		.loc 1 245 48 is_stmt 0 view .LVU96
 251 00e4 44F820E0 		str	lr, [r4, r0, lsl #2]
 252 00e8 BFE7     		b	.L3
 253              	.LVL32:
 254              	.L8:
 260:Drivers/STM32H7xx_HAL_Driver/Src/stm32h7xx_hal_exti.c ****   }
 255              		.loc 1 260 5 is_stmt 1 view .LVU97
 260:Drivers/STM32H7xx_HAL_Driver/Src/stm32h7xx_hal_exti.c ****   }
 256              		.loc 1 260 12 is_stmt 0 view .LVU98
 257 00ea 2EEA030E 		bic	lr, lr, r3
 258              	.LVL33:
 260:Drivers/STM32H7xx_HAL_Driver/Src/stm32h7xx_hal_exti.c ****   }
 259              		.loc 1 260 12 view .LVU99
 260 00ee C7E7     		b	.L9
 261              	.LVL34:
 262              	.L10:
 280:Drivers/STM32H7xx_HAL_Driver/Src/stm32h7xx_hal_exti.c ****   }
 263              		.loc 1 280 5 is_stmt 1 view .LVU100
 280:Drivers/STM32H7xx_HAL_Driver/Src/stm32h7xx_hal_exti.c ****   }
 264              		.loc 1 280 12 is_stmt 0 view .LVU101
 265 00f0 2EEA030E 		bic	lr, lr, r3
 266              	.LVL35:
 280:Drivers/STM32H7xx_HAL_Driver/Src/stm32h7xx_hal_exti.c ****   }
 267              		.loc 1 280 12 view .LVU102
 268 00f4 D0E7     		b	.L11
 269              	.LVL36:
 270              	.L22:
 328:Drivers/STM32H7xx_HAL_Driver/Src/stm32h7xx_hal_exti.c **** 
 271              		.loc 1 328 5 is_stmt 1 view .LVU103
 331:Drivers/STM32H7xx_HAL_Driver/Src/stm32h7xx_hal_exti.c ****     regval = *regaddr;
 272              		.loc 1 331 5 view .LVU104
 331:Drivers/STM32H7xx_HAL_Driver/Src/stm32h7xx_hal_exti.c ****     regval = *regaddr;
 273              		.loc 1 331 15 is_stmt 0 view .LVU105
 274 00f6 4FEA4C1C 		lsl	ip, ip, #5
 275              	.LVL37:
 331:Drivers/STM32H7xx_HAL_Driver/Src/stm32h7xx_hal_exti.c ****     regval = *regaddr;
 276              		.loc 1 331 13 view .LVU106
 277 00fa DFF86CE0 		ldr	lr, .L23+20
 278              	.LVL38:
 332:Drivers/STM32H7xx_HAL_Driver/Src/stm32h7xx_hal_exti.c **** 
 279              		.loc 1 332 5 is_stmt 1 view .LVU107
 332:Drivers/STM32H7xx_HAL_Driver/Src/stm32h7xx_hal_exti.c **** 
 280              		.loc 1 332 12 is_stmt 0 view .LVU108
 281 00fe 5CF80E00 		ldr	r0, [ip, lr]
 282              	.LVL39:
 334:Drivers/STM32H7xx_HAL_Driver/Src/stm32h7xx_hal_exti.c ****     {
 283              		.loc 1 334 5 is_stmt 1 view .LVU109
 334:Drivers/STM32H7xx_HAL_Driver/Src/stm32h7xx_hal_exti.c ****     {
 284              		.loc 1 334 7 is_stmt 0 view .LVU110
ARM GAS  C:\Users\jason\AppData\Local\Temp\ccJN7av9.s 			page 13


 285 0102 1469     		ldr	r4, [r2, #16]
 286 0104 2CB9     		cbnz	r4, .L12
 337:Drivers/STM32H7xx_HAL_Driver/Src/stm32h7xx_hal_exti.c ****       /* Store D3PMRx register value */
 287              		.loc 1 337 7 is_stmt 1 view .LVU111
 337:Drivers/STM32H7xx_HAL_Driver/Src/stm32h7xx_hal_exti.c ****       /* Store D3PMRx register value */
 288              		.loc 1 337 14 is_stmt 0 view .LVU112
 289 0106 20EA0300 		bic	r0, r0, r3
 290              	.LVL40:
 339:Drivers/STM32H7xx_HAL_Driver/Src/stm32h7xx_hal_exti.c ****     }
 291              		.loc 1 339 7 is_stmt 1 view .LVU113
 339:Drivers/STM32H7xx_HAL_Driver/Src/stm32h7xx_hal_exti.c ****     }
 292              		.loc 1 339 16 is_stmt 0 view .LVU114
 293 010a 4CF80E00 		str	r0, [ip, lr]
 364:Drivers/STM32H7xx_HAL_Driver/Src/stm32h7xx_hal_exti.c **** }
 294              		.loc 1 364 10 view .LVU115
 295 010e 2046     		mov	r0, r4
 296              	.LVL41:
 364:Drivers/STM32H7xx_HAL_Driver/Src/stm32h7xx_hal_exti.c **** }
 297              		.loc 1 364 10 view .LVU116
 298 0110 CCE7     		b	.L2
 299              	.LVL42:
 300              	.L12:
 344:Drivers/STM32H7xx_HAL_Driver/Src/stm32h7xx_hal_exti.c ****       /* Store D3PMRx register value */
 301              		.loc 1 344 7 is_stmt 1 view .LVU117
 344:Drivers/STM32H7xx_HAL_Driver/Src/stm32h7xx_hal_exti.c ****       /* Store D3PMRx register value */
 302              		.loc 1 344 14 is_stmt 0 view .LVU118
 303 0112 1843     		orrs	r0, r0, r3
 304              	.LVL43:
 346:Drivers/STM32H7xx_HAL_Driver/Src/stm32h7xx_hal_exti.c **** 
 305              		.loc 1 346 7 is_stmt 1 view .LVU119
 346:Drivers/STM32H7xx_HAL_Driver/Src/stm32h7xx_hal_exti.c **** 
 306              		.loc 1 346 16 is_stmt 0 view .LVU120
 307 0114 4CF80E00 		str	r0, [ip, lr]
 348:Drivers/STM32H7xx_HAL_Driver/Src/stm32h7xx_hal_exti.c ****       {
 308              		.loc 1 348 7 is_stmt 1 view .LVU121
 348:Drivers/STM32H7xx_HAL_Driver/Src/stm32h7xx_hal_exti.c ****       {
 309              		.loc 1 348 9 is_stmt 0 view .LVU122
 310 0118 11F0100F 		tst	r1, #16
 311 011c 10D1     		bne	.L13
 350:Drivers/STM32H7xx_HAL_Driver/Src/stm32h7xx_hal_exti.c ****         pcrlinepos = 1UL << linepos;
 312              		.loc 1 350 9 is_stmt 1 view .LVU123
 350:Drivers/STM32H7xx_HAL_Driver/Src/stm32h7xx_hal_exti.c ****         pcrlinepos = 1UL << linepos;
 313              		.loc 1 350 17 is_stmt 0 view .LVU124
 314 011e 1048     		ldr	r0, .L23+12
 315              	.LVL44:
 350:Drivers/STM32H7xx_HAL_Driver/Src/stm32h7xx_hal_exti.c ****         pcrlinepos = 1UL << linepos;
 316              		.loc 1 350 17 view .LVU125
 317 0120 6044     		add	r0, r0, ip
 318              	.LVL45:
 351:Drivers/STM32H7xx_HAL_Driver/Src/stm32h7xx_hal_exti.c ****       }
 319              		.loc 1 351 9 is_stmt 1 view .LVU126
 320              	.L14:
 359:Drivers/STM32H7xx_HAL_Driver/Src/stm32h7xx_hal_exti.c ****       *regaddr = regval;
 321              		.loc 1 359 7 view .LVU127
 359:Drivers/STM32H7xx_HAL_Driver/Src/stm32h7xx_hal_exti.c ****       *regaddr = regval;
 322              		.loc 1 359 17 is_stmt 0 view .LVU128
 323 0122 0168     		ldr	r1, [r0]
ARM GAS  C:\Users\jason\AppData\Local\Temp\ccJN7av9.s 			page 14


 359:Drivers/STM32H7xx_HAL_Driver/Src/stm32h7xx_hal_exti.c ****       *regaddr = regval;
 324              		.loc 1 359 42 view .LVU129
 325 0124 03FB03F3 		mul	r3, r3, r3
 326              	.LVL46:
 359:Drivers/STM32H7xx_HAL_Driver/Src/stm32h7xx_hal_exti.c ****       *regaddr = regval;
 327              		.loc 1 359 55 view .LVU130
 328 0128 03EB430C 		add	ip, r3, r3, lsl #1
 329              	.LVL47:
 359:Drivers/STM32H7xx_HAL_Driver/Src/stm32h7xx_hal_exti.c ****       *regaddr = regval;
 330              		.loc 1 359 26 view .LVU131
 331 012c 21EA0C01 		bic	r1, r1, ip
 359:Drivers/STM32H7xx_HAL_Driver/Src/stm32h7xx_hal_exti.c ****       *regaddr = regval;
 332              		.loc 1 359 105 view .LVU132
 333 0130 1269     		ldr	r2, [r2, #16]
 334              	.LVL48:
 359:Drivers/STM32H7xx_HAL_Driver/Src/stm32h7xx_hal_exti.c ****       *regaddr = regval;
 335              		.loc 1 359 123 view .LVU133
 336 0132 013A     		subs	r2, r2, #1
 359:Drivers/STM32H7xx_HAL_Driver/Src/stm32h7xx_hal_exti.c ****       *regaddr = regval;
 337              		.loc 1 359 91 view .LVU134
 338 0134 02FB03F3 		mul	r3, r2, r3
 359:Drivers/STM32H7xx_HAL_Driver/Src/stm32h7xx_hal_exti.c ****       *regaddr = regval;
 339              		.loc 1 359 14 view .LVU135
 340 0138 0B43     		orrs	r3, r3, r1
 341              	.LVL49:
 360:Drivers/STM32H7xx_HAL_Driver/Src/stm32h7xx_hal_exti.c ****     }
 342              		.loc 1 360 7 is_stmt 1 view .LVU136
 360:Drivers/STM32H7xx_HAL_Driver/Src/stm32h7xx_hal_exti.c ****     }
 343              		.loc 1 360 16 is_stmt 0 view .LVU137
 344 013a 0360     		str	r3, [r0]
 364:Drivers/STM32H7xx_HAL_Driver/Src/stm32h7xx_hal_exti.c **** }
 345              		.loc 1 364 10 view .LVU138
 346 013c 0020     		movs	r0, #0
 347              	.LVL50:
 364:Drivers/STM32H7xx_HAL_Driver/Src/stm32h7xx_hal_exti.c **** }
 348              		.loc 1 364 10 view .LVU139
 349 013e B5E7     		b	.L2
 350              	.LVL51:
 351              	.L13:
 355:Drivers/STM32H7xx_HAL_Driver/Src/stm32h7xx_hal_exti.c ****         pcrlinepos = 1UL << (linepos - 16UL);
 352              		.loc 1 355 9 is_stmt 1 view .LVU140
 355:Drivers/STM32H7xx_HAL_Driver/Src/stm32h7xx_hal_exti.c ****         pcrlinepos = 1UL << (linepos - 16UL);
 353              		.loc 1 355 17 is_stmt 0 view .LVU141
 354 0140 0848     		ldr	r0, .L23+16
 355              	.LVL52:
 355:Drivers/STM32H7xx_HAL_Driver/Src/stm32h7xx_hal_exti.c ****         pcrlinepos = 1UL << (linepos - 16UL);
 356              		.loc 1 355 17 view .LVU142
 357 0142 6044     		add	r0, r0, ip
 358              	.LVL53:
 356:Drivers/STM32H7xx_HAL_Driver/Src/stm32h7xx_hal_exti.c ****       }
 359              		.loc 1 356 9 is_stmt 1 view .LVU143
 356:Drivers/STM32H7xx_HAL_Driver/Src/stm32h7xx_hal_exti.c ****       }
 360              		.loc 1 356 38 is_stmt 0 view .LVU144
 361 0144 A7F11001 		sub	r1, r7, #16
 362              	.LVL54:
 356:Drivers/STM32H7xx_HAL_Driver/Src/stm32h7xx_hal_exti.c ****       }
 363              		.loc 1 356 20 view .LVU145
ARM GAS  C:\Users\jason\AppData\Local\Temp\ccJN7av9.s 			page 15


 364 0148 0123     		movs	r3, #1
 365              	.LVL55:
 356:Drivers/STM32H7xx_HAL_Driver/Src/stm32h7xx_hal_exti.c ****       }
 366              		.loc 1 356 20 view .LVU146
 367 014a 8B40     		lsls	r3, r3, r1
 368              	.LVL56:
 356:Drivers/STM32H7xx_HAL_Driver/Src/stm32h7xx_hal_exti.c ****       }
 369              		.loc 1 356 20 view .LVU147
 370 014c E9E7     		b	.L14
 371              	.LVL57:
 372              	.L15:
 373              		.cfi_def_cfa_offset 0
 374              		.cfi_restore 4
 375              		.cfi_restore 5
 376              		.cfi_restore 6
 377              		.cfi_restore 7
 378              		.cfi_restore 14
 182:Drivers/STM32H7xx_HAL_Driver/Src/stm32h7xx_hal_exti.c ****   }
 379              		.loc 1 182 12 view .LVU148
 380 014e 0120     		movs	r0, #1
 381              	.LVL58:
 382              		.loc 1 365 1 view .LVU149
 383 0150 7047     		bx	lr
 384              	.L24:
 385 0152 00BF     		.align	2
 386              	.L23:
 387 0154 04000058 		.word	1476395012
 388 0158 80000058 		.word	1476395136
 389 015c 84000058 		.word	1476395140
 390 0160 10000058 		.word	1476395024
 391 0164 14000058 		.word	1476395028
 392 0168 0C000058 		.word	1476395020
 393              		.cfi_endproc
 394              	.LFE144:
 396              		.section	.text.HAL_EXTI_GetConfigLine,"ax",%progbits
 397              		.align	1
 398              		.global	HAL_EXTI_GetConfigLine
 399              		.syntax unified
 400              		.thumb
 401              		.thumb_func
 403              	HAL_EXTI_GetConfigLine:
 404              	.LVL59:
 405              	.LFB145:
 366:Drivers/STM32H7xx_HAL_Driver/Src/stm32h7xx_hal_exti.c **** 
 367:Drivers/STM32H7xx_HAL_Driver/Src/stm32h7xx_hal_exti.c **** 
 368:Drivers/STM32H7xx_HAL_Driver/Src/stm32h7xx_hal_exti.c **** /**
 369:Drivers/STM32H7xx_HAL_Driver/Src/stm32h7xx_hal_exti.c ****   * @brief  Get configuration of a dedicated Exti line.
 370:Drivers/STM32H7xx_HAL_Driver/Src/stm32h7xx_hal_exti.c ****   * @param  hexti Exti handle.
 371:Drivers/STM32H7xx_HAL_Driver/Src/stm32h7xx_hal_exti.c ****   * @param  pExtiConfig Pointer on structure to store Exti configuration.
 372:Drivers/STM32H7xx_HAL_Driver/Src/stm32h7xx_hal_exti.c ****   * @retval HAL Status.
 373:Drivers/STM32H7xx_HAL_Driver/Src/stm32h7xx_hal_exti.c ****   */
 374:Drivers/STM32H7xx_HAL_Driver/Src/stm32h7xx_hal_exti.c **** HAL_StatusTypeDef HAL_EXTI_GetConfigLine(EXTI_HandleTypeDef *hexti, EXTI_ConfigTypeDef *pExtiConfig
 375:Drivers/STM32H7xx_HAL_Driver/Src/stm32h7xx_hal_exti.c **** {
 406              		.loc 1 375 1 is_stmt 1 view -0
 407              		.cfi_startproc
 408              		@ args = 0, pretend = 0, frame = 0
 409              		@ frame_needed = 0, uses_anonymous_args = 0
ARM GAS  C:\Users\jason\AppData\Local\Temp\ccJN7av9.s 			page 16


 376:Drivers/STM32H7xx_HAL_Driver/Src/stm32h7xx_hal_exti.c ****   __IO uint32_t *regaddr;
 410              		.loc 1 376 3 view .LVU151
 377:Drivers/STM32H7xx_HAL_Driver/Src/stm32h7xx_hal_exti.c ****   uint32_t regval;
 411              		.loc 1 377 3 view .LVU152
 378:Drivers/STM32H7xx_HAL_Driver/Src/stm32h7xx_hal_exti.c ****   uint32_t linepos;
 412              		.loc 1 378 3 view .LVU153
 379:Drivers/STM32H7xx_HAL_Driver/Src/stm32h7xx_hal_exti.c ****   uint32_t maskline;
 413              		.loc 1 379 3 view .LVU154
 380:Drivers/STM32H7xx_HAL_Driver/Src/stm32h7xx_hal_exti.c ****   uint32_t offset;
 414              		.loc 1 380 3 view .LVU155
 381:Drivers/STM32H7xx_HAL_Driver/Src/stm32h7xx_hal_exti.c ****   uint32_t pcrlinepos;
 415              		.loc 1 381 3 view .LVU156
 382:Drivers/STM32H7xx_HAL_Driver/Src/stm32h7xx_hal_exti.c **** 
 383:Drivers/STM32H7xx_HAL_Driver/Src/stm32h7xx_hal_exti.c ****   /* Check null pointer */
 384:Drivers/STM32H7xx_HAL_Driver/Src/stm32h7xx_hal_exti.c ****   if ((hexti == NULL) || (pExtiConfig == NULL))
 416              		.loc 1 384 3 view .LVU157
 417              		.loc 1 384 6 is_stmt 0 view .LVU158
 418 0000 0029     		cmp	r1, #0
 419 0002 18BF     		it	ne
 420 0004 0028     		cmpne	r0, #0
 421 0006 00F08180 		beq	.L34
 375:Drivers/STM32H7xx_HAL_Driver/Src/stm32h7xx_hal_exti.c ****   __IO uint32_t *regaddr;
 422              		.loc 1 375 1 view .LVU159
 423 000a 30B5     		push	{r4, r5, lr}
 424              		.cfi_def_cfa_offset 12
 425              		.cfi_offset 4, -12
 426              		.cfi_offset 5, -8
 427              		.cfi_offset 14, -4
 428 000c 0B46     		mov	r3, r1
 385:Drivers/STM32H7xx_HAL_Driver/Src/stm32h7xx_hal_exti.c ****   {
 386:Drivers/STM32H7xx_HAL_Driver/Src/stm32h7xx_hal_exti.c ****     return HAL_ERROR;
 387:Drivers/STM32H7xx_HAL_Driver/Src/stm32h7xx_hal_exti.c ****   }
 388:Drivers/STM32H7xx_HAL_Driver/Src/stm32h7xx_hal_exti.c **** 
 389:Drivers/STM32H7xx_HAL_Driver/Src/stm32h7xx_hal_exti.c ****   /* Check the parameter */
 390:Drivers/STM32H7xx_HAL_Driver/Src/stm32h7xx_hal_exti.c ****   assert_param(IS_EXTI_LINE(hexti->Line));
 429              		.loc 1 390 3 is_stmt 1 view .LVU160
 391:Drivers/STM32H7xx_HAL_Driver/Src/stm32h7xx_hal_exti.c **** 
 392:Drivers/STM32H7xx_HAL_Driver/Src/stm32h7xx_hal_exti.c ****   /* Store handle line number to configuration structure */
 393:Drivers/STM32H7xx_HAL_Driver/Src/stm32h7xx_hal_exti.c ****   pExtiConfig->Line = hexti->Line;
 430              		.loc 1 393 3 view .LVU161
 431              		.loc 1 393 28 is_stmt 0 view .LVU162
 432 000e 0168     		ldr	r1, [r0]
 433              	.LVL60:
 434              		.loc 1 393 21 view .LVU163
 435 0010 1960     		str	r1, [r3]
 394:Drivers/STM32H7xx_HAL_Driver/Src/stm32h7xx_hal_exti.c **** 
 395:Drivers/STM32H7xx_HAL_Driver/Src/stm32h7xx_hal_exti.c ****   /* compute line register offset and line mask */
 396:Drivers/STM32H7xx_HAL_Driver/Src/stm32h7xx_hal_exti.c ****   offset = ((pExtiConfig->Line & EXTI_REG_MASK) >> EXTI_REG_SHIFT);
 436              		.loc 1 396 3 is_stmt 1 view .LVU164
 437              		.loc 1 396 10 is_stmt 0 view .LVU165
 438 0012 C1F30140 		ubfx	r0, r1, #16, #2
 439              	.LVL61:
 397:Drivers/STM32H7xx_HAL_Driver/Src/stm32h7xx_hal_exti.c ****   linepos = (pExtiConfig->Line & EXTI_PIN_MASK);
 440              		.loc 1 397 3 is_stmt 1 view .LVU166
 441              		.loc 1 397 11 is_stmt 0 view .LVU167
 442 0016 01F01F0E 		and	lr, r1, #31
 443              	.LVL62:
ARM GAS  C:\Users\jason\AppData\Local\Temp\ccJN7av9.s 			page 17


 398:Drivers/STM32H7xx_HAL_Driver/Src/stm32h7xx_hal_exti.c ****   maskline = (1UL << linepos);
 444              		.loc 1 398 3 is_stmt 1 view .LVU168
 445              		.loc 1 398 12 is_stmt 0 view .LVU169
 446 001a 0122     		movs	r2, #1
 447 001c 02FA0EF2 		lsl	r2, r2, lr
 448              	.LVL63:
 399:Drivers/STM32H7xx_HAL_Driver/Src/stm32h7xx_hal_exti.c **** 
 400:Drivers/STM32H7xx_HAL_Driver/Src/stm32h7xx_hal_exti.c ****   /* 1] Get core mode : interrupt */
 401:Drivers/STM32H7xx_HAL_Driver/Src/stm32h7xx_hal_exti.c ****   regaddr = (__IO uint32_t *)(&EXTI->IMR1 + (EXTI_MODE_OFFSET * offset));
 449              		.loc 1 401 3 is_stmt 1 view .LVU170
 450              		.loc 1 401 13 is_stmt 0 view .LVU171
 451 0020 4FEA001C 		lsl	ip, r0, #4
 452              	.LVL64:
 402:Drivers/STM32H7xx_HAL_Driver/Src/stm32h7xx_hal_exti.c ****   regval = *regaddr;
 453              		.loc 1 402 3 is_stmt 1 view .LVU172
 454              		.loc 1 402 10 is_stmt 0 view .LVU173
 455 0024 3B4C     		ldr	r4, .L43
 456 0026 5CF80440 		ldr	r4, [ip, r4]
 457              	.LVL65:
 403:Drivers/STM32H7xx_HAL_Driver/Src/stm32h7xx_hal_exti.c **** 
 404:Drivers/STM32H7xx_HAL_Driver/Src/stm32h7xx_hal_exti.c ****   pExtiConfig->Mode = EXTI_MODE_NONE;
 458              		.loc 1 404 3 is_stmt 1 view .LVU174
 459              		.loc 1 404 21 is_stmt 0 view .LVU175
 460 002a 0025     		movs	r5, #0
 461 002c 5D60     		str	r5, [r3, #4]
 405:Drivers/STM32H7xx_HAL_Driver/Src/stm32h7xx_hal_exti.c **** 
 406:Drivers/STM32H7xx_HAL_Driver/Src/stm32h7xx_hal_exti.c ****   /* Check if selected line is enable */
 407:Drivers/STM32H7xx_HAL_Driver/Src/stm32h7xx_hal_exti.c ****   if ((regval & maskline) != 0x00U)
 462              		.loc 1 407 3 is_stmt 1 view .LVU176
 463              		.loc 1 407 6 is_stmt 0 view .LVU177
 464 002e 2242     		tst	r2, r4
 465 0030 01D0     		beq	.L27
 408:Drivers/STM32H7xx_HAL_Driver/Src/stm32h7xx_hal_exti.c ****   {
 409:Drivers/STM32H7xx_HAL_Driver/Src/stm32h7xx_hal_exti.c ****     pExtiConfig->Mode = EXTI_MODE_INTERRUPT;
 466              		.loc 1 409 5 is_stmt 1 view .LVU178
 467              		.loc 1 409 23 is_stmt 0 view .LVU179
 468 0032 0124     		movs	r4, #1
 469              	.LVL66:
 470              		.loc 1 409 23 view .LVU180
 471 0034 5C60     		str	r4, [r3, #4]
 472              	.L27:
 410:Drivers/STM32H7xx_HAL_Driver/Src/stm32h7xx_hal_exti.c ****   }
 411:Drivers/STM32H7xx_HAL_Driver/Src/stm32h7xx_hal_exti.c **** 
 412:Drivers/STM32H7xx_HAL_Driver/Src/stm32h7xx_hal_exti.c ****   /* Get event mode */
 413:Drivers/STM32H7xx_HAL_Driver/Src/stm32h7xx_hal_exti.c ****   regaddr = (__IO uint32_t *)(&EXTI->EMR1 + (EXTI_MODE_OFFSET * offset));
 473              		.loc 1 413 3 is_stmt 1 view .LVU181
 474              	.LVL67:
 414:Drivers/STM32H7xx_HAL_Driver/Src/stm32h7xx_hal_exti.c ****   regval = *regaddr;
 475              		.loc 1 414 3 view .LVU182
 476              		.loc 1 414 10 is_stmt 0 view .LVU183
 477 0036 384C     		ldr	r4, .L43+4
 478 0038 5CF804C0 		ldr	ip, [ip, r4]
 479              	.LVL68:
 415:Drivers/STM32H7xx_HAL_Driver/Src/stm32h7xx_hal_exti.c **** 
 416:Drivers/STM32H7xx_HAL_Driver/Src/stm32h7xx_hal_exti.c ****   /* Check if selected line is enable */
 417:Drivers/STM32H7xx_HAL_Driver/Src/stm32h7xx_hal_exti.c ****   if ((regval & maskline) != 0x00U)
 480              		.loc 1 417 3 is_stmt 1 view .LVU184
ARM GAS  C:\Users\jason\AppData\Local\Temp\ccJN7av9.s 			page 18


 481              		.loc 1 417 6 is_stmt 0 view .LVU185
 482 003c 12EA0C0F 		tst	r2, ip
 483 0040 04D0     		beq	.L28
 418:Drivers/STM32H7xx_HAL_Driver/Src/stm32h7xx_hal_exti.c ****   {
 419:Drivers/STM32H7xx_HAL_Driver/Src/stm32h7xx_hal_exti.c ****     pExtiConfig->Mode |= EXTI_MODE_EVENT;
 484              		.loc 1 419 5 is_stmt 1 view .LVU186
 485              		.loc 1 419 23 is_stmt 0 view .LVU187
 486 0042 5C68     		ldr	r4, [r3, #4]
 487 0044 44F0020C 		orr	ip, r4, #2
 488              	.LVL69:
 489              		.loc 1 419 23 view .LVU188
 490 0048 C3F804C0 		str	ip, [r3, #4]
 491              	.L28:
 420:Drivers/STM32H7xx_HAL_Driver/Src/stm32h7xx_hal_exti.c ****   }
 421:Drivers/STM32H7xx_HAL_Driver/Src/stm32h7xx_hal_exti.c **** #if defined (DUAL_CORE)
 422:Drivers/STM32H7xx_HAL_Driver/Src/stm32h7xx_hal_exti.c ****   regaddr = (__IO uint32_t *)(&EXTI->C2IMR1 + (EXTI_MODE_OFFSET * offset));
 423:Drivers/STM32H7xx_HAL_Driver/Src/stm32h7xx_hal_exti.c ****   regval = *regaddr;
 424:Drivers/STM32H7xx_HAL_Driver/Src/stm32h7xx_hal_exti.c **** 
 425:Drivers/STM32H7xx_HAL_Driver/Src/stm32h7xx_hal_exti.c ****   /* Check if selected line is enable */
 426:Drivers/STM32H7xx_HAL_Driver/Src/stm32h7xx_hal_exti.c ****   if ((regval & maskline) != 0x00U)
 427:Drivers/STM32H7xx_HAL_Driver/Src/stm32h7xx_hal_exti.c ****   {
 428:Drivers/STM32H7xx_HAL_Driver/Src/stm32h7xx_hal_exti.c ****     pExtiConfig->Mode = EXTI_MODE_CORE2_INTERRUPT;
 429:Drivers/STM32H7xx_HAL_Driver/Src/stm32h7xx_hal_exti.c ****   }
 430:Drivers/STM32H7xx_HAL_Driver/Src/stm32h7xx_hal_exti.c **** 
 431:Drivers/STM32H7xx_HAL_Driver/Src/stm32h7xx_hal_exti.c ****   /* Get event mode */
 432:Drivers/STM32H7xx_HAL_Driver/Src/stm32h7xx_hal_exti.c ****   regaddr = (__IO uint32_t *)(&EXTI->C2EMR1 + (EXTI_MODE_OFFSET * offset));
 433:Drivers/STM32H7xx_HAL_Driver/Src/stm32h7xx_hal_exti.c ****   regval = *regaddr;
 434:Drivers/STM32H7xx_HAL_Driver/Src/stm32h7xx_hal_exti.c **** 
 435:Drivers/STM32H7xx_HAL_Driver/Src/stm32h7xx_hal_exti.c ****   /* Check if selected line is enable */
 436:Drivers/STM32H7xx_HAL_Driver/Src/stm32h7xx_hal_exti.c ****   if ((regval & maskline) != 0x00U)
 437:Drivers/STM32H7xx_HAL_Driver/Src/stm32h7xx_hal_exti.c ****   {
 438:Drivers/STM32H7xx_HAL_Driver/Src/stm32h7xx_hal_exti.c ****     pExtiConfig->Mode |= EXTI_MODE_CORE2_EVENT;
 439:Drivers/STM32H7xx_HAL_Driver/Src/stm32h7xx_hal_exti.c ****   }
 440:Drivers/STM32H7xx_HAL_Driver/Src/stm32h7xx_hal_exti.c **** #endif /*DUAL_CORE*/
 441:Drivers/STM32H7xx_HAL_Driver/Src/stm32h7xx_hal_exti.c **** 
 442:Drivers/STM32H7xx_HAL_Driver/Src/stm32h7xx_hal_exti.c ****   /* Get default Trigger and GPIOSel configuration */
 443:Drivers/STM32H7xx_HAL_Driver/Src/stm32h7xx_hal_exti.c ****   pExtiConfig->Trigger = EXTI_TRIGGER_NONE;
 492              		.loc 1 443 3 is_stmt 1 view .LVU189
 493              		.loc 1 443 24 is_stmt 0 view .LVU190
 494 004c 4FF0000C 		mov	ip, #0
 495 0050 C3F808C0 		str	ip, [r3, #8]
 444:Drivers/STM32H7xx_HAL_Driver/Src/stm32h7xx_hal_exti.c ****   pExtiConfig->GPIOSel = 0x00U;
 496              		.loc 1 444 3 is_stmt 1 view .LVU191
 497              		.loc 1 444 24 is_stmt 0 view .LVU192
 498 0054 C3F80CC0 		str	ip, [r3, #12]
 445:Drivers/STM32H7xx_HAL_Driver/Src/stm32h7xx_hal_exti.c **** 
 446:Drivers/STM32H7xx_HAL_Driver/Src/stm32h7xx_hal_exti.c ****   /* 2] Get trigger for configurable lines : rising */
 447:Drivers/STM32H7xx_HAL_Driver/Src/stm32h7xx_hal_exti.c ****   if ((pExtiConfig->Line & EXTI_CONFIG) != 0x00U)
 499              		.loc 1 447 3 is_stmt 1 view .LVU193
 500              		.loc 1 447 6 is_stmt 0 view .LVU194
 501 0058 11F0007F 		tst	r1, #33554432
 502 005c 18D0     		beq	.L29
 448:Drivers/STM32H7xx_HAL_Driver/Src/stm32h7xx_hal_exti.c ****   {
 449:Drivers/STM32H7xx_HAL_Driver/Src/stm32h7xx_hal_exti.c ****     regaddr = (__IO uint32_t *)(&EXTI->RTSR1 + (EXTI_CONFIG_OFFSET * offset));
 503              		.loc 1 449 5 is_stmt 1 view .LVU195
 504              		.loc 1 449 15 is_stmt 0 view .LVU196
 505 005e 4FEA401C 		lsl	ip, r0, #5
ARM GAS  C:\Users\jason\AppData\Local\Temp\ccJN7av9.s 			page 19


 506              		.loc 1 449 13 view .LVU197
 507 0062 0CF1B044 		add	r4, ip, #1476395008
 508              	.LVL70:
 450:Drivers/STM32H7xx_HAL_Driver/Src/stm32h7xx_hal_exti.c ****     regval = *regaddr;
 509              		.loc 1 450 5 is_stmt 1 view .LVU198
 510              		.loc 1 450 12 is_stmt 0 view .LVU199
 511 0066 2468     		ldr	r4, [r4]
 512              	.LVL71:
 451:Drivers/STM32H7xx_HAL_Driver/Src/stm32h7xx_hal_exti.c **** 
 452:Drivers/STM32H7xx_HAL_Driver/Src/stm32h7xx_hal_exti.c ****     /* Check if configuration of selected line is enable */
 453:Drivers/STM32H7xx_HAL_Driver/Src/stm32h7xx_hal_exti.c ****     if ((regval & maskline) != 0x00U)
 513              		.loc 1 453 5 is_stmt 1 view .LVU200
 514              		.loc 1 453 8 is_stmt 0 view .LVU201
 515 0068 2242     		tst	r2, r4
 516 006a 01D0     		beq	.L30
 454:Drivers/STM32H7xx_HAL_Driver/Src/stm32h7xx_hal_exti.c ****     {
 455:Drivers/STM32H7xx_HAL_Driver/Src/stm32h7xx_hal_exti.c ****       pExtiConfig->Trigger = EXTI_TRIGGER_RISING;
 517              		.loc 1 455 7 is_stmt 1 view .LVU202
 518              		.loc 1 455 28 is_stmt 0 view .LVU203
 519 006c 0124     		movs	r4, #1
 520              	.LVL72:
 521              		.loc 1 455 28 view .LVU204
 522 006e 9C60     		str	r4, [r3, #8]
 523              	.L30:
 456:Drivers/STM32H7xx_HAL_Driver/Src/stm32h7xx_hal_exti.c ****     }
 457:Drivers/STM32H7xx_HAL_Driver/Src/stm32h7xx_hal_exti.c **** 
 458:Drivers/STM32H7xx_HAL_Driver/Src/stm32h7xx_hal_exti.c ****     /* Get falling configuration */
 459:Drivers/STM32H7xx_HAL_Driver/Src/stm32h7xx_hal_exti.c ****     regaddr = (__IO uint32_t *)(&EXTI->FTSR1 + (EXTI_CONFIG_OFFSET * offset));
 524              		.loc 1 459 5 is_stmt 1 view .LVU205
 525              	.LVL73:
 460:Drivers/STM32H7xx_HAL_Driver/Src/stm32h7xx_hal_exti.c ****     regval = *regaddr;
 526              		.loc 1 460 5 view .LVU206
 527              		.loc 1 460 12 is_stmt 0 view .LVU207
 528 0070 2A4C     		ldr	r4, .L43+8
 529 0072 5CF804C0 		ldr	ip, [ip, r4]
 530              	.LVL74:
 461:Drivers/STM32H7xx_HAL_Driver/Src/stm32h7xx_hal_exti.c **** 
 462:Drivers/STM32H7xx_HAL_Driver/Src/stm32h7xx_hal_exti.c ****     /* Check if configuration of selected line is enable */
 463:Drivers/STM32H7xx_HAL_Driver/Src/stm32h7xx_hal_exti.c ****     if ((regval & maskline) != 0x00U)
 531              		.loc 1 463 5 is_stmt 1 view .LVU208
 532              		.loc 1 463 8 is_stmt 0 view .LVU209
 533 0076 12EA0C0F 		tst	r2, ip
 534 007a 04D0     		beq	.L31
 464:Drivers/STM32H7xx_HAL_Driver/Src/stm32h7xx_hal_exti.c ****     {
 465:Drivers/STM32H7xx_HAL_Driver/Src/stm32h7xx_hal_exti.c ****       pExtiConfig->Trigger |= EXTI_TRIGGER_FALLING;
 535              		.loc 1 465 7 is_stmt 1 view .LVU210
 536              		.loc 1 465 28 is_stmt 0 view .LVU211
 537 007c 9C68     		ldr	r4, [r3, #8]
 538 007e 44F0020C 		orr	ip, r4, #2
 539              	.LVL75:
 540              		.loc 1 465 28 view .LVU212
 541 0082 C3F808C0 		str	ip, [r3, #8]
 542              	.L31:
 466:Drivers/STM32H7xx_HAL_Driver/Src/stm32h7xx_hal_exti.c ****     }
 467:Drivers/STM32H7xx_HAL_Driver/Src/stm32h7xx_hal_exti.c **** 
 468:Drivers/STM32H7xx_HAL_Driver/Src/stm32h7xx_hal_exti.c ****     /* Get Gpio port selection for gpio lines */
 469:Drivers/STM32H7xx_HAL_Driver/Src/stm32h7xx_hal_exti.c ****     if ((pExtiConfig->Line & EXTI_GPIO) == EXTI_GPIO)
ARM GAS  C:\Users\jason\AppData\Local\Temp\ccJN7av9.s 			page 20


 543              		.loc 1 469 5 is_stmt 1 view .LVU213
 544              		.loc 1 469 28 is_stmt 0 view .LVU214
 545 0086 01F0C06C 		and	ip, r1, #100663296
 546              		.loc 1 469 8 view .LVU215
 547 008a BCF1C06F 		cmp	ip, #100663296
 548 008e 0AD0     		beq	.L41
 549              	.LVL76:
 550              	.L29:
 470:Drivers/STM32H7xx_HAL_Driver/Src/stm32h7xx_hal_exti.c ****     {
 471:Drivers/STM32H7xx_HAL_Driver/Src/stm32h7xx_hal_exti.c ****       assert_param(IS_EXTI_GPIO_PIN(linepos));
 472:Drivers/STM32H7xx_HAL_Driver/Src/stm32h7xx_hal_exti.c **** 
 473:Drivers/STM32H7xx_HAL_Driver/Src/stm32h7xx_hal_exti.c ****       regval = SYSCFG->EXTICR[(linepos >> 2U) & 0x03UL];
 474:Drivers/STM32H7xx_HAL_Driver/Src/stm32h7xx_hal_exti.c ****       pExtiConfig->GPIOSel = (regval >> (SYSCFG_EXTICR1_EXTI1_Pos * (linepos & 0x03u))) & SYSCFG_EX
 475:Drivers/STM32H7xx_HAL_Driver/Src/stm32h7xx_hal_exti.c ****     }
 476:Drivers/STM32H7xx_HAL_Driver/Src/stm32h7xx_hal_exti.c ****   }
 477:Drivers/STM32H7xx_HAL_Driver/Src/stm32h7xx_hal_exti.c **** 
 478:Drivers/STM32H7xx_HAL_Driver/Src/stm32h7xx_hal_exti.c ****   /* Get default Pend Clear Source */
 479:Drivers/STM32H7xx_HAL_Driver/Src/stm32h7xx_hal_exti.c ****   pExtiConfig->PendClearSource = EXTI_D3_PENDCLR_SRC_NONE;
 551              		.loc 1 479 3 is_stmt 1 view .LVU216
 552              		.loc 1 479 32 is_stmt 0 view .LVU217
 553 0090 4FF0000C 		mov	ip, #0
 554 0094 C3F810C0 		str	ip, [r3, #16]
 480:Drivers/STM32H7xx_HAL_Driver/Src/stm32h7xx_hal_exti.c **** 
 481:Drivers/STM32H7xx_HAL_Driver/Src/stm32h7xx_hal_exti.c ****   /* 3] Get D3 Pend Clear source */
 482:Drivers/STM32H7xx_HAL_Driver/Src/stm32h7xx_hal_exti.c ****   if ((pExtiConfig->Line & EXTI_TARGET_MASK) == EXTI_TARGET_MSK_ALL)
 555              		.loc 1 482 3 is_stmt 1 view .LVU218
 556              		.loc 1 482 26 is_stmt 0 view .LVU219
 557 0098 01F4401C 		and	ip, r1, #3145728
 558              		.loc 1 482 6 view .LVU220
 559 009c BCF5401F 		cmp	ip, #3145728
 560 00a0 13D0     		beq	.L42
 483:Drivers/STM32H7xx_HAL_Driver/Src/stm32h7xx_hal_exti.c ****   {
 484:Drivers/STM32H7xx_HAL_Driver/Src/stm32h7xx_hal_exti.c ****     regaddr = (__IO uint32_t *)(&EXTI->D3PMR1 + (EXTI_CONFIG_OFFSET * offset));
 485:Drivers/STM32H7xx_HAL_Driver/Src/stm32h7xx_hal_exti.c ****     if(((*regaddr) & linepos) != 0UL)
 486:Drivers/STM32H7xx_HAL_Driver/Src/stm32h7xx_hal_exti.c ****     {
 487:Drivers/STM32H7xx_HAL_Driver/Src/stm32h7xx_hal_exti.c ****       /* if wakeup target is any and PMR set, the read pend clear source from  D3PCRxL/H */
 488:Drivers/STM32H7xx_HAL_Driver/Src/stm32h7xx_hal_exti.c ****       if(linepos < 16UL)
 489:Drivers/STM32H7xx_HAL_Driver/Src/stm32h7xx_hal_exti.c ****       {
 490:Drivers/STM32H7xx_HAL_Driver/Src/stm32h7xx_hal_exti.c ****         regaddr = (__IO uint32_t *)(&EXTI->D3PCR1L + (EXTI_CONFIG_OFFSET * offset));
 491:Drivers/STM32H7xx_HAL_Driver/Src/stm32h7xx_hal_exti.c ****         pcrlinepos = 1UL << linepos;
 492:Drivers/STM32H7xx_HAL_Driver/Src/stm32h7xx_hal_exti.c ****       }
 493:Drivers/STM32H7xx_HAL_Driver/Src/stm32h7xx_hal_exti.c ****       else
 494:Drivers/STM32H7xx_HAL_Driver/Src/stm32h7xx_hal_exti.c ****       {
 495:Drivers/STM32H7xx_HAL_Driver/Src/stm32h7xx_hal_exti.c ****         regaddr = (__IO uint32_t *)(&EXTI->D3PCR1H + (EXTI_CONFIG_OFFSET * offset));
 496:Drivers/STM32H7xx_HAL_Driver/Src/stm32h7xx_hal_exti.c ****         pcrlinepos = 1UL << (linepos - 16UL);
 497:Drivers/STM32H7xx_HAL_Driver/Src/stm32h7xx_hal_exti.c ****       }
 498:Drivers/STM32H7xx_HAL_Driver/Src/stm32h7xx_hal_exti.c **** 
 499:Drivers/STM32H7xx_HAL_Driver/Src/stm32h7xx_hal_exti.c ****       pExtiConfig->PendClearSource = 1UL + ((*regaddr & (pcrlinepos * pcrlinepos * 3UL)) / (pcrline
 500:Drivers/STM32H7xx_HAL_Driver/Src/stm32h7xx_hal_exti.c ****     }
 501:Drivers/STM32H7xx_HAL_Driver/Src/stm32h7xx_hal_exti.c ****   }
 502:Drivers/STM32H7xx_HAL_Driver/Src/stm32h7xx_hal_exti.c **** 
 503:Drivers/STM32H7xx_HAL_Driver/Src/stm32h7xx_hal_exti.c ****   return HAL_OK;
 561              		.loc 1 503 10 view .LVU221
 562 00a2 0020     		movs	r0, #0
 563              	.LVL77:
 564              	.L26:
 504:Drivers/STM32H7xx_HAL_Driver/Src/stm32h7xx_hal_exti.c **** }
ARM GAS  C:\Users\jason\AppData\Local\Temp\ccJN7av9.s 			page 21


 565              		.loc 1 504 1 view .LVU222
 566 00a4 30BD     		pop	{r4, r5, pc}
 567              	.LVL78:
 568              	.L41:
 471:Drivers/STM32H7xx_HAL_Driver/Src/stm32h7xx_hal_exti.c **** 
 569              		.loc 1 471 7 is_stmt 1 view .LVU223
 473:Drivers/STM32H7xx_HAL_Driver/Src/stm32h7xx_hal_exti.c ****       pExtiConfig->GPIOSel = (regval >> (SYSCFG_EXTICR1_EXTI1_Pos * (linepos & 0x03u))) & SYSCFG_EX
 570              		.loc 1 473 7 view .LVU224
 473:Drivers/STM32H7xx_HAL_Driver/Src/stm32h7xx_hal_exti.c ****       pExtiConfig->GPIOSel = (regval >> (SYSCFG_EXTICR1_EXTI1_Pos * (linepos & 0x03u))) & SYSCFG_EX
 571              		.loc 1 473 47 is_stmt 0 view .LVU225
 572 00a6 CEF3810C 		ubfx	ip, lr, #2, #2
 473:Drivers/STM32H7xx_HAL_Driver/Src/stm32h7xx_hal_exti.c ****       pExtiConfig->GPIOSel = (regval >> (SYSCFG_EXTICR1_EXTI1_Pos * (linepos & 0x03u))) & SYSCFG_EX
 573              		.loc 1 473 14 view .LVU226
 574 00aa 0CF1020C 		add	ip, ip, #2
 575 00ae 1C4C     		ldr	r4, .L43+12
 576 00b0 54F82C40 		ldr	r4, [r4, ip, lsl #2]
 577              	.LVL79:
 474:Drivers/STM32H7xx_HAL_Driver/Src/stm32h7xx_hal_exti.c ****     }
 578              		.loc 1 474 7 is_stmt 1 view .LVU227
 474:Drivers/STM32H7xx_HAL_Driver/Src/stm32h7xx_hal_exti.c ****     }
 579              		.loc 1 474 78 is_stmt 0 view .LVU228
 580 00b4 01F0030C 		and	ip, r1, #3
 474:Drivers/STM32H7xx_HAL_Driver/Src/stm32h7xx_hal_exti.c ****     }
 581              		.loc 1 474 67 view .LVU229
 582 00b8 4FEA8C0C 		lsl	ip, ip, #2
 474:Drivers/STM32H7xx_HAL_Driver/Src/stm32h7xx_hal_exti.c ****     }
 583              		.loc 1 474 38 view .LVU230
 584 00bc 24FA0CFC 		lsr	ip, r4, ip
 474:Drivers/STM32H7xx_HAL_Driver/Src/stm32h7xx_hal_exti.c ****     }
 585              		.loc 1 474 89 view .LVU231
 586 00c0 0CF00F0C 		and	ip, ip, #15
 474:Drivers/STM32H7xx_HAL_Driver/Src/stm32h7xx_hal_exti.c ****     }
 587              		.loc 1 474 28 view .LVU232
 588 00c4 C3F80CC0 		str	ip, [r3, #12]
 589 00c8 E2E7     		b	.L29
 590              	.LVL80:
 591              	.L42:
 484:Drivers/STM32H7xx_HAL_Driver/Src/stm32h7xx_hal_exti.c ****     if(((*regaddr) & linepos) != 0UL)
 592              		.loc 1 484 5 is_stmt 1 view .LVU233
 484:Drivers/STM32H7xx_HAL_Driver/Src/stm32h7xx_hal_exti.c ****     if(((*regaddr) & linepos) != 0UL)
 593              		.loc 1 484 15 is_stmt 0 view .LVU234
 594 00ca 4001     		lsls	r0, r0, #5
 595              	.LVL81:
 484:Drivers/STM32H7xx_HAL_Driver/Src/stm32h7xx_hal_exti.c ****     if(((*regaddr) & linepos) != 0UL)
 596              		.loc 1 484 13 view .LVU235
 597 00cc DFF85CC0 		ldr	ip, .L43+24
 598              	.LVL82:
 485:Drivers/STM32H7xx_HAL_Driver/Src/stm32h7xx_hal_exti.c ****     {
 599              		.loc 1 485 5 is_stmt 1 view .LVU236
 485:Drivers/STM32H7xx_HAL_Driver/Src/stm32h7xx_hal_exti.c ****     {
 600              		.loc 1 485 10 is_stmt 0 view .LVU237
 601 00d0 50F80CC0 		ldr	ip, [r0, ip]
 602              	.LVL83:
 485:Drivers/STM32H7xx_HAL_Driver/Src/stm32h7xx_hal_exti.c ****     {
 603              		.loc 1 485 7 view .LVU238
 604 00d4 1CEA0E0F 		tst	ip, lr
 605 00d8 1AD0     		beq	.L36
ARM GAS  C:\Users\jason\AppData\Local\Temp\ccJN7av9.s 			page 22


 488:Drivers/STM32H7xx_HAL_Driver/Src/stm32h7xx_hal_exti.c ****       {
 606              		.loc 1 488 7 is_stmt 1 view .LVU239
 488:Drivers/STM32H7xx_HAL_Driver/Src/stm32h7xx_hal_exti.c ****       {
 607              		.loc 1 488 9 is_stmt 0 view .LVU240
 608 00da 11F0100F 		tst	r1, #16
 609 00de 0DD1     		bne	.L32
 490:Drivers/STM32H7xx_HAL_Driver/Src/stm32h7xx_hal_exti.c ****         pcrlinepos = 1UL << linepos;
 610              		.loc 1 490 9 is_stmt 1 view .LVU241
 490:Drivers/STM32H7xx_HAL_Driver/Src/stm32h7xx_hal_exti.c ****         pcrlinepos = 1UL << linepos;
 611              		.loc 1 490 17 is_stmt 0 view .LVU242
 612 00e0 1049     		ldr	r1, .L43+16
 613              	.LVL84:
 490:Drivers/STM32H7xx_HAL_Driver/Src/stm32h7xx_hal_exti.c ****         pcrlinepos = 1UL << linepos;
 614              		.loc 1 490 17 view .LVU243
 615 00e2 0144     		add	r1, r1, r0
 616              	.LVL85:
 491:Drivers/STM32H7xx_HAL_Driver/Src/stm32h7xx_hal_exti.c ****       }
 617              		.loc 1 491 9 is_stmt 1 view .LVU244
 618              	.L33:
 499:Drivers/STM32H7xx_HAL_Driver/Src/stm32h7xx_hal_exti.c ****     }
 619              		.loc 1 499 7 view .LVU245
 499:Drivers/STM32H7xx_HAL_Driver/Src/stm32h7xx_hal_exti.c ****     }
 620              		.loc 1 499 46 is_stmt 0 view .LVU246
 621 00e4 0968     		ldr	r1, [r1]
 622              	.LVL86:
 499:Drivers/STM32H7xx_HAL_Driver/Src/stm32h7xx_hal_exti.c ****     }
 623              		.loc 1 499 69 view .LVU247
 624 00e6 02FB02F2 		mul	r2, r2, r2
 625              	.LVL87:
 499:Drivers/STM32H7xx_HAL_Driver/Src/stm32h7xx_hal_exti.c ****     }
 626              		.loc 1 499 82 view .LVU248
 627 00ea 02EB4200 		add	r0, r2, r2, lsl #1
 499:Drivers/STM32H7xx_HAL_Driver/Src/stm32h7xx_hal_exti.c ****     }
 628              		.loc 1 499 55 view .LVU249
 629 00ee 0140     		ands	r1, r1, r0
 499:Drivers/STM32H7xx_HAL_Driver/Src/stm32h7xx_hal_exti.c ****     }
 630              		.loc 1 499 90 view .LVU250
 631 00f0 B1FBF2F2 		udiv	r2, r1, r2
 499:Drivers/STM32H7xx_HAL_Driver/Src/stm32h7xx_hal_exti.c ****     }
 632              		.loc 1 499 42 view .LVU251
 633 00f4 0132     		adds	r2, r2, #1
 499:Drivers/STM32H7xx_HAL_Driver/Src/stm32h7xx_hal_exti.c ****     }
 634              		.loc 1 499 36 view .LVU252
 635 00f6 1A61     		str	r2, [r3, #16]
 503:Drivers/STM32H7xx_HAL_Driver/Src/stm32h7xx_hal_exti.c **** }
 636              		.loc 1 503 10 view .LVU253
 637 00f8 0020     		movs	r0, #0
 638 00fa D3E7     		b	.L26
 639              	.LVL88:
 640              	.L32:
 495:Drivers/STM32H7xx_HAL_Driver/Src/stm32h7xx_hal_exti.c ****         pcrlinepos = 1UL << (linepos - 16UL);
 641              		.loc 1 495 9 is_stmt 1 view .LVU254
 495:Drivers/STM32H7xx_HAL_Driver/Src/stm32h7xx_hal_exti.c ****         pcrlinepos = 1UL << (linepos - 16UL);
 642              		.loc 1 495 17 is_stmt 0 view .LVU255
 643 00fc 0A49     		ldr	r1, .L43+20
 644              	.LVL89:
 495:Drivers/STM32H7xx_HAL_Driver/Src/stm32h7xx_hal_exti.c ****         pcrlinepos = 1UL << (linepos - 16UL);
ARM GAS  C:\Users\jason\AppData\Local\Temp\ccJN7av9.s 			page 23


 645              		.loc 1 495 17 view .LVU256
 646 00fe 0144     		add	r1, r1, r0
 647              	.LVL90:
 496:Drivers/STM32H7xx_HAL_Driver/Src/stm32h7xx_hal_exti.c ****       }
 648              		.loc 1 496 9 is_stmt 1 view .LVU257
 496:Drivers/STM32H7xx_HAL_Driver/Src/stm32h7xx_hal_exti.c ****       }
 649              		.loc 1 496 38 is_stmt 0 view .LVU258
 650 0100 AEF1100E 		sub	lr, lr, #16
 651              	.LVL91:
 496:Drivers/STM32H7xx_HAL_Driver/Src/stm32h7xx_hal_exti.c ****       }
 652              		.loc 1 496 20 view .LVU259
 653 0104 0122     		movs	r2, #1
 654              	.LVL92:
 496:Drivers/STM32H7xx_HAL_Driver/Src/stm32h7xx_hal_exti.c ****       }
 655              		.loc 1 496 20 view .LVU260
 656 0106 02FA0EF2 		lsl	r2, r2, lr
 657              	.LVL93:
 496:Drivers/STM32H7xx_HAL_Driver/Src/stm32h7xx_hal_exti.c ****       }
 658              		.loc 1 496 20 view .LVU261
 659 010a EBE7     		b	.L33
 660              	.LVL94:
 661              	.L34:
 662              		.cfi_def_cfa_offset 0
 663              		.cfi_restore 4
 664              		.cfi_restore 5
 665              		.cfi_restore 14
 386:Drivers/STM32H7xx_HAL_Driver/Src/stm32h7xx_hal_exti.c ****   }
 666              		.loc 1 386 12 view .LVU262
 667 010c 0120     		movs	r0, #1
 668              	.LVL95:
 669              		.loc 1 504 1 view .LVU263
 670 010e 7047     		bx	lr
 671              	.LVL96:
 672              	.L36:
 673              		.cfi_def_cfa_offset 12
 674              		.cfi_offset 4, -12
 675              		.cfi_offset 5, -8
 676              		.cfi_offset 14, -4
 503:Drivers/STM32H7xx_HAL_Driver/Src/stm32h7xx_hal_exti.c **** }
 677              		.loc 1 503 10 view .LVU264
 678 0110 0020     		movs	r0, #0
 679              	.LVL97:
 503:Drivers/STM32H7xx_HAL_Driver/Src/stm32h7xx_hal_exti.c **** }
 680              		.loc 1 503 10 view .LVU265
 681 0112 C7E7     		b	.L26
 682              	.L44:
 683              		.align	2
 684              	.L43:
 685 0114 80000058 		.word	1476395136
 686 0118 84000058 		.word	1476395140
 687 011c 04000058 		.word	1476395012
 688 0120 00040058 		.word	1476396032
 689 0124 10000058 		.word	1476395024
 690 0128 14000058 		.word	1476395028
 691 012c 0C000058 		.word	1476395020
 692              		.cfi_endproc
 693              	.LFE145:
ARM GAS  C:\Users\jason\AppData\Local\Temp\ccJN7av9.s 			page 24


 695              		.section	.text.HAL_EXTI_ClearConfigLine,"ax",%progbits
 696              		.align	1
 697              		.global	HAL_EXTI_ClearConfigLine
 698              		.syntax unified
 699              		.thumb
 700              		.thumb_func
 702              	HAL_EXTI_ClearConfigLine:
 703              	.LVL98:
 704              	.LFB146:
 505:Drivers/STM32H7xx_HAL_Driver/Src/stm32h7xx_hal_exti.c **** 
 506:Drivers/STM32H7xx_HAL_Driver/Src/stm32h7xx_hal_exti.c **** 
 507:Drivers/STM32H7xx_HAL_Driver/Src/stm32h7xx_hal_exti.c **** /**
 508:Drivers/STM32H7xx_HAL_Driver/Src/stm32h7xx_hal_exti.c ****   * @brief  Clear whole configuration of a dedicated Exti line.
 509:Drivers/STM32H7xx_HAL_Driver/Src/stm32h7xx_hal_exti.c ****   * @param  hexti Exti handle.
 510:Drivers/STM32H7xx_HAL_Driver/Src/stm32h7xx_hal_exti.c ****   * @retval HAL Status.
 511:Drivers/STM32H7xx_HAL_Driver/Src/stm32h7xx_hal_exti.c ****   */
 512:Drivers/STM32H7xx_HAL_Driver/Src/stm32h7xx_hal_exti.c **** HAL_StatusTypeDef HAL_EXTI_ClearConfigLine(const EXTI_HandleTypeDef *hexti)
 513:Drivers/STM32H7xx_HAL_Driver/Src/stm32h7xx_hal_exti.c **** {
 705              		.loc 1 513 1 is_stmt 1 view -0
 706              		.cfi_startproc
 707              		@ args = 0, pretend = 0, frame = 0
 708              		@ frame_needed = 0, uses_anonymous_args = 0
 514:Drivers/STM32H7xx_HAL_Driver/Src/stm32h7xx_hal_exti.c ****   __IO uint32_t *regaddr;
 709              		.loc 1 514 3 view .LVU267
 515:Drivers/STM32H7xx_HAL_Driver/Src/stm32h7xx_hal_exti.c ****   uint32_t regval;
 710              		.loc 1 515 3 view .LVU268
 516:Drivers/STM32H7xx_HAL_Driver/Src/stm32h7xx_hal_exti.c ****   uint32_t linepos;
 711              		.loc 1 516 3 view .LVU269
 517:Drivers/STM32H7xx_HAL_Driver/Src/stm32h7xx_hal_exti.c ****   uint32_t maskline;
 712              		.loc 1 517 3 view .LVU270
 518:Drivers/STM32H7xx_HAL_Driver/Src/stm32h7xx_hal_exti.c ****   uint32_t offset;
 713              		.loc 1 518 3 view .LVU271
 519:Drivers/STM32H7xx_HAL_Driver/Src/stm32h7xx_hal_exti.c ****   uint32_t pcrlinepos;
 714              		.loc 1 519 3 view .LVU272
 520:Drivers/STM32H7xx_HAL_Driver/Src/stm32h7xx_hal_exti.c **** 
 521:Drivers/STM32H7xx_HAL_Driver/Src/stm32h7xx_hal_exti.c ****   /* Check null pointer */
 522:Drivers/STM32H7xx_HAL_Driver/Src/stm32h7xx_hal_exti.c ****   if (hexti == NULL)
 715              		.loc 1 522 3 view .LVU273
 716              		.loc 1 522 6 is_stmt 0 view .LVU274
 717 0000 0028     		cmp	r0, #0
 718 0002 69D0     		beq	.L50
 513:Drivers/STM32H7xx_HAL_Driver/Src/stm32h7xx_hal_exti.c ****   __IO uint32_t *regaddr;
 719              		.loc 1 513 1 view .LVU275
 720 0004 2DE9F041 		push	{r4, r5, r6, r7, r8, lr}
 721              		.cfi_def_cfa_offset 24
 722              		.cfi_offset 4, -24
 723              		.cfi_offset 5, -20
 724              		.cfi_offset 6, -16
 725              		.cfi_offset 7, -12
 726              		.cfi_offset 8, -8
 727              		.cfi_offset 14, -4
 728 0008 0146     		mov	r1, r0
 523:Drivers/STM32H7xx_HAL_Driver/Src/stm32h7xx_hal_exti.c ****   {
 524:Drivers/STM32H7xx_HAL_Driver/Src/stm32h7xx_hal_exti.c ****     return HAL_ERROR;
 525:Drivers/STM32H7xx_HAL_Driver/Src/stm32h7xx_hal_exti.c ****   }
 526:Drivers/STM32H7xx_HAL_Driver/Src/stm32h7xx_hal_exti.c **** 
 527:Drivers/STM32H7xx_HAL_Driver/Src/stm32h7xx_hal_exti.c ****   /* Check the parameter */
ARM GAS  C:\Users\jason\AppData\Local\Temp\ccJN7av9.s 			page 25


 528:Drivers/STM32H7xx_HAL_Driver/Src/stm32h7xx_hal_exti.c ****   assert_param(IS_EXTI_LINE(hexti->Line));
 729              		.loc 1 528 3 is_stmt 1 view .LVU276
 529:Drivers/STM32H7xx_HAL_Driver/Src/stm32h7xx_hal_exti.c **** 
 530:Drivers/STM32H7xx_HAL_Driver/Src/stm32h7xx_hal_exti.c ****   /* compute line register offset and line mask */
 531:Drivers/STM32H7xx_HAL_Driver/Src/stm32h7xx_hal_exti.c ****   offset = ((hexti->Line & EXTI_REG_MASK) >> EXTI_REG_SHIFT);
 730              		.loc 1 531 3 view .LVU277
 731              		.loc 1 531 19 is_stmt 0 view .LVU278
 732 000a D0F800E0 		ldr	lr, [r0]
 733              		.loc 1 531 10 view .LVU279
 734 000e CEF30140 		ubfx	r0, lr, #16, #2
 735              	.LVL99:
 532:Drivers/STM32H7xx_HAL_Driver/Src/stm32h7xx_hal_exti.c ****   linepos = (hexti->Line & EXTI_PIN_MASK);
 736              		.loc 1 532 3 is_stmt 1 view .LVU280
 737              		.loc 1 532 11 is_stmt 0 view .LVU281
 738 0012 0EF01F05 		and	r5, lr, #31
 739              	.LVL100:
 533:Drivers/STM32H7xx_HAL_Driver/Src/stm32h7xx_hal_exti.c ****   maskline = (1UL << linepos);
 740              		.loc 1 533 3 is_stmt 1 view .LVU282
 741              		.loc 1 533 12 is_stmt 0 view .LVU283
 742 0016 0123     		movs	r3, #1
 743 0018 AB40     		lsls	r3, r3, r5
 744              	.LVL101:
 534:Drivers/STM32H7xx_HAL_Driver/Src/stm32h7xx_hal_exti.c **** 
 535:Drivers/STM32H7xx_HAL_Driver/Src/stm32h7xx_hal_exti.c ****   /* 1] Clear interrupt mode */
 536:Drivers/STM32H7xx_HAL_Driver/Src/stm32h7xx_hal_exti.c ****   regaddr = (__IO uint32_t *)(&EXTI->IMR1 + (EXTI_MODE_OFFSET * offset));
 745              		.loc 1 536 3 is_stmt 1 view .LVU284
 746              		.loc 1 536 13 is_stmt 0 view .LVU285
 747 001a 0201     		lsls	r2, r0, #4
 748              		.loc 1 536 11 view .LVU286
 749 001c 2F4E     		ldr	r6, .L58
 750              	.LVL102:
 537:Drivers/STM32H7xx_HAL_Driver/Src/stm32h7xx_hal_exti.c ****   regval = (*regaddr & ~maskline);
 751              		.loc 1 537 3 is_stmt 1 view .LVU287
 752              		.loc 1 537 13 is_stmt 0 view .LVU288
 753 001e 52F806C0 		ldr	ip, [r2, r6]
 754              		.loc 1 537 24 view .LVU289
 755 0022 DC43     		mvns	r4, r3
 756              		.loc 1 537 10 view .LVU290
 757 0024 2CEA030C 		bic	ip, ip, r3
 758              	.LVL103:
 538:Drivers/STM32H7xx_HAL_Driver/Src/stm32h7xx_hal_exti.c ****   *regaddr = regval;
 759              		.loc 1 538 3 is_stmt 1 view .LVU291
 760              		.loc 1 538 12 is_stmt 0 view .LVU292
 761 0028 42F806C0 		str	ip, [r2, r6]
 539:Drivers/STM32H7xx_HAL_Driver/Src/stm32h7xx_hal_exti.c **** 
 540:Drivers/STM32H7xx_HAL_Driver/Src/stm32h7xx_hal_exti.c ****   /* 2] Clear event mode */
 541:Drivers/STM32H7xx_HAL_Driver/Src/stm32h7xx_hal_exti.c ****   regaddr = (__IO uint32_t *)(&EXTI->EMR1 + (EXTI_MODE_OFFSET * offset));
 762              		.loc 1 541 3 is_stmt 1 view .LVU293
 763              		.loc 1 541 11 is_stmt 0 view .LVU294
 764 002c 0436     		adds	r6, r6, #4
 765              	.LVL104:
 542:Drivers/STM32H7xx_HAL_Driver/Src/stm32h7xx_hal_exti.c ****   regval = (*regaddr & ~maskline);
 766              		.loc 1 542 3 is_stmt 1 view .LVU295
 767              		.loc 1 542 13 is_stmt 0 view .LVU296
 768 002e 52F806C0 		ldr	ip, [r2, r6]
 769              	.LVL105:
 770              		.loc 1 542 10 view .LVU297
ARM GAS  C:\Users\jason\AppData\Local\Temp\ccJN7av9.s 			page 26


 771 0032 2CEA030C 		bic	ip, ip, r3
 772              	.LVL106:
 543:Drivers/STM32H7xx_HAL_Driver/Src/stm32h7xx_hal_exti.c ****   *regaddr = regval;
 773              		.loc 1 543 3 is_stmt 1 view .LVU298
 774              		.loc 1 543 12 is_stmt 0 view .LVU299
 775 0036 42F806C0 		str	ip, [r2, r6]
 544:Drivers/STM32H7xx_HAL_Driver/Src/stm32h7xx_hal_exti.c **** 
 545:Drivers/STM32H7xx_HAL_Driver/Src/stm32h7xx_hal_exti.c **** #if defined (DUAL_CORE)
 546:Drivers/STM32H7xx_HAL_Driver/Src/stm32h7xx_hal_exti.c ****     /* 1] Clear CM4 interrupt mode */
 547:Drivers/STM32H7xx_HAL_Driver/Src/stm32h7xx_hal_exti.c ****   regaddr = (__IO uint32_t *)(&EXTI->C2IMR1 + (EXTI_MODE_OFFSET * offset));
 548:Drivers/STM32H7xx_HAL_Driver/Src/stm32h7xx_hal_exti.c ****   regval = (*regaddr & ~maskline);
 549:Drivers/STM32H7xx_HAL_Driver/Src/stm32h7xx_hal_exti.c ****   *regaddr = regval;
 550:Drivers/STM32H7xx_HAL_Driver/Src/stm32h7xx_hal_exti.c **** 
 551:Drivers/STM32H7xx_HAL_Driver/Src/stm32h7xx_hal_exti.c ****   /* 2] Clear CM4 event mode */
 552:Drivers/STM32H7xx_HAL_Driver/Src/stm32h7xx_hal_exti.c ****   regaddr = (__IO uint32_t *)(&EXTI->C2EMR1 + (EXTI_MODE_OFFSET * offset));
 553:Drivers/STM32H7xx_HAL_Driver/Src/stm32h7xx_hal_exti.c ****   regval = (*regaddr & ~maskline);
 554:Drivers/STM32H7xx_HAL_Driver/Src/stm32h7xx_hal_exti.c ****   *regaddr = regval;
 555:Drivers/STM32H7xx_HAL_Driver/Src/stm32h7xx_hal_exti.c **** #endif /* DUAL_CORE */
 556:Drivers/STM32H7xx_HAL_Driver/Src/stm32h7xx_hal_exti.c **** 
 557:Drivers/STM32H7xx_HAL_Driver/Src/stm32h7xx_hal_exti.c ****   /* 3] Clear triggers in case of configurable lines */
 558:Drivers/STM32H7xx_HAL_Driver/Src/stm32h7xx_hal_exti.c ****   if ((hexti->Line & EXTI_CONFIG) != 0x00U)
 776              		.loc 1 558 3 is_stmt 1 view .LVU300
 777              		.loc 1 558 13 is_stmt 0 view .LVU301
 778 003a 0A68     		ldr	r2, [r1]
 779              	.LVL107:
 780              		.loc 1 558 6 view .LVU302
 781 003c 12F0007F 		tst	r2, #33554432
 782 0040 14D0     		beq	.L47
 559:Drivers/STM32H7xx_HAL_Driver/Src/stm32h7xx_hal_exti.c ****   {
 560:Drivers/STM32H7xx_HAL_Driver/Src/stm32h7xx_hal_exti.c ****     regaddr = (__IO uint32_t *)(&EXTI->RTSR1 + (EXTI_CONFIG_OFFSET * offset));
 783              		.loc 1 560 5 is_stmt 1 view .LVU303
 784              		.loc 1 560 15 is_stmt 0 view .LVU304
 785 0042 4201     		lsls	r2, r0, #5
 786              		.loc 1 560 13 view .LVU305
 787 0044 02F1B04C 		add	ip, r2, #1476395008
 788              	.LVL108:
 561:Drivers/STM32H7xx_HAL_Driver/Src/stm32h7xx_hal_exti.c ****     regval = (*regaddr & ~maskline);
 789              		.loc 1 561 5 is_stmt 1 view .LVU306
 790              		.loc 1 561 15 is_stmt 0 view .LVU307
 791 0048 DCF80060 		ldr	r6, [ip]
 792              	.LVL109:
 793              		.loc 1 561 12 view .LVU308
 794 004c 2640     		ands	r6, r6, r4
 795              	.LVL110:
 562:Drivers/STM32H7xx_HAL_Driver/Src/stm32h7xx_hal_exti.c ****     *regaddr = regval;
 796              		.loc 1 562 5 is_stmt 1 view .LVU309
 797              		.loc 1 562 14 is_stmt 0 view .LVU310
 798 004e CCF80060 		str	r6, [ip]
 563:Drivers/STM32H7xx_HAL_Driver/Src/stm32h7xx_hal_exti.c **** 
 564:Drivers/STM32H7xx_HAL_Driver/Src/stm32h7xx_hal_exti.c ****     regaddr = (__IO uint32_t *)(&EXTI->FTSR1 + (EXTI_CONFIG_OFFSET * offset));
 799              		.loc 1 564 5 is_stmt 1 view .LVU311
 800              		.loc 1 564 13 is_stmt 0 view .LVU312
 801 0052 DFF898C0 		ldr	ip, .L58+16
 802              	.LVL111:
 565:Drivers/STM32H7xx_HAL_Driver/Src/stm32h7xx_hal_exti.c ****     regval = (*regaddr & ~maskline);
 803              		.loc 1 565 5 is_stmt 1 view .LVU313
 804              		.loc 1 565 15 is_stmt 0 view .LVU314
ARM GAS  C:\Users\jason\AppData\Local\Temp\ccJN7av9.s 			page 27


 805 0056 52F80C60 		ldr	r6, [r2, ip]
 806              	.LVL112:
 807              		.loc 1 565 12 view .LVU315
 808 005a 2640     		ands	r6, r6, r4
 809              	.LVL113:
 566:Drivers/STM32H7xx_HAL_Driver/Src/stm32h7xx_hal_exti.c ****     *regaddr = regval;
 810              		.loc 1 566 5 is_stmt 1 view .LVU316
 811              		.loc 1 566 14 is_stmt 0 view .LVU317
 812 005c 42F80C60 		str	r6, [r2, ip]
 567:Drivers/STM32H7xx_HAL_Driver/Src/stm32h7xx_hal_exti.c **** 
 568:Drivers/STM32H7xx_HAL_Driver/Src/stm32h7xx_hal_exti.c ****     /* Get Gpio port selection for gpio lines */
 569:Drivers/STM32H7xx_HAL_Driver/Src/stm32h7xx_hal_exti.c ****     if ((hexti->Line & EXTI_GPIO) == EXTI_GPIO)
 813              		.loc 1 569 5 is_stmt 1 view .LVU318
 814              		.loc 1 569 15 is_stmt 0 view .LVU319
 815 0060 0A68     		ldr	r2, [r1]
 816              	.LVL114:
 817              		.loc 1 569 22 view .LVU320
 818 0062 02F0C062 		and	r2, r2, #100663296
 819              		.loc 1 569 8 view .LVU321
 820 0066 B2F1C06F 		cmp	r2, #100663296
 821 006a 08D0     		beq	.L56
 822              	.LVL115:
 823              	.L47:
 570:Drivers/STM32H7xx_HAL_Driver/Src/stm32h7xx_hal_exti.c ****     {
 571:Drivers/STM32H7xx_HAL_Driver/Src/stm32h7xx_hal_exti.c ****       assert_param(IS_EXTI_GPIO_PIN(linepos));
 572:Drivers/STM32H7xx_HAL_Driver/Src/stm32h7xx_hal_exti.c **** 
 573:Drivers/STM32H7xx_HAL_Driver/Src/stm32h7xx_hal_exti.c ****       regval = SYSCFG->EXTICR[(linepos >> 2U) & 0x03UL];
 574:Drivers/STM32H7xx_HAL_Driver/Src/stm32h7xx_hal_exti.c ****       regval &= ~(SYSCFG_EXTICR1_EXTI0 << (SYSCFG_EXTICR1_EXTI1_Pos * (linepos & 0x03UL)));
 575:Drivers/STM32H7xx_HAL_Driver/Src/stm32h7xx_hal_exti.c ****       SYSCFG->EXTICR[(linepos >> 2U) & 0x03UL] = regval;
 576:Drivers/STM32H7xx_HAL_Driver/Src/stm32h7xx_hal_exti.c ****     }
 577:Drivers/STM32H7xx_HAL_Driver/Src/stm32h7xx_hal_exti.c ****   }
 578:Drivers/STM32H7xx_HAL_Driver/Src/stm32h7xx_hal_exti.c **** 
 579:Drivers/STM32H7xx_HAL_Driver/Src/stm32h7xx_hal_exti.c ****   /* 4] Clear D3 Config lines */
 580:Drivers/STM32H7xx_HAL_Driver/Src/stm32h7xx_hal_exti.c ****   if ((hexti->Line & EXTI_TARGET_MASK) == EXTI_TARGET_MSK_ALL)
 824              		.loc 1 580 3 is_stmt 1 view .LVU322
 825              		.loc 1 580 13 is_stmt 0 view .LVU323
 826 006c 0A68     		ldr	r2, [r1]
 827              		.loc 1 580 20 view .LVU324
 828 006e 02F44012 		and	r2, r2, #3145728
 829              		.loc 1 580 6 view .LVU325
 830 0072 B2F5401F 		cmp	r2, #3145728
 831 0076 15D0     		beq	.L57
 581:Drivers/STM32H7xx_HAL_Driver/Src/stm32h7xx_hal_exti.c ****   {
 582:Drivers/STM32H7xx_HAL_Driver/Src/stm32h7xx_hal_exti.c ****     regaddr = (__IO uint32_t *)(&EXTI->D3PMR1 + (EXTI_CONFIG_OFFSET * offset));
 583:Drivers/STM32H7xx_HAL_Driver/Src/stm32h7xx_hal_exti.c ****     *regaddr = (*regaddr & ~maskline);
 584:Drivers/STM32H7xx_HAL_Driver/Src/stm32h7xx_hal_exti.c **** 
 585:Drivers/STM32H7xx_HAL_Driver/Src/stm32h7xx_hal_exti.c ****     if(linepos < 16UL)
 586:Drivers/STM32H7xx_HAL_Driver/Src/stm32h7xx_hal_exti.c ****     {
 587:Drivers/STM32H7xx_HAL_Driver/Src/stm32h7xx_hal_exti.c ****       regaddr = (__IO uint32_t *)(&EXTI->D3PCR1L + (EXTI_CONFIG_OFFSET * offset));
 588:Drivers/STM32H7xx_HAL_Driver/Src/stm32h7xx_hal_exti.c ****       pcrlinepos = 1UL << linepos;
 589:Drivers/STM32H7xx_HAL_Driver/Src/stm32h7xx_hal_exti.c ****     }
 590:Drivers/STM32H7xx_HAL_Driver/Src/stm32h7xx_hal_exti.c ****     else
 591:Drivers/STM32H7xx_HAL_Driver/Src/stm32h7xx_hal_exti.c ****     {
 592:Drivers/STM32H7xx_HAL_Driver/Src/stm32h7xx_hal_exti.c ****       regaddr = (__IO uint32_t *)(&EXTI->D3PCR1H + (EXTI_CONFIG_OFFSET * offset));
 593:Drivers/STM32H7xx_HAL_Driver/Src/stm32h7xx_hal_exti.c ****       pcrlinepos = 1UL << (linepos - 16UL);
 594:Drivers/STM32H7xx_HAL_Driver/Src/stm32h7xx_hal_exti.c ****     }
 595:Drivers/STM32H7xx_HAL_Driver/Src/stm32h7xx_hal_exti.c **** 
ARM GAS  C:\Users\jason\AppData\Local\Temp\ccJN7av9.s 			page 28


 596:Drivers/STM32H7xx_HAL_Driver/Src/stm32h7xx_hal_exti.c ****     /*Clear D3 PendClear source */
 597:Drivers/STM32H7xx_HAL_Driver/Src/stm32h7xx_hal_exti.c ****     *regaddr &= (~(pcrlinepos * pcrlinepos * 3UL));
 598:Drivers/STM32H7xx_HAL_Driver/Src/stm32h7xx_hal_exti.c ****   }
 599:Drivers/STM32H7xx_HAL_Driver/Src/stm32h7xx_hal_exti.c **** 
 600:Drivers/STM32H7xx_HAL_Driver/Src/stm32h7xx_hal_exti.c ****   return HAL_OK;
 832              		.loc 1 600 10 view .LVU326
 833 0078 0020     		movs	r0, #0
 834              	.LVL116:
 835              	.L46:
 601:Drivers/STM32H7xx_HAL_Driver/Src/stm32h7xx_hal_exti.c **** }
 836              		.loc 1 601 1 view .LVU327
 837 007a BDE8F081 		pop	{r4, r5, r6, r7, r8, pc}
 838              	.LVL117:
 839              	.L56:
 571:Drivers/STM32H7xx_HAL_Driver/Src/stm32h7xx_hal_exti.c **** 
 840              		.loc 1 571 7 is_stmt 1 view .LVU328
 573:Drivers/STM32H7xx_HAL_Driver/Src/stm32h7xx_hal_exti.c ****       regval &= ~(SYSCFG_EXTICR1_EXTI0 << (SYSCFG_EXTICR1_EXTI1_Pos * (linepos & 0x03UL)));
 841              		.loc 1 573 7 view .LVU329
 573:Drivers/STM32H7xx_HAL_Driver/Src/stm32h7xx_hal_exti.c ****       regval &= ~(SYSCFG_EXTICR1_EXTI0 << (SYSCFG_EXTICR1_EXTI1_Pos * (linepos & 0x03UL)));
 842              		.loc 1 573 47 is_stmt 0 view .LVU330
 843 007e C5F38102 		ubfx	r2, r5, #2, #2
 573:Drivers/STM32H7xx_HAL_Driver/Src/stm32h7xx_hal_exti.c ****       regval &= ~(SYSCFG_EXTICR1_EXTI0 << (SYSCFG_EXTICR1_EXTI1_Pos * (linepos & 0x03UL)));
 844              		.loc 1 573 14 view .LVU331
 845 0082 0232     		adds	r2, r2, #2
 846 0084 164F     		ldr	r7, .L58+4
 847 0086 57F82260 		ldr	r6, [r7, r2, lsl #2]
 848              	.LVL118:
 574:Drivers/STM32H7xx_HAL_Driver/Src/stm32h7xx_hal_exti.c ****       SYSCFG->EXTICR[(linepos >> 2U) & 0x03UL] = regval;
 849              		.loc 1 574 7 is_stmt 1 view .LVU332
 574:Drivers/STM32H7xx_HAL_Driver/Src/stm32h7xx_hal_exti.c ****       SYSCFG->EXTICR[(linepos >> 2U) & 0x03UL] = regval;
 850              		.loc 1 574 80 is_stmt 0 view .LVU333
 851 008a 0EF0030C 		and	ip, lr, #3
 852              	.LVL119:
 574:Drivers/STM32H7xx_HAL_Driver/Src/stm32h7xx_hal_exti.c ****       SYSCFG->EXTICR[(linepos >> 2U) & 0x03UL] = regval;
 853              		.loc 1 574 69 view .LVU334
 854 008e 4FEA8C0C 		lsl	ip, ip, #2
 574:Drivers/STM32H7xx_HAL_Driver/Src/stm32h7xx_hal_exti.c ****       SYSCFG->EXTICR[(linepos >> 2U) & 0x03UL] = regval;
 855              		.loc 1 574 40 view .LVU335
 856 0092 4FF00F08 		mov	r8, #15
 857 0096 08FA0CFC 		lsl	ip, r8, ip
 574:Drivers/STM32H7xx_HAL_Driver/Src/stm32h7xx_hal_exti.c ****       SYSCFG->EXTICR[(linepos >> 2U) & 0x03UL] = regval;
 858              		.loc 1 574 14 view .LVU336
 859 009a 26EA0C06 		bic	r6, r6, ip
 860              	.LVL120:
 575:Drivers/STM32H7xx_HAL_Driver/Src/stm32h7xx_hal_exti.c ****     }
 861              		.loc 1 575 7 is_stmt 1 view .LVU337
 575:Drivers/STM32H7xx_HAL_Driver/Src/stm32h7xx_hal_exti.c ****     }
 862              		.loc 1 575 48 is_stmt 0 view .LVU338
 863 009e 47F82260 		str	r6, [r7, r2, lsl #2]
 864 00a2 E3E7     		b	.L47
 865              	.LVL121:
 866              	.L57:
 582:Drivers/STM32H7xx_HAL_Driver/Src/stm32h7xx_hal_exti.c ****     *regaddr = (*regaddr & ~maskline);
 867              		.loc 1 582 5 is_stmt 1 view .LVU339
 582:Drivers/STM32H7xx_HAL_Driver/Src/stm32h7xx_hal_exti.c ****     *regaddr = (*regaddr & ~maskline);
 868              		.loc 1 582 15 is_stmt 0 view .LVU340
 869 00a4 4001     		lsls	r0, r0, #5
ARM GAS  C:\Users\jason\AppData\Local\Temp\ccJN7av9.s 			page 29


 870              	.LVL122:
 582:Drivers/STM32H7xx_HAL_Driver/Src/stm32h7xx_hal_exti.c ****     *regaddr = (*regaddr & ~maskline);
 871              		.loc 1 582 13 view .LVU341
 872 00a6 0F4A     		ldr	r2, .L58+8
 873              	.LVL123:
 583:Drivers/STM32H7xx_HAL_Driver/Src/stm32h7xx_hal_exti.c **** 
 874              		.loc 1 583 5 is_stmt 1 view .LVU342
 583:Drivers/STM32H7xx_HAL_Driver/Src/stm32h7xx_hal_exti.c **** 
 875              		.loc 1 583 17 is_stmt 0 view .LVU343
 876 00a8 8158     		ldr	r1, [r0, r2]
 877              	.LVL124:
 583:Drivers/STM32H7xx_HAL_Driver/Src/stm32h7xx_hal_exti.c **** 
 878              		.loc 1 583 26 view .LVU344
 879 00aa 0C40     		ands	r4, r4, r1
 583:Drivers/STM32H7xx_HAL_Driver/Src/stm32h7xx_hal_exti.c **** 
 880              		.loc 1 583 14 view .LVU345
 881 00ac 8450     		str	r4, [r0, r2]
 585:Drivers/STM32H7xx_HAL_Driver/Src/stm32h7xx_hal_exti.c ****     {
 882              		.loc 1 585 5 is_stmt 1 view .LVU346
 585:Drivers/STM32H7xx_HAL_Driver/Src/stm32h7xx_hal_exti.c ****     {
 883              		.loc 1 585 7 is_stmt 0 view .LVU347
 884 00ae 1EF0100F 		tst	lr, #16
 885 00b2 0BD1     		bne	.L48
 587:Drivers/STM32H7xx_HAL_Driver/Src/stm32h7xx_hal_exti.c ****       pcrlinepos = 1UL << linepos;
 886              		.loc 1 587 7 is_stmt 1 view .LVU348
 587:Drivers/STM32H7xx_HAL_Driver/Src/stm32h7xx_hal_exti.c ****       pcrlinepos = 1UL << linepos;
 887              		.loc 1 587 15 is_stmt 0 view .LVU349
 888 00b4 0432     		adds	r2, r2, #4
 889              	.LVL125:
 587:Drivers/STM32H7xx_HAL_Driver/Src/stm32h7xx_hal_exti.c ****       pcrlinepos = 1UL << linepos;
 890              		.loc 1 587 15 view .LVU350
 891 00b6 0244     		add	r2, r2, r0
 892              	.LVL126:
 588:Drivers/STM32H7xx_HAL_Driver/Src/stm32h7xx_hal_exti.c ****     }
 893              		.loc 1 588 7 is_stmt 1 view .LVU351
 894              	.L49:
 597:Drivers/STM32H7xx_HAL_Driver/Src/stm32h7xx_hal_exti.c ****   }
 895              		.loc 1 597 5 view .LVU352
 896 00b8 1168     		ldr	r1, [r2]
 597:Drivers/STM32H7xx_HAL_Driver/Src/stm32h7xx_hal_exti.c ****   }
 897              		.loc 1 597 31 is_stmt 0 view .LVU353
 898 00ba 03FB03F3 		mul	r3, r3, r3
 899              	.LVL127:
 597:Drivers/STM32H7xx_HAL_Driver/Src/stm32h7xx_hal_exti.c ****   }
 900              		.loc 1 597 44 view .LVU354
 901 00be 03EB4303 		add	r3, r3, r3, lsl #1
 597:Drivers/STM32H7xx_HAL_Driver/Src/stm32h7xx_hal_exti.c ****   }
 902              		.loc 1 597 14 view .LVU355
 903 00c2 21EA0303 		bic	r3, r1, r3
 904 00c6 1360     		str	r3, [r2]
 600:Drivers/STM32H7xx_HAL_Driver/Src/stm32h7xx_hal_exti.c **** }
 905              		.loc 1 600 10 view .LVU356
 906 00c8 0020     		movs	r0, #0
 907 00ca D6E7     		b	.L46
 908              	.LVL128:
 909              	.L48:
 592:Drivers/STM32H7xx_HAL_Driver/Src/stm32h7xx_hal_exti.c ****       pcrlinepos = 1UL << (linepos - 16UL);
ARM GAS  C:\Users\jason\AppData\Local\Temp\ccJN7av9.s 			page 30


 910              		.loc 1 592 7 is_stmt 1 view .LVU357
 592:Drivers/STM32H7xx_HAL_Driver/Src/stm32h7xx_hal_exti.c ****       pcrlinepos = 1UL << (linepos - 16UL);
 911              		.loc 1 592 15 is_stmt 0 view .LVU358
 912 00cc 064A     		ldr	r2, .L58+12
 913              	.LVL129:
 592:Drivers/STM32H7xx_HAL_Driver/Src/stm32h7xx_hal_exti.c ****       pcrlinepos = 1UL << (linepos - 16UL);
 914              		.loc 1 592 15 view .LVU359
 915 00ce 0244     		add	r2, r2, r0
 916              	.LVL130:
 593:Drivers/STM32H7xx_HAL_Driver/Src/stm32h7xx_hal_exti.c ****     }
 917              		.loc 1 593 7 is_stmt 1 view .LVU360
 593:Drivers/STM32H7xx_HAL_Driver/Src/stm32h7xx_hal_exti.c ****     }
 918              		.loc 1 593 36 is_stmt 0 view .LVU361
 919 00d0 103D     		subs	r5, r5, #16
 920              	.LVL131:
 593:Drivers/STM32H7xx_HAL_Driver/Src/stm32h7xx_hal_exti.c ****     }
 921              		.loc 1 593 18 view .LVU362
 922 00d2 0123     		movs	r3, #1
 923              	.LVL132:
 593:Drivers/STM32H7xx_HAL_Driver/Src/stm32h7xx_hal_exti.c ****     }
 924              		.loc 1 593 18 view .LVU363
 925 00d4 AB40     		lsls	r3, r3, r5
 926              	.LVL133:
 593:Drivers/STM32H7xx_HAL_Driver/Src/stm32h7xx_hal_exti.c ****     }
 927              		.loc 1 593 18 view .LVU364
 928 00d6 EFE7     		b	.L49
 929              	.LVL134:
 930              	.L50:
 931              		.cfi_def_cfa_offset 0
 932              		.cfi_restore 4
 933              		.cfi_restore 5
 934              		.cfi_restore 6
 935              		.cfi_restore 7
 936              		.cfi_restore 8
 937              		.cfi_restore 14
 524:Drivers/STM32H7xx_HAL_Driver/Src/stm32h7xx_hal_exti.c ****   }
 938              		.loc 1 524 12 view .LVU365
 939 00d8 0120     		movs	r0, #1
 940              	.LVL135:
 941              		.loc 1 601 1 view .LVU366
 942 00da 7047     		bx	lr
 943              	.L59:
 944              		.align	2
 945              	.L58:
 946 00dc 80000058 		.word	1476395136
 947 00e0 00040058 		.word	1476396032
 948 00e4 0C000058 		.word	1476395020
 949 00e8 14000058 		.word	1476395028
 950 00ec 04000058 		.word	1476395012
 951              		.cfi_endproc
 952              	.LFE146:
 954              		.section	.text.HAL_EXTI_RegisterCallback,"ax",%progbits
 955              		.align	1
 956              		.global	HAL_EXTI_RegisterCallback
 957              		.syntax unified
 958              		.thumb
 959              		.thumb_func
ARM GAS  C:\Users\jason\AppData\Local\Temp\ccJN7av9.s 			page 31


 961              	HAL_EXTI_RegisterCallback:
 962              	.LVL136:
 963              	.LFB147:
 602:Drivers/STM32H7xx_HAL_Driver/Src/stm32h7xx_hal_exti.c **** 
 603:Drivers/STM32H7xx_HAL_Driver/Src/stm32h7xx_hal_exti.c **** 
 604:Drivers/STM32H7xx_HAL_Driver/Src/stm32h7xx_hal_exti.c **** /**
 605:Drivers/STM32H7xx_HAL_Driver/Src/stm32h7xx_hal_exti.c ****   * @brief  Register callback for a dedicated Exti line.
 606:Drivers/STM32H7xx_HAL_Driver/Src/stm32h7xx_hal_exti.c ****   * @param  hexti Exti handle.
 607:Drivers/STM32H7xx_HAL_Driver/Src/stm32h7xx_hal_exti.c ****   * @param  CallbackID User callback identifier.
 608:Drivers/STM32H7xx_HAL_Driver/Src/stm32h7xx_hal_exti.c ****   *         This parameter can be one of @arg @ref EXTI_CallbackIDTypeDef values.
 609:Drivers/STM32H7xx_HAL_Driver/Src/stm32h7xx_hal_exti.c ****   * @param  pPendingCbfn function pointer to be stored as callback.
 610:Drivers/STM32H7xx_HAL_Driver/Src/stm32h7xx_hal_exti.c ****   * @retval HAL Status.
 611:Drivers/STM32H7xx_HAL_Driver/Src/stm32h7xx_hal_exti.c ****   */
 612:Drivers/STM32H7xx_HAL_Driver/Src/stm32h7xx_hal_exti.c **** HAL_StatusTypeDef HAL_EXTI_RegisterCallback(EXTI_HandleTypeDef *hexti, EXTI_CallbackIDTypeDef Callb
 613:Drivers/STM32H7xx_HAL_Driver/Src/stm32h7xx_hal_exti.c **** {
 964              		.loc 1 613 1 is_stmt 1 view -0
 965              		.cfi_startproc
 966              		@ args = 0, pretend = 0, frame = 0
 967              		@ frame_needed = 0, uses_anonymous_args = 0
 968              		@ link register save eliminated.
 614:Drivers/STM32H7xx_HAL_Driver/Src/stm32h7xx_hal_exti.c ****   HAL_StatusTypeDef status = HAL_OK;
 969              		.loc 1 614 3 view .LVU368
 615:Drivers/STM32H7xx_HAL_Driver/Src/stm32h7xx_hal_exti.c **** 
 616:Drivers/STM32H7xx_HAL_Driver/Src/stm32h7xx_hal_exti.c ****   /* Check null pointer */
 617:Drivers/STM32H7xx_HAL_Driver/Src/stm32h7xx_hal_exti.c ****   if (hexti == NULL)
 970              		.loc 1 617 3 view .LVU369
 971              		.loc 1 617 6 is_stmt 0 view .LVU370
 972 0000 18B1     		cbz	r0, .L62
 618:Drivers/STM32H7xx_HAL_Driver/Src/stm32h7xx_hal_exti.c ****   {
 619:Drivers/STM32H7xx_HAL_Driver/Src/stm32h7xx_hal_exti.c ****     return HAL_ERROR;
 620:Drivers/STM32H7xx_HAL_Driver/Src/stm32h7xx_hal_exti.c ****   }
 621:Drivers/STM32H7xx_HAL_Driver/Src/stm32h7xx_hal_exti.c **** 
 622:Drivers/STM32H7xx_HAL_Driver/Src/stm32h7xx_hal_exti.c ****   switch (CallbackID)
 973              		.loc 1 622 3 is_stmt 1 view .LVU371
 974 0002 21B9     		cbnz	r1, .L63
 623:Drivers/STM32H7xx_HAL_Driver/Src/stm32h7xx_hal_exti.c ****   {
 624:Drivers/STM32H7xx_HAL_Driver/Src/stm32h7xx_hal_exti.c ****     case  HAL_EXTI_COMMON_CB_ID:
 625:Drivers/STM32H7xx_HAL_Driver/Src/stm32h7xx_hal_exti.c ****       hexti->PendingCallback = pPendingCbfn;
 975              		.loc 1 625 7 view .LVU372
 976              		.loc 1 625 30 is_stmt 0 view .LVU373
 977 0004 4260     		str	r2, [r0, #4]
 626:Drivers/STM32H7xx_HAL_Driver/Src/stm32h7xx_hal_exti.c ****       break;
 978              		.loc 1 626 7 is_stmt 1 view .LVU374
 614:Drivers/STM32H7xx_HAL_Driver/Src/stm32h7xx_hal_exti.c **** 
 979              		.loc 1 614 21 is_stmt 0 view .LVU375
 980 0006 0846     		mov	r0, r1
 981              	.LVL137:
 982              		.loc 1 626 7 view .LVU376
 983 0008 7047     		bx	lr
 984              	.LVL138:
 985              	.L62:
 619:Drivers/STM32H7xx_HAL_Driver/Src/stm32h7xx_hal_exti.c ****   }
 986              		.loc 1 619 12 view .LVU377
 987 000a 0120     		movs	r0, #1
 988              	.LVL139:
 619:Drivers/STM32H7xx_HAL_Driver/Src/stm32h7xx_hal_exti.c ****   }
 989              		.loc 1 619 12 view .LVU378
ARM GAS  C:\Users\jason\AppData\Local\Temp\ccJN7av9.s 			page 32


 990 000c 7047     		bx	lr
 991              	.LVL140:
 992              	.L63:
 627:Drivers/STM32H7xx_HAL_Driver/Src/stm32h7xx_hal_exti.c **** 
 628:Drivers/STM32H7xx_HAL_Driver/Src/stm32h7xx_hal_exti.c ****     default:
 629:Drivers/STM32H7xx_HAL_Driver/Src/stm32h7xx_hal_exti.c ****       status = HAL_ERROR;
 993              		.loc 1 629 14 view .LVU379
 994 000e 0120     		movs	r0, #1
 995              	.LVL141:
 630:Drivers/STM32H7xx_HAL_Driver/Src/stm32h7xx_hal_exti.c ****       break;
 631:Drivers/STM32H7xx_HAL_Driver/Src/stm32h7xx_hal_exti.c ****   }
 632:Drivers/STM32H7xx_HAL_Driver/Src/stm32h7xx_hal_exti.c **** 
 633:Drivers/STM32H7xx_HAL_Driver/Src/stm32h7xx_hal_exti.c ****   return status;
 634:Drivers/STM32H7xx_HAL_Driver/Src/stm32h7xx_hal_exti.c **** }
 996              		.loc 1 634 1 view .LVU380
 997 0010 7047     		bx	lr
 998              		.cfi_endproc
 999              	.LFE147:
 1001              		.section	.text.HAL_EXTI_GetHandle,"ax",%progbits
 1002              		.align	1
 1003              		.global	HAL_EXTI_GetHandle
 1004              		.syntax unified
 1005              		.thumb
 1006              		.thumb_func
 1008              	HAL_EXTI_GetHandle:
 1009              	.LVL142:
 1010              	.LFB148:
 635:Drivers/STM32H7xx_HAL_Driver/Src/stm32h7xx_hal_exti.c **** 
 636:Drivers/STM32H7xx_HAL_Driver/Src/stm32h7xx_hal_exti.c **** 
 637:Drivers/STM32H7xx_HAL_Driver/Src/stm32h7xx_hal_exti.c **** /**
 638:Drivers/STM32H7xx_HAL_Driver/Src/stm32h7xx_hal_exti.c ****   * @brief  Store line number as handle private field.
 639:Drivers/STM32H7xx_HAL_Driver/Src/stm32h7xx_hal_exti.c ****   * @param  hexti Exti handle.
 640:Drivers/STM32H7xx_HAL_Driver/Src/stm32h7xx_hal_exti.c ****   * @param  ExtiLine Exti line number.
 641:Drivers/STM32H7xx_HAL_Driver/Src/stm32h7xx_hal_exti.c ****   *         This parameter can be from 0 to @ref EXTI_LINE_NB.
 642:Drivers/STM32H7xx_HAL_Driver/Src/stm32h7xx_hal_exti.c ****   * @retval HAL Status.
 643:Drivers/STM32H7xx_HAL_Driver/Src/stm32h7xx_hal_exti.c ****   */
 644:Drivers/STM32H7xx_HAL_Driver/Src/stm32h7xx_hal_exti.c **** HAL_StatusTypeDef HAL_EXTI_GetHandle(EXTI_HandleTypeDef *hexti, uint32_t ExtiLine)
 645:Drivers/STM32H7xx_HAL_Driver/Src/stm32h7xx_hal_exti.c **** {
 1011              		.loc 1 645 1 is_stmt 1 view -0
 1012              		.cfi_startproc
 1013              		@ args = 0, pretend = 0, frame = 0
 1014              		@ frame_needed = 0, uses_anonymous_args = 0
 1015              		@ link register save eliminated.
 646:Drivers/STM32H7xx_HAL_Driver/Src/stm32h7xx_hal_exti.c ****   /* Check the parameters */
 647:Drivers/STM32H7xx_HAL_Driver/Src/stm32h7xx_hal_exti.c ****   assert_param(IS_EXTI_LINE(ExtiLine));
 1016              		.loc 1 647 3 view .LVU382
 648:Drivers/STM32H7xx_HAL_Driver/Src/stm32h7xx_hal_exti.c **** 
 649:Drivers/STM32H7xx_HAL_Driver/Src/stm32h7xx_hal_exti.c ****   /* Check null pointer */
 650:Drivers/STM32H7xx_HAL_Driver/Src/stm32h7xx_hal_exti.c ****   if (hexti == NULL)
 1017              		.loc 1 650 3 view .LVU383
 1018              		.loc 1 650 6 is_stmt 0 view .LVU384
 1019 0000 10B1     		cbz	r0, .L66
 651:Drivers/STM32H7xx_HAL_Driver/Src/stm32h7xx_hal_exti.c ****   {
 652:Drivers/STM32H7xx_HAL_Driver/Src/stm32h7xx_hal_exti.c ****     return HAL_ERROR;
 653:Drivers/STM32H7xx_HAL_Driver/Src/stm32h7xx_hal_exti.c ****   }
 654:Drivers/STM32H7xx_HAL_Driver/Src/stm32h7xx_hal_exti.c ****   else
 655:Drivers/STM32H7xx_HAL_Driver/Src/stm32h7xx_hal_exti.c ****   {
ARM GAS  C:\Users\jason\AppData\Local\Temp\ccJN7av9.s 			page 33


 656:Drivers/STM32H7xx_HAL_Driver/Src/stm32h7xx_hal_exti.c ****     /* Store line number as handle private field */
 657:Drivers/STM32H7xx_HAL_Driver/Src/stm32h7xx_hal_exti.c ****     hexti->Line = ExtiLine;
 1020              		.loc 1 657 5 is_stmt 1 view .LVU385
 1021              		.loc 1 657 17 is_stmt 0 view .LVU386
 1022 0002 0160     		str	r1, [r0]
 658:Drivers/STM32H7xx_HAL_Driver/Src/stm32h7xx_hal_exti.c **** 
 659:Drivers/STM32H7xx_HAL_Driver/Src/stm32h7xx_hal_exti.c ****     return HAL_OK;
 1023              		.loc 1 659 5 is_stmt 1 view .LVU387
 1024              		.loc 1 659 12 is_stmt 0 view .LVU388
 1025 0004 0020     		movs	r0, #0
 1026              	.LVL143:
 1027              		.loc 1 659 12 view .LVU389
 1028 0006 7047     		bx	lr
 1029              	.LVL144:
 1030              	.L66:
 652:Drivers/STM32H7xx_HAL_Driver/Src/stm32h7xx_hal_exti.c ****   }
 1031              		.loc 1 652 12 view .LVU390
 1032 0008 0120     		movs	r0, #1
 1033              	.LVL145:
 660:Drivers/STM32H7xx_HAL_Driver/Src/stm32h7xx_hal_exti.c ****   }
 661:Drivers/STM32H7xx_HAL_Driver/Src/stm32h7xx_hal_exti.c **** }
 1034              		.loc 1 661 1 view .LVU391
 1035 000a 7047     		bx	lr
 1036              		.cfi_endproc
 1037              	.LFE148:
 1039              		.section	.text.HAL_EXTI_IRQHandler,"ax",%progbits
 1040              		.align	1
 1041              		.global	HAL_EXTI_IRQHandler
 1042              		.syntax unified
 1043              		.thumb
 1044              		.thumb_func
 1046              	HAL_EXTI_IRQHandler:
 1047              	.LVL146:
 1048              	.LFB149:
 662:Drivers/STM32H7xx_HAL_Driver/Src/stm32h7xx_hal_exti.c **** 
 663:Drivers/STM32H7xx_HAL_Driver/Src/stm32h7xx_hal_exti.c **** 
 664:Drivers/STM32H7xx_HAL_Driver/Src/stm32h7xx_hal_exti.c **** /**
 665:Drivers/STM32H7xx_HAL_Driver/Src/stm32h7xx_hal_exti.c ****   * @}
 666:Drivers/STM32H7xx_HAL_Driver/Src/stm32h7xx_hal_exti.c ****   */
 667:Drivers/STM32H7xx_HAL_Driver/Src/stm32h7xx_hal_exti.c **** 
 668:Drivers/STM32H7xx_HAL_Driver/Src/stm32h7xx_hal_exti.c **** /** @addtogroup EXTI_Exported_Functions_Group2
 669:Drivers/STM32H7xx_HAL_Driver/Src/stm32h7xx_hal_exti.c ****  *  @brief EXTI IO functions.
 670:Drivers/STM32H7xx_HAL_Driver/Src/stm32h7xx_hal_exti.c ****  *
 671:Drivers/STM32H7xx_HAL_Driver/Src/stm32h7xx_hal_exti.c **** @verbatim
 672:Drivers/STM32H7xx_HAL_Driver/Src/stm32h7xx_hal_exti.c ****  ===============================================================================
 673:Drivers/STM32H7xx_HAL_Driver/Src/stm32h7xx_hal_exti.c ****                        ##### IO operation functions #####
 674:Drivers/STM32H7xx_HAL_Driver/Src/stm32h7xx_hal_exti.c ****  ===============================================================================
 675:Drivers/STM32H7xx_HAL_Driver/Src/stm32h7xx_hal_exti.c **** 
 676:Drivers/STM32H7xx_HAL_Driver/Src/stm32h7xx_hal_exti.c **** @endverbatim
 677:Drivers/STM32H7xx_HAL_Driver/Src/stm32h7xx_hal_exti.c ****   * @{
 678:Drivers/STM32H7xx_HAL_Driver/Src/stm32h7xx_hal_exti.c ****   */
 679:Drivers/STM32H7xx_HAL_Driver/Src/stm32h7xx_hal_exti.c **** 
 680:Drivers/STM32H7xx_HAL_Driver/Src/stm32h7xx_hal_exti.c **** /**
 681:Drivers/STM32H7xx_HAL_Driver/Src/stm32h7xx_hal_exti.c ****   * @brief  Handle EXTI interrupt request.
 682:Drivers/STM32H7xx_HAL_Driver/Src/stm32h7xx_hal_exti.c ****   * @param  hexti Exti handle.
 683:Drivers/STM32H7xx_HAL_Driver/Src/stm32h7xx_hal_exti.c ****   * @retval none.
 684:Drivers/STM32H7xx_HAL_Driver/Src/stm32h7xx_hal_exti.c ****   */
ARM GAS  C:\Users\jason\AppData\Local\Temp\ccJN7av9.s 			page 34


 685:Drivers/STM32H7xx_HAL_Driver/Src/stm32h7xx_hal_exti.c **** void HAL_EXTI_IRQHandler(const EXTI_HandleTypeDef *hexti)
 686:Drivers/STM32H7xx_HAL_Driver/Src/stm32h7xx_hal_exti.c **** {
 1049              		.loc 1 686 1 is_stmt 1 view -0
 1050              		.cfi_startproc
 1051              		@ args = 0, pretend = 0, frame = 0
 1052              		@ frame_needed = 0, uses_anonymous_args = 0
 1053              		.loc 1 686 1 is_stmt 0 view .LVU393
 1054 0000 08B5     		push	{r3, lr}
 1055              		.cfi_def_cfa_offset 8
 1056              		.cfi_offset 3, -8
 1057              		.cfi_offset 14, -4
 687:Drivers/STM32H7xx_HAL_Driver/Src/stm32h7xx_hal_exti.c ****   __IO uint32_t *regaddr;
 1058              		.loc 1 687 3 is_stmt 1 view .LVU394
 688:Drivers/STM32H7xx_HAL_Driver/Src/stm32h7xx_hal_exti.c ****   uint32_t regval;
 1059              		.loc 1 688 3 view .LVU395
 689:Drivers/STM32H7xx_HAL_Driver/Src/stm32h7xx_hal_exti.c ****   uint32_t maskline;
 1060              		.loc 1 689 3 view .LVU396
 690:Drivers/STM32H7xx_HAL_Driver/Src/stm32h7xx_hal_exti.c ****   uint32_t offset;
 1061              		.loc 1 690 3 view .LVU397
 691:Drivers/STM32H7xx_HAL_Driver/Src/stm32h7xx_hal_exti.c **** 
 692:Drivers/STM32H7xx_HAL_Driver/Src/stm32h7xx_hal_exti.c ****   /* Compute line register offset and line mask */
 693:Drivers/STM32H7xx_HAL_Driver/Src/stm32h7xx_hal_exti.c ****   offset = ((hexti->Line & EXTI_REG_MASK) >> EXTI_REG_SHIFT);
 1062              		.loc 1 693 3 view .LVU398
 1063              		.loc 1 693 19 is_stmt 0 view .LVU399
 1064 0002 0368     		ldr	r3, [r0]
 1065              		.loc 1 693 10 view .LVU400
 1066 0004 C3F30142 		ubfx	r2, r3, #16, #2
 1067              	.LVL147:
 694:Drivers/STM32H7xx_HAL_Driver/Src/stm32h7xx_hal_exti.c ****   maskline = (1UL << (hexti->Line & EXTI_PIN_MASK));
 1068              		.loc 1 694 3 is_stmt 1 view .LVU401
 1069              		.loc 1 694 35 is_stmt 0 view .LVU402
 1070 0008 03F01F03 		and	r3, r3, #31
 1071              		.loc 1 694 12 view .LVU403
 1072 000c 0121     		movs	r1, #1
 1073 000e 9940     		lsls	r1, r1, r3
 1074              	.LVL148:
 695:Drivers/STM32H7xx_HAL_Driver/Src/stm32h7xx_hal_exti.c **** 
 696:Drivers/STM32H7xx_HAL_Driver/Src/stm32h7xx_hal_exti.c **** #if defined(DUAL_CORE)
 697:Drivers/STM32H7xx_HAL_Driver/Src/stm32h7xx_hal_exti.c ****   if (HAL_GetCurrentCPUID() == CM7_CPUID)
 698:Drivers/STM32H7xx_HAL_Driver/Src/stm32h7xx_hal_exti.c ****   {
 699:Drivers/STM32H7xx_HAL_Driver/Src/stm32h7xx_hal_exti.c ****     /* Get pending register address */
 700:Drivers/STM32H7xx_HAL_Driver/Src/stm32h7xx_hal_exti.c ****     regaddr = (__IO uint32_t *)(&EXTI->PR1 + (EXTI_MODE_OFFSET * offset));
 701:Drivers/STM32H7xx_HAL_Driver/Src/stm32h7xx_hal_exti.c ****   }
 702:Drivers/STM32H7xx_HAL_Driver/Src/stm32h7xx_hal_exti.c ****   else /* Cortex-M4*/
 703:Drivers/STM32H7xx_HAL_Driver/Src/stm32h7xx_hal_exti.c ****   {
 704:Drivers/STM32H7xx_HAL_Driver/Src/stm32h7xx_hal_exti.c ****     /* Get pending register address */
 705:Drivers/STM32H7xx_HAL_Driver/Src/stm32h7xx_hal_exti.c ****     regaddr = (__IO uint32_t *)(&EXTI->C2PR1 + (EXTI_MODE_OFFSET * offset));
 706:Drivers/STM32H7xx_HAL_Driver/Src/stm32h7xx_hal_exti.c ****   }
 707:Drivers/STM32H7xx_HAL_Driver/Src/stm32h7xx_hal_exti.c **** #else
 708:Drivers/STM32H7xx_HAL_Driver/Src/stm32h7xx_hal_exti.c ****   regaddr = (__IO uint32_t *)(&EXTI->PR1 + (EXTI_MODE_OFFSET * offset));
 1075              		.loc 1 708 3 is_stmt 1 view .LVU404
 1076              		.loc 1 708 13 is_stmt 0 view .LVU405
 1077 0010 1301     		lsls	r3, r2, #4
 1078              		.loc 1 708 11 view .LVU406
 1079 0012 054A     		ldr	r2, .L70
 1080              	.LVL149:
 709:Drivers/STM32H7xx_HAL_Driver/Src/stm32h7xx_hal_exti.c **** #endif /* DUAL_CORE */
ARM GAS  C:\Users\jason\AppData\Local\Temp\ccJN7av9.s 			page 35


 710:Drivers/STM32H7xx_HAL_Driver/Src/stm32h7xx_hal_exti.c **** 
 711:Drivers/STM32H7xx_HAL_Driver/Src/stm32h7xx_hal_exti.c ****   /* Get pending bit  */
 712:Drivers/STM32H7xx_HAL_Driver/Src/stm32h7xx_hal_exti.c ****   regval = (*regaddr & maskline);
 1081              		.loc 1 712 3 is_stmt 1 view .LVU407
 1082              		.loc 1 712 13 is_stmt 0 view .LVU408
 1083 0014 53F802C0 		ldr	ip, [r3, r2]
 1084              	.LVL150:
 713:Drivers/STM32H7xx_HAL_Driver/Src/stm32h7xx_hal_exti.c **** 
 714:Drivers/STM32H7xx_HAL_Driver/Src/stm32h7xx_hal_exti.c ****   if (regval != 0x00U)
 1085              		.loc 1 714 3 is_stmt 1 view .LVU409
 1086              		.loc 1 714 6 is_stmt 0 view .LVU410
 1087 0018 1CEA010F 		tst	ip, r1
 1088 001c 03D0     		beq	.L67
 715:Drivers/STM32H7xx_HAL_Driver/Src/stm32h7xx_hal_exti.c ****   {
 716:Drivers/STM32H7xx_HAL_Driver/Src/stm32h7xx_hal_exti.c ****     /* Clear pending bit */
 717:Drivers/STM32H7xx_HAL_Driver/Src/stm32h7xx_hal_exti.c ****     *regaddr = maskline;
 1089              		.loc 1 717 5 is_stmt 1 view .LVU411
 1090              		.loc 1 717 14 is_stmt 0 view .LVU412
 1091 001e 9950     		str	r1, [r3, r2]
 1092              	.LVL151:
 718:Drivers/STM32H7xx_HAL_Driver/Src/stm32h7xx_hal_exti.c **** 
 719:Drivers/STM32H7xx_HAL_Driver/Src/stm32h7xx_hal_exti.c ****     /* Call callback */
 720:Drivers/STM32H7xx_HAL_Driver/Src/stm32h7xx_hal_exti.c ****     if (hexti->PendingCallback != NULL)
 1093              		.loc 1 720 5 is_stmt 1 view .LVU413
 1094              		.loc 1 720 14 is_stmt 0 view .LVU414
 1095 0020 4368     		ldr	r3, [r0, #4]
 1096              	.LVL152:
 1097              		.loc 1 720 8 view .LVU415
 1098 0022 03B1     		cbz	r3, .L67
 721:Drivers/STM32H7xx_HAL_Driver/Src/stm32h7xx_hal_exti.c ****     {
 722:Drivers/STM32H7xx_HAL_Driver/Src/stm32h7xx_hal_exti.c ****       hexti->PendingCallback();
 1099              		.loc 1 722 7 is_stmt 1 view .LVU416
 1100 0024 9847     		blx	r3
 1101              	.LVL153:
 1102              	.L67:
 723:Drivers/STM32H7xx_HAL_Driver/Src/stm32h7xx_hal_exti.c ****     }
 724:Drivers/STM32H7xx_HAL_Driver/Src/stm32h7xx_hal_exti.c ****   }
 725:Drivers/STM32H7xx_HAL_Driver/Src/stm32h7xx_hal_exti.c **** }
 1103              		.loc 1 725 1 is_stmt 0 view .LVU417
 1104 0026 08BD     		pop	{r3, pc}
 1105              	.L71:
 1106              		.align	2
 1107              	.L70:
 1108 0028 88000058 		.word	1476395144
 1109              		.cfi_endproc
 1110              	.LFE149:
 1112              		.section	.text.HAL_EXTI_GetPending,"ax",%progbits
 1113              		.align	1
 1114              		.global	HAL_EXTI_GetPending
 1115              		.syntax unified
 1116              		.thumb
 1117              		.thumb_func
 1119              	HAL_EXTI_GetPending:
 1120              	.LVL154:
 1121              	.LFB150:
 726:Drivers/STM32H7xx_HAL_Driver/Src/stm32h7xx_hal_exti.c **** 
 727:Drivers/STM32H7xx_HAL_Driver/Src/stm32h7xx_hal_exti.c **** 
ARM GAS  C:\Users\jason\AppData\Local\Temp\ccJN7av9.s 			page 36


 728:Drivers/STM32H7xx_HAL_Driver/Src/stm32h7xx_hal_exti.c **** /**
 729:Drivers/STM32H7xx_HAL_Driver/Src/stm32h7xx_hal_exti.c ****   * @brief  Get interrupt pending bit of a dedicated line.
 730:Drivers/STM32H7xx_HAL_Driver/Src/stm32h7xx_hal_exti.c ****   * @param  hexti Exti handle.
 731:Drivers/STM32H7xx_HAL_Driver/Src/stm32h7xx_hal_exti.c ****   * @param  Edge Specify which pending edge as to be checked.
 732:Drivers/STM32H7xx_HAL_Driver/Src/stm32h7xx_hal_exti.c ****   *         This parameter can be one of the following values:
 733:Drivers/STM32H7xx_HAL_Driver/Src/stm32h7xx_hal_exti.c ****   *           @arg @ref EXTI_TRIGGER_RISING_FALLING
 734:Drivers/STM32H7xx_HAL_Driver/Src/stm32h7xx_hal_exti.c ****   *         This parameter is kept for compatibility with other series.
 735:Drivers/STM32H7xx_HAL_Driver/Src/stm32h7xx_hal_exti.c ****   * @retval 1 if interrupt is pending else 0.
 736:Drivers/STM32H7xx_HAL_Driver/Src/stm32h7xx_hal_exti.c ****   */
 737:Drivers/STM32H7xx_HAL_Driver/Src/stm32h7xx_hal_exti.c **** uint32_t HAL_EXTI_GetPending(const EXTI_HandleTypeDef *hexti, uint32_t Edge)
 738:Drivers/STM32H7xx_HAL_Driver/Src/stm32h7xx_hal_exti.c **** {
 1122              		.loc 1 738 1 is_stmt 1 view -0
 1123              		.cfi_startproc
 1124              		@ args = 0, pretend = 0, frame = 0
 1125              		@ frame_needed = 0, uses_anonymous_args = 0
 1126              		@ link register save eliminated.
 739:Drivers/STM32H7xx_HAL_Driver/Src/stm32h7xx_hal_exti.c ****   const __IO uint32_t *regaddr;
 1127              		.loc 1 739 3 view .LVU419
 740:Drivers/STM32H7xx_HAL_Driver/Src/stm32h7xx_hal_exti.c ****   uint32_t regval;
 1128              		.loc 1 740 3 view .LVU420
 741:Drivers/STM32H7xx_HAL_Driver/Src/stm32h7xx_hal_exti.c ****   uint32_t linepos;
 1129              		.loc 1 741 3 view .LVU421
 742:Drivers/STM32H7xx_HAL_Driver/Src/stm32h7xx_hal_exti.c ****   uint32_t maskline;
 1130              		.loc 1 742 3 view .LVU422
 743:Drivers/STM32H7xx_HAL_Driver/Src/stm32h7xx_hal_exti.c ****   uint32_t offset;
 1131              		.loc 1 743 3 view .LVU423
 744:Drivers/STM32H7xx_HAL_Driver/Src/stm32h7xx_hal_exti.c **** 
 745:Drivers/STM32H7xx_HAL_Driver/Src/stm32h7xx_hal_exti.c ****   /* Prevent unused argument(s) compilation warning */
 746:Drivers/STM32H7xx_HAL_Driver/Src/stm32h7xx_hal_exti.c ****   UNUSED(Edge);
 1132              		.loc 1 746 3 view .LVU424
 747:Drivers/STM32H7xx_HAL_Driver/Src/stm32h7xx_hal_exti.c **** 
 748:Drivers/STM32H7xx_HAL_Driver/Src/stm32h7xx_hal_exti.c ****   /* Check parameters */
 749:Drivers/STM32H7xx_HAL_Driver/Src/stm32h7xx_hal_exti.c ****   assert_param(IS_EXTI_LINE(hexti->Line));
 1133              		.loc 1 749 3 view .LVU425
 750:Drivers/STM32H7xx_HAL_Driver/Src/stm32h7xx_hal_exti.c ****   assert_param(IS_EXTI_CONFIG_LINE(hexti->Line));
 1134              		.loc 1 750 3 view .LVU426
 751:Drivers/STM32H7xx_HAL_Driver/Src/stm32h7xx_hal_exti.c ****   assert_param(IS_EXTI_PENDING_EDGE(Edge));
 1135              		.loc 1 751 3 view .LVU427
 752:Drivers/STM32H7xx_HAL_Driver/Src/stm32h7xx_hal_exti.c **** 
 753:Drivers/STM32H7xx_HAL_Driver/Src/stm32h7xx_hal_exti.c ****   /* compute line register offset and line mask */
 754:Drivers/STM32H7xx_HAL_Driver/Src/stm32h7xx_hal_exti.c ****   offset = ((hexti->Line & EXTI_REG_MASK) >> EXTI_REG_SHIFT);
 1136              		.loc 1 754 3 view .LVU428
 1137              		.loc 1 754 19 is_stmt 0 view .LVU429
 1138 0000 0368     		ldr	r3, [r0]
 1139              		.loc 1 754 10 view .LVU430
 1140 0002 C3F30141 		ubfx	r1, r3, #16, #2
 1141              	.LVL155:
 755:Drivers/STM32H7xx_HAL_Driver/Src/stm32h7xx_hal_exti.c ****   linepos = (hexti->Line & EXTI_PIN_MASK);
 1142              		.loc 1 755 3 is_stmt 1 view .LVU431
 1143              		.loc 1 755 11 is_stmt 0 view .LVU432
 1144 0006 03F01F03 		and	r3, r3, #31
 1145              	.LVL156:
 756:Drivers/STM32H7xx_HAL_Driver/Src/stm32h7xx_hal_exti.c ****   maskline = (1UL << linepos);
 1146              		.loc 1 756 3 is_stmt 1 view .LVU433
 1147              		.loc 1 756 12 is_stmt 0 view .LVU434
 1148 000a 0122     		movs	r2, #1
 1149 000c 9A40     		lsls	r2, r2, r3
ARM GAS  C:\Users\jason\AppData\Local\Temp\ccJN7av9.s 			page 37


 1150              	.LVL157:
 757:Drivers/STM32H7xx_HAL_Driver/Src/stm32h7xx_hal_exti.c **** 
 758:Drivers/STM32H7xx_HAL_Driver/Src/stm32h7xx_hal_exti.c **** #if defined(DUAL_CORE)
 759:Drivers/STM32H7xx_HAL_Driver/Src/stm32h7xx_hal_exti.c ****   if (HAL_GetCurrentCPUID() == CM7_CPUID)
 760:Drivers/STM32H7xx_HAL_Driver/Src/stm32h7xx_hal_exti.c ****   {
 761:Drivers/STM32H7xx_HAL_Driver/Src/stm32h7xx_hal_exti.c ****     /* Get pending register address */
 762:Drivers/STM32H7xx_HAL_Driver/Src/stm32h7xx_hal_exti.c ****     regaddr = (__IO uint32_t *)(&EXTI->PR1 + (EXTI_MODE_OFFSET * offset));
 763:Drivers/STM32H7xx_HAL_Driver/Src/stm32h7xx_hal_exti.c ****   }
 764:Drivers/STM32H7xx_HAL_Driver/Src/stm32h7xx_hal_exti.c ****   else /* Cortex-M4 */
 765:Drivers/STM32H7xx_HAL_Driver/Src/stm32h7xx_hal_exti.c ****   {
 766:Drivers/STM32H7xx_HAL_Driver/Src/stm32h7xx_hal_exti.c ****     /* Get pending register address */
 767:Drivers/STM32H7xx_HAL_Driver/Src/stm32h7xx_hal_exti.c ****     regaddr = (__IO uint32_t *)(&EXTI->C2PR1 + (EXTI_MODE_OFFSET * offset));
 768:Drivers/STM32H7xx_HAL_Driver/Src/stm32h7xx_hal_exti.c ****   }
 769:Drivers/STM32H7xx_HAL_Driver/Src/stm32h7xx_hal_exti.c **** #else
 770:Drivers/STM32H7xx_HAL_Driver/Src/stm32h7xx_hal_exti.c ****   regaddr = (__IO uint32_t *)(&EXTI->PR1 + (EXTI_MODE_OFFSET * offset));
 1151              		.loc 1 770 3 is_stmt 1 view .LVU435
 1152              		.loc 1 770 13 is_stmt 0 view .LVU436
 1153 000e 0901     		lsls	r1, r1, #4
 1154              	.LVL158:
 1155              		.loc 1 770 11 view .LVU437
 1156 0010 0248     		ldr	r0, .L73
 1157              	.LVL159:
 771:Drivers/STM32H7xx_HAL_Driver/Src/stm32h7xx_hal_exti.c **** #endif /* DUAL_CORE */
 772:Drivers/STM32H7xx_HAL_Driver/Src/stm32h7xx_hal_exti.c **** 
 773:Drivers/STM32H7xx_HAL_Driver/Src/stm32h7xx_hal_exti.c ****   /* return 1 if bit is set else 0 */
 774:Drivers/STM32H7xx_HAL_Driver/Src/stm32h7xx_hal_exti.c ****   regval = ((*regaddr & maskline) >> linepos);
 1158              		.loc 1 774 3 is_stmt 1 view .LVU438
 1159              		.loc 1 774 14 is_stmt 0 view .LVU439
 1160 0012 0858     		ldr	r0, [r1, r0]
 1161              	.LVL160:
 1162              		.loc 1 774 23 view .LVU440
 1163 0014 1040     		ands	r0, r0, r2
 1164              	.LVL161:
 775:Drivers/STM32H7xx_HAL_Driver/Src/stm32h7xx_hal_exti.c ****   return regval;
 1165              		.loc 1 775 3 is_stmt 1 view .LVU441
 776:Drivers/STM32H7xx_HAL_Driver/Src/stm32h7xx_hal_exti.c **** }
 1166              		.loc 1 776 1 is_stmt 0 view .LVU442
 1167 0016 D840     		lsrs	r0, r0, r3
 1168              	.LVL162:
 1169              		.loc 1 776 1 view .LVU443
 1170 0018 7047     		bx	lr
 1171              	.L74:
 1172 001a 00BF     		.align	2
 1173              	.L73:
 1174 001c 88000058 		.word	1476395144
 1175              		.cfi_endproc
 1176              	.LFE150:
 1178              		.section	.text.HAL_EXTI_ClearPending,"ax",%progbits
 1179              		.align	1
 1180              		.global	HAL_EXTI_ClearPending
 1181              		.syntax unified
 1182              		.thumb
 1183              		.thumb_func
 1185              	HAL_EXTI_ClearPending:
 1186              	.LVL163:
 1187              	.LFB151:
 777:Drivers/STM32H7xx_HAL_Driver/Src/stm32h7xx_hal_exti.c **** 
ARM GAS  C:\Users\jason\AppData\Local\Temp\ccJN7av9.s 			page 38


 778:Drivers/STM32H7xx_HAL_Driver/Src/stm32h7xx_hal_exti.c **** 
 779:Drivers/STM32H7xx_HAL_Driver/Src/stm32h7xx_hal_exti.c **** /**
 780:Drivers/STM32H7xx_HAL_Driver/Src/stm32h7xx_hal_exti.c ****   * @brief  Clear interrupt pending bit of a dedicated line.
 781:Drivers/STM32H7xx_HAL_Driver/Src/stm32h7xx_hal_exti.c ****   * @param  hexti Exti handle.
 782:Drivers/STM32H7xx_HAL_Driver/Src/stm32h7xx_hal_exti.c ****   * @param  Edge Specify which pending edge as to be clear.
 783:Drivers/STM32H7xx_HAL_Driver/Src/stm32h7xx_hal_exti.c ****   *         This parameter can be one of the following values:
 784:Drivers/STM32H7xx_HAL_Driver/Src/stm32h7xx_hal_exti.c ****   *           @arg @ref EXTI_TRIGGER_RISING_FALLING
 785:Drivers/STM32H7xx_HAL_Driver/Src/stm32h7xx_hal_exti.c ****   *         This parameter is kept for compatibility with other series.
 786:Drivers/STM32H7xx_HAL_Driver/Src/stm32h7xx_hal_exti.c ****   * @retval None.
 787:Drivers/STM32H7xx_HAL_Driver/Src/stm32h7xx_hal_exti.c ****   */
 788:Drivers/STM32H7xx_HAL_Driver/Src/stm32h7xx_hal_exti.c **** void HAL_EXTI_ClearPending(const EXTI_HandleTypeDef *hexti, uint32_t Edge)
 789:Drivers/STM32H7xx_HAL_Driver/Src/stm32h7xx_hal_exti.c **** {
 1188              		.loc 1 789 1 is_stmt 1 view -0
 1189              		.cfi_startproc
 1190              		@ args = 0, pretend = 0, frame = 0
 1191              		@ frame_needed = 0, uses_anonymous_args = 0
 1192              		@ link register save eliminated.
 790:Drivers/STM32H7xx_HAL_Driver/Src/stm32h7xx_hal_exti.c ****   __IO uint32_t *regaddr;
 1193              		.loc 1 790 3 view .LVU445
 791:Drivers/STM32H7xx_HAL_Driver/Src/stm32h7xx_hal_exti.c ****   uint32_t maskline;
 1194              		.loc 1 791 3 view .LVU446
 792:Drivers/STM32H7xx_HAL_Driver/Src/stm32h7xx_hal_exti.c ****   uint32_t offset;
 1195              		.loc 1 792 3 view .LVU447
 793:Drivers/STM32H7xx_HAL_Driver/Src/stm32h7xx_hal_exti.c **** 
 794:Drivers/STM32H7xx_HAL_Driver/Src/stm32h7xx_hal_exti.c ****   /* Prevent unused argument(s) compilation warning */
 795:Drivers/STM32H7xx_HAL_Driver/Src/stm32h7xx_hal_exti.c ****   UNUSED(Edge);
 1196              		.loc 1 795 3 view .LVU448
 796:Drivers/STM32H7xx_HAL_Driver/Src/stm32h7xx_hal_exti.c **** 
 797:Drivers/STM32H7xx_HAL_Driver/Src/stm32h7xx_hal_exti.c ****   /* Check parameters */
 798:Drivers/STM32H7xx_HAL_Driver/Src/stm32h7xx_hal_exti.c ****   assert_param(IS_EXTI_LINE(hexti->Line));
 1197              		.loc 1 798 3 view .LVU449
 799:Drivers/STM32H7xx_HAL_Driver/Src/stm32h7xx_hal_exti.c ****   assert_param(IS_EXTI_CONFIG_LINE(hexti->Line));
 1198              		.loc 1 799 3 view .LVU450
 800:Drivers/STM32H7xx_HAL_Driver/Src/stm32h7xx_hal_exti.c ****   assert_param(IS_EXTI_PENDING_EDGE(Edge));
 1199              		.loc 1 800 3 view .LVU451
 801:Drivers/STM32H7xx_HAL_Driver/Src/stm32h7xx_hal_exti.c **** 
 802:Drivers/STM32H7xx_HAL_Driver/Src/stm32h7xx_hal_exti.c ****   /* compute line register offset and line mask */
 803:Drivers/STM32H7xx_HAL_Driver/Src/stm32h7xx_hal_exti.c ****   offset = ((hexti->Line & EXTI_REG_MASK) >> EXTI_REG_SHIFT);
 1200              		.loc 1 803 3 view .LVU452
 1201              		.loc 1 803 19 is_stmt 0 view .LVU453
 1202 0000 0368     		ldr	r3, [r0]
 1203              		.loc 1 803 10 view .LVU454
 1204 0002 C3F30142 		ubfx	r2, r3, #16, #2
 1205              	.LVL164:
 804:Drivers/STM32H7xx_HAL_Driver/Src/stm32h7xx_hal_exti.c ****   maskline = (1UL << (hexti->Line & EXTI_PIN_MASK));
 1206              		.loc 1 804 3 is_stmt 1 view .LVU455
 1207              		.loc 1 804 35 is_stmt 0 view .LVU456
 1208 0006 03F01F03 		and	r3, r3, #31
 1209              		.loc 1 804 12 view .LVU457
 1210 000a 0121     		movs	r1, #1
 1211              	.LVL165:
 1212              		.loc 1 804 12 view .LVU458
 1213 000c 9940     		lsls	r1, r1, r3
 1214              	.LVL166:
 805:Drivers/STM32H7xx_HAL_Driver/Src/stm32h7xx_hal_exti.c **** 
 806:Drivers/STM32H7xx_HAL_Driver/Src/stm32h7xx_hal_exti.c **** #if defined(DUAL_CORE)
 807:Drivers/STM32H7xx_HAL_Driver/Src/stm32h7xx_hal_exti.c ****   if (HAL_GetCurrentCPUID() == CM7_CPUID)
ARM GAS  C:\Users\jason\AppData\Local\Temp\ccJN7av9.s 			page 39


 808:Drivers/STM32H7xx_HAL_Driver/Src/stm32h7xx_hal_exti.c ****   {
 809:Drivers/STM32H7xx_HAL_Driver/Src/stm32h7xx_hal_exti.c ****     /* Get pending register address */
 810:Drivers/STM32H7xx_HAL_Driver/Src/stm32h7xx_hal_exti.c ****     regaddr = (__IO uint32_t *)(&EXTI->PR1 + (EXTI_MODE_OFFSET * offset));
 811:Drivers/STM32H7xx_HAL_Driver/Src/stm32h7xx_hal_exti.c ****   }
 812:Drivers/STM32H7xx_HAL_Driver/Src/stm32h7xx_hal_exti.c ****   else /* Cortex-M4 */
 813:Drivers/STM32H7xx_HAL_Driver/Src/stm32h7xx_hal_exti.c ****   {
 814:Drivers/STM32H7xx_HAL_Driver/Src/stm32h7xx_hal_exti.c ****     /* Get pending register address */
 815:Drivers/STM32H7xx_HAL_Driver/Src/stm32h7xx_hal_exti.c ****     regaddr = (__IO uint32_t *)(&EXTI->C2PR1 + (EXTI_MODE_OFFSET * offset));
 816:Drivers/STM32H7xx_HAL_Driver/Src/stm32h7xx_hal_exti.c ****   }
 817:Drivers/STM32H7xx_HAL_Driver/Src/stm32h7xx_hal_exti.c **** #else
 818:Drivers/STM32H7xx_HAL_Driver/Src/stm32h7xx_hal_exti.c ****   regaddr = (__IO uint32_t *)(&EXTI->PR1 + (EXTI_MODE_OFFSET * offset));
 1215              		.loc 1 818 3 is_stmt 1 view .LVU459
 1216              		.loc 1 818 13 is_stmt 0 view .LVU460
 1217 000e 1301     		lsls	r3, r2, #4
 1218              		.loc 1 818 11 view .LVU461
 1219 0010 014A     		ldr	r2, .L76
 1220              	.LVL167:
 819:Drivers/STM32H7xx_HAL_Driver/Src/stm32h7xx_hal_exti.c **** #endif /* DUAL_CORE */
 820:Drivers/STM32H7xx_HAL_Driver/Src/stm32h7xx_hal_exti.c **** 
 821:Drivers/STM32H7xx_HAL_Driver/Src/stm32h7xx_hal_exti.c ****   /* Clear Pending bit */
 822:Drivers/STM32H7xx_HAL_Driver/Src/stm32h7xx_hal_exti.c ****   *regaddr =  maskline;
 1221              		.loc 1 822 3 is_stmt 1 view .LVU462
 1222              		.loc 1 822 12 is_stmt 0 view .LVU463
 1223 0012 9950     		str	r1, [r3, r2]
 1224              	.LVL168:
 823:Drivers/STM32H7xx_HAL_Driver/Src/stm32h7xx_hal_exti.c **** }
 1225              		.loc 1 823 1 view .LVU464
 1226 0014 7047     		bx	lr
 1227              	.L77:
 1228 0016 00BF     		.align	2
 1229              	.L76:
 1230 0018 88000058 		.word	1476395144
 1231              		.cfi_endproc
 1232              	.LFE151:
 1234              		.section	.text.HAL_EXTI_GenerateSWI,"ax",%progbits
 1235              		.align	1
 1236              		.global	HAL_EXTI_GenerateSWI
 1237              		.syntax unified
 1238              		.thumb
 1239              		.thumb_func
 1241              	HAL_EXTI_GenerateSWI:
 1242              	.LVL169:
 1243              	.LFB152:
 824:Drivers/STM32H7xx_HAL_Driver/Src/stm32h7xx_hal_exti.c **** 
 825:Drivers/STM32H7xx_HAL_Driver/Src/stm32h7xx_hal_exti.c **** /**
 826:Drivers/STM32H7xx_HAL_Driver/Src/stm32h7xx_hal_exti.c ****   * @brief  Generate a software interrupt for a dedicated line.
 827:Drivers/STM32H7xx_HAL_Driver/Src/stm32h7xx_hal_exti.c ****   * @param  hexti Exti handle.
 828:Drivers/STM32H7xx_HAL_Driver/Src/stm32h7xx_hal_exti.c ****   * @retval None.
 829:Drivers/STM32H7xx_HAL_Driver/Src/stm32h7xx_hal_exti.c ****   */
 830:Drivers/STM32H7xx_HAL_Driver/Src/stm32h7xx_hal_exti.c **** void HAL_EXTI_GenerateSWI(const EXTI_HandleTypeDef *hexti)
 831:Drivers/STM32H7xx_HAL_Driver/Src/stm32h7xx_hal_exti.c **** {
 1244              		.loc 1 831 1 is_stmt 1 view -0
 1245              		.cfi_startproc
 1246              		@ args = 0, pretend = 0, frame = 0
 1247              		@ frame_needed = 0, uses_anonymous_args = 0
 1248              		@ link register save eliminated.
 832:Drivers/STM32H7xx_HAL_Driver/Src/stm32h7xx_hal_exti.c ****   __IO uint32_t *regaddr;
ARM GAS  C:\Users\jason\AppData\Local\Temp\ccJN7av9.s 			page 40


 1249              		.loc 1 832 3 view .LVU466
 833:Drivers/STM32H7xx_HAL_Driver/Src/stm32h7xx_hal_exti.c ****   uint32_t maskline;
 1250              		.loc 1 833 3 view .LVU467
 834:Drivers/STM32H7xx_HAL_Driver/Src/stm32h7xx_hal_exti.c ****   uint32_t offset;
 1251              		.loc 1 834 3 view .LVU468
 835:Drivers/STM32H7xx_HAL_Driver/Src/stm32h7xx_hal_exti.c **** 
 836:Drivers/STM32H7xx_HAL_Driver/Src/stm32h7xx_hal_exti.c ****   /* Check parameters */
 837:Drivers/STM32H7xx_HAL_Driver/Src/stm32h7xx_hal_exti.c ****   assert_param(IS_EXTI_LINE(hexti->Line));
 1252              		.loc 1 837 3 view .LVU469
 838:Drivers/STM32H7xx_HAL_Driver/Src/stm32h7xx_hal_exti.c ****   assert_param(IS_EXTI_CONFIG_LINE(hexti->Line));
 1253              		.loc 1 838 3 view .LVU470
 839:Drivers/STM32H7xx_HAL_Driver/Src/stm32h7xx_hal_exti.c **** 
 840:Drivers/STM32H7xx_HAL_Driver/Src/stm32h7xx_hal_exti.c ****   /* compute line register offset and line mask */
 841:Drivers/STM32H7xx_HAL_Driver/Src/stm32h7xx_hal_exti.c ****   offset = ((hexti->Line & EXTI_REG_MASK) >> EXTI_REG_SHIFT);
 1254              		.loc 1 841 3 view .LVU471
 1255              		.loc 1 841 19 is_stmt 0 view .LVU472
 1256 0000 0368     		ldr	r3, [r0]
 1257              		.loc 1 841 10 view .LVU473
 1258 0002 C3F30142 		ubfx	r2, r3, #16, #2
 1259              	.LVL170:
 842:Drivers/STM32H7xx_HAL_Driver/Src/stm32h7xx_hal_exti.c ****   maskline = (1UL << (hexti->Line & EXTI_PIN_MASK));
 1260              		.loc 1 842 3 is_stmt 1 view .LVU474
 1261              		.loc 1 842 35 is_stmt 0 view .LVU475
 1262 0006 03F01F03 		and	r3, r3, #31
 1263              		.loc 1 842 12 view .LVU476
 1264 000a 0121     		movs	r1, #1
 1265 000c 9940     		lsls	r1, r1, r3
 1266              	.LVL171:
 843:Drivers/STM32H7xx_HAL_Driver/Src/stm32h7xx_hal_exti.c **** 
 844:Drivers/STM32H7xx_HAL_Driver/Src/stm32h7xx_hal_exti.c ****   regaddr = (__IO uint32_t *)(&EXTI->SWIER1 + (EXTI_CONFIG_OFFSET * offset));
 1267              		.loc 1 844 3 is_stmt 1 view .LVU477
 1268              		.loc 1 844 13 is_stmt 0 view .LVU478
 1269 000e 5301     		lsls	r3, r2, #5
 1270              		.loc 1 844 11 view .LVU479
 1271 0010 014A     		ldr	r2, .L79
 1272              	.LVL172:
 845:Drivers/STM32H7xx_HAL_Driver/Src/stm32h7xx_hal_exti.c ****   *regaddr = maskline;
 1273              		.loc 1 845 3 is_stmt 1 view .LVU480
 1274              		.loc 1 845 12 is_stmt 0 view .LVU481
 1275 0012 9950     		str	r1, [r3, r2]
 1276              	.LVL173:
 846:Drivers/STM32H7xx_HAL_Driver/Src/stm32h7xx_hal_exti.c **** }
 1277              		.loc 1 846 1 view .LVU482
 1278 0014 7047     		bx	lr
 1279              	.L80:
 1280 0016 00BF     		.align	2
 1281              	.L79:
 1282 0018 08000058 		.word	1476395016
 1283              		.cfi_endproc
 1284              	.LFE152:
 1286              		.text
 1287              	.Letext0:
 1288              		.file 2 "C:/Users/jason/AppData/Roaming/Code/User/globalStorage/bmd.stm32-for-vscode/@xpack-dev-to
 1289              		.file 3 "C:/Users/jason/AppData/Roaming/Code/User/globalStorage/bmd.stm32-for-vscode/@xpack-dev-to
 1290              		.file 4 "Drivers/CMSIS/Device/ST/STM32H7xx/Include/stm32h750xx.h"
 1291              		.file 5 "Drivers/STM32H7xx_HAL_Driver/Inc/stm32h7xx_hal_def.h"
 1292              		.file 6 "Drivers/STM32H7xx_HAL_Driver/Inc/stm32h7xx_hal_exti.h"
ARM GAS  C:\Users\jason\AppData\Local\Temp\ccJN7av9.s 			page 41


ARM GAS  C:\Users\jason\AppData\Local\Temp\ccJN7av9.s 			page 42


DEFINED SYMBOLS
                            *ABS*:00000000 stm32h7xx_hal_exti.c
C:\Users\jason\AppData\Local\Temp\ccJN7av9.s:20     .text.HAL_EXTI_SetConfigLine:00000000 $t
C:\Users\jason\AppData\Local\Temp\ccJN7av9.s:26     .text.HAL_EXTI_SetConfigLine:00000000 HAL_EXTI_SetConfigLine
C:\Users\jason\AppData\Local\Temp\ccJN7av9.s:387    .text.HAL_EXTI_SetConfigLine:00000154 $d
C:\Users\jason\AppData\Local\Temp\ccJN7av9.s:397    .text.HAL_EXTI_GetConfigLine:00000000 $t
C:\Users\jason\AppData\Local\Temp\ccJN7av9.s:403    .text.HAL_EXTI_GetConfigLine:00000000 HAL_EXTI_GetConfigLine
C:\Users\jason\AppData\Local\Temp\ccJN7av9.s:685    .text.HAL_EXTI_GetConfigLine:00000114 $d
C:\Users\jason\AppData\Local\Temp\ccJN7av9.s:696    .text.HAL_EXTI_ClearConfigLine:00000000 $t
C:\Users\jason\AppData\Local\Temp\ccJN7av9.s:702    .text.HAL_EXTI_ClearConfigLine:00000000 HAL_EXTI_ClearConfigLine
C:\Users\jason\AppData\Local\Temp\ccJN7av9.s:946    .text.HAL_EXTI_ClearConfigLine:000000dc $d
C:\Users\jason\AppData\Local\Temp\ccJN7av9.s:955    .text.HAL_EXTI_RegisterCallback:00000000 $t
C:\Users\jason\AppData\Local\Temp\ccJN7av9.s:961    .text.HAL_EXTI_RegisterCallback:00000000 HAL_EXTI_RegisterCallback
C:\Users\jason\AppData\Local\Temp\ccJN7av9.s:1002   .text.HAL_EXTI_GetHandle:00000000 $t
C:\Users\jason\AppData\Local\Temp\ccJN7av9.s:1008   .text.HAL_EXTI_GetHandle:00000000 HAL_EXTI_GetHandle
C:\Users\jason\AppData\Local\Temp\ccJN7av9.s:1040   .text.HAL_EXTI_IRQHandler:00000000 $t
C:\Users\jason\AppData\Local\Temp\ccJN7av9.s:1046   .text.HAL_EXTI_IRQHandler:00000000 HAL_EXTI_IRQHandler
C:\Users\jason\AppData\Local\Temp\ccJN7av9.s:1108   .text.HAL_EXTI_IRQHandler:00000028 $d
C:\Users\jason\AppData\Local\Temp\ccJN7av9.s:1113   .text.HAL_EXTI_GetPending:00000000 $t
C:\Users\jason\AppData\Local\Temp\ccJN7av9.s:1119   .text.HAL_EXTI_GetPending:00000000 HAL_EXTI_GetPending
C:\Users\jason\AppData\Local\Temp\ccJN7av9.s:1174   .text.HAL_EXTI_GetPending:0000001c $d
C:\Users\jason\AppData\Local\Temp\ccJN7av9.s:1179   .text.HAL_EXTI_ClearPending:00000000 $t
C:\Users\jason\AppData\Local\Temp\ccJN7av9.s:1185   .text.HAL_EXTI_ClearPending:00000000 HAL_EXTI_ClearPending
C:\Users\jason\AppData\Local\Temp\ccJN7av9.s:1230   .text.HAL_EXTI_ClearPending:00000018 $d
C:\Users\jason\AppData\Local\Temp\ccJN7av9.s:1235   .text.HAL_EXTI_GenerateSWI:00000000 $t
C:\Users\jason\AppData\Local\Temp\ccJN7av9.s:1241   .text.HAL_EXTI_GenerateSWI:00000000 HAL_EXTI_GenerateSWI
C:\Users\jason\AppData\Local\Temp\ccJN7av9.s:1282   .text.HAL_EXTI_GenerateSWI:00000018 $d

NO UNDEFINED SYMBOLS
