ARM GAS  C:\Users\jason\AppData\Local\Temp\ccSG31kR.s 			page 1


   1              		.cpu cortex-m7
   2              		.arch armv7e-m
   3              		.fpu fpv5-d16
   4              		.eabi_attribute 28, 1
   5              		.eabi_attribute 20, 1
   6              		.eabi_attribute 21, 1
   7              		.eabi_attribute 23, 3
   8              		.eabi_attribute 24, 1
   9              		.eabi_attribute 25, 1
  10              		.eabi_attribute 26, 1
  11              		.eabi_attribute 30, 1
  12              		.eabi_attribute 34, 1
  13              		.eabi_attribute 18, 4
  14              		.file	"stm32h7xx_hal_rcc_ex.c"
  15              		.text
  16              	.Ltext0:
  17              		.cfi_sections	.debug_frame
  18              		.file 1 "Drivers/STM32H7xx_HAL_Driver/Src/stm32h7xx_hal_rcc_ex.c"
  19              		.section	.text.RCCEx_PLL2_Config,"ax",%progbits
  20              		.align	1
  21              		.syntax unified
  22              		.thumb
  23              		.thumb_func
  25              	RCCEx_PLL2_Config:
  26              	.LVL0:
  27              	.LFB168:
   1:Drivers/STM32H7xx_HAL_Driver/Src/stm32h7xx_hal_rcc_ex.c **** /**
   2:Drivers/STM32H7xx_HAL_Driver/Src/stm32h7xx_hal_rcc_ex.c ****   ******************************************************************************
   3:Drivers/STM32H7xx_HAL_Driver/Src/stm32h7xx_hal_rcc_ex.c ****   * @file    stm32h7xx_hal_rcc_ex.c
   4:Drivers/STM32H7xx_HAL_Driver/Src/stm32h7xx_hal_rcc_ex.c ****   * @author  MCD Application Team
   5:Drivers/STM32H7xx_HAL_Driver/Src/stm32h7xx_hal_rcc_ex.c ****   * @brief   Extended RCC HAL module driver.
   6:Drivers/STM32H7xx_HAL_Driver/Src/stm32h7xx_hal_rcc_ex.c ****   *          This file provides firmware functions to manage the following
   7:Drivers/STM32H7xx_HAL_Driver/Src/stm32h7xx_hal_rcc_ex.c ****   *          functionalities RCC extension peripheral:
   8:Drivers/STM32H7xx_HAL_Driver/Src/stm32h7xx_hal_rcc_ex.c ****   *           + Extended Peripheral Control functions
   9:Drivers/STM32H7xx_HAL_Driver/Src/stm32h7xx_hal_rcc_ex.c ****   *
  10:Drivers/STM32H7xx_HAL_Driver/Src/stm32h7xx_hal_rcc_ex.c ****   ******************************************************************************
  11:Drivers/STM32H7xx_HAL_Driver/Src/stm32h7xx_hal_rcc_ex.c ****   * @attention
  12:Drivers/STM32H7xx_HAL_Driver/Src/stm32h7xx_hal_rcc_ex.c ****   *
  13:Drivers/STM32H7xx_HAL_Driver/Src/stm32h7xx_hal_rcc_ex.c ****   * Copyright (c) 2017 STMicroelectronics.
  14:Drivers/STM32H7xx_HAL_Driver/Src/stm32h7xx_hal_rcc_ex.c ****   * All rights reserved.
  15:Drivers/STM32H7xx_HAL_Driver/Src/stm32h7xx_hal_rcc_ex.c ****   *
  16:Drivers/STM32H7xx_HAL_Driver/Src/stm32h7xx_hal_rcc_ex.c ****   * This software is licensed under terms that can be found in the LICENSE file in
  17:Drivers/STM32H7xx_HAL_Driver/Src/stm32h7xx_hal_rcc_ex.c ****   * the root directory of this software component.
  18:Drivers/STM32H7xx_HAL_Driver/Src/stm32h7xx_hal_rcc_ex.c ****   * If no LICENSE file comes with this software, it is provided AS-IS.
  19:Drivers/STM32H7xx_HAL_Driver/Src/stm32h7xx_hal_rcc_ex.c ****   ******************************************************************************
  20:Drivers/STM32H7xx_HAL_Driver/Src/stm32h7xx_hal_rcc_ex.c ****   */
  21:Drivers/STM32H7xx_HAL_Driver/Src/stm32h7xx_hal_rcc_ex.c **** 
  22:Drivers/STM32H7xx_HAL_Driver/Src/stm32h7xx_hal_rcc_ex.c **** /* Includes ------------------------------------------------------------------*/
  23:Drivers/STM32H7xx_HAL_Driver/Src/stm32h7xx_hal_rcc_ex.c **** #include "stm32h7xx_hal.h"
  24:Drivers/STM32H7xx_HAL_Driver/Src/stm32h7xx_hal_rcc_ex.c **** 
  25:Drivers/STM32H7xx_HAL_Driver/Src/stm32h7xx_hal_rcc_ex.c **** /** @addtogroup STM32H7xx_HAL_Driver
  26:Drivers/STM32H7xx_HAL_Driver/Src/stm32h7xx_hal_rcc_ex.c ****   * @{
  27:Drivers/STM32H7xx_HAL_Driver/Src/stm32h7xx_hal_rcc_ex.c ****   */
  28:Drivers/STM32H7xx_HAL_Driver/Src/stm32h7xx_hal_rcc_ex.c **** 
  29:Drivers/STM32H7xx_HAL_Driver/Src/stm32h7xx_hal_rcc_ex.c **** /** @defgroup RCCEx  RCCEx
  30:Drivers/STM32H7xx_HAL_Driver/Src/stm32h7xx_hal_rcc_ex.c ****   * @brief RCC HAL module driver
  31:Drivers/STM32H7xx_HAL_Driver/Src/stm32h7xx_hal_rcc_ex.c ****   * @{
ARM GAS  C:\Users\jason\AppData\Local\Temp\ccSG31kR.s 			page 2


  32:Drivers/STM32H7xx_HAL_Driver/Src/stm32h7xx_hal_rcc_ex.c ****   */
  33:Drivers/STM32H7xx_HAL_Driver/Src/stm32h7xx_hal_rcc_ex.c **** 
  34:Drivers/STM32H7xx_HAL_Driver/Src/stm32h7xx_hal_rcc_ex.c **** #ifdef HAL_RCC_MODULE_ENABLED
  35:Drivers/STM32H7xx_HAL_Driver/Src/stm32h7xx_hal_rcc_ex.c **** 
  36:Drivers/STM32H7xx_HAL_Driver/Src/stm32h7xx_hal_rcc_ex.c **** /* Private typedef -----------------------------------------------------------*/
  37:Drivers/STM32H7xx_HAL_Driver/Src/stm32h7xx_hal_rcc_ex.c **** /* Private defines -----------------------------------------------------------*/
  38:Drivers/STM32H7xx_HAL_Driver/Src/stm32h7xx_hal_rcc_ex.c **** /** @defgroup RCCEx_Private_defines RCCEx Private Defines
  39:Drivers/STM32H7xx_HAL_Driver/Src/stm32h7xx_hal_rcc_ex.c ****  * @{
  40:Drivers/STM32H7xx_HAL_Driver/Src/stm32h7xx_hal_rcc_ex.c ****  */
  41:Drivers/STM32H7xx_HAL_Driver/Src/stm32h7xx_hal_rcc_ex.c **** #define PLL2_TIMEOUT_VALUE         PLL_TIMEOUT_VALUE    /* 2 ms */
  42:Drivers/STM32H7xx_HAL_Driver/Src/stm32h7xx_hal_rcc_ex.c **** #define PLL3_TIMEOUT_VALUE         PLL_TIMEOUT_VALUE    /* 2 ms */
  43:Drivers/STM32H7xx_HAL_Driver/Src/stm32h7xx_hal_rcc_ex.c **** 
  44:Drivers/STM32H7xx_HAL_Driver/Src/stm32h7xx_hal_rcc_ex.c **** #define DIVIDER_P_UPDATE          0U
  45:Drivers/STM32H7xx_HAL_Driver/Src/stm32h7xx_hal_rcc_ex.c **** #define DIVIDER_Q_UPDATE          1U
  46:Drivers/STM32H7xx_HAL_Driver/Src/stm32h7xx_hal_rcc_ex.c **** #define DIVIDER_R_UPDATE          2U
  47:Drivers/STM32H7xx_HAL_Driver/Src/stm32h7xx_hal_rcc_ex.c **** /**
  48:Drivers/STM32H7xx_HAL_Driver/Src/stm32h7xx_hal_rcc_ex.c ****   * @}
  49:Drivers/STM32H7xx_HAL_Driver/Src/stm32h7xx_hal_rcc_ex.c ****   */
  50:Drivers/STM32H7xx_HAL_Driver/Src/stm32h7xx_hal_rcc_ex.c **** 
  51:Drivers/STM32H7xx_HAL_Driver/Src/stm32h7xx_hal_rcc_ex.c **** /* Private macros ------------------------------------------------------------*/
  52:Drivers/STM32H7xx_HAL_Driver/Src/stm32h7xx_hal_rcc_ex.c **** /** @defgroup RCCEx_Private_Macros RCCEx Private Macros
  53:Drivers/STM32H7xx_HAL_Driver/Src/stm32h7xx_hal_rcc_ex.c ****  * @{
  54:Drivers/STM32H7xx_HAL_Driver/Src/stm32h7xx_hal_rcc_ex.c ****  */
  55:Drivers/STM32H7xx_HAL_Driver/Src/stm32h7xx_hal_rcc_ex.c **** /**
  56:Drivers/STM32H7xx_HAL_Driver/Src/stm32h7xx_hal_rcc_ex.c ****   * @}
  57:Drivers/STM32H7xx_HAL_Driver/Src/stm32h7xx_hal_rcc_ex.c ****   */
  58:Drivers/STM32H7xx_HAL_Driver/Src/stm32h7xx_hal_rcc_ex.c **** 
  59:Drivers/STM32H7xx_HAL_Driver/Src/stm32h7xx_hal_rcc_ex.c **** /* Private variables ---------------------------------------------------------*/
  60:Drivers/STM32H7xx_HAL_Driver/Src/stm32h7xx_hal_rcc_ex.c **** /* Private function prototypes -----------------------------------------------*/
  61:Drivers/STM32H7xx_HAL_Driver/Src/stm32h7xx_hal_rcc_ex.c **** static HAL_StatusTypeDef RCCEx_PLL2_Config(const RCC_PLL2InitTypeDef *pll2, uint32_t Divider);
  62:Drivers/STM32H7xx_HAL_Driver/Src/stm32h7xx_hal_rcc_ex.c **** static HAL_StatusTypeDef RCCEx_PLL3_Config(const RCC_PLL3InitTypeDef *pll3, uint32_t Divider);
  63:Drivers/STM32H7xx_HAL_Driver/Src/stm32h7xx_hal_rcc_ex.c **** 
  64:Drivers/STM32H7xx_HAL_Driver/Src/stm32h7xx_hal_rcc_ex.c **** /* Exported functions --------------------------------------------------------*/
  65:Drivers/STM32H7xx_HAL_Driver/Src/stm32h7xx_hal_rcc_ex.c **** /** @defgroup RCCEx_Exported_Functions RCCEx Exported Functions
  66:Drivers/STM32H7xx_HAL_Driver/Src/stm32h7xx_hal_rcc_ex.c ****   * @{
  67:Drivers/STM32H7xx_HAL_Driver/Src/stm32h7xx_hal_rcc_ex.c ****   */
  68:Drivers/STM32H7xx_HAL_Driver/Src/stm32h7xx_hal_rcc_ex.c **** 
  69:Drivers/STM32H7xx_HAL_Driver/Src/stm32h7xx_hal_rcc_ex.c **** /** @defgroup RCCEx_Exported_Functions_Group1 Extended Peripheral Control functions
  70:Drivers/STM32H7xx_HAL_Driver/Src/stm32h7xx_hal_rcc_ex.c ****  *  @brief  Extended Peripheral Control functions
  71:Drivers/STM32H7xx_HAL_Driver/Src/stm32h7xx_hal_rcc_ex.c ****  *
  72:Drivers/STM32H7xx_HAL_Driver/Src/stm32h7xx_hal_rcc_ex.c **** @verbatim
  73:Drivers/STM32H7xx_HAL_Driver/Src/stm32h7xx_hal_rcc_ex.c ****  ===============================================================================
  74:Drivers/STM32H7xx_HAL_Driver/Src/stm32h7xx_hal_rcc_ex.c ****                 ##### Extended Peripheral Control functions  #####
  75:Drivers/STM32H7xx_HAL_Driver/Src/stm32h7xx_hal_rcc_ex.c ****  ===============================================================================
  76:Drivers/STM32H7xx_HAL_Driver/Src/stm32h7xx_hal_rcc_ex.c ****     [..]
  77:Drivers/STM32H7xx_HAL_Driver/Src/stm32h7xx_hal_rcc_ex.c ****     This subsection provides a set of functions allowing to control the RCC Clocks
  78:Drivers/STM32H7xx_HAL_Driver/Src/stm32h7xx_hal_rcc_ex.c ****     frequencies.
  79:Drivers/STM32H7xx_HAL_Driver/Src/stm32h7xx_hal_rcc_ex.c ****     [..]
  80:Drivers/STM32H7xx_HAL_Driver/Src/stm32h7xx_hal_rcc_ex.c ****     (@) Important note: Care must be taken when HAL_RCCEx_PeriphCLKConfig() is used to
  81:Drivers/STM32H7xx_HAL_Driver/Src/stm32h7xx_hal_rcc_ex.c ****         select the RTC clock source; in this case the Backup domain will be reset in
  82:Drivers/STM32H7xx_HAL_Driver/Src/stm32h7xx_hal_rcc_ex.c ****         order to modify the RTC Clock source, as consequence RTC registers (including
  83:Drivers/STM32H7xx_HAL_Driver/Src/stm32h7xx_hal_rcc_ex.c ****         the backup registers) and RCC_BDCR register are set to their reset values.
  84:Drivers/STM32H7xx_HAL_Driver/Src/stm32h7xx_hal_rcc_ex.c **** 
  85:Drivers/STM32H7xx_HAL_Driver/Src/stm32h7xx_hal_rcc_ex.c **** @endverbatim
  86:Drivers/STM32H7xx_HAL_Driver/Src/stm32h7xx_hal_rcc_ex.c ****   * @{
  87:Drivers/STM32H7xx_HAL_Driver/Src/stm32h7xx_hal_rcc_ex.c ****   */
  88:Drivers/STM32H7xx_HAL_Driver/Src/stm32h7xx_hal_rcc_ex.c **** /**
ARM GAS  C:\Users\jason\AppData\Local\Temp\ccSG31kR.s 			page 3


  89:Drivers/STM32H7xx_HAL_Driver/Src/stm32h7xx_hal_rcc_ex.c ****   * @brief  Initializes the RCC extended peripherals clocks according to the specified
  90:Drivers/STM32H7xx_HAL_Driver/Src/stm32h7xx_hal_rcc_ex.c ****   *         parameters in the RCC_PeriphCLKInitTypeDef.
  91:Drivers/STM32H7xx_HAL_Driver/Src/stm32h7xx_hal_rcc_ex.c ****   * @param  PeriphClkInit: pointer to an RCC_PeriphCLKInitTypeDef structure that
  92:Drivers/STM32H7xx_HAL_Driver/Src/stm32h7xx_hal_rcc_ex.c ****   *         contains the configuration information for the Extended Peripherals
  93:Drivers/STM32H7xx_HAL_Driver/Src/stm32h7xx_hal_rcc_ex.c ****   *         clocks (SDMMC, CKPER, FMC, QSPI*, OSPI*, DSI, SPI45, SPDIF, DFSDM1, DFSDM2*, FDCAN, SWP
  94:Drivers/STM32H7xx_HAL_Driver/Src/stm32h7xx_hal_rcc_ex.c ****   *         USART234578, USART16 (USART16910*), RNG, HRTIM1*, I2C123 (I2C1235*), USB, CEC, LPTIM1, 
  95:Drivers/STM32H7xx_HAL_Driver/Src/stm32h7xx_hal_rcc_ex.c ****   *         SAI4A*, SAI4B*, SPI6, RTC).
  96:Drivers/STM32H7xx_HAL_Driver/Src/stm32h7xx_hal_rcc_ex.c ****   * @note   Care must be taken when HAL_RCCEx_PeriphCLKConfig() is used to select
  97:Drivers/STM32H7xx_HAL_Driver/Src/stm32h7xx_hal_rcc_ex.c ****   *         the RTC clock source; in this case the Backup domain will be reset in
  98:Drivers/STM32H7xx_HAL_Driver/Src/stm32h7xx_hal_rcc_ex.c ****   *         order to modify the RTC Clock source, as consequence RTC registers (including
  99:Drivers/STM32H7xx_HAL_Driver/Src/stm32h7xx_hal_rcc_ex.c ****   *         the backup registers) are set to their reset values.
 100:Drivers/STM32H7xx_HAL_Driver/Src/stm32h7xx_hal_rcc_ex.c ****   *
 101:Drivers/STM32H7xx_HAL_Driver/Src/stm32h7xx_hal_rcc_ex.c ****   * (*) : Available on some STM32H7 lines only.
 102:Drivers/STM32H7xx_HAL_Driver/Src/stm32h7xx_hal_rcc_ex.c ****   *
 103:Drivers/STM32H7xx_HAL_Driver/Src/stm32h7xx_hal_rcc_ex.c ****   * @retval HAL status
 104:Drivers/STM32H7xx_HAL_Driver/Src/stm32h7xx_hal_rcc_ex.c ****   */
 105:Drivers/STM32H7xx_HAL_Driver/Src/stm32h7xx_hal_rcc_ex.c **** HAL_StatusTypeDef HAL_RCCEx_PeriphCLKConfig(RCC_PeriphCLKInitTypeDef  *PeriphClkInit)
 106:Drivers/STM32H7xx_HAL_Driver/Src/stm32h7xx_hal_rcc_ex.c **** {
 107:Drivers/STM32H7xx_HAL_Driver/Src/stm32h7xx_hal_rcc_ex.c ****   uint32_t tmpreg;
 108:Drivers/STM32H7xx_HAL_Driver/Src/stm32h7xx_hal_rcc_ex.c ****   uint32_t tickstart;
 109:Drivers/STM32H7xx_HAL_Driver/Src/stm32h7xx_hal_rcc_ex.c ****   HAL_StatusTypeDef ret = HAL_OK;      /* Intermediate status */
 110:Drivers/STM32H7xx_HAL_Driver/Src/stm32h7xx_hal_rcc_ex.c ****   HAL_StatusTypeDef status = HAL_OK;   /* Final status */
 111:Drivers/STM32H7xx_HAL_Driver/Src/stm32h7xx_hal_rcc_ex.c **** 
 112:Drivers/STM32H7xx_HAL_Driver/Src/stm32h7xx_hal_rcc_ex.c ****   /*---------------------------- SPDIFRX configuration -------------------------------*/
 113:Drivers/STM32H7xx_HAL_Driver/Src/stm32h7xx_hal_rcc_ex.c **** 
 114:Drivers/STM32H7xx_HAL_Driver/Src/stm32h7xx_hal_rcc_ex.c ****   if (((PeriphClkInit->PeriphClockSelection) & RCC_PERIPHCLK_SPDIFRX) == RCC_PERIPHCLK_SPDIFRX)
 115:Drivers/STM32H7xx_HAL_Driver/Src/stm32h7xx_hal_rcc_ex.c ****   {
 116:Drivers/STM32H7xx_HAL_Driver/Src/stm32h7xx_hal_rcc_ex.c **** 
 117:Drivers/STM32H7xx_HAL_Driver/Src/stm32h7xx_hal_rcc_ex.c ****     switch (PeriphClkInit->SpdifrxClockSelection)
 118:Drivers/STM32H7xx_HAL_Driver/Src/stm32h7xx_hal_rcc_ex.c ****     {
 119:Drivers/STM32H7xx_HAL_Driver/Src/stm32h7xx_hal_rcc_ex.c ****       case RCC_SPDIFRXCLKSOURCE_PLL:      /* PLL is used as clock source for SPDIFRX*/
 120:Drivers/STM32H7xx_HAL_Driver/Src/stm32h7xx_hal_rcc_ex.c ****         /* Enable PLL1Q Clock output generated form System PLL . */
 121:Drivers/STM32H7xx_HAL_Driver/Src/stm32h7xx_hal_rcc_ex.c ****         __HAL_RCC_PLLCLKOUT_ENABLE(RCC_PLL1_DIVQ);
 122:Drivers/STM32H7xx_HAL_Driver/Src/stm32h7xx_hal_rcc_ex.c **** 
 123:Drivers/STM32H7xx_HAL_Driver/Src/stm32h7xx_hal_rcc_ex.c ****         /* SPDIFRX clock source configuration done later after clock selection check */
 124:Drivers/STM32H7xx_HAL_Driver/Src/stm32h7xx_hal_rcc_ex.c ****         break;
 125:Drivers/STM32H7xx_HAL_Driver/Src/stm32h7xx_hal_rcc_ex.c **** 
 126:Drivers/STM32H7xx_HAL_Driver/Src/stm32h7xx_hal_rcc_ex.c ****       case RCC_SPDIFRXCLKSOURCE_PLL2: /* PLL2 is used as clock source for SPDIFRX*/
 127:Drivers/STM32H7xx_HAL_Driver/Src/stm32h7xx_hal_rcc_ex.c **** 
 128:Drivers/STM32H7xx_HAL_Driver/Src/stm32h7xx_hal_rcc_ex.c ****         ret = RCCEx_PLL2_Config(&(PeriphClkInit->PLL2), DIVIDER_R_UPDATE);
 129:Drivers/STM32H7xx_HAL_Driver/Src/stm32h7xx_hal_rcc_ex.c **** 
 130:Drivers/STM32H7xx_HAL_Driver/Src/stm32h7xx_hal_rcc_ex.c ****         /* SPDIFRX clock source configuration done later after clock selection check */
 131:Drivers/STM32H7xx_HAL_Driver/Src/stm32h7xx_hal_rcc_ex.c ****         break;
 132:Drivers/STM32H7xx_HAL_Driver/Src/stm32h7xx_hal_rcc_ex.c **** 
 133:Drivers/STM32H7xx_HAL_Driver/Src/stm32h7xx_hal_rcc_ex.c ****       case RCC_SPDIFRXCLKSOURCE_PLL3:  /* PLL3 is used as clock source for SPDIFRX*/
 134:Drivers/STM32H7xx_HAL_Driver/Src/stm32h7xx_hal_rcc_ex.c ****         ret = RCCEx_PLL3_Config(&(PeriphClkInit->PLL3), DIVIDER_R_UPDATE);
 135:Drivers/STM32H7xx_HAL_Driver/Src/stm32h7xx_hal_rcc_ex.c **** 
 136:Drivers/STM32H7xx_HAL_Driver/Src/stm32h7xx_hal_rcc_ex.c ****         /* SPDIFRX clock source configuration done later after clock selection check */
 137:Drivers/STM32H7xx_HAL_Driver/Src/stm32h7xx_hal_rcc_ex.c ****         break;
 138:Drivers/STM32H7xx_HAL_Driver/Src/stm32h7xx_hal_rcc_ex.c **** 
 139:Drivers/STM32H7xx_HAL_Driver/Src/stm32h7xx_hal_rcc_ex.c ****       case RCC_SPDIFRXCLKSOURCE_HSI:
 140:Drivers/STM32H7xx_HAL_Driver/Src/stm32h7xx_hal_rcc_ex.c ****         /* Internal OSC clock is used as source of SPDIFRX clock*/
 141:Drivers/STM32H7xx_HAL_Driver/Src/stm32h7xx_hal_rcc_ex.c ****         /* SPDIFRX clock source configuration done later after clock selection check */
 142:Drivers/STM32H7xx_HAL_Driver/Src/stm32h7xx_hal_rcc_ex.c ****         break;
 143:Drivers/STM32H7xx_HAL_Driver/Src/stm32h7xx_hal_rcc_ex.c **** 
 144:Drivers/STM32H7xx_HAL_Driver/Src/stm32h7xx_hal_rcc_ex.c ****       default:
 145:Drivers/STM32H7xx_HAL_Driver/Src/stm32h7xx_hal_rcc_ex.c ****         ret = HAL_ERROR;
ARM GAS  C:\Users\jason\AppData\Local\Temp\ccSG31kR.s 			page 4


 146:Drivers/STM32H7xx_HAL_Driver/Src/stm32h7xx_hal_rcc_ex.c ****         break;
 147:Drivers/STM32H7xx_HAL_Driver/Src/stm32h7xx_hal_rcc_ex.c ****     }
 148:Drivers/STM32H7xx_HAL_Driver/Src/stm32h7xx_hal_rcc_ex.c **** 
 149:Drivers/STM32H7xx_HAL_Driver/Src/stm32h7xx_hal_rcc_ex.c ****     if (ret == HAL_OK)
 150:Drivers/STM32H7xx_HAL_Driver/Src/stm32h7xx_hal_rcc_ex.c ****     {
 151:Drivers/STM32H7xx_HAL_Driver/Src/stm32h7xx_hal_rcc_ex.c ****       /* Set the source of SPDIFRX clock*/
 152:Drivers/STM32H7xx_HAL_Driver/Src/stm32h7xx_hal_rcc_ex.c ****       __HAL_RCC_SPDIFRX_CONFIG(PeriphClkInit->SpdifrxClockSelection);
 153:Drivers/STM32H7xx_HAL_Driver/Src/stm32h7xx_hal_rcc_ex.c ****     }
 154:Drivers/STM32H7xx_HAL_Driver/Src/stm32h7xx_hal_rcc_ex.c ****     else
 155:Drivers/STM32H7xx_HAL_Driver/Src/stm32h7xx_hal_rcc_ex.c ****     {
 156:Drivers/STM32H7xx_HAL_Driver/Src/stm32h7xx_hal_rcc_ex.c ****       /* set overall return value */
 157:Drivers/STM32H7xx_HAL_Driver/Src/stm32h7xx_hal_rcc_ex.c ****       status = ret;
 158:Drivers/STM32H7xx_HAL_Driver/Src/stm32h7xx_hal_rcc_ex.c ****     }
 159:Drivers/STM32H7xx_HAL_Driver/Src/stm32h7xx_hal_rcc_ex.c ****   }
 160:Drivers/STM32H7xx_HAL_Driver/Src/stm32h7xx_hal_rcc_ex.c **** 
 161:Drivers/STM32H7xx_HAL_Driver/Src/stm32h7xx_hal_rcc_ex.c ****   /*---------------------------- SAI1 configuration -------------------------------*/
 162:Drivers/STM32H7xx_HAL_Driver/Src/stm32h7xx_hal_rcc_ex.c ****   if (((PeriphClkInit->PeriphClockSelection) & RCC_PERIPHCLK_SAI1) == RCC_PERIPHCLK_SAI1)
 163:Drivers/STM32H7xx_HAL_Driver/Src/stm32h7xx_hal_rcc_ex.c ****   {
 164:Drivers/STM32H7xx_HAL_Driver/Src/stm32h7xx_hal_rcc_ex.c ****     switch (PeriphClkInit->Sai1ClockSelection)
 165:Drivers/STM32H7xx_HAL_Driver/Src/stm32h7xx_hal_rcc_ex.c ****     {
 166:Drivers/STM32H7xx_HAL_Driver/Src/stm32h7xx_hal_rcc_ex.c ****       case RCC_SAI1CLKSOURCE_PLL:      /* PLL is used as clock source for SAI1*/
 167:Drivers/STM32H7xx_HAL_Driver/Src/stm32h7xx_hal_rcc_ex.c ****         /* Enable SAI Clock output generated form System PLL . */
 168:Drivers/STM32H7xx_HAL_Driver/Src/stm32h7xx_hal_rcc_ex.c ****         __HAL_RCC_PLLCLKOUT_ENABLE(RCC_PLL1_DIVQ);
 169:Drivers/STM32H7xx_HAL_Driver/Src/stm32h7xx_hal_rcc_ex.c **** 
 170:Drivers/STM32H7xx_HAL_Driver/Src/stm32h7xx_hal_rcc_ex.c ****         /* SAI1 clock source configuration done later after clock selection check */
 171:Drivers/STM32H7xx_HAL_Driver/Src/stm32h7xx_hal_rcc_ex.c ****         break;
 172:Drivers/STM32H7xx_HAL_Driver/Src/stm32h7xx_hal_rcc_ex.c **** 
 173:Drivers/STM32H7xx_HAL_Driver/Src/stm32h7xx_hal_rcc_ex.c ****       case RCC_SAI1CLKSOURCE_PLL2: /* PLL2 is used as clock source for SAI1*/
 174:Drivers/STM32H7xx_HAL_Driver/Src/stm32h7xx_hal_rcc_ex.c **** 
 175:Drivers/STM32H7xx_HAL_Driver/Src/stm32h7xx_hal_rcc_ex.c ****         ret = RCCEx_PLL2_Config(&(PeriphClkInit->PLL2), DIVIDER_P_UPDATE);
 176:Drivers/STM32H7xx_HAL_Driver/Src/stm32h7xx_hal_rcc_ex.c **** 
 177:Drivers/STM32H7xx_HAL_Driver/Src/stm32h7xx_hal_rcc_ex.c ****         /* SAI1 clock source configuration done later after clock selection check */
 178:Drivers/STM32H7xx_HAL_Driver/Src/stm32h7xx_hal_rcc_ex.c ****         break;
 179:Drivers/STM32H7xx_HAL_Driver/Src/stm32h7xx_hal_rcc_ex.c **** 
 180:Drivers/STM32H7xx_HAL_Driver/Src/stm32h7xx_hal_rcc_ex.c ****       case RCC_SAI1CLKSOURCE_PLL3:  /* PLL3 is used as clock source for SAI1*/
 181:Drivers/STM32H7xx_HAL_Driver/Src/stm32h7xx_hal_rcc_ex.c ****         ret = RCCEx_PLL3_Config(&(PeriphClkInit->PLL3), DIVIDER_P_UPDATE);
 182:Drivers/STM32H7xx_HAL_Driver/Src/stm32h7xx_hal_rcc_ex.c **** 
 183:Drivers/STM32H7xx_HAL_Driver/Src/stm32h7xx_hal_rcc_ex.c ****         /* SAI1 clock source configuration done later after clock selection check */
 184:Drivers/STM32H7xx_HAL_Driver/Src/stm32h7xx_hal_rcc_ex.c ****         break;
 185:Drivers/STM32H7xx_HAL_Driver/Src/stm32h7xx_hal_rcc_ex.c **** 
 186:Drivers/STM32H7xx_HAL_Driver/Src/stm32h7xx_hal_rcc_ex.c ****       case RCC_SAI1CLKSOURCE_PIN:
 187:Drivers/STM32H7xx_HAL_Driver/Src/stm32h7xx_hal_rcc_ex.c ****         /* External clock is used as source of SAI1 clock*/
 188:Drivers/STM32H7xx_HAL_Driver/Src/stm32h7xx_hal_rcc_ex.c ****         /* SAI1 clock source configuration done later after clock selection check */
 189:Drivers/STM32H7xx_HAL_Driver/Src/stm32h7xx_hal_rcc_ex.c ****         break;
 190:Drivers/STM32H7xx_HAL_Driver/Src/stm32h7xx_hal_rcc_ex.c **** 
 191:Drivers/STM32H7xx_HAL_Driver/Src/stm32h7xx_hal_rcc_ex.c ****       case RCC_SAI1CLKSOURCE_CLKP:
 192:Drivers/STM32H7xx_HAL_Driver/Src/stm32h7xx_hal_rcc_ex.c ****         /* HSI, HSE, or CSI oscillator is used as source of SAI1 clock */
 193:Drivers/STM32H7xx_HAL_Driver/Src/stm32h7xx_hal_rcc_ex.c ****         /* SAI1 clock source configuration done later after clock selection check */
 194:Drivers/STM32H7xx_HAL_Driver/Src/stm32h7xx_hal_rcc_ex.c ****         break;
 195:Drivers/STM32H7xx_HAL_Driver/Src/stm32h7xx_hal_rcc_ex.c **** 
 196:Drivers/STM32H7xx_HAL_Driver/Src/stm32h7xx_hal_rcc_ex.c ****       default:
 197:Drivers/STM32H7xx_HAL_Driver/Src/stm32h7xx_hal_rcc_ex.c ****         ret = HAL_ERROR;
 198:Drivers/STM32H7xx_HAL_Driver/Src/stm32h7xx_hal_rcc_ex.c ****         break;
 199:Drivers/STM32H7xx_HAL_Driver/Src/stm32h7xx_hal_rcc_ex.c ****     }
 200:Drivers/STM32H7xx_HAL_Driver/Src/stm32h7xx_hal_rcc_ex.c **** 
 201:Drivers/STM32H7xx_HAL_Driver/Src/stm32h7xx_hal_rcc_ex.c ****     if (ret == HAL_OK)
 202:Drivers/STM32H7xx_HAL_Driver/Src/stm32h7xx_hal_rcc_ex.c ****     {
ARM GAS  C:\Users\jason\AppData\Local\Temp\ccSG31kR.s 			page 5


 203:Drivers/STM32H7xx_HAL_Driver/Src/stm32h7xx_hal_rcc_ex.c ****       /* Set the source of SAI1 clock*/
 204:Drivers/STM32H7xx_HAL_Driver/Src/stm32h7xx_hal_rcc_ex.c ****       __HAL_RCC_SAI1_CONFIG(PeriphClkInit->Sai1ClockSelection);
 205:Drivers/STM32H7xx_HAL_Driver/Src/stm32h7xx_hal_rcc_ex.c ****     }
 206:Drivers/STM32H7xx_HAL_Driver/Src/stm32h7xx_hal_rcc_ex.c ****     else
 207:Drivers/STM32H7xx_HAL_Driver/Src/stm32h7xx_hal_rcc_ex.c ****     {
 208:Drivers/STM32H7xx_HAL_Driver/Src/stm32h7xx_hal_rcc_ex.c ****       /* set overall return value */
 209:Drivers/STM32H7xx_HAL_Driver/Src/stm32h7xx_hal_rcc_ex.c ****       status = ret;
 210:Drivers/STM32H7xx_HAL_Driver/Src/stm32h7xx_hal_rcc_ex.c ****     }
 211:Drivers/STM32H7xx_HAL_Driver/Src/stm32h7xx_hal_rcc_ex.c ****   }
 212:Drivers/STM32H7xx_HAL_Driver/Src/stm32h7xx_hal_rcc_ex.c **** 
 213:Drivers/STM32H7xx_HAL_Driver/Src/stm32h7xx_hal_rcc_ex.c **** #if defined(SAI3)
 214:Drivers/STM32H7xx_HAL_Driver/Src/stm32h7xx_hal_rcc_ex.c ****   /*---------------------------- SAI2/3 configuration -------------------------------*/
 215:Drivers/STM32H7xx_HAL_Driver/Src/stm32h7xx_hal_rcc_ex.c ****   if (((PeriphClkInit->PeriphClockSelection) & RCC_PERIPHCLK_SAI23) == RCC_PERIPHCLK_SAI23)
 216:Drivers/STM32H7xx_HAL_Driver/Src/stm32h7xx_hal_rcc_ex.c ****   {
 217:Drivers/STM32H7xx_HAL_Driver/Src/stm32h7xx_hal_rcc_ex.c ****     switch (PeriphClkInit->Sai23ClockSelection)
 218:Drivers/STM32H7xx_HAL_Driver/Src/stm32h7xx_hal_rcc_ex.c ****     {
 219:Drivers/STM32H7xx_HAL_Driver/Src/stm32h7xx_hal_rcc_ex.c ****       case RCC_SAI23CLKSOURCE_PLL:      /* PLL is used as clock source for SAI2/3 */
 220:Drivers/STM32H7xx_HAL_Driver/Src/stm32h7xx_hal_rcc_ex.c ****         /* Enable SAI Clock output generated form System PLL . */
 221:Drivers/STM32H7xx_HAL_Driver/Src/stm32h7xx_hal_rcc_ex.c ****         __HAL_RCC_PLLCLKOUT_ENABLE(RCC_PLL1_DIVQ);
 222:Drivers/STM32H7xx_HAL_Driver/Src/stm32h7xx_hal_rcc_ex.c **** 
 223:Drivers/STM32H7xx_HAL_Driver/Src/stm32h7xx_hal_rcc_ex.c ****         /* SAI2/3 clock source configuration done later after clock selection check */
 224:Drivers/STM32H7xx_HAL_Driver/Src/stm32h7xx_hal_rcc_ex.c ****         break;
 225:Drivers/STM32H7xx_HAL_Driver/Src/stm32h7xx_hal_rcc_ex.c **** 
 226:Drivers/STM32H7xx_HAL_Driver/Src/stm32h7xx_hal_rcc_ex.c ****       case RCC_SAI23CLKSOURCE_PLL2: /* PLL2 is used as clock source for SAI2/3 */
 227:Drivers/STM32H7xx_HAL_Driver/Src/stm32h7xx_hal_rcc_ex.c **** 
 228:Drivers/STM32H7xx_HAL_Driver/Src/stm32h7xx_hal_rcc_ex.c ****         ret = RCCEx_PLL2_Config(&(PeriphClkInit->PLL2), DIVIDER_P_UPDATE);
 229:Drivers/STM32H7xx_HAL_Driver/Src/stm32h7xx_hal_rcc_ex.c **** 
 230:Drivers/STM32H7xx_HAL_Driver/Src/stm32h7xx_hal_rcc_ex.c ****         /* SAI2/3 clock source configuration done later after clock selection check */
 231:Drivers/STM32H7xx_HAL_Driver/Src/stm32h7xx_hal_rcc_ex.c ****         break;
 232:Drivers/STM32H7xx_HAL_Driver/Src/stm32h7xx_hal_rcc_ex.c **** 
 233:Drivers/STM32H7xx_HAL_Driver/Src/stm32h7xx_hal_rcc_ex.c ****       case RCC_SAI23CLKSOURCE_PLL3:  /* PLL3 is used as clock source for SAI2/3 */
 234:Drivers/STM32H7xx_HAL_Driver/Src/stm32h7xx_hal_rcc_ex.c ****         ret = RCCEx_PLL3_Config(&(PeriphClkInit->PLL3), DIVIDER_P_UPDATE);
 235:Drivers/STM32H7xx_HAL_Driver/Src/stm32h7xx_hal_rcc_ex.c **** 
 236:Drivers/STM32H7xx_HAL_Driver/Src/stm32h7xx_hal_rcc_ex.c ****         /* SAI2/3 clock source configuration done later after clock selection check */
 237:Drivers/STM32H7xx_HAL_Driver/Src/stm32h7xx_hal_rcc_ex.c ****         break;
 238:Drivers/STM32H7xx_HAL_Driver/Src/stm32h7xx_hal_rcc_ex.c **** 
 239:Drivers/STM32H7xx_HAL_Driver/Src/stm32h7xx_hal_rcc_ex.c ****       case RCC_SAI23CLKSOURCE_PIN:
 240:Drivers/STM32H7xx_HAL_Driver/Src/stm32h7xx_hal_rcc_ex.c ****         /* External clock is used as source of SAI2/3 clock*/
 241:Drivers/STM32H7xx_HAL_Driver/Src/stm32h7xx_hal_rcc_ex.c ****         /* SAI2/3 clock source configuration done later after clock selection check */
 242:Drivers/STM32H7xx_HAL_Driver/Src/stm32h7xx_hal_rcc_ex.c ****         break;
 243:Drivers/STM32H7xx_HAL_Driver/Src/stm32h7xx_hal_rcc_ex.c **** 
 244:Drivers/STM32H7xx_HAL_Driver/Src/stm32h7xx_hal_rcc_ex.c ****       case RCC_SAI23CLKSOURCE_CLKP:
 245:Drivers/STM32H7xx_HAL_Driver/Src/stm32h7xx_hal_rcc_ex.c ****         /* HSI, HSE, or CSI oscillator is used as source of SAI2/3 clock */
 246:Drivers/STM32H7xx_HAL_Driver/Src/stm32h7xx_hal_rcc_ex.c ****         /* SAI2/3 clock source configuration done later after clock selection check */
 247:Drivers/STM32H7xx_HAL_Driver/Src/stm32h7xx_hal_rcc_ex.c ****         break;
 248:Drivers/STM32H7xx_HAL_Driver/Src/stm32h7xx_hal_rcc_ex.c **** 
 249:Drivers/STM32H7xx_HAL_Driver/Src/stm32h7xx_hal_rcc_ex.c ****       default:
 250:Drivers/STM32H7xx_HAL_Driver/Src/stm32h7xx_hal_rcc_ex.c ****         ret = HAL_ERROR;
 251:Drivers/STM32H7xx_HAL_Driver/Src/stm32h7xx_hal_rcc_ex.c ****         break;
 252:Drivers/STM32H7xx_HAL_Driver/Src/stm32h7xx_hal_rcc_ex.c ****     }
 253:Drivers/STM32H7xx_HAL_Driver/Src/stm32h7xx_hal_rcc_ex.c **** 
 254:Drivers/STM32H7xx_HAL_Driver/Src/stm32h7xx_hal_rcc_ex.c ****     if (ret == HAL_OK)
 255:Drivers/STM32H7xx_HAL_Driver/Src/stm32h7xx_hal_rcc_ex.c ****     {
 256:Drivers/STM32H7xx_HAL_Driver/Src/stm32h7xx_hal_rcc_ex.c ****       /* Set the source of SAI2/3 clock*/
 257:Drivers/STM32H7xx_HAL_Driver/Src/stm32h7xx_hal_rcc_ex.c ****       __HAL_RCC_SAI23_CONFIG(PeriphClkInit->Sai23ClockSelection);
 258:Drivers/STM32H7xx_HAL_Driver/Src/stm32h7xx_hal_rcc_ex.c ****     }
 259:Drivers/STM32H7xx_HAL_Driver/Src/stm32h7xx_hal_rcc_ex.c ****     else
ARM GAS  C:\Users\jason\AppData\Local\Temp\ccSG31kR.s 			page 6


 260:Drivers/STM32H7xx_HAL_Driver/Src/stm32h7xx_hal_rcc_ex.c ****     {
 261:Drivers/STM32H7xx_HAL_Driver/Src/stm32h7xx_hal_rcc_ex.c ****       /* set overall return value */
 262:Drivers/STM32H7xx_HAL_Driver/Src/stm32h7xx_hal_rcc_ex.c ****       status = ret;
 263:Drivers/STM32H7xx_HAL_Driver/Src/stm32h7xx_hal_rcc_ex.c ****     }
 264:Drivers/STM32H7xx_HAL_Driver/Src/stm32h7xx_hal_rcc_ex.c ****   }
 265:Drivers/STM32H7xx_HAL_Driver/Src/stm32h7xx_hal_rcc_ex.c **** 
 266:Drivers/STM32H7xx_HAL_Driver/Src/stm32h7xx_hal_rcc_ex.c **** #endif /* SAI3 */
 267:Drivers/STM32H7xx_HAL_Driver/Src/stm32h7xx_hal_rcc_ex.c **** 
 268:Drivers/STM32H7xx_HAL_Driver/Src/stm32h7xx_hal_rcc_ex.c **** #if defined(RCC_CDCCIP1R_SAI2ASEL)
 269:Drivers/STM32H7xx_HAL_Driver/Src/stm32h7xx_hal_rcc_ex.c ****   /*---------------------------- SAI2A configuration -------------------------------*/
 270:Drivers/STM32H7xx_HAL_Driver/Src/stm32h7xx_hal_rcc_ex.c ****   if (((PeriphClkInit->PeriphClockSelection) & RCC_PERIPHCLK_SAI2A) == RCC_PERIPHCLK_SAI2A)
 271:Drivers/STM32H7xx_HAL_Driver/Src/stm32h7xx_hal_rcc_ex.c ****   {
 272:Drivers/STM32H7xx_HAL_Driver/Src/stm32h7xx_hal_rcc_ex.c ****     switch (PeriphClkInit->Sai2AClockSelection)
 273:Drivers/STM32H7xx_HAL_Driver/Src/stm32h7xx_hal_rcc_ex.c ****     {
 274:Drivers/STM32H7xx_HAL_Driver/Src/stm32h7xx_hal_rcc_ex.c ****       case RCC_SAI2ACLKSOURCE_PLL:      /* PLL is used as clock source for SAI2A */
 275:Drivers/STM32H7xx_HAL_Driver/Src/stm32h7xx_hal_rcc_ex.c ****         /* Enable SAI2A Clock output generated form System PLL . */
 276:Drivers/STM32H7xx_HAL_Driver/Src/stm32h7xx_hal_rcc_ex.c ****         __HAL_RCC_PLLCLKOUT_ENABLE(RCC_PLL1_DIVQ);
 277:Drivers/STM32H7xx_HAL_Driver/Src/stm32h7xx_hal_rcc_ex.c **** 
 278:Drivers/STM32H7xx_HAL_Driver/Src/stm32h7xx_hal_rcc_ex.c ****         /* SAI2A clock source configuration done later after clock selection check */
 279:Drivers/STM32H7xx_HAL_Driver/Src/stm32h7xx_hal_rcc_ex.c ****         break;
 280:Drivers/STM32H7xx_HAL_Driver/Src/stm32h7xx_hal_rcc_ex.c **** 
 281:Drivers/STM32H7xx_HAL_Driver/Src/stm32h7xx_hal_rcc_ex.c ****       case RCC_SAI2ACLKSOURCE_PLL2: /* PLL2 is used as clock source for SAI2A */
 282:Drivers/STM32H7xx_HAL_Driver/Src/stm32h7xx_hal_rcc_ex.c **** 
 283:Drivers/STM32H7xx_HAL_Driver/Src/stm32h7xx_hal_rcc_ex.c ****         ret = RCCEx_PLL2_Config(&(PeriphClkInit->PLL2), DIVIDER_P_UPDATE);
 284:Drivers/STM32H7xx_HAL_Driver/Src/stm32h7xx_hal_rcc_ex.c **** 
 285:Drivers/STM32H7xx_HAL_Driver/Src/stm32h7xx_hal_rcc_ex.c ****         /* SAI2A clock source configuration done later after clock selection check */
 286:Drivers/STM32H7xx_HAL_Driver/Src/stm32h7xx_hal_rcc_ex.c ****         break;
 287:Drivers/STM32H7xx_HAL_Driver/Src/stm32h7xx_hal_rcc_ex.c **** 
 288:Drivers/STM32H7xx_HAL_Driver/Src/stm32h7xx_hal_rcc_ex.c ****       case RCC_SAI2ACLKSOURCE_PLL3:  /* PLL3 is used as clock source for SAI2A */
 289:Drivers/STM32H7xx_HAL_Driver/Src/stm32h7xx_hal_rcc_ex.c ****         ret = RCCEx_PLL3_Config(&(PeriphClkInit->PLL3), DIVIDER_P_UPDATE);
 290:Drivers/STM32H7xx_HAL_Driver/Src/stm32h7xx_hal_rcc_ex.c **** 
 291:Drivers/STM32H7xx_HAL_Driver/Src/stm32h7xx_hal_rcc_ex.c ****         /* SAI2A clock source configuration done later after clock selection check */
 292:Drivers/STM32H7xx_HAL_Driver/Src/stm32h7xx_hal_rcc_ex.c ****         break;
 293:Drivers/STM32H7xx_HAL_Driver/Src/stm32h7xx_hal_rcc_ex.c **** 
 294:Drivers/STM32H7xx_HAL_Driver/Src/stm32h7xx_hal_rcc_ex.c ****       case RCC_SAI2ACLKSOURCE_PIN:
 295:Drivers/STM32H7xx_HAL_Driver/Src/stm32h7xx_hal_rcc_ex.c ****         /* External clock is used as source of SAI2A clock*/
 296:Drivers/STM32H7xx_HAL_Driver/Src/stm32h7xx_hal_rcc_ex.c ****         /* SAI2A clock source configuration done later after clock selection check */
 297:Drivers/STM32H7xx_HAL_Driver/Src/stm32h7xx_hal_rcc_ex.c ****         break;
 298:Drivers/STM32H7xx_HAL_Driver/Src/stm32h7xx_hal_rcc_ex.c **** 
 299:Drivers/STM32H7xx_HAL_Driver/Src/stm32h7xx_hal_rcc_ex.c ****       case RCC_SAI2ACLKSOURCE_CLKP:
 300:Drivers/STM32H7xx_HAL_Driver/Src/stm32h7xx_hal_rcc_ex.c ****         /* HSI, HSE, or CSI oscillator is used as source of SAI2A clock */
 301:Drivers/STM32H7xx_HAL_Driver/Src/stm32h7xx_hal_rcc_ex.c ****         /* SAI2A clock source configuration done later after clock selection check */
 302:Drivers/STM32H7xx_HAL_Driver/Src/stm32h7xx_hal_rcc_ex.c ****         break;
 303:Drivers/STM32H7xx_HAL_Driver/Src/stm32h7xx_hal_rcc_ex.c **** 
 304:Drivers/STM32H7xx_HAL_Driver/Src/stm32h7xx_hal_rcc_ex.c ****       case RCC_SAI2ACLKSOURCE_SPDIF:
 305:Drivers/STM32H7xx_HAL_Driver/Src/stm32h7xx_hal_rcc_ex.c ****         /* SPDIF clock is used as source of SAI2A clock */
 306:Drivers/STM32H7xx_HAL_Driver/Src/stm32h7xx_hal_rcc_ex.c ****         /* SAI2A clock source configuration done later after clock selection check */
 307:Drivers/STM32H7xx_HAL_Driver/Src/stm32h7xx_hal_rcc_ex.c ****         break;
 308:Drivers/STM32H7xx_HAL_Driver/Src/stm32h7xx_hal_rcc_ex.c **** 
 309:Drivers/STM32H7xx_HAL_Driver/Src/stm32h7xx_hal_rcc_ex.c ****       default:
 310:Drivers/STM32H7xx_HAL_Driver/Src/stm32h7xx_hal_rcc_ex.c ****         ret = HAL_ERROR;
 311:Drivers/STM32H7xx_HAL_Driver/Src/stm32h7xx_hal_rcc_ex.c ****         break;
 312:Drivers/STM32H7xx_HAL_Driver/Src/stm32h7xx_hal_rcc_ex.c ****     }
 313:Drivers/STM32H7xx_HAL_Driver/Src/stm32h7xx_hal_rcc_ex.c **** 
 314:Drivers/STM32H7xx_HAL_Driver/Src/stm32h7xx_hal_rcc_ex.c ****     if (ret == HAL_OK)
 315:Drivers/STM32H7xx_HAL_Driver/Src/stm32h7xx_hal_rcc_ex.c ****     {
 316:Drivers/STM32H7xx_HAL_Driver/Src/stm32h7xx_hal_rcc_ex.c ****       /* Set the source of SAI2A clock*/
ARM GAS  C:\Users\jason\AppData\Local\Temp\ccSG31kR.s 			page 7


 317:Drivers/STM32H7xx_HAL_Driver/Src/stm32h7xx_hal_rcc_ex.c ****       __HAL_RCC_SAI2A_CONFIG(PeriphClkInit->Sai2AClockSelection);
 318:Drivers/STM32H7xx_HAL_Driver/Src/stm32h7xx_hal_rcc_ex.c ****     }
 319:Drivers/STM32H7xx_HAL_Driver/Src/stm32h7xx_hal_rcc_ex.c ****     else
 320:Drivers/STM32H7xx_HAL_Driver/Src/stm32h7xx_hal_rcc_ex.c ****     {
 321:Drivers/STM32H7xx_HAL_Driver/Src/stm32h7xx_hal_rcc_ex.c ****       /* set overall return value */
 322:Drivers/STM32H7xx_HAL_Driver/Src/stm32h7xx_hal_rcc_ex.c ****       status = ret;
 323:Drivers/STM32H7xx_HAL_Driver/Src/stm32h7xx_hal_rcc_ex.c ****     }
 324:Drivers/STM32H7xx_HAL_Driver/Src/stm32h7xx_hal_rcc_ex.c ****   }
 325:Drivers/STM32H7xx_HAL_Driver/Src/stm32h7xx_hal_rcc_ex.c **** #endif  /*SAI2A*/
 326:Drivers/STM32H7xx_HAL_Driver/Src/stm32h7xx_hal_rcc_ex.c **** 
 327:Drivers/STM32H7xx_HAL_Driver/Src/stm32h7xx_hal_rcc_ex.c **** #if defined(RCC_CDCCIP1R_SAI2BSEL)
 328:Drivers/STM32H7xx_HAL_Driver/Src/stm32h7xx_hal_rcc_ex.c **** 
 329:Drivers/STM32H7xx_HAL_Driver/Src/stm32h7xx_hal_rcc_ex.c ****   /*---------------------------- SAI2B configuration -------------------------------*/
 330:Drivers/STM32H7xx_HAL_Driver/Src/stm32h7xx_hal_rcc_ex.c ****   if (((PeriphClkInit->PeriphClockSelection) & RCC_PERIPHCLK_SAI2B) == RCC_PERIPHCLK_SAI2B)
 331:Drivers/STM32H7xx_HAL_Driver/Src/stm32h7xx_hal_rcc_ex.c ****   {
 332:Drivers/STM32H7xx_HAL_Driver/Src/stm32h7xx_hal_rcc_ex.c ****     switch (PeriphClkInit->Sai2BClockSelection)
 333:Drivers/STM32H7xx_HAL_Driver/Src/stm32h7xx_hal_rcc_ex.c ****     {
 334:Drivers/STM32H7xx_HAL_Driver/Src/stm32h7xx_hal_rcc_ex.c ****       case RCC_SAI2BCLKSOURCE_PLL:      /* PLL is used as clock source for SAI2B */
 335:Drivers/STM32H7xx_HAL_Driver/Src/stm32h7xx_hal_rcc_ex.c ****         /* Enable SAI Clock output generated form System PLL . */
 336:Drivers/STM32H7xx_HAL_Driver/Src/stm32h7xx_hal_rcc_ex.c ****         __HAL_RCC_PLLCLKOUT_ENABLE(RCC_PLL1_DIVQ);
 337:Drivers/STM32H7xx_HAL_Driver/Src/stm32h7xx_hal_rcc_ex.c **** 
 338:Drivers/STM32H7xx_HAL_Driver/Src/stm32h7xx_hal_rcc_ex.c ****         /* SAI2B clock source configuration done later after clock selection check */
 339:Drivers/STM32H7xx_HAL_Driver/Src/stm32h7xx_hal_rcc_ex.c ****         break;
 340:Drivers/STM32H7xx_HAL_Driver/Src/stm32h7xx_hal_rcc_ex.c **** 
 341:Drivers/STM32H7xx_HAL_Driver/Src/stm32h7xx_hal_rcc_ex.c ****       case RCC_SAI2BCLKSOURCE_PLL2: /* PLL2 is used as clock source for SAI2B */
 342:Drivers/STM32H7xx_HAL_Driver/Src/stm32h7xx_hal_rcc_ex.c **** 
 343:Drivers/STM32H7xx_HAL_Driver/Src/stm32h7xx_hal_rcc_ex.c ****         ret = RCCEx_PLL2_Config(&(PeriphClkInit->PLL2), DIVIDER_P_UPDATE);
 344:Drivers/STM32H7xx_HAL_Driver/Src/stm32h7xx_hal_rcc_ex.c **** 
 345:Drivers/STM32H7xx_HAL_Driver/Src/stm32h7xx_hal_rcc_ex.c ****         /* SAI2B clock source configuration done later after clock selection check */
 346:Drivers/STM32H7xx_HAL_Driver/Src/stm32h7xx_hal_rcc_ex.c ****         break;
 347:Drivers/STM32H7xx_HAL_Driver/Src/stm32h7xx_hal_rcc_ex.c **** 
 348:Drivers/STM32H7xx_HAL_Driver/Src/stm32h7xx_hal_rcc_ex.c ****       case RCC_SAI2BCLKSOURCE_PLL3:  /* PLL3 is used as clock source for SAI2B */
 349:Drivers/STM32H7xx_HAL_Driver/Src/stm32h7xx_hal_rcc_ex.c ****         ret = RCCEx_PLL3_Config(&(PeriphClkInit->PLL3), DIVIDER_P_UPDATE);
 350:Drivers/STM32H7xx_HAL_Driver/Src/stm32h7xx_hal_rcc_ex.c **** 
 351:Drivers/STM32H7xx_HAL_Driver/Src/stm32h7xx_hal_rcc_ex.c ****         /* SAI2B clock source configuration done later after clock selection check */
 352:Drivers/STM32H7xx_HAL_Driver/Src/stm32h7xx_hal_rcc_ex.c ****         break;
 353:Drivers/STM32H7xx_HAL_Driver/Src/stm32h7xx_hal_rcc_ex.c **** 
 354:Drivers/STM32H7xx_HAL_Driver/Src/stm32h7xx_hal_rcc_ex.c ****       case RCC_SAI2BCLKSOURCE_PIN:
 355:Drivers/STM32H7xx_HAL_Driver/Src/stm32h7xx_hal_rcc_ex.c ****         /* External clock is used as source of SAI2B clock*/
 356:Drivers/STM32H7xx_HAL_Driver/Src/stm32h7xx_hal_rcc_ex.c ****         /* SAI2B clock source configuration done later after clock selection check */
 357:Drivers/STM32H7xx_HAL_Driver/Src/stm32h7xx_hal_rcc_ex.c ****         break;
 358:Drivers/STM32H7xx_HAL_Driver/Src/stm32h7xx_hal_rcc_ex.c **** 
 359:Drivers/STM32H7xx_HAL_Driver/Src/stm32h7xx_hal_rcc_ex.c ****       case RCC_SAI2BCLKSOURCE_CLKP:
 360:Drivers/STM32H7xx_HAL_Driver/Src/stm32h7xx_hal_rcc_ex.c ****         /* HSI, HSE, or CSI oscillator is used as source of SAI2B clock */
 361:Drivers/STM32H7xx_HAL_Driver/Src/stm32h7xx_hal_rcc_ex.c ****         /* SAI2B clock source configuration done later after clock selection check */
 362:Drivers/STM32H7xx_HAL_Driver/Src/stm32h7xx_hal_rcc_ex.c ****         break;
 363:Drivers/STM32H7xx_HAL_Driver/Src/stm32h7xx_hal_rcc_ex.c **** 
 364:Drivers/STM32H7xx_HAL_Driver/Src/stm32h7xx_hal_rcc_ex.c ****       case RCC_SAI2BCLKSOURCE_SPDIF:
 365:Drivers/STM32H7xx_HAL_Driver/Src/stm32h7xx_hal_rcc_ex.c ****         /* SPDIF clock is used as source of SAI2B clock */
 366:Drivers/STM32H7xx_HAL_Driver/Src/stm32h7xx_hal_rcc_ex.c ****         /* SAI2B clock source configuration done later after clock selection check */
 367:Drivers/STM32H7xx_HAL_Driver/Src/stm32h7xx_hal_rcc_ex.c ****         break;
 368:Drivers/STM32H7xx_HAL_Driver/Src/stm32h7xx_hal_rcc_ex.c **** 
 369:Drivers/STM32H7xx_HAL_Driver/Src/stm32h7xx_hal_rcc_ex.c ****       default:
 370:Drivers/STM32H7xx_HAL_Driver/Src/stm32h7xx_hal_rcc_ex.c ****         ret = HAL_ERROR;
 371:Drivers/STM32H7xx_HAL_Driver/Src/stm32h7xx_hal_rcc_ex.c ****         break;
 372:Drivers/STM32H7xx_HAL_Driver/Src/stm32h7xx_hal_rcc_ex.c ****     }
 373:Drivers/STM32H7xx_HAL_Driver/Src/stm32h7xx_hal_rcc_ex.c **** 
ARM GAS  C:\Users\jason\AppData\Local\Temp\ccSG31kR.s 			page 8


 374:Drivers/STM32H7xx_HAL_Driver/Src/stm32h7xx_hal_rcc_ex.c ****     if (ret == HAL_OK)
 375:Drivers/STM32H7xx_HAL_Driver/Src/stm32h7xx_hal_rcc_ex.c ****     {
 376:Drivers/STM32H7xx_HAL_Driver/Src/stm32h7xx_hal_rcc_ex.c ****       /* Set the source of SAI2B clock*/
 377:Drivers/STM32H7xx_HAL_Driver/Src/stm32h7xx_hal_rcc_ex.c ****       __HAL_RCC_SAI2B_CONFIG(PeriphClkInit->Sai2BClockSelection);
 378:Drivers/STM32H7xx_HAL_Driver/Src/stm32h7xx_hal_rcc_ex.c ****     }
 379:Drivers/STM32H7xx_HAL_Driver/Src/stm32h7xx_hal_rcc_ex.c ****     else
 380:Drivers/STM32H7xx_HAL_Driver/Src/stm32h7xx_hal_rcc_ex.c ****     {
 381:Drivers/STM32H7xx_HAL_Driver/Src/stm32h7xx_hal_rcc_ex.c ****       /* set overall return value */
 382:Drivers/STM32H7xx_HAL_Driver/Src/stm32h7xx_hal_rcc_ex.c ****       status = ret;
 383:Drivers/STM32H7xx_HAL_Driver/Src/stm32h7xx_hal_rcc_ex.c ****     }
 384:Drivers/STM32H7xx_HAL_Driver/Src/stm32h7xx_hal_rcc_ex.c ****   }
 385:Drivers/STM32H7xx_HAL_Driver/Src/stm32h7xx_hal_rcc_ex.c **** #endif  /*SAI2B*/
 386:Drivers/STM32H7xx_HAL_Driver/Src/stm32h7xx_hal_rcc_ex.c **** 
 387:Drivers/STM32H7xx_HAL_Driver/Src/stm32h7xx_hal_rcc_ex.c **** #if defined(SAI4)
 388:Drivers/STM32H7xx_HAL_Driver/Src/stm32h7xx_hal_rcc_ex.c ****   /*---------------------------- SAI4A configuration -------------------------------*/
 389:Drivers/STM32H7xx_HAL_Driver/Src/stm32h7xx_hal_rcc_ex.c ****   if (((PeriphClkInit->PeriphClockSelection) & RCC_PERIPHCLK_SAI4A) == RCC_PERIPHCLK_SAI4A)
 390:Drivers/STM32H7xx_HAL_Driver/Src/stm32h7xx_hal_rcc_ex.c ****   {
 391:Drivers/STM32H7xx_HAL_Driver/Src/stm32h7xx_hal_rcc_ex.c ****     switch (PeriphClkInit->Sai4AClockSelection)
 392:Drivers/STM32H7xx_HAL_Driver/Src/stm32h7xx_hal_rcc_ex.c ****     {
 393:Drivers/STM32H7xx_HAL_Driver/Src/stm32h7xx_hal_rcc_ex.c ****       case RCC_SAI4ACLKSOURCE_PLL:      /* PLL is used as clock source for SAI2*/
 394:Drivers/STM32H7xx_HAL_Driver/Src/stm32h7xx_hal_rcc_ex.c ****         /* Enable SAI Clock output generated form System PLL . */
 395:Drivers/STM32H7xx_HAL_Driver/Src/stm32h7xx_hal_rcc_ex.c ****         __HAL_RCC_PLLCLKOUT_ENABLE(RCC_PLL1_DIVQ);
 396:Drivers/STM32H7xx_HAL_Driver/Src/stm32h7xx_hal_rcc_ex.c **** 
 397:Drivers/STM32H7xx_HAL_Driver/Src/stm32h7xx_hal_rcc_ex.c ****         /* SAI1 clock source configuration done later after clock selection check */
 398:Drivers/STM32H7xx_HAL_Driver/Src/stm32h7xx_hal_rcc_ex.c ****         break;
 399:Drivers/STM32H7xx_HAL_Driver/Src/stm32h7xx_hal_rcc_ex.c **** 
 400:Drivers/STM32H7xx_HAL_Driver/Src/stm32h7xx_hal_rcc_ex.c ****       case RCC_SAI4ACLKSOURCE_PLL2: /* PLL2 is used as clock source for SAI2*/
 401:Drivers/STM32H7xx_HAL_Driver/Src/stm32h7xx_hal_rcc_ex.c **** 
 402:Drivers/STM32H7xx_HAL_Driver/Src/stm32h7xx_hal_rcc_ex.c ****         ret = RCCEx_PLL2_Config(&(PeriphClkInit->PLL2), DIVIDER_P_UPDATE);
 403:Drivers/STM32H7xx_HAL_Driver/Src/stm32h7xx_hal_rcc_ex.c **** 
 404:Drivers/STM32H7xx_HAL_Driver/Src/stm32h7xx_hal_rcc_ex.c ****         /* SAI2 clock source configuration done later after clock selection check */
 405:Drivers/STM32H7xx_HAL_Driver/Src/stm32h7xx_hal_rcc_ex.c ****         break;
 406:Drivers/STM32H7xx_HAL_Driver/Src/stm32h7xx_hal_rcc_ex.c **** 
 407:Drivers/STM32H7xx_HAL_Driver/Src/stm32h7xx_hal_rcc_ex.c ****       case RCC_SAI4ACLKSOURCE_PLL3:  /* PLL3 is used as clock source for SAI2*/
 408:Drivers/STM32H7xx_HAL_Driver/Src/stm32h7xx_hal_rcc_ex.c ****         ret = RCCEx_PLL3_Config(&(PeriphClkInit->PLL3), DIVIDER_P_UPDATE);
 409:Drivers/STM32H7xx_HAL_Driver/Src/stm32h7xx_hal_rcc_ex.c **** 
 410:Drivers/STM32H7xx_HAL_Driver/Src/stm32h7xx_hal_rcc_ex.c ****         /* SAI1 clock source configuration done later after clock selection check */
 411:Drivers/STM32H7xx_HAL_Driver/Src/stm32h7xx_hal_rcc_ex.c ****         break;
 412:Drivers/STM32H7xx_HAL_Driver/Src/stm32h7xx_hal_rcc_ex.c **** 
 413:Drivers/STM32H7xx_HAL_Driver/Src/stm32h7xx_hal_rcc_ex.c ****       case RCC_SAI4ACLKSOURCE_PIN:
 414:Drivers/STM32H7xx_HAL_Driver/Src/stm32h7xx_hal_rcc_ex.c ****         /* External clock is used as source of SAI2 clock*/
 415:Drivers/STM32H7xx_HAL_Driver/Src/stm32h7xx_hal_rcc_ex.c ****         /* SAI2 clock source configuration done later after clock selection check */
 416:Drivers/STM32H7xx_HAL_Driver/Src/stm32h7xx_hal_rcc_ex.c ****         break;
 417:Drivers/STM32H7xx_HAL_Driver/Src/stm32h7xx_hal_rcc_ex.c **** 
 418:Drivers/STM32H7xx_HAL_Driver/Src/stm32h7xx_hal_rcc_ex.c ****       case RCC_SAI4ACLKSOURCE_CLKP:
 419:Drivers/STM32H7xx_HAL_Driver/Src/stm32h7xx_hal_rcc_ex.c ****         /* HSI, HSE, or CSI oscillator is used as source of SAI2 clock */
 420:Drivers/STM32H7xx_HAL_Driver/Src/stm32h7xx_hal_rcc_ex.c ****         /* SAI1 clock source configuration done later after clock selection check */
 421:Drivers/STM32H7xx_HAL_Driver/Src/stm32h7xx_hal_rcc_ex.c ****         break;
 422:Drivers/STM32H7xx_HAL_Driver/Src/stm32h7xx_hal_rcc_ex.c **** 
 423:Drivers/STM32H7xx_HAL_Driver/Src/stm32h7xx_hal_rcc_ex.c **** #if defined(RCC_VER_3_0)
 424:Drivers/STM32H7xx_HAL_Driver/Src/stm32h7xx_hal_rcc_ex.c ****       case RCC_SAI4ACLKSOURCE_SPDIF:
 425:Drivers/STM32H7xx_HAL_Driver/Src/stm32h7xx_hal_rcc_ex.c ****         /* SPDIF clock is used as source of SAI4A clock */
 426:Drivers/STM32H7xx_HAL_Driver/Src/stm32h7xx_hal_rcc_ex.c ****         /* SAI4A clock source configuration done later after clock selection check */
 427:Drivers/STM32H7xx_HAL_Driver/Src/stm32h7xx_hal_rcc_ex.c ****         break;
 428:Drivers/STM32H7xx_HAL_Driver/Src/stm32h7xx_hal_rcc_ex.c **** #endif /* RCC_VER_3_0 */
 429:Drivers/STM32H7xx_HAL_Driver/Src/stm32h7xx_hal_rcc_ex.c **** 
 430:Drivers/STM32H7xx_HAL_Driver/Src/stm32h7xx_hal_rcc_ex.c ****       default:
ARM GAS  C:\Users\jason\AppData\Local\Temp\ccSG31kR.s 			page 9


 431:Drivers/STM32H7xx_HAL_Driver/Src/stm32h7xx_hal_rcc_ex.c ****         ret = HAL_ERROR;
 432:Drivers/STM32H7xx_HAL_Driver/Src/stm32h7xx_hal_rcc_ex.c ****         break;
 433:Drivers/STM32H7xx_HAL_Driver/Src/stm32h7xx_hal_rcc_ex.c ****     }
 434:Drivers/STM32H7xx_HAL_Driver/Src/stm32h7xx_hal_rcc_ex.c **** 
 435:Drivers/STM32H7xx_HAL_Driver/Src/stm32h7xx_hal_rcc_ex.c ****     if (ret == HAL_OK)
 436:Drivers/STM32H7xx_HAL_Driver/Src/stm32h7xx_hal_rcc_ex.c ****     {
 437:Drivers/STM32H7xx_HAL_Driver/Src/stm32h7xx_hal_rcc_ex.c ****       /* Set the source of SAI4A clock*/
 438:Drivers/STM32H7xx_HAL_Driver/Src/stm32h7xx_hal_rcc_ex.c ****       __HAL_RCC_SAI4A_CONFIG(PeriphClkInit->Sai4AClockSelection);
 439:Drivers/STM32H7xx_HAL_Driver/Src/stm32h7xx_hal_rcc_ex.c ****     }
 440:Drivers/STM32H7xx_HAL_Driver/Src/stm32h7xx_hal_rcc_ex.c ****     else
 441:Drivers/STM32H7xx_HAL_Driver/Src/stm32h7xx_hal_rcc_ex.c ****     {
 442:Drivers/STM32H7xx_HAL_Driver/Src/stm32h7xx_hal_rcc_ex.c ****       /* set overall return value */
 443:Drivers/STM32H7xx_HAL_Driver/Src/stm32h7xx_hal_rcc_ex.c ****       status = ret;
 444:Drivers/STM32H7xx_HAL_Driver/Src/stm32h7xx_hal_rcc_ex.c ****     }
 445:Drivers/STM32H7xx_HAL_Driver/Src/stm32h7xx_hal_rcc_ex.c ****   }
 446:Drivers/STM32H7xx_HAL_Driver/Src/stm32h7xx_hal_rcc_ex.c ****   /*---------------------------- SAI4B configuration -------------------------------*/
 447:Drivers/STM32H7xx_HAL_Driver/Src/stm32h7xx_hal_rcc_ex.c ****   if (((PeriphClkInit->PeriphClockSelection) & RCC_PERIPHCLK_SAI4B) == RCC_PERIPHCLK_SAI4B)
 448:Drivers/STM32H7xx_HAL_Driver/Src/stm32h7xx_hal_rcc_ex.c ****   {
 449:Drivers/STM32H7xx_HAL_Driver/Src/stm32h7xx_hal_rcc_ex.c ****     switch (PeriphClkInit->Sai4BClockSelection)
 450:Drivers/STM32H7xx_HAL_Driver/Src/stm32h7xx_hal_rcc_ex.c ****     {
 451:Drivers/STM32H7xx_HAL_Driver/Src/stm32h7xx_hal_rcc_ex.c ****       case RCC_SAI4BCLKSOURCE_PLL:      /* PLL is used as clock source for SAI2*/
 452:Drivers/STM32H7xx_HAL_Driver/Src/stm32h7xx_hal_rcc_ex.c ****         /* Enable SAI Clock output generated form System PLL . */
 453:Drivers/STM32H7xx_HAL_Driver/Src/stm32h7xx_hal_rcc_ex.c ****         __HAL_RCC_PLLCLKOUT_ENABLE(RCC_PLL1_DIVQ);
 454:Drivers/STM32H7xx_HAL_Driver/Src/stm32h7xx_hal_rcc_ex.c **** 
 455:Drivers/STM32H7xx_HAL_Driver/Src/stm32h7xx_hal_rcc_ex.c ****         /* SAI1 clock source configuration done later after clock selection check */
 456:Drivers/STM32H7xx_HAL_Driver/Src/stm32h7xx_hal_rcc_ex.c ****         break;
 457:Drivers/STM32H7xx_HAL_Driver/Src/stm32h7xx_hal_rcc_ex.c **** 
 458:Drivers/STM32H7xx_HAL_Driver/Src/stm32h7xx_hal_rcc_ex.c ****       case RCC_SAI4BCLKSOURCE_PLL2: /* PLL2 is used as clock source for SAI2*/
 459:Drivers/STM32H7xx_HAL_Driver/Src/stm32h7xx_hal_rcc_ex.c **** 
 460:Drivers/STM32H7xx_HAL_Driver/Src/stm32h7xx_hal_rcc_ex.c ****         ret = RCCEx_PLL2_Config(&(PeriphClkInit->PLL2), DIVIDER_P_UPDATE);
 461:Drivers/STM32H7xx_HAL_Driver/Src/stm32h7xx_hal_rcc_ex.c **** 
 462:Drivers/STM32H7xx_HAL_Driver/Src/stm32h7xx_hal_rcc_ex.c ****         /* SAI2 clock source configuration done later after clock selection check */
 463:Drivers/STM32H7xx_HAL_Driver/Src/stm32h7xx_hal_rcc_ex.c ****         break;
 464:Drivers/STM32H7xx_HAL_Driver/Src/stm32h7xx_hal_rcc_ex.c **** 
 465:Drivers/STM32H7xx_HAL_Driver/Src/stm32h7xx_hal_rcc_ex.c ****       case RCC_SAI4BCLKSOURCE_PLL3:  /* PLL3 is used as clock source for SAI2*/
 466:Drivers/STM32H7xx_HAL_Driver/Src/stm32h7xx_hal_rcc_ex.c ****         ret = RCCEx_PLL3_Config(&(PeriphClkInit->PLL3), DIVIDER_P_UPDATE);
 467:Drivers/STM32H7xx_HAL_Driver/Src/stm32h7xx_hal_rcc_ex.c **** 
 468:Drivers/STM32H7xx_HAL_Driver/Src/stm32h7xx_hal_rcc_ex.c ****         /* SAI1 clock source configuration done later after clock selection check */
 469:Drivers/STM32H7xx_HAL_Driver/Src/stm32h7xx_hal_rcc_ex.c ****         break;
 470:Drivers/STM32H7xx_HAL_Driver/Src/stm32h7xx_hal_rcc_ex.c **** 
 471:Drivers/STM32H7xx_HAL_Driver/Src/stm32h7xx_hal_rcc_ex.c ****       case RCC_SAI4BCLKSOURCE_PIN:
 472:Drivers/STM32H7xx_HAL_Driver/Src/stm32h7xx_hal_rcc_ex.c ****         /* External clock is used as source of SAI2 clock*/
 473:Drivers/STM32H7xx_HAL_Driver/Src/stm32h7xx_hal_rcc_ex.c ****         /* SAI2 clock source configuration done later after clock selection check */
 474:Drivers/STM32H7xx_HAL_Driver/Src/stm32h7xx_hal_rcc_ex.c ****         break;
 475:Drivers/STM32H7xx_HAL_Driver/Src/stm32h7xx_hal_rcc_ex.c **** 
 476:Drivers/STM32H7xx_HAL_Driver/Src/stm32h7xx_hal_rcc_ex.c ****       case RCC_SAI4BCLKSOURCE_CLKP:
 477:Drivers/STM32H7xx_HAL_Driver/Src/stm32h7xx_hal_rcc_ex.c ****         /* HSI, HSE, or CSI oscillator is used as source of SAI2 clock */
 478:Drivers/STM32H7xx_HAL_Driver/Src/stm32h7xx_hal_rcc_ex.c ****         /* SAI1 clock source configuration done later after clock selection check */
 479:Drivers/STM32H7xx_HAL_Driver/Src/stm32h7xx_hal_rcc_ex.c ****         break;
 480:Drivers/STM32H7xx_HAL_Driver/Src/stm32h7xx_hal_rcc_ex.c **** 
 481:Drivers/STM32H7xx_HAL_Driver/Src/stm32h7xx_hal_rcc_ex.c **** #if defined(RCC_VER_3_0)
 482:Drivers/STM32H7xx_HAL_Driver/Src/stm32h7xx_hal_rcc_ex.c ****       case RCC_SAI4BCLKSOURCE_SPDIF:
 483:Drivers/STM32H7xx_HAL_Driver/Src/stm32h7xx_hal_rcc_ex.c ****         /* SPDIF clock is used as source of SAI4B clock */
 484:Drivers/STM32H7xx_HAL_Driver/Src/stm32h7xx_hal_rcc_ex.c ****         /* SAI4B clock source configuration done later after clock selection check */
 485:Drivers/STM32H7xx_HAL_Driver/Src/stm32h7xx_hal_rcc_ex.c ****         break;
 486:Drivers/STM32H7xx_HAL_Driver/Src/stm32h7xx_hal_rcc_ex.c **** #endif /* RCC_VER_3_0 */
 487:Drivers/STM32H7xx_HAL_Driver/Src/stm32h7xx_hal_rcc_ex.c **** 
ARM GAS  C:\Users\jason\AppData\Local\Temp\ccSG31kR.s 			page 10


 488:Drivers/STM32H7xx_HAL_Driver/Src/stm32h7xx_hal_rcc_ex.c ****       default:
 489:Drivers/STM32H7xx_HAL_Driver/Src/stm32h7xx_hal_rcc_ex.c ****         ret = HAL_ERROR;
 490:Drivers/STM32H7xx_HAL_Driver/Src/stm32h7xx_hal_rcc_ex.c ****         break;
 491:Drivers/STM32H7xx_HAL_Driver/Src/stm32h7xx_hal_rcc_ex.c ****     }
 492:Drivers/STM32H7xx_HAL_Driver/Src/stm32h7xx_hal_rcc_ex.c **** 
 493:Drivers/STM32H7xx_HAL_Driver/Src/stm32h7xx_hal_rcc_ex.c ****     if (ret == HAL_OK)
 494:Drivers/STM32H7xx_HAL_Driver/Src/stm32h7xx_hal_rcc_ex.c ****     {
 495:Drivers/STM32H7xx_HAL_Driver/Src/stm32h7xx_hal_rcc_ex.c ****       /* Set the source of SAI4B clock*/
 496:Drivers/STM32H7xx_HAL_Driver/Src/stm32h7xx_hal_rcc_ex.c ****       __HAL_RCC_SAI4B_CONFIG(PeriphClkInit->Sai4BClockSelection);
 497:Drivers/STM32H7xx_HAL_Driver/Src/stm32h7xx_hal_rcc_ex.c ****     }
 498:Drivers/STM32H7xx_HAL_Driver/Src/stm32h7xx_hal_rcc_ex.c ****     else
 499:Drivers/STM32H7xx_HAL_Driver/Src/stm32h7xx_hal_rcc_ex.c ****     {
 500:Drivers/STM32H7xx_HAL_Driver/Src/stm32h7xx_hal_rcc_ex.c ****       /* set overall return value */
 501:Drivers/STM32H7xx_HAL_Driver/Src/stm32h7xx_hal_rcc_ex.c ****       status = ret;
 502:Drivers/STM32H7xx_HAL_Driver/Src/stm32h7xx_hal_rcc_ex.c ****     }
 503:Drivers/STM32H7xx_HAL_Driver/Src/stm32h7xx_hal_rcc_ex.c ****   }
 504:Drivers/STM32H7xx_HAL_Driver/Src/stm32h7xx_hal_rcc_ex.c **** #endif  /*SAI4*/
 505:Drivers/STM32H7xx_HAL_Driver/Src/stm32h7xx_hal_rcc_ex.c **** 
 506:Drivers/STM32H7xx_HAL_Driver/Src/stm32h7xx_hal_rcc_ex.c **** #if defined(QUADSPI)
 507:Drivers/STM32H7xx_HAL_Driver/Src/stm32h7xx_hal_rcc_ex.c ****   /*---------------------------- QSPI configuration -------------------------------*/
 508:Drivers/STM32H7xx_HAL_Driver/Src/stm32h7xx_hal_rcc_ex.c ****   if (((PeriphClkInit->PeriphClockSelection) & RCC_PERIPHCLK_QSPI) == RCC_PERIPHCLK_QSPI)
 509:Drivers/STM32H7xx_HAL_Driver/Src/stm32h7xx_hal_rcc_ex.c ****   {
 510:Drivers/STM32H7xx_HAL_Driver/Src/stm32h7xx_hal_rcc_ex.c ****     switch (PeriphClkInit->QspiClockSelection)
 511:Drivers/STM32H7xx_HAL_Driver/Src/stm32h7xx_hal_rcc_ex.c ****     {
 512:Drivers/STM32H7xx_HAL_Driver/Src/stm32h7xx_hal_rcc_ex.c ****       case RCC_QSPICLKSOURCE_PLL:      /* PLL is used as clock source for QSPI*/
 513:Drivers/STM32H7xx_HAL_Driver/Src/stm32h7xx_hal_rcc_ex.c ****         /* Enable QSPI Clock output generated form System PLL . */
 514:Drivers/STM32H7xx_HAL_Driver/Src/stm32h7xx_hal_rcc_ex.c ****         __HAL_RCC_PLLCLKOUT_ENABLE(RCC_PLL1_DIVQ);
 515:Drivers/STM32H7xx_HAL_Driver/Src/stm32h7xx_hal_rcc_ex.c **** 
 516:Drivers/STM32H7xx_HAL_Driver/Src/stm32h7xx_hal_rcc_ex.c ****         /* QSPI clock source configuration done later after clock selection check */
 517:Drivers/STM32H7xx_HAL_Driver/Src/stm32h7xx_hal_rcc_ex.c ****         break;
 518:Drivers/STM32H7xx_HAL_Driver/Src/stm32h7xx_hal_rcc_ex.c **** 
 519:Drivers/STM32H7xx_HAL_Driver/Src/stm32h7xx_hal_rcc_ex.c ****       case RCC_QSPICLKSOURCE_PLL2: /* PLL2 is used as clock source for QSPI*/
 520:Drivers/STM32H7xx_HAL_Driver/Src/stm32h7xx_hal_rcc_ex.c **** 
 521:Drivers/STM32H7xx_HAL_Driver/Src/stm32h7xx_hal_rcc_ex.c ****         ret = RCCEx_PLL2_Config(&(PeriphClkInit->PLL2), DIVIDER_R_UPDATE);
 522:Drivers/STM32H7xx_HAL_Driver/Src/stm32h7xx_hal_rcc_ex.c **** 
 523:Drivers/STM32H7xx_HAL_Driver/Src/stm32h7xx_hal_rcc_ex.c ****         /* QSPI clock source configuration done later after clock selection check */
 524:Drivers/STM32H7xx_HAL_Driver/Src/stm32h7xx_hal_rcc_ex.c ****         break;
 525:Drivers/STM32H7xx_HAL_Driver/Src/stm32h7xx_hal_rcc_ex.c **** 
 526:Drivers/STM32H7xx_HAL_Driver/Src/stm32h7xx_hal_rcc_ex.c **** 
 527:Drivers/STM32H7xx_HAL_Driver/Src/stm32h7xx_hal_rcc_ex.c ****       case RCC_QSPICLKSOURCE_CLKP:
 528:Drivers/STM32H7xx_HAL_Driver/Src/stm32h7xx_hal_rcc_ex.c ****         /* HSI, HSE, or CSI oscillator is used as source of QSPI clock */
 529:Drivers/STM32H7xx_HAL_Driver/Src/stm32h7xx_hal_rcc_ex.c ****         /* QSPI clock source configuration done later after clock selection check */
 530:Drivers/STM32H7xx_HAL_Driver/Src/stm32h7xx_hal_rcc_ex.c ****         break;
 531:Drivers/STM32H7xx_HAL_Driver/Src/stm32h7xx_hal_rcc_ex.c **** 
 532:Drivers/STM32H7xx_HAL_Driver/Src/stm32h7xx_hal_rcc_ex.c ****       case RCC_QSPICLKSOURCE_D1HCLK:
 533:Drivers/STM32H7xx_HAL_Driver/Src/stm32h7xx_hal_rcc_ex.c ****         /* Domain1 HCLK  clock selected as QSPI kernel peripheral clock */
 534:Drivers/STM32H7xx_HAL_Driver/Src/stm32h7xx_hal_rcc_ex.c ****         break;
 535:Drivers/STM32H7xx_HAL_Driver/Src/stm32h7xx_hal_rcc_ex.c **** 
 536:Drivers/STM32H7xx_HAL_Driver/Src/stm32h7xx_hal_rcc_ex.c ****       default:
 537:Drivers/STM32H7xx_HAL_Driver/Src/stm32h7xx_hal_rcc_ex.c ****         ret = HAL_ERROR;
 538:Drivers/STM32H7xx_HAL_Driver/Src/stm32h7xx_hal_rcc_ex.c ****         break;
 539:Drivers/STM32H7xx_HAL_Driver/Src/stm32h7xx_hal_rcc_ex.c ****     }
 540:Drivers/STM32H7xx_HAL_Driver/Src/stm32h7xx_hal_rcc_ex.c **** 
 541:Drivers/STM32H7xx_HAL_Driver/Src/stm32h7xx_hal_rcc_ex.c ****     if (ret == HAL_OK)
 542:Drivers/STM32H7xx_HAL_Driver/Src/stm32h7xx_hal_rcc_ex.c ****     {
 543:Drivers/STM32H7xx_HAL_Driver/Src/stm32h7xx_hal_rcc_ex.c ****       /* Set the source of QSPI clock*/
 544:Drivers/STM32H7xx_HAL_Driver/Src/stm32h7xx_hal_rcc_ex.c ****       __HAL_RCC_QSPI_CONFIG(PeriphClkInit->QspiClockSelection);
ARM GAS  C:\Users\jason\AppData\Local\Temp\ccSG31kR.s 			page 11


 545:Drivers/STM32H7xx_HAL_Driver/Src/stm32h7xx_hal_rcc_ex.c ****     }
 546:Drivers/STM32H7xx_HAL_Driver/Src/stm32h7xx_hal_rcc_ex.c ****     else
 547:Drivers/STM32H7xx_HAL_Driver/Src/stm32h7xx_hal_rcc_ex.c ****     {
 548:Drivers/STM32H7xx_HAL_Driver/Src/stm32h7xx_hal_rcc_ex.c ****       /* set overall return value */
 549:Drivers/STM32H7xx_HAL_Driver/Src/stm32h7xx_hal_rcc_ex.c ****       status = ret;
 550:Drivers/STM32H7xx_HAL_Driver/Src/stm32h7xx_hal_rcc_ex.c ****     }
 551:Drivers/STM32H7xx_HAL_Driver/Src/stm32h7xx_hal_rcc_ex.c ****   }
 552:Drivers/STM32H7xx_HAL_Driver/Src/stm32h7xx_hal_rcc_ex.c **** #endif  /*QUADSPI*/
 553:Drivers/STM32H7xx_HAL_Driver/Src/stm32h7xx_hal_rcc_ex.c **** 
 554:Drivers/STM32H7xx_HAL_Driver/Src/stm32h7xx_hal_rcc_ex.c **** #if defined(OCTOSPI1) || defined(OCTOSPI2)
 555:Drivers/STM32H7xx_HAL_Driver/Src/stm32h7xx_hal_rcc_ex.c ****   /*---------------------------- OCTOSPI configuration -------------------------------*/
 556:Drivers/STM32H7xx_HAL_Driver/Src/stm32h7xx_hal_rcc_ex.c ****   if (((PeriphClkInit->PeriphClockSelection) & RCC_PERIPHCLK_OSPI) == RCC_PERIPHCLK_OSPI)
 557:Drivers/STM32H7xx_HAL_Driver/Src/stm32h7xx_hal_rcc_ex.c ****   {
 558:Drivers/STM32H7xx_HAL_Driver/Src/stm32h7xx_hal_rcc_ex.c ****     switch (PeriphClkInit->OspiClockSelection)
 559:Drivers/STM32H7xx_HAL_Driver/Src/stm32h7xx_hal_rcc_ex.c ****     {
 560:Drivers/STM32H7xx_HAL_Driver/Src/stm32h7xx_hal_rcc_ex.c ****       case RCC_OSPICLKSOURCE_PLL:      /* PLL is used as clock source for OSPI*/
 561:Drivers/STM32H7xx_HAL_Driver/Src/stm32h7xx_hal_rcc_ex.c ****         /* Enable OSPI Clock output generated form System PLL . */
 562:Drivers/STM32H7xx_HAL_Driver/Src/stm32h7xx_hal_rcc_ex.c ****         __HAL_RCC_PLLCLKOUT_ENABLE(RCC_PLL1_DIVQ);
 563:Drivers/STM32H7xx_HAL_Driver/Src/stm32h7xx_hal_rcc_ex.c **** 
 564:Drivers/STM32H7xx_HAL_Driver/Src/stm32h7xx_hal_rcc_ex.c ****         /* OSPI clock source configuration done later after clock selection check */
 565:Drivers/STM32H7xx_HAL_Driver/Src/stm32h7xx_hal_rcc_ex.c ****         break;
 566:Drivers/STM32H7xx_HAL_Driver/Src/stm32h7xx_hal_rcc_ex.c **** 
 567:Drivers/STM32H7xx_HAL_Driver/Src/stm32h7xx_hal_rcc_ex.c ****       case RCC_OSPICLKSOURCE_PLL2: /* PLL2 is used as clock source for OSPI*/
 568:Drivers/STM32H7xx_HAL_Driver/Src/stm32h7xx_hal_rcc_ex.c **** 
 569:Drivers/STM32H7xx_HAL_Driver/Src/stm32h7xx_hal_rcc_ex.c ****         ret = RCCEx_PLL2_Config(&(PeriphClkInit->PLL2), DIVIDER_R_UPDATE);
 570:Drivers/STM32H7xx_HAL_Driver/Src/stm32h7xx_hal_rcc_ex.c **** 
 571:Drivers/STM32H7xx_HAL_Driver/Src/stm32h7xx_hal_rcc_ex.c ****         /* OSPI clock source configuration done later after clock selection check */
 572:Drivers/STM32H7xx_HAL_Driver/Src/stm32h7xx_hal_rcc_ex.c ****         break;
 573:Drivers/STM32H7xx_HAL_Driver/Src/stm32h7xx_hal_rcc_ex.c **** 
 574:Drivers/STM32H7xx_HAL_Driver/Src/stm32h7xx_hal_rcc_ex.c **** 
 575:Drivers/STM32H7xx_HAL_Driver/Src/stm32h7xx_hal_rcc_ex.c ****       case RCC_OSPICLKSOURCE_CLKP:
 576:Drivers/STM32H7xx_HAL_Driver/Src/stm32h7xx_hal_rcc_ex.c ****         /* HSI, HSE, or CSI oscillator is used as source of OSPI clock */
 577:Drivers/STM32H7xx_HAL_Driver/Src/stm32h7xx_hal_rcc_ex.c ****         /* OSPI clock source configuration done later after clock selection check */
 578:Drivers/STM32H7xx_HAL_Driver/Src/stm32h7xx_hal_rcc_ex.c ****         break;
 579:Drivers/STM32H7xx_HAL_Driver/Src/stm32h7xx_hal_rcc_ex.c **** 
 580:Drivers/STM32H7xx_HAL_Driver/Src/stm32h7xx_hal_rcc_ex.c ****       case RCC_OSPICLKSOURCE_HCLK:
 581:Drivers/STM32H7xx_HAL_Driver/Src/stm32h7xx_hal_rcc_ex.c ****         /* HCLK clock selected as OSPI kernel peripheral clock */
 582:Drivers/STM32H7xx_HAL_Driver/Src/stm32h7xx_hal_rcc_ex.c ****         break;
 583:Drivers/STM32H7xx_HAL_Driver/Src/stm32h7xx_hal_rcc_ex.c **** 
 584:Drivers/STM32H7xx_HAL_Driver/Src/stm32h7xx_hal_rcc_ex.c ****       default:
 585:Drivers/STM32H7xx_HAL_Driver/Src/stm32h7xx_hal_rcc_ex.c ****         ret = HAL_ERROR;
 586:Drivers/STM32H7xx_HAL_Driver/Src/stm32h7xx_hal_rcc_ex.c ****         break;
 587:Drivers/STM32H7xx_HAL_Driver/Src/stm32h7xx_hal_rcc_ex.c ****     }
 588:Drivers/STM32H7xx_HAL_Driver/Src/stm32h7xx_hal_rcc_ex.c **** 
 589:Drivers/STM32H7xx_HAL_Driver/Src/stm32h7xx_hal_rcc_ex.c ****     if (ret == HAL_OK)
 590:Drivers/STM32H7xx_HAL_Driver/Src/stm32h7xx_hal_rcc_ex.c ****     {
 591:Drivers/STM32H7xx_HAL_Driver/Src/stm32h7xx_hal_rcc_ex.c ****       /* Set the source of OSPI clock*/
 592:Drivers/STM32H7xx_HAL_Driver/Src/stm32h7xx_hal_rcc_ex.c ****       __HAL_RCC_OSPI_CONFIG(PeriphClkInit->OspiClockSelection);
 593:Drivers/STM32H7xx_HAL_Driver/Src/stm32h7xx_hal_rcc_ex.c ****     }
 594:Drivers/STM32H7xx_HAL_Driver/Src/stm32h7xx_hal_rcc_ex.c ****     else
 595:Drivers/STM32H7xx_HAL_Driver/Src/stm32h7xx_hal_rcc_ex.c ****     {
 596:Drivers/STM32H7xx_HAL_Driver/Src/stm32h7xx_hal_rcc_ex.c ****       /* set overall return value */
 597:Drivers/STM32H7xx_HAL_Driver/Src/stm32h7xx_hal_rcc_ex.c ****       status = ret;
 598:Drivers/STM32H7xx_HAL_Driver/Src/stm32h7xx_hal_rcc_ex.c ****     }
 599:Drivers/STM32H7xx_HAL_Driver/Src/stm32h7xx_hal_rcc_ex.c ****   }
 600:Drivers/STM32H7xx_HAL_Driver/Src/stm32h7xx_hal_rcc_ex.c **** #endif  /*OCTOSPI*/
 601:Drivers/STM32H7xx_HAL_Driver/Src/stm32h7xx_hal_rcc_ex.c **** 
ARM GAS  C:\Users\jason\AppData\Local\Temp\ccSG31kR.s 			page 12


 602:Drivers/STM32H7xx_HAL_Driver/Src/stm32h7xx_hal_rcc_ex.c ****   /*---------------------------- SPI1/2/3 configuration -------------------------------*/
 603:Drivers/STM32H7xx_HAL_Driver/Src/stm32h7xx_hal_rcc_ex.c ****   if (((PeriphClkInit->PeriphClockSelection) & RCC_PERIPHCLK_SPI123) == RCC_PERIPHCLK_SPI123)
 604:Drivers/STM32H7xx_HAL_Driver/Src/stm32h7xx_hal_rcc_ex.c ****   {
 605:Drivers/STM32H7xx_HAL_Driver/Src/stm32h7xx_hal_rcc_ex.c ****     switch (PeriphClkInit->Spi123ClockSelection)
 606:Drivers/STM32H7xx_HAL_Driver/Src/stm32h7xx_hal_rcc_ex.c ****     {
 607:Drivers/STM32H7xx_HAL_Driver/Src/stm32h7xx_hal_rcc_ex.c ****       case RCC_SPI123CLKSOURCE_PLL:      /* PLL is used as clock source for SPI1/2/3 */
 608:Drivers/STM32H7xx_HAL_Driver/Src/stm32h7xx_hal_rcc_ex.c ****         /* Enable SPI Clock output generated form System PLL . */
 609:Drivers/STM32H7xx_HAL_Driver/Src/stm32h7xx_hal_rcc_ex.c ****         __HAL_RCC_PLLCLKOUT_ENABLE(RCC_PLL1_DIVQ);
 610:Drivers/STM32H7xx_HAL_Driver/Src/stm32h7xx_hal_rcc_ex.c **** 
 611:Drivers/STM32H7xx_HAL_Driver/Src/stm32h7xx_hal_rcc_ex.c ****         /* SPI1/2/3 clock source configuration done later after clock selection check */
 612:Drivers/STM32H7xx_HAL_Driver/Src/stm32h7xx_hal_rcc_ex.c ****         break;
 613:Drivers/STM32H7xx_HAL_Driver/Src/stm32h7xx_hal_rcc_ex.c **** 
 614:Drivers/STM32H7xx_HAL_Driver/Src/stm32h7xx_hal_rcc_ex.c ****       case RCC_SPI123CLKSOURCE_PLL2: /* PLL2 is used as clock source for SPI1/2/3 */
 615:Drivers/STM32H7xx_HAL_Driver/Src/stm32h7xx_hal_rcc_ex.c ****         ret = RCCEx_PLL2_Config(&(PeriphClkInit->PLL2), DIVIDER_P_UPDATE);
 616:Drivers/STM32H7xx_HAL_Driver/Src/stm32h7xx_hal_rcc_ex.c **** 
 617:Drivers/STM32H7xx_HAL_Driver/Src/stm32h7xx_hal_rcc_ex.c ****         /* SPI1/2/3 clock source configuration done later after clock selection check */
 618:Drivers/STM32H7xx_HAL_Driver/Src/stm32h7xx_hal_rcc_ex.c ****         break;
 619:Drivers/STM32H7xx_HAL_Driver/Src/stm32h7xx_hal_rcc_ex.c **** 
 620:Drivers/STM32H7xx_HAL_Driver/Src/stm32h7xx_hal_rcc_ex.c ****       case RCC_SPI123CLKSOURCE_PLL3:  /* PLL3 is used as clock source for SPI1/2/3 */
 621:Drivers/STM32H7xx_HAL_Driver/Src/stm32h7xx_hal_rcc_ex.c ****         ret = RCCEx_PLL3_Config(&(PeriphClkInit->PLL3), DIVIDER_P_UPDATE);
 622:Drivers/STM32H7xx_HAL_Driver/Src/stm32h7xx_hal_rcc_ex.c **** 
 623:Drivers/STM32H7xx_HAL_Driver/Src/stm32h7xx_hal_rcc_ex.c ****         /* SPI1/2/3 clock source configuration done later after clock selection check */
 624:Drivers/STM32H7xx_HAL_Driver/Src/stm32h7xx_hal_rcc_ex.c ****         break;
 625:Drivers/STM32H7xx_HAL_Driver/Src/stm32h7xx_hal_rcc_ex.c **** 
 626:Drivers/STM32H7xx_HAL_Driver/Src/stm32h7xx_hal_rcc_ex.c ****       case RCC_SPI123CLKSOURCE_PIN:
 627:Drivers/STM32H7xx_HAL_Driver/Src/stm32h7xx_hal_rcc_ex.c ****         /* External clock is used as source of SPI1/2/3 clock*/
 628:Drivers/STM32H7xx_HAL_Driver/Src/stm32h7xx_hal_rcc_ex.c ****         /* SPI1/2/3 clock source configuration done later after clock selection check */
 629:Drivers/STM32H7xx_HAL_Driver/Src/stm32h7xx_hal_rcc_ex.c ****         break;
 630:Drivers/STM32H7xx_HAL_Driver/Src/stm32h7xx_hal_rcc_ex.c **** 
 631:Drivers/STM32H7xx_HAL_Driver/Src/stm32h7xx_hal_rcc_ex.c ****       case RCC_SPI123CLKSOURCE_CLKP:
 632:Drivers/STM32H7xx_HAL_Driver/Src/stm32h7xx_hal_rcc_ex.c ****         /* HSI, HSE, or CSI oscillator is used as source of SPI1/2/3 clock */
 633:Drivers/STM32H7xx_HAL_Driver/Src/stm32h7xx_hal_rcc_ex.c ****         /* SPI1/2/3 clock source configuration done later after clock selection check */
 634:Drivers/STM32H7xx_HAL_Driver/Src/stm32h7xx_hal_rcc_ex.c ****         break;
 635:Drivers/STM32H7xx_HAL_Driver/Src/stm32h7xx_hal_rcc_ex.c **** 
 636:Drivers/STM32H7xx_HAL_Driver/Src/stm32h7xx_hal_rcc_ex.c ****       default:
 637:Drivers/STM32H7xx_HAL_Driver/Src/stm32h7xx_hal_rcc_ex.c ****         ret = HAL_ERROR;
 638:Drivers/STM32H7xx_HAL_Driver/Src/stm32h7xx_hal_rcc_ex.c ****         break;
 639:Drivers/STM32H7xx_HAL_Driver/Src/stm32h7xx_hal_rcc_ex.c ****     }
 640:Drivers/STM32H7xx_HAL_Driver/Src/stm32h7xx_hal_rcc_ex.c **** 
 641:Drivers/STM32H7xx_HAL_Driver/Src/stm32h7xx_hal_rcc_ex.c ****     if (ret == HAL_OK)
 642:Drivers/STM32H7xx_HAL_Driver/Src/stm32h7xx_hal_rcc_ex.c ****     {
 643:Drivers/STM32H7xx_HAL_Driver/Src/stm32h7xx_hal_rcc_ex.c ****       /* Set the source of SPI1/2/3 clock*/
 644:Drivers/STM32H7xx_HAL_Driver/Src/stm32h7xx_hal_rcc_ex.c ****       __HAL_RCC_SPI123_CONFIG(PeriphClkInit->Spi123ClockSelection);
 645:Drivers/STM32H7xx_HAL_Driver/Src/stm32h7xx_hal_rcc_ex.c ****     }
 646:Drivers/STM32H7xx_HAL_Driver/Src/stm32h7xx_hal_rcc_ex.c ****     else
 647:Drivers/STM32H7xx_HAL_Driver/Src/stm32h7xx_hal_rcc_ex.c ****     {
 648:Drivers/STM32H7xx_HAL_Driver/Src/stm32h7xx_hal_rcc_ex.c ****       /* set overall return value */
 649:Drivers/STM32H7xx_HAL_Driver/Src/stm32h7xx_hal_rcc_ex.c ****       status = ret;
 650:Drivers/STM32H7xx_HAL_Driver/Src/stm32h7xx_hal_rcc_ex.c ****     }
 651:Drivers/STM32H7xx_HAL_Driver/Src/stm32h7xx_hal_rcc_ex.c ****   }
 652:Drivers/STM32H7xx_HAL_Driver/Src/stm32h7xx_hal_rcc_ex.c **** 
 653:Drivers/STM32H7xx_HAL_Driver/Src/stm32h7xx_hal_rcc_ex.c ****   /*---------------------------- SPI4/5 configuration -------------------------------*/
 654:Drivers/STM32H7xx_HAL_Driver/Src/stm32h7xx_hal_rcc_ex.c ****   if (((PeriphClkInit->PeriphClockSelection) & RCC_PERIPHCLK_SPI45) == RCC_PERIPHCLK_SPI45)
 655:Drivers/STM32H7xx_HAL_Driver/Src/stm32h7xx_hal_rcc_ex.c ****   {
 656:Drivers/STM32H7xx_HAL_Driver/Src/stm32h7xx_hal_rcc_ex.c ****     switch (PeriphClkInit->Spi45ClockSelection)
 657:Drivers/STM32H7xx_HAL_Driver/Src/stm32h7xx_hal_rcc_ex.c ****     {
 658:Drivers/STM32H7xx_HAL_Driver/Src/stm32h7xx_hal_rcc_ex.c ****       case RCC_SPI45CLKSOURCE_PCLK2:      /* CD/D2 PCLK2 as clock source for SPI4/5 */
ARM GAS  C:\Users\jason\AppData\Local\Temp\ccSG31kR.s 			page 13


 659:Drivers/STM32H7xx_HAL_Driver/Src/stm32h7xx_hal_rcc_ex.c ****         /* SPI4/5 clock source configuration done later after clock selection check */
 660:Drivers/STM32H7xx_HAL_Driver/Src/stm32h7xx_hal_rcc_ex.c ****         break;
 661:Drivers/STM32H7xx_HAL_Driver/Src/stm32h7xx_hal_rcc_ex.c **** 
 662:Drivers/STM32H7xx_HAL_Driver/Src/stm32h7xx_hal_rcc_ex.c ****       case RCC_SPI45CLKSOURCE_PLL2: /* PLL2 is used as clock source for SPI4/5 */
 663:Drivers/STM32H7xx_HAL_Driver/Src/stm32h7xx_hal_rcc_ex.c **** 
 664:Drivers/STM32H7xx_HAL_Driver/Src/stm32h7xx_hal_rcc_ex.c ****         ret = RCCEx_PLL2_Config(&(PeriphClkInit->PLL2), DIVIDER_Q_UPDATE);
 665:Drivers/STM32H7xx_HAL_Driver/Src/stm32h7xx_hal_rcc_ex.c **** 
 666:Drivers/STM32H7xx_HAL_Driver/Src/stm32h7xx_hal_rcc_ex.c ****         /* SPI4/5 clock source configuration done later after clock selection check */
 667:Drivers/STM32H7xx_HAL_Driver/Src/stm32h7xx_hal_rcc_ex.c ****         break;
 668:Drivers/STM32H7xx_HAL_Driver/Src/stm32h7xx_hal_rcc_ex.c ****       case RCC_SPI45CLKSOURCE_PLL3:  /* PLL3 is used as clock source for SPI4/5 */
 669:Drivers/STM32H7xx_HAL_Driver/Src/stm32h7xx_hal_rcc_ex.c ****         ret = RCCEx_PLL3_Config(&(PeriphClkInit->PLL3), DIVIDER_Q_UPDATE);
 670:Drivers/STM32H7xx_HAL_Driver/Src/stm32h7xx_hal_rcc_ex.c ****         /* SPI4/5 clock source configuration done later after clock selection check */
 671:Drivers/STM32H7xx_HAL_Driver/Src/stm32h7xx_hal_rcc_ex.c ****         break;
 672:Drivers/STM32H7xx_HAL_Driver/Src/stm32h7xx_hal_rcc_ex.c **** 
 673:Drivers/STM32H7xx_HAL_Driver/Src/stm32h7xx_hal_rcc_ex.c ****       case RCC_SPI45CLKSOURCE_HSI:
 674:Drivers/STM32H7xx_HAL_Driver/Src/stm32h7xx_hal_rcc_ex.c ****         /* HSI oscillator clock is used as source of SPI4/5 clock*/
 675:Drivers/STM32H7xx_HAL_Driver/Src/stm32h7xx_hal_rcc_ex.c ****         /* SPI4/5 clock source configuration done later after clock selection check */
 676:Drivers/STM32H7xx_HAL_Driver/Src/stm32h7xx_hal_rcc_ex.c ****         break;
 677:Drivers/STM32H7xx_HAL_Driver/Src/stm32h7xx_hal_rcc_ex.c **** 
 678:Drivers/STM32H7xx_HAL_Driver/Src/stm32h7xx_hal_rcc_ex.c ****       case RCC_SPI45CLKSOURCE_CSI:
 679:Drivers/STM32H7xx_HAL_Driver/Src/stm32h7xx_hal_rcc_ex.c ****         /*  CSI oscillator clock is used as source of SPI4/5 clock */
 680:Drivers/STM32H7xx_HAL_Driver/Src/stm32h7xx_hal_rcc_ex.c ****         /* SPI4/5 clock source configuration done later after clock selection check */
 681:Drivers/STM32H7xx_HAL_Driver/Src/stm32h7xx_hal_rcc_ex.c ****         break;
 682:Drivers/STM32H7xx_HAL_Driver/Src/stm32h7xx_hal_rcc_ex.c **** 
 683:Drivers/STM32H7xx_HAL_Driver/Src/stm32h7xx_hal_rcc_ex.c ****       case RCC_SPI45CLKSOURCE_HSE:
 684:Drivers/STM32H7xx_HAL_Driver/Src/stm32h7xx_hal_rcc_ex.c ****         /* HSE,  oscillator is used as source of SPI4/5 clock */
 685:Drivers/STM32H7xx_HAL_Driver/Src/stm32h7xx_hal_rcc_ex.c ****         /* SPI4/5 clock source configuration done later after clock selection check */
 686:Drivers/STM32H7xx_HAL_Driver/Src/stm32h7xx_hal_rcc_ex.c ****         break;
 687:Drivers/STM32H7xx_HAL_Driver/Src/stm32h7xx_hal_rcc_ex.c **** 
 688:Drivers/STM32H7xx_HAL_Driver/Src/stm32h7xx_hal_rcc_ex.c ****       default:
 689:Drivers/STM32H7xx_HAL_Driver/Src/stm32h7xx_hal_rcc_ex.c ****         ret = HAL_ERROR;
 690:Drivers/STM32H7xx_HAL_Driver/Src/stm32h7xx_hal_rcc_ex.c ****         break;
 691:Drivers/STM32H7xx_HAL_Driver/Src/stm32h7xx_hal_rcc_ex.c ****     }
 692:Drivers/STM32H7xx_HAL_Driver/Src/stm32h7xx_hal_rcc_ex.c **** 
 693:Drivers/STM32H7xx_HAL_Driver/Src/stm32h7xx_hal_rcc_ex.c ****     if (ret == HAL_OK)
 694:Drivers/STM32H7xx_HAL_Driver/Src/stm32h7xx_hal_rcc_ex.c ****     {
 695:Drivers/STM32H7xx_HAL_Driver/Src/stm32h7xx_hal_rcc_ex.c ****       /* Set the source of SPI4/5 clock*/
 696:Drivers/STM32H7xx_HAL_Driver/Src/stm32h7xx_hal_rcc_ex.c ****       __HAL_RCC_SPI45_CONFIG(PeriphClkInit->Spi45ClockSelection);
 697:Drivers/STM32H7xx_HAL_Driver/Src/stm32h7xx_hal_rcc_ex.c ****     }
 698:Drivers/STM32H7xx_HAL_Driver/Src/stm32h7xx_hal_rcc_ex.c ****     else
 699:Drivers/STM32H7xx_HAL_Driver/Src/stm32h7xx_hal_rcc_ex.c ****     {
 700:Drivers/STM32H7xx_HAL_Driver/Src/stm32h7xx_hal_rcc_ex.c ****       /* set overall return value */
 701:Drivers/STM32H7xx_HAL_Driver/Src/stm32h7xx_hal_rcc_ex.c ****       status = ret;
 702:Drivers/STM32H7xx_HAL_Driver/Src/stm32h7xx_hal_rcc_ex.c ****     }
 703:Drivers/STM32H7xx_HAL_Driver/Src/stm32h7xx_hal_rcc_ex.c ****   }
 704:Drivers/STM32H7xx_HAL_Driver/Src/stm32h7xx_hal_rcc_ex.c **** 
 705:Drivers/STM32H7xx_HAL_Driver/Src/stm32h7xx_hal_rcc_ex.c ****   /*---------------------------- SPI6 configuration -------------------------------*/
 706:Drivers/STM32H7xx_HAL_Driver/Src/stm32h7xx_hal_rcc_ex.c ****   if (((PeriphClkInit->PeriphClockSelection) & RCC_PERIPHCLK_SPI6) == RCC_PERIPHCLK_SPI6)
 707:Drivers/STM32H7xx_HAL_Driver/Src/stm32h7xx_hal_rcc_ex.c ****   {
 708:Drivers/STM32H7xx_HAL_Driver/Src/stm32h7xx_hal_rcc_ex.c ****     switch (PeriphClkInit->Spi6ClockSelection)
 709:Drivers/STM32H7xx_HAL_Driver/Src/stm32h7xx_hal_rcc_ex.c ****     {
 710:Drivers/STM32H7xx_HAL_Driver/Src/stm32h7xx_hal_rcc_ex.c ****       case RCC_SPI6CLKSOURCE_PCLK4:      /* SRD/D3 PCLK1 (PCLK4) as clock source for SPI6*/
 711:Drivers/STM32H7xx_HAL_Driver/Src/stm32h7xx_hal_rcc_ex.c ****         /* SPI6 clock source configuration done later after clock selection check */
 712:Drivers/STM32H7xx_HAL_Driver/Src/stm32h7xx_hal_rcc_ex.c ****         break;
 713:Drivers/STM32H7xx_HAL_Driver/Src/stm32h7xx_hal_rcc_ex.c **** 
 714:Drivers/STM32H7xx_HAL_Driver/Src/stm32h7xx_hal_rcc_ex.c ****       case RCC_SPI6CLKSOURCE_PLL2: /* PLL2 is used as clock source for SPI6*/
 715:Drivers/STM32H7xx_HAL_Driver/Src/stm32h7xx_hal_rcc_ex.c **** 
ARM GAS  C:\Users\jason\AppData\Local\Temp\ccSG31kR.s 			page 14


 716:Drivers/STM32H7xx_HAL_Driver/Src/stm32h7xx_hal_rcc_ex.c ****         ret = RCCEx_PLL2_Config(&(PeriphClkInit->PLL2), DIVIDER_Q_UPDATE);
 717:Drivers/STM32H7xx_HAL_Driver/Src/stm32h7xx_hal_rcc_ex.c **** 
 718:Drivers/STM32H7xx_HAL_Driver/Src/stm32h7xx_hal_rcc_ex.c ****         /* SPI6 clock source configuration done later after clock selection check */
 719:Drivers/STM32H7xx_HAL_Driver/Src/stm32h7xx_hal_rcc_ex.c ****         break;
 720:Drivers/STM32H7xx_HAL_Driver/Src/stm32h7xx_hal_rcc_ex.c ****       case RCC_SPI6CLKSOURCE_PLL3:  /* PLL3 is used as clock source for SPI6*/
 721:Drivers/STM32H7xx_HAL_Driver/Src/stm32h7xx_hal_rcc_ex.c ****         ret = RCCEx_PLL3_Config(&(PeriphClkInit->PLL3), DIVIDER_Q_UPDATE);
 722:Drivers/STM32H7xx_HAL_Driver/Src/stm32h7xx_hal_rcc_ex.c ****         /* SPI6 clock source configuration done later after clock selection check */
 723:Drivers/STM32H7xx_HAL_Driver/Src/stm32h7xx_hal_rcc_ex.c ****         break;
 724:Drivers/STM32H7xx_HAL_Driver/Src/stm32h7xx_hal_rcc_ex.c **** 
 725:Drivers/STM32H7xx_HAL_Driver/Src/stm32h7xx_hal_rcc_ex.c ****       case RCC_SPI6CLKSOURCE_HSI:
 726:Drivers/STM32H7xx_HAL_Driver/Src/stm32h7xx_hal_rcc_ex.c ****         /* HSI oscillator clock is used as source of SPI6 clock*/
 727:Drivers/STM32H7xx_HAL_Driver/Src/stm32h7xx_hal_rcc_ex.c ****         /* SPI6 clock source configuration done later after clock selection check */
 728:Drivers/STM32H7xx_HAL_Driver/Src/stm32h7xx_hal_rcc_ex.c ****         break;
 729:Drivers/STM32H7xx_HAL_Driver/Src/stm32h7xx_hal_rcc_ex.c **** 
 730:Drivers/STM32H7xx_HAL_Driver/Src/stm32h7xx_hal_rcc_ex.c ****       case RCC_SPI6CLKSOURCE_CSI:
 731:Drivers/STM32H7xx_HAL_Driver/Src/stm32h7xx_hal_rcc_ex.c ****         /*  CSI oscillator clock is used as source of SPI6 clock */
 732:Drivers/STM32H7xx_HAL_Driver/Src/stm32h7xx_hal_rcc_ex.c ****         /* SPI6 clock source configuration done later after clock selection check */
 733:Drivers/STM32H7xx_HAL_Driver/Src/stm32h7xx_hal_rcc_ex.c ****         break;
 734:Drivers/STM32H7xx_HAL_Driver/Src/stm32h7xx_hal_rcc_ex.c **** 
 735:Drivers/STM32H7xx_HAL_Driver/Src/stm32h7xx_hal_rcc_ex.c ****       case RCC_SPI6CLKSOURCE_HSE:
 736:Drivers/STM32H7xx_HAL_Driver/Src/stm32h7xx_hal_rcc_ex.c ****         /* HSE,  oscillator is used as source of SPI6 clock */
 737:Drivers/STM32H7xx_HAL_Driver/Src/stm32h7xx_hal_rcc_ex.c ****         /* SPI6 clock source configuration done later after clock selection check */
 738:Drivers/STM32H7xx_HAL_Driver/Src/stm32h7xx_hal_rcc_ex.c ****         break;
 739:Drivers/STM32H7xx_HAL_Driver/Src/stm32h7xx_hal_rcc_ex.c **** #if defined(RCC_SPI6CLKSOURCE_PIN)
 740:Drivers/STM32H7xx_HAL_Driver/Src/stm32h7xx_hal_rcc_ex.c ****       case RCC_SPI6CLKSOURCE_PIN:
 741:Drivers/STM32H7xx_HAL_Driver/Src/stm32h7xx_hal_rcc_ex.c ****         /* 2S_CKIN is used as source of SPI6 clock */
 742:Drivers/STM32H7xx_HAL_Driver/Src/stm32h7xx_hal_rcc_ex.c ****         /* SPI6 clock source configuration done later after clock selection check */
 743:Drivers/STM32H7xx_HAL_Driver/Src/stm32h7xx_hal_rcc_ex.c ****         break;
 744:Drivers/STM32H7xx_HAL_Driver/Src/stm32h7xx_hal_rcc_ex.c **** #endif
 745:Drivers/STM32H7xx_HAL_Driver/Src/stm32h7xx_hal_rcc_ex.c **** 
 746:Drivers/STM32H7xx_HAL_Driver/Src/stm32h7xx_hal_rcc_ex.c ****       default:
 747:Drivers/STM32H7xx_HAL_Driver/Src/stm32h7xx_hal_rcc_ex.c ****         ret = HAL_ERROR;
 748:Drivers/STM32H7xx_HAL_Driver/Src/stm32h7xx_hal_rcc_ex.c ****         break;
 749:Drivers/STM32H7xx_HAL_Driver/Src/stm32h7xx_hal_rcc_ex.c ****     }
 750:Drivers/STM32H7xx_HAL_Driver/Src/stm32h7xx_hal_rcc_ex.c **** 
 751:Drivers/STM32H7xx_HAL_Driver/Src/stm32h7xx_hal_rcc_ex.c ****     if (ret == HAL_OK)
 752:Drivers/STM32H7xx_HAL_Driver/Src/stm32h7xx_hal_rcc_ex.c ****     {
 753:Drivers/STM32H7xx_HAL_Driver/Src/stm32h7xx_hal_rcc_ex.c ****       /* Set the source of SPI6 clock*/
 754:Drivers/STM32H7xx_HAL_Driver/Src/stm32h7xx_hal_rcc_ex.c ****       __HAL_RCC_SPI6_CONFIG(PeriphClkInit->Spi6ClockSelection);
 755:Drivers/STM32H7xx_HAL_Driver/Src/stm32h7xx_hal_rcc_ex.c ****     }
 756:Drivers/STM32H7xx_HAL_Driver/Src/stm32h7xx_hal_rcc_ex.c ****     else
 757:Drivers/STM32H7xx_HAL_Driver/Src/stm32h7xx_hal_rcc_ex.c ****     {
 758:Drivers/STM32H7xx_HAL_Driver/Src/stm32h7xx_hal_rcc_ex.c ****       /* set overall return value */
 759:Drivers/STM32H7xx_HAL_Driver/Src/stm32h7xx_hal_rcc_ex.c ****       status = ret;
 760:Drivers/STM32H7xx_HAL_Driver/Src/stm32h7xx_hal_rcc_ex.c ****     }
 761:Drivers/STM32H7xx_HAL_Driver/Src/stm32h7xx_hal_rcc_ex.c ****   }
 762:Drivers/STM32H7xx_HAL_Driver/Src/stm32h7xx_hal_rcc_ex.c **** 
 763:Drivers/STM32H7xx_HAL_Driver/Src/stm32h7xx_hal_rcc_ex.c **** #if defined(DSI)
 764:Drivers/STM32H7xx_HAL_Driver/Src/stm32h7xx_hal_rcc_ex.c ****   /*---------------------------- DSI configuration -------------------------------*/
 765:Drivers/STM32H7xx_HAL_Driver/Src/stm32h7xx_hal_rcc_ex.c ****   if (((PeriphClkInit->PeriphClockSelection) & RCC_PERIPHCLK_DSI) == RCC_PERIPHCLK_DSI)
 766:Drivers/STM32H7xx_HAL_Driver/Src/stm32h7xx_hal_rcc_ex.c ****   {
 767:Drivers/STM32H7xx_HAL_Driver/Src/stm32h7xx_hal_rcc_ex.c ****     switch (PeriphClkInit->DsiClockSelection)
 768:Drivers/STM32H7xx_HAL_Driver/Src/stm32h7xx_hal_rcc_ex.c ****     {
 769:Drivers/STM32H7xx_HAL_Driver/Src/stm32h7xx_hal_rcc_ex.c **** 
 770:Drivers/STM32H7xx_HAL_Driver/Src/stm32h7xx_hal_rcc_ex.c ****       case RCC_DSICLKSOURCE_PLL2: /* PLL2 is used as clock source for DSI*/
 771:Drivers/STM32H7xx_HAL_Driver/Src/stm32h7xx_hal_rcc_ex.c **** 
 772:Drivers/STM32H7xx_HAL_Driver/Src/stm32h7xx_hal_rcc_ex.c ****         ret = RCCEx_PLL2_Config(&(PeriphClkInit->PLL2), DIVIDER_Q_UPDATE);
ARM GAS  C:\Users\jason\AppData\Local\Temp\ccSG31kR.s 			page 15


 773:Drivers/STM32H7xx_HAL_Driver/Src/stm32h7xx_hal_rcc_ex.c **** 
 774:Drivers/STM32H7xx_HAL_Driver/Src/stm32h7xx_hal_rcc_ex.c ****         /* DSI clock source configuration done later after clock selection check */
 775:Drivers/STM32H7xx_HAL_Driver/Src/stm32h7xx_hal_rcc_ex.c ****         break;
 776:Drivers/STM32H7xx_HAL_Driver/Src/stm32h7xx_hal_rcc_ex.c **** 
 777:Drivers/STM32H7xx_HAL_Driver/Src/stm32h7xx_hal_rcc_ex.c ****       case RCC_DSICLKSOURCE_PHY:
 778:Drivers/STM32H7xx_HAL_Driver/Src/stm32h7xx_hal_rcc_ex.c ****         /* PHY is used as clock source for DSI*/
 779:Drivers/STM32H7xx_HAL_Driver/Src/stm32h7xx_hal_rcc_ex.c ****         /* DSI clock source configuration done later after clock selection check */
 780:Drivers/STM32H7xx_HAL_Driver/Src/stm32h7xx_hal_rcc_ex.c ****         break;
 781:Drivers/STM32H7xx_HAL_Driver/Src/stm32h7xx_hal_rcc_ex.c **** 
 782:Drivers/STM32H7xx_HAL_Driver/Src/stm32h7xx_hal_rcc_ex.c ****       default:
 783:Drivers/STM32H7xx_HAL_Driver/Src/stm32h7xx_hal_rcc_ex.c ****         ret = HAL_ERROR;
 784:Drivers/STM32H7xx_HAL_Driver/Src/stm32h7xx_hal_rcc_ex.c ****         break;
 785:Drivers/STM32H7xx_HAL_Driver/Src/stm32h7xx_hal_rcc_ex.c ****     }
 786:Drivers/STM32H7xx_HAL_Driver/Src/stm32h7xx_hal_rcc_ex.c **** 
 787:Drivers/STM32H7xx_HAL_Driver/Src/stm32h7xx_hal_rcc_ex.c ****     if (ret == HAL_OK)
 788:Drivers/STM32H7xx_HAL_Driver/Src/stm32h7xx_hal_rcc_ex.c ****     {
 789:Drivers/STM32H7xx_HAL_Driver/Src/stm32h7xx_hal_rcc_ex.c ****       /* Set the source of DSI clock*/
 790:Drivers/STM32H7xx_HAL_Driver/Src/stm32h7xx_hal_rcc_ex.c ****       __HAL_RCC_DSI_CONFIG(PeriphClkInit->DsiClockSelection);
 791:Drivers/STM32H7xx_HAL_Driver/Src/stm32h7xx_hal_rcc_ex.c ****     }
 792:Drivers/STM32H7xx_HAL_Driver/Src/stm32h7xx_hal_rcc_ex.c ****     else
 793:Drivers/STM32H7xx_HAL_Driver/Src/stm32h7xx_hal_rcc_ex.c ****     {
 794:Drivers/STM32H7xx_HAL_Driver/Src/stm32h7xx_hal_rcc_ex.c ****       /* set overall return value */
 795:Drivers/STM32H7xx_HAL_Driver/Src/stm32h7xx_hal_rcc_ex.c ****       status = ret;
 796:Drivers/STM32H7xx_HAL_Driver/Src/stm32h7xx_hal_rcc_ex.c ****     }
 797:Drivers/STM32H7xx_HAL_Driver/Src/stm32h7xx_hal_rcc_ex.c ****   }
 798:Drivers/STM32H7xx_HAL_Driver/Src/stm32h7xx_hal_rcc_ex.c **** #endif /*DSI*/
 799:Drivers/STM32H7xx_HAL_Driver/Src/stm32h7xx_hal_rcc_ex.c **** 
 800:Drivers/STM32H7xx_HAL_Driver/Src/stm32h7xx_hal_rcc_ex.c **** #if defined(FDCAN1) || defined(FDCAN2)
 801:Drivers/STM32H7xx_HAL_Driver/Src/stm32h7xx_hal_rcc_ex.c ****   /*---------------------------- FDCAN configuration -------------------------------*/
 802:Drivers/STM32H7xx_HAL_Driver/Src/stm32h7xx_hal_rcc_ex.c ****   if (((PeriphClkInit->PeriphClockSelection) & RCC_PERIPHCLK_FDCAN) == RCC_PERIPHCLK_FDCAN)
 803:Drivers/STM32H7xx_HAL_Driver/Src/stm32h7xx_hal_rcc_ex.c ****   {
 804:Drivers/STM32H7xx_HAL_Driver/Src/stm32h7xx_hal_rcc_ex.c ****     switch (PeriphClkInit->FdcanClockSelection)
 805:Drivers/STM32H7xx_HAL_Driver/Src/stm32h7xx_hal_rcc_ex.c ****     {
 806:Drivers/STM32H7xx_HAL_Driver/Src/stm32h7xx_hal_rcc_ex.c ****       case RCC_FDCANCLKSOURCE_PLL:      /* PLL is used as clock source for FDCAN*/
 807:Drivers/STM32H7xx_HAL_Driver/Src/stm32h7xx_hal_rcc_ex.c ****         /* Enable FDCAN Clock output generated form System PLL . */
 808:Drivers/STM32H7xx_HAL_Driver/Src/stm32h7xx_hal_rcc_ex.c ****         __HAL_RCC_PLLCLKOUT_ENABLE(RCC_PLL1_DIVQ);
 809:Drivers/STM32H7xx_HAL_Driver/Src/stm32h7xx_hal_rcc_ex.c **** 
 810:Drivers/STM32H7xx_HAL_Driver/Src/stm32h7xx_hal_rcc_ex.c ****         /* FDCAN clock source configuration done later after clock selection check */
 811:Drivers/STM32H7xx_HAL_Driver/Src/stm32h7xx_hal_rcc_ex.c ****         break;
 812:Drivers/STM32H7xx_HAL_Driver/Src/stm32h7xx_hal_rcc_ex.c **** 
 813:Drivers/STM32H7xx_HAL_Driver/Src/stm32h7xx_hal_rcc_ex.c ****       case RCC_FDCANCLKSOURCE_PLL2: /* PLL2 is used as clock source for FDCAN*/
 814:Drivers/STM32H7xx_HAL_Driver/Src/stm32h7xx_hal_rcc_ex.c **** 
 815:Drivers/STM32H7xx_HAL_Driver/Src/stm32h7xx_hal_rcc_ex.c ****         ret = RCCEx_PLL2_Config(&(PeriphClkInit->PLL2), DIVIDER_Q_UPDATE);
 816:Drivers/STM32H7xx_HAL_Driver/Src/stm32h7xx_hal_rcc_ex.c **** 
 817:Drivers/STM32H7xx_HAL_Driver/Src/stm32h7xx_hal_rcc_ex.c ****         /* FDCAN clock source configuration done later after clock selection check */
 818:Drivers/STM32H7xx_HAL_Driver/Src/stm32h7xx_hal_rcc_ex.c ****         break;
 819:Drivers/STM32H7xx_HAL_Driver/Src/stm32h7xx_hal_rcc_ex.c **** 
 820:Drivers/STM32H7xx_HAL_Driver/Src/stm32h7xx_hal_rcc_ex.c ****       case RCC_FDCANCLKSOURCE_HSE:
 821:Drivers/STM32H7xx_HAL_Driver/Src/stm32h7xx_hal_rcc_ex.c ****         /* HSE is used as clock source for FDCAN*/
 822:Drivers/STM32H7xx_HAL_Driver/Src/stm32h7xx_hal_rcc_ex.c ****         /* FDCAN clock source configuration done later after clock selection check */
 823:Drivers/STM32H7xx_HAL_Driver/Src/stm32h7xx_hal_rcc_ex.c ****         break;
 824:Drivers/STM32H7xx_HAL_Driver/Src/stm32h7xx_hal_rcc_ex.c **** 
 825:Drivers/STM32H7xx_HAL_Driver/Src/stm32h7xx_hal_rcc_ex.c ****       default:
 826:Drivers/STM32H7xx_HAL_Driver/Src/stm32h7xx_hal_rcc_ex.c ****         ret = HAL_ERROR;
 827:Drivers/STM32H7xx_HAL_Driver/Src/stm32h7xx_hal_rcc_ex.c ****         break;
 828:Drivers/STM32H7xx_HAL_Driver/Src/stm32h7xx_hal_rcc_ex.c ****     }
 829:Drivers/STM32H7xx_HAL_Driver/Src/stm32h7xx_hal_rcc_ex.c **** 
ARM GAS  C:\Users\jason\AppData\Local\Temp\ccSG31kR.s 			page 16


 830:Drivers/STM32H7xx_HAL_Driver/Src/stm32h7xx_hal_rcc_ex.c ****     if (ret == HAL_OK)
 831:Drivers/STM32H7xx_HAL_Driver/Src/stm32h7xx_hal_rcc_ex.c ****     {
 832:Drivers/STM32H7xx_HAL_Driver/Src/stm32h7xx_hal_rcc_ex.c ****       /* Set the source of FDCAN clock*/
 833:Drivers/STM32H7xx_HAL_Driver/Src/stm32h7xx_hal_rcc_ex.c ****       __HAL_RCC_FDCAN_CONFIG(PeriphClkInit->FdcanClockSelection);
 834:Drivers/STM32H7xx_HAL_Driver/Src/stm32h7xx_hal_rcc_ex.c ****     }
 835:Drivers/STM32H7xx_HAL_Driver/Src/stm32h7xx_hal_rcc_ex.c ****     else
 836:Drivers/STM32H7xx_HAL_Driver/Src/stm32h7xx_hal_rcc_ex.c ****     {
 837:Drivers/STM32H7xx_HAL_Driver/Src/stm32h7xx_hal_rcc_ex.c ****       /* set overall return value */
 838:Drivers/STM32H7xx_HAL_Driver/Src/stm32h7xx_hal_rcc_ex.c ****       status = ret;
 839:Drivers/STM32H7xx_HAL_Driver/Src/stm32h7xx_hal_rcc_ex.c ****     }
 840:Drivers/STM32H7xx_HAL_Driver/Src/stm32h7xx_hal_rcc_ex.c ****   }
 841:Drivers/STM32H7xx_HAL_Driver/Src/stm32h7xx_hal_rcc_ex.c **** #endif /*FDCAN1 || FDCAN2*/
 842:Drivers/STM32H7xx_HAL_Driver/Src/stm32h7xx_hal_rcc_ex.c **** 
 843:Drivers/STM32H7xx_HAL_Driver/Src/stm32h7xx_hal_rcc_ex.c ****   /*---------------------------- FMC configuration -------------------------------*/
 844:Drivers/STM32H7xx_HAL_Driver/Src/stm32h7xx_hal_rcc_ex.c ****   if (((PeriphClkInit->PeriphClockSelection) & RCC_PERIPHCLK_FMC) == RCC_PERIPHCLK_FMC)
 845:Drivers/STM32H7xx_HAL_Driver/Src/stm32h7xx_hal_rcc_ex.c ****   {
 846:Drivers/STM32H7xx_HAL_Driver/Src/stm32h7xx_hal_rcc_ex.c ****     switch (PeriphClkInit->FmcClockSelection)
 847:Drivers/STM32H7xx_HAL_Driver/Src/stm32h7xx_hal_rcc_ex.c ****     {
 848:Drivers/STM32H7xx_HAL_Driver/Src/stm32h7xx_hal_rcc_ex.c ****       case RCC_FMCCLKSOURCE_PLL:      /* PLL is used as clock source for FMC*/
 849:Drivers/STM32H7xx_HAL_Driver/Src/stm32h7xx_hal_rcc_ex.c ****         /* Enable FMC Clock output generated form System PLL . */
 850:Drivers/STM32H7xx_HAL_Driver/Src/stm32h7xx_hal_rcc_ex.c ****         __HAL_RCC_PLLCLKOUT_ENABLE(RCC_PLL1_DIVQ);
 851:Drivers/STM32H7xx_HAL_Driver/Src/stm32h7xx_hal_rcc_ex.c **** 
 852:Drivers/STM32H7xx_HAL_Driver/Src/stm32h7xx_hal_rcc_ex.c ****         /* FMC clock source configuration done later after clock selection check */
 853:Drivers/STM32H7xx_HAL_Driver/Src/stm32h7xx_hal_rcc_ex.c ****         break;
 854:Drivers/STM32H7xx_HAL_Driver/Src/stm32h7xx_hal_rcc_ex.c **** 
 855:Drivers/STM32H7xx_HAL_Driver/Src/stm32h7xx_hal_rcc_ex.c ****       case RCC_FMCCLKSOURCE_PLL2: /* PLL2 is used as clock source for FMC*/
 856:Drivers/STM32H7xx_HAL_Driver/Src/stm32h7xx_hal_rcc_ex.c **** 
 857:Drivers/STM32H7xx_HAL_Driver/Src/stm32h7xx_hal_rcc_ex.c ****         ret = RCCEx_PLL2_Config(&(PeriphClkInit->PLL2), DIVIDER_R_UPDATE);
 858:Drivers/STM32H7xx_HAL_Driver/Src/stm32h7xx_hal_rcc_ex.c **** 
 859:Drivers/STM32H7xx_HAL_Driver/Src/stm32h7xx_hal_rcc_ex.c ****         /* FMC clock source configuration done later after clock selection check */
 860:Drivers/STM32H7xx_HAL_Driver/Src/stm32h7xx_hal_rcc_ex.c ****         break;
 861:Drivers/STM32H7xx_HAL_Driver/Src/stm32h7xx_hal_rcc_ex.c **** 
 862:Drivers/STM32H7xx_HAL_Driver/Src/stm32h7xx_hal_rcc_ex.c **** 
 863:Drivers/STM32H7xx_HAL_Driver/Src/stm32h7xx_hal_rcc_ex.c ****       case RCC_FMCCLKSOURCE_CLKP:
 864:Drivers/STM32H7xx_HAL_Driver/Src/stm32h7xx_hal_rcc_ex.c ****         /* HSI, HSE, or CSI oscillator is used as source of FMC clock */
 865:Drivers/STM32H7xx_HAL_Driver/Src/stm32h7xx_hal_rcc_ex.c ****         /* FMC clock source configuration done later after clock selection check */
 866:Drivers/STM32H7xx_HAL_Driver/Src/stm32h7xx_hal_rcc_ex.c ****         break;
 867:Drivers/STM32H7xx_HAL_Driver/Src/stm32h7xx_hal_rcc_ex.c **** 
 868:Drivers/STM32H7xx_HAL_Driver/Src/stm32h7xx_hal_rcc_ex.c ****       case RCC_FMCCLKSOURCE_HCLK:
 869:Drivers/STM32H7xx_HAL_Driver/Src/stm32h7xx_hal_rcc_ex.c ****         /* D1/CD HCLK  clock selected as FMC kernel peripheral clock */
 870:Drivers/STM32H7xx_HAL_Driver/Src/stm32h7xx_hal_rcc_ex.c ****         break;
 871:Drivers/STM32H7xx_HAL_Driver/Src/stm32h7xx_hal_rcc_ex.c **** 
 872:Drivers/STM32H7xx_HAL_Driver/Src/stm32h7xx_hal_rcc_ex.c ****       default:
 873:Drivers/STM32H7xx_HAL_Driver/Src/stm32h7xx_hal_rcc_ex.c ****         ret = HAL_ERROR;
 874:Drivers/STM32H7xx_HAL_Driver/Src/stm32h7xx_hal_rcc_ex.c ****         break;
 875:Drivers/STM32H7xx_HAL_Driver/Src/stm32h7xx_hal_rcc_ex.c ****     }
 876:Drivers/STM32H7xx_HAL_Driver/Src/stm32h7xx_hal_rcc_ex.c **** 
 877:Drivers/STM32H7xx_HAL_Driver/Src/stm32h7xx_hal_rcc_ex.c ****     if (ret == HAL_OK)
 878:Drivers/STM32H7xx_HAL_Driver/Src/stm32h7xx_hal_rcc_ex.c ****     {
 879:Drivers/STM32H7xx_HAL_Driver/Src/stm32h7xx_hal_rcc_ex.c ****       /* Set the source of FMC clock*/
 880:Drivers/STM32H7xx_HAL_Driver/Src/stm32h7xx_hal_rcc_ex.c ****       __HAL_RCC_FMC_CONFIG(PeriphClkInit->FmcClockSelection);
 881:Drivers/STM32H7xx_HAL_Driver/Src/stm32h7xx_hal_rcc_ex.c ****     }
 882:Drivers/STM32H7xx_HAL_Driver/Src/stm32h7xx_hal_rcc_ex.c ****     else
 883:Drivers/STM32H7xx_HAL_Driver/Src/stm32h7xx_hal_rcc_ex.c ****     {
 884:Drivers/STM32H7xx_HAL_Driver/Src/stm32h7xx_hal_rcc_ex.c ****       /* set overall return value */
 885:Drivers/STM32H7xx_HAL_Driver/Src/stm32h7xx_hal_rcc_ex.c ****       status = ret;
 886:Drivers/STM32H7xx_HAL_Driver/Src/stm32h7xx_hal_rcc_ex.c ****     }
ARM GAS  C:\Users\jason\AppData\Local\Temp\ccSG31kR.s 			page 17


 887:Drivers/STM32H7xx_HAL_Driver/Src/stm32h7xx_hal_rcc_ex.c ****   }
 888:Drivers/STM32H7xx_HAL_Driver/Src/stm32h7xx_hal_rcc_ex.c **** 
 889:Drivers/STM32H7xx_HAL_Driver/Src/stm32h7xx_hal_rcc_ex.c ****   /*---------------------------- RTC configuration -------------------------------*/
 890:Drivers/STM32H7xx_HAL_Driver/Src/stm32h7xx_hal_rcc_ex.c ****   if (((PeriphClkInit->PeriphClockSelection) & RCC_PERIPHCLK_RTC) == RCC_PERIPHCLK_RTC)
 891:Drivers/STM32H7xx_HAL_Driver/Src/stm32h7xx_hal_rcc_ex.c ****   {
 892:Drivers/STM32H7xx_HAL_Driver/Src/stm32h7xx_hal_rcc_ex.c ****     /* check for RTC Parameters used to output RTCCLK */
 893:Drivers/STM32H7xx_HAL_Driver/Src/stm32h7xx_hal_rcc_ex.c ****     assert_param(IS_RCC_RTCCLKSOURCE(PeriphClkInit->RTCClockSelection));
 894:Drivers/STM32H7xx_HAL_Driver/Src/stm32h7xx_hal_rcc_ex.c **** 
 895:Drivers/STM32H7xx_HAL_Driver/Src/stm32h7xx_hal_rcc_ex.c ****     /* Enable write access to Backup domain */
 896:Drivers/STM32H7xx_HAL_Driver/Src/stm32h7xx_hal_rcc_ex.c ****     SET_BIT(PWR->CR1, PWR_CR1_DBP);
 897:Drivers/STM32H7xx_HAL_Driver/Src/stm32h7xx_hal_rcc_ex.c **** 
 898:Drivers/STM32H7xx_HAL_Driver/Src/stm32h7xx_hal_rcc_ex.c ****     /* Wait for Backup domain Write protection disable */
 899:Drivers/STM32H7xx_HAL_Driver/Src/stm32h7xx_hal_rcc_ex.c ****     tickstart = HAL_GetTick();
 900:Drivers/STM32H7xx_HAL_Driver/Src/stm32h7xx_hal_rcc_ex.c **** 
 901:Drivers/STM32H7xx_HAL_Driver/Src/stm32h7xx_hal_rcc_ex.c ****     while ((PWR->CR1 & PWR_CR1_DBP) == 0U)
 902:Drivers/STM32H7xx_HAL_Driver/Src/stm32h7xx_hal_rcc_ex.c ****     {
 903:Drivers/STM32H7xx_HAL_Driver/Src/stm32h7xx_hal_rcc_ex.c ****       if ((HAL_GetTick() - tickstart) > RCC_DBP_TIMEOUT_VALUE)
 904:Drivers/STM32H7xx_HAL_Driver/Src/stm32h7xx_hal_rcc_ex.c ****       {
 905:Drivers/STM32H7xx_HAL_Driver/Src/stm32h7xx_hal_rcc_ex.c ****         ret = HAL_TIMEOUT;
 906:Drivers/STM32H7xx_HAL_Driver/Src/stm32h7xx_hal_rcc_ex.c ****         break;
 907:Drivers/STM32H7xx_HAL_Driver/Src/stm32h7xx_hal_rcc_ex.c ****       }
 908:Drivers/STM32H7xx_HAL_Driver/Src/stm32h7xx_hal_rcc_ex.c ****     }
 909:Drivers/STM32H7xx_HAL_Driver/Src/stm32h7xx_hal_rcc_ex.c **** 
 910:Drivers/STM32H7xx_HAL_Driver/Src/stm32h7xx_hal_rcc_ex.c ****     if (ret == HAL_OK)
 911:Drivers/STM32H7xx_HAL_Driver/Src/stm32h7xx_hal_rcc_ex.c ****     {
 912:Drivers/STM32H7xx_HAL_Driver/Src/stm32h7xx_hal_rcc_ex.c ****       /* Reset the Backup domain only if the RTC Clock source selection is modified */
 913:Drivers/STM32H7xx_HAL_Driver/Src/stm32h7xx_hal_rcc_ex.c ****       if ((RCC->BDCR & RCC_BDCR_RTCSEL) != (PeriphClkInit->RTCClockSelection & RCC_BDCR_RTCSEL))
 914:Drivers/STM32H7xx_HAL_Driver/Src/stm32h7xx_hal_rcc_ex.c ****       {
 915:Drivers/STM32H7xx_HAL_Driver/Src/stm32h7xx_hal_rcc_ex.c ****         /* Store the content of BDCR register before the reset of Backup Domain */
 916:Drivers/STM32H7xx_HAL_Driver/Src/stm32h7xx_hal_rcc_ex.c ****         tmpreg = (RCC->BDCR & ~(RCC_BDCR_RTCSEL));
 917:Drivers/STM32H7xx_HAL_Driver/Src/stm32h7xx_hal_rcc_ex.c ****         /* RTC Clock selection can be changed only if the Backup Domain is reset */
 918:Drivers/STM32H7xx_HAL_Driver/Src/stm32h7xx_hal_rcc_ex.c ****         __HAL_RCC_BACKUPRESET_FORCE();
 919:Drivers/STM32H7xx_HAL_Driver/Src/stm32h7xx_hal_rcc_ex.c ****         __HAL_RCC_BACKUPRESET_RELEASE();
 920:Drivers/STM32H7xx_HAL_Driver/Src/stm32h7xx_hal_rcc_ex.c ****         /* Restore the Content of BDCR register */
 921:Drivers/STM32H7xx_HAL_Driver/Src/stm32h7xx_hal_rcc_ex.c ****         RCC->BDCR = tmpreg;
 922:Drivers/STM32H7xx_HAL_Driver/Src/stm32h7xx_hal_rcc_ex.c ****       }
 923:Drivers/STM32H7xx_HAL_Driver/Src/stm32h7xx_hal_rcc_ex.c **** 
 924:Drivers/STM32H7xx_HAL_Driver/Src/stm32h7xx_hal_rcc_ex.c ****       /* If LSE is selected as RTC clock source (and enabled prior to Backup Domain reset), wait fo
 925:Drivers/STM32H7xx_HAL_Driver/Src/stm32h7xx_hal_rcc_ex.c ****       if (PeriphClkInit->RTCClockSelection == RCC_RTCCLKSOURCE_LSE)
 926:Drivers/STM32H7xx_HAL_Driver/Src/stm32h7xx_hal_rcc_ex.c ****       {
 927:Drivers/STM32H7xx_HAL_Driver/Src/stm32h7xx_hal_rcc_ex.c ****         /* Get Start Tick*/
 928:Drivers/STM32H7xx_HAL_Driver/Src/stm32h7xx_hal_rcc_ex.c ****         tickstart = HAL_GetTick();
 929:Drivers/STM32H7xx_HAL_Driver/Src/stm32h7xx_hal_rcc_ex.c **** 
 930:Drivers/STM32H7xx_HAL_Driver/Src/stm32h7xx_hal_rcc_ex.c ****         /* Wait till LSE is ready */
 931:Drivers/STM32H7xx_HAL_Driver/Src/stm32h7xx_hal_rcc_ex.c ****         while (__HAL_RCC_GET_FLAG(RCC_FLAG_LSERDY) == 0U)
 932:Drivers/STM32H7xx_HAL_Driver/Src/stm32h7xx_hal_rcc_ex.c ****         {
 933:Drivers/STM32H7xx_HAL_Driver/Src/stm32h7xx_hal_rcc_ex.c ****           if ((HAL_GetTick() - tickstart) > RCC_LSE_TIMEOUT_VALUE)
 934:Drivers/STM32H7xx_HAL_Driver/Src/stm32h7xx_hal_rcc_ex.c ****           {
 935:Drivers/STM32H7xx_HAL_Driver/Src/stm32h7xx_hal_rcc_ex.c ****             ret = HAL_TIMEOUT;
 936:Drivers/STM32H7xx_HAL_Driver/Src/stm32h7xx_hal_rcc_ex.c ****             break;
 937:Drivers/STM32H7xx_HAL_Driver/Src/stm32h7xx_hal_rcc_ex.c ****           }
 938:Drivers/STM32H7xx_HAL_Driver/Src/stm32h7xx_hal_rcc_ex.c ****         }
 939:Drivers/STM32H7xx_HAL_Driver/Src/stm32h7xx_hal_rcc_ex.c ****       }
 940:Drivers/STM32H7xx_HAL_Driver/Src/stm32h7xx_hal_rcc_ex.c **** 
 941:Drivers/STM32H7xx_HAL_Driver/Src/stm32h7xx_hal_rcc_ex.c ****       if (ret == HAL_OK)
 942:Drivers/STM32H7xx_HAL_Driver/Src/stm32h7xx_hal_rcc_ex.c ****       {
 943:Drivers/STM32H7xx_HAL_Driver/Src/stm32h7xx_hal_rcc_ex.c ****         __HAL_RCC_RTC_CONFIG(PeriphClkInit->RTCClockSelection);
ARM GAS  C:\Users\jason\AppData\Local\Temp\ccSG31kR.s 			page 18


 944:Drivers/STM32H7xx_HAL_Driver/Src/stm32h7xx_hal_rcc_ex.c ****       }
 945:Drivers/STM32H7xx_HAL_Driver/Src/stm32h7xx_hal_rcc_ex.c ****       else
 946:Drivers/STM32H7xx_HAL_Driver/Src/stm32h7xx_hal_rcc_ex.c ****       {
 947:Drivers/STM32H7xx_HAL_Driver/Src/stm32h7xx_hal_rcc_ex.c ****         /* set overall return value */
 948:Drivers/STM32H7xx_HAL_Driver/Src/stm32h7xx_hal_rcc_ex.c ****         status = ret;
 949:Drivers/STM32H7xx_HAL_Driver/Src/stm32h7xx_hal_rcc_ex.c ****       }
 950:Drivers/STM32H7xx_HAL_Driver/Src/stm32h7xx_hal_rcc_ex.c ****     }
 951:Drivers/STM32H7xx_HAL_Driver/Src/stm32h7xx_hal_rcc_ex.c ****     else
 952:Drivers/STM32H7xx_HAL_Driver/Src/stm32h7xx_hal_rcc_ex.c ****     {
 953:Drivers/STM32H7xx_HAL_Driver/Src/stm32h7xx_hal_rcc_ex.c ****       /* set overall return value */
 954:Drivers/STM32H7xx_HAL_Driver/Src/stm32h7xx_hal_rcc_ex.c ****       status = ret;
 955:Drivers/STM32H7xx_HAL_Driver/Src/stm32h7xx_hal_rcc_ex.c ****     }
 956:Drivers/STM32H7xx_HAL_Driver/Src/stm32h7xx_hal_rcc_ex.c ****   }
 957:Drivers/STM32H7xx_HAL_Driver/Src/stm32h7xx_hal_rcc_ex.c **** 
 958:Drivers/STM32H7xx_HAL_Driver/Src/stm32h7xx_hal_rcc_ex.c **** 
 959:Drivers/STM32H7xx_HAL_Driver/Src/stm32h7xx_hal_rcc_ex.c ****   /*-------------------------- USART1/6 configuration --------------------------*/
 960:Drivers/STM32H7xx_HAL_Driver/Src/stm32h7xx_hal_rcc_ex.c ****   if (((PeriphClkInit->PeriphClockSelection) & RCC_PERIPHCLK_USART16) == RCC_PERIPHCLK_USART16)
 961:Drivers/STM32H7xx_HAL_Driver/Src/stm32h7xx_hal_rcc_ex.c ****   {
 962:Drivers/STM32H7xx_HAL_Driver/Src/stm32h7xx_hal_rcc_ex.c ****     switch (PeriphClkInit->Usart16ClockSelection)
 963:Drivers/STM32H7xx_HAL_Driver/Src/stm32h7xx_hal_rcc_ex.c ****     {
 964:Drivers/STM32H7xx_HAL_Driver/Src/stm32h7xx_hal_rcc_ex.c ****       case RCC_USART16CLKSOURCE_PCLK2: /* CD/D2 PCLK2 as clock source for USART1/6 */
 965:Drivers/STM32H7xx_HAL_Driver/Src/stm32h7xx_hal_rcc_ex.c ****         /* USART1/6 clock source configuration done later after clock selection check */
 966:Drivers/STM32H7xx_HAL_Driver/Src/stm32h7xx_hal_rcc_ex.c ****         break;
 967:Drivers/STM32H7xx_HAL_Driver/Src/stm32h7xx_hal_rcc_ex.c **** 
 968:Drivers/STM32H7xx_HAL_Driver/Src/stm32h7xx_hal_rcc_ex.c ****       case RCC_USART16CLKSOURCE_PLL2: /* PLL2 is used as clock source for USART1/6 */
 969:Drivers/STM32H7xx_HAL_Driver/Src/stm32h7xx_hal_rcc_ex.c ****         ret = RCCEx_PLL2_Config(&(PeriphClkInit->PLL2), DIVIDER_Q_UPDATE);
 970:Drivers/STM32H7xx_HAL_Driver/Src/stm32h7xx_hal_rcc_ex.c ****         /* USART1/6 clock source configuration done later after clock selection check */
 971:Drivers/STM32H7xx_HAL_Driver/Src/stm32h7xx_hal_rcc_ex.c ****         break;
 972:Drivers/STM32H7xx_HAL_Driver/Src/stm32h7xx_hal_rcc_ex.c **** 
 973:Drivers/STM32H7xx_HAL_Driver/Src/stm32h7xx_hal_rcc_ex.c ****       case RCC_USART16CLKSOURCE_PLL3: /* PLL3 is used as clock source for USART1/6 */
 974:Drivers/STM32H7xx_HAL_Driver/Src/stm32h7xx_hal_rcc_ex.c ****         ret = RCCEx_PLL3_Config(&(PeriphClkInit->PLL3), DIVIDER_Q_UPDATE);
 975:Drivers/STM32H7xx_HAL_Driver/Src/stm32h7xx_hal_rcc_ex.c ****         /* USART1/6 clock source configuration done later after clock selection check */
 976:Drivers/STM32H7xx_HAL_Driver/Src/stm32h7xx_hal_rcc_ex.c ****         break;
 977:Drivers/STM32H7xx_HAL_Driver/Src/stm32h7xx_hal_rcc_ex.c **** 
 978:Drivers/STM32H7xx_HAL_Driver/Src/stm32h7xx_hal_rcc_ex.c ****       case RCC_USART16CLKSOURCE_HSI:
 979:Drivers/STM32H7xx_HAL_Driver/Src/stm32h7xx_hal_rcc_ex.c ****         /* HSI oscillator clock is used as source of USART1/6 clock */
 980:Drivers/STM32H7xx_HAL_Driver/Src/stm32h7xx_hal_rcc_ex.c ****         /* USART1/6 clock source configuration done later after clock selection check */
 981:Drivers/STM32H7xx_HAL_Driver/Src/stm32h7xx_hal_rcc_ex.c ****         break;
 982:Drivers/STM32H7xx_HAL_Driver/Src/stm32h7xx_hal_rcc_ex.c **** 
 983:Drivers/STM32H7xx_HAL_Driver/Src/stm32h7xx_hal_rcc_ex.c ****       case RCC_USART16CLKSOURCE_CSI:
 984:Drivers/STM32H7xx_HAL_Driver/Src/stm32h7xx_hal_rcc_ex.c ****         /* CSI oscillator clock is used as source of USART1/6 clock */
 985:Drivers/STM32H7xx_HAL_Driver/Src/stm32h7xx_hal_rcc_ex.c ****         /* USART1/6 clock source configuration done later after clock selection check */
 986:Drivers/STM32H7xx_HAL_Driver/Src/stm32h7xx_hal_rcc_ex.c ****         break;
 987:Drivers/STM32H7xx_HAL_Driver/Src/stm32h7xx_hal_rcc_ex.c **** 
 988:Drivers/STM32H7xx_HAL_Driver/Src/stm32h7xx_hal_rcc_ex.c ****       case RCC_USART16CLKSOURCE_LSE:
 989:Drivers/STM32H7xx_HAL_Driver/Src/stm32h7xx_hal_rcc_ex.c ****         /* LSE,  oscillator is used as source of USART1/6 clock */
 990:Drivers/STM32H7xx_HAL_Driver/Src/stm32h7xx_hal_rcc_ex.c ****         /* USART1/6 clock source configuration done later after clock selection check */
 991:Drivers/STM32H7xx_HAL_Driver/Src/stm32h7xx_hal_rcc_ex.c ****         break;
 992:Drivers/STM32H7xx_HAL_Driver/Src/stm32h7xx_hal_rcc_ex.c **** 
 993:Drivers/STM32H7xx_HAL_Driver/Src/stm32h7xx_hal_rcc_ex.c ****       default:
 994:Drivers/STM32H7xx_HAL_Driver/Src/stm32h7xx_hal_rcc_ex.c ****         ret = HAL_ERROR;
 995:Drivers/STM32H7xx_HAL_Driver/Src/stm32h7xx_hal_rcc_ex.c ****         break;
 996:Drivers/STM32H7xx_HAL_Driver/Src/stm32h7xx_hal_rcc_ex.c ****     }
 997:Drivers/STM32H7xx_HAL_Driver/Src/stm32h7xx_hal_rcc_ex.c **** 
 998:Drivers/STM32H7xx_HAL_Driver/Src/stm32h7xx_hal_rcc_ex.c ****     if (ret == HAL_OK)
 999:Drivers/STM32H7xx_HAL_Driver/Src/stm32h7xx_hal_rcc_ex.c ****     {
1000:Drivers/STM32H7xx_HAL_Driver/Src/stm32h7xx_hal_rcc_ex.c ****       /* Set the source of USART1/6 clock */
ARM GAS  C:\Users\jason\AppData\Local\Temp\ccSG31kR.s 			page 19


1001:Drivers/STM32H7xx_HAL_Driver/Src/stm32h7xx_hal_rcc_ex.c ****       __HAL_RCC_USART16_CONFIG(PeriphClkInit->Usart16ClockSelection);
1002:Drivers/STM32H7xx_HAL_Driver/Src/stm32h7xx_hal_rcc_ex.c ****     }
1003:Drivers/STM32H7xx_HAL_Driver/Src/stm32h7xx_hal_rcc_ex.c ****     else
1004:Drivers/STM32H7xx_HAL_Driver/Src/stm32h7xx_hal_rcc_ex.c ****     {
1005:Drivers/STM32H7xx_HAL_Driver/Src/stm32h7xx_hal_rcc_ex.c ****       /* set overall return value */
1006:Drivers/STM32H7xx_HAL_Driver/Src/stm32h7xx_hal_rcc_ex.c ****       status = ret;
1007:Drivers/STM32H7xx_HAL_Driver/Src/stm32h7xx_hal_rcc_ex.c ****     }
1008:Drivers/STM32H7xx_HAL_Driver/Src/stm32h7xx_hal_rcc_ex.c ****   }
1009:Drivers/STM32H7xx_HAL_Driver/Src/stm32h7xx_hal_rcc_ex.c **** 
1010:Drivers/STM32H7xx_HAL_Driver/Src/stm32h7xx_hal_rcc_ex.c ****   /*-------------------------- USART2/3/4/5/7/8 Configuration --------------------------*/
1011:Drivers/STM32H7xx_HAL_Driver/Src/stm32h7xx_hal_rcc_ex.c ****   if (((PeriphClkInit->PeriphClockSelection) & RCC_PERIPHCLK_USART234578) == RCC_PERIPHCLK_USART234
1012:Drivers/STM32H7xx_HAL_Driver/Src/stm32h7xx_hal_rcc_ex.c ****   {
1013:Drivers/STM32H7xx_HAL_Driver/Src/stm32h7xx_hal_rcc_ex.c ****     switch (PeriphClkInit->Usart234578ClockSelection)
1014:Drivers/STM32H7xx_HAL_Driver/Src/stm32h7xx_hal_rcc_ex.c ****     {
1015:Drivers/STM32H7xx_HAL_Driver/Src/stm32h7xx_hal_rcc_ex.c ****       case RCC_USART234578CLKSOURCE_PCLK1: /* CD/D2 PCLK1 as clock source for USART2/3/4/5/7/8 */
1016:Drivers/STM32H7xx_HAL_Driver/Src/stm32h7xx_hal_rcc_ex.c ****         /* USART2/3/4/5/7/8 clock source configuration done later after clock selection check */
1017:Drivers/STM32H7xx_HAL_Driver/Src/stm32h7xx_hal_rcc_ex.c ****         break;
1018:Drivers/STM32H7xx_HAL_Driver/Src/stm32h7xx_hal_rcc_ex.c **** 
1019:Drivers/STM32H7xx_HAL_Driver/Src/stm32h7xx_hal_rcc_ex.c ****       case RCC_USART234578CLKSOURCE_PLL2: /* PLL2 is used as clock source for USART2/3/4/5/7/8 */
1020:Drivers/STM32H7xx_HAL_Driver/Src/stm32h7xx_hal_rcc_ex.c ****         ret = RCCEx_PLL2_Config(&(PeriphClkInit->PLL2), DIVIDER_Q_UPDATE);
1021:Drivers/STM32H7xx_HAL_Driver/Src/stm32h7xx_hal_rcc_ex.c ****         /* USART2/3/4/5/7/8 clock source configuration done later after clock selection check */
1022:Drivers/STM32H7xx_HAL_Driver/Src/stm32h7xx_hal_rcc_ex.c ****         break;
1023:Drivers/STM32H7xx_HAL_Driver/Src/stm32h7xx_hal_rcc_ex.c **** 
1024:Drivers/STM32H7xx_HAL_Driver/Src/stm32h7xx_hal_rcc_ex.c ****       case RCC_USART234578CLKSOURCE_PLL3: /* PLL3 is used as clock source for USART2/3/4/5/7/8 */
1025:Drivers/STM32H7xx_HAL_Driver/Src/stm32h7xx_hal_rcc_ex.c ****         ret = RCCEx_PLL3_Config(&(PeriphClkInit->PLL3), DIVIDER_Q_UPDATE);
1026:Drivers/STM32H7xx_HAL_Driver/Src/stm32h7xx_hal_rcc_ex.c ****         /* USART2/3/4/5/7/8 clock source configuration done later after clock selection check */
1027:Drivers/STM32H7xx_HAL_Driver/Src/stm32h7xx_hal_rcc_ex.c ****         break;
1028:Drivers/STM32H7xx_HAL_Driver/Src/stm32h7xx_hal_rcc_ex.c **** 
1029:Drivers/STM32H7xx_HAL_Driver/Src/stm32h7xx_hal_rcc_ex.c ****       case RCC_USART234578CLKSOURCE_HSI:
1030:Drivers/STM32H7xx_HAL_Driver/Src/stm32h7xx_hal_rcc_ex.c ****         /* HSI oscillator clock is used as source of USART2/3/4/5/7/8 clock */
1031:Drivers/STM32H7xx_HAL_Driver/Src/stm32h7xx_hal_rcc_ex.c ****         /* USART2/3/4/5/7/8 clock source configuration done later after clock selection check */
1032:Drivers/STM32H7xx_HAL_Driver/Src/stm32h7xx_hal_rcc_ex.c ****         break;
1033:Drivers/STM32H7xx_HAL_Driver/Src/stm32h7xx_hal_rcc_ex.c **** 
1034:Drivers/STM32H7xx_HAL_Driver/Src/stm32h7xx_hal_rcc_ex.c ****       case RCC_USART234578CLKSOURCE_CSI:
1035:Drivers/STM32H7xx_HAL_Driver/Src/stm32h7xx_hal_rcc_ex.c ****         /* CSI oscillator clock is used as source of USART2/3/4/5/7/8 clock */
1036:Drivers/STM32H7xx_HAL_Driver/Src/stm32h7xx_hal_rcc_ex.c ****         /* USART2/3/4/5/7/8 clock source configuration done later after clock selection check */
1037:Drivers/STM32H7xx_HAL_Driver/Src/stm32h7xx_hal_rcc_ex.c ****         break;
1038:Drivers/STM32H7xx_HAL_Driver/Src/stm32h7xx_hal_rcc_ex.c **** 
1039:Drivers/STM32H7xx_HAL_Driver/Src/stm32h7xx_hal_rcc_ex.c ****       case RCC_USART234578CLKSOURCE_LSE:
1040:Drivers/STM32H7xx_HAL_Driver/Src/stm32h7xx_hal_rcc_ex.c ****         /* LSE,  oscillator is used as source of USART2/3/4/5/7/8 clock */
1041:Drivers/STM32H7xx_HAL_Driver/Src/stm32h7xx_hal_rcc_ex.c ****         /* USART2/3/4/5/7/8 clock source configuration done later after clock selection check */
1042:Drivers/STM32H7xx_HAL_Driver/Src/stm32h7xx_hal_rcc_ex.c ****         break;
1043:Drivers/STM32H7xx_HAL_Driver/Src/stm32h7xx_hal_rcc_ex.c **** 
1044:Drivers/STM32H7xx_HAL_Driver/Src/stm32h7xx_hal_rcc_ex.c ****       default:
1045:Drivers/STM32H7xx_HAL_Driver/Src/stm32h7xx_hal_rcc_ex.c ****         ret = HAL_ERROR;
1046:Drivers/STM32H7xx_HAL_Driver/Src/stm32h7xx_hal_rcc_ex.c ****         break;
1047:Drivers/STM32H7xx_HAL_Driver/Src/stm32h7xx_hal_rcc_ex.c ****     }
1048:Drivers/STM32H7xx_HAL_Driver/Src/stm32h7xx_hal_rcc_ex.c **** 
1049:Drivers/STM32H7xx_HAL_Driver/Src/stm32h7xx_hal_rcc_ex.c ****     if (ret == HAL_OK)
1050:Drivers/STM32H7xx_HAL_Driver/Src/stm32h7xx_hal_rcc_ex.c ****     {
1051:Drivers/STM32H7xx_HAL_Driver/Src/stm32h7xx_hal_rcc_ex.c ****       /* Set the source of USART2/3/4/5/7/8 clock */
1052:Drivers/STM32H7xx_HAL_Driver/Src/stm32h7xx_hal_rcc_ex.c ****       __HAL_RCC_USART234578_CONFIG(PeriphClkInit->Usart234578ClockSelection);
1053:Drivers/STM32H7xx_HAL_Driver/Src/stm32h7xx_hal_rcc_ex.c ****     }
1054:Drivers/STM32H7xx_HAL_Driver/Src/stm32h7xx_hal_rcc_ex.c ****     else
1055:Drivers/STM32H7xx_HAL_Driver/Src/stm32h7xx_hal_rcc_ex.c ****     {
1056:Drivers/STM32H7xx_HAL_Driver/Src/stm32h7xx_hal_rcc_ex.c ****       /* set overall return value */
1057:Drivers/STM32H7xx_HAL_Driver/Src/stm32h7xx_hal_rcc_ex.c ****       status = ret;
ARM GAS  C:\Users\jason\AppData\Local\Temp\ccSG31kR.s 			page 20


1058:Drivers/STM32H7xx_HAL_Driver/Src/stm32h7xx_hal_rcc_ex.c ****     }
1059:Drivers/STM32H7xx_HAL_Driver/Src/stm32h7xx_hal_rcc_ex.c ****   }
1060:Drivers/STM32H7xx_HAL_Driver/Src/stm32h7xx_hal_rcc_ex.c **** 
1061:Drivers/STM32H7xx_HAL_Driver/Src/stm32h7xx_hal_rcc_ex.c ****   /*-------------------------- LPUART1 Configuration -------------------------*/
1062:Drivers/STM32H7xx_HAL_Driver/Src/stm32h7xx_hal_rcc_ex.c ****   if (((PeriphClkInit->PeriphClockSelection) & RCC_PERIPHCLK_LPUART1) == RCC_PERIPHCLK_LPUART1)
1063:Drivers/STM32H7xx_HAL_Driver/Src/stm32h7xx_hal_rcc_ex.c ****   {
1064:Drivers/STM32H7xx_HAL_Driver/Src/stm32h7xx_hal_rcc_ex.c ****     switch (PeriphClkInit->Lpuart1ClockSelection)
1065:Drivers/STM32H7xx_HAL_Driver/Src/stm32h7xx_hal_rcc_ex.c ****     {
1066:Drivers/STM32H7xx_HAL_Driver/Src/stm32h7xx_hal_rcc_ex.c ****       case RCC_LPUART1CLKSOURCE_PCLK4: /* SRD/D3 PCLK1 (PCLK4) as clock source for LPUART1 */
1067:Drivers/STM32H7xx_HAL_Driver/Src/stm32h7xx_hal_rcc_ex.c ****         /* LPUART1 clock source configuration done later after clock selection check */
1068:Drivers/STM32H7xx_HAL_Driver/Src/stm32h7xx_hal_rcc_ex.c ****         break;
1069:Drivers/STM32H7xx_HAL_Driver/Src/stm32h7xx_hal_rcc_ex.c **** 
1070:Drivers/STM32H7xx_HAL_Driver/Src/stm32h7xx_hal_rcc_ex.c ****       case RCC_LPUART1CLKSOURCE_PLL2: /* PLL2 is used as clock source for LPUART1 */
1071:Drivers/STM32H7xx_HAL_Driver/Src/stm32h7xx_hal_rcc_ex.c ****         ret = RCCEx_PLL2_Config(&(PeriphClkInit->PLL2), DIVIDER_Q_UPDATE);
1072:Drivers/STM32H7xx_HAL_Driver/Src/stm32h7xx_hal_rcc_ex.c ****         /* LPUART1 clock source configuration done later after clock selection check */
1073:Drivers/STM32H7xx_HAL_Driver/Src/stm32h7xx_hal_rcc_ex.c ****         break;
1074:Drivers/STM32H7xx_HAL_Driver/Src/stm32h7xx_hal_rcc_ex.c **** 
1075:Drivers/STM32H7xx_HAL_Driver/Src/stm32h7xx_hal_rcc_ex.c ****       case RCC_LPUART1CLKSOURCE_PLL3: /* PLL3 is used as clock source for LPUART1 */
1076:Drivers/STM32H7xx_HAL_Driver/Src/stm32h7xx_hal_rcc_ex.c ****         ret = RCCEx_PLL3_Config(&(PeriphClkInit->PLL3), DIVIDER_Q_UPDATE);
1077:Drivers/STM32H7xx_HAL_Driver/Src/stm32h7xx_hal_rcc_ex.c ****         /* LPUART1 clock source configuration done later after clock selection check */
1078:Drivers/STM32H7xx_HAL_Driver/Src/stm32h7xx_hal_rcc_ex.c ****         break;
1079:Drivers/STM32H7xx_HAL_Driver/Src/stm32h7xx_hal_rcc_ex.c **** 
1080:Drivers/STM32H7xx_HAL_Driver/Src/stm32h7xx_hal_rcc_ex.c ****       case RCC_LPUART1CLKSOURCE_HSI:
1081:Drivers/STM32H7xx_HAL_Driver/Src/stm32h7xx_hal_rcc_ex.c ****         /* HSI oscillator clock is used as source of LPUART1 clock */
1082:Drivers/STM32H7xx_HAL_Driver/Src/stm32h7xx_hal_rcc_ex.c ****         /* LPUART1 clock source configuration done later after clock selection check */
1083:Drivers/STM32H7xx_HAL_Driver/Src/stm32h7xx_hal_rcc_ex.c ****         break;
1084:Drivers/STM32H7xx_HAL_Driver/Src/stm32h7xx_hal_rcc_ex.c **** 
1085:Drivers/STM32H7xx_HAL_Driver/Src/stm32h7xx_hal_rcc_ex.c ****       case RCC_LPUART1CLKSOURCE_CSI:
1086:Drivers/STM32H7xx_HAL_Driver/Src/stm32h7xx_hal_rcc_ex.c ****         /* CSI oscillator clock is used as source of LPUART1 clock */
1087:Drivers/STM32H7xx_HAL_Driver/Src/stm32h7xx_hal_rcc_ex.c ****         /* LPUART1 clock source configuration done later after clock selection check */
1088:Drivers/STM32H7xx_HAL_Driver/Src/stm32h7xx_hal_rcc_ex.c ****         break;
1089:Drivers/STM32H7xx_HAL_Driver/Src/stm32h7xx_hal_rcc_ex.c **** 
1090:Drivers/STM32H7xx_HAL_Driver/Src/stm32h7xx_hal_rcc_ex.c ****       case RCC_LPUART1CLKSOURCE_LSE:
1091:Drivers/STM32H7xx_HAL_Driver/Src/stm32h7xx_hal_rcc_ex.c ****         /* LSE,  oscillator is used as source of LPUART1 clock */
1092:Drivers/STM32H7xx_HAL_Driver/Src/stm32h7xx_hal_rcc_ex.c ****         /* LPUART1 clock source configuration done later after clock selection check */
1093:Drivers/STM32H7xx_HAL_Driver/Src/stm32h7xx_hal_rcc_ex.c ****         break;
1094:Drivers/STM32H7xx_HAL_Driver/Src/stm32h7xx_hal_rcc_ex.c **** 
1095:Drivers/STM32H7xx_HAL_Driver/Src/stm32h7xx_hal_rcc_ex.c ****       default:
1096:Drivers/STM32H7xx_HAL_Driver/Src/stm32h7xx_hal_rcc_ex.c ****         ret = HAL_ERROR;
1097:Drivers/STM32H7xx_HAL_Driver/Src/stm32h7xx_hal_rcc_ex.c ****         break;
1098:Drivers/STM32H7xx_HAL_Driver/Src/stm32h7xx_hal_rcc_ex.c ****     }
1099:Drivers/STM32H7xx_HAL_Driver/Src/stm32h7xx_hal_rcc_ex.c **** 
1100:Drivers/STM32H7xx_HAL_Driver/Src/stm32h7xx_hal_rcc_ex.c ****     if (ret == HAL_OK)
1101:Drivers/STM32H7xx_HAL_Driver/Src/stm32h7xx_hal_rcc_ex.c ****     {
1102:Drivers/STM32H7xx_HAL_Driver/Src/stm32h7xx_hal_rcc_ex.c ****       /* Set the source of LPUART1 clock */
1103:Drivers/STM32H7xx_HAL_Driver/Src/stm32h7xx_hal_rcc_ex.c ****       __HAL_RCC_LPUART1_CONFIG(PeriphClkInit->Lpuart1ClockSelection);
1104:Drivers/STM32H7xx_HAL_Driver/Src/stm32h7xx_hal_rcc_ex.c ****     }
1105:Drivers/STM32H7xx_HAL_Driver/Src/stm32h7xx_hal_rcc_ex.c ****     else
1106:Drivers/STM32H7xx_HAL_Driver/Src/stm32h7xx_hal_rcc_ex.c ****     {
1107:Drivers/STM32H7xx_HAL_Driver/Src/stm32h7xx_hal_rcc_ex.c ****       /* set overall return value */
1108:Drivers/STM32H7xx_HAL_Driver/Src/stm32h7xx_hal_rcc_ex.c ****       status = ret;
1109:Drivers/STM32H7xx_HAL_Driver/Src/stm32h7xx_hal_rcc_ex.c ****     }
1110:Drivers/STM32H7xx_HAL_Driver/Src/stm32h7xx_hal_rcc_ex.c ****   }
1111:Drivers/STM32H7xx_HAL_Driver/Src/stm32h7xx_hal_rcc_ex.c **** 
1112:Drivers/STM32H7xx_HAL_Driver/Src/stm32h7xx_hal_rcc_ex.c ****   /*---------------------------- LPTIM1 configuration -------------------------------*/
1113:Drivers/STM32H7xx_HAL_Driver/Src/stm32h7xx_hal_rcc_ex.c ****   if (((PeriphClkInit->PeriphClockSelection) & RCC_PERIPHCLK_LPTIM1) == RCC_PERIPHCLK_LPTIM1)
1114:Drivers/STM32H7xx_HAL_Driver/Src/stm32h7xx_hal_rcc_ex.c ****   {
ARM GAS  C:\Users\jason\AppData\Local\Temp\ccSG31kR.s 			page 21


1115:Drivers/STM32H7xx_HAL_Driver/Src/stm32h7xx_hal_rcc_ex.c ****     switch (PeriphClkInit->Lptim1ClockSelection)
1116:Drivers/STM32H7xx_HAL_Driver/Src/stm32h7xx_hal_rcc_ex.c ****     {
1117:Drivers/STM32H7xx_HAL_Driver/Src/stm32h7xx_hal_rcc_ex.c ****       case RCC_LPTIM1CLKSOURCE_PCLK1:      /* CD/D2 PCLK1 as clock source for LPTIM1*/
1118:Drivers/STM32H7xx_HAL_Driver/Src/stm32h7xx_hal_rcc_ex.c ****         /* LPTIM1 clock source configuration done later after clock selection check */
1119:Drivers/STM32H7xx_HAL_Driver/Src/stm32h7xx_hal_rcc_ex.c ****         break;
1120:Drivers/STM32H7xx_HAL_Driver/Src/stm32h7xx_hal_rcc_ex.c **** 
1121:Drivers/STM32H7xx_HAL_Driver/Src/stm32h7xx_hal_rcc_ex.c ****       case RCC_LPTIM1CLKSOURCE_PLL2: /* PLL2 is used as clock source for LPTIM1*/
1122:Drivers/STM32H7xx_HAL_Driver/Src/stm32h7xx_hal_rcc_ex.c **** 
1123:Drivers/STM32H7xx_HAL_Driver/Src/stm32h7xx_hal_rcc_ex.c ****         ret = RCCEx_PLL2_Config(&(PeriphClkInit->PLL2), DIVIDER_P_UPDATE);
1124:Drivers/STM32H7xx_HAL_Driver/Src/stm32h7xx_hal_rcc_ex.c **** 
1125:Drivers/STM32H7xx_HAL_Driver/Src/stm32h7xx_hal_rcc_ex.c ****         /* LPTIM1 clock source configuration done later after clock selection check */
1126:Drivers/STM32H7xx_HAL_Driver/Src/stm32h7xx_hal_rcc_ex.c ****         break;
1127:Drivers/STM32H7xx_HAL_Driver/Src/stm32h7xx_hal_rcc_ex.c **** 
1128:Drivers/STM32H7xx_HAL_Driver/Src/stm32h7xx_hal_rcc_ex.c ****       case RCC_LPTIM1CLKSOURCE_PLL3:  /* PLL3 is used as clock source for LPTIM1*/
1129:Drivers/STM32H7xx_HAL_Driver/Src/stm32h7xx_hal_rcc_ex.c ****         ret = RCCEx_PLL3_Config(&(PeriphClkInit->PLL3), DIVIDER_R_UPDATE);
1130:Drivers/STM32H7xx_HAL_Driver/Src/stm32h7xx_hal_rcc_ex.c **** 
1131:Drivers/STM32H7xx_HAL_Driver/Src/stm32h7xx_hal_rcc_ex.c ****         /* LPTIM1 clock source configuration done later after clock selection check */
1132:Drivers/STM32H7xx_HAL_Driver/Src/stm32h7xx_hal_rcc_ex.c ****         break;
1133:Drivers/STM32H7xx_HAL_Driver/Src/stm32h7xx_hal_rcc_ex.c **** 
1134:Drivers/STM32H7xx_HAL_Driver/Src/stm32h7xx_hal_rcc_ex.c ****       case RCC_LPTIM1CLKSOURCE_LSE:
1135:Drivers/STM32H7xx_HAL_Driver/Src/stm32h7xx_hal_rcc_ex.c ****         /* External low speed OSC clock is used as source of LPTIM1 clock*/
1136:Drivers/STM32H7xx_HAL_Driver/Src/stm32h7xx_hal_rcc_ex.c ****         /* LPTIM1 clock source configuration done later after clock selection check */
1137:Drivers/STM32H7xx_HAL_Driver/Src/stm32h7xx_hal_rcc_ex.c ****         break;
1138:Drivers/STM32H7xx_HAL_Driver/Src/stm32h7xx_hal_rcc_ex.c **** 
1139:Drivers/STM32H7xx_HAL_Driver/Src/stm32h7xx_hal_rcc_ex.c ****       case RCC_LPTIM1CLKSOURCE_LSI:
1140:Drivers/STM32H7xx_HAL_Driver/Src/stm32h7xx_hal_rcc_ex.c ****         /* Internal  low speed OSC clock is used  as source of LPTIM1 clock*/
1141:Drivers/STM32H7xx_HAL_Driver/Src/stm32h7xx_hal_rcc_ex.c ****         /* LPTIM1 clock source configuration done later after clock selection check */
1142:Drivers/STM32H7xx_HAL_Driver/Src/stm32h7xx_hal_rcc_ex.c ****         break;
1143:Drivers/STM32H7xx_HAL_Driver/Src/stm32h7xx_hal_rcc_ex.c ****       case RCC_LPTIM1CLKSOURCE_CLKP:
1144:Drivers/STM32H7xx_HAL_Driver/Src/stm32h7xx_hal_rcc_ex.c ****         /* HSI, HSE, or CSI oscillator is used as source of LPTIM1 clock */
1145:Drivers/STM32H7xx_HAL_Driver/Src/stm32h7xx_hal_rcc_ex.c ****         /* LPTIM1 clock source configuration done later after clock selection check */
1146:Drivers/STM32H7xx_HAL_Driver/Src/stm32h7xx_hal_rcc_ex.c ****         break;
1147:Drivers/STM32H7xx_HAL_Driver/Src/stm32h7xx_hal_rcc_ex.c **** 
1148:Drivers/STM32H7xx_HAL_Driver/Src/stm32h7xx_hal_rcc_ex.c ****       default:
1149:Drivers/STM32H7xx_HAL_Driver/Src/stm32h7xx_hal_rcc_ex.c ****         ret = HAL_ERROR;
1150:Drivers/STM32H7xx_HAL_Driver/Src/stm32h7xx_hal_rcc_ex.c ****         break;
1151:Drivers/STM32H7xx_HAL_Driver/Src/stm32h7xx_hal_rcc_ex.c ****     }
1152:Drivers/STM32H7xx_HAL_Driver/Src/stm32h7xx_hal_rcc_ex.c **** 
1153:Drivers/STM32H7xx_HAL_Driver/Src/stm32h7xx_hal_rcc_ex.c ****     if (ret == HAL_OK)
1154:Drivers/STM32H7xx_HAL_Driver/Src/stm32h7xx_hal_rcc_ex.c ****     {
1155:Drivers/STM32H7xx_HAL_Driver/Src/stm32h7xx_hal_rcc_ex.c ****       /* Set the source of LPTIM1 clock*/
1156:Drivers/STM32H7xx_HAL_Driver/Src/stm32h7xx_hal_rcc_ex.c ****       __HAL_RCC_LPTIM1_CONFIG(PeriphClkInit->Lptim1ClockSelection);
1157:Drivers/STM32H7xx_HAL_Driver/Src/stm32h7xx_hal_rcc_ex.c ****     }
1158:Drivers/STM32H7xx_HAL_Driver/Src/stm32h7xx_hal_rcc_ex.c ****     else
1159:Drivers/STM32H7xx_HAL_Driver/Src/stm32h7xx_hal_rcc_ex.c ****     {
1160:Drivers/STM32H7xx_HAL_Driver/Src/stm32h7xx_hal_rcc_ex.c ****       /* set overall return value */
1161:Drivers/STM32H7xx_HAL_Driver/Src/stm32h7xx_hal_rcc_ex.c ****       status = ret;
1162:Drivers/STM32H7xx_HAL_Driver/Src/stm32h7xx_hal_rcc_ex.c ****     }
1163:Drivers/STM32H7xx_HAL_Driver/Src/stm32h7xx_hal_rcc_ex.c ****   }
1164:Drivers/STM32H7xx_HAL_Driver/Src/stm32h7xx_hal_rcc_ex.c **** 
1165:Drivers/STM32H7xx_HAL_Driver/Src/stm32h7xx_hal_rcc_ex.c ****   /*---------------------------- LPTIM2 configuration -------------------------------*/
1166:Drivers/STM32H7xx_HAL_Driver/Src/stm32h7xx_hal_rcc_ex.c ****   if (((PeriphClkInit->PeriphClockSelection) & RCC_PERIPHCLK_LPTIM2) == RCC_PERIPHCLK_LPTIM2)
1167:Drivers/STM32H7xx_HAL_Driver/Src/stm32h7xx_hal_rcc_ex.c ****   {
1168:Drivers/STM32H7xx_HAL_Driver/Src/stm32h7xx_hal_rcc_ex.c ****     switch (PeriphClkInit->Lptim2ClockSelection)
1169:Drivers/STM32H7xx_HAL_Driver/Src/stm32h7xx_hal_rcc_ex.c ****     {
1170:Drivers/STM32H7xx_HAL_Driver/Src/stm32h7xx_hal_rcc_ex.c ****       case RCC_LPTIM2CLKSOURCE_PCLK4:      /* SRD/D3 PCLK1 (PCLK4) as clock source for LPTIM2*/
1171:Drivers/STM32H7xx_HAL_Driver/Src/stm32h7xx_hal_rcc_ex.c ****         /* LPTIM2 clock source configuration done later after clock selection check */
ARM GAS  C:\Users\jason\AppData\Local\Temp\ccSG31kR.s 			page 22


1172:Drivers/STM32H7xx_HAL_Driver/Src/stm32h7xx_hal_rcc_ex.c ****         break;
1173:Drivers/STM32H7xx_HAL_Driver/Src/stm32h7xx_hal_rcc_ex.c **** 
1174:Drivers/STM32H7xx_HAL_Driver/Src/stm32h7xx_hal_rcc_ex.c ****       case RCC_LPTIM2CLKSOURCE_PLL2: /* PLL2 is used as clock source for LPTIM2*/
1175:Drivers/STM32H7xx_HAL_Driver/Src/stm32h7xx_hal_rcc_ex.c **** 
1176:Drivers/STM32H7xx_HAL_Driver/Src/stm32h7xx_hal_rcc_ex.c ****         ret = RCCEx_PLL2_Config(&(PeriphClkInit->PLL2), DIVIDER_P_UPDATE);
1177:Drivers/STM32H7xx_HAL_Driver/Src/stm32h7xx_hal_rcc_ex.c **** 
1178:Drivers/STM32H7xx_HAL_Driver/Src/stm32h7xx_hal_rcc_ex.c ****         /* LPTIM2 clock source configuration done later after clock selection check */
1179:Drivers/STM32H7xx_HAL_Driver/Src/stm32h7xx_hal_rcc_ex.c ****         break;
1180:Drivers/STM32H7xx_HAL_Driver/Src/stm32h7xx_hal_rcc_ex.c **** 
1181:Drivers/STM32H7xx_HAL_Driver/Src/stm32h7xx_hal_rcc_ex.c ****       case RCC_LPTIM2CLKSOURCE_PLL3:  /* PLL3 is used as clock source for LPTIM2*/
1182:Drivers/STM32H7xx_HAL_Driver/Src/stm32h7xx_hal_rcc_ex.c ****         ret = RCCEx_PLL3_Config(&(PeriphClkInit->PLL3), DIVIDER_R_UPDATE);
1183:Drivers/STM32H7xx_HAL_Driver/Src/stm32h7xx_hal_rcc_ex.c **** 
1184:Drivers/STM32H7xx_HAL_Driver/Src/stm32h7xx_hal_rcc_ex.c ****         /* LPTIM2 clock source configuration done later after clock selection check */
1185:Drivers/STM32H7xx_HAL_Driver/Src/stm32h7xx_hal_rcc_ex.c ****         break;
1186:Drivers/STM32H7xx_HAL_Driver/Src/stm32h7xx_hal_rcc_ex.c **** 
1187:Drivers/STM32H7xx_HAL_Driver/Src/stm32h7xx_hal_rcc_ex.c ****       case RCC_LPTIM2CLKSOURCE_LSE:
1188:Drivers/STM32H7xx_HAL_Driver/Src/stm32h7xx_hal_rcc_ex.c ****         /* External low speed OSC clock is used as source of LPTIM2 clock*/
1189:Drivers/STM32H7xx_HAL_Driver/Src/stm32h7xx_hal_rcc_ex.c ****         /* LPTIM2 clock source configuration done later after clock selection check */
1190:Drivers/STM32H7xx_HAL_Driver/Src/stm32h7xx_hal_rcc_ex.c ****         break;
1191:Drivers/STM32H7xx_HAL_Driver/Src/stm32h7xx_hal_rcc_ex.c **** 
1192:Drivers/STM32H7xx_HAL_Driver/Src/stm32h7xx_hal_rcc_ex.c ****       case RCC_LPTIM2CLKSOURCE_LSI:
1193:Drivers/STM32H7xx_HAL_Driver/Src/stm32h7xx_hal_rcc_ex.c ****         /* Internal  low speed OSC clock is used  as source of LPTIM2 clock*/
1194:Drivers/STM32H7xx_HAL_Driver/Src/stm32h7xx_hal_rcc_ex.c ****         /* LPTIM2 clock source configuration done later after clock selection check */
1195:Drivers/STM32H7xx_HAL_Driver/Src/stm32h7xx_hal_rcc_ex.c ****         break;
1196:Drivers/STM32H7xx_HAL_Driver/Src/stm32h7xx_hal_rcc_ex.c ****       case RCC_LPTIM2CLKSOURCE_CLKP:
1197:Drivers/STM32H7xx_HAL_Driver/Src/stm32h7xx_hal_rcc_ex.c ****         /* HSI, HSE, or CSI oscillator is used as source of LPTIM2 clock */
1198:Drivers/STM32H7xx_HAL_Driver/Src/stm32h7xx_hal_rcc_ex.c ****         /* LPTIM2 clock source configuration done later after clock selection check */
1199:Drivers/STM32H7xx_HAL_Driver/Src/stm32h7xx_hal_rcc_ex.c ****         break;
1200:Drivers/STM32H7xx_HAL_Driver/Src/stm32h7xx_hal_rcc_ex.c **** 
1201:Drivers/STM32H7xx_HAL_Driver/Src/stm32h7xx_hal_rcc_ex.c ****       default:
1202:Drivers/STM32H7xx_HAL_Driver/Src/stm32h7xx_hal_rcc_ex.c ****         ret = HAL_ERROR;
1203:Drivers/STM32H7xx_HAL_Driver/Src/stm32h7xx_hal_rcc_ex.c ****         break;
1204:Drivers/STM32H7xx_HAL_Driver/Src/stm32h7xx_hal_rcc_ex.c ****     }
1205:Drivers/STM32H7xx_HAL_Driver/Src/stm32h7xx_hal_rcc_ex.c **** 
1206:Drivers/STM32H7xx_HAL_Driver/Src/stm32h7xx_hal_rcc_ex.c ****     if (ret == HAL_OK)
1207:Drivers/STM32H7xx_HAL_Driver/Src/stm32h7xx_hal_rcc_ex.c ****     {
1208:Drivers/STM32H7xx_HAL_Driver/Src/stm32h7xx_hal_rcc_ex.c ****       /* Set the source of LPTIM2 clock*/
1209:Drivers/STM32H7xx_HAL_Driver/Src/stm32h7xx_hal_rcc_ex.c ****       __HAL_RCC_LPTIM2_CONFIG(PeriphClkInit->Lptim2ClockSelection);
1210:Drivers/STM32H7xx_HAL_Driver/Src/stm32h7xx_hal_rcc_ex.c ****     }
1211:Drivers/STM32H7xx_HAL_Driver/Src/stm32h7xx_hal_rcc_ex.c ****     else
1212:Drivers/STM32H7xx_HAL_Driver/Src/stm32h7xx_hal_rcc_ex.c ****     {
1213:Drivers/STM32H7xx_HAL_Driver/Src/stm32h7xx_hal_rcc_ex.c ****       /* set overall return value */
1214:Drivers/STM32H7xx_HAL_Driver/Src/stm32h7xx_hal_rcc_ex.c ****       status = ret;
1215:Drivers/STM32H7xx_HAL_Driver/Src/stm32h7xx_hal_rcc_ex.c ****     }
1216:Drivers/STM32H7xx_HAL_Driver/Src/stm32h7xx_hal_rcc_ex.c ****   }
1217:Drivers/STM32H7xx_HAL_Driver/Src/stm32h7xx_hal_rcc_ex.c **** 
1218:Drivers/STM32H7xx_HAL_Driver/Src/stm32h7xx_hal_rcc_ex.c ****   /*---------------------------- LPTIM345 configuration -------------------------------*/
1219:Drivers/STM32H7xx_HAL_Driver/Src/stm32h7xx_hal_rcc_ex.c ****   if (((PeriphClkInit->PeriphClockSelection) & RCC_PERIPHCLK_LPTIM345) == RCC_PERIPHCLK_LPTIM345)
1220:Drivers/STM32H7xx_HAL_Driver/Src/stm32h7xx_hal_rcc_ex.c ****   {
1221:Drivers/STM32H7xx_HAL_Driver/Src/stm32h7xx_hal_rcc_ex.c ****     switch (PeriphClkInit->Lptim345ClockSelection)
1222:Drivers/STM32H7xx_HAL_Driver/Src/stm32h7xx_hal_rcc_ex.c ****     {
1223:Drivers/STM32H7xx_HAL_Driver/Src/stm32h7xx_hal_rcc_ex.c **** 
1224:Drivers/STM32H7xx_HAL_Driver/Src/stm32h7xx_hal_rcc_ex.c ****       case RCC_LPTIM345CLKSOURCE_PCLK4:      /* SRD/D3 PCLK1 (PCLK4) as clock source for LPTIM3/4/5
1225:Drivers/STM32H7xx_HAL_Driver/Src/stm32h7xx_hal_rcc_ex.c ****         /* LPTIM3/4/5 clock source configuration done later after clock selection check */
1226:Drivers/STM32H7xx_HAL_Driver/Src/stm32h7xx_hal_rcc_ex.c ****         break;
1227:Drivers/STM32H7xx_HAL_Driver/Src/stm32h7xx_hal_rcc_ex.c **** 
1228:Drivers/STM32H7xx_HAL_Driver/Src/stm32h7xx_hal_rcc_ex.c ****       case RCC_LPTIM345CLKSOURCE_PLL2: /* PLL2 is used as clock source for LPTIM3/4/5 */
ARM GAS  C:\Users\jason\AppData\Local\Temp\ccSG31kR.s 			page 23


1229:Drivers/STM32H7xx_HAL_Driver/Src/stm32h7xx_hal_rcc_ex.c ****         ret = RCCEx_PLL2_Config(&(PeriphClkInit->PLL2), DIVIDER_P_UPDATE);
1230:Drivers/STM32H7xx_HAL_Driver/Src/stm32h7xx_hal_rcc_ex.c **** 
1231:Drivers/STM32H7xx_HAL_Driver/Src/stm32h7xx_hal_rcc_ex.c ****         /* LPTIM3/4/5 clock source configuration done later after clock selection check */
1232:Drivers/STM32H7xx_HAL_Driver/Src/stm32h7xx_hal_rcc_ex.c ****         break;
1233:Drivers/STM32H7xx_HAL_Driver/Src/stm32h7xx_hal_rcc_ex.c **** 
1234:Drivers/STM32H7xx_HAL_Driver/Src/stm32h7xx_hal_rcc_ex.c ****       case RCC_LPTIM345CLKSOURCE_PLL3:  /* PLL3 is used as clock source for LPTIM3/4/5 */
1235:Drivers/STM32H7xx_HAL_Driver/Src/stm32h7xx_hal_rcc_ex.c ****         ret = RCCEx_PLL3_Config(&(PeriphClkInit->PLL3), DIVIDER_R_UPDATE);
1236:Drivers/STM32H7xx_HAL_Driver/Src/stm32h7xx_hal_rcc_ex.c **** 
1237:Drivers/STM32H7xx_HAL_Driver/Src/stm32h7xx_hal_rcc_ex.c ****         /* LPTIM3/4/5 clock source configuration done later after clock selection check */
1238:Drivers/STM32H7xx_HAL_Driver/Src/stm32h7xx_hal_rcc_ex.c ****         break;
1239:Drivers/STM32H7xx_HAL_Driver/Src/stm32h7xx_hal_rcc_ex.c **** 
1240:Drivers/STM32H7xx_HAL_Driver/Src/stm32h7xx_hal_rcc_ex.c ****       case RCC_LPTIM345CLKSOURCE_LSE:
1241:Drivers/STM32H7xx_HAL_Driver/Src/stm32h7xx_hal_rcc_ex.c ****         /* External low speed OSC clock is used as source of LPTIM3/4/5 clock */
1242:Drivers/STM32H7xx_HAL_Driver/Src/stm32h7xx_hal_rcc_ex.c ****         /* LPTIM3/4/5 clock source configuration done later after clock selection check */
1243:Drivers/STM32H7xx_HAL_Driver/Src/stm32h7xx_hal_rcc_ex.c ****         break;
1244:Drivers/STM32H7xx_HAL_Driver/Src/stm32h7xx_hal_rcc_ex.c **** 
1245:Drivers/STM32H7xx_HAL_Driver/Src/stm32h7xx_hal_rcc_ex.c ****       case RCC_LPTIM345CLKSOURCE_LSI:
1246:Drivers/STM32H7xx_HAL_Driver/Src/stm32h7xx_hal_rcc_ex.c ****         /* Internal  low speed OSC clock is used  as source of LPTIM3/4/5 clock */
1247:Drivers/STM32H7xx_HAL_Driver/Src/stm32h7xx_hal_rcc_ex.c ****         /* LPTIM3/4/5 clock source configuration done later after clock selection check */
1248:Drivers/STM32H7xx_HAL_Driver/Src/stm32h7xx_hal_rcc_ex.c ****         break;
1249:Drivers/STM32H7xx_HAL_Driver/Src/stm32h7xx_hal_rcc_ex.c ****       case RCC_LPTIM345CLKSOURCE_CLKP:
1250:Drivers/STM32H7xx_HAL_Driver/Src/stm32h7xx_hal_rcc_ex.c ****         /* HSI, HSE, or CSI oscillator is used as source of LPTIM3/4/5 clock */
1251:Drivers/STM32H7xx_HAL_Driver/Src/stm32h7xx_hal_rcc_ex.c ****         /* LPTIM3/4/5 clock source configuration done later after clock selection check */
1252:Drivers/STM32H7xx_HAL_Driver/Src/stm32h7xx_hal_rcc_ex.c ****         break;
1253:Drivers/STM32H7xx_HAL_Driver/Src/stm32h7xx_hal_rcc_ex.c **** 
1254:Drivers/STM32H7xx_HAL_Driver/Src/stm32h7xx_hal_rcc_ex.c ****       default:
1255:Drivers/STM32H7xx_HAL_Driver/Src/stm32h7xx_hal_rcc_ex.c ****         ret = HAL_ERROR;
1256:Drivers/STM32H7xx_HAL_Driver/Src/stm32h7xx_hal_rcc_ex.c ****         break;
1257:Drivers/STM32H7xx_HAL_Driver/Src/stm32h7xx_hal_rcc_ex.c ****     }
1258:Drivers/STM32H7xx_HAL_Driver/Src/stm32h7xx_hal_rcc_ex.c **** 
1259:Drivers/STM32H7xx_HAL_Driver/Src/stm32h7xx_hal_rcc_ex.c ****     if (ret == HAL_OK)
1260:Drivers/STM32H7xx_HAL_Driver/Src/stm32h7xx_hal_rcc_ex.c ****     {
1261:Drivers/STM32H7xx_HAL_Driver/Src/stm32h7xx_hal_rcc_ex.c ****       /* Set the source of LPTIM3/4/5 clock */
1262:Drivers/STM32H7xx_HAL_Driver/Src/stm32h7xx_hal_rcc_ex.c ****       __HAL_RCC_LPTIM345_CONFIG(PeriphClkInit->Lptim345ClockSelection);
1263:Drivers/STM32H7xx_HAL_Driver/Src/stm32h7xx_hal_rcc_ex.c ****     }
1264:Drivers/STM32H7xx_HAL_Driver/Src/stm32h7xx_hal_rcc_ex.c ****     else
1265:Drivers/STM32H7xx_HAL_Driver/Src/stm32h7xx_hal_rcc_ex.c ****     {
1266:Drivers/STM32H7xx_HAL_Driver/Src/stm32h7xx_hal_rcc_ex.c ****       /* set overall return value */
1267:Drivers/STM32H7xx_HAL_Driver/Src/stm32h7xx_hal_rcc_ex.c ****       status = ret;
1268:Drivers/STM32H7xx_HAL_Driver/Src/stm32h7xx_hal_rcc_ex.c ****     }
1269:Drivers/STM32H7xx_HAL_Driver/Src/stm32h7xx_hal_rcc_ex.c ****   }
1270:Drivers/STM32H7xx_HAL_Driver/Src/stm32h7xx_hal_rcc_ex.c **** 
1271:Drivers/STM32H7xx_HAL_Driver/Src/stm32h7xx_hal_rcc_ex.c ****   /*------------------------------ I2C1/2/3/5* Configuration ------------------------*/
1272:Drivers/STM32H7xx_HAL_Driver/Src/stm32h7xx_hal_rcc_ex.c **** #if defined(I2C5)
1273:Drivers/STM32H7xx_HAL_Driver/Src/stm32h7xx_hal_rcc_ex.c ****   if (((PeriphClkInit->PeriphClockSelection) & RCC_PERIPHCLK_I2C1235) == RCC_PERIPHCLK_I2C1235)
1274:Drivers/STM32H7xx_HAL_Driver/Src/stm32h7xx_hal_rcc_ex.c ****   {
1275:Drivers/STM32H7xx_HAL_Driver/Src/stm32h7xx_hal_rcc_ex.c ****     /* Check the parameters */
1276:Drivers/STM32H7xx_HAL_Driver/Src/stm32h7xx_hal_rcc_ex.c ****     assert_param(IS_RCC_I2C1235CLKSOURCE(PeriphClkInit->I2c1235ClockSelection));
1277:Drivers/STM32H7xx_HAL_Driver/Src/stm32h7xx_hal_rcc_ex.c **** 
1278:Drivers/STM32H7xx_HAL_Driver/Src/stm32h7xx_hal_rcc_ex.c ****     if ((PeriphClkInit->I2c1235ClockSelection) == RCC_I2C1235CLKSOURCE_PLL3)
1279:Drivers/STM32H7xx_HAL_Driver/Src/stm32h7xx_hal_rcc_ex.c ****     {
1280:Drivers/STM32H7xx_HAL_Driver/Src/stm32h7xx_hal_rcc_ex.c ****       if (RCCEx_PLL3_Config(&(PeriphClkInit->PLL3), DIVIDER_R_UPDATE) != HAL_OK)
1281:Drivers/STM32H7xx_HAL_Driver/Src/stm32h7xx_hal_rcc_ex.c ****       {
1282:Drivers/STM32H7xx_HAL_Driver/Src/stm32h7xx_hal_rcc_ex.c ****         status = HAL_ERROR;
1283:Drivers/STM32H7xx_HAL_Driver/Src/stm32h7xx_hal_rcc_ex.c ****       }
1284:Drivers/STM32H7xx_HAL_Driver/Src/stm32h7xx_hal_rcc_ex.c ****     }
1285:Drivers/STM32H7xx_HAL_Driver/Src/stm32h7xx_hal_rcc_ex.c **** 
ARM GAS  C:\Users\jason\AppData\Local\Temp\ccSG31kR.s 			page 24


1286:Drivers/STM32H7xx_HAL_Driver/Src/stm32h7xx_hal_rcc_ex.c ****     __HAL_RCC_I2C1235_CONFIG(PeriphClkInit->I2c1235ClockSelection);
1287:Drivers/STM32H7xx_HAL_Driver/Src/stm32h7xx_hal_rcc_ex.c **** 
1288:Drivers/STM32H7xx_HAL_Driver/Src/stm32h7xx_hal_rcc_ex.c ****   }
1289:Drivers/STM32H7xx_HAL_Driver/Src/stm32h7xx_hal_rcc_ex.c **** #else
1290:Drivers/STM32H7xx_HAL_Driver/Src/stm32h7xx_hal_rcc_ex.c ****   if (((PeriphClkInit->PeriphClockSelection) & RCC_PERIPHCLK_I2C123) == RCC_PERIPHCLK_I2C123)
1291:Drivers/STM32H7xx_HAL_Driver/Src/stm32h7xx_hal_rcc_ex.c ****   {
1292:Drivers/STM32H7xx_HAL_Driver/Src/stm32h7xx_hal_rcc_ex.c ****     /* Check the parameters */
1293:Drivers/STM32H7xx_HAL_Driver/Src/stm32h7xx_hal_rcc_ex.c ****     assert_param(IS_RCC_I2C123CLKSOURCE(PeriphClkInit->I2c123ClockSelection));
1294:Drivers/STM32H7xx_HAL_Driver/Src/stm32h7xx_hal_rcc_ex.c **** 
1295:Drivers/STM32H7xx_HAL_Driver/Src/stm32h7xx_hal_rcc_ex.c ****     if ((PeriphClkInit->I2c123ClockSelection) == RCC_I2C123CLKSOURCE_PLL3)
1296:Drivers/STM32H7xx_HAL_Driver/Src/stm32h7xx_hal_rcc_ex.c ****     {
1297:Drivers/STM32H7xx_HAL_Driver/Src/stm32h7xx_hal_rcc_ex.c ****       if (RCCEx_PLL3_Config(&(PeriphClkInit->PLL3), DIVIDER_R_UPDATE) != HAL_OK)
1298:Drivers/STM32H7xx_HAL_Driver/Src/stm32h7xx_hal_rcc_ex.c ****       {
1299:Drivers/STM32H7xx_HAL_Driver/Src/stm32h7xx_hal_rcc_ex.c ****         status = HAL_ERROR;
1300:Drivers/STM32H7xx_HAL_Driver/Src/stm32h7xx_hal_rcc_ex.c ****       }
1301:Drivers/STM32H7xx_HAL_Driver/Src/stm32h7xx_hal_rcc_ex.c ****     }
1302:Drivers/STM32H7xx_HAL_Driver/Src/stm32h7xx_hal_rcc_ex.c **** 
1303:Drivers/STM32H7xx_HAL_Driver/Src/stm32h7xx_hal_rcc_ex.c ****     __HAL_RCC_I2C123_CONFIG(PeriphClkInit->I2c123ClockSelection);
1304:Drivers/STM32H7xx_HAL_Driver/Src/stm32h7xx_hal_rcc_ex.c **** 
1305:Drivers/STM32H7xx_HAL_Driver/Src/stm32h7xx_hal_rcc_ex.c ****   }
1306:Drivers/STM32H7xx_HAL_Driver/Src/stm32h7xx_hal_rcc_ex.c **** #endif /* I2C5 */
1307:Drivers/STM32H7xx_HAL_Driver/Src/stm32h7xx_hal_rcc_ex.c **** 
1308:Drivers/STM32H7xx_HAL_Driver/Src/stm32h7xx_hal_rcc_ex.c ****   /*------------------------------ I2C4 Configuration ------------------------*/
1309:Drivers/STM32H7xx_HAL_Driver/Src/stm32h7xx_hal_rcc_ex.c ****   if (((PeriphClkInit->PeriphClockSelection) & RCC_PERIPHCLK_I2C4) == RCC_PERIPHCLK_I2C4)
1310:Drivers/STM32H7xx_HAL_Driver/Src/stm32h7xx_hal_rcc_ex.c ****   {
1311:Drivers/STM32H7xx_HAL_Driver/Src/stm32h7xx_hal_rcc_ex.c ****     /* Check the parameters */
1312:Drivers/STM32H7xx_HAL_Driver/Src/stm32h7xx_hal_rcc_ex.c ****     assert_param(IS_RCC_I2C4CLKSOURCE(PeriphClkInit->I2c4ClockSelection));
1313:Drivers/STM32H7xx_HAL_Driver/Src/stm32h7xx_hal_rcc_ex.c **** 
1314:Drivers/STM32H7xx_HAL_Driver/Src/stm32h7xx_hal_rcc_ex.c ****     if ((PeriphClkInit->I2c4ClockSelection) == RCC_I2C4CLKSOURCE_PLL3)
1315:Drivers/STM32H7xx_HAL_Driver/Src/stm32h7xx_hal_rcc_ex.c ****     {
1316:Drivers/STM32H7xx_HAL_Driver/Src/stm32h7xx_hal_rcc_ex.c ****       if (RCCEx_PLL3_Config(&(PeriphClkInit->PLL3), DIVIDER_R_UPDATE) != HAL_OK)
1317:Drivers/STM32H7xx_HAL_Driver/Src/stm32h7xx_hal_rcc_ex.c ****       {
1318:Drivers/STM32H7xx_HAL_Driver/Src/stm32h7xx_hal_rcc_ex.c ****         status = HAL_ERROR;
1319:Drivers/STM32H7xx_HAL_Driver/Src/stm32h7xx_hal_rcc_ex.c ****       }
1320:Drivers/STM32H7xx_HAL_Driver/Src/stm32h7xx_hal_rcc_ex.c ****     }
1321:Drivers/STM32H7xx_HAL_Driver/Src/stm32h7xx_hal_rcc_ex.c **** 
1322:Drivers/STM32H7xx_HAL_Driver/Src/stm32h7xx_hal_rcc_ex.c ****     __HAL_RCC_I2C4_CONFIG(PeriphClkInit->I2c4ClockSelection);
1323:Drivers/STM32H7xx_HAL_Driver/Src/stm32h7xx_hal_rcc_ex.c **** 
1324:Drivers/STM32H7xx_HAL_Driver/Src/stm32h7xx_hal_rcc_ex.c ****   }
1325:Drivers/STM32H7xx_HAL_Driver/Src/stm32h7xx_hal_rcc_ex.c **** 
1326:Drivers/STM32H7xx_HAL_Driver/Src/stm32h7xx_hal_rcc_ex.c ****   /*---------------------------- ADC configuration -------------------------------*/
1327:Drivers/STM32H7xx_HAL_Driver/Src/stm32h7xx_hal_rcc_ex.c ****   if (((PeriphClkInit->PeriphClockSelection) & RCC_PERIPHCLK_ADC) == RCC_PERIPHCLK_ADC)
1328:Drivers/STM32H7xx_HAL_Driver/Src/stm32h7xx_hal_rcc_ex.c ****   {
1329:Drivers/STM32H7xx_HAL_Driver/Src/stm32h7xx_hal_rcc_ex.c ****     switch (PeriphClkInit->AdcClockSelection)
1330:Drivers/STM32H7xx_HAL_Driver/Src/stm32h7xx_hal_rcc_ex.c ****     {
1331:Drivers/STM32H7xx_HAL_Driver/Src/stm32h7xx_hal_rcc_ex.c **** 
1332:Drivers/STM32H7xx_HAL_Driver/Src/stm32h7xx_hal_rcc_ex.c ****       case RCC_ADCCLKSOURCE_PLL2: /* PLL2 is used as clock source for ADC*/
1333:Drivers/STM32H7xx_HAL_Driver/Src/stm32h7xx_hal_rcc_ex.c **** 
1334:Drivers/STM32H7xx_HAL_Driver/Src/stm32h7xx_hal_rcc_ex.c ****         ret = RCCEx_PLL2_Config(&(PeriphClkInit->PLL2), DIVIDER_P_UPDATE);
1335:Drivers/STM32H7xx_HAL_Driver/Src/stm32h7xx_hal_rcc_ex.c **** 
1336:Drivers/STM32H7xx_HAL_Driver/Src/stm32h7xx_hal_rcc_ex.c ****         /* ADC clock source configuration done later after clock selection check */
1337:Drivers/STM32H7xx_HAL_Driver/Src/stm32h7xx_hal_rcc_ex.c ****         break;
1338:Drivers/STM32H7xx_HAL_Driver/Src/stm32h7xx_hal_rcc_ex.c **** 
1339:Drivers/STM32H7xx_HAL_Driver/Src/stm32h7xx_hal_rcc_ex.c ****       case RCC_ADCCLKSOURCE_PLL3:  /* PLL3 is used as clock source for ADC*/
1340:Drivers/STM32H7xx_HAL_Driver/Src/stm32h7xx_hal_rcc_ex.c ****         ret = RCCEx_PLL3_Config(&(PeriphClkInit->PLL3), DIVIDER_R_UPDATE);
1341:Drivers/STM32H7xx_HAL_Driver/Src/stm32h7xx_hal_rcc_ex.c **** 
1342:Drivers/STM32H7xx_HAL_Driver/Src/stm32h7xx_hal_rcc_ex.c ****         /* ADC clock source configuration done later after clock selection check */
ARM GAS  C:\Users\jason\AppData\Local\Temp\ccSG31kR.s 			page 25


1343:Drivers/STM32H7xx_HAL_Driver/Src/stm32h7xx_hal_rcc_ex.c ****         break;
1344:Drivers/STM32H7xx_HAL_Driver/Src/stm32h7xx_hal_rcc_ex.c **** 
1345:Drivers/STM32H7xx_HAL_Driver/Src/stm32h7xx_hal_rcc_ex.c ****       case RCC_ADCCLKSOURCE_CLKP:
1346:Drivers/STM32H7xx_HAL_Driver/Src/stm32h7xx_hal_rcc_ex.c ****         /* HSI, HSE, or CSI oscillator is used as source of ADC clock */
1347:Drivers/STM32H7xx_HAL_Driver/Src/stm32h7xx_hal_rcc_ex.c ****         /* ADC clock source configuration done later after clock selection check */
1348:Drivers/STM32H7xx_HAL_Driver/Src/stm32h7xx_hal_rcc_ex.c ****         break;
1349:Drivers/STM32H7xx_HAL_Driver/Src/stm32h7xx_hal_rcc_ex.c **** 
1350:Drivers/STM32H7xx_HAL_Driver/Src/stm32h7xx_hal_rcc_ex.c ****       default:
1351:Drivers/STM32H7xx_HAL_Driver/Src/stm32h7xx_hal_rcc_ex.c ****         ret = HAL_ERROR;
1352:Drivers/STM32H7xx_HAL_Driver/Src/stm32h7xx_hal_rcc_ex.c ****         break;
1353:Drivers/STM32H7xx_HAL_Driver/Src/stm32h7xx_hal_rcc_ex.c ****     }
1354:Drivers/STM32H7xx_HAL_Driver/Src/stm32h7xx_hal_rcc_ex.c **** 
1355:Drivers/STM32H7xx_HAL_Driver/Src/stm32h7xx_hal_rcc_ex.c ****     if (ret == HAL_OK)
1356:Drivers/STM32H7xx_HAL_Driver/Src/stm32h7xx_hal_rcc_ex.c ****     {
1357:Drivers/STM32H7xx_HAL_Driver/Src/stm32h7xx_hal_rcc_ex.c ****       /* Set the source of ADC clock*/
1358:Drivers/STM32H7xx_HAL_Driver/Src/stm32h7xx_hal_rcc_ex.c ****       __HAL_RCC_ADC_CONFIG(PeriphClkInit->AdcClockSelection);
1359:Drivers/STM32H7xx_HAL_Driver/Src/stm32h7xx_hal_rcc_ex.c ****     }
1360:Drivers/STM32H7xx_HAL_Driver/Src/stm32h7xx_hal_rcc_ex.c ****     else
1361:Drivers/STM32H7xx_HAL_Driver/Src/stm32h7xx_hal_rcc_ex.c ****     {
1362:Drivers/STM32H7xx_HAL_Driver/Src/stm32h7xx_hal_rcc_ex.c ****       /* set overall return value */
1363:Drivers/STM32H7xx_HAL_Driver/Src/stm32h7xx_hal_rcc_ex.c ****       status = ret;
1364:Drivers/STM32H7xx_HAL_Driver/Src/stm32h7xx_hal_rcc_ex.c ****     }
1365:Drivers/STM32H7xx_HAL_Driver/Src/stm32h7xx_hal_rcc_ex.c ****   }
1366:Drivers/STM32H7xx_HAL_Driver/Src/stm32h7xx_hal_rcc_ex.c **** 
1367:Drivers/STM32H7xx_HAL_Driver/Src/stm32h7xx_hal_rcc_ex.c ****   /*------------------------------ USB Configuration -------------------------*/
1368:Drivers/STM32H7xx_HAL_Driver/Src/stm32h7xx_hal_rcc_ex.c ****   if (((PeriphClkInit->PeriphClockSelection) & RCC_PERIPHCLK_USB) == RCC_PERIPHCLK_USB)
1369:Drivers/STM32H7xx_HAL_Driver/Src/stm32h7xx_hal_rcc_ex.c ****   {
1370:Drivers/STM32H7xx_HAL_Driver/Src/stm32h7xx_hal_rcc_ex.c **** 
1371:Drivers/STM32H7xx_HAL_Driver/Src/stm32h7xx_hal_rcc_ex.c ****     switch (PeriphClkInit->UsbClockSelection)
1372:Drivers/STM32H7xx_HAL_Driver/Src/stm32h7xx_hal_rcc_ex.c ****     {
1373:Drivers/STM32H7xx_HAL_Driver/Src/stm32h7xx_hal_rcc_ex.c ****       case RCC_USBCLKSOURCE_PLL:      /* PLL is used as clock source for USB*/
1374:Drivers/STM32H7xx_HAL_Driver/Src/stm32h7xx_hal_rcc_ex.c ****         /* Enable USB Clock output generated form System USB . */
1375:Drivers/STM32H7xx_HAL_Driver/Src/stm32h7xx_hal_rcc_ex.c ****         __HAL_RCC_PLLCLKOUT_ENABLE(RCC_PLL1_DIVQ);
1376:Drivers/STM32H7xx_HAL_Driver/Src/stm32h7xx_hal_rcc_ex.c **** 
1377:Drivers/STM32H7xx_HAL_Driver/Src/stm32h7xx_hal_rcc_ex.c ****         /* USB clock source configuration done later after clock selection check */
1378:Drivers/STM32H7xx_HAL_Driver/Src/stm32h7xx_hal_rcc_ex.c ****         break;
1379:Drivers/STM32H7xx_HAL_Driver/Src/stm32h7xx_hal_rcc_ex.c **** 
1380:Drivers/STM32H7xx_HAL_Driver/Src/stm32h7xx_hal_rcc_ex.c ****       case RCC_USBCLKSOURCE_PLL3: /* PLL3 is used as clock source for USB*/
1381:Drivers/STM32H7xx_HAL_Driver/Src/stm32h7xx_hal_rcc_ex.c **** 
1382:Drivers/STM32H7xx_HAL_Driver/Src/stm32h7xx_hal_rcc_ex.c ****         ret = RCCEx_PLL3_Config(&(PeriphClkInit->PLL3), DIVIDER_Q_UPDATE);
1383:Drivers/STM32H7xx_HAL_Driver/Src/stm32h7xx_hal_rcc_ex.c **** 
1384:Drivers/STM32H7xx_HAL_Driver/Src/stm32h7xx_hal_rcc_ex.c ****         /* USB clock source configuration done later after clock selection check */
1385:Drivers/STM32H7xx_HAL_Driver/Src/stm32h7xx_hal_rcc_ex.c ****         break;
1386:Drivers/STM32H7xx_HAL_Driver/Src/stm32h7xx_hal_rcc_ex.c **** 
1387:Drivers/STM32H7xx_HAL_Driver/Src/stm32h7xx_hal_rcc_ex.c ****       case RCC_USBCLKSOURCE_HSI48:
1388:Drivers/STM32H7xx_HAL_Driver/Src/stm32h7xx_hal_rcc_ex.c ****         /* HSI48 oscillator is used as source of USB clock */
1389:Drivers/STM32H7xx_HAL_Driver/Src/stm32h7xx_hal_rcc_ex.c ****         /* USB clock source configuration done later after clock selection check */
1390:Drivers/STM32H7xx_HAL_Driver/Src/stm32h7xx_hal_rcc_ex.c ****         break;
1391:Drivers/STM32H7xx_HAL_Driver/Src/stm32h7xx_hal_rcc_ex.c **** 
1392:Drivers/STM32H7xx_HAL_Driver/Src/stm32h7xx_hal_rcc_ex.c ****       default:
1393:Drivers/STM32H7xx_HAL_Driver/Src/stm32h7xx_hal_rcc_ex.c ****         ret = HAL_ERROR;
1394:Drivers/STM32H7xx_HAL_Driver/Src/stm32h7xx_hal_rcc_ex.c ****         break;
1395:Drivers/STM32H7xx_HAL_Driver/Src/stm32h7xx_hal_rcc_ex.c ****     }
1396:Drivers/STM32H7xx_HAL_Driver/Src/stm32h7xx_hal_rcc_ex.c **** 
1397:Drivers/STM32H7xx_HAL_Driver/Src/stm32h7xx_hal_rcc_ex.c ****     if (ret == HAL_OK)
1398:Drivers/STM32H7xx_HAL_Driver/Src/stm32h7xx_hal_rcc_ex.c ****     {
1399:Drivers/STM32H7xx_HAL_Driver/Src/stm32h7xx_hal_rcc_ex.c ****       /* Set the source of USB clock*/
ARM GAS  C:\Users\jason\AppData\Local\Temp\ccSG31kR.s 			page 26


1400:Drivers/STM32H7xx_HAL_Driver/Src/stm32h7xx_hal_rcc_ex.c ****       __HAL_RCC_USB_CONFIG(PeriphClkInit->UsbClockSelection);
1401:Drivers/STM32H7xx_HAL_Driver/Src/stm32h7xx_hal_rcc_ex.c ****     }
1402:Drivers/STM32H7xx_HAL_Driver/Src/stm32h7xx_hal_rcc_ex.c ****     else
1403:Drivers/STM32H7xx_HAL_Driver/Src/stm32h7xx_hal_rcc_ex.c ****     {
1404:Drivers/STM32H7xx_HAL_Driver/Src/stm32h7xx_hal_rcc_ex.c ****       /* set overall return value */
1405:Drivers/STM32H7xx_HAL_Driver/Src/stm32h7xx_hal_rcc_ex.c ****       status = ret;
1406:Drivers/STM32H7xx_HAL_Driver/Src/stm32h7xx_hal_rcc_ex.c ****     }
1407:Drivers/STM32H7xx_HAL_Driver/Src/stm32h7xx_hal_rcc_ex.c **** 
1408:Drivers/STM32H7xx_HAL_Driver/Src/stm32h7xx_hal_rcc_ex.c ****   }
1409:Drivers/STM32H7xx_HAL_Driver/Src/stm32h7xx_hal_rcc_ex.c **** 
1410:Drivers/STM32H7xx_HAL_Driver/Src/stm32h7xx_hal_rcc_ex.c ****   /*------------------------------------- SDMMC Configuration ------------------------------------*
1411:Drivers/STM32H7xx_HAL_Driver/Src/stm32h7xx_hal_rcc_ex.c ****   if (((PeriphClkInit->PeriphClockSelection) & RCC_PERIPHCLK_SDMMC) == RCC_PERIPHCLK_SDMMC)
1412:Drivers/STM32H7xx_HAL_Driver/Src/stm32h7xx_hal_rcc_ex.c ****   {
1413:Drivers/STM32H7xx_HAL_Driver/Src/stm32h7xx_hal_rcc_ex.c ****     /* Check the parameters */
1414:Drivers/STM32H7xx_HAL_Driver/Src/stm32h7xx_hal_rcc_ex.c ****     assert_param(IS_RCC_SDMMC(PeriphClkInit->SdmmcClockSelection));
1415:Drivers/STM32H7xx_HAL_Driver/Src/stm32h7xx_hal_rcc_ex.c **** 
1416:Drivers/STM32H7xx_HAL_Driver/Src/stm32h7xx_hal_rcc_ex.c ****     switch (PeriphClkInit->SdmmcClockSelection)
1417:Drivers/STM32H7xx_HAL_Driver/Src/stm32h7xx_hal_rcc_ex.c ****     {
1418:Drivers/STM32H7xx_HAL_Driver/Src/stm32h7xx_hal_rcc_ex.c ****       case RCC_SDMMCCLKSOURCE_PLL:      /* PLL is used as clock source for SDMMC*/
1419:Drivers/STM32H7xx_HAL_Driver/Src/stm32h7xx_hal_rcc_ex.c ****         /* Enable SDMMC Clock output generated form System PLL . */
1420:Drivers/STM32H7xx_HAL_Driver/Src/stm32h7xx_hal_rcc_ex.c ****         __HAL_RCC_PLLCLKOUT_ENABLE(RCC_PLL1_DIVQ);
1421:Drivers/STM32H7xx_HAL_Driver/Src/stm32h7xx_hal_rcc_ex.c **** 
1422:Drivers/STM32H7xx_HAL_Driver/Src/stm32h7xx_hal_rcc_ex.c ****         /* SDMMC clock source configuration done later after clock selection check */
1423:Drivers/STM32H7xx_HAL_Driver/Src/stm32h7xx_hal_rcc_ex.c ****         break;
1424:Drivers/STM32H7xx_HAL_Driver/Src/stm32h7xx_hal_rcc_ex.c **** 
1425:Drivers/STM32H7xx_HAL_Driver/Src/stm32h7xx_hal_rcc_ex.c ****       case RCC_SDMMCCLKSOURCE_PLL2: /* PLL2 is used as clock source for SDMMC*/
1426:Drivers/STM32H7xx_HAL_Driver/Src/stm32h7xx_hal_rcc_ex.c **** 
1427:Drivers/STM32H7xx_HAL_Driver/Src/stm32h7xx_hal_rcc_ex.c ****         ret = RCCEx_PLL2_Config(&(PeriphClkInit->PLL2), DIVIDER_R_UPDATE);
1428:Drivers/STM32H7xx_HAL_Driver/Src/stm32h7xx_hal_rcc_ex.c **** 
1429:Drivers/STM32H7xx_HAL_Driver/Src/stm32h7xx_hal_rcc_ex.c ****         /* SDMMC clock source configuration done later after clock selection check */
1430:Drivers/STM32H7xx_HAL_Driver/Src/stm32h7xx_hal_rcc_ex.c ****         break;
1431:Drivers/STM32H7xx_HAL_Driver/Src/stm32h7xx_hal_rcc_ex.c **** 
1432:Drivers/STM32H7xx_HAL_Driver/Src/stm32h7xx_hal_rcc_ex.c ****       default:
1433:Drivers/STM32H7xx_HAL_Driver/Src/stm32h7xx_hal_rcc_ex.c ****         ret = HAL_ERROR;
1434:Drivers/STM32H7xx_HAL_Driver/Src/stm32h7xx_hal_rcc_ex.c ****         break;
1435:Drivers/STM32H7xx_HAL_Driver/Src/stm32h7xx_hal_rcc_ex.c ****     }
1436:Drivers/STM32H7xx_HAL_Driver/Src/stm32h7xx_hal_rcc_ex.c **** 
1437:Drivers/STM32H7xx_HAL_Driver/Src/stm32h7xx_hal_rcc_ex.c ****     if (ret == HAL_OK)
1438:Drivers/STM32H7xx_HAL_Driver/Src/stm32h7xx_hal_rcc_ex.c ****     {
1439:Drivers/STM32H7xx_HAL_Driver/Src/stm32h7xx_hal_rcc_ex.c ****       /* Set the source of SDMMC clock*/
1440:Drivers/STM32H7xx_HAL_Driver/Src/stm32h7xx_hal_rcc_ex.c ****       __HAL_RCC_SDMMC_CONFIG(PeriphClkInit->SdmmcClockSelection);
1441:Drivers/STM32H7xx_HAL_Driver/Src/stm32h7xx_hal_rcc_ex.c ****     }
1442:Drivers/STM32H7xx_HAL_Driver/Src/stm32h7xx_hal_rcc_ex.c ****     else
1443:Drivers/STM32H7xx_HAL_Driver/Src/stm32h7xx_hal_rcc_ex.c ****     {
1444:Drivers/STM32H7xx_HAL_Driver/Src/stm32h7xx_hal_rcc_ex.c ****       /* set overall return value */
1445:Drivers/STM32H7xx_HAL_Driver/Src/stm32h7xx_hal_rcc_ex.c ****       status = ret;
1446:Drivers/STM32H7xx_HAL_Driver/Src/stm32h7xx_hal_rcc_ex.c ****     }
1447:Drivers/STM32H7xx_HAL_Driver/Src/stm32h7xx_hal_rcc_ex.c ****   }
1448:Drivers/STM32H7xx_HAL_Driver/Src/stm32h7xx_hal_rcc_ex.c **** 
1449:Drivers/STM32H7xx_HAL_Driver/Src/stm32h7xx_hal_rcc_ex.c **** #if defined(LTDC)
1450:Drivers/STM32H7xx_HAL_Driver/Src/stm32h7xx_hal_rcc_ex.c ****   /*-------------------------------------- LTDC Configuration -----------------------------------*/
1451:Drivers/STM32H7xx_HAL_Driver/Src/stm32h7xx_hal_rcc_ex.c ****   if (((PeriphClkInit->PeriphClockSelection) & RCC_PERIPHCLK_LTDC) == RCC_PERIPHCLK_LTDC)
1452:Drivers/STM32H7xx_HAL_Driver/Src/stm32h7xx_hal_rcc_ex.c ****   {
1453:Drivers/STM32H7xx_HAL_Driver/Src/stm32h7xx_hal_rcc_ex.c ****     if (RCCEx_PLL3_Config(&(PeriphClkInit->PLL3), DIVIDER_R_UPDATE) != HAL_OK)
1454:Drivers/STM32H7xx_HAL_Driver/Src/stm32h7xx_hal_rcc_ex.c ****     {
1455:Drivers/STM32H7xx_HAL_Driver/Src/stm32h7xx_hal_rcc_ex.c ****       status = HAL_ERROR;
1456:Drivers/STM32H7xx_HAL_Driver/Src/stm32h7xx_hal_rcc_ex.c ****     }
ARM GAS  C:\Users\jason\AppData\Local\Temp\ccSG31kR.s 			page 27


1457:Drivers/STM32H7xx_HAL_Driver/Src/stm32h7xx_hal_rcc_ex.c ****   }
1458:Drivers/STM32H7xx_HAL_Driver/Src/stm32h7xx_hal_rcc_ex.c **** #endif /* LTDC */
1459:Drivers/STM32H7xx_HAL_Driver/Src/stm32h7xx_hal_rcc_ex.c **** 
1460:Drivers/STM32H7xx_HAL_Driver/Src/stm32h7xx_hal_rcc_ex.c ****   /*------------------------------ RNG Configuration -------------------------*/
1461:Drivers/STM32H7xx_HAL_Driver/Src/stm32h7xx_hal_rcc_ex.c ****   if (((PeriphClkInit->PeriphClockSelection) & RCC_PERIPHCLK_RNG) == RCC_PERIPHCLK_RNG)
1462:Drivers/STM32H7xx_HAL_Driver/Src/stm32h7xx_hal_rcc_ex.c ****   {
1463:Drivers/STM32H7xx_HAL_Driver/Src/stm32h7xx_hal_rcc_ex.c **** 
1464:Drivers/STM32H7xx_HAL_Driver/Src/stm32h7xx_hal_rcc_ex.c ****     switch (PeriphClkInit->RngClockSelection)
1465:Drivers/STM32H7xx_HAL_Driver/Src/stm32h7xx_hal_rcc_ex.c ****     {
1466:Drivers/STM32H7xx_HAL_Driver/Src/stm32h7xx_hal_rcc_ex.c ****       case RCC_RNGCLKSOURCE_PLL:     /* PLL is used as clock source for RNG*/
1467:Drivers/STM32H7xx_HAL_Driver/Src/stm32h7xx_hal_rcc_ex.c ****         /* Enable RNG Clock output generated form System RNG . */
1468:Drivers/STM32H7xx_HAL_Driver/Src/stm32h7xx_hal_rcc_ex.c ****         __HAL_RCC_PLLCLKOUT_ENABLE(RCC_PLL1_DIVQ);
1469:Drivers/STM32H7xx_HAL_Driver/Src/stm32h7xx_hal_rcc_ex.c **** 
1470:Drivers/STM32H7xx_HAL_Driver/Src/stm32h7xx_hal_rcc_ex.c ****         /* RNG clock source configuration done later after clock selection check */
1471:Drivers/STM32H7xx_HAL_Driver/Src/stm32h7xx_hal_rcc_ex.c ****         break;
1472:Drivers/STM32H7xx_HAL_Driver/Src/stm32h7xx_hal_rcc_ex.c **** 
1473:Drivers/STM32H7xx_HAL_Driver/Src/stm32h7xx_hal_rcc_ex.c ****       case RCC_RNGCLKSOURCE_LSE: /* LSE is used as clock source for RNG*/
1474:Drivers/STM32H7xx_HAL_Driver/Src/stm32h7xx_hal_rcc_ex.c **** 
1475:Drivers/STM32H7xx_HAL_Driver/Src/stm32h7xx_hal_rcc_ex.c ****         /* RNG clock source configuration done later after clock selection check */
1476:Drivers/STM32H7xx_HAL_Driver/Src/stm32h7xx_hal_rcc_ex.c ****         break;
1477:Drivers/STM32H7xx_HAL_Driver/Src/stm32h7xx_hal_rcc_ex.c **** 
1478:Drivers/STM32H7xx_HAL_Driver/Src/stm32h7xx_hal_rcc_ex.c ****       case RCC_RNGCLKSOURCE_LSI: /* LSI is used as clock source for RNG*/
1479:Drivers/STM32H7xx_HAL_Driver/Src/stm32h7xx_hal_rcc_ex.c **** 
1480:Drivers/STM32H7xx_HAL_Driver/Src/stm32h7xx_hal_rcc_ex.c ****         /* RNG clock source configuration done later after clock selection check */
1481:Drivers/STM32H7xx_HAL_Driver/Src/stm32h7xx_hal_rcc_ex.c ****         break;
1482:Drivers/STM32H7xx_HAL_Driver/Src/stm32h7xx_hal_rcc_ex.c ****       case RCC_RNGCLKSOURCE_HSI48:
1483:Drivers/STM32H7xx_HAL_Driver/Src/stm32h7xx_hal_rcc_ex.c ****         /* HSI48 oscillator is used as source of RNG clock */
1484:Drivers/STM32H7xx_HAL_Driver/Src/stm32h7xx_hal_rcc_ex.c ****         /* RNG clock source configuration done later after clock selection check */
1485:Drivers/STM32H7xx_HAL_Driver/Src/stm32h7xx_hal_rcc_ex.c ****         break;
1486:Drivers/STM32H7xx_HAL_Driver/Src/stm32h7xx_hal_rcc_ex.c **** 
1487:Drivers/STM32H7xx_HAL_Driver/Src/stm32h7xx_hal_rcc_ex.c ****       default:
1488:Drivers/STM32H7xx_HAL_Driver/Src/stm32h7xx_hal_rcc_ex.c ****         ret = HAL_ERROR;
1489:Drivers/STM32H7xx_HAL_Driver/Src/stm32h7xx_hal_rcc_ex.c ****         break;
1490:Drivers/STM32H7xx_HAL_Driver/Src/stm32h7xx_hal_rcc_ex.c ****     }
1491:Drivers/STM32H7xx_HAL_Driver/Src/stm32h7xx_hal_rcc_ex.c **** 
1492:Drivers/STM32H7xx_HAL_Driver/Src/stm32h7xx_hal_rcc_ex.c ****     if (ret == HAL_OK)
1493:Drivers/STM32H7xx_HAL_Driver/Src/stm32h7xx_hal_rcc_ex.c ****     {
1494:Drivers/STM32H7xx_HAL_Driver/Src/stm32h7xx_hal_rcc_ex.c ****       /* Set the source of RNG clock*/
1495:Drivers/STM32H7xx_HAL_Driver/Src/stm32h7xx_hal_rcc_ex.c ****       __HAL_RCC_RNG_CONFIG(PeriphClkInit->RngClockSelection);
1496:Drivers/STM32H7xx_HAL_Driver/Src/stm32h7xx_hal_rcc_ex.c ****     }
1497:Drivers/STM32H7xx_HAL_Driver/Src/stm32h7xx_hal_rcc_ex.c ****     else
1498:Drivers/STM32H7xx_HAL_Driver/Src/stm32h7xx_hal_rcc_ex.c ****     {
1499:Drivers/STM32H7xx_HAL_Driver/Src/stm32h7xx_hal_rcc_ex.c ****       /* set overall return value */
1500:Drivers/STM32H7xx_HAL_Driver/Src/stm32h7xx_hal_rcc_ex.c ****       status = ret;
1501:Drivers/STM32H7xx_HAL_Driver/Src/stm32h7xx_hal_rcc_ex.c ****     }
1502:Drivers/STM32H7xx_HAL_Driver/Src/stm32h7xx_hal_rcc_ex.c **** 
1503:Drivers/STM32H7xx_HAL_Driver/Src/stm32h7xx_hal_rcc_ex.c ****   }
1504:Drivers/STM32H7xx_HAL_Driver/Src/stm32h7xx_hal_rcc_ex.c **** 
1505:Drivers/STM32H7xx_HAL_Driver/Src/stm32h7xx_hal_rcc_ex.c ****   /*------------------------------ SWPMI1 Configuration ------------------------*/
1506:Drivers/STM32H7xx_HAL_Driver/Src/stm32h7xx_hal_rcc_ex.c ****   if (((PeriphClkInit->PeriphClockSelection) & RCC_PERIPHCLK_SWPMI1) == RCC_PERIPHCLK_SWPMI1)
1507:Drivers/STM32H7xx_HAL_Driver/Src/stm32h7xx_hal_rcc_ex.c ****   {
1508:Drivers/STM32H7xx_HAL_Driver/Src/stm32h7xx_hal_rcc_ex.c ****     /* Check the parameters */
1509:Drivers/STM32H7xx_HAL_Driver/Src/stm32h7xx_hal_rcc_ex.c ****     assert_param(IS_RCC_SWPMI1CLKSOURCE(PeriphClkInit->Swpmi1ClockSelection));
1510:Drivers/STM32H7xx_HAL_Driver/Src/stm32h7xx_hal_rcc_ex.c **** 
1511:Drivers/STM32H7xx_HAL_Driver/Src/stm32h7xx_hal_rcc_ex.c ****     /* Configure the SWPMI1 interface clock source */
1512:Drivers/STM32H7xx_HAL_Driver/Src/stm32h7xx_hal_rcc_ex.c ****     __HAL_RCC_SWPMI1_CONFIG(PeriphClkInit->Swpmi1ClockSelection);
1513:Drivers/STM32H7xx_HAL_Driver/Src/stm32h7xx_hal_rcc_ex.c ****   }
ARM GAS  C:\Users\jason\AppData\Local\Temp\ccSG31kR.s 			page 28


1514:Drivers/STM32H7xx_HAL_Driver/Src/stm32h7xx_hal_rcc_ex.c **** #if defined(HRTIM1)
1515:Drivers/STM32H7xx_HAL_Driver/Src/stm32h7xx_hal_rcc_ex.c ****   /*------------------------------ HRTIM1 clock Configuration ----------------*/
1516:Drivers/STM32H7xx_HAL_Driver/Src/stm32h7xx_hal_rcc_ex.c ****   if (((PeriphClkInit->PeriphClockSelection) & RCC_PERIPHCLK_HRTIM1) == RCC_PERIPHCLK_HRTIM1)
1517:Drivers/STM32H7xx_HAL_Driver/Src/stm32h7xx_hal_rcc_ex.c ****   {
1518:Drivers/STM32H7xx_HAL_Driver/Src/stm32h7xx_hal_rcc_ex.c ****     /* Check the parameters */
1519:Drivers/STM32H7xx_HAL_Driver/Src/stm32h7xx_hal_rcc_ex.c ****     assert_param(IS_RCC_HRTIM1CLKSOURCE(PeriphClkInit->Hrtim1ClockSelection));
1520:Drivers/STM32H7xx_HAL_Driver/Src/stm32h7xx_hal_rcc_ex.c **** 
1521:Drivers/STM32H7xx_HAL_Driver/Src/stm32h7xx_hal_rcc_ex.c ****     /* Configure the HRTIM1 clock source */
1522:Drivers/STM32H7xx_HAL_Driver/Src/stm32h7xx_hal_rcc_ex.c ****     __HAL_RCC_HRTIM1_CONFIG(PeriphClkInit->Hrtim1ClockSelection);
1523:Drivers/STM32H7xx_HAL_Driver/Src/stm32h7xx_hal_rcc_ex.c ****   }
1524:Drivers/STM32H7xx_HAL_Driver/Src/stm32h7xx_hal_rcc_ex.c **** #endif  /*HRTIM1*/
1525:Drivers/STM32H7xx_HAL_Driver/Src/stm32h7xx_hal_rcc_ex.c ****   /*------------------------------ DFSDM1 Configuration ------------------------*/
1526:Drivers/STM32H7xx_HAL_Driver/Src/stm32h7xx_hal_rcc_ex.c ****   if (((PeriphClkInit->PeriphClockSelection) & RCC_PERIPHCLK_DFSDM1) == RCC_PERIPHCLK_DFSDM1)
1527:Drivers/STM32H7xx_HAL_Driver/Src/stm32h7xx_hal_rcc_ex.c ****   {
1528:Drivers/STM32H7xx_HAL_Driver/Src/stm32h7xx_hal_rcc_ex.c ****     /* Check the parameters */
1529:Drivers/STM32H7xx_HAL_Driver/Src/stm32h7xx_hal_rcc_ex.c ****     assert_param(IS_RCC_DFSDM1CLKSOURCE(PeriphClkInit->Dfsdm1ClockSelection));
1530:Drivers/STM32H7xx_HAL_Driver/Src/stm32h7xx_hal_rcc_ex.c **** 
1531:Drivers/STM32H7xx_HAL_Driver/Src/stm32h7xx_hal_rcc_ex.c ****     /* Configure the DFSDM1 interface clock source */
1532:Drivers/STM32H7xx_HAL_Driver/Src/stm32h7xx_hal_rcc_ex.c ****     __HAL_RCC_DFSDM1_CONFIG(PeriphClkInit->Dfsdm1ClockSelection);
1533:Drivers/STM32H7xx_HAL_Driver/Src/stm32h7xx_hal_rcc_ex.c ****   }
1534:Drivers/STM32H7xx_HAL_Driver/Src/stm32h7xx_hal_rcc_ex.c **** 
1535:Drivers/STM32H7xx_HAL_Driver/Src/stm32h7xx_hal_rcc_ex.c **** #if defined(DFSDM2_BASE)
1536:Drivers/STM32H7xx_HAL_Driver/Src/stm32h7xx_hal_rcc_ex.c ****   /*------------------------------ DFSDM2 Configuration ------------------------*/
1537:Drivers/STM32H7xx_HAL_Driver/Src/stm32h7xx_hal_rcc_ex.c ****   if (((PeriphClkInit->PeriphClockSelection) & RCC_PERIPHCLK_DFSDM2) == RCC_PERIPHCLK_DFSDM2)
1538:Drivers/STM32H7xx_HAL_Driver/Src/stm32h7xx_hal_rcc_ex.c ****   {
1539:Drivers/STM32H7xx_HAL_Driver/Src/stm32h7xx_hal_rcc_ex.c ****     /* Check the parameters */
1540:Drivers/STM32H7xx_HAL_Driver/Src/stm32h7xx_hal_rcc_ex.c ****     assert_param(IS_RCC_DFSDM2CLKSOURCE(PeriphClkInit->Dfsdm2ClockSelection));
1541:Drivers/STM32H7xx_HAL_Driver/Src/stm32h7xx_hal_rcc_ex.c **** 
1542:Drivers/STM32H7xx_HAL_Driver/Src/stm32h7xx_hal_rcc_ex.c ****     /* Configure the DFSDM2 interface clock source */
1543:Drivers/STM32H7xx_HAL_Driver/Src/stm32h7xx_hal_rcc_ex.c ****     __HAL_RCC_DFSDM2_CONFIG(PeriphClkInit->Dfsdm2ClockSelection);
1544:Drivers/STM32H7xx_HAL_Driver/Src/stm32h7xx_hal_rcc_ex.c ****   }
1545:Drivers/STM32H7xx_HAL_Driver/Src/stm32h7xx_hal_rcc_ex.c **** #endif  /* DFSDM2 */
1546:Drivers/STM32H7xx_HAL_Driver/Src/stm32h7xx_hal_rcc_ex.c **** 
1547:Drivers/STM32H7xx_HAL_Driver/Src/stm32h7xx_hal_rcc_ex.c ****   /*------------------------------------ TIM configuration --------------------------------------*/
1548:Drivers/STM32H7xx_HAL_Driver/Src/stm32h7xx_hal_rcc_ex.c ****   if (((PeriphClkInit->PeriphClockSelection) & RCC_PERIPHCLK_TIM) == RCC_PERIPHCLK_TIM)
1549:Drivers/STM32H7xx_HAL_Driver/Src/stm32h7xx_hal_rcc_ex.c ****   {
1550:Drivers/STM32H7xx_HAL_Driver/Src/stm32h7xx_hal_rcc_ex.c ****     /* Check the parameters */
1551:Drivers/STM32H7xx_HAL_Driver/Src/stm32h7xx_hal_rcc_ex.c ****     assert_param(IS_RCC_TIMPRES(PeriphClkInit->TIMPresSelection));
1552:Drivers/STM32H7xx_HAL_Driver/Src/stm32h7xx_hal_rcc_ex.c **** 
1553:Drivers/STM32H7xx_HAL_Driver/Src/stm32h7xx_hal_rcc_ex.c ****     /* Configure Timer Prescaler */
1554:Drivers/STM32H7xx_HAL_Driver/Src/stm32h7xx_hal_rcc_ex.c ****     __HAL_RCC_TIMCLKPRESCALER(PeriphClkInit->TIMPresSelection);
1555:Drivers/STM32H7xx_HAL_Driver/Src/stm32h7xx_hal_rcc_ex.c ****   }
1556:Drivers/STM32H7xx_HAL_Driver/Src/stm32h7xx_hal_rcc_ex.c **** 
1557:Drivers/STM32H7xx_HAL_Driver/Src/stm32h7xx_hal_rcc_ex.c ****   /*------------------------------------ CKPER configuration --------------------------------------
1558:Drivers/STM32H7xx_HAL_Driver/Src/stm32h7xx_hal_rcc_ex.c ****   if (((PeriphClkInit->PeriphClockSelection) & RCC_PERIPHCLK_CKPER) == RCC_PERIPHCLK_CKPER)
1559:Drivers/STM32H7xx_HAL_Driver/Src/stm32h7xx_hal_rcc_ex.c ****   {
1560:Drivers/STM32H7xx_HAL_Driver/Src/stm32h7xx_hal_rcc_ex.c ****     /* Check the parameters */
1561:Drivers/STM32H7xx_HAL_Driver/Src/stm32h7xx_hal_rcc_ex.c ****     assert_param(IS_RCC_CLKPSOURCE(PeriphClkInit->CkperClockSelection));
1562:Drivers/STM32H7xx_HAL_Driver/Src/stm32h7xx_hal_rcc_ex.c **** 
1563:Drivers/STM32H7xx_HAL_Driver/Src/stm32h7xx_hal_rcc_ex.c ****     /* Configure the CKPER clock source */
1564:Drivers/STM32H7xx_HAL_Driver/Src/stm32h7xx_hal_rcc_ex.c ****     __HAL_RCC_CLKP_CONFIG(PeriphClkInit->CkperClockSelection);
1565:Drivers/STM32H7xx_HAL_Driver/Src/stm32h7xx_hal_rcc_ex.c ****   }
1566:Drivers/STM32H7xx_HAL_Driver/Src/stm32h7xx_hal_rcc_ex.c **** 
1567:Drivers/STM32H7xx_HAL_Driver/Src/stm32h7xx_hal_rcc_ex.c ****   /*------------------------------ CEC Configuration ------------------------*/
1568:Drivers/STM32H7xx_HAL_Driver/Src/stm32h7xx_hal_rcc_ex.c ****   if (((PeriphClkInit->PeriphClockSelection) & RCC_PERIPHCLK_CEC) == RCC_PERIPHCLK_CEC)
1569:Drivers/STM32H7xx_HAL_Driver/Src/stm32h7xx_hal_rcc_ex.c ****   {
1570:Drivers/STM32H7xx_HAL_Driver/Src/stm32h7xx_hal_rcc_ex.c ****     /* Check the parameters */
ARM GAS  C:\Users\jason\AppData\Local\Temp\ccSG31kR.s 			page 29


1571:Drivers/STM32H7xx_HAL_Driver/Src/stm32h7xx_hal_rcc_ex.c ****     assert_param(IS_RCC_CECCLKSOURCE(PeriphClkInit->CecClockSelection));
1572:Drivers/STM32H7xx_HAL_Driver/Src/stm32h7xx_hal_rcc_ex.c **** 
1573:Drivers/STM32H7xx_HAL_Driver/Src/stm32h7xx_hal_rcc_ex.c ****     /* Configure the CEC interface clock source */
1574:Drivers/STM32H7xx_HAL_Driver/Src/stm32h7xx_hal_rcc_ex.c ****     __HAL_RCC_CEC_CONFIG(PeriphClkInit->CecClockSelection);
1575:Drivers/STM32H7xx_HAL_Driver/Src/stm32h7xx_hal_rcc_ex.c ****   }
1576:Drivers/STM32H7xx_HAL_Driver/Src/stm32h7xx_hal_rcc_ex.c **** 
1577:Drivers/STM32H7xx_HAL_Driver/Src/stm32h7xx_hal_rcc_ex.c ****   /*---------------------------- PLL2 configuration -------------------------------*/
1578:Drivers/STM32H7xx_HAL_Driver/Src/stm32h7xx_hal_rcc_ex.c ****   if (((PeriphClkInit->PeriphClockSelection) & RCC_PERIPHCLK_PLL2_DIVP) == RCC_PERIPHCLK_PLL2_DIVP)
1579:Drivers/STM32H7xx_HAL_Driver/Src/stm32h7xx_hal_rcc_ex.c ****   {
1580:Drivers/STM32H7xx_HAL_Driver/Src/stm32h7xx_hal_rcc_ex.c ****     ret = RCCEx_PLL2_Config(&(PeriphClkInit->PLL2), DIVIDER_P_UPDATE);
1581:Drivers/STM32H7xx_HAL_Driver/Src/stm32h7xx_hal_rcc_ex.c ****     
1582:Drivers/STM32H7xx_HAL_Driver/Src/stm32h7xx_hal_rcc_ex.c ****     if (ret == HAL_OK)
1583:Drivers/STM32H7xx_HAL_Driver/Src/stm32h7xx_hal_rcc_ex.c ****     {
1584:Drivers/STM32H7xx_HAL_Driver/Src/stm32h7xx_hal_rcc_ex.c ****       /*Nothing to do*/
1585:Drivers/STM32H7xx_HAL_Driver/Src/stm32h7xx_hal_rcc_ex.c ****     }
1586:Drivers/STM32H7xx_HAL_Driver/Src/stm32h7xx_hal_rcc_ex.c ****     else
1587:Drivers/STM32H7xx_HAL_Driver/Src/stm32h7xx_hal_rcc_ex.c ****     {
1588:Drivers/STM32H7xx_HAL_Driver/Src/stm32h7xx_hal_rcc_ex.c ****       /* set overall return value */
1589:Drivers/STM32H7xx_HAL_Driver/Src/stm32h7xx_hal_rcc_ex.c ****       status = ret;
1590:Drivers/STM32H7xx_HAL_Driver/Src/stm32h7xx_hal_rcc_ex.c ****     } 
1591:Drivers/STM32H7xx_HAL_Driver/Src/stm32h7xx_hal_rcc_ex.c ****   }
1592:Drivers/STM32H7xx_HAL_Driver/Src/stm32h7xx_hal_rcc_ex.c ****   
1593:Drivers/STM32H7xx_HAL_Driver/Src/stm32h7xx_hal_rcc_ex.c ****   
1594:Drivers/STM32H7xx_HAL_Driver/Src/stm32h7xx_hal_rcc_ex.c ****   if (((PeriphClkInit->PeriphClockSelection) & RCC_PERIPHCLK_PLL2_DIVQ) == RCC_PERIPHCLK_PLL2_DIVQ)
1595:Drivers/STM32H7xx_HAL_Driver/Src/stm32h7xx_hal_rcc_ex.c ****   {
1596:Drivers/STM32H7xx_HAL_Driver/Src/stm32h7xx_hal_rcc_ex.c ****     ret = RCCEx_PLL2_Config(&(PeriphClkInit->PLL2), DIVIDER_Q_UPDATE);
1597:Drivers/STM32H7xx_HAL_Driver/Src/stm32h7xx_hal_rcc_ex.c ****     
1598:Drivers/STM32H7xx_HAL_Driver/Src/stm32h7xx_hal_rcc_ex.c ****     if (ret == HAL_OK)
1599:Drivers/STM32H7xx_HAL_Driver/Src/stm32h7xx_hal_rcc_ex.c ****     {
1600:Drivers/STM32H7xx_HAL_Driver/Src/stm32h7xx_hal_rcc_ex.c ****       /*Nothing to do*/
1601:Drivers/STM32H7xx_HAL_Driver/Src/stm32h7xx_hal_rcc_ex.c ****     }
1602:Drivers/STM32H7xx_HAL_Driver/Src/stm32h7xx_hal_rcc_ex.c ****     else
1603:Drivers/STM32H7xx_HAL_Driver/Src/stm32h7xx_hal_rcc_ex.c ****     {
1604:Drivers/STM32H7xx_HAL_Driver/Src/stm32h7xx_hal_rcc_ex.c ****       /* set overall return value */
1605:Drivers/STM32H7xx_HAL_Driver/Src/stm32h7xx_hal_rcc_ex.c ****       status = ret;
1606:Drivers/STM32H7xx_HAL_Driver/Src/stm32h7xx_hal_rcc_ex.c ****     }
1607:Drivers/STM32H7xx_HAL_Driver/Src/stm32h7xx_hal_rcc_ex.c ****   }
1608:Drivers/STM32H7xx_HAL_Driver/Src/stm32h7xx_hal_rcc_ex.c ****   
1609:Drivers/STM32H7xx_HAL_Driver/Src/stm32h7xx_hal_rcc_ex.c ****   
1610:Drivers/STM32H7xx_HAL_Driver/Src/stm32h7xx_hal_rcc_ex.c ****   if (((PeriphClkInit->PeriphClockSelection) & RCC_PERIPHCLK_PLL2_DIVR) == RCC_PERIPHCLK_PLL2_DIVR)
1611:Drivers/STM32H7xx_HAL_Driver/Src/stm32h7xx_hal_rcc_ex.c ****   {
1612:Drivers/STM32H7xx_HAL_Driver/Src/stm32h7xx_hal_rcc_ex.c ****     ret = RCCEx_PLL2_Config(&(PeriphClkInit->PLL2), DIVIDER_R_UPDATE);
1613:Drivers/STM32H7xx_HAL_Driver/Src/stm32h7xx_hal_rcc_ex.c ****     
1614:Drivers/STM32H7xx_HAL_Driver/Src/stm32h7xx_hal_rcc_ex.c ****     if (ret == HAL_OK)
1615:Drivers/STM32H7xx_HAL_Driver/Src/stm32h7xx_hal_rcc_ex.c ****     {
1616:Drivers/STM32H7xx_HAL_Driver/Src/stm32h7xx_hal_rcc_ex.c ****       /*Nothing to do*/
1617:Drivers/STM32H7xx_HAL_Driver/Src/stm32h7xx_hal_rcc_ex.c ****     }
1618:Drivers/STM32H7xx_HAL_Driver/Src/stm32h7xx_hal_rcc_ex.c ****     else
1619:Drivers/STM32H7xx_HAL_Driver/Src/stm32h7xx_hal_rcc_ex.c ****     {
1620:Drivers/STM32H7xx_HAL_Driver/Src/stm32h7xx_hal_rcc_ex.c ****       /* set overall return value */
1621:Drivers/STM32H7xx_HAL_Driver/Src/stm32h7xx_hal_rcc_ex.c ****       status = ret;
1622:Drivers/STM32H7xx_HAL_Driver/Src/stm32h7xx_hal_rcc_ex.c ****     }
1623:Drivers/STM32H7xx_HAL_Driver/Src/stm32h7xx_hal_rcc_ex.c ****   }
1624:Drivers/STM32H7xx_HAL_Driver/Src/stm32h7xx_hal_rcc_ex.c ****   
1625:Drivers/STM32H7xx_HAL_Driver/Src/stm32h7xx_hal_rcc_ex.c **** 
1626:Drivers/STM32H7xx_HAL_Driver/Src/stm32h7xx_hal_rcc_ex.c ****   /*---------------------------- PLL3 configuration -------------------------------*/
1627:Drivers/STM32H7xx_HAL_Driver/Src/stm32h7xx_hal_rcc_ex.c ****   if (((PeriphClkInit->PeriphClockSelection) & RCC_PERIPHCLK_PLL3_DIVP) == RCC_PERIPHCLK_PLL3_DIVP)
ARM GAS  C:\Users\jason\AppData\Local\Temp\ccSG31kR.s 			page 30


1628:Drivers/STM32H7xx_HAL_Driver/Src/stm32h7xx_hal_rcc_ex.c ****   {
1629:Drivers/STM32H7xx_HAL_Driver/Src/stm32h7xx_hal_rcc_ex.c ****     ret = RCCEx_PLL3_Config(&(PeriphClkInit->PLL3), DIVIDER_P_UPDATE);
1630:Drivers/STM32H7xx_HAL_Driver/Src/stm32h7xx_hal_rcc_ex.c ****   
1631:Drivers/STM32H7xx_HAL_Driver/Src/stm32h7xx_hal_rcc_ex.c ****     if (ret == HAL_OK)
1632:Drivers/STM32H7xx_HAL_Driver/Src/stm32h7xx_hal_rcc_ex.c ****     {
1633:Drivers/STM32H7xx_HAL_Driver/Src/stm32h7xx_hal_rcc_ex.c ****       /*Nothing to do*/
1634:Drivers/STM32H7xx_HAL_Driver/Src/stm32h7xx_hal_rcc_ex.c ****     }
1635:Drivers/STM32H7xx_HAL_Driver/Src/stm32h7xx_hal_rcc_ex.c ****     else
1636:Drivers/STM32H7xx_HAL_Driver/Src/stm32h7xx_hal_rcc_ex.c ****     {
1637:Drivers/STM32H7xx_HAL_Driver/Src/stm32h7xx_hal_rcc_ex.c ****       /* set overall return value */
1638:Drivers/STM32H7xx_HAL_Driver/Src/stm32h7xx_hal_rcc_ex.c ****       status = ret;
1639:Drivers/STM32H7xx_HAL_Driver/Src/stm32h7xx_hal_rcc_ex.c ****     }
1640:Drivers/STM32H7xx_HAL_Driver/Src/stm32h7xx_hal_rcc_ex.c ****   }
1641:Drivers/STM32H7xx_HAL_Driver/Src/stm32h7xx_hal_rcc_ex.c ****   
1642:Drivers/STM32H7xx_HAL_Driver/Src/stm32h7xx_hal_rcc_ex.c ****   
1643:Drivers/STM32H7xx_HAL_Driver/Src/stm32h7xx_hal_rcc_ex.c ****   if (((PeriphClkInit->PeriphClockSelection) & RCC_PERIPHCLK_PLL3_DIVQ) == RCC_PERIPHCLK_PLL3_DIVQ)
1644:Drivers/STM32H7xx_HAL_Driver/Src/stm32h7xx_hal_rcc_ex.c ****   {
1645:Drivers/STM32H7xx_HAL_Driver/Src/stm32h7xx_hal_rcc_ex.c ****     ret = RCCEx_PLL3_Config(&(PeriphClkInit->PLL3), DIVIDER_Q_UPDATE);
1646:Drivers/STM32H7xx_HAL_Driver/Src/stm32h7xx_hal_rcc_ex.c ****     
1647:Drivers/STM32H7xx_HAL_Driver/Src/stm32h7xx_hal_rcc_ex.c ****     if (ret == HAL_OK)
1648:Drivers/STM32H7xx_HAL_Driver/Src/stm32h7xx_hal_rcc_ex.c ****     {
1649:Drivers/STM32H7xx_HAL_Driver/Src/stm32h7xx_hal_rcc_ex.c ****       /*Nothing to do*/
1650:Drivers/STM32H7xx_HAL_Driver/Src/stm32h7xx_hal_rcc_ex.c ****     }
1651:Drivers/STM32H7xx_HAL_Driver/Src/stm32h7xx_hal_rcc_ex.c ****     else
1652:Drivers/STM32H7xx_HAL_Driver/Src/stm32h7xx_hal_rcc_ex.c ****     {
1653:Drivers/STM32H7xx_HAL_Driver/Src/stm32h7xx_hal_rcc_ex.c ****       /* set overall return value */
1654:Drivers/STM32H7xx_HAL_Driver/Src/stm32h7xx_hal_rcc_ex.c ****       status = ret;
1655:Drivers/STM32H7xx_HAL_Driver/Src/stm32h7xx_hal_rcc_ex.c ****     }
1656:Drivers/STM32H7xx_HAL_Driver/Src/stm32h7xx_hal_rcc_ex.c ****   }
1657:Drivers/STM32H7xx_HAL_Driver/Src/stm32h7xx_hal_rcc_ex.c ****   
1658:Drivers/STM32H7xx_HAL_Driver/Src/stm32h7xx_hal_rcc_ex.c ****   
1659:Drivers/STM32H7xx_HAL_Driver/Src/stm32h7xx_hal_rcc_ex.c ****   if (((PeriphClkInit->PeriphClockSelection) & RCC_PERIPHCLK_PLL3_DIVR) == RCC_PERIPHCLK_PLL3_DIVR)
1660:Drivers/STM32H7xx_HAL_Driver/Src/stm32h7xx_hal_rcc_ex.c ****   {
1661:Drivers/STM32H7xx_HAL_Driver/Src/stm32h7xx_hal_rcc_ex.c ****     ret = RCCEx_PLL3_Config(&(PeriphClkInit->PLL3), DIVIDER_R_UPDATE);
1662:Drivers/STM32H7xx_HAL_Driver/Src/stm32h7xx_hal_rcc_ex.c ****     
1663:Drivers/STM32H7xx_HAL_Driver/Src/stm32h7xx_hal_rcc_ex.c ****     if (ret == HAL_OK)
1664:Drivers/STM32H7xx_HAL_Driver/Src/stm32h7xx_hal_rcc_ex.c ****     {
1665:Drivers/STM32H7xx_HAL_Driver/Src/stm32h7xx_hal_rcc_ex.c ****       /*Nothing to do*/
1666:Drivers/STM32H7xx_HAL_Driver/Src/stm32h7xx_hal_rcc_ex.c ****     }
1667:Drivers/STM32H7xx_HAL_Driver/Src/stm32h7xx_hal_rcc_ex.c ****     else
1668:Drivers/STM32H7xx_HAL_Driver/Src/stm32h7xx_hal_rcc_ex.c ****     {
1669:Drivers/STM32H7xx_HAL_Driver/Src/stm32h7xx_hal_rcc_ex.c ****       /* set overall return value */
1670:Drivers/STM32H7xx_HAL_Driver/Src/stm32h7xx_hal_rcc_ex.c ****       status = ret;
1671:Drivers/STM32H7xx_HAL_Driver/Src/stm32h7xx_hal_rcc_ex.c ****     } 
1672:Drivers/STM32H7xx_HAL_Driver/Src/stm32h7xx_hal_rcc_ex.c ****   }
1673:Drivers/STM32H7xx_HAL_Driver/Src/stm32h7xx_hal_rcc_ex.c **** 
1674:Drivers/STM32H7xx_HAL_Driver/Src/stm32h7xx_hal_rcc_ex.c ****   if (status == HAL_OK)
1675:Drivers/STM32H7xx_HAL_Driver/Src/stm32h7xx_hal_rcc_ex.c ****   {
1676:Drivers/STM32H7xx_HAL_Driver/Src/stm32h7xx_hal_rcc_ex.c ****     return HAL_OK;
1677:Drivers/STM32H7xx_HAL_Driver/Src/stm32h7xx_hal_rcc_ex.c ****   }
1678:Drivers/STM32H7xx_HAL_Driver/Src/stm32h7xx_hal_rcc_ex.c ****   return HAL_ERROR;
1679:Drivers/STM32H7xx_HAL_Driver/Src/stm32h7xx_hal_rcc_ex.c **** }
1680:Drivers/STM32H7xx_HAL_Driver/Src/stm32h7xx_hal_rcc_ex.c **** 
1681:Drivers/STM32H7xx_HAL_Driver/Src/stm32h7xx_hal_rcc_ex.c **** /**
1682:Drivers/STM32H7xx_HAL_Driver/Src/stm32h7xx_hal_rcc_ex.c ****   * @brief  Get the RCC_ClkInitStruct according to the internal RCC configuration registers.
1683:Drivers/STM32H7xx_HAL_Driver/Src/stm32h7xx_hal_rcc_ex.c ****   * @param  PeriphClkInit: pointer to an RCC_PeriphCLKInitTypeDef structure that
1684:Drivers/STM32H7xx_HAL_Driver/Src/stm32h7xx_hal_rcc_ex.c ****   *         returns the configuration information for the Extended Peripherals clocks :
ARM GAS  C:\Users\jason\AppData\Local\Temp\ccSG31kR.s 			page 31


1685:Drivers/STM32H7xx_HAL_Driver/Src/stm32h7xx_hal_rcc_ex.c ****   *         (SDMMC, CKPER, FMC, QSPI*, OSPI*, DSI*, SPI45, SPDIF, DFSDM1, DFSDM2*, FDCAN, SWPMI, SA
1686:Drivers/STM32H7xx_HAL_Driver/Src/stm32h7xx_hal_rcc_ex.c ****   *         USART234578, USART16, RNG, HRTIM1*, I2C123 (I2C1235*), USB, CEC, LPTIM1, LPUART1, I2C4,
1687:Drivers/STM32H7xx_HAL_Driver/Src/stm32h7xx_hal_rcc_ex.c ****   *         SAI4A*, SAI4B*, SPI6, RTC, TIM).
1688:Drivers/STM32H7xx_HAL_Driver/Src/stm32h7xx_hal_rcc_ex.c ****   * @retval None
1689:Drivers/STM32H7xx_HAL_Driver/Src/stm32h7xx_hal_rcc_ex.c ****   *
1690:Drivers/STM32H7xx_HAL_Driver/Src/stm32h7xx_hal_rcc_ex.c ****   *   (*) : Available on some STM32H7 lines only.
1691:Drivers/STM32H7xx_HAL_Driver/Src/stm32h7xx_hal_rcc_ex.c ****   */
1692:Drivers/STM32H7xx_HAL_Driver/Src/stm32h7xx_hal_rcc_ex.c **** void HAL_RCCEx_GetPeriphCLKConfig(RCC_PeriphCLKInitTypeDef  *PeriphClkInit)
1693:Drivers/STM32H7xx_HAL_Driver/Src/stm32h7xx_hal_rcc_ex.c **** {
1694:Drivers/STM32H7xx_HAL_Driver/Src/stm32h7xx_hal_rcc_ex.c ****   /* Set all possible values for the extended clock type parameter------------*/
1695:Drivers/STM32H7xx_HAL_Driver/Src/stm32h7xx_hal_rcc_ex.c ****   PeriphClkInit->PeriphClockSelection =
1696:Drivers/STM32H7xx_HAL_Driver/Src/stm32h7xx_hal_rcc_ex.c ****     RCC_PERIPHCLK_USART16 | RCC_PERIPHCLK_USART234578 | RCC_PERIPHCLK_LPUART1 |
1697:Drivers/STM32H7xx_HAL_Driver/Src/stm32h7xx_hal_rcc_ex.c ****     RCC_PERIPHCLK_I2C4    | RCC_PERIPHCLK_LPTIM1      | RCC_PERIPHCLK_LPTIM2  | RCC_PERIPHCLK_LPTIM
1698:Drivers/STM32H7xx_HAL_Driver/Src/stm32h7xx_hal_rcc_ex.c ****     RCC_PERIPHCLK_SAI1    | RCC_PERIPHCLK_SPI123      | RCC_PERIPHCLK_SPI45   | RCC_PERIPHCLK_SPI6 
1699:Drivers/STM32H7xx_HAL_Driver/Src/stm32h7xx_hal_rcc_ex.c ****     RCC_PERIPHCLK_FDCAN   | RCC_PERIPHCLK_SDMMC       | RCC_PERIPHCLK_RNG     | RCC_PERIPHCLK_USB  
1700:Drivers/STM32H7xx_HAL_Driver/Src/stm32h7xx_hal_rcc_ex.c ****     RCC_PERIPHCLK_ADC     | RCC_PERIPHCLK_SWPMI1      | RCC_PERIPHCLK_DFSDM1  | RCC_PERIPHCLK_RTC  
1701:Drivers/STM32H7xx_HAL_Driver/Src/stm32h7xx_hal_rcc_ex.c ****     RCC_PERIPHCLK_CEC     | RCC_PERIPHCLK_FMC         | RCC_PERIPHCLK_SPDIFRX | RCC_PERIPHCLK_TIM  
1702:Drivers/STM32H7xx_HAL_Driver/Src/stm32h7xx_hal_rcc_ex.c ****     RCC_PERIPHCLK_CKPER;
1703:Drivers/STM32H7xx_HAL_Driver/Src/stm32h7xx_hal_rcc_ex.c **** 
1704:Drivers/STM32H7xx_HAL_Driver/Src/stm32h7xx_hal_rcc_ex.c **** #if defined(I2C5)
1705:Drivers/STM32H7xx_HAL_Driver/Src/stm32h7xx_hal_rcc_ex.c ****   PeriphClkInit->PeriphClockSelection |= RCC_PERIPHCLK_I2C1235;
1706:Drivers/STM32H7xx_HAL_Driver/Src/stm32h7xx_hal_rcc_ex.c **** #else
1707:Drivers/STM32H7xx_HAL_Driver/Src/stm32h7xx_hal_rcc_ex.c ****   PeriphClkInit->PeriphClockSelection |= RCC_PERIPHCLK_I2C123;
1708:Drivers/STM32H7xx_HAL_Driver/Src/stm32h7xx_hal_rcc_ex.c **** #endif /*I2C5*/
1709:Drivers/STM32H7xx_HAL_Driver/Src/stm32h7xx_hal_rcc_ex.c **** #if defined(RCC_CDCCIP1R_SAI2ASEL)
1710:Drivers/STM32H7xx_HAL_Driver/Src/stm32h7xx_hal_rcc_ex.c ****   PeriphClkInit->PeriphClockSelection |= RCC_PERIPHCLK_SAI2A;
1711:Drivers/STM32H7xx_HAL_Driver/Src/stm32h7xx_hal_rcc_ex.c **** #endif /* RCC_CDCCIP1R_SAI2ASEL */
1712:Drivers/STM32H7xx_HAL_Driver/Src/stm32h7xx_hal_rcc_ex.c **** #if defined(RCC_CDCCIP1R_SAI2BSEL)
1713:Drivers/STM32H7xx_HAL_Driver/Src/stm32h7xx_hal_rcc_ex.c ****   PeriphClkInit->PeriphClockSelection |= RCC_PERIPHCLK_SAI2B;
1714:Drivers/STM32H7xx_HAL_Driver/Src/stm32h7xx_hal_rcc_ex.c **** #endif /* RCC_CDCCIP1R_SAI2BSEL */
1715:Drivers/STM32H7xx_HAL_Driver/Src/stm32h7xx_hal_rcc_ex.c **** #if defined(SAI3)
1716:Drivers/STM32H7xx_HAL_Driver/Src/stm32h7xx_hal_rcc_ex.c ****   PeriphClkInit->PeriphClockSelection |= RCC_PERIPHCLK_SAI23;
1717:Drivers/STM32H7xx_HAL_Driver/Src/stm32h7xx_hal_rcc_ex.c **** #endif /* SAI3 */
1718:Drivers/STM32H7xx_HAL_Driver/Src/stm32h7xx_hal_rcc_ex.c **** #if defined(SAI4)
1719:Drivers/STM32H7xx_HAL_Driver/Src/stm32h7xx_hal_rcc_ex.c ****   PeriphClkInit->PeriphClockSelection |= RCC_PERIPHCLK_SAI4A;
1720:Drivers/STM32H7xx_HAL_Driver/Src/stm32h7xx_hal_rcc_ex.c ****   PeriphClkInit->PeriphClockSelection |= RCC_PERIPHCLK_SAI4B;
1721:Drivers/STM32H7xx_HAL_Driver/Src/stm32h7xx_hal_rcc_ex.c **** #endif /* SAI4 */
1722:Drivers/STM32H7xx_HAL_Driver/Src/stm32h7xx_hal_rcc_ex.c **** #if defined(DFSDM2_BASE)
1723:Drivers/STM32H7xx_HAL_Driver/Src/stm32h7xx_hal_rcc_ex.c ****   PeriphClkInit->PeriphClockSelection |= RCC_PERIPHCLK_DFSDM2;
1724:Drivers/STM32H7xx_HAL_Driver/Src/stm32h7xx_hal_rcc_ex.c **** #endif /* DFSDM2 */
1725:Drivers/STM32H7xx_HAL_Driver/Src/stm32h7xx_hal_rcc_ex.c **** #if defined(QUADSPI)
1726:Drivers/STM32H7xx_HAL_Driver/Src/stm32h7xx_hal_rcc_ex.c ****   PeriphClkInit->PeriphClockSelection |= RCC_PERIPHCLK_QSPI;
1727:Drivers/STM32H7xx_HAL_Driver/Src/stm32h7xx_hal_rcc_ex.c **** #endif /* QUADSPI */
1728:Drivers/STM32H7xx_HAL_Driver/Src/stm32h7xx_hal_rcc_ex.c **** #if defined(OCTOSPI1) || defined(OCTOSPI2)
1729:Drivers/STM32H7xx_HAL_Driver/Src/stm32h7xx_hal_rcc_ex.c ****   PeriphClkInit->PeriphClockSelection |= RCC_PERIPHCLK_OSPI;
1730:Drivers/STM32H7xx_HAL_Driver/Src/stm32h7xx_hal_rcc_ex.c **** #endif /* OCTOSPI1 || OCTOSPI2 */
1731:Drivers/STM32H7xx_HAL_Driver/Src/stm32h7xx_hal_rcc_ex.c **** #if defined(HRTIM1)
1732:Drivers/STM32H7xx_HAL_Driver/Src/stm32h7xx_hal_rcc_ex.c ****   PeriphClkInit->PeriphClockSelection |= RCC_PERIPHCLK_HRTIM1;
1733:Drivers/STM32H7xx_HAL_Driver/Src/stm32h7xx_hal_rcc_ex.c **** #endif /* HRTIM1 */
1734:Drivers/STM32H7xx_HAL_Driver/Src/stm32h7xx_hal_rcc_ex.c **** #if defined(LTDC)
1735:Drivers/STM32H7xx_HAL_Driver/Src/stm32h7xx_hal_rcc_ex.c ****   PeriphClkInit->PeriphClockSelection |= RCC_PERIPHCLK_LTDC;
1736:Drivers/STM32H7xx_HAL_Driver/Src/stm32h7xx_hal_rcc_ex.c **** #endif /* LTDC */
1737:Drivers/STM32H7xx_HAL_Driver/Src/stm32h7xx_hal_rcc_ex.c **** #if defined(DSI)
1738:Drivers/STM32H7xx_HAL_Driver/Src/stm32h7xx_hal_rcc_ex.c ****   PeriphClkInit->PeriphClockSelection |= RCC_PERIPHCLK_DSI;
1739:Drivers/STM32H7xx_HAL_Driver/Src/stm32h7xx_hal_rcc_ex.c **** #endif /* DSI */
1740:Drivers/STM32H7xx_HAL_Driver/Src/stm32h7xx_hal_rcc_ex.c **** 
1741:Drivers/STM32H7xx_HAL_Driver/Src/stm32h7xx_hal_rcc_ex.c ****   /* Get the PLL3 Clock configuration -----------------------------------------------*/
ARM GAS  C:\Users\jason\AppData\Local\Temp\ccSG31kR.s 			page 32


1742:Drivers/STM32H7xx_HAL_Driver/Src/stm32h7xx_hal_rcc_ex.c ****   PeriphClkInit->PLL3.PLL3M = (uint32_t)((RCC->PLLCKSELR & RCC_PLLCKSELR_DIVM3) >> RCC_PLLCKSELR_DI
1743:Drivers/STM32H7xx_HAL_Driver/Src/stm32h7xx_hal_rcc_ex.c ****   PeriphClkInit->PLL3.PLL3N = (uint32_t)((RCC->PLL3DIVR & RCC_PLL3DIVR_N3) >> RCC_PLL3DIVR_N3_Pos) 
1744:Drivers/STM32H7xx_HAL_Driver/Src/stm32h7xx_hal_rcc_ex.c ****   PeriphClkInit->PLL3.PLL3R = (uint32_t)((RCC->PLL3DIVR & RCC_PLL3DIVR_R3) >> RCC_PLL3DIVR_R3_Pos) 
1745:Drivers/STM32H7xx_HAL_Driver/Src/stm32h7xx_hal_rcc_ex.c ****   PeriphClkInit->PLL3.PLL3P = (uint32_t)((RCC->PLL3DIVR & RCC_PLL3DIVR_P3) >> RCC_PLL3DIVR_P3_Pos) 
1746:Drivers/STM32H7xx_HAL_Driver/Src/stm32h7xx_hal_rcc_ex.c ****   PeriphClkInit->PLL3.PLL3Q = (uint32_t)((RCC->PLL3DIVR & RCC_PLL3DIVR_Q3) >> RCC_PLL3DIVR_Q3_Pos) 
1747:Drivers/STM32H7xx_HAL_Driver/Src/stm32h7xx_hal_rcc_ex.c ****   PeriphClkInit->PLL3.PLL3RGE = (uint32_t)((RCC->PLLCFGR & RCC_PLLCFGR_PLL3RGE) >> RCC_PLLCFGR_PLL3
1748:Drivers/STM32H7xx_HAL_Driver/Src/stm32h7xx_hal_rcc_ex.c ****   PeriphClkInit->PLL3.PLL3VCOSEL = (uint32_t)((RCC->PLLCFGR & RCC_PLLCFGR_PLL3VCOSEL) >> RCC_PLLCFG
1749:Drivers/STM32H7xx_HAL_Driver/Src/stm32h7xx_hal_rcc_ex.c **** 
1750:Drivers/STM32H7xx_HAL_Driver/Src/stm32h7xx_hal_rcc_ex.c ****   /* Get the PLL2 Clock configuration -----------------------------------------------*/
1751:Drivers/STM32H7xx_HAL_Driver/Src/stm32h7xx_hal_rcc_ex.c ****   PeriphClkInit->PLL2.PLL2M = (uint32_t)((RCC->PLLCKSELR & RCC_PLLCKSELR_DIVM2) >> RCC_PLLCKSELR_DI
1752:Drivers/STM32H7xx_HAL_Driver/Src/stm32h7xx_hal_rcc_ex.c ****   PeriphClkInit->PLL2.PLL2N = (uint32_t)((RCC->PLL2DIVR & RCC_PLL2DIVR_N2) >> RCC_PLL2DIVR_N2_Pos) 
1753:Drivers/STM32H7xx_HAL_Driver/Src/stm32h7xx_hal_rcc_ex.c ****   PeriphClkInit->PLL2.PLL2R = (uint32_t)((RCC->PLL2DIVR & RCC_PLL2DIVR_R2) >> RCC_PLL2DIVR_R2_Pos) 
1754:Drivers/STM32H7xx_HAL_Driver/Src/stm32h7xx_hal_rcc_ex.c ****   PeriphClkInit->PLL2.PLL2P = (uint32_t)((RCC->PLL2DIVR & RCC_PLL2DIVR_P2) >> RCC_PLL2DIVR_P2_Pos) 
1755:Drivers/STM32H7xx_HAL_Driver/Src/stm32h7xx_hal_rcc_ex.c ****   PeriphClkInit->PLL2.PLL2Q = (uint32_t)((RCC->PLL2DIVR & RCC_PLL2DIVR_Q2) >> RCC_PLL2DIVR_Q2_Pos) 
1756:Drivers/STM32H7xx_HAL_Driver/Src/stm32h7xx_hal_rcc_ex.c ****   PeriphClkInit->PLL2.PLL2RGE = (uint32_t)((RCC->PLLCFGR & RCC_PLLCFGR_PLL2RGE) >> RCC_PLLCFGR_PLL2
1757:Drivers/STM32H7xx_HAL_Driver/Src/stm32h7xx_hal_rcc_ex.c ****   PeriphClkInit->PLL2.PLL2VCOSEL = (uint32_t)((RCC->PLLCFGR & RCC_PLLCFGR_PLL2VCOSEL) >> RCC_PLLCFG
1758:Drivers/STM32H7xx_HAL_Driver/Src/stm32h7xx_hal_rcc_ex.c **** 
1759:Drivers/STM32H7xx_HAL_Driver/Src/stm32h7xx_hal_rcc_ex.c ****   /* Get the USART1 configuration --------------------------------------------*/
1760:Drivers/STM32H7xx_HAL_Driver/Src/stm32h7xx_hal_rcc_ex.c ****   PeriphClkInit->Usart16ClockSelection      = __HAL_RCC_GET_USART16_SOURCE();
1761:Drivers/STM32H7xx_HAL_Driver/Src/stm32h7xx_hal_rcc_ex.c ****   /* Get the USART2/3/4/5/7/8 clock source -----------------------------------*/
1762:Drivers/STM32H7xx_HAL_Driver/Src/stm32h7xx_hal_rcc_ex.c ****   PeriphClkInit->Usart234578ClockSelection  = __HAL_RCC_GET_USART234578_SOURCE();
1763:Drivers/STM32H7xx_HAL_Driver/Src/stm32h7xx_hal_rcc_ex.c ****   /* Get the LPUART1 clock source --------------------------------------------*/
1764:Drivers/STM32H7xx_HAL_Driver/Src/stm32h7xx_hal_rcc_ex.c ****   PeriphClkInit->Lpuart1ClockSelection      = __HAL_RCC_GET_LPUART1_SOURCE();
1765:Drivers/STM32H7xx_HAL_Driver/Src/stm32h7xx_hal_rcc_ex.c **** #if defined(I2C5)
1766:Drivers/STM32H7xx_HAL_Driver/Src/stm32h7xx_hal_rcc_ex.c ****   /* Get the I2C1/2/3/5 clock source -----------------------------------------*/
1767:Drivers/STM32H7xx_HAL_Driver/Src/stm32h7xx_hal_rcc_ex.c ****   PeriphClkInit->I2c1235ClockSelection       = __HAL_RCC_GET_I2C1_SOURCE();
1768:Drivers/STM32H7xx_HAL_Driver/Src/stm32h7xx_hal_rcc_ex.c **** #else
1769:Drivers/STM32H7xx_HAL_Driver/Src/stm32h7xx_hal_rcc_ex.c ****   /* Get the I2C1/2/3 clock source -------------------------------------------*/
1770:Drivers/STM32H7xx_HAL_Driver/Src/stm32h7xx_hal_rcc_ex.c ****   PeriphClkInit->I2c123ClockSelection       = __HAL_RCC_GET_I2C1_SOURCE();
1771:Drivers/STM32H7xx_HAL_Driver/Src/stm32h7xx_hal_rcc_ex.c **** #endif /*I2C5*/
1772:Drivers/STM32H7xx_HAL_Driver/Src/stm32h7xx_hal_rcc_ex.c ****   /* Get the LPTIM1 clock source ---------------------------------------------*/
1773:Drivers/STM32H7xx_HAL_Driver/Src/stm32h7xx_hal_rcc_ex.c ****   PeriphClkInit->Lptim1ClockSelection       = __HAL_RCC_GET_LPTIM1_SOURCE();
1774:Drivers/STM32H7xx_HAL_Driver/Src/stm32h7xx_hal_rcc_ex.c ****   /* Get the LPTIM2 clock source ---------------------------------------------*/
1775:Drivers/STM32H7xx_HAL_Driver/Src/stm32h7xx_hal_rcc_ex.c ****   PeriphClkInit->Lptim2ClockSelection       = __HAL_RCC_GET_LPTIM2_SOURCE();
1776:Drivers/STM32H7xx_HAL_Driver/Src/stm32h7xx_hal_rcc_ex.c ****   /* Get the LPTIM3/4/5 clock source -----------------------------------------*/
1777:Drivers/STM32H7xx_HAL_Driver/Src/stm32h7xx_hal_rcc_ex.c ****   PeriphClkInit->Lptim345ClockSelection     = __HAL_RCC_GET_LPTIM345_SOURCE();
1778:Drivers/STM32H7xx_HAL_Driver/Src/stm32h7xx_hal_rcc_ex.c ****   /* Get the SAI1 clock source -----------------------------------------------*/
1779:Drivers/STM32H7xx_HAL_Driver/Src/stm32h7xx_hal_rcc_ex.c ****   PeriphClkInit->Sai1ClockSelection         = __HAL_RCC_GET_SAI1_SOURCE();
1780:Drivers/STM32H7xx_HAL_Driver/Src/stm32h7xx_hal_rcc_ex.c **** #if defined(SAI3)
1781:Drivers/STM32H7xx_HAL_Driver/Src/stm32h7xx_hal_rcc_ex.c ****   /* Get the SAI2/3 clock source ---------------------------------------------*/
1782:Drivers/STM32H7xx_HAL_Driver/Src/stm32h7xx_hal_rcc_ex.c ****   PeriphClkInit->Sai23ClockSelection        = __HAL_RCC_GET_SAI23_SOURCE();
1783:Drivers/STM32H7xx_HAL_Driver/Src/stm32h7xx_hal_rcc_ex.c **** #endif  /*SAI3*/
1784:Drivers/STM32H7xx_HAL_Driver/Src/stm32h7xx_hal_rcc_ex.c **** #if defined(RCC_CDCCIP1R_SAI2ASEL_0)
1785:Drivers/STM32H7xx_HAL_Driver/Src/stm32h7xx_hal_rcc_ex.c ****   /* Get the SAI2A clock source ---------------------------------------------*/
1786:Drivers/STM32H7xx_HAL_Driver/Src/stm32h7xx_hal_rcc_ex.c ****   PeriphClkInit->Sai2AClockSelection        = __HAL_RCC_GET_SAI2A_SOURCE();
1787:Drivers/STM32H7xx_HAL_Driver/Src/stm32h7xx_hal_rcc_ex.c **** #endif  /*SAI2A*/
1788:Drivers/STM32H7xx_HAL_Driver/Src/stm32h7xx_hal_rcc_ex.c **** #if defined(RCC_CDCCIP1R_SAI2BSEL_0)
1789:Drivers/STM32H7xx_HAL_Driver/Src/stm32h7xx_hal_rcc_ex.c ****   /* Get the SAI2B clock source ---------------------------------------------*/
1790:Drivers/STM32H7xx_HAL_Driver/Src/stm32h7xx_hal_rcc_ex.c ****   PeriphClkInit->Sai2BClockSelection        = __HAL_RCC_GET_SAI2B_SOURCE();
1791:Drivers/STM32H7xx_HAL_Driver/Src/stm32h7xx_hal_rcc_ex.c **** #endif  /*SAI2B*/
1792:Drivers/STM32H7xx_HAL_Driver/Src/stm32h7xx_hal_rcc_ex.c **** #if defined(SAI4)
1793:Drivers/STM32H7xx_HAL_Driver/Src/stm32h7xx_hal_rcc_ex.c ****   /* Get the SAI4A clock source ----------------------------------------------*/
1794:Drivers/STM32H7xx_HAL_Driver/Src/stm32h7xx_hal_rcc_ex.c ****   PeriphClkInit->Sai4AClockSelection        = __HAL_RCC_GET_SAI4A_SOURCE();
1795:Drivers/STM32H7xx_HAL_Driver/Src/stm32h7xx_hal_rcc_ex.c ****   /* Get the SAI4B clock source ----------------------------------------------*/
1796:Drivers/STM32H7xx_HAL_Driver/Src/stm32h7xx_hal_rcc_ex.c ****   PeriphClkInit->Sai4BClockSelection        = __HAL_RCC_GET_SAI4B_SOURCE();
1797:Drivers/STM32H7xx_HAL_Driver/Src/stm32h7xx_hal_rcc_ex.c **** #endif  /*SAI4*/
1798:Drivers/STM32H7xx_HAL_Driver/Src/stm32h7xx_hal_rcc_ex.c ****   /* Get the RTC clock source ------------------------------------------------*/
ARM GAS  C:\Users\jason\AppData\Local\Temp\ccSG31kR.s 			page 33


1799:Drivers/STM32H7xx_HAL_Driver/Src/stm32h7xx_hal_rcc_ex.c ****   PeriphClkInit->RTCClockSelection          = __HAL_RCC_GET_RTC_SOURCE();
1800:Drivers/STM32H7xx_HAL_Driver/Src/stm32h7xx_hal_rcc_ex.c ****   /* Get the USB clock source ------------------------------------------------*/
1801:Drivers/STM32H7xx_HAL_Driver/Src/stm32h7xx_hal_rcc_ex.c ****   PeriphClkInit->UsbClockSelection          = __HAL_RCC_GET_USB_SOURCE();
1802:Drivers/STM32H7xx_HAL_Driver/Src/stm32h7xx_hal_rcc_ex.c ****   /* Get the SDMMC clock source ----------------------------------------------*/
1803:Drivers/STM32H7xx_HAL_Driver/Src/stm32h7xx_hal_rcc_ex.c ****   PeriphClkInit->SdmmcClockSelection        = __HAL_RCC_GET_SDMMC_SOURCE();
1804:Drivers/STM32H7xx_HAL_Driver/Src/stm32h7xx_hal_rcc_ex.c ****   /* Get the RNG clock source ------------------------------------------------*/
1805:Drivers/STM32H7xx_HAL_Driver/Src/stm32h7xx_hal_rcc_ex.c ****   PeriphClkInit->RngClockSelection          = __HAL_RCC_GET_RNG_SOURCE();
1806:Drivers/STM32H7xx_HAL_Driver/Src/stm32h7xx_hal_rcc_ex.c **** #if defined(HRTIM1)
1807:Drivers/STM32H7xx_HAL_Driver/Src/stm32h7xx_hal_rcc_ex.c ****   /* Get the HRTIM1 clock source ---------------------------------------------*/
1808:Drivers/STM32H7xx_HAL_Driver/Src/stm32h7xx_hal_rcc_ex.c ****   PeriphClkInit->Hrtim1ClockSelection       = __HAL_RCC_GET_HRTIM1_SOURCE();
1809:Drivers/STM32H7xx_HAL_Driver/Src/stm32h7xx_hal_rcc_ex.c **** #endif /* HRTIM1 */
1810:Drivers/STM32H7xx_HAL_Driver/Src/stm32h7xx_hal_rcc_ex.c ****   /* Get the ADC clock source ------------------------------------------------*/
1811:Drivers/STM32H7xx_HAL_Driver/Src/stm32h7xx_hal_rcc_ex.c ****   PeriphClkInit->AdcClockSelection          = __HAL_RCC_GET_ADC_SOURCE();
1812:Drivers/STM32H7xx_HAL_Driver/Src/stm32h7xx_hal_rcc_ex.c ****   /* Get the SWPMI1 clock source ---------------------------------------------*/
1813:Drivers/STM32H7xx_HAL_Driver/Src/stm32h7xx_hal_rcc_ex.c ****   PeriphClkInit->Swpmi1ClockSelection       = __HAL_RCC_GET_SWPMI1_SOURCE();
1814:Drivers/STM32H7xx_HAL_Driver/Src/stm32h7xx_hal_rcc_ex.c ****   /* Get the DFSDM1 clock source ---------------------------------------------*/
1815:Drivers/STM32H7xx_HAL_Driver/Src/stm32h7xx_hal_rcc_ex.c ****   PeriphClkInit->Dfsdm1ClockSelection       = __HAL_RCC_GET_DFSDM1_SOURCE();
1816:Drivers/STM32H7xx_HAL_Driver/Src/stm32h7xx_hal_rcc_ex.c **** #if defined(DFSDM2_BASE)
1817:Drivers/STM32H7xx_HAL_Driver/Src/stm32h7xx_hal_rcc_ex.c ****   /* Get the DFSDM2 clock source ---------------------------------------------*/
1818:Drivers/STM32H7xx_HAL_Driver/Src/stm32h7xx_hal_rcc_ex.c ****   PeriphClkInit->Dfsdm2ClockSelection       = __HAL_RCC_GET_DFSDM2_SOURCE();
1819:Drivers/STM32H7xx_HAL_Driver/Src/stm32h7xx_hal_rcc_ex.c **** #endif /* DFSDM2 */
1820:Drivers/STM32H7xx_HAL_Driver/Src/stm32h7xx_hal_rcc_ex.c ****   /* Get the SPDIFRX clock source --------------------------------------------*/
1821:Drivers/STM32H7xx_HAL_Driver/Src/stm32h7xx_hal_rcc_ex.c ****   PeriphClkInit->SpdifrxClockSelection      = __HAL_RCC_GET_SPDIFRX_SOURCE();
1822:Drivers/STM32H7xx_HAL_Driver/Src/stm32h7xx_hal_rcc_ex.c ****   /* Get the SPI1/2/3 clock source -------------------------------------------*/
1823:Drivers/STM32H7xx_HAL_Driver/Src/stm32h7xx_hal_rcc_ex.c ****   PeriphClkInit->Spi123ClockSelection       = __HAL_RCC_GET_SPI123_SOURCE();
1824:Drivers/STM32H7xx_HAL_Driver/Src/stm32h7xx_hal_rcc_ex.c ****   /* Get the SPI4/5 clock source ---------------------------------------------*/
1825:Drivers/STM32H7xx_HAL_Driver/Src/stm32h7xx_hal_rcc_ex.c ****   PeriphClkInit->Spi45ClockSelection        = __HAL_RCC_GET_SPI45_SOURCE();
1826:Drivers/STM32H7xx_HAL_Driver/Src/stm32h7xx_hal_rcc_ex.c ****   /* Get the SPI6 clock source -----------------------------------------------*/
1827:Drivers/STM32H7xx_HAL_Driver/Src/stm32h7xx_hal_rcc_ex.c ****   PeriphClkInit->Spi6ClockSelection         = __HAL_RCC_GET_SPI6_SOURCE();
1828:Drivers/STM32H7xx_HAL_Driver/Src/stm32h7xx_hal_rcc_ex.c ****   /* Get the FDCAN clock source ----------------------------------------------*/
1829:Drivers/STM32H7xx_HAL_Driver/Src/stm32h7xx_hal_rcc_ex.c ****   PeriphClkInit->FdcanClockSelection        = __HAL_RCC_GET_FDCAN_SOURCE();
1830:Drivers/STM32H7xx_HAL_Driver/Src/stm32h7xx_hal_rcc_ex.c ****   /* Get the CEC clock source ------------------------------------------------*/
1831:Drivers/STM32H7xx_HAL_Driver/Src/stm32h7xx_hal_rcc_ex.c ****   PeriphClkInit->CecClockSelection          = __HAL_RCC_GET_CEC_SOURCE();
1832:Drivers/STM32H7xx_HAL_Driver/Src/stm32h7xx_hal_rcc_ex.c ****   /* Get the FMC clock source ------------------------------------------------*/
1833:Drivers/STM32H7xx_HAL_Driver/Src/stm32h7xx_hal_rcc_ex.c ****   PeriphClkInit->FmcClockSelection          = __HAL_RCC_GET_FMC_SOURCE();
1834:Drivers/STM32H7xx_HAL_Driver/Src/stm32h7xx_hal_rcc_ex.c **** #if defined(QUADSPI)
1835:Drivers/STM32H7xx_HAL_Driver/Src/stm32h7xx_hal_rcc_ex.c ****   /* Get the QSPI clock source -----------------------------------------------*/
1836:Drivers/STM32H7xx_HAL_Driver/Src/stm32h7xx_hal_rcc_ex.c ****   PeriphClkInit->QspiClockSelection         = __HAL_RCC_GET_QSPI_SOURCE();
1837:Drivers/STM32H7xx_HAL_Driver/Src/stm32h7xx_hal_rcc_ex.c **** #endif /* QUADSPI */
1838:Drivers/STM32H7xx_HAL_Driver/Src/stm32h7xx_hal_rcc_ex.c **** #if defined(OCTOSPI1) || defined(OCTOSPI2)
1839:Drivers/STM32H7xx_HAL_Driver/Src/stm32h7xx_hal_rcc_ex.c ****   /* Get the OSPI clock source -----------------------------------------------*/
1840:Drivers/STM32H7xx_HAL_Driver/Src/stm32h7xx_hal_rcc_ex.c ****   PeriphClkInit->OspiClockSelection         = __HAL_RCC_GET_OSPI_SOURCE();
1841:Drivers/STM32H7xx_HAL_Driver/Src/stm32h7xx_hal_rcc_ex.c **** #endif /* OCTOSPI1 || OCTOSPI2 */
1842:Drivers/STM32H7xx_HAL_Driver/Src/stm32h7xx_hal_rcc_ex.c **** 
1843:Drivers/STM32H7xx_HAL_Driver/Src/stm32h7xx_hal_rcc_ex.c **** #if defined(DSI)
1844:Drivers/STM32H7xx_HAL_Driver/Src/stm32h7xx_hal_rcc_ex.c ****   /* Get the DSI clock source ------------------------------------------------*/
1845:Drivers/STM32H7xx_HAL_Driver/Src/stm32h7xx_hal_rcc_ex.c ****   PeriphClkInit->DsiClockSelection          = __HAL_RCC_GET_DSI_SOURCE();
1846:Drivers/STM32H7xx_HAL_Driver/Src/stm32h7xx_hal_rcc_ex.c **** #endif /*DSI*/
1847:Drivers/STM32H7xx_HAL_Driver/Src/stm32h7xx_hal_rcc_ex.c **** 
1848:Drivers/STM32H7xx_HAL_Driver/Src/stm32h7xx_hal_rcc_ex.c ****   /* Get the CKPER clock source ----------------------------------------------*/
1849:Drivers/STM32H7xx_HAL_Driver/Src/stm32h7xx_hal_rcc_ex.c ****   PeriphClkInit->CkperClockSelection        = __HAL_RCC_GET_CLKP_SOURCE();
1850:Drivers/STM32H7xx_HAL_Driver/Src/stm32h7xx_hal_rcc_ex.c **** 
1851:Drivers/STM32H7xx_HAL_Driver/Src/stm32h7xx_hal_rcc_ex.c ****   /* Get the TIM Prescaler configuration -------------------------------------*/
1852:Drivers/STM32H7xx_HAL_Driver/Src/stm32h7xx_hal_rcc_ex.c ****   if ((RCC->CFGR & RCC_CFGR_TIMPRE) == 0U)
1853:Drivers/STM32H7xx_HAL_Driver/Src/stm32h7xx_hal_rcc_ex.c ****   {
1854:Drivers/STM32H7xx_HAL_Driver/Src/stm32h7xx_hal_rcc_ex.c ****     PeriphClkInit->TIMPresSelection = RCC_TIMPRES_DESACTIVATED;
1855:Drivers/STM32H7xx_HAL_Driver/Src/stm32h7xx_hal_rcc_ex.c ****   }
ARM GAS  C:\Users\jason\AppData\Local\Temp\ccSG31kR.s 			page 34


1856:Drivers/STM32H7xx_HAL_Driver/Src/stm32h7xx_hal_rcc_ex.c ****   else
1857:Drivers/STM32H7xx_HAL_Driver/Src/stm32h7xx_hal_rcc_ex.c ****   {
1858:Drivers/STM32H7xx_HAL_Driver/Src/stm32h7xx_hal_rcc_ex.c ****     PeriphClkInit->TIMPresSelection = RCC_TIMPRES_ACTIVATED;
1859:Drivers/STM32H7xx_HAL_Driver/Src/stm32h7xx_hal_rcc_ex.c ****   }
1860:Drivers/STM32H7xx_HAL_Driver/Src/stm32h7xx_hal_rcc_ex.c **** }
1861:Drivers/STM32H7xx_HAL_Driver/Src/stm32h7xx_hal_rcc_ex.c **** 
1862:Drivers/STM32H7xx_HAL_Driver/Src/stm32h7xx_hal_rcc_ex.c **** /**
1863:Drivers/STM32H7xx_HAL_Driver/Src/stm32h7xx_hal_rcc_ex.c ****   * @brief  Return the peripheral clock frequency for a given peripheral(SAI..)
1864:Drivers/STM32H7xx_HAL_Driver/Src/stm32h7xx_hal_rcc_ex.c ****   * @note   Return 0 if peripheral clock identifier not managed by this API
1865:Drivers/STM32H7xx_HAL_Driver/Src/stm32h7xx_hal_rcc_ex.c ****   * @param  PeriphClk: Peripheral clock identifier
1866:Drivers/STM32H7xx_HAL_Driver/Src/stm32h7xx_hal_rcc_ex.c ****   *         This parameter can be one of the following values:
1867:Drivers/STM32H7xx_HAL_Driver/Src/stm32h7xx_hal_rcc_ex.c ****   *            @arg RCC_PERIPHCLK_SAI1  : SAI1 peripheral clock
1868:Drivers/STM32H7xx_HAL_Driver/Src/stm32h7xx_hal_rcc_ex.c ****   *            @arg RCC_PERIPHCLK_SAI23 : SAI2/3  peripheral clock (*)
1869:Drivers/STM32H7xx_HAL_Driver/Src/stm32h7xx_hal_rcc_ex.c ****   *            @arg RCC_PERIPHCLK_SAI2A : SAI2A peripheral clock (*)
1870:Drivers/STM32H7xx_HAL_Driver/Src/stm32h7xx_hal_rcc_ex.c ****   *            @arg RCC_PERIPHCLK_SAI2B : SAI2B peripheral clock (*)
1871:Drivers/STM32H7xx_HAL_Driver/Src/stm32h7xx_hal_rcc_ex.c ****   *            @arg RCC_PERIPHCLK_SAI4A : SAI4A peripheral clock (*)
1872:Drivers/STM32H7xx_HAL_Driver/Src/stm32h7xx_hal_rcc_ex.c ****   *            @arg RCC_PERIPHCLK_SAI4B : SAI4B peripheral clock (*)
1873:Drivers/STM32H7xx_HAL_Driver/Src/stm32h7xx_hal_rcc_ex.c ****   *            @arg RCC_PERIPHCLK_SPI123: SPI1/2/3 peripheral clock
1874:Drivers/STM32H7xx_HAL_Driver/Src/stm32h7xx_hal_rcc_ex.c ****   *            @arg RCC_PERIPHCLK_ADC   : ADC peripheral clock
1875:Drivers/STM32H7xx_HAL_Driver/Src/stm32h7xx_hal_rcc_ex.c ****   *            @arg RCC_PERIPHCLK_SDMMC : SDMMC peripheral clock
1876:Drivers/STM32H7xx_HAL_Driver/Src/stm32h7xx_hal_rcc_ex.c ****   *            @arg RCC_PERIPHCLK_SPI6  : SPI6 peripheral clock
1877:Drivers/STM32H7xx_HAL_Driver/Src/stm32h7xx_hal_rcc_ex.c ****   * @retval Frequency in KHz
1878:Drivers/STM32H7xx_HAL_Driver/Src/stm32h7xx_hal_rcc_ex.c ****   *
1879:Drivers/STM32H7xx_HAL_Driver/Src/stm32h7xx_hal_rcc_ex.c ****   *  (*) : Available on some STM32H7 lines only.
1880:Drivers/STM32H7xx_HAL_Driver/Src/stm32h7xx_hal_rcc_ex.c ****   */
1881:Drivers/STM32H7xx_HAL_Driver/Src/stm32h7xx_hal_rcc_ex.c **** uint32_t HAL_RCCEx_GetPeriphCLKFreq(uint64_t PeriphClk)
1882:Drivers/STM32H7xx_HAL_Driver/Src/stm32h7xx_hal_rcc_ex.c **** {
1883:Drivers/STM32H7xx_HAL_Driver/Src/stm32h7xx_hal_rcc_ex.c ****   PLL1_ClocksTypeDef pll1_clocks;
1884:Drivers/STM32H7xx_HAL_Driver/Src/stm32h7xx_hal_rcc_ex.c ****   PLL2_ClocksTypeDef pll2_clocks;
1885:Drivers/STM32H7xx_HAL_Driver/Src/stm32h7xx_hal_rcc_ex.c ****   PLL3_ClocksTypeDef pll3_clocks;
1886:Drivers/STM32H7xx_HAL_Driver/Src/stm32h7xx_hal_rcc_ex.c **** 
1887:Drivers/STM32H7xx_HAL_Driver/Src/stm32h7xx_hal_rcc_ex.c ****   /* This variable is used to store the clock frequency (value in Hz) */
1888:Drivers/STM32H7xx_HAL_Driver/Src/stm32h7xx_hal_rcc_ex.c ****   uint32_t frequency;
1889:Drivers/STM32H7xx_HAL_Driver/Src/stm32h7xx_hal_rcc_ex.c ****   /* This variable is used to store the SAI and CKP clock source */
1890:Drivers/STM32H7xx_HAL_Driver/Src/stm32h7xx_hal_rcc_ex.c ****   uint32_t saiclocksource;
1891:Drivers/STM32H7xx_HAL_Driver/Src/stm32h7xx_hal_rcc_ex.c ****   uint32_t ckpclocksource;
1892:Drivers/STM32H7xx_HAL_Driver/Src/stm32h7xx_hal_rcc_ex.c ****   uint32_t srcclk;
1893:Drivers/STM32H7xx_HAL_Driver/Src/stm32h7xx_hal_rcc_ex.c **** 
1894:Drivers/STM32H7xx_HAL_Driver/Src/stm32h7xx_hal_rcc_ex.c ****   if (PeriphClk == RCC_PERIPHCLK_SAI1)
1895:Drivers/STM32H7xx_HAL_Driver/Src/stm32h7xx_hal_rcc_ex.c ****   {
1896:Drivers/STM32H7xx_HAL_Driver/Src/stm32h7xx_hal_rcc_ex.c **** 
1897:Drivers/STM32H7xx_HAL_Driver/Src/stm32h7xx_hal_rcc_ex.c ****     saiclocksource = __HAL_RCC_GET_SAI1_SOURCE();
1898:Drivers/STM32H7xx_HAL_Driver/Src/stm32h7xx_hal_rcc_ex.c **** 
1899:Drivers/STM32H7xx_HAL_Driver/Src/stm32h7xx_hal_rcc_ex.c ****     switch (saiclocksource)
1900:Drivers/STM32H7xx_HAL_Driver/Src/stm32h7xx_hal_rcc_ex.c ****     {
1901:Drivers/STM32H7xx_HAL_Driver/Src/stm32h7xx_hal_rcc_ex.c ****       case RCC_SAI1CLKSOURCE_PLL: /* PLL1 is the clock source for SAI1 */
1902:Drivers/STM32H7xx_HAL_Driver/Src/stm32h7xx_hal_rcc_ex.c ****       {
1903:Drivers/STM32H7xx_HAL_Driver/Src/stm32h7xx_hal_rcc_ex.c ****         if (HAL_IS_BIT_SET(RCC->CR, RCC_CR_PLL1RDY))
1904:Drivers/STM32H7xx_HAL_Driver/Src/stm32h7xx_hal_rcc_ex.c ****         {
1905:Drivers/STM32H7xx_HAL_Driver/Src/stm32h7xx_hal_rcc_ex.c ****           HAL_RCCEx_GetPLL1ClockFreq(&pll1_clocks);
1906:Drivers/STM32H7xx_HAL_Driver/Src/stm32h7xx_hal_rcc_ex.c ****           frequency = pll1_clocks.PLL1_Q_Frequency;
1907:Drivers/STM32H7xx_HAL_Driver/Src/stm32h7xx_hal_rcc_ex.c ****         }
1908:Drivers/STM32H7xx_HAL_Driver/Src/stm32h7xx_hal_rcc_ex.c ****         else
1909:Drivers/STM32H7xx_HAL_Driver/Src/stm32h7xx_hal_rcc_ex.c ****         {
1910:Drivers/STM32H7xx_HAL_Driver/Src/stm32h7xx_hal_rcc_ex.c ****           frequency = 0;
1911:Drivers/STM32H7xx_HAL_Driver/Src/stm32h7xx_hal_rcc_ex.c ****         }
1912:Drivers/STM32H7xx_HAL_Driver/Src/stm32h7xx_hal_rcc_ex.c ****         break;
ARM GAS  C:\Users\jason\AppData\Local\Temp\ccSG31kR.s 			page 35


1913:Drivers/STM32H7xx_HAL_Driver/Src/stm32h7xx_hal_rcc_ex.c ****       }
1914:Drivers/STM32H7xx_HAL_Driver/Src/stm32h7xx_hal_rcc_ex.c ****       case RCC_SAI1CLKSOURCE_PLL2: /* PLL2 is the clock source for SAI1 */
1915:Drivers/STM32H7xx_HAL_Driver/Src/stm32h7xx_hal_rcc_ex.c ****       {
1916:Drivers/STM32H7xx_HAL_Driver/Src/stm32h7xx_hal_rcc_ex.c ****         if (HAL_IS_BIT_SET(RCC->CR, RCC_CR_PLL2RDY))
1917:Drivers/STM32H7xx_HAL_Driver/Src/stm32h7xx_hal_rcc_ex.c ****         {
1918:Drivers/STM32H7xx_HAL_Driver/Src/stm32h7xx_hal_rcc_ex.c ****           HAL_RCCEx_GetPLL2ClockFreq(&pll2_clocks);
1919:Drivers/STM32H7xx_HAL_Driver/Src/stm32h7xx_hal_rcc_ex.c ****           frequency = pll2_clocks.PLL2_P_Frequency;
1920:Drivers/STM32H7xx_HAL_Driver/Src/stm32h7xx_hal_rcc_ex.c ****         }
1921:Drivers/STM32H7xx_HAL_Driver/Src/stm32h7xx_hal_rcc_ex.c ****         else
1922:Drivers/STM32H7xx_HAL_Driver/Src/stm32h7xx_hal_rcc_ex.c ****         {
1923:Drivers/STM32H7xx_HAL_Driver/Src/stm32h7xx_hal_rcc_ex.c ****           frequency = 0;
1924:Drivers/STM32H7xx_HAL_Driver/Src/stm32h7xx_hal_rcc_ex.c ****         }
1925:Drivers/STM32H7xx_HAL_Driver/Src/stm32h7xx_hal_rcc_ex.c ****         break;
1926:Drivers/STM32H7xx_HAL_Driver/Src/stm32h7xx_hal_rcc_ex.c ****       }
1927:Drivers/STM32H7xx_HAL_Driver/Src/stm32h7xx_hal_rcc_ex.c **** 
1928:Drivers/STM32H7xx_HAL_Driver/Src/stm32h7xx_hal_rcc_ex.c ****       case RCC_SAI1CLKSOURCE_PLL3: /* PLL3 is the clock source for SAI1 */
1929:Drivers/STM32H7xx_HAL_Driver/Src/stm32h7xx_hal_rcc_ex.c ****       {
1930:Drivers/STM32H7xx_HAL_Driver/Src/stm32h7xx_hal_rcc_ex.c ****         if (HAL_IS_BIT_SET(RCC->CR, RCC_CR_PLL3RDY))
1931:Drivers/STM32H7xx_HAL_Driver/Src/stm32h7xx_hal_rcc_ex.c ****         {
1932:Drivers/STM32H7xx_HAL_Driver/Src/stm32h7xx_hal_rcc_ex.c ****           HAL_RCCEx_GetPLL3ClockFreq(&pll3_clocks);
1933:Drivers/STM32H7xx_HAL_Driver/Src/stm32h7xx_hal_rcc_ex.c ****           frequency = pll3_clocks.PLL3_P_Frequency;
1934:Drivers/STM32H7xx_HAL_Driver/Src/stm32h7xx_hal_rcc_ex.c ****         }
1935:Drivers/STM32H7xx_HAL_Driver/Src/stm32h7xx_hal_rcc_ex.c ****         else
1936:Drivers/STM32H7xx_HAL_Driver/Src/stm32h7xx_hal_rcc_ex.c ****         {
1937:Drivers/STM32H7xx_HAL_Driver/Src/stm32h7xx_hal_rcc_ex.c ****           frequency = 0;
1938:Drivers/STM32H7xx_HAL_Driver/Src/stm32h7xx_hal_rcc_ex.c ****         }
1939:Drivers/STM32H7xx_HAL_Driver/Src/stm32h7xx_hal_rcc_ex.c ****         break;
1940:Drivers/STM32H7xx_HAL_Driver/Src/stm32h7xx_hal_rcc_ex.c ****       }
1941:Drivers/STM32H7xx_HAL_Driver/Src/stm32h7xx_hal_rcc_ex.c **** 
1942:Drivers/STM32H7xx_HAL_Driver/Src/stm32h7xx_hal_rcc_ex.c ****       case RCC_SAI1CLKSOURCE_CLKP: /* CKPER is the clock source for SAI1*/
1943:Drivers/STM32H7xx_HAL_Driver/Src/stm32h7xx_hal_rcc_ex.c ****       {
1944:Drivers/STM32H7xx_HAL_Driver/Src/stm32h7xx_hal_rcc_ex.c **** 
1945:Drivers/STM32H7xx_HAL_Driver/Src/stm32h7xx_hal_rcc_ex.c ****         ckpclocksource = __HAL_RCC_GET_CLKP_SOURCE();
1946:Drivers/STM32H7xx_HAL_Driver/Src/stm32h7xx_hal_rcc_ex.c **** 
1947:Drivers/STM32H7xx_HAL_Driver/Src/stm32h7xx_hal_rcc_ex.c ****         if ((HAL_IS_BIT_SET(RCC->CR, RCC_CR_HSIRDY)) && (ckpclocksource == RCC_CLKPSOURCE_HSI))
1948:Drivers/STM32H7xx_HAL_Driver/Src/stm32h7xx_hal_rcc_ex.c ****         {
1949:Drivers/STM32H7xx_HAL_Driver/Src/stm32h7xx_hal_rcc_ex.c ****           /* In Case the CKPER Source is HSI */
1950:Drivers/STM32H7xx_HAL_Driver/Src/stm32h7xx_hal_rcc_ex.c ****           frequency = (HSI_VALUE >> (__HAL_RCC_GET_HSI_DIVIDER() >> 3));
1951:Drivers/STM32H7xx_HAL_Driver/Src/stm32h7xx_hal_rcc_ex.c ****         }
1952:Drivers/STM32H7xx_HAL_Driver/Src/stm32h7xx_hal_rcc_ex.c **** 
1953:Drivers/STM32H7xx_HAL_Driver/Src/stm32h7xx_hal_rcc_ex.c ****         else if ((HAL_IS_BIT_SET(RCC->CR, RCC_CR_CSIRDY)) && (ckpclocksource == RCC_CLKPSOURCE_CSI)
1954:Drivers/STM32H7xx_HAL_Driver/Src/stm32h7xx_hal_rcc_ex.c ****         {
1955:Drivers/STM32H7xx_HAL_Driver/Src/stm32h7xx_hal_rcc_ex.c ****           /* In Case the CKPER Source is CSI */
1956:Drivers/STM32H7xx_HAL_Driver/Src/stm32h7xx_hal_rcc_ex.c ****           frequency = CSI_VALUE;
1957:Drivers/STM32H7xx_HAL_Driver/Src/stm32h7xx_hal_rcc_ex.c ****         }
1958:Drivers/STM32H7xx_HAL_Driver/Src/stm32h7xx_hal_rcc_ex.c **** 
1959:Drivers/STM32H7xx_HAL_Driver/Src/stm32h7xx_hal_rcc_ex.c ****         else if ((HAL_IS_BIT_SET(RCC->CR, RCC_CR_HSERDY)) && (ckpclocksource == RCC_CLKPSOURCE_HSE)
1960:Drivers/STM32H7xx_HAL_Driver/Src/stm32h7xx_hal_rcc_ex.c ****         {
1961:Drivers/STM32H7xx_HAL_Driver/Src/stm32h7xx_hal_rcc_ex.c ****           /* In Case the CKPER Source is HSE */
1962:Drivers/STM32H7xx_HAL_Driver/Src/stm32h7xx_hal_rcc_ex.c ****           frequency = HSE_VALUE;
1963:Drivers/STM32H7xx_HAL_Driver/Src/stm32h7xx_hal_rcc_ex.c ****         }
1964:Drivers/STM32H7xx_HAL_Driver/Src/stm32h7xx_hal_rcc_ex.c **** 
1965:Drivers/STM32H7xx_HAL_Driver/Src/stm32h7xx_hal_rcc_ex.c ****         else
1966:Drivers/STM32H7xx_HAL_Driver/Src/stm32h7xx_hal_rcc_ex.c ****         {
1967:Drivers/STM32H7xx_HAL_Driver/Src/stm32h7xx_hal_rcc_ex.c ****           /* In Case the CKPER is disabled*/
1968:Drivers/STM32H7xx_HAL_Driver/Src/stm32h7xx_hal_rcc_ex.c ****           frequency = 0;
1969:Drivers/STM32H7xx_HAL_Driver/Src/stm32h7xx_hal_rcc_ex.c ****         }
ARM GAS  C:\Users\jason\AppData\Local\Temp\ccSG31kR.s 			page 36


1970:Drivers/STM32H7xx_HAL_Driver/Src/stm32h7xx_hal_rcc_ex.c **** 
1971:Drivers/STM32H7xx_HAL_Driver/Src/stm32h7xx_hal_rcc_ex.c ****         break;
1972:Drivers/STM32H7xx_HAL_Driver/Src/stm32h7xx_hal_rcc_ex.c ****       }
1973:Drivers/STM32H7xx_HAL_Driver/Src/stm32h7xx_hal_rcc_ex.c **** 
1974:Drivers/STM32H7xx_HAL_Driver/Src/stm32h7xx_hal_rcc_ex.c ****       case (RCC_SAI1CLKSOURCE_PIN): /* External clock is the clock source for SAI1 */
1975:Drivers/STM32H7xx_HAL_Driver/Src/stm32h7xx_hal_rcc_ex.c ****       {
1976:Drivers/STM32H7xx_HAL_Driver/Src/stm32h7xx_hal_rcc_ex.c ****         frequency = EXTERNAL_CLOCK_VALUE;
1977:Drivers/STM32H7xx_HAL_Driver/Src/stm32h7xx_hal_rcc_ex.c ****         break;
1978:Drivers/STM32H7xx_HAL_Driver/Src/stm32h7xx_hal_rcc_ex.c ****       }
1979:Drivers/STM32H7xx_HAL_Driver/Src/stm32h7xx_hal_rcc_ex.c ****       default :
1980:Drivers/STM32H7xx_HAL_Driver/Src/stm32h7xx_hal_rcc_ex.c ****       {
1981:Drivers/STM32H7xx_HAL_Driver/Src/stm32h7xx_hal_rcc_ex.c ****         frequency = 0;
1982:Drivers/STM32H7xx_HAL_Driver/Src/stm32h7xx_hal_rcc_ex.c ****         break;
1983:Drivers/STM32H7xx_HAL_Driver/Src/stm32h7xx_hal_rcc_ex.c ****       }
1984:Drivers/STM32H7xx_HAL_Driver/Src/stm32h7xx_hal_rcc_ex.c ****     }
1985:Drivers/STM32H7xx_HAL_Driver/Src/stm32h7xx_hal_rcc_ex.c ****   }
1986:Drivers/STM32H7xx_HAL_Driver/Src/stm32h7xx_hal_rcc_ex.c **** 
1987:Drivers/STM32H7xx_HAL_Driver/Src/stm32h7xx_hal_rcc_ex.c **** #if defined(SAI3)
1988:Drivers/STM32H7xx_HAL_Driver/Src/stm32h7xx_hal_rcc_ex.c ****   else if (PeriphClk == RCC_PERIPHCLK_SAI23)
1989:Drivers/STM32H7xx_HAL_Driver/Src/stm32h7xx_hal_rcc_ex.c ****   {
1990:Drivers/STM32H7xx_HAL_Driver/Src/stm32h7xx_hal_rcc_ex.c **** 
1991:Drivers/STM32H7xx_HAL_Driver/Src/stm32h7xx_hal_rcc_ex.c ****     saiclocksource = __HAL_RCC_GET_SAI23_SOURCE();
1992:Drivers/STM32H7xx_HAL_Driver/Src/stm32h7xx_hal_rcc_ex.c **** 
1993:Drivers/STM32H7xx_HAL_Driver/Src/stm32h7xx_hal_rcc_ex.c ****     switch (saiclocksource)
1994:Drivers/STM32H7xx_HAL_Driver/Src/stm32h7xx_hal_rcc_ex.c ****     {
1995:Drivers/STM32H7xx_HAL_Driver/Src/stm32h7xx_hal_rcc_ex.c ****       case RCC_SAI23CLKSOURCE_PLL: /* PLL1 is the clock source for SAI2/3 */
1996:Drivers/STM32H7xx_HAL_Driver/Src/stm32h7xx_hal_rcc_ex.c ****       {
1997:Drivers/STM32H7xx_HAL_Driver/Src/stm32h7xx_hal_rcc_ex.c ****         if (HAL_IS_BIT_SET(RCC->CR, RCC_CR_PLL1RDY))
1998:Drivers/STM32H7xx_HAL_Driver/Src/stm32h7xx_hal_rcc_ex.c ****         {
1999:Drivers/STM32H7xx_HAL_Driver/Src/stm32h7xx_hal_rcc_ex.c ****           HAL_RCCEx_GetPLL1ClockFreq(&pll1_clocks);
2000:Drivers/STM32H7xx_HAL_Driver/Src/stm32h7xx_hal_rcc_ex.c ****           frequency = pll1_clocks.PLL1_Q_Frequency;
2001:Drivers/STM32H7xx_HAL_Driver/Src/stm32h7xx_hal_rcc_ex.c ****         }
2002:Drivers/STM32H7xx_HAL_Driver/Src/stm32h7xx_hal_rcc_ex.c ****         else
2003:Drivers/STM32H7xx_HAL_Driver/Src/stm32h7xx_hal_rcc_ex.c ****         {
2004:Drivers/STM32H7xx_HAL_Driver/Src/stm32h7xx_hal_rcc_ex.c ****           frequency = 0;
2005:Drivers/STM32H7xx_HAL_Driver/Src/stm32h7xx_hal_rcc_ex.c ****         }
2006:Drivers/STM32H7xx_HAL_Driver/Src/stm32h7xx_hal_rcc_ex.c ****         break;
2007:Drivers/STM32H7xx_HAL_Driver/Src/stm32h7xx_hal_rcc_ex.c ****       }
2008:Drivers/STM32H7xx_HAL_Driver/Src/stm32h7xx_hal_rcc_ex.c ****       case RCC_SAI23CLKSOURCE_PLL2: /* PLL2 is the clock source for SAI2/3 */
2009:Drivers/STM32H7xx_HAL_Driver/Src/stm32h7xx_hal_rcc_ex.c ****       {
2010:Drivers/STM32H7xx_HAL_Driver/Src/stm32h7xx_hal_rcc_ex.c ****         if (HAL_IS_BIT_SET(RCC->CR, RCC_CR_PLL2RDY))
2011:Drivers/STM32H7xx_HAL_Driver/Src/stm32h7xx_hal_rcc_ex.c ****         {
2012:Drivers/STM32H7xx_HAL_Driver/Src/stm32h7xx_hal_rcc_ex.c ****           HAL_RCCEx_GetPLL2ClockFreq(&pll2_clocks);
2013:Drivers/STM32H7xx_HAL_Driver/Src/stm32h7xx_hal_rcc_ex.c ****           frequency = pll2_clocks.PLL2_P_Frequency;
2014:Drivers/STM32H7xx_HAL_Driver/Src/stm32h7xx_hal_rcc_ex.c ****         }
2015:Drivers/STM32H7xx_HAL_Driver/Src/stm32h7xx_hal_rcc_ex.c ****         else
2016:Drivers/STM32H7xx_HAL_Driver/Src/stm32h7xx_hal_rcc_ex.c ****         {
2017:Drivers/STM32H7xx_HAL_Driver/Src/stm32h7xx_hal_rcc_ex.c ****           frequency = 0;
2018:Drivers/STM32H7xx_HAL_Driver/Src/stm32h7xx_hal_rcc_ex.c ****         }
2019:Drivers/STM32H7xx_HAL_Driver/Src/stm32h7xx_hal_rcc_ex.c ****         break;
2020:Drivers/STM32H7xx_HAL_Driver/Src/stm32h7xx_hal_rcc_ex.c ****       }
2021:Drivers/STM32H7xx_HAL_Driver/Src/stm32h7xx_hal_rcc_ex.c **** 
2022:Drivers/STM32H7xx_HAL_Driver/Src/stm32h7xx_hal_rcc_ex.c ****       case RCC_SAI23CLKSOURCE_PLL3: /* PLL3 is the clock source for SAI2/3 */
2023:Drivers/STM32H7xx_HAL_Driver/Src/stm32h7xx_hal_rcc_ex.c ****       {
2024:Drivers/STM32H7xx_HAL_Driver/Src/stm32h7xx_hal_rcc_ex.c ****         if (HAL_IS_BIT_SET(RCC->CR, RCC_CR_PLL3RDY))
2025:Drivers/STM32H7xx_HAL_Driver/Src/stm32h7xx_hal_rcc_ex.c ****         {
2026:Drivers/STM32H7xx_HAL_Driver/Src/stm32h7xx_hal_rcc_ex.c ****           HAL_RCCEx_GetPLL3ClockFreq(&pll3_clocks);
ARM GAS  C:\Users\jason\AppData\Local\Temp\ccSG31kR.s 			page 37


2027:Drivers/STM32H7xx_HAL_Driver/Src/stm32h7xx_hal_rcc_ex.c ****           frequency = pll3_clocks.PLL3_P_Frequency;
2028:Drivers/STM32H7xx_HAL_Driver/Src/stm32h7xx_hal_rcc_ex.c ****         }
2029:Drivers/STM32H7xx_HAL_Driver/Src/stm32h7xx_hal_rcc_ex.c ****         else
2030:Drivers/STM32H7xx_HAL_Driver/Src/stm32h7xx_hal_rcc_ex.c ****         {
2031:Drivers/STM32H7xx_HAL_Driver/Src/stm32h7xx_hal_rcc_ex.c ****           frequency = 0;
2032:Drivers/STM32H7xx_HAL_Driver/Src/stm32h7xx_hal_rcc_ex.c ****         }
2033:Drivers/STM32H7xx_HAL_Driver/Src/stm32h7xx_hal_rcc_ex.c ****         break;
2034:Drivers/STM32H7xx_HAL_Driver/Src/stm32h7xx_hal_rcc_ex.c ****       }
2035:Drivers/STM32H7xx_HAL_Driver/Src/stm32h7xx_hal_rcc_ex.c **** 
2036:Drivers/STM32H7xx_HAL_Driver/Src/stm32h7xx_hal_rcc_ex.c ****       case RCC_SAI23CLKSOURCE_CLKP: /* CKPER is the clock source for SAI2/3 */
2037:Drivers/STM32H7xx_HAL_Driver/Src/stm32h7xx_hal_rcc_ex.c ****       {
2038:Drivers/STM32H7xx_HAL_Driver/Src/stm32h7xx_hal_rcc_ex.c **** 
2039:Drivers/STM32H7xx_HAL_Driver/Src/stm32h7xx_hal_rcc_ex.c ****         ckpclocksource = __HAL_RCC_GET_CLKP_SOURCE();
2040:Drivers/STM32H7xx_HAL_Driver/Src/stm32h7xx_hal_rcc_ex.c **** 
2041:Drivers/STM32H7xx_HAL_Driver/Src/stm32h7xx_hal_rcc_ex.c ****         if ((HAL_IS_BIT_SET(RCC->CR, RCC_CR_HSIRDY)) && (ckpclocksource == RCC_CLKPSOURCE_HSI))
2042:Drivers/STM32H7xx_HAL_Driver/Src/stm32h7xx_hal_rcc_ex.c ****         {
2043:Drivers/STM32H7xx_HAL_Driver/Src/stm32h7xx_hal_rcc_ex.c ****           /* In Case the CKPER Source is HSI */
2044:Drivers/STM32H7xx_HAL_Driver/Src/stm32h7xx_hal_rcc_ex.c ****           frequency = (HSI_VALUE >> (__HAL_RCC_GET_HSI_DIVIDER() >> 3));
2045:Drivers/STM32H7xx_HAL_Driver/Src/stm32h7xx_hal_rcc_ex.c ****         }
2046:Drivers/STM32H7xx_HAL_Driver/Src/stm32h7xx_hal_rcc_ex.c **** 
2047:Drivers/STM32H7xx_HAL_Driver/Src/stm32h7xx_hal_rcc_ex.c ****         else if ((HAL_IS_BIT_SET(RCC->CR, RCC_CR_CSIRDY)) && (ckpclocksource == RCC_CLKPSOURCE_CSI)
2048:Drivers/STM32H7xx_HAL_Driver/Src/stm32h7xx_hal_rcc_ex.c ****         {
2049:Drivers/STM32H7xx_HAL_Driver/Src/stm32h7xx_hal_rcc_ex.c ****           /* In Case the CKPER Source is CSI */
2050:Drivers/STM32H7xx_HAL_Driver/Src/stm32h7xx_hal_rcc_ex.c ****           frequency = CSI_VALUE;
2051:Drivers/STM32H7xx_HAL_Driver/Src/stm32h7xx_hal_rcc_ex.c ****         }
2052:Drivers/STM32H7xx_HAL_Driver/Src/stm32h7xx_hal_rcc_ex.c **** 
2053:Drivers/STM32H7xx_HAL_Driver/Src/stm32h7xx_hal_rcc_ex.c ****         else if ((HAL_IS_BIT_SET(RCC->CR, RCC_CR_HSERDY)) && (ckpclocksource == RCC_CLKPSOURCE_HSE)
2054:Drivers/STM32H7xx_HAL_Driver/Src/stm32h7xx_hal_rcc_ex.c ****         {
2055:Drivers/STM32H7xx_HAL_Driver/Src/stm32h7xx_hal_rcc_ex.c ****           /* In Case the CKPER Source is HSE */
2056:Drivers/STM32H7xx_HAL_Driver/Src/stm32h7xx_hal_rcc_ex.c ****           frequency = HSE_VALUE;
2057:Drivers/STM32H7xx_HAL_Driver/Src/stm32h7xx_hal_rcc_ex.c ****         }
2058:Drivers/STM32H7xx_HAL_Driver/Src/stm32h7xx_hal_rcc_ex.c **** 
2059:Drivers/STM32H7xx_HAL_Driver/Src/stm32h7xx_hal_rcc_ex.c ****         else
2060:Drivers/STM32H7xx_HAL_Driver/Src/stm32h7xx_hal_rcc_ex.c ****         {
2061:Drivers/STM32H7xx_HAL_Driver/Src/stm32h7xx_hal_rcc_ex.c ****           /* In Case the CKPER is disabled*/
2062:Drivers/STM32H7xx_HAL_Driver/Src/stm32h7xx_hal_rcc_ex.c ****           frequency = 0;
2063:Drivers/STM32H7xx_HAL_Driver/Src/stm32h7xx_hal_rcc_ex.c ****         }
2064:Drivers/STM32H7xx_HAL_Driver/Src/stm32h7xx_hal_rcc_ex.c **** 
2065:Drivers/STM32H7xx_HAL_Driver/Src/stm32h7xx_hal_rcc_ex.c ****         break;
2066:Drivers/STM32H7xx_HAL_Driver/Src/stm32h7xx_hal_rcc_ex.c ****       }
2067:Drivers/STM32H7xx_HAL_Driver/Src/stm32h7xx_hal_rcc_ex.c **** 
2068:Drivers/STM32H7xx_HAL_Driver/Src/stm32h7xx_hal_rcc_ex.c ****       case (RCC_SAI23CLKSOURCE_PIN): /* External clock is the clock source for SAI2/3 */
2069:Drivers/STM32H7xx_HAL_Driver/Src/stm32h7xx_hal_rcc_ex.c ****       {
2070:Drivers/STM32H7xx_HAL_Driver/Src/stm32h7xx_hal_rcc_ex.c ****         frequency = EXTERNAL_CLOCK_VALUE;
2071:Drivers/STM32H7xx_HAL_Driver/Src/stm32h7xx_hal_rcc_ex.c ****         break;
2072:Drivers/STM32H7xx_HAL_Driver/Src/stm32h7xx_hal_rcc_ex.c ****       }
2073:Drivers/STM32H7xx_HAL_Driver/Src/stm32h7xx_hal_rcc_ex.c ****       default :
2074:Drivers/STM32H7xx_HAL_Driver/Src/stm32h7xx_hal_rcc_ex.c ****       {
2075:Drivers/STM32H7xx_HAL_Driver/Src/stm32h7xx_hal_rcc_ex.c ****         frequency = 0;
2076:Drivers/STM32H7xx_HAL_Driver/Src/stm32h7xx_hal_rcc_ex.c ****         break;
2077:Drivers/STM32H7xx_HAL_Driver/Src/stm32h7xx_hal_rcc_ex.c ****       }
2078:Drivers/STM32H7xx_HAL_Driver/Src/stm32h7xx_hal_rcc_ex.c ****     }
2079:Drivers/STM32H7xx_HAL_Driver/Src/stm32h7xx_hal_rcc_ex.c ****   }
2080:Drivers/STM32H7xx_HAL_Driver/Src/stm32h7xx_hal_rcc_ex.c **** #endif /* SAI3 */
2081:Drivers/STM32H7xx_HAL_Driver/Src/stm32h7xx_hal_rcc_ex.c **** 
2082:Drivers/STM32H7xx_HAL_Driver/Src/stm32h7xx_hal_rcc_ex.c **** #if  defined(RCC_CDCCIP1R_SAI2ASEL)
2083:Drivers/STM32H7xx_HAL_Driver/Src/stm32h7xx_hal_rcc_ex.c **** 
ARM GAS  C:\Users\jason\AppData\Local\Temp\ccSG31kR.s 			page 38


2084:Drivers/STM32H7xx_HAL_Driver/Src/stm32h7xx_hal_rcc_ex.c ****   else if (PeriphClk == RCC_PERIPHCLK_SAI2A)
2085:Drivers/STM32H7xx_HAL_Driver/Src/stm32h7xx_hal_rcc_ex.c ****   {
2086:Drivers/STM32H7xx_HAL_Driver/Src/stm32h7xx_hal_rcc_ex.c ****     saiclocksource = __HAL_RCC_GET_SAI2A_SOURCE();
2087:Drivers/STM32H7xx_HAL_Driver/Src/stm32h7xx_hal_rcc_ex.c **** 
2088:Drivers/STM32H7xx_HAL_Driver/Src/stm32h7xx_hal_rcc_ex.c ****     switch (saiclocksource)
2089:Drivers/STM32H7xx_HAL_Driver/Src/stm32h7xx_hal_rcc_ex.c ****     {
2090:Drivers/STM32H7xx_HAL_Driver/Src/stm32h7xx_hal_rcc_ex.c ****       case RCC_SAI2ACLKSOURCE_PLL: /* PLL1 is the clock source for SAI2A */
2091:Drivers/STM32H7xx_HAL_Driver/Src/stm32h7xx_hal_rcc_ex.c ****       {
2092:Drivers/STM32H7xx_HAL_Driver/Src/stm32h7xx_hal_rcc_ex.c ****         if (HAL_IS_BIT_SET(RCC->CR, RCC_CR_PLL1RDY))
2093:Drivers/STM32H7xx_HAL_Driver/Src/stm32h7xx_hal_rcc_ex.c ****         {
2094:Drivers/STM32H7xx_HAL_Driver/Src/stm32h7xx_hal_rcc_ex.c ****           HAL_RCCEx_GetPLL1ClockFreq(&pll1_clocks);
2095:Drivers/STM32H7xx_HAL_Driver/Src/stm32h7xx_hal_rcc_ex.c ****           frequency = pll1_clocks.PLL1_Q_Frequency;
2096:Drivers/STM32H7xx_HAL_Driver/Src/stm32h7xx_hal_rcc_ex.c ****         }
2097:Drivers/STM32H7xx_HAL_Driver/Src/stm32h7xx_hal_rcc_ex.c ****         else
2098:Drivers/STM32H7xx_HAL_Driver/Src/stm32h7xx_hal_rcc_ex.c ****         {
2099:Drivers/STM32H7xx_HAL_Driver/Src/stm32h7xx_hal_rcc_ex.c ****           frequency = 0;
2100:Drivers/STM32H7xx_HAL_Driver/Src/stm32h7xx_hal_rcc_ex.c ****         }
2101:Drivers/STM32H7xx_HAL_Driver/Src/stm32h7xx_hal_rcc_ex.c ****         break;
2102:Drivers/STM32H7xx_HAL_Driver/Src/stm32h7xx_hal_rcc_ex.c ****       }
2103:Drivers/STM32H7xx_HAL_Driver/Src/stm32h7xx_hal_rcc_ex.c ****       case RCC_SAI2ACLKSOURCE_PLL2: /* PLLI2 is the clock source for SAI2A */
2104:Drivers/STM32H7xx_HAL_Driver/Src/stm32h7xx_hal_rcc_ex.c ****       {
2105:Drivers/STM32H7xx_HAL_Driver/Src/stm32h7xx_hal_rcc_ex.c ****         if (HAL_IS_BIT_SET(RCC->CR, RCC_CR_PLL2RDY))
2106:Drivers/STM32H7xx_HAL_Driver/Src/stm32h7xx_hal_rcc_ex.c ****         {
2107:Drivers/STM32H7xx_HAL_Driver/Src/stm32h7xx_hal_rcc_ex.c ****           HAL_RCCEx_GetPLL2ClockFreq(&pll2_clocks);
2108:Drivers/STM32H7xx_HAL_Driver/Src/stm32h7xx_hal_rcc_ex.c ****           frequency = pll2_clocks.PLL2_P_Frequency;
2109:Drivers/STM32H7xx_HAL_Driver/Src/stm32h7xx_hal_rcc_ex.c ****         }
2110:Drivers/STM32H7xx_HAL_Driver/Src/stm32h7xx_hal_rcc_ex.c ****         else
2111:Drivers/STM32H7xx_HAL_Driver/Src/stm32h7xx_hal_rcc_ex.c ****         {
2112:Drivers/STM32H7xx_HAL_Driver/Src/stm32h7xx_hal_rcc_ex.c ****           frequency = 0;
2113:Drivers/STM32H7xx_HAL_Driver/Src/stm32h7xx_hal_rcc_ex.c ****         }
2114:Drivers/STM32H7xx_HAL_Driver/Src/stm32h7xx_hal_rcc_ex.c ****         break;
2115:Drivers/STM32H7xx_HAL_Driver/Src/stm32h7xx_hal_rcc_ex.c ****       }
2116:Drivers/STM32H7xx_HAL_Driver/Src/stm32h7xx_hal_rcc_ex.c **** 
2117:Drivers/STM32H7xx_HAL_Driver/Src/stm32h7xx_hal_rcc_ex.c ****       case RCC_SAI2ACLKSOURCE_PLL3: /* PLLI3 is the clock source for SAI2A  */
2118:Drivers/STM32H7xx_HAL_Driver/Src/stm32h7xx_hal_rcc_ex.c ****       {
2119:Drivers/STM32H7xx_HAL_Driver/Src/stm32h7xx_hal_rcc_ex.c ****         if (HAL_IS_BIT_SET(RCC->CR, RCC_CR_PLL3RDY))
2120:Drivers/STM32H7xx_HAL_Driver/Src/stm32h7xx_hal_rcc_ex.c ****         {
2121:Drivers/STM32H7xx_HAL_Driver/Src/stm32h7xx_hal_rcc_ex.c ****           HAL_RCCEx_GetPLL3ClockFreq(&pll3_clocks);
2122:Drivers/STM32H7xx_HAL_Driver/Src/stm32h7xx_hal_rcc_ex.c ****           frequency = pll3_clocks.PLL3_P_Frequency;
2123:Drivers/STM32H7xx_HAL_Driver/Src/stm32h7xx_hal_rcc_ex.c ****         }
2124:Drivers/STM32H7xx_HAL_Driver/Src/stm32h7xx_hal_rcc_ex.c ****         else
2125:Drivers/STM32H7xx_HAL_Driver/Src/stm32h7xx_hal_rcc_ex.c ****         {
2126:Drivers/STM32H7xx_HAL_Driver/Src/stm32h7xx_hal_rcc_ex.c ****           frequency = 0;
2127:Drivers/STM32H7xx_HAL_Driver/Src/stm32h7xx_hal_rcc_ex.c ****         }
2128:Drivers/STM32H7xx_HAL_Driver/Src/stm32h7xx_hal_rcc_ex.c ****         break;
2129:Drivers/STM32H7xx_HAL_Driver/Src/stm32h7xx_hal_rcc_ex.c ****       }
2130:Drivers/STM32H7xx_HAL_Driver/Src/stm32h7xx_hal_rcc_ex.c **** 
2131:Drivers/STM32H7xx_HAL_Driver/Src/stm32h7xx_hal_rcc_ex.c ****       case RCC_SAI2ACLKSOURCE_CLKP: /* CKPER is the clock source for SAI2A  */
2132:Drivers/STM32H7xx_HAL_Driver/Src/stm32h7xx_hal_rcc_ex.c ****       {
2133:Drivers/STM32H7xx_HAL_Driver/Src/stm32h7xx_hal_rcc_ex.c **** 
2134:Drivers/STM32H7xx_HAL_Driver/Src/stm32h7xx_hal_rcc_ex.c ****         ckpclocksource = __HAL_RCC_GET_CLKP_SOURCE();
2135:Drivers/STM32H7xx_HAL_Driver/Src/stm32h7xx_hal_rcc_ex.c **** 
2136:Drivers/STM32H7xx_HAL_Driver/Src/stm32h7xx_hal_rcc_ex.c ****         if ((HAL_IS_BIT_SET(RCC->CR, RCC_CR_HSIRDY)) && (ckpclocksource == RCC_CLKPSOURCE_HSI))
2137:Drivers/STM32H7xx_HAL_Driver/Src/stm32h7xx_hal_rcc_ex.c ****         {
2138:Drivers/STM32H7xx_HAL_Driver/Src/stm32h7xx_hal_rcc_ex.c ****           /* In Case the CKPER Source is HSI */
2139:Drivers/STM32H7xx_HAL_Driver/Src/stm32h7xx_hal_rcc_ex.c ****           frequency = (HSI_VALUE >> (__HAL_RCC_GET_HSI_DIVIDER() >> 3));
2140:Drivers/STM32H7xx_HAL_Driver/Src/stm32h7xx_hal_rcc_ex.c ****         }
ARM GAS  C:\Users\jason\AppData\Local\Temp\ccSG31kR.s 			page 39


2141:Drivers/STM32H7xx_HAL_Driver/Src/stm32h7xx_hal_rcc_ex.c **** 
2142:Drivers/STM32H7xx_HAL_Driver/Src/stm32h7xx_hal_rcc_ex.c ****         else if ((HAL_IS_BIT_SET(RCC->CR, RCC_CR_CSIRDY)) && (ckpclocksource == RCC_CLKPSOURCE_CSI)
2143:Drivers/STM32H7xx_HAL_Driver/Src/stm32h7xx_hal_rcc_ex.c ****         {
2144:Drivers/STM32H7xx_HAL_Driver/Src/stm32h7xx_hal_rcc_ex.c ****           /* In Case the CKPER Source is CSI */
2145:Drivers/STM32H7xx_HAL_Driver/Src/stm32h7xx_hal_rcc_ex.c ****           frequency = CSI_VALUE;
2146:Drivers/STM32H7xx_HAL_Driver/Src/stm32h7xx_hal_rcc_ex.c ****         }
2147:Drivers/STM32H7xx_HAL_Driver/Src/stm32h7xx_hal_rcc_ex.c **** 
2148:Drivers/STM32H7xx_HAL_Driver/Src/stm32h7xx_hal_rcc_ex.c ****         else if ((HAL_IS_BIT_SET(RCC->CR, RCC_CR_HSERDY)) && (ckpclocksource == RCC_CLKPSOURCE_HSE)
2149:Drivers/STM32H7xx_HAL_Driver/Src/stm32h7xx_hal_rcc_ex.c ****         {
2150:Drivers/STM32H7xx_HAL_Driver/Src/stm32h7xx_hal_rcc_ex.c ****           /* In Case the CKPER Source is HSE */
2151:Drivers/STM32H7xx_HAL_Driver/Src/stm32h7xx_hal_rcc_ex.c ****           frequency = HSE_VALUE;
2152:Drivers/STM32H7xx_HAL_Driver/Src/stm32h7xx_hal_rcc_ex.c ****         }
2153:Drivers/STM32H7xx_HAL_Driver/Src/stm32h7xx_hal_rcc_ex.c **** 
2154:Drivers/STM32H7xx_HAL_Driver/Src/stm32h7xx_hal_rcc_ex.c ****         else
2155:Drivers/STM32H7xx_HAL_Driver/Src/stm32h7xx_hal_rcc_ex.c ****         {
2156:Drivers/STM32H7xx_HAL_Driver/Src/stm32h7xx_hal_rcc_ex.c ****           /* In Case the CKPER is disabled*/
2157:Drivers/STM32H7xx_HAL_Driver/Src/stm32h7xx_hal_rcc_ex.c ****           frequency = 0;
2158:Drivers/STM32H7xx_HAL_Driver/Src/stm32h7xx_hal_rcc_ex.c ****         }
2159:Drivers/STM32H7xx_HAL_Driver/Src/stm32h7xx_hal_rcc_ex.c **** 
2160:Drivers/STM32H7xx_HAL_Driver/Src/stm32h7xx_hal_rcc_ex.c ****         break;
2161:Drivers/STM32H7xx_HAL_Driver/Src/stm32h7xx_hal_rcc_ex.c ****       }
2162:Drivers/STM32H7xx_HAL_Driver/Src/stm32h7xx_hal_rcc_ex.c **** 
2163:Drivers/STM32H7xx_HAL_Driver/Src/stm32h7xx_hal_rcc_ex.c ****       case (RCC_SAI2ACLKSOURCE_PIN): /* External clock is the clock source for SAI2A */
2164:Drivers/STM32H7xx_HAL_Driver/Src/stm32h7xx_hal_rcc_ex.c ****       {
2165:Drivers/STM32H7xx_HAL_Driver/Src/stm32h7xx_hal_rcc_ex.c ****         frequency = EXTERNAL_CLOCK_VALUE;
2166:Drivers/STM32H7xx_HAL_Driver/Src/stm32h7xx_hal_rcc_ex.c ****         break;
2167:Drivers/STM32H7xx_HAL_Driver/Src/stm32h7xx_hal_rcc_ex.c ****       }
2168:Drivers/STM32H7xx_HAL_Driver/Src/stm32h7xx_hal_rcc_ex.c **** 
2169:Drivers/STM32H7xx_HAL_Driver/Src/stm32h7xx_hal_rcc_ex.c ****       default :
2170:Drivers/STM32H7xx_HAL_Driver/Src/stm32h7xx_hal_rcc_ex.c ****       {
2171:Drivers/STM32H7xx_HAL_Driver/Src/stm32h7xx_hal_rcc_ex.c ****         frequency = 0;
2172:Drivers/STM32H7xx_HAL_Driver/Src/stm32h7xx_hal_rcc_ex.c ****         break;
2173:Drivers/STM32H7xx_HAL_Driver/Src/stm32h7xx_hal_rcc_ex.c ****       }
2174:Drivers/STM32H7xx_HAL_Driver/Src/stm32h7xx_hal_rcc_ex.c ****     }
2175:Drivers/STM32H7xx_HAL_Driver/Src/stm32h7xx_hal_rcc_ex.c **** 
2176:Drivers/STM32H7xx_HAL_Driver/Src/stm32h7xx_hal_rcc_ex.c ****   }
2177:Drivers/STM32H7xx_HAL_Driver/Src/stm32h7xx_hal_rcc_ex.c **** #endif
2178:Drivers/STM32H7xx_HAL_Driver/Src/stm32h7xx_hal_rcc_ex.c **** 
2179:Drivers/STM32H7xx_HAL_Driver/Src/stm32h7xx_hal_rcc_ex.c **** #if  defined(RCC_CDCCIP1R_SAI2BSEL_0)
2180:Drivers/STM32H7xx_HAL_Driver/Src/stm32h7xx_hal_rcc_ex.c ****   else if (PeriphClk == RCC_PERIPHCLK_SAI2B)
2181:Drivers/STM32H7xx_HAL_Driver/Src/stm32h7xx_hal_rcc_ex.c ****   {
2182:Drivers/STM32H7xx_HAL_Driver/Src/stm32h7xx_hal_rcc_ex.c **** 
2183:Drivers/STM32H7xx_HAL_Driver/Src/stm32h7xx_hal_rcc_ex.c ****     saiclocksource = __HAL_RCC_GET_SAI2B_SOURCE();
2184:Drivers/STM32H7xx_HAL_Driver/Src/stm32h7xx_hal_rcc_ex.c **** 
2185:Drivers/STM32H7xx_HAL_Driver/Src/stm32h7xx_hal_rcc_ex.c ****     switch (saiclocksource)
2186:Drivers/STM32H7xx_HAL_Driver/Src/stm32h7xx_hal_rcc_ex.c ****     {
2187:Drivers/STM32H7xx_HAL_Driver/Src/stm32h7xx_hal_rcc_ex.c ****       case RCC_SAI2BCLKSOURCE_PLL: /* PLL1 is the clock source for SAI2B */
2188:Drivers/STM32H7xx_HAL_Driver/Src/stm32h7xx_hal_rcc_ex.c ****       {
2189:Drivers/STM32H7xx_HAL_Driver/Src/stm32h7xx_hal_rcc_ex.c ****         if (HAL_IS_BIT_SET(RCC->CR, RCC_CR_PLL1RDY))
2190:Drivers/STM32H7xx_HAL_Driver/Src/stm32h7xx_hal_rcc_ex.c ****         {
2191:Drivers/STM32H7xx_HAL_Driver/Src/stm32h7xx_hal_rcc_ex.c ****           HAL_RCCEx_GetPLL1ClockFreq(&pll1_clocks);
2192:Drivers/STM32H7xx_HAL_Driver/Src/stm32h7xx_hal_rcc_ex.c ****           frequency = pll1_clocks.PLL1_Q_Frequency;
2193:Drivers/STM32H7xx_HAL_Driver/Src/stm32h7xx_hal_rcc_ex.c ****         }
2194:Drivers/STM32H7xx_HAL_Driver/Src/stm32h7xx_hal_rcc_ex.c ****         else
2195:Drivers/STM32H7xx_HAL_Driver/Src/stm32h7xx_hal_rcc_ex.c ****         {
2196:Drivers/STM32H7xx_HAL_Driver/Src/stm32h7xx_hal_rcc_ex.c ****           frequency = 0;
2197:Drivers/STM32H7xx_HAL_Driver/Src/stm32h7xx_hal_rcc_ex.c ****         }
ARM GAS  C:\Users\jason\AppData\Local\Temp\ccSG31kR.s 			page 40


2198:Drivers/STM32H7xx_HAL_Driver/Src/stm32h7xx_hal_rcc_ex.c ****         break;
2199:Drivers/STM32H7xx_HAL_Driver/Src/stm32h7xx_hal_rcc_ex.c ****       }
2200:Drivers/STM32H7xx_HAL_Driver/Src/stm32h7xx_hal_rcc_ex.c ****       case RCC_SAI2BCLKSOURCE_PLL2: /* PLLI2 is the clock source for SAI2B */
2201:Drivers/STM32H7xx_HAL_Driver/Src/stm32h7xx_hal_rcc_ex.c ****       {
2202:Drivers/STM32H7xx_HAL_Driver/Src/stm32h7xx_hal_rcc_ex.c ****         if (HAL_IS_BIT_SET(RCC->CR, RCC_CR_PLL2RDY))
2203:Drivers/STM32H7xx_HAL_Driver/Src/stm32h7xx_hal_rcc_ex.c ****         {
2204:Drivers/STM32H7xx_HAL_Driver/Src/stm32h7xx_hal_rcc_ex.c ****           HAL_RCCEx_GetPLL2ClockFreq(&pll2_clocks);
2205:Drivers/STM32H7xx_HAL_Driver/Src/stm32h7xx_hal_rcc_ex.c ****           frequency = pll2_clocks.PLL2_P_Frequency;
2206:Drivers/STM32H7xx_HAL_Driver/Src/stm32h7xx_hal_rcc_ex.c ****         }
2207:Drivers/STM32H7xx_HAL_Driver/Src/stm32h7xx_hal_rcc_ex.c ****         else
2208:Drivers/STM32H7xx_HAL_Driver/Src/stm32h7xx_hal_rcc_ex.c ****         {
2209:Drivers/STM32H7xx_HAL_Driver/Src/stm32h7xx_hal_rcc_ex.c ****           frequency = 0;
2210:Drivers/STM32H7xx_HAL_Driver/Src/stm32h7xx_hal_rcc_ex.c ****         }
2211:Drivers/STM32H7xx_HAL_Driver/Src/stm32h7xx_hal_rcc_ex.c ****         break;
2212:Drivers/STM32H7xx_HAL_Driver/Src/stm32h7xx_hal_rcc_ex.c ****       }
2213:Drivers/STM32H7xx_HAL_Driver/Src/stm32h7xx_hal_rcc_ex.c **** 
2214:Drivers/STM32H7xx_HAL_Driver/Src/stm32h7xx_hal_rcc_ex.c ****       case RCC_SAI2BCLKSOURCE_PLL3: /* PLLI3 is the clock source for SAI2B */
2215:Drivers/STM32H7xx_HAL_Driver/Src/stm32h7xx_hal_rcc_ex.c ****       {
2216:Drivers/STM32H7xx_HAL_Driver/Src/stm32h7xx_hal_rcc_ex.c ****         if (HAL_IS_BIT_SET(RCC->CR, RCC_CR_PLL3RDY))
2217:Drivers/STM32H7xx_HAL_Driver/Src/stm32h7xx_hal_rcc_ex.c ****         {
2218:Drivers/STM32H7xx_HAL_Driver/Src/stm32h7xx_hal_rcc_ex.c ****           HAL_RCCEx_GetPLL3ClockFreq(&pll3_clocks);
2219:Drivers/STM32H7xx_HAL_Driver/Src/stm32h7xx_hal_rcc_ex.c ****           frequency = pll3_clocks.PLL3_P_Frequency;
2220:Drivers/STM32H7xx_HAL_Driver/Src/stm32h7xx_hal_rcc_ex.c ****         }
2221:Drivers/STM32H7xx_HAL_Driver/Src/stm32h7xx_hal_rcc_ex.c ****         else
2222:Drivers/STM32H7xx_HAL_Driver/Src/stm32h7xx_hal_rcc_ex.c ****         {
2223:Drivers/STM32H7xx_HAL_Driver/Src/stm32h7xx_hal_rcc_ex.c ****           frequency = 0;
2224:Drivers/STM32H7xx_HAL_Driver/Src/stm32h7xx_hal_rcc_ex.c ****         }
2225:Drivers/STM32H7xx_HAL_Driver/Src/stm32h7xx_hal_rcc_ex.c ****         break;
2226:Drivers/STM32H7xx_HAL_Driver/Src/stm32h7xx_hal_rcc_ex.c ****       }
2227:Drivers/STM32H7xx_HAL_Driver/Src/stm32h7xx_hal_rcc_ex.c **** 
2228:Drivers/STM32H7xx_HAL_Driver/Src/stm32h7xx_hal_rcc_ex.c ****       case RCC_SAI2BCLKSOURCE_CLKP: /* CKPER is the clock source for SAI2B*/
2229:Drivers/STM32H7xx_HAL_Driver/Src/stm32h7xx_hal_rcc_ex.c ****       {
2230:Drivers/STM32H7xx_HAL_Driver/Src/stm32h7xx_hal_rcc_ex.c **** 
2231:Drivers/STM32H7xx_HAL_Driver/Src/stm32h7xx_hal_rcc_ex.c ****         ckpclocksource = __HAL_RCC_GET_CLKP_SOURCE();
2232:Drivers/STM32H7xx_HAL_Driver/Src/stm32h7xx_hal_rcc_ex.c **** 
2233:Drivers/STM32H7xx_HAL_Driver/Src/stm32h7xx_hal_rcc_ex.c ****         if ((HAL_IS_BIT_SET(RCC->CR, RCC_CR_HSIRDY)) && (ckpclocksource == RCC_CLKPSOURCE_HSI))
2234:Drivers/STM32H7xx_HAL_Driver/Src/stm32h7xx_hal_rcc_ex.c ****         {
2235:Drivers/STM32H7xx_HAL_Driver/Src/stm32h7xx_hal_rcc_ex.c ****           /* In Case the CKPER Source is HSI */
2236:Drivers/STM32H7xx_HAL_Driver/Src/stm32h7xx_hal_rcc_ex.c ****           frequency = (HSI_VALUE >> (__HAL_RCC_GET_HSI_DIVIDER() >> 3));
2237:Drivers/STM32H7xx_HAL_Driver/Src/stm32h7xx_hal_rcc_ex.c ****         }
2238:Drivers/STM32H7xx_HAL_Driver/Src/stm32h7xx_hal_rcc_ex.c **** 
2239:Drivers/STM32H7xx_HAL_Driver/Src/stm32h7xx_hal_rcc_ex.c ****         else if ((HAL_IS_BIT_SET(RCC->CR, RCC_CR_CSIRDY)) && (ckpclocksource == RCC_CLKPSOURCE_CSI)
2240:Drivers/STM32H7xx_HAL_Driver/Src/stm32h7xx_hal_rcc_ex.c ****         {
2241:Drivers/STM32H7xx_HAL_Driver/Src/stm32h7xx_hal_rcc_ex.c ****           /* In Case the CKPER Source is CSI */
2242:Drivers/STM32H7xx_HAL_Driver/Src/stm32h7xx_hal_rcc_ex.c ****           frequency = CSI_VALUE;
2243:Drivers/STM32H7xx_HAL_Driver/Src/stm32h7xx_hal_rcc_ex.c ****         }
2244:Drivers/STM32H7xx_HAL_Driver/Src/stm32h7xx_hal_rcc_ex.c **** 
2245:Drivers/STM32H7xx_HAL_Driver/Src/stm32h7xx_hal_rcc_ex.c ****         else if ((HAL_IS_BIT_SET(RCC->CR, RCC_CR_HSERDY)) && (ckpclocksource == RCC_CLKPSOURCE_HSE)
2246:Drivers/STM32H7xx_HAL_Driver/Src/stm32h7xx_hal_rcc_ex.c ****         {
2247:Drivers/STM32H7xx_HAL_Driver/Src/stm32h7xx_hal_rcc_ex.c ****           /* In Case the CKPER Source is HSE */
2248:Drivers/STM32H7xx_HAL_Driver/Src/stm32h7xx_hal_rcc_ex.c ****           frequency = HSE_VALUE;
2249:Drivers/STM32H7xx_HAL_Driver/Src/stm32h7xx_hal_rcc_ex.c ****         }
2250:Drivers/STM32H7xx_HAL_Driver/Src/stm32h7xx_hal_rcc_ex.c **** 
2251:Drivers/STM32H7xx_HAL_Driver/Src/stm32h7xx_hal_rcc_ex.c ****         else
2252:Drivers/STM32H7xx_HAL_Driver/Src/stm32h7xx_hal_rcc_ex.c ****         {
2253:Drivers/STM32H7xx_HAL_Driver/Src/stm32h7xx_hal_rcc_ex.c ****           /* In Case the CKPER is disabled*/
2254:Drivers/STM32H7xx_HAL_Driver/Src/stm32h7xx_hal_rcc_ex.c ****           frequency = 0;
ARM GAS  C:\Users\jason\AppData\Local\Temp\ccSG31kR.s 			page 41


2255:Drivers/STM32H7xx_HAL_Driver/Src/stm32h7xx_hal_rcc_ex.c ****         }
2256:Drivers/STM32H7xx_HAL_Driver/Src/stm32h7xx_hal_rcc_ex.c ****         break;
2257:Drivers/STM32H7xx_HAL_Driver/Src/stm32h7xx_hal_rcc_ex.c ****       }
2258:Drivers/STM32H7xx_HAL_Driver/Src/stm32h7xx_hal_rcc_ex.c **** 
2259:Drivers/STM32H7xx_HAL_Driver/Src/stm32h7xx_hal_rcc_ex.c ****       case (RCC_SAI2BCLKSOURCE_PIN): /* External clock is the clock source for SAI2B */
2260:Drivers/STM32H7xx_HAL_Driver/Src/stm32h7xx_hal_rcc_ex.c ****       {
2261:Drivers/STM32H7xx_HAL_Driver/Src/stm32h7xx_hal_rcc_ex.c ****         frequency = EXTERNAL_CLOCK_VALUE;
2262:Drivers/STM32H7xx_HAL_Driver/Src/stm32h7xx_hal_rcc_ex.c ****         break;
2263:Drivers/STM32H7xx_HAL_Driver/Src/stm32h7xx_hal_rcc_ex.c ****       }
2264:Drivers/STM32H7xx_HAL_Driver/Src/stm32h7xx_hal_rcc_ex.c **** 
2265:Drivers/STM32H7xx_HAL_Driver/Src/stm32h7xx_hal_rcc_ex.c ****       default :
2266:Drivers/STM32H7xx_HAL_Driver/Src/stm32h7xx_hal_rcc_ex.c ****       {
2267:Drivers/STM32H7xx_HAL_Driver/Src/stm32h7xx_hal_rcc_ex.c ****         frequency = 0;
2268:Drivers/STM32H7xx_HAL_Driver/Src/stm32h7xx_hal_rcc_ex.c ****         break;
2269:Drivers/STM32H7xx_HAL_Driver/Src/stm32h7xx_hal_rcc_ex.c ****       }
2270:Drivers/STM32H7xx_HAL_Driver/Src/stm32h7xx_hal_rcc_ex.c ****     }
2271:Drivers/STM32H7xx_HAL_Driver/Src/stm32h7xx_hal_rcc_ex.c ****   }
2272:Drivers/STM32H7xx_HAL_Driver/Src/stm32h7xx_hal_rcc_ex.c **** #endif
2273:Drivers/STM32H7xx_HAL_Driver/Src/stm32h7xx_hal_rcc_ex.c **** 
2274:Drivers/STM32H7xx_HAL_Driver/Src/stm32h7xx_hal_rcc_ex.c **** #if defined(SAI4)
2275:Drivers/STM32H7xx_HAL_Driver/Src/stm32h7xx_hal_rcc_ex.c ****   else if (PeriphClk == RCC_PERIPHCLK_SAI4A)
2276:Drivers/STM32H7xx_HAL_Driver/Src/stm32h7xx_hal_rcc_ex.c ****   {
2277:Drivers/STM32H7xx_HAL_Driver/Src/stm32h7xx_hal_rcc_ex.c **** 
2278:Drivers/STM32H7xx_HAL_Driver/Src/stm32h7xx_hal_rcc_ex.c ****     saiclocksource = __HAL_RCC_GET_SAI4A_SOURCE();
2279:Drivers/STM32H7xx_HAL_Driver/Src/stm32h7xx_hal_rcc_ex.c **** 
2280:Drivers/STM32H7xx_HAL_Driver/Src/stm32h7xx_hal_rcc_ex.c ****     switch (saiclocksource)
2281:Drivers/STM32H7xx_HAL_Driver/Src/stm32h7xx_hal_rcc_ex.c ****     {
2282:Drivers/STM32H7xx_HAL_Driver/Src/stm32h7xx_hal_rcc_ex.c ****       case RCC_SAI4ACLKSOURCE_PLL: /* PLL1 is the clock source for SAI4A */
2283:Drivers/STM32H7xx_HAL_Driver/Src/stm32h7xx_hal_rcc_ex.c ****       {
2284:Drivers/STM32H7xx_HAL_Driver/Src/stm32h7xx_hal_rcc_ex.c ****         if (HAL_IS_BIT_SET(RCC->CR, RCC_CR_PLL1RDY))
2285:Drivers/STM32H7xx_HAL_Driver/Src/stm32h7xx_hal_rcc_ex.c ****         {
2286:Drivers/STM32H7xx_HAL_Driver/Src/stm32h7xx_hal_rcc_ex.c ****           HAL_RCCEx_GetPLL1ClockFreq(&pll1_clocks);
2287:Drivers/STM32H7xx_HAL_Driver/Src/stm32h7xx_hal_rcc_ex.c ****           frequency = pll1_clocks.PLL1_Q_Frequency;
2288:Drivers/STM32H7xx_HAL_Driver/Src/stm32h7xx_hal_rcc_ex.c ****         }
2289:Drivers/STM32H7xx_HAL_Driver/Src/stm32h7xx_hal_rcc_ex.c ****         else
2290:Drivers/STM32H7xx_HAL_Driver/Src/stm32h7xx_hal_rcc_ex.c ****         {
2291:Drivers/STM32H7xx_HAL_Driver/Src/stm32h7xx_hal_rcc_ex.c ****           frequency = 0;
2292:Drivers/STM32H7xx_HAL_Driver/Src/stm32h7xx_hal_rcc_ex.c ****         }
2293:Drivers/STM32H7xx_HAL_Driver/Src/stm32h7xx_hal_rcc_ex.c ****         break;
2294:Drivers/STM32H7xx_HAL_Driver/Src/stm32h7xx_hal_rcc_ex.c ****       }
2295:Drivers/STM32H7xx_HAL_Driver/Src/stm32h7xx_hal_rcc_ex.c ****       case RCC_SAI4ACLKSOURCE_PLL2: /* PLLI2 is the clock source for SAI4A */
2296:Drivers/STM32H7xx_HAL_Driver/Src/stm32h7xx_hal_rcc_ex.c ****       {
2297:Drivers/STM32H7xx_HAL_Driver/Src/stm32h7xx_hal_rcc_ex.c ****         if (HAL_IS_BIT_SET(RCC->CR, RCC_CR_PLL2RDY))
2298:Drivers/STM32H7xx_HAL_Driver/Src/stm32h7xx_hal_rcc_ex.c ****         {
2299:Drivers/STM32H7xx_HAL_Driver/Src/stm32h7xx_hal_rcc_ex.c ****           HAL_RCCEx_GetPLL2ClockFreq(&pll2_clocks);
2300:Drivers/STM32H7xx_HAL_Driver/Src/stm32h7xx_hal_rcc_ex.c ****           frequency = pll2_clocks.PLL2_P_Frequency;
2301:Drivers/STM32H7xx_HAL_Driver/Src/stm32h7xx_hal_rcc_ex.c ****         }
2302:Drivers/STM32H7xx_HAL_Driver/Src/stm32h7xx_hal_rcc_ex.c ****         else
2303:Drivers/STM32H7xx_HAL_Driver/Src/stm32h7xx_hal_rcc_ex.c ****         {
2304:Drivers/STM32H7xx_HAL_Driver/Src/stm32h7xx_hal_rcc_ex.c ****           frequency = 0;
2305:Drivers/STM32H7xx_HAL_Driver/Src/stm32h7xx_hal_rcc_ex.c ****         }
2306:Drivers/STM32H7xx_HAL_Driver/Src/stm32h7xx_hal_rcc_ex.c ****         break;
2307:Drivers/STM32H7xx_HAL_Driver/Src/stm32h7xx_hal_rcc_ex.c ****       }
2308:Drivers/STM32H7xx_HAL_Driver/Src/stm32h7xx_hal_rcc_ex.c **** 
2309:Drivers/STM32H7xx_HAL_Driver/Src/stm32h7xx_hal_rcc_ex.c ****       case RCC_SAI4ACLKSOURCE_PLL3: /* PLLI3 is the clock source for SAI4A */
2310:Drivers/STM32H7xx_HAL_Driver/Src/stm32h7xx_hal_rcc_ex.c ****       {
2311:Drivers/STM32H7xx_HAL_Driver/Src/stm32h7xx_hal_rcc_ex.c ****         if (HAL_IS_BIT_SET(RCC->CR, RCC_CR_PLL3RDY))
ARM GAS  C:\Users\jason\AppData\Local\Temp\ccSG31kR.s 			page 42


2312:Drivers/STM32H7xx_HAL_Driver/Src/stm32h7xx_hal_rcc_ex.c ****         {
2313:Drivers/STM32H7xx_HAL_Driver/Src/stm32h7xx_hal_rcc_ex.c ****           HAL_RCCEx_GetPLL3ClockFreq(&pll3_clocks);
2314:Drivers/STM32H7xx_HAL_Driver/Src/stm32h7xx_hal_rcc_ex.c ****           frequency = pll3_clocks.PLL3_P_Frequency;
2315:Drivers/STM32H7xx_HAL_Driver/Src/stm32h7xx_hal_rcc_ex.c ****         }
2316:Drivers/STM32H7xx_HAL_Driver/Src/stm32h7xx_hal_rcc_ex.c ****         else
2317:Drivers/STM32H7xx_HAL_Driver/Src/stm32h7xx_hal_rcc_ex.c ****         {
2318:Drivers/STM32H7xx_HAL_Driver/Src/stm32h7xx_hal_rcc_ex.c ****           frequency = 0;
2319:Drivers/STM32H7xx_HAL_Driver/Src/stm32h7xx_hal_rcc_ex.c ****         }
2320:Drivers/STM32H7xx_HAL_Driver/Src/stm32h7xx_hal_rcc_ex.c ****         break;
2321:Drivers/STM32H7xx_HAL_Driver/Src/stm32h7xx_hal_rcc_ex.c ****       }
2322:Drivers/STM32H7xx_HAL_Driver/Src/stm32h7xx_hal_rcc_ex.c **** 
2323:Drivers/STM32H7xx_HAL_Driver/Src/stm32h7xx_hal_rcc_ex.c ****       case RCC_SAI4ACLKSOURCE_CLKP: /* CKPER is the clock source for SAI4A*/
2324:Drivers/STM32H7xx_HAL_Driver/Src/stm32h7xx_hal_rcc_ex.c ****       {
2325:Drivers/STM32H7xx_HAL_Driver/Src/stm32h7xx_hal_rcc_ex.c **** 
2326:Drivers/STM32H7xx_HAL_Driver/Src/stm32h7xx_hal_rcc_ex.c ****         ckpclocksource = __HAL_RCC_GET_CLKP_SOURCE();
2327:Drivers/STM32H7xx_HAL_Driver/Src/stm32h7xx_hal_rcc_ex.c **** 
2328:Drivers/STM32H7xx_HAL_Driver/Src/stm32h7xx_hal_rcc_ex.c ****         if ((HAL_IS_BIT_SET(RCC->CR, RCC_CR_HSIRDY)) && (ckpclocksource == RCC_CLKPSOURCE_HSI))
2329:Drivers/STM32H7xx_HAL_Driver/Src/stm32h7xx_hal_rcc_ex.c ****         {
2330:Drivers/STM32H7xx_HAL_Driver/Src/stm32h7xx_hal_rcc_ex.c ****           /* In Case the CKPER Source is HSI */
2331:Drivers/STM32H7xx_HAL_Driver/Src/stm32h7xx_hal_rcc_ex.c ****           frequency = (HSI_VALUE >> (__HAL_RCC_GET_HSI_DIVIDER() >> 3));
2332:Drivers/STM32H7xx_HAL_Driver/Src/stm32h7xx_hal_rcc_ex.c ****         }
2333:Drivers/STM32H7xx_HAL_Driver/Src/stm32h7xx_hal_rcc_ex.c **** 
2334:Drivers/STM32H7xx_HAL_Driver/Src/stm32h7xx_hal_rcc_ex.c ****         else if ((HAL_IS_BIT_SET(RCC->CR, RCC_CR_CSIRDY)) && (ckpclocksource == RCC_CLKPSOURCE_CSI)
2335:Drivers/STM32H7xx_HAL_Driver/Src/stm32h7xx_hal_rcc_ex.c ****         {
2336:Drivers/STM32H7xx_HAL_Driver/Src/stm32h7xx_hal_rcc_ex.c ****           /* In Case the CKPER Source is CSI */
2337:Drivers/STM32H7xx_HAL_Driver/Src/stm32h7xx_hal_rcc_ex.c ****           frequency = CSI_VALUE;
2338:Drivers/STM32H7xx_HAL_Driver/Src/stm32h7xx_hal_rcc_ex.c ****         }
2339:Drivers/STM32H7xx_HAL_Driver/Src/stm32h7xx_hal_rcc_ex.c **** 
2340:Drivers/STM32H7xx_HAL_Driver/Src/stm32h7xx_hal_rcc_ex.c ****         else if ((HAL_IS_BIT_SET(RCC->CR, RCC_CR_HSERDY)) && (ckpclocksource == RCC_CLKPSOURCE_HSE)
2341:Drivers/STM32H7xx_HAL_Driver/Src/stm32h7xx_hal_rcc_ex.c ****         {
2342:Drivers/STM32H7xx_HAL_Driver/Src/stm32h7xx_hal_rcc_ex.c ****           /* In Case the CKPER Source is HSE */
2343:Drivers/STM32H7xx_HAL_Driver/Src/stm32h7xx_hal_rcc_ex.c ****           frequency = HSE_VALUE;
2344:Drivers/STM32H7xx_HAL_Driver/Src/stm32h7xx_hal_rcc_ex.c ****         }
2345:Drivers/STM32H7xx_HAL_Driver/Src/stm32h7xx_hal_rcc_ex.c **** 
2346:Drivers/STM32H7xx_HAL_Driver/Src/stm32h7xx_hal_rcc_ex.c ****         else
2347:Drivers/STM32H7xx_HAL_Driver/Src/stm32h7xx_hal_rcc_ex.c ****         {
2348:Drivers/STM32H7xx_HAL_Driver/Src/stm32h7xx_hal_rcc_ex.c ****           /* In Case the CKPER is disabled*/
2349:Drivers/STM32H7xx_HAL_Driver/Src/stm32h7xx_hal_rcc_ex.c ****           frequency = 0;
2350:Drivers/STM32H7xx_HAL_Driver/Src/stm32h7xx_hal_rcc_ex.c ****         }
2351:Drivers/STM32H7xx_HAL_Driver/Src/stm32h7xx_hal_rcc_ex.c **** 
2352:Drivers/STM32H7xx_HAL_Driver/Src/stm32h7xx_hal_rcc_ex.c ****         break;
2353:Drivers/STM32H7xx_HAL_Driver/Src/stm32h7xx_hal_rcc_ex.c ****       }
2354:Drivers/STM32H7xx_HAL_Driver/Src/stm32h7xx_hal_rcc_ex.c **** 
2355:Drivers/STM32H7xx_HAL_Driver/Src/stm32h7xx_hal_rcc_ex.c ****       case RCC_SAI4ACLKSOURCE_PIN: /* External clock is the clock source for SAI4A */
2356:Drivers/STM32H7xx_HAL_Driver/Src/stm32h7xx_hal_rcc_ex.c ****       {
2357:Drivers/STM32H7xx_HAL_Driver/Src/stm32h7xx_hal_rcc_ex.c ****         frequency = EXTERNAL_CLOCK_VALUE;
2358:Drivers/STM32H7xx_HAL_Driver/Src/stm32h7xx_hal_rcc_ex.c ****         break;
2359:Drivers/STM32H7xx_HAL_Driver/Src/stm32h7xx_hal_rcc_ex.c ****       }
2360:Drivers/STM32H7xx_HAL_Driver/Src/stm32h7xx_hal_rcc_ex.c **** 
2361:Drivers/STM32H7xx_HAL_Driver/Src/stm32h7xx_hal_rcc_ex.c ****       default :
2362:Drivers/STM32H7xx_HAL_Driver/Src/stm32h7xx_hal_rcc_ex.c ****       {
2363:Drivers/STM32H7xx_HAL_Driver/Src/stm32h7xx_hal_rcc_ex.c ****         frequency = 0;
2364:Drivers/STM32H7xx_HAL_Driver/Src/stm32h7xx_hal_rcc_ex.c ****         break;
2365:Drivers/STM32H7xx_HAL_Driver/Src/stm32h7xx_hal_rcc_ex.c ****       }
2366:Drivers/STM32H7xx_HAL_Driver/Src/stm32h7xx_hal_rcc_ex.c ****     }
2367:Drivers/STM32H7xx_HAL_Driver/Src/stm32h7xx_hal_rcc_ex.c ****   }
2368:Drivers/STM32H7xx_HAL_Driver/Src/stm32h7xx_hal_rcc_ex.c **** 
ARM GAS  C:\Users\jason\AppData\Local\Temp\ccSG31kR.s 			page 43


2369:Drivers/STM32H7xx_HAL_Driver/Src/stm32h7xx_hal_rcc_ex.c ****   else if (PeriphClk == RCC_PERIPHCLK_SAI4B)
2370:Drivers/STM32H7xx_HAL_Driver/Src/stm32h7xx_hal_rcc_ex.c ****   {
2371:Drivers/STM32H7xx_HAL_Driver/Src/stm32h7xx_hal_rcc_ex.c **** 
2372:Drivers/STM32H7xx_HAL_Driver/Src/stm32h7xx_hal_rcc_ex.c ****     saiclocksource = __HAL_RCC_GET_SAI4B_SOURCE();
2373:Drivers/STM32H7xx_HAL_Driver/Src/stm32h7xx_hal_rcc_ex.c **** 
2374:Drivers/STM32H7xx_HAL_Driver/Src/stm32h7xx_hal_rcc_ex.c ****     switch (saiclocksource)
2375:Drivers/STM32H7xx_HAL_Driver/Src/stm32h7xx_hal_rcc_ex.c ****     {
2376:Drivers/STM32H7xx_HAL_Driver/Src/stm32h7xx_hal_rcc_ex.c ****       case RCC_SAI4BCLKSOURCE_PLL: /* PLL1 is the clock source for SAI4B */
2377:Drivers/STM32H7xx_HAL_Driver/Src/stm32h7xx_hal_rcc_ex.c ****       {
2378:Drivers/STM32H7xx_HAL_Driver/Src/stm32h7xx_hal_rcc_ex.c ****         if (HAL_IS_BIT_SET(RCC->CR, RCC_CR_PLL1RDY))
2379:Drivers/STM32H7xx_HAL_Driver/Src/stm32h7xx_hal_rcc_ex.c ****         {
2380:Drivers/STM32H7xx_HAL_Driver/Src/stm32h7xx_hal_rcc_ex.c ****           HAL_RCCEx_GetPLL1ClockFreq(&pll1_clocks);
2381:Drivers/STM32H7xx_HAL_Driver/Src/stm32h7xx_hal_rcc_ex.c ****           frequency = pll1_clocks.PLL1_Q_Frequency;
2382:Drivers/STM32H7xx_HAL_Driver/Src/stm32h7xx_hal_rcc_ex.c ****         }
2383:Drivers/STM32H7xx_HAL_Driver/Src/stm32h7xx_hal_rcc_ex.c ****         else
2384:Drivers/STM32H7xx_HAL_Driver/Src/stm32h7xx_hal_rcc_ex.c ****         {
2385:Drivers/STM32H7xx_HAL_Driver/Src/stm32h7xx_hal_rcc_ex.c ****           frequency = 0;
2386:Drivers/STM32H7xx_HAL_Driver/Src/stm32h7xx_hal_rcc_ex.c ****         }
2387:Drivers/STM32H7xx_HAL_Driver/Src/stm32h7xx_hal_rcc_ex.c ****         break;
2388:Drivers/STM32H7xx_HAL_Driver/Src/stm32h7xx_hal_rcc_ex.c ****       }
2389:Drivers/STM32H7xx_HAL_Driver/Src/stm32h7xx_hal_rcc_ex.c ****       case RCC_SAI4BCLKSOURCE_PLL2: /* PLLI2 is the clock source for SAI4B */
2390:Drivers/STM32H7xx_HAL_Driver/Src/stm32h7xx_hal_rcc_ex.c ****       {
2391:Drivers/STM32H7xx_HAL_Driver/Src/stm32h7xx_hal_rcc_ex.c ****         if (HAL_IS_BIT_SET(RCC->CR, RCC_CR_PLL2RDY))
2392:Drivers/STM32H7xx_HAL_Driver/Src/stm32h7xx_hal_rcc_ex.c ****         {
2393:Drivers/STM32H7xx_HAL_Driver/Src/stm32h7xx_hal_rcc_ex.c ****           HAL_RCCEx_GetPLL2ClockFreq(&pll2_clocks);
2394:Drivers/STM32H7xx_HAL_Driver/Src/stm32h7xx_hal_rcc_ex.c ****           frequency = pll2_clocks.PLL2_P_Frequency;
2395:Drivers/STM32H7xx_HAL_Driver/Src/stm32h7xx_hal_rcc_ex.c ****         }
2396:Drivers/STM32H7xx_HAL_Driver/Src/stm32h7xx_hal_rcc_ex.c ****         else
2397:Drivers/STM32H7xx_HAL_Driver/Src/stm32h7xx_hal_rcc_ex.c ****         {
2398:Drivers/STM32H7xx_HAL_Driver/Src/stm32h7xx_hal_rcc_ex.c ****           frequency = 0;
2399:Drivers/STM32H7xx_HAL_Driver/Src/stm32h7xx_hal_rcc_ex.c ****         }
2400:Drivers/STM32H7xx_HAL_Driver/Src/stm32h7xx_hal_rcc_ex.c ****         break;
2401:Drivers/STM32H7xx_HAL_Driver/Src/stm32h7xx_hal_rcc_ex.c ****       }
2402:Drivers/STM32H7xx_HAL_Driver/Src/stm32h7xx_hal_rcc_ex.c **** 
2403:Drivers/STM32H7xx_HAL_Driver/Src/stm32h7xx_hal_rcc_ex.c ****       case RCC_SAI4BCLKSOURCE_PLL3: /* PLLI3 is the clock source for SAI4B */
2404:Drivers/STM32H7xx_HAL_Driver/Src/stm32h7xx_hal_rcc_ex.c ****       {
2405:Drivers/STM32H7xx_HAL_Driver/Src/stm32h7xx_hal_rcc_ex.c ****         if (HAL_IS_BIT_SET(RCC->CR, RCC_CR_PLL3RDY))
2406:Drivers/STM32H7xx_HAL_Driver/Src/stm32h7xx_hal_rcc_ex.c ****         {
2407:Drivers/STM32H7xx_HAL_Driver/Src/stm32h7xx_hal_rcc_ex.c ****           HAL_RCCEx_GetPLL3ClockFreq(&pll3_clocks);
2408:Drivers/STM32H7xx_HAL_Driver/Src/stm32h7xx_hal_rcc_ex.c ****           frequency = pll3_clocks.PLL3_P_Frequency;
2409:Drivers/STM32H7xx_HAL_Driver/Src/stm32h7xx_hal_rcc_ex.c ****         }
2410:Drivers/STM32H7xx_HAL_Driver/Src/stm32h7xx_hal_rcc_ex.c ****         else
2411:Drivers/STM32H7xx_HAL_Driver/Src/stm32h7xx_hal_rcc_ex.c ****         {
2412:Drivers/STM32H7xx_HAL_Driver/Src/stm32h7xx_hal_rcc_ex.c ****           frequency = 0;
2413:Drivers/STM32H7xx_HAL_Driver/Src/stm32h7xx_hal_rcc_ex.c ****         }
2414:Drivers/STM32H7xx_HAL_Driver/Src/stm32h7xx_hal_rcc_ex.c ****         break;
2415:Drivers/STM32H7xx_HAL_Driver/Src/stm32h7xx_hal_rcc_ex.c ****       }
2416:Drivers/STM32H7xx_HAL_Driver/Src/stm32h7xx_hal_rcc_ex.c **** 
2417:Drivers/STM32H7xx_HAL_Driver/Src/stm32h7xx_hal_rcc_ex.c ****       case RCC_SAI4BCLKSOURCE_CLKP: /* CKPER is the clock source for SAI4B*/
2418:Drivers/STM32H7xx_HAL_Driver/Src/stm32h7xx_hal_rcc_ex.c ****       {
2419:Drivers/STM32H7xx_HAL_Driver/Src/stm32h7xx_hal_rcc_ex.c **** 
2420:Drivers/STM32H7xx_HAL_Driver/Src/stm32h7xx_hal_rcc_ex.c ****         ckpclocksource = __HAL_RCC_GET_CLKP_SOURCE();
2421:Drivers/STM32H7xx_HAL_Driver/Src/stm32h7xx_hal_rcc_ex.c **** 
2422:Drivers/STM32H7xx_HAL_Driver/Src/stm32h7xx_hal_rcc_ex.c ****         if ((HAL_IS_BIT_SET(RCC->CR, RCC_CR_HSIRDY)) && (ckpclocksource == RCC_CLKPSOURCE_HSI))
2423:Drivers/STM32H7xx_HAL_Driver/Src/stm32h7xx_hal_rcc_ex.c ****         {
2424:Drivers/STM32H7xx_HAL_Driver/Src/stm32h7xx_hal_rcc_ex.c ****           /* In Case the CKPER Source is HSI */
2425:Drivers/STM32H7xx_HAL_Driver/Src/stm32h7xx_hal_rcc_ex.c ****           frequency = (HSI_VALUE >> (__HAL_RCC_GET_HSI_DIVIDER() >> 3));
ARM GAS  C:\Users\jason\AppData\Local\Temp\ccSG31kR.s 			page 44


2426:Drivers/STM32H7xx_HAL_Driver/Src/stm32h7xx_hal_rcc_ex.c ****         }
2427:Drivers/STM32H7xx_HAL_Driver/Src/stm32h7xx_hal_rcc_ex.c **** 
2428:Drivers/STM32H7xx_HAL_Driver/Src/stm32h7xx_hal_rcc_ex.c ****         else if ((HAL_IS_BIT_SET(RCC->CR, RCC_CR_CSIRDY)) && (ckpclocksource == RCC_CLKPSOURCE_CSI)
2429:Drivers/STM32H7xx_HAL_Driver/Src/stm32h7xx_hal_rcc_ex.c ****         {
2430:Drivers/STM32H7xx_HAL_Driver/Src/stm32h7xx_hal_rcc_ex.c ****           /* In Case the CKPER Source is CSI */
2431:Drivers/STM32H7xx_HAL_Driver/Src/stm32h7xx_hal_rcc_ex.c ****           frequency = CSI_VALUE;
2432:Drivers/STM32H7xx_HAL_Driver/Src/stm32h7xx_hal_rcc_ex.c ****         }
2433:Drivers/STM32H7xx_HAL_Driver/Src/stm32h7xx_hal_rcc_ex.c **** 
2434:Drivers/STM32H7xx_HAL_Driver/Src/stm32h7xx_hal_rcc_ex.c ****         else if ((HAL_IS_BIT_SET(RCC->CR, RCC_CR_HSERDY)) && (ckpclocksource == RCC_CLKPSOURCE_HSE)
2435:Drivers/STM32H7xx_HAL_Driver/Src/stm32h7xx_hal_rcc_ex.c ****         {
2436:Drivers/STM32H7xx_HAL_Driver/Src/stm32h7xx_hal_rcc_ex.c ****           /* In Case the CKPER Source is HSE */
2437:Drivers/STM32H7xx_HAL_Driver/Src/stm32h7xx_hal_rcc_ex.c ****           frequency = HSE_VALUE;
2438:Drivers/STM32H7xx_HAL_Driver/Src/stm32h7xx_hal_rcc_ex.c ****         }
2439:Drivers/STM32H7xx_HAL_Driver/Src/stm32h7xx_hal_rcc_ex.c **** 
2440:Drivers/STM32H7xx_HAL_Driver/Src/stm32h7xx_hal_rcc_ex.c ****         else
2441:Drivers/STM32H7xx_HAL_Driver/Src/stm32h7xx_hal_rcc_ex.c ****         {
2442:Drivers/STM32H7xx_HAL_Driver/Src/stm32h7xx_hal_rcc_ex.c ****           /* In Case the CKPER is disabled*/
2443:Drivers/STM32H7xx_HAL_Driver/Src/stm32h7xx_hal_rcc_ex.c ****           frequency = 0;
2444:Drivers/STM32H7xx_HAL_Driver/Src/stm32h7xx_hal_rcc_ex.c ****         }
2445:Drivers/STM32H7xx_HAL_Driver/Src/stm32h7xx_hal_rcc_ex.c **** 
2446:Drivers/STM32H7xx_HAL_Driver/Src/stm32h7xx_hal_rcc_ex.c ****         break;
2447:Drivers/STM32H7xx_HAL_Driver/Src/stm32h7xx_hal_rcc_ex.c ****       }
2448:Drivers/STM32H7xx_HAL_Driver/Src/stm32h7xx_hal_rcc_ex.c **** 
2449:Drivers/STM32H7xx_HAL_Driver/Src/stm32h7xx_hal_rcc_ex.c ****       case RCC_SAI4BCLKSOURCE_PIN: /* External clock is the clock source for SAI4B */
2450:Drivers/STM32H7xx_HAL_Driver/Src/stm32h7xx_hal_rcc_ex.c ****       {
2451:Drivers/STM32H7xx_HAL_Driver/Src/stm32h7xx_hal_rcc_ex.c ****         frequency = EXTERNAL_CLOCK_VALUE;
2452:Drivers/STM32H7xx_HAL_Driver/Src/stm32h7xx_hal_rcc_ex.c ****         break;
2453:Drivers/STM32H7xx_HAL_Driver/Src/stm32h7xx_hal_rcc_ex.c ****       }
2454:Drivers/STM32H7xx_HAL_Driver/Src/stm32h7xx_hal_rcc_ex.c **** 
2455:Drivers/STM32H7xx_HAL_Driver/Src/stm32h7xx_hal_rcc_ex.c ****       default :
2456:Drivers/STM32H7xx_HAL_Driver/Src/stm32h7xx_hal_rcc_ex.c ****       {
2457:Drivers/STM32H7xx_HAL_Driver/Src/stm32h7xx_hal_rcc_ex.c ****         frequency = 0;
2458:Drivers/STM32H7xx_HAL_Driver/Src/stm32h7xx_hal_rcc_ex.c ****         break;
2459:Drivers/STM32H7xx_HAL_Driver/Src/stm32h7xx_hal_rcc_ex.c ****       }
2460:Drivers/STM32H7xx_HAL_Driver/Src/stm32h7xx_hal_rcc_ex.c ****     }
2461:Drivers/STM32H7xx_HAL_Driver/Src/stm32h7xx_hal_rcc_ex.c ****   }
2462:Drivers/STM32H7xx_HAL_Driver/Src/stm32h7xx_hal_rcc_ex.c **** #endif /*SAI4*/
2463:Drivers/STM32H7xx_HAL_Driver/Src/stm32h7xx_hal_rcc_ex.c ****   else if (PeriphClk == RCC_PERIPHCLK_SPI123)
2464:Drivers/STM32H7xx_HAL_Driver/Src/stm32h7xx_hal_rcc_ex.c ****   {
2465:Drivers/STM32H7xx_HAL_Driver/Src/stm32h7xx_hal_rcc_ex.c ****     /* Get SPI1/2/3 clock source */
2466:Drivers/STM32H7xx_HAL_Driver/Src/stm32h7xx_hal_rcc_ex.c ****     srcclk = __HAL_RCC_GET_SPI123_SOURCE();
2467:Drivers/STM32H7xx_HAL_Driver/Src/stm32h7xx_hal_rcc_ex.c **** 
2468:Drivers/STM32H7xx_HAL_Driver/Src/stm32h7xx_hal_rcc_ex.c ****     switch (srcclk)
2469:Drivers/STM32H7xx_HAL_Driver/Src/stm32h7xx_hal_rcc_ex.c ****     {
2470:Drivers/STM32H7xx_HAL_Driver/Src/stm32h7xx_hal_rcc_ex.c ****       case RCC_SPI123CLKSOURCE_PLL: /* PLL1 is the clock source for SPI123 */
2471:Drivers/STM32H7xx_HAL_Driver/Src/stm32h7xx_hal_rcc_ex.c ****       {
2472:Drivers/STM32H7xx_HAL_Driver/Src/stm32h7xx_hal_rcc_ex.c ****         if (HAL_IS_BIT_SET(RCC->CR, RCC_CR_PLL1RDY))
2473:Drivers/STM32H7xx_HAL_Driver/Src/stm32h7xx_hal_rcc_ex.c ****         {
2474:Drivers/STM32H7xx_HAL_Driver/Src/stm32h7xx_hal_rcc_ex.c ****           HAL_RCCEx_GetPLL1ClockFreq(&pll1_clocks);
2475:Drivers/STM32H7xx_HAL_Driver/Src/stm32h7xx_hal_rcc_ex.c ****           frequency = pll1_clocks.PLL1_Q_Frequency;
2476:Drivers/STM32H7xx_HAL_Driver/Src/stm32h7xx_hal_rcc_ex.c ****         }
2477:Drivers/STM32H7xx_HAL_Driver/Src/stm32h7xx_hal_rcc_ex.c ****         else
2478:Drivers/STM32H7xx_HAL_Driver/Src/stm32h7xx_hal_rcc_ex.c ****         {
2479:Drivers/STM32H7xx_HAL_Driver/Src/stm32h7xx_hal_rcc_ex.c ****           frequency = 0;
2480:Drivers/STM32H7xx_HAL_Driver/Src/stm32h7xx_hal_rcc_ex.c ****         }
2481:Drivers/STM32H7xx_HAL_Driver/Src/stm32h7xx_hal_rcc_ex.c ****         break;
2482:Drivers/STM32H7xx_HAL_Driver/Src/stm32h7xx_hal_rcc_ex.c ****       }
ARM GAS  C:\Users\jason\AppData\Local\Temp\ccSG31kR.s 			page 45


2483:Drivers/STM32H7xx_HAL_Driver/Src/stm32h7xx_hal_rcc_ex.c ****       case RCC_SPI123CLKSOURCE_PLL2: /* PLL2 is the clock source for SPI123 */
2484:Drivers/STM32H7xx_HAL_Driver/Src/stm32h7xx_hal_rcc_ex.c ****       {
2485:Drivers/STM32H7xx_HAL_Driver/Src/stm32h7xx_hal_rcc_ex.c ****         if (HAL_IS_BIT_SET(RCC->CR, RCC_CR_PLL2RDY))
2486:Drivers/STM32H7xx_HAL_Driver/Src/stm32h7xx_hal_rcc_ex.c ****         {
2487:Drivers/STM32H7xx_HAL_Driver/Src/stm32h7xx_hal_rcc_ex.c ****           HAL_RCCEx_GetPLL2ClockFreq(&pll2_clocks);
2488:Drivers/STM32H7xx_HAL_Driver/Src/stm32h7xx_hal_rcc_ex.c ****           frequency = pll2_clocks.PLL2_P_Frequency;
2489:Drivers/STM32H7xx_HAL_Driver/Src/stm32h7xx_hal_rcc_ex.c ****         }
2490:Drivers/STM32H7xx_HAL_Driver/Src/stm32h7xx_hal_rcc_ex.c ****         else
2491:Drivers/STM32H7xx_HAL_Driver/Src/stm32h7xx_hal_rcc_ex.c ****         {
2492:Drivers/STM32H7xx_HAL_Driver/Src/stm32h7xx_hal_rcc_ex.c ****           frequency = 0;
2493:Drivers/STM32H7xx_HAL_Driver/Src/stm32h7xx_hal_rcc_ex.c ****         }
2494:Drivers/STM32H7xx_HAL_Driver/Src/stm32h7xx_hal_rcc_ex.c ****         break;
2495:Drivers/STM32H7xx_HAL_Driver/Src/stm32h7xx_hal_rcc_ex.c ****       }
2496:Drivers/STM32H7xx_HAL_Driver/Src/stm32h7xx_hal_rcc_ex.c **** 
2497:Drivers/STM32H7xx_HAL_Driver/Src/stm32h7xx_hal_rcc_ex.c ****       case RCC_SPI123CLKSOURCE_PLL3: /* PLL3 is the clock source for SPI123 */
2498:Drivers/STM32H7xx_HAL_Driver/Src/stm32h7xx_hal_rcc_ex.c ****       {
2499:Drivers/STM32H7xx_HAL_Driver/Src/stm32h7xx_hal_rcc_ex.c ****         if (HAL_IS_BIT_SET(RCC->CR, RCC_CR_PLL3RDY))
2500:Drivers/STM32H7xx_HAL_Driver/Src/stm32h7xx_hal_rcc_ex.c ****         {
2501:Drivers/STM32H7xx_HAL_Driver/Src/stm32h7xx_hal_rcc_ex.c ****           HAL_RCCEx_GetPLL3ClockFreq(&pll3_clocks);
2502:Drivers/STM32H7xx_HAL_Driver/Src/stm32h7xx_hal_rcc_ex.c ****           frequency = pll3_clocks.PLL3_P_Frequency;
2503:Drivers/STM32H7xx_HAL_Driver/Src/stm32h7xx_hal_rcc_ex.c ****         }
2504:Drivers/STM32H7xx_HAL_Driver/Src/stm32h7xx_hal_rcc_ex.c ****         else
2505:Drivers/STM32H7xx_HAL_Driver/Src/stm32h7xx_hal_rcc_ex.c ****         {
2506:Drivers/STM32H7xx_HAL_Driver/Src/stm32h7xx_hal_rcc_ex.c ****           frequency = 0;
2507:Drivers/STM32H7xx_HAL_Driver/Src/stm32h7xx_hal_rcc_ex.c ****         }
2508:Drivers/STM32H7xx_HAL_Driver/Src/stm32h7xx_hal_rcc_ex.c ****         break;
2509:Drivers/STM32H7xx_HAL_Driver/Src/stm32h7xx_hal_rcc_ex.c ****       }
2510:Drivers/STM32H7xx_HAL_Driver/Src/stm32h7xx_hal_rcc_ex.c **** 
2511:Drivers/STM32H7xx_HAL_Driver/Src/stm32h7xx_hal_rcc_ex.c ****       case RCC_SPI123CLKSOURCE_CLKP: /* CKPER is the clock source for SPI123 */
2512:Drivers/STM32H7xx_HAL_Driver/Src/stm32h7xx_hal_rcc_ex.c ****       {
2513:Drivers/STM32H7xx_HAL_Driver/Src/stm32h7xx_hal_rcc_ex.c **** 
2514:Drivers/STM32H7xx_HAL_Driver/Src/stm32h7xx_hal_rcc_ex.c ****         ckpclocksource = __HAL_RCC_GET_CLKP_SOURCE();
2515:Drivers/STM32H7xx_HAL_Driver/Src/stm32h7xx_hal_rcc_ex.c **** 
2516:Drivers/STM32H7xx_HAL_Driver/Src/stm32h7xx_hal_rcc_ex.c ****         if ((HAL_IS_BIT_SET(RCC->CR, RCC_CR_HSIRDY)) && (ckpclocksource == RCC_CLKPSOURCE_HSI))
2517:Drivers/STM32H7xx_HAL_Driver/Src/stm32h7xx_hal_rcc_ex.c ****         {
2518:Drivers/STM32H7xx_HAL_Driver/Src/stm32h7xx_hal_rcc_ex.c ****           /* In Case the CKPER Source is HSI */
2519:Drivers/STM32H7xx_HAL_Driver/Src/stm32h7xx_hal_rcc_ex.c ****           frequency = (HSI_VALUE >> (__HAL_RCC_GET_HSI_DIVIDER() >> 3));
2520:Drivers/STM32H7xx_HAL_Driver/Src/stm32h7xx_hal_rcc_ex.c ****         }
2521:Drivers/STM32H7xx_HAL_Driver/Src/stm32h7xx_hal_rcc_ex.c **** 
2522:Drivers/STM32H7xx_HAL_Driver/Src/stm32h7xx_hal_rcc_ex.c ****         else if ((HAL_IS_BIT_SET(RCC->CR, RCC_CR_CSIRDY)) && (ckpclocksource == RCC_CLKPSOURCE_CSI)
2523:Drivers/STM32H7xx_HAL_Driver/Src/stm32h7xx_hal_rcc_ex.c ****         {
2524:Drivers/STM32H7xx_HAL_Driver/Src/stm32h7xx_hal_rcc_ex.c ****           /* In Case the CKPER Source is CSI */
2525:Drivers/STM32H7xx_HAL_Driver/Src/stm32h7xx_hal_rcc_ex.c ****           frequency = CSI_VALUE;
2526:Drivers/STM32H7xx_HAL_Driver/Src/stm32h7xx_hal_rcc_ex.c ****         }
2527:Drivers/STM32H7xx_HAL_Driver/Src/stm32h7xx_hal_rcc_ex.c **** 
2528:Drivers/STM32H7xx_HAL_Driver/Src/stm32h7xx_hal_rcc_ex.c ****         else if ((HAL_IS_BIT_SET(RCC->CR, RCC_CR_HSERDY)) && (ckpclocksource == RCC_CLKPSOURCE_HSE)
2529:Drivers/STM32H7xx_HAL_Driver/Src/stm32h7xx_hal_rcc_ex.c ****         {
2530:Drivers/STM32H7xx_HAL_Driver/Src/stm32h7xx_hal_rcc_ex.c ****           /* In Case the CKPER Source is HSE */
2531:Drivers/STM32H7xx_HAL_Driver/Src/stm32h7xx_hal_rcc_ex.c ****           frequency = HSE_VALUE;
2532:Drivers/STM32H7xx_HAL_Driver/Src/stm32h7xx_hal_rcc_ex.c ****         }
2533:Drivers/STM32H7xx_HAL_Driver/Src/stm32h7xx_hal_rcc_ex.c **** 
2534:Drivers/STM32H7xx_HAL_Driver/Src/stm32h7xx_hal_rcc_ex.c ****         else
2535:Drivers/STM32H7xx_HAL_Driver/Src/stm32h7xx_hal_rcc_ex.c ****         {
2536:Drivers/STM32H7xx_HAL_Driver/Src/stm32h7xx_hal_rcc_ex.c ****           /* In Case the CKPER is disabled*/
2537:Drivers/STM32H7xx_HAL_Driver/Src/stm32h7xx_hal_rcc_ex.c ****           frequency = 0;
2538:Drivers/STM32H7xx_HAL_Driver/Src/stm32h7xx_hal_rcc_ex.c ****         }
2539:Drivers/STM32H7xx_HAL_Driver/Src/stm32h7xx_hal_rcc_ex.c **** 
ARM GAS  C:\Users\jason\AppData\Local\Temp\ccSG31kR.s 			page 46


2540:Drivers/STM32H7xx_HAL_Driver/Src/stm32h7xx_hal_rcc_ex.c ****         break;
2541:Drivers/STM32H7xx_HAL_Driver/Src/stm32h7xx_hal_rcc_ex.c ****       }
2542:Drivers/STM32H7xx_HAL_Driver/Src/stm32h7xx_hal_rcc_ex.c **** 
2543:Drivers/STM32H7xx_HAL_Driver/Src/stm32h7xx_hal_rcc_ex.c ****       case (RCC_SPI123CLKSOURCE_PIN): /* External clock is the clock source for I2S */
2544:Drivers/STM32H7xx_HAL_Driver/Src/stm32h7xx_hal_rcc_ex.c ****       {
2545:Drivers/STM32H7xx_HAL_Driver/Src/stm32h7xx_hal_rcc_ex.c ****         frequency = EXTERNAL_CLOCK_VALUE;
2546:Drivers/STM32H7xx_HAL_Driver/Src/stm32h7xx_hal_rcc_ex.c ****         break;
2547:Drivers/STM32H7xx_HAL_Driver/Src/stm32h7xx_hal_rcc_ex.c ****       }
2548:Drivers/STM32H7xx_HAL_Driver/Src/stm32h7xx_hal_rcc_ex.c ****       default :
2549:Drivers/STM32H7xx_HAL_Driver/Src/stm32h7xx_hal_rcc_ex.c ****       {
2550:Drivers/STM32H7xx_HAL_Driver/Src/stm32h7xx_hal_rcc_ex.c ****         frequency = 0;
2551:Drivers/STM32H7xx_HAL_Driver/Src/stm32h7xx_hal_rcc_ex.c ****         break;
2552:Drivers/STM32H7xx_HAL_Driver/Src/stm32h7xx_hal_rcc_ex.c ****       }
2553:Drivers/STM32H7xx_HAL_Driver/Src/stm32h7xx_hal_rcc_ex.c ****     }
2554:Drivers/STM32H7xx_HAL_Driver/Src/stm32h7xx_hal_rcc_ex.c ****   }
2555:Drivers/STM32H7xx_HAL_Driver/Src/stm32h7xx_hal_rcc_ex.c ****   else if (PeriphClk == RCC_PERIPHCLK_SPI45)
2556:Drivers/STM32H7xx_HAL_Driver/Src/stm32h7xx_hal_rcc_ex.c ****   {
2557:Drivers/STM32H7xx_HAL_Driver/Src/stm32h7xx_hal_rcc_ex.c ****     /* Get SPI45 clock source */
2558:Drivers/STM32H7xx_HAL_Driver/Src/stm32h7xx_hal_rcc_ex.c ****     srcclk = __HAL_RCC_GET_SPI45_SOURCE();
2559:Drivers/STM32H7xx_HAL_Driver/Src/stm32h7xx_hal_rcc_ex.c ****     switch (srcclk)
2560:Drivers/STM32H7xx_HAL_Driver/Src/stm32h7xx_hal_rcc_ex.c ****     {
2561:Drivers/STM32H7xx_HAL_Driver/Src/stm32h7xx_hal_rcc_ex.c ****       case RCC_SPI45CLKSOURCE_PCLK2: /* CD/D2 PCLK2 is the clock source for SPI4/5 */
2562:Drivers/STM32H7xx_HAL_Driver/Src/stm32h7xx_hal_rcc_ex.c ****       {
2563:Drivers/STM32H7xx_HAL_Driver/Src/stm32h7xx_hal_rcc_ex.c ****         frequency = HAL_RCC_GetPCLK1Freq();
2564:Drivers/STM32H7xx_HAL_Driver/Src/stm32h7xx_hal_rcc_ex.c ****         break;
2565:Drivers/STM32H7xx_HAL_Driver/Src/stm32h7xx_hal_rcc_ex.c ****       }
2566:Drivers/STM32H7xx_HAL_Driver/Src/stm32h7xx_hal_rcc_ex.c ****       case RCC_SPI45CLKSOURCE_PLL2: /* PLL2 is the clock source for SPI45 */
2567:Drivers/STM32H7xx_HAL_Driver/Src/stm32h7xx_hal_rcc_ex.c ****       {
2568:Drivers/STM32H7xx_HAL_Driver/Src/stm32h7xx_hal_rcc_ex.c ****         if (HAL_IS_BIT_SET(RCC->CR, RCC_CR_PLL2RDY))
2569:Drivers/STM32H7xx_HAL_Driver/Src/stm32h7xx_hal_rcc_ex.c ****         {
2570:Drivers/STM32H7xx_HAL_Driver/Src/stm32h7xx_hal_rcc_ex.c ****           HAL_RCCEx_GetPLL2ClockFreq(&pll2_clocks);
2571:Drivers/STM32H7xx_HAL_Driver/Src/stm32h7xx_hal_rcc_ex.c ****           frequency = pll2_clocks.PLL2_Q_Frequency;
2572:Drivers/STM32H7xx_HAL_Driver/Src/stm32h7xx_hal_rcc_ex.c ****         }
2573:Drivers/STM32H7xx_HAL_Driver/Src/stm32h7xx_hal_rcc_ex.c ****         else
2574:Drivers/STM32H7xx_HAL_Driver/Src/stm32h7xx_hal_rcc_ex.c ****         {
2575:Drivers/STM32H7xx_HAL_Driver/Src/stm32h7xx_hal_rcc_ex.c ****           frequency = 0;
2576:Drivers/STM32H7xx_HAL_Driver/Src/stm32h7xx_hal_rcc_ex.c ****         }
2577:Drivers/STM32H7xx_HAL_Driver/Src/stm32h7xx_hal_rcc_ex.c ****         break;
2578:Drivers/STM32H7xx_HAL_Driver/Src/stm32h7xx_hal_rcc_ex.c ****       }
2579:Drivers/STM32H7xx_HAL_Driver/Src/stm32h7xx_hal_rcc_ex.c ****       case RCC_SPI45CLKSOURCE_PLL3: /* PLL3 is the clock source for SPI45 */
2580:Drivers/STM32H7xx_HAL_Driver/Src/stm32h7xx_hal_rcc_ex.c ****       {
2581:Drivers/STM32H7xx_HAL_Driver/Src/stm32h7xx_hal_rcc_ex.c ****         if (HAL_IS_BIT_SET(RCC->CR, RCC_CR_PLL3RDY))
2582:Drivers/STM32H7xx_HAL_Driver/Src/stm32h7xx_hal_rcc_ex.c ****         {
2583:Drivers/STM32H7xx_HAL_Driver/Src/stm32h7xx_hal_rcc_ex.c ****           HAL_RCCEx_GetPLL3ClockFreq(&pll3_clocks);
2584:Drivers/STM32H7xx_HAL_Driver/Src/stm32h7xx_hal_rcc_ex.c ****           frequency = pll3_clocks.PLL3_Q_Frequency;
2585:Drivers/STM32H7xx_HAL_Driver/Src/stm32h7xx_hal_rcc_ex.c ****         }
2586:Drivers/STM32H7xx_HAL_Driver/Src/stm32h7xx_hal_rcc_ex.c ****         else
2587:Drivers/STM32H7xx_HAL_Driver/Src/stm32h7xx_hal_rcc_ex.c ****         {
2588:Drivers/STM32H7xx_HAL_Driver/Src/stm32h7xx_hal_rcc_ex.c ****           frequency = 0;
2589:Drivers/STM32H7xx_HAL_Driver/Src/stm32h7xx_hal_rcc_ex.c ****         }
2590:Drivers/STM32H7xx_HAL_Driver/Src/stm32h7xx_hal_rcc_ex.c ****         break;
2591:Drivers/STM32H7xx_HAL_Driver/Src/stm32h7xx_hal_rcc_ex.c ****       }
2592:Drivers/STM32H7xx_HAL_Driver/Src/stm32h7xx_hal_rcc_ex.c ****       case RCC_SPI45CLKSOURCE_HSI: /* HSI is the clock source for SPI45 */
2593:Drivers/STM32H7xx_HAL_Driver/Src/stm32h7xx_hal_rcc_ex.c ****       {
2594:Drivers/STM32H7xx_HAL_Driver/Src/stm32h7xx_hal_rcc_ex.c ****         if (HAL_IS_BIT_SET(RCC->CR, RCC_CR_HSIRDY))
2595:Drivers/STM32H7xx_HAL_Driver/Src/stm32h7xx_hal_rcc_ex.c ****         {
2596:Drivers/STM32H7xx_HAL_Driver/Src/stm32h7xx_hal_rcc_ex.c ****           frequency = (HSI_VALUE >> (__HAL_RCC_GET_HSI_DIVIDER() >> 3));
ARM GAS  C:\Users\jason\AppData\Local\Temp\ccSG31kR.s 			page 47


2597:Drivers/STM32H7xx_HAL_Driver/Src/stm32h7xx_hal_rcc_ex.c ****         }
2598:Drivers/STM32H7xx_HAL_Driver/Src/stm32h7xx_hal_rcc_ex.c ****         else
2599:Drivers/STM32H7xx_HAL_Driver/Src/stm32h7xx_hal_rcc_ex.c ****         {
2600:Drivers/STM32H7xx_HAL_Driver/Src/stm32h7xx_hal_rcc_ex.c ****           frequency = 0;
2601:Drivers/STM32H7xx_HAL_Driver/Src/stm32h7xx_hal_rcc_ex.c ****         }
2602:Drivers/STM32H7xx_HAL_Driver/Src/stm32h7xx_hal_rcc_ex.c ****         break;
2603:Drivers/STM32H7xx_HAL_Driver/Src/stm32h7xx_hal_rcc_ex.c ****       }
2604:Drivers/STM32H7xx_HAL_Driver/Src/stm32h7xx_hal_rcc_ex.c ****       case RCC_SPI45CLKSOURCE_CSI: /* CSI is the clock source for SPI45 */
2605:Drivers/STM32H7xx_HAL_Driver/Src/stm32h7xx_hal_rcc_ex.c ****       {
2606:Drivers/STM32H7xx_HAL_Driver/Src/stm32h7xx_hal_rcc_ex.c ****         if (HAL_IS_BIT_SET(RCC->CR, RCC_CR_CSIRDY))
2607:Drivers/STM32H7xx_HAL_Driver/Src/stm32h7xx_hal_rcc_ex.c ****         {
2608:Drivers/STM32H7xx_HAL_Driver/Src/stm32h7xx_hal_rcc_ex.c ****           frequency = CSI_VALUE;
2609:Drivers/STM32H7xx_HAL_Driver/Src/stm32h7xx_hal_rcc_ex.c ****         }
2610:Drivers/STM32H7xx_HAL_Driver/Src/stm32h7xx_hal_rcc_ex.c ****         else
2611:Drivers/STM32H7xx_HAL_Driver/Src/stm32h7xx_hal_rcc_ex.c ****         {
2612:Drivers/STM32H7xx_HAL_Driver/Src/stm32h7xx_hal_rcc_ex.c ****           frequency = 0;
2613:Drivers/STM32H7xx_HAL_Driver/Src/stm32h7xx_hal_rcc_ex.c ****         }
2614:Drivers/STM32H7xx_HAL_Driver/Src/stm32h7xx_hal_rcc_ex.c ****         break;
2615:Drivers/STM32H7xx_HAL_Driver/Src/stm32h7xx_hal_rcc_ex.c ****       }
2616:Drivers/STM32H7xx_HAL_Driver/Src/stm32h7xx_hal_rcc_ex.c ****       case RCC_SPI45CLKSOURCE_HSE: /* HSE is the clock source for SPI45 */
2617:Drivers/STM32H7xx_HAL_Driver/Src/stm32h7xx_hal_rcc_ex.c ****       {
2618:Drivers/STM32H7xx_HAL_Driver/Src/stm32h7xx_hal_rcc_ex.c ****         if (HAL_IS_BIT_SET(RCC->CR, RCC_CR_HSERDY))
2619:Drivers/STM32H7xx_HAL_Driver/Src/stm32h7xx_hal_rcc_ex.c ****         {
2620:Drivers/STM32H7xx_HAL_Driver/Src/stm32h7xx_hal_rcc_ex.c ****           frequency = HSE_VALUE;
2621:Drivers/STM32H7xx_HAL_Driver/Src/stm32h7xx_hal_rcc_ex.c ****         }
2622:Drivers/STM32H7xx_HAL_Driver/Src/stm32h7xx_hal_rcc_ex.c ****         else
2623:Drivers/STM32H7xx_HAL_Driver/Src/stm32h7xx_hal_rcc_ex.c ****         {
2624:Drivers/STM32H7xx_HAL_Driver/Src/stm32h7xx_hal_rcc_ex.c ****           frequency = 0;
2625:Drivers/STM32H7xx_HAL_Driver/Src/stm32h7xx_hal_rcc_ex.c ****         }
2626:Drivers/STM32H7xx_HAL_Driver/Src/stm32h7xx_hal_rcc_ex.c ****         break;
2627:Drivers/STM32H7xx_HAL_Driver/Src/stm32h7xx_hal_rcc_ex.c ****       }
2628:Drivers/STM32H7xx_HAL_Driver/Src/stm32h7xx_hal_rcc_ex.c ****       default :
2629:Drivers/STM32H7xx_HAL_Driver/Src/stm32h7xx_hal_rcc_ex.c ****       {
2630:Drivers/STM32H7xx_HAL_Driver/Src/stm32h7xx_hal_rcc_ex.c ****         frequency = 0;
2631:Drivers/STM32H7xx_HAL_Driver/Src/stm32h7xx_hal_rcc_ex.c ****         break;
2632:Drivers/STM32H7xx_HAL_Driver/Src/stm32h7xx_hal_rcc_ex.c ****       }
2633:Drivers/STM32H7xx_HAL_Driver/Src/stm32h7xx_hal_rcc_ex.c ****     }
2634:Drivers/STM32H7xx_HAL_Driver/Src/stm32h7xx_hal_rcc_ex.c ****   }
2635:Drivers/STM32H7xx_HAL_Driver/Src/stm32h7xx_hal_rcc_ex.c ****   else if (PeriphClk == RCC_PERIPHCLK_ADC)
2636:Drivers/STM32H7xx_HAL_Driver/Src/stm32h7xx_hal_rcc_ex.c ****   {
2637:Drivers/STM32H7xx_HAL_Driver/Src/stm32h7xx_hal_rcc_ex.c ****     /* Get ADC clock source */
2638:Drivers/STM32H7xx_HAL_Driver/Src/stm32h7xx_hal_rcc_ex.c ****     srcclk = __HAL_RCC_GET_ADC_SOURCE();
2639:Drivers/STM32H7xx_HAL_Driver/Src/stm32h7xx_hal_rcc_ex.c **** 
2640:Drivers/STM32H7xx_HAL_Driver/Src/stm32h7xx_hal_rcc_ex.c ****     switch (srcclk)
2641:Drivers/STM32H7xx_HAL_Driver/Src/stm32h7xx_hal_rcc_ex.c ****     {
2642:Drivers/STM32H7xx_HAL_Driver/Src/stm32h7xx_hal_rcc_ex.c ****       case RCC_ADCCLKSOURCE_PLL2:
2643:Drivers/STM32H7xx_HAL_Driver/Src/stm32h7xx_hal_rcc_ex.c ****       {
2644:Drivers/STM32H7xx_HAL_Driver/Src/stm32h7xx_hal_rcc_ex.c ****         if (HAL_IS_BIT_SET(RCC->CR, RCC_CR_PLL2RDY))
2645:Drivers/STM32H7xx_HAL_Driver/Src/stm32h7xx_hal_rcc_ex.c ****         {
2646:Drivers/STM32H7xx_HAL_Driver/Src/stm32h7xx_hal_rcc_ex.c ****           HAL_RCCEx_GetPLL2ClockFreq(&pll2_clocks);
2647:Drivers/STM32H7xx_HAL_Driver/Src/stm32h7xx_hal_rcc_ex.c ****           frequency = pll2_clocks.PLL2_P_Frequency;
2648:Drivers/STM32H7xx_HAL_Driver/Src/stm32h7xx_hal_rcc_ex.c ****         }
2649:Drivers/STM32H7xx_HAL_Driver/Src/stm32h7xx_hal_rcc_ex.c ****         else
2650:Drivers/STM32H7xx_HAL_Driver/Src/stm32h7xx_hal_rcc_ex.c ****         {
2651:Drivers/STM32H7xx_HAL_Driver/Src/stm32h7xx_hal_rcc_ex.c ****           frequency = 0;
2652:Drivers/STM32H7xx_HAL_Driver/Src/stm32h7xx_hal_rcc_ex.c ****         }
2653:Drivers/STM32H7xx_HAL_Driver/Src/stm32h7xx_hal_rcc_ex.c ****         break;
ARM GAS  C:\Users\jason\AppData\Local\Temp\ccSG31kR.s 			page 48


2654:Drivers/STM32H7xx_HAL_Driver/Src/stm32h7xx_hal_rcc_ex.c ****       }
2655:Drivers/STM32H7xx_HAL_Driver/Src/stm32h7xx_hal_rcc_ex.c ****       case RCC_ADCCLKSOURCE_PLL3:
2656:Drivers/STM32H7xx_HAL_Driver/Src/stm32h7xx_hal_rcc_ex.c ****       {
2657:Drivers/STM32H7xx_HAL_Driver/Src/stm32h7xx_hal_rcc_ex.c ****         if (HAL_IS_BIT_SET(RCC->CR, RCC_CR_PLL3RDY))
2658:Drivers/STM32H7xx_HAL_Driver/Src/stm32h7xx_hal_rcc_ex.c ****         {
2659:Drivers/STM32H7xx_HAL_Driver/Src/stm32h7xx_hal_rcc_ex.c ****           HAL_RCCEx_GetPLL3ClockFreq(&pll3_clocks);
2660:Drivers/STM32H7xx_HAL_Driver/Src/stm32h7xx_hal_rcc_ex.c ****           frequency = pll3_clocks.PLL3_R_Frequency;
2661:Drivers/STM32H7xx_HAL_Driver/Src/stm32h7xx_hal_rcc_ex.c ****         }
2662:Drivers/STM32H7xx_HAL_Driver/Src/stm32h7xx_hal_rcc_ex.c ****         else
2663:Drivers/STM32H7xx_HAL_Driver/Src/stm32h7xx_hal_rcc_ex.c ****         {
2664:Drivers/STM32H7xx_HAL_Driver/Src/stm32h7xx_hal_rcc_ex.c ****           frequency = 0;
2665:Drivers/STM32H7xx_HAL_Driver/Src/stm32h7xx_hal_rcc_ex.c ****         }
2666:Drivers/STM32H7xx_HAL_Driver/Src/stm32h7xx_hal_rcc_ex.c ****         break;
2667:Drivers/STM32H7xx_HAL_Driver/Src/stm32h7xx_hal_rcc_ex.c ****       }
2668:Drivers/STM32H7xx_HAL_Driver/Src/stm32h7xx_hal_rcc_ex.c **** 
2669:Drivers/STM32H7xx_HAL_Driver/Src/stm32h7xx_hal_rcc_ex.c ****       case RCC_ADCCLKSOURCE_CLKP:
2670:Drivers/STM32H7xx_HAL_Driver/Src/stm32h7xx_hal_rcc_ex.c ****       {
2671:Drivers/STM32H7xx_HAL_Driver/Src/stm32h7xx_hal_rcc_ex.c **** 
2672:Drivers/STM32H7xx_HAL_Driver/Src/stm32h7xx_hal_rcc_ex.c ****         ckpclocksource = __HAL_RCC_GET_CLKP_SOURCE();
2673:Drivers/STM32H7xx_HAL_Driver/Src/stm32h7xx_hal_rcc_ex.c **** 
2674:Drivers/STM32H7xx_HAL_Driver/Src/stm32h7xx_hal_rcc_ex.c ****         if ((HAL_IS_BIT_SET(RCC->CR, RCC_CR_HSIRDY)) && (ckpclocksource == RCC_CLKPSOURCE_HSI))
2675:Drivers/STM32H7xx_HAL_Driver/Src/stm32h7xx_hal_rcc_ex.c ****         {
2676:Drivers/STM32H7xx_HAL_Driver/Src/stm32h7xx_hal_rcc_ex.c ****           /* In Case the CKPER Source is HSI */
2677:Drivers/STM32H7xx_HAL_Driver/Src/stm32h7xx_hal_rcc_ex.c ****           frequency = (HSI_VALUE >> (__HAL_RCC_GET_HSI_DIVIDER() >> 3));
2678:Drivers/STM32H7xx_HAL_Driver/Src/stm32h7xx_hal_rcc_ex.c ****         }
2679:Drivers/STM32H7xx_HAL_Driver/Src/stm32h7xx_hal_rcc_ex.c **** 
2680:Drivers/STM32H7xx_HAL_Driver/Src/stm32h7xx_hal_rcc_ex.c ****         else if ((HAL_IS_BIT_SET(RCC->CR, RCC_CR_CSIRDY)) && (ckpclocksource == RCC_CLKPSOURCE_CSI)
2681:Drivers/STM32H7xx_HAL_Driver/Src/stm32h7xx_hal_rcc_ex.c ****         {
2682:Drivers/STM32H7xx_HAL_Driver/Src/stm32h7xx_hal_rcc_ex.c ****           /* In Case the CKPER Source is CSI */
2683:Drivers/STM32H7xx_HAL_Driver/Src/stm32h7xx_hal_rcc_ex.c ****           frequency = CSI_VALUE;
2684:Drivers/STM32H7xx_HAL_Driver/Src/stm32h7xx_hal_rcc_ex.c ****         }
2685:Drivers/STM32H7xx_HAL_Driver/Src/stm32h7xx_hal_rcc_ex.c **** 
2686:Drivers/STM32H7xx_HAL_Driver/Src/stm32h7xx_hal_rcc_ex.c ****         else if ((HAL_IS_BIT_SET(RCC->CR, RCC_CR_HSERDY)) && (ckpclocksource == RCC_CLKPSOURCE_HSE)
2687:Drivers/STM32H7xx_HAL_Driver/Src/stm32h7xx_hal_rcc_ex.c ****         {
2688:Drivers/STM32H7xx_HAL_Driver/Src/stm32h7xx_hal_rcc_ex.c ****           /* In Case the CKPER Source is HSE */
2689:Drivers/STM32H7xx_HAL_Driver/Src/stm32h7xx_hal_rcc_ex.c ****           frequency = HSE_VALUE;
2690:Drivers/STM32H7xx_HAL_Driver/Src/stm32h7xx_hal_rcc_ex.c ****         }
2691:Drivers/STM32H7xx_HAL_Driver/Src/stm32h7xx_hal_rcc_ex.c **** 
2692:Drivers/STM32H7xx_HAL_Driver/Src/stm32h7xx_hal_rcc_ex.c ****         else
2693:Drivers/STM32H7xx_HAL_Driver/Src/stm32h7xx_hal_rcc_ex.c ****         {
2694:Drivers/STM32H7xx_HAL_Driver/Src/stm32h7xx_hal_rcc_ex.c ****           /* In Case the CKPER is disabled*/
2695:Drivers/STM32H7xx_HAL_Driver/Src/stm32h7xx_hal_rcc_ex.c ****           frequency = 0;
2696:Drivers/STM32H7xx_HAL_Driver/Src/stm32h7xx_hal_rcc_ex.c ****         }
2697:Drivers/STM32H7xx_HAL_Driver/Src/stm32h7xx_hal_rcc_ex.c **** 
2698:Drivers/STM32H7xx_HAL_Driver/Src/stm32h7xx_hal_rcc_ex.c ****         break;
2699:Drivers/STM32H7xx_HAL_Driver/Src/stm32h7xx_hal_rcc_ex.c ****       }
2700:Drivers/STM32H7xx_HAL_Driver/Src/stm32h7xx_hal_rcc_ex.c **** 
2701:Drivers/STM32H7xx_HAL_Driver/Src/stm32h7xx_hal_rcc_ex.c ****       default :
2702:Drivers/STM32H7xx_HAL_Driver/Src/stm32h7xx_hal_rcc_ex.c ****       {
2703:Drivers/STM32H7xx_HAL_Driver/Src/stm32h7xx_hal_rcc_ex.c ****         frequency = 0;
2704:Drivers/STM32H7xx_HAL_Driver/Src/stm32h7xx_hal_rcc_ex.c ****         break;
2705:Drivers/STM32H7xx_HAL_Driver/Src/stm32h7xx_hal_rcc_ex.c ****       }
2706:Drivers/STM32H7xx_HAL_Driver/Src/stm32h7xx_hal_rcc_ex.c ****     }
2707:Drivers/STM32H7xx_HAL_Driver/Src/stm32h7xx_hal_rcc_ex.c ****   }
2708:Drivers/STM32H7xx_HAL_Driver/Src/stm32h7xx_hal_rcc_ex.c ****   else if (PeriphClk == RCC_PERIPHCLK_SDMMC)
2709:Drivers/STM32H7xx_HAL_Driver/Src/stm32h7xx_hal_rcc_ex.c ****   {
2710:Drivers/STM32H7xx_HAL_Driver/Src/stm32h7xx_hal_rcc_ex.c ****     /* Get SDMMC clock source */
ARM GAS  C:\Users\jason\AppData\Local\Temp\ccSG31kR.s 			page 49


2711:Drivers/STM32H7xx_HAL_Driver/Src/stm32h7xx_hal_rcc_ex.c ****     srcclk = __HAL_RCC_GET_SDMMC_SOURCE();
2712:Drivers/STM32H7xx_HAL_Driver/Src/stm32h7xx_hal_rcc_ex.c **** 
2713:Drivers/STM32H7xx_HAL_Driver/Src/stm32h7xx_hal_rcc_ex.c ****     switch (srcclk)
2714:Drivers/STM32H7xx_HAL_Driver/Src/stm32h7xx_hal_rcc_ex.c ****     {
2715:Drivers/STM32H7xx_HAL_Driver/Src/stm32h7xx_hal_rcc_ex.c ****       case RCC_SDMMCCLKSOURCE_PLL: /* PLL1 is the clock source for SDMMC */
2716:Drivers/STM32H7xx_HAL_Driver/Src/stm32h7xx_hal_rcc_ex.c ****       {
2717:Drivers/STM32H7xx_HAL_Driver/Src/stm32h7xx_hal_rcc_ex.c ****         if (HAL_IS_BIT_SET(RCC->CR, RCC_CR_PLL1RDY))
2718:Drivers/STM32H7xx_HAL_Driver/Src/stm32h7xx_hal_rcc_ex.c ****         {
2719:Drivers/STM32H7xx_HAL_Driver/Src/stm32h7xx_hal_rcc_ex.c ****           HAL_RCCEx_GetPLL1ClockFreq(&pll1_clocks);
2720:Drivers/STM32H7xx_HAL_Driver/Src/stm32h7xx_hal_rcc_ex.c ****           frequency = pll1_clocks.PLL1_Q_Frequency;
2721:Drivers/STM32H7xx_HAL_Driver/Src/stm32h7xx_hal_rcc_ex.c ****         }
2722:Drivers/STM32H7xx_HAL_Driver/Src/stm32h7xx_hal_rcc_ex.c ****         else
2723:Drivers/STM32H7xx_HAL_Driver/Src/stm32h7xx_hal_rcc_ex.c ****         {
2724:Drivers/STM32H7xx_HAL_Driver/Src/stm32h7xx_hal_rcc_ex.c ****           frequency = 0;
2725:Drivers/STM32H7xx_HAL_Driver/Src/stm32h7xx_hal_rcc_ex.c ****         }
2726:Drivers/STM32H7xx_HAL_Driver/Src/stm32h7xx_hal_rcc_ex.c ****         break;
2727:Drivers/STM32H7xx_HAL_Driver/Src/stm32h7xx_hal_rcc_ex.c ****       }
2728:Drivers/STM32H7xx_HAL_Driver/Src/stm32h7xx_hal_rcc_ex.c ****       case RCC_SDMMCCLKSOURCE_PLL2: /* PLL2 is the clock source for SDMMC */
2729:Drivers/STM32H7xx_HAL_Driver/Src/stm32h7xx_hal_rcc_ex.c ****       {
2730:Drivers/STM32H7xx_HAL_Driver/Src/stm32h7xx_hal_rcc_ex.c ****         if (HAL_IS_BIT_SET(RCC->CR, RCC_CR_PLL2RDY))
2731:Drivers/STM32H7xx_HAL_Driver/Src/stm32h7xx_hal_rcc_ex.c ****         {
2732:Drivers/STM32H7xx_HAL_Driver/Src/stm32h7xx_hal_rcc_ex.c ****           HAL_RCCEx_GetPLL2ClockFreq(&pll2_clocks);
2733:Drivers/STM32H7xx_HAL_Driver/Src/stm32h7xx_hal_rcc_ex.c ****           frequency = pll2_clocks.PLL2_R_Frequency;
2734:Drivers/STM32H7xx_HAL_Driver/Src/stm32h7xx_hal_rcc_ex.c ****         }
2735:Drivers/STM32H7xx_HAL_Driver/Src/stm32h7xx_hal_rcc_ex.c ****         else
2736:Drivers/STM32H7xx_HAL_Driver/Src/stm32h7xx_hal_rcc_ex.c ****         {
2737:Drivers/STM32H7xx_HAL_Driver/Src/stm32h7xx_hal_rcc_ex.c ****           frequency = 0;
2738:Drivers/STM32H7xx_HAL_Driver/Src/stm32h7xx_hal_rcc_ex.c ****         }
2739:Drivers/STM32H7xx_HAL_Driver/Src/stm32h7xx_hal_rcc_ex.c ****         break;
2740:Drivers/STM32H7xx_HAL_Driver/Src/stm32h7xx_hal_rcc_ex.c ****       }
2741:Drivers/STM32H7xx_HAL_Driver/Src/stm32h7xx_hal_rcc_ex.c **** 
2742:Drivers/STM32H7xx_HAL_Driver/Src/stm32h7xx_hal_rcc_ex.c ****       default :
2743:Drivers/STM32H7xx_HAL_Driver/Src/stm32h7xx_hal_rcc_ex.c ****       {
2744:Drivers/STM32H7xx_HAL_Driver/Src/stm32h7xx_hal_rcc_ex.c ****         frequency = 0;
2745:Drivers/STM32H7xx_HAL_Driver/Src/stm32h7xx_hal_rcc_ex.c ****         break;
2746:Drivers/STM32H7xx_HAL_Driver/Src/stm32h7xx_hal_rcc_ex.c ****       }
2747:Drivers/STM32H7xx_HAL_Driver/Src/stm32h7xx_hal_rcc_ex.c ****     }
2748:Drivers/STM32H7xx_HAL_Driver/Src/stm32h7xx_hal_rcc_ex.c ****   }
2749:Drivers/STM32H7xx_HAL_Driver/Src/stm32h7xx_hal_rcc_ex.c ****   else if (PeriphClk == RCC_PERIPHCLK_SPI6)
2750:Drivers/STM32H7xx_HAL_Driver/Src/stm32h7xx_hal_rcc_ex.c ****   {
2751:Drivers/STM32H7xx_HAL_Driver/Src/stm32h7xx_hal_rcc_ex.c ****     /* Get SPI6 clock source */
2752:Drivers/STM32H7xx_HAL_Driver/Src/stm32h7xx_hal_rcc_ex.c ****     srcclk = __HAL_RCC_GET_SPI6_SOURCE();
2753:Drivers/STM32H7xx_HAL_Driver/Src/stm32h7xx_hal_rcc_ex.c **** 
2754:Drivers/STM32H7xx_HAL_Driver/Src/stm32h7xx_hal_rcc_ex.c ****     switch (srcclk)
2755:Drivers/STM32H7xx_HAL_Driver/Src/stm32h7xx_hal_rcc_ex.c ****     {
2756:Drivers/STM32H7xx_HAL_Driver/Src/stm32h7xx_hal_rcc_ex.c ****       case RCC_SPI6CLKSOURCE_D3PCLK1: /* D3PCLK1 (PCLK4) is the clock source for SPI6 */
2757:Drivers/STM32H7xx_HAL_Driver/Src/stm32h7xx_hal_rcc_ex.c ****       {
2758:Drivers/STM32H7xx_HAL_Driver/Src/stm32h7xx_hal_rcc_ex.c ****         frequency = HAL_RCCEx_GetD3PCLK1Freq();
2759:Drivers/STM32H7xx_HAL_Driver/Src/stm32h7xx_hal_rcc_ex.c ****         break;
2760:Drivers/STM32H7xx_HAL_Driver/Src/stm32h7xx_hal_rcc_ex.c ****       }
2761:Drivers/STM32H7xx_HAL_Driver/Src/stm32h7xx_hal_rcc_ex.c ****       case RCC_SPI6CLKSOURCE_PLL2: /* PLL2 is the clock source for SPI6 */
2762:Drivers/STM32H7xx_HAL_Driver/Src/stm32h7xx_hal_rcc_ex.c ****       {
2763:Drivers/STM32H7xx_HAL_Driver/Src/stm32h7xx_hal_rcc_ex.c ****         if (HAL_IS_BIT_SET(RCC->CR, RCC_CR_PLL2RDY))
2764:Drivers/STM32H7xx_HAL_Driver/Src/stm32h7xx_hal_rcc_ex.c ****         {
2765:Drivers/STM32H7xx_HAL_Driver/Src/stm32h7xx_hal_rcc_ex.c ****           HAL_RCCEx_GetPLL2ClockFreq(&pll2_clocks);
2766:Drivers/STM32H7xx_HAL_Driver/Src/stm32h7xx_hal_rcc_ex.c ****           frequency = pll2_clocks.PLL2_Q_Frequency;
2767:Drivers/STM32H7xx_HAL_Driver/Src/stm32h7xx_hal_rcc_ex.c ****         }
ARM GAS  C:\Users\jason\AppData\Local\Temp\ccSG31kR.s 			page 50


2768:Drivers/STM32H7xx_HAL_Driver/Src/stm32h7xx_hal_rcc_ex.c ****         else
2769:Drivers/STM32H7xx_HAL_Driver/Src/stm32h7xx_hal_rcc_ex.c ****         {
2770:Drivers/STM32H7xx_HAL_Driver/Src/stm32h7xx_hal_rcc_ex.c ****           frequency = 0;
2771:Drivers/STM32H7xx_HAL_Driver/Src/stm32h7xx_hal_rcc_ex.c ****         }
2772:Drivers/STM32H7xx_HAL_Driver/Src/stm32h7xx_hal_rcc_ex.c ****         break;
2773:Drivers/STM32H7xx_HAL_Driver/Src/stm32h7xx_hal_rcc_ex.c ****       }
2774:Drivers/STM32H7xx_HAL_Driver/Src/stm32h7xx_hal_rcc_ex.c ****       case RCC_SPI6CLKSOURCE_PLL3: /* PLL3 is the clock source for SPI6 */
2775:Drivers/STM32H7xx_HAL_Driver/Src/stm32h7xx_hal_rcc_ex.c ****       {
2776:Drivers/STM32H7xx_HAL_Driver/Src/stm32h7xx_hal_rcc_ex.c ****         if (HAL_IS_BIT_SET(RCC->CR, RCC_CR_PLL3RDY))
2777:Drivers/STM32H7xx_HAL_Driver/Src/stm32h7xx_hal_rcc_ex.c ****         {
2778:Drivers/STM32H7xx_HAL_Driver/Src/stm32h7xx_hal_rcc_ex.c ****           HAL_RCCEx_GetPLL3ClockFreq(&pll3_clocks);
2779:Drivers/STM32H7xx_HAL_Driver/Src/stm32h7xx_hal_rcc_ex.c ****           frequency = pll3_clocks.PLL3_Q_Frequency;
2780:Drivers/STM32H7xx_HAL_Driver/Src/stm32h7xx_hal_rcc_ex.c ****         }
2781:Drivers/STM32H7xx_HAL_Driver/Src/stm32h7xx_hal_rcc_ex.c ****         else
2782:Drivers/STM32H7xx_HAL_Driver/Src/stm32h7xx_hal_rcc_ex.c ****         {
2783:Drivers/STM32H7xx_HAL_Driver/Src/stm32h7xx_hal_rcc_ex.c ****           frequency = 0;
2784:Drivers/STM32H7xx_HAL_Driver/Src/stm32h7xx_hal_rcc_ex.c ****         }
2785:Drivers/STM32H7xx_HAL_Driver/Src/stm32h7xx_hal_rcc_ex.c ****         break;
2786:Drivers/STM32H7xx_HAL_Driver/Src/stm32h7xx_hal_rcc_ex.c ****       }
2787:Drivers/STM32H7xx_HAL_Driver/Src/stm32h7xx_hal_rcc_ex.c ****       case RCC_SPI6CLKSOURCE_HSI: /* HSI is the clock source for SPI6 */
2788:Drivers/STM32H7xx_HAL_Driver/Src/stm32h7xx_hal_rcc_ex.c ****       {
2789:Drivers/STM32H7xx_HAL_Driver/Src/stm32h7xx_hal_rcc_ex.c ****         if (HAL_IS_BIT_SET(RCC->CR, RCC_CR_HSIRDY))
2790:Drivers/STM32H7xx_HAL_Driver/Src/stm32h7xx_hal_rcc_ex.c ****         {
2791:Drivers/STM32H7xx_HAL_Driver/Src/stm32h7xx_hal_rcc_ex.c ****           frequency = (HSI_VALUE >> (__HAL_RCC_GET_HSI_DIVIDER() >> 3));
2792:Drivers/STM32H7xx_HAL_Driver/Src/stm32h7xx_hal_rcc_ex.c ****         }
2793:Drivers/STM32H7xx_HAL_Driver/Src/stm32h7xx_hal_rcc_ex.c ****         else
2794:Drivers/STM32H7xx_HAL_Driver/Src/stm32h7xx_hal_rcc_ex.c ****         {
2795:Drivers/STM32H7xx_HAL_Driver/Src/stm32h7xx_hal_rcc_ex.c ****           frequency = 0;
2796:Drivers/STM32H7xx_HAL_Driver/Src/stm32h7xx_hal_rcc_ex.c ****         }
2797:Drivers/STM32H7xx_HAL_Driver/Src/stm32h7xx_hal_rcc_ex.c ****         break;
2798:Drivers/STM32H7xx_HAL_Driver/Src/stm32h7xx_hal_rcc_ex.c ****       }
2799:Drivers/STM32H7xx_HAL_Driver/Src/stm32h7xx_hal_rcc_ex.c ****       case RCC_SPI6CLKSOURCE_CSI: /* CSI is the clock source for SPI6 */
2800:Drivers/STM32H7xx_HAL_Driver/Src/stm32h7xx_hal_rcc_ex.c ****       {
2801:Drivers/STM32H7xx_HAL_Driver/Src/stm32h7xx_hal_rcc_ex.c ****         if (HAL_IS_BIT_SET(RCC->CR, RCC_CR_CSIRDY))
2802:Drivers/STM32H7xx_HAL_Driver/Src/stm32h7xx_hal_rcc_ex.c ****         {
2803:Drivers/STM32H7xx_HAL_Driver/Src/stm32h7xx_hal_rcc_ex.c ****           frequency = CSI_VALUE;
2804:Drivers/STM32H7xx_HAL_Driver/Src/stm32h7xx_hal_rcc_ex.c ****         }
2805:Drivers/STM32H7xx_HAL_Driver/Src/stm32h7xx_hal_rcc_ex.c ****         else
2806:Drivers/STM32H7xx_HAL_Driver/Src/stm32h7xx_hal_rcc_ex.c ****         {
2807:Drivers/STM32H7xx_HAL_Driver/Src/stm32h7xx_hal_rcc_ex.c ****           frequency = 0;
2808:Drivers/STM32H7xx_HAL_Driver/Src/stm32h7xx_hal_rcc_ex.c ****         }
2809:Drivers/STM32H7xx_HAL_Driver/Src/stm32h7xx_hal_rcc_ex.c ****         break;
2810:Drivers/STM32H7xx_HAL_Driver/Src/stm32h7xx_hal_rcc_ex.c ****       }
2811:Drivers/STM32H7xx_HAL_Driver/Src/stm32h7xx_hal_rcc_ex.c ****       case RCC_SPI6CLKSOURCE_HSE: /* HSE is the clock source for SPI6 */
2812:Drivers/STM32H7xx_HAL_Driver/Src/stm32h7xx_hal_rcc_ex.c ****       {
2813:Drivers/STM32H7xx_HAL_Driver/Src/stm32h7xx_hal_rcc_ex.c ****         if (HAL_IS_BIT_SET(RCC->CR, RCC_CR_HSERDY))
2814:Drivers/STM32H7xx_HAL_Driver/Src/stm32h7xx_hal_rcc_ex.c ****         {
2815:Drivers/STM32H7xx_HAL_Driver/Src/stm32h7xx_hal_rcc_ex.c ****           frequency = HSE_VALUE;
2816:Drivers/STM32H7xx_HAL_Driver/Src/stm32h7xx_hal_rcc_ex.c ****         }
2817:Drivers/STM32H7xx_HAL_Driver/Src/stm32h7xx_hal_rcc_ex.c ****         else
2818:Drivers/STM32H7xx_HAL_Driver/Src/stm32h7xx_hal_rcc_ex.c ****         {
2819:Drivers/STM32H7xx_HAL_Driver/Src/stm32h7xx_hal_rcc_ex.c ****           frequency = 0;
2820:Drivers/STM32H7xx_HAL_Driver/Src/stm32h7xx_hal_rcc_ex.c ****         }
2821:Drivers/STM32H7xx_HAL_Driver/Src/stm32h7xx_hal_rcc_ex.c ****         break;
2822:Drivers/STM32H7xx_HAL_Driver/Src/stm32h7xx_hal_rcc_ex.c ****       }
2823:Drivers/STM32H7xx_HAL_Driver/Src/stm32h7xx_hal_rcc_ex.c **** #if defined(RCC_SPI6CLKSOURCE_PIN)
2824:Drivers/STM32H7xx_HAL_Driver/Src/stm32h7xx_hal_rcc_ex.c ****       case RCC_SPI6CLKSOURCE_PIN: /* External clock is the clock source for SPI6 */
ARM GAS  C:\Users\jason\AppData\Local\Temp\ccSG31kR.s 			page 51


2825:Drivers/STM32H7xx_HAL_Driver/Src/stm32h7xx_hal_rcc_ex.c ****       {
2826:Drivers/STM32H7xx_HAL_Driver/Src/stm32h7xx_hal_rcc_ex.c ****         frequency = EXTERNAL_CLOCK_VALUE;
2827:Drivers/STM32H7xx_HAL_Driver/Src/stm32h7xx_hal_rcc_ex.c ****         break;
2828:Drivers/STM32H7xx_HAL_Driver/Src/stm32h7xx_hal_rcc_ex.c ****       }
2829:Drivers/STM32H7xx_HAL_Driver/Src/stm32h7xx_hal_rcc_ex.c **** #endif /* RCC_SPI6CLKSOURCE_PIN */
2830:Drivers/STM32H7xx_HAL_Driver/Src/stm32h7xx_hal_rcc_ex.c ****       default :
2831:Drivers/STM32H7xx_HAL_Driver/Src/stm32h7xx_hal_rcc_ex.c ****       {
2832:Drivers/STM32H7xx_HAL_Driver/Src/stm32h7xx_hal_rcc_ex.c ****         frequency = 0;
2833:Drivers/STM32H7xx_HAL_Driver/Src/stm32h7xx_hal_rcc_ex.c ****         break;
2834:Drivers/STM32H7xx_HAL_Driver/Src/stm32h7xx_hal_rcc_ex.c ****       }
2835:Drivers/STM32H7xx_HAL_Driver/Src/stm32h7xx_hal_rcc_ex.c ****     }
2836:Drivers/STM32H7xx_HAL_Driver/Src/stm32h7xx_hal_rcc_ex.c ****   }
2837:Drivers/STM32H7xx_HAL_Driver/Src/stm32h7xx_hal_rcc_ex.c ****   else if (PeriphClk == RCC_PERIPHCLK_FDCAN)
2838:Drivers/STM32H7xx_HAL_Driver/Src/stm32h7xx_hal_rcc_ex.c ****   {
2839:Drivers/STM32H7xx_HAL_Driver/Src/stm32h7xx_hal_rcc_ex.c ****     /* Get FDCAN clock source */
2840:Drivers/STM32H7xx_HAL_Driver/Src/stm32h7xx_hal_rcc_ex.c ****     srcclk = __HAL_RCC_GET_FDCAN_SOURCE();
2841:Drivers/STM32H7xx_HAL_Driver/Src/stm32h7xx_hal_rcc_ex.c **** 
2842:Drivers/STM32H7xx_HAL_Driver/Src/stm32h7xx_hal_rcc_ex.c ****     switch (srcclk)
2843:Drivers/STM32H7xx_HAL_Driver/Src/stm32h7xx_hal_rcc_ex.c ****     {
2844:Drivers/STM32H7xx_HAL_Driver/Src/stm32h7xx_hal_rcc_ex.c ****       case RCC_FDCANCLKSOURCE_HSE: /* HSE is the clock source for FDCAN */
2845:Drivers/STM32H7xx_HAL_Driver/Src/stm32h7xx_hal_rcc_ex.c ****       {
2846:Drivers/STM32H7xx_HAL_Driver/Src/stm32h7xx_hal_rcc_ex.c ****         if (HAL_IS_BIT_SET(RCC->CR, RCC_CR_HSERDY))
2847:Drivers/STM32H7xx_HAL_Driver/Src/stm32h7xx_hal_rcc_ex.c ****         {
2848:Drivers/STM32H7xx_HAL_Driver/Src/stm32h7xx_hal_rcc_ex.c ****           frequency = HSE_VALUE;
2849:Drivers/STM32H7xx_HAL_Driver/Src/stm32h7xx_hal_rcc_ex.c ****         }
2850:Drivers/STM32H7xx_HAL_Driver/Src/stm32h7xx_hal_rcc_ex.c ****         else
2851:Drivers/STM32H7xx_HAL_Driver/Src/stm32h7xx_hal_rcc_ex.c ****         {
2852:Drivers/STM32H7xx_HAL_Driver/Src/stm32h7xx_hal_rcc_ex.c ****           frequency = 0;
2853:Drivers/STM32H7xx_HAL_Driver/Src/stm32h7xx_hal_rcc_ex.c ****         }
2854:Drivers/STM32H7xx_HAL_Driver/Src/stm32h7xx_hal_rcc_ex.c ****         break;
2855:Drivers/STM32H7xx_HAL_Driver/Src/stm32h7xx_hal_rcc_ex.c ****       }
2856:Drivers/STM32H7xx_HAL_Driver/Src/stm32h7xx_hal_rcc_ex.c ****       case RCC_FDCANCLKSOURCE_PLL: /* PLL is the clock source for FDCAN */
2857:Drivers/STM32H7xx_HAL_Driver/Src/stm32h7xx_hal_rcc_ex.c ****       {
2858:Drivers/STM32H7xx_HAL_Driver/Src/stm32h7xx_hal_rcc_ex.c ****         if (HAL_IS_BIT_SET(RCC->CR, RCC_CR_PLL1RDY))
2859:Drivers/STM32H7xx_HAL_Driver/Src/stm32h7xx_hal_rcc_ex.c ****         {
2860:Drivers/STM32H7xx_HAL_Driver/Src/stm32h7xx_hal_rcc_ex.c ****           HAL_RCCEx_GetPLL1ClockFreq(&pll1_clocks);
2861:Drivers/STM32H7xx_HAL_Driver/Src/stm32h7xx_hal_rcc_ex.c ****           frequency = pll1_clocks.PLL1_Q_Frequency;
2862:Drivers/STM32H7xx_HAL_Driver/Src/stm32h7xx_hal_rcc_ex.c ****         }
2863:Drivers/STM32H7xx_HAL_Driver/Src/stm32h7xx_hal_rcc_ex.c ****         else
2864:Drivers/STM32H7xx_HAL_Driver/Src/stm32h7xx_hal_rcc_ex.c ****         {
2865:Drivers/STM32H7xx_HAL_Driver/Src/stm32h7xx_hal_rcc_ex.c ****           frequency = 0;
2866:Drivers/STM32H7xx_HAL_Driver/Src/stm32h7xx_hal_rcc_ex.c ****         }
2867:Drivers/STM32H7xx_HAL_Driver/Src/stm32h7xx_hal_rcc_ex.c ****         break;
2868:Drivers/STM32H7xx_HAL_Driver/Src/stm32h7xx_hal_rcc_ex.c ****       }
2869:Drivers/STM32H7xx_HAL_Driver/Src/stm32h7xx_hal_rcc_ex.c ****       case RCC_FDCANCLKSOURCE_PLL2: /* PLL2 is the clock source for FDCAN */
2870:Drivers/STM32H7xx_HAL_Driver/Src/stm32h7xx_hal_rcc_ex.c ****       {
2871:Drivers/STM32H7xx_HAL_Driver/Src/stm32h7xx_hal_rcc_ex.c ****         if (HAL_IS_BIT_SET(RCC->CR, RCC_CR_PLL2RDY))
2872:Drivers/STM32H7xx_HAL_Driver/Src/stm32h7xx_hal_rcc_ex.c ****         {
2873:Drivers/STM32H7xx_HAL_Driver/Src/stm32h7xx_hal_rcc_ex.c ****           HAL_RCCEx_GetPLL2ClockFreq(&pll2_clocks);
2874:Drivers/STM32H7xx_HAL_Driver/Src/stm32h7xx_hal_rcc_ex.c ****           frequency = pll2_clocks.PLL2_Q_Frequency;
2875:Drivers/STM32H7xx_HAL_Driver/Src/stm32h7xx_hal_rcc_ex.c ****         }
2876:Drivers/STM32H7xx_HAL_Driver/Src/stm32h7xx_hal_rcc_ex.c ****         else
2877:Drivers/STM32H7xx_HAL_Driver/Src/stm32h7xx_hal_rcc_ex.c ****         {
2878:Drivers/STM32H7xx_HAL_Driver/Src/stm32h7xx_hal_rcc_ex.c ****           frequency = 0;
2879:Drivers/STM32H7xx_HAL_Driver/Src/stm32h7xx_hal_rcc_ex.c ****         }
2880:Drivers/STM32H7xx_HAL_Driver/Src/stm32h7xx_hal_rcc_ex.c ****         break;
2881:Drivers/STM32H7xx_HAL_Driver/Src/stm32h7xx_hal_rcc_ex.c ****       }
ARM GAS  C:\Users\jason\AppData\Local\Temp\ccSG31kR.s 			page 52


2882:Drivers/STM32H7xx_HAL_Driver/Src/stm32h7xx_hal_rcc_ex.c ****       default :
2883:Drivers/STM32H7xx_HAL_Driver/Src/stm32h7xx_hal_rcc_ex.c ****       {
2884:Drivers/STM32H7xx_HAL_Driver/Src/stm32h7xx_hal_rcc_ex.c ****         frequency = 0;
2885:Drivers/STM32H7xx_HAL_Driver/Src/stm32h7xx_hal_rcc_ex.c ****         break;
2886:Drivers/STM32H7xx_HAL_Driver/Src/stm32h7xx_hal_rcc_ex.c ****       }
2887:Drivers/STM32H7xx_HAL_Driver/Src/stm32h7xx_hal_rcc_ex.c ****     }
2888:Drivers/STM32H7xx_HAL_Driver/Src/stm32h7xx_hal_rcc_ex.c ****   }
2889:Drivers/STM32H7xx_HAL_Driver/Src/stm32h7xx_hal_rcc_ex.c ****   else
2890:Drivers/STM32H7xx_HAL_Driver/Src/stm32h7xx_hal_rcc_ex.c ****   {
2891:Drivers/STM32H7xx_HAL_Driver/Src/stm32h7xx_hal_rcc_ex.c ****     frequency = 0;
2892:Drivers/STM32H7xx_HAL_Driver/Src/stm32h7xx_hal_rcc_ex.c ****   }
2893:Drivers/STM32H7xx_HAL_Driver/Src/stm32h7xx_hal_rcc_ex.c **** 
2894:Drivers/STM32H7xx_HAL_Driver/Src/stm32h7xx_hal_rcc_ex.c ****   return frequency;
2895:Drivers/STM32H7xx_HAL_Driver/Src/stm32h7xx_hal_rcc_ex.c **** }
2896:Drivers/STM32H7xx_HAL_Driver/Src/stm32h7xx_hal_rcc_ex.c **** 
2897:Drivers/STM32H7xx_HAL_Driver/Src/stm32h7xx_hal_rcc_ex.c **** 
2898:Drivers/STM32H7xx_HAL_Driver/Src/stm32h7xx_hal_rcc_ex.c **** /**
2899:Drivers/STM32H7xx_HAL_Driver/Src/stm32h7xx_hal_rcc_ex.c ****   * @brief  Returns the D1PCLK1 frequency
2900:Drivers/STM32H7xx_HAL_Driver/Src/stm32h7xx_hal_rcc_ex.c ****   * @note   Each time D1PCLK1 changes, this function must be called to update the
2901:Drivers/STM32H7xx_HAL_Driver/Src/stm32h7xx_hal_rcc_ex.c ****   *         right D1PCLK1 value. Otherwise, any configuration based on this function will be incorr
2902:Drivers/STM32H7xx_HAL_Driver/Src/stm32h7xx_hal_rcc_ex.c ****   * @retval D1PCLK1 frequency
2903:Drivers/STM32H7xx_HAL_Driver/Src/stm32h7xx_hal_rcc_ex.c ****   */
2904:Drivers/STM32H7xx_HAL_Driver/Src/stm32h7xx_hal_rcc_ex.c **** uint32_t HAL_RCCEx_GetD1PCLK1Freq(void)
2905:Drivers/STM32H7xx_HAL_Driver/Src/stm32h7xx_hal_rcc_ex.c **** {
2906:Drivers/STM32H7xx_HAL_Driver/Src/stm32h7xx_hal_rcc_ex.c **** #if defined(RCC_D1CFGR_D1PPRE)
2907:Drivers/STM32H7xx_HAL_Driver/Src/stm32h7xx_hal_rcc_ex.c ****   /* Get HCLK source and Compute D1PCLK1 frequency ---------------------------*/
2908:Drivers/STM32H7xx_HAL_Driver/Src/stm32h7xx_hal_rcc_ex.c ****   return (HAL_RCC_GetHCLKFreq() >> (D1CorePrescTable[(RCC->D1CFGR & RCC_D1CFGR_D1PPRE) >> RCC_D1CFG
2909:Drivers/STM32H7xx_HAL_Driver/Src/stm32h7xx_hal_rcc_ex.c **** #else
2910:Drivers/STM32H7xx_HAL_Driver/Src/stm32h7xx_hal_rcc_ex.c ****   /* Get HCLK source and Compute D1PCLK1 frequency ---------------------------*/
2911:Drivers/STM32H7xx_HAL_Driver/Src/stm32h7xx_hal_rcc_ex.c ****   return (HAL_RCC_GetHCLKFreq() >> (D1CorePrescTable[(RCC->CDCFGR1 & RCC_CDCFGR1_CDPPRE) >> RCC_CDC
2912:Drivers/STM32H7xx_HAL_Driver/Src/stm32h7xx_hal_rcc_ex.c **** #endif
2913:Drivers/STM32H7xx_HAL_Driver/Src/stm32h7xx_hal_rcc_ex.c **** }
2914:Drivers/STM32H7xx_HAL_Driver/Src/stm32h7xx_hal_rcc_ex.c **** 
2915:Drivers/STM32H7xx_HAL_Driver/Src/stm32h7xx_hal_rcc_ex.c **** /**
2916:Drivers/STM32H7xx_HAL_Driver/Src/stm32h7xx_hal_rcc_ex.c ****   * @brief  Returns the D3PCLK1 frequency
2917:Drivers/STM32H7xx_HAL_Driver/Src/stm32h7xx_hal_rcc_ex.c ****   * @note   Each time D3PCLK1 changes, this function must be called to update the
2918:Drivers/STM32H7xx_HAL_Driver/Src/stm32h7xx_hal_rcc_ex.c ****   *         right D3PCLK1 value. Otherwise, any configuration based on this function will be incorr
2919:Drivers/STM32H7xx_HAL_Driver/Src/stm32h7xx_hal_rcc_ex.c ****   * @retval D3PCLK1 frequency
2920:Drivers/STM32H7xx_HAL_Driver/Src/stm32h7xx_hal_rcc_ex.c ****   */
2921:Drivers/STM32H7xx_HAL_Driver/Src/stm32h7xx_hal_rcc_ex.c **** uint32_t HAL_RCCEx_GetD3PCLK1Freq(void)
2922:Drivers/STM32H7xx_HAL_Driver/Src/stm32h7xx_hal_rcc_ex.c **** {
2923:Drivers/STM32H7xx_HAL_Driver/Src/stm32h7xx_hal_rcc_ex.c **** #if defined(RCC_D3CFGR_D3PPRE)
2924:Drivers/STM32H7xx_HAL_Driver/Src/stm32h7xx_hal_rcc_ex.c ****   /* Get HCLK source and Compute D3PCLK1 frequency ---------------------------*/
2925:Drivers/STM32H7xx_HAL_Driver/Src/stm32h7xx_hal_rcc_ex.c ****   return (HAL_RCC_GetHCLKFreq() >> (D1CorePrescTable[(RCC->D3CFGR & RCC_D3CFGR_D3PPRE) >> RCC_D3CFG
2926:Drivers/STM32H7xx_HAL_Driver/Src/stm32h7xx_hal_rcc_ex.c **** #else
2927:Drivers/STM32H7xx_HAL_Driver/Src/stm32h7xx_hal_rcc_ex.c ****   /* Get HCLK source and Compute D3PCLK1 frequency ---------------------------*/
2928:Drivers/STM32H7xx_HAL_Driver/Src/stm32h7xx_hal_rcc_ex.c ****   return (HAL_RCC_GetHCLKFreq() >> (D1CorePrescTable[(RCC->SRDCFGR & RCC_SRDCFGR_SRDPPRE) >> RCC_SR
2929:Drivers/STM32H7xx_HAL_Driver/Src/stm32h7xx_hal_rcc_ex.c **** #endif
2930:Drivers/STM32H7xx_HAL_Driver/Src/stm32h7xx_hal_rcc_ex.c **** }
2931:Drivers/STM32H7xx_HAL_Driver/Src/stm32h7xx_hal_rcc_ex.c **** /**
2932:Drivers/STM32H7xx_HAL_Driver/Src/stm32h7xx_hal_rcc_ex.c **** * @brief  Returns the PLL2 clock frequencies :PLL2_P_Frequency,PLL2_R_Frequency and PLL2_Q_Frequenc
2933:Drivers/STM32H7xx_HAL_Driver/Src/stm32h7xx_hal_rcc_ex.c ****   * @note   The PLL2 clock frequencies computed by this function is not the real
2934:Drivers/STM32H7xx_HAL_Driver/Src/stm32h7xx_hal_rcc_ex.c ****   *         frequency in the chip. It is calculated based on the predefined
2935:Drivers/STM32H7xx_HAL_Driver/Src/stm32h7xx_hal_rcc_ex.c ****   *         constant and the selected clock source:
2936:Drivers/STM32H7xx_HAL_Driver/Src/stm32h7xx_hal_rcc_ex.c ****   * @note     The function returns values based on HSE_VALUE, HSI_VALUE or CSI Value multiplied/div
2937:Drivers/STM32H7xx_HAL_Driver/Src/stm32h7xx_hal_rcc_ex.c ****   * @note   This function can be used by the user application to compute the
2938:Drivers/STM32H7xx_HAL_Driver/Src/stm32h7xx_hal_rcc_ex.c ****   *         baud-rate for the communication peripherals or configure other parameters.
ARM GAS  C:\Users\jason\AppData\Local\Temp\ccSG31kR.s 			page 53


2939:Drivers/STM32H7xx_HAL_Driver/Src/stm32h7xx_hal_rcc_ex.c ****   *
2940:Drivers/STM32H7xx_HAL_Driver/Src/stm32h7xx_hal_rcc_ex.c ****   * @note   Each time PLL2CLK changes, this function must be called to update the
2941:Drivers/STM32H7xx_HAL_Driver/Src/stm32h7xx_hal_rcc_ex.c ****   *         right PLL2CLK value. Otherwise, any configuration based on this function will be incorr
2942:Drivers/STM32H7xx_HAL_Driver/Src/stm32h7xx_hal_rcc_ex.c ****   * @param  PLL2_Clocks structure.
2943:Drivers/STM32H7xx_HAL_Driver/Src/stm32h7xx_hal_rcc_ex.c ****   * @retval None
2944:Drivers/STM32H7xx_HAL_Driver/Src/stm32h7xx_hal_rcc_ex.c ****   */
2945:Drivers/STM32H7xx_HAL_Driver/Src/stm32h7xx_hal_rcc_ex.c **** void HAL_RCCEx_GetPLL2ClockFreq(PLL2_ClocksTypeDef *PLL2_Clocks)
2946:Drivers/STM32H7xx_HAL_Driver/Src/stm32h7xx_hal_rcc_ex.c **** {
2947:Drivers/STM32H7xx_HAL_Driver/Src/stm32h7xx_hal_rcc_ex.c ****   uint32_t  pllsource, pll2m,  pll2fracen, hsivalue;
2948:Drivers/STM32H7xx_HAL_Driver/Src/stm32h7xx_hal_rcc_ex.c ****   float_t fracn2, pll2vco;
2949:Drivers/STM32H7xx_HAL_Driver/Src/stm32h7xx_hal_rcc_ex.c **** 
2950:Drivers/STM32H7xx_HAL_Driver/Src/stm32h7xx_hal_rcc_ex.c ****   /* PLL_VCO = (HSE_VALUE or HSI_VALUE or CSI_VALUE/ PLL2M) * PLL2N
2951:Drivers/STM32H7xx_HAL_Driver/Src/stm32h7xx_hal_rcc_ex.c ****      PLL2xCLK = PLL2_VCO / PLL2x
2952:Drivers/STM32H7xx_HAL_Driver/Src/stm32h7xx_hal_rcc_ex.c ****   */
2953:Drivers/STM32H7xx_HAL_Driver/Src/stm32h7xx_hal_rcc_ex.c ****   pllsource = (RCC->PLLCKSELR & RCC_PLLCKSELR_PLLSRC);
2954:Drivers/STM32H7xx_HAL_Driver/Src/stm32h7xx_hal_rcc_ex.c ****   pll2m = ((RCC->PLLCKSELR & RCC_PLLCKSELR_DIVM2) >> 12);
2955:Drivers/STM32H7xx_HAL_Driver/Src/stm32h7xx_hal_rcc_ex.c ****   pll2fracen = (RCC->PLLCFGR & RCC_PLLCFGR_PLL2FRACEN) >> RCC_PLLCFGR_PLL2FRACEN_Pos;
2956:Drivers/STM32H7xx_HAL_Driver/Src/stm32h7xx_hal_rcc_ex.c ****   fracn2 = (float_t)(uint32_t)(pll2fracen * ((RCC->PLL2FRACR & RCC_PLL2FRACR_FRACN2) >> 3));
2957:Drivers/STM32H7xx_HAL_Driver/Src/stm32h7xx_hal_rcc_ex.c **** 
2958:Drivers/STM32H7xx_HAL_Driver/Src/stm32h7xx_hal_rcc_ex.c ****   if (pll2m != 0U)
2959:Drivers/STM32H7xx_HAL_Driver/Src/stm32h7xx_hal_rcc_ex.c ****   {
2960:Drivers/STM32H7xx_HAL_Driver/Src/stm32h7xx_hal_rcc_ex.c ****     switch (pllsource)
2961:Drivers/STM32H7xx_HAL_Driver/Src/stm32h7xx_hal_rcc_ex.c ****     {
2962:Drivers/STM32H7xx_HAL_Driver/Src/stm32h7xx_hal_rcc_ex.c **** 
2963:Drivers/STM32H7xx_HAL_Driver/Src/stm32h7xx_hal_rcc_ex.c ****       case RCC_PLLSOURCE_HSI:  /* HSI used as PLL clock source */
2964:Drivers/STM32H7xx_HAL_Driver/Src/stm32h7xx_hal_rcc_ex.c **** 
2965:Drivers/STM32H7xx_HAL_Driver/Src/stm32h7xx_hal_rcc_ex.c ****         if (__HAL_RCC_GET_FLAG(RCC_FLAG_HSIDIV) != 0U)
2966:Drivers/STM32H7xx_HAL_Driver/Src/stm32h7xx_hal_rcc_ex.c ****         {
2967:Drivers/STM32H7xx_HAL_Driver/Src/stm32h7xx_hal_rcc_ex.c ****           hsivalue = (HSI_VALUE >> (__HAL_RCC_GET_HSI_DIVIDER() >> 3));
2968:Drivers/STM32H7xx_HAL_Driver/Src/stm32h7xx_hal_rcc_ex.c ****           pll2vco = ((float_t)hsivalue / (float_t)pll2m) * ((float_t)(uint32_t)(RCC->PLL2DIVR & RCC
2969:Drivers/STM32H7xx_HAL_Driver/Src/stm32h7xx_hal_rcc_ex.c ****         }
2970:Drivers/STM32H7xx_HAL_Driver/Src/stm32h7xx_hal_rcc_ex.c ****         else
2971:Drivers/STM32H7xx_HAL_Driver/Src/stm32h7xx_hal_rcc_ex.c ****         {
2972:Drivers/STM32H7xx_HAL_Driver/Src/stm32h7xx_hal_rcc_ex.c ****           pll2vco = ((float_t)HSI_VALUE / (float_t)pll2m) * ((float_t)(uint32_t)(RCC->PLL2DIVR & RC
2973:Drivers/STM32H7xx_HAL_Driver/Src/stm32h7xx_hal_rcc_ex.c ****         }
2974:Drivers/STM32H7xx_HAL_Driver/Src/stm32h7xx_hal_rcc_ex.c ****         break;
2975:Drivers/STM32H7xx_HAL_Driver/Src/stm32h7xx_hal_rcc_ex.c **** 
2976:Drivers/STM32H7xx_HAL_Driver/Src/stm32h7xx_hal_rcc_ex.c ****       case RCC_PLLSOURCE_CSI:  /* CSI used as PLL clock source */
2977:Drivers/STM32H7xx_HAL_Driver/Src/stm32h7xx_hal_rcc_ex.c ****         pll2vco = ((float_t)CSI_VALUE / (float_t)pll2m) * ((float_t)(uint32_t)(RCC->PLL2DIVR & RCC_
2978:Drivers/STM32H7xx_HAL_Driver/Src/stm32h7xx_hal_rcc_ex.c ****         break;
2979:Drivers/STM32H7xx_HAL_Driver/Src/stm32h7xx_hal_rcc_ex.c **** 
2980:Drivers/STM32H7xx_HAL_Driver/Src/stm32h7xx_hal_rcc_ex.c ****       case RCC_PLLSOURCE_HSE:  /* HSE used as PLL clock source */
2981:Drivers/STM32H7xx_HAL_Driver/Src/stm32h7xx_hal_rcc_ex.c ****         pll2vco = ((float_t)HSE_VALUE / (float_t)pll2m) * ((float_t)(uint32_t)(RCC->PLL2DIVR & RCC_
2982:Drivers/STM32H7xx_HAL_Driver/Src/stm32h7xx_hal_rcc_ex.c ****         break;
2983:Drivers/STM32H7xx_HAL_Driver/Src/stm32h7xx_hal_rcc_ex.c **** 
2984:Drivers/STM32H7xx_HAL_Driver/Src/stm32h7xx_hal_rcc_ex.c ****       default:
2985:Drivers/STM32H7xx_HAL_Driver/Src/stm32h7xx_hal_rcc_ex.c ****         pll2vco = ((float_t)CSI_VALUE / (float_t)pll2m) * ((float_t)(uint32_t)(RCC->PLL2DIVR & RCC_
2986:Drivers/STM32H7xx_HAL_Driver/Src/stm32h7xx_hal_rcc_ex.c ****         break;
2987:Drivers/STM32H7xx_HAL_Driver/Src/stm32h7xx_hal_rcc_ex.c ****     }
2988:Drivers/STM32H7xx_HAL_Driver/Src/stm32h7xx_hal_rcc_ex.c ****     PLL2_Clocks->PLL2_P_Frequency = (uint32_t)(float_t)(pll2vco / ((float_t)(uint32_t)((RCC->PLL2DI
2989:Drivers/STM32H7xx_HAL_Driver/Src/stm32h7xx_hal_rcc_ex.c ****     PLL2_Clocks->PLL2_Q_Frequency = (uint32_t)(float_t)(pll2vco / ((float_t)(uint32_t)((RCC->PLL2DI
2990:Drivers/STM32H7xx_HAL_Driver/Src/stm32h7xx_hal_rcc_ex.c ****     PLL2_Clocks->PLL2_R_Frequency = (uint32_t)(float_t)(pll2vco / ((float_t)(uint32_t)((RCC->PLL2DI
2991:Drivers/STM32H7xx_HAL_Driver/Src/stm32h7xx_hal_rcc_ex.c ****   }
2992:Drivers/STM32H7xx_HAL_Driver/Src/stm32h7xx_hal_rcc_ex.c ****   else
2993:Drivers/STM32H7xx_HAL_Driver/Src/stm32h7xx_hal_rcc_ex.c ****   {
2994:Drivers/STM32H7xx_HAL_Driver/Src/stm32h7xx_hal_rcc_ex.c ****     PLL2_Clocks->PLL2_P_Frequency = 0U;
2995:Drivers/STM32H7xx_HAL_Driver/Src/stm32h7xx_hal_rcc_ex.c ****     PLL2_Clocks->PLL2_Q_Frequency = 0U;
ARM GAS  C:\Users\jason\AppData\Local\Temp\ccSG31kR.s 			page 54


2996:Drivers/STM32H7xx_HAL_Driver/Src/stm32h7xx_hal_rcc_ex.c ****     PLL2_Clocks->PLL2_R_Frequency = 0U;
2997:Drivers/STM32H7xx_HAL_Driver/Src/stm32h7xx_hal_rcc_ex.c ****   }
2998:Drivers/STM32H7xx_HAL_Driver/Src/stm32h7xx_hal_rcc_ex.c **** }
2999:Drivers/STM32H7xx_HAL_Driver/Src/stm32h7xx_hal_rcc_ex.c **** 
3000:Drivers/STM32H7xx_HAL_Driver/Src/stm32h7xx_hal_rcc_ex.c **** /**
3001:Drivers/STM32H7xx_HAL_Driver/Src/stm32h7xx_hal_rcc_ex.c **** * @brief  Returns the PLL3 clock frequencies :PLL3_P_Frequency,PLL3_R_Frequency and PLL3_Q_Frequenc
3002:Drivers/STM32H7xx_HAL_Driver/Src/stm32h7xx_hal_rcc_ex.c ****   * @note   The PLL3 clock frequencies computed by this function is not the real
3003:Drivers/STM32H7xx_HAL_Driver/Src/stm32h7xx_hal_rcc_ex.c ****   *         frequency in the chip. It is calculated based on the predefined
3004:Drivers/STM32H7xx_HAL_Driver/Src/stm32h7xx_hal_rcc_ex.c ****   *         constant and the selected clock source:
3005:Drivers/STM32H7xx_HAL_Driver/Src/stm32h7xx_hal_rcc_ex.c ****   * @note     The function returns values based on HSE_VALUE, HSI_VALUE or CSI Value multiplied/div
3006:Drivers/STM32H7xx_HAL_Driver/Src/stm32h7xx_hal_rcc_ex.c ****   * @note   This function can be used by the user application to compute the
3007:Drivers/STM32H7xx_HAL_Driver/Src/stm32h7xx_hal_rcc_ex.c ****   *         baud-rate for the communication peripherals or configure other parameters.
3008:Drivers/STM32H7xx_HAL_Driver/Src/stm32h7xx_hal_rcc_ex.c ****   *
3009:Drivers/STM32H7xx_HAL_Driver/Src/stm32h7xx_hal_rcc_ex.c ****   * @note   Each time PLL3CLK changes, this function must be called to update the
3010:Drivers/STM32H7xx_HAL_Driver/Src/stm32h7xx_hal_rcc_ex.c ****   *         right PLL3CLK value. Otherwise, any configuration based on this function will be incorr
3011:Drivers/STM32H7xx_HAL_Driver/Src/stm32h7xx_hal_rcc_ex.c ****   * @param  PLL3_Clocks structure.
3012:Drivers/STM32H7xx_HAL_Driver/Src/stm32h7xx_hal_rcc_ex.c ****   * @retval None
3013:Drivers/STM32H7xx_HAL_Driver/Src/stm32h7xx_hal_rcc_ex.c ****   */
3014:Drivers/STM32H7xx_HAL_Driver/Src/stm32h7xx_hal_rcc_ex.c **** void HAL_RCCEx_GetPLL3ClockFreq(PLL3_ClocksTypeDef *PLL3_Clocks)
3015:Drivers/STM32H7xx_HAL_Driver/Src/stm32h7xx_hal_rcc_ex.c **** {
3016:Drivers/STM32H7xx_HAL_Driver/Src/stm32h7xx_hal_rcc_ex.c ****   uint32_t pllsource, pll3m, pll3fracen, hsivalue;
3017:Drivers/STM32H7xx_HAL_Driver/Src/stm32h7xx_hal_rcc_ex.c ****   float_t fracn3, pll3vco;
3018:Drivers/STM32H7xx_HAL_Driver/Src/stm32h7xx_hal_rcc_ex.c **** 
3019:Drivers/STM32H7xx_HAL_Driver/Src/stm32h7xx_hal_rcc_ex.c ****   /* PLL3_VCO = (HSE_VALUE or HSI_VALUE or CSI_VALUE/ PLL3M) * PLL3N
3020:Drivers/STM32H7xx_HAL_Driver/Src/stm32h7xx_hal_rcc_ex.c ****      PLL3xCLK = PLL3_VCO / PLLxR
3021:Drivers/STM32H7xx_HAL_Driver/Src/stm32h7xx_hal_rcc_ex.c ****   */
3022:Drivers/STM32H7xx_HAL_Driver/Src/stm32h7xx_hal_rcc_ex.c ****   pllsource = (RCC->PLLCKSELR & RCC_PLLCKSELR_PLLSRC);
3023:Drivers/STM32H7xx_HAL_Driver/Src/stm32h7xx_hal_rcc_ex.c ****   pll3m = ((RCC->PLLCKSELR & RCC_PLLCKSELR_DIVM3) >> 20)  ;
3024:Drivers/STM32H7xx_HAL_Driver/Src/stm32h7xx_hal_rcc_ex.c ****   pll3fracen = (RCC->PLLCFGR & RCC_PLLCFGR_PLL3FRACEN) >> RCC_PLLCFGR_PLL3FRACEN_Pos;
3025:Drivers/STM32H7xx_HAL_Driver/Src/stm32h7xx_hal_rcc_ex.c ****   fracn3 = (float_t)(uint32_t)(pll3fracen * ((RCC->PLL3FRACR & RCC_PLL3FRACR_FRACN3) >> 3));
3026:Drivers/STM32H7xx_HAL_Driver/Src/stm32h7xx_hal_rcc_ex.c **** 
3027:Drivers/STM32H7xx_HAL_Driver/Src/stm32h7xx_hal_rcc_ex.c ****   if (pll3m != 0U)
3028:Drivers/STM32H7xx_HAL_Driver/Src/stm32h7xx_hal_rcc_ex.c ****   {
3029:Drivers/STM32H7xx_HAL_Driver/Src/stm32h7xx_hal_rcc_ex.c ****     switch (pllsource)
3030:Drivers/STM32H7xx_HAL_Driver/Src/stm32h7xx_hal_rcc_ex.c ****     {
3031:Drivers/STM32H7xx_HAL_Driver/Src/stm32h7xx_hal_rcc_ex.c ****       case RCC_PLLSOURCE_HSI:  /* HSI used as PLL clock source */
3032:Drivers/STM32H7xx_HAL_Driver/Src/stm32h7xx_hal_rcc_ex.c **** 
3033:Drivers/STM32H7xx_HAL_Driver/Src/stm32h7xx_hal_rcc_ex.c ****         if (__HAL_RCC_GET_FLAG(RCC_FLAG_HSIDIV) != 0U)
3034:Drivers/STM32H7xx_HAL_Driver/Src/stm32h7xx_hal_rcc_ex.c ****         {
3035:Drivers/STM32H7xx_HAL_Driver/Src/stm32h7xx_hal_rcc_ex.c ****           hsivalue = (HSI_VALUE >> (__HAL_RCC_GET_HSI_DIVIDER() >> 3));
3036:Drivers/STM32H7xx_HAL_Driver/Src/stm32h7xx_hal_rcc_ex.c ****           pll3vco = ((float_t)hsivalue / (float_t)pll3m) * ((float_t)(uint32_t)(RCC->PLL3DIVR & RCC
3037:Drivers/STM32H7xx_HAL_Driver/Src/stm32h7xx_hal_rcc_ex.c ****         }
3038:Drivers/STM32H7xx_HAL_Driver/Src/stm32h7xx_hal_rcc_ex.c ****         else
3039:Drivers/STM32H7xx_HAL_Driver/Src/stm32h7xx_hal_rcc_ex.c ****         {
3040:Drivers/STM32H7xx_HAL_Driver/Src/stm32h7xx_hal_rcc_ex.c ****           pll3vco = ((float_t)HSI_VALUE / (float_t)pll3m) * ((float_t)(uint32_t)(RCC->PLL3DIVR & RC
3041:Drivers/STM32H7xx_HAL_Driver/Src/stm32h7xx_hal_rcc_ex.c ****         }
3042:Drivers/STM32H7xx_HAL_Driver/Src/stm32h7xx_hal_rcc_ex.c ****         break;
3043:Drivers/STM32H7xx_HAL_Driver/Src/stm32h7xx_hal_rcc_ex.c ****       case RCC_PLLSOURCE_CSI:  /* CSI used as PLL clock source */
3044:Drivers/STM32H7xx_HAL_Driver/Src/stm32h7xx_hal_rcc_ex.c ****         pll3vco = ((float_t)CSI_VALUE / (float_t)pll3m) * ((float_t)(uint32_t)(RCC->PLL3DIVR & RCC_
3045:Drivers/STM32H7xx_HAL_Driver/Src/stm32h7xx_hal_rcc_ex.c ****         break;
3046:Drivers/STM32H7xx_HAL_Driver/Src/stm32h7xx_hal_rcc_ex.c **** 
3047:Drivers/STM32H7xx_HAL_Driver/Src/stm32h7xx_hal_rcc_ex.c ****       case RCC_PLLSOURCE_HSE:  /* HSE used as PLL clock source */
3048:Drivers/STM32H7xx_HAL_Driver/Src/stm32h7xx_hal_rcc_ex.c ****         pll3vco = ((float_t)HSE_VALUE / (float_t)pll3m) * ((float_t)(uint32_t)(RCC->PLL3DIVR & RCC_
3049:Drivers/STM32H7xx_HAL_Driver/Src/stm32h7xx_hal_rcc_ex.c ****         break;
3050:Drivers/STM32H7xx_HAL_Driver/Src/stm32h7xx_hal_rcc_ex.c **** 
3051:Drivers/STM32H7xx_HAL_Driver/Src/stm32h7xx_hal_rcc_ex.c ****       default:
3052:Drivers/STM32H7xx_HAL_Driver/Src/stm32h7xx_hal_rcc_ex.c ****         pll3vco = ((float_t)CSI_VALUE / (float_t)pll3m) * ((float_t)(uint32_t)(RCC->PLL3DIVR & RCC_
ARM GAS  C:\Users\jason\AppData\Local\Temp\ccSG31kR.s 			page 55


3053:Drivers/STM32H7xx_HAL_Driver/Src/stm32h7xx_hal_rcc_ex.c ****         break;
3054:Drivers/STM32H7xx_HAL_Driver/Src/stm32h7xx_hal_rcc_ex.c ****     }
3055:Drivers/STM32H7xx_HAL_Driver/Src/stm32h7xx_hal_rcc_ex.c ****     PLL3_Clocks->PLL3_P_Frequency = (uint32_t)(float_t)(pll3vco / ((float_t)(uint32_t)((RCC->PLL3DI
3056:Drivers/STM32H7xx_HAL_Driver/Src/stm32h7xx_hal_rcc_ex.c ****     PLL3_Clocks->PLL3_Q_Frequency = (uint32_t)(float_t)(pll3vco / ((float_t)(uint32_t)((RCC->PLL3DI
3057:Drivers/STM32H7xx_HAL_Driver/Src/stm32h7xx_hal_rcc_ex.c ****     PLL3_Clocks->PLL3_R_Frequency = (uint32_t)(float_t)(pll3vco / ((float_t)(uint32_t)((RCC->PLL3DI
3058:Drivers/STM32H7xx_HAL_Driver/Src/stm32h7xx_hal_rcc_ex.c ****   }
3059:Drivers/STM32H7xx_HAL_Driver/Src/stm32h7xx_hal_rcc_ex.c ****   else
3060:Drivers/STM32H7xx_HAL_Driver/Src/stm32h7xx_hal_rcc_ex.c ****   {
3061:Drivers/STM32H7xx_HAL_Driver/Src/stm32h7xx_hal_rcc_ex.c ****     PLL3_Clocks->PLL3_P_Frequency = 0U;
3062:Drivers/STM32H7xx_HAL_Driver/Src/stm32h7xx_hal_rcc_ex.c ****     PLL3_Clocks->PLL3_Q_Frequency = 0U;
3063:Drivers/STM32H7xx_HAL_Driver/Src/stm32h7xx_hal_rcc_ex.c ****     PLL3_Clocks->PLL3_R_Frequency = 0U;
3064:Drivers/STM32H7xx_HAL_Driver/Src/stm32h7xx_hal_rcc_ex.c ****   }
3065:Drivers/STM32H7xx_HAL_Driver/Src/stm32h7xx_hal_rcc_ex.c **** 
3066:Drivers/STM32H7xx_HAL_Driver/Src/stm32h7xx_hal_rcc_ex.c **** }
3067:Drivers/STM32H7xx_HAL_Driver/Src/stm32h7xx_hal_rcc_ex.c **** 
3068:Drivers/STM32H7xx_HAL_Driver/Src/stm32h7xx_hal_rcc_ex.c **** /**
3069:Drivers/STM32H7xx_HAL_Driver/Src/stm32h7xx_hal_rcc_ex.c **** * @brief  Returns the PLL1 clock frequencies :PLL1_P_Frequency,PLL1_R_Frequency and PLL1_Q_Frequenc
3070:Drivers/STM32H7xx_HAL_Driver/Src/stm32h7xx_hal_rcc_ex.c ****   * @note   The PLL1 clock frequencies computed by this function is not the real
3071:Drivers/STM32H7xx_HAL_Driver/Src/stm32h7xx_hal_rcc_ex.c ****   *         frequency in the chip. It is calculated based on the predefined
3072:Drivers/STM32H7xx_HAL_Driver/Src/stm32h7xx_hal_rcc_ex.c ****   *         constant and the selected clock source:
3073:Drivers/STM32H7xx_HAL_Driver/Src/stm32h7xx_hal_rcc_ex.c ****   * @note     The function returns values based on HSE_VALUE, HSI_VALUE or CSI Value multiplied/div
3074:Drivers/STM32H7xx_HAL_Driver/Src/stm32h7xx_hal_rcc_ex.c ****   * @note   This function can be used by the user application to compute the
3075:Drivers/STM32H7xx_HAL_Driver/Src/stm32h7xx_hal_rcc_ex.c ****   *         baud-rate for the communication peripherals or configure other parameters.
3076:Drivers/STM32H7xx_HAL_Driver/Src/stm32h7xx_hal_rcc_ex.c ****   *
3077:Drivers/STM32H7xx_HAL_Driver/Src/stm32h7xx_hal_rcc_ex.c ****   * @note   Each time PLL1CLK changes, this function must be called to update the
3078:Drivers/STM32H7xx_HAL_Driver/Src/stm32h7xx_hal_rcc_ex.c ****   *         right PLL1CLK value. Otherwise, any configuration based on this function will be incorr
3079:Drivers/STM32H7xx_HAL_Driver/Src/stm32h7xx_hal_rcc_ex.c ****   * @param  PLL1_Clocks structure.
3080:Drivers/STM32H7xx_HAL_Driver/Src/stm32h7xx_hal_rcc_ex.c ****   * @retval None
3081:Drivers/STM32H7xx_HAL_Driver/Src/stm32h7xx_hal_rcc_ex.c ****   */
3082:Drivers/STM32H7xx_HAL_Driver/Src/stm32h7xx_hal_rcc_ex.c **** void HAL_RCCEx_GetPLL1ClockFreq(PLL1_ClocksTypeDef *PLL1_Clocks)
3083:Drivers/STM32H7xx_HAL_Driver/Src/stm32h7xx_hal_rcc_ex.c **** {
3084:Drivers/STM32H7xx_HAL_Driver/Src/stm32h7xx_hal_rcc_ex.c ****   uint32_t pllsource, pll1m, pll1fracen, hsivalue;
3085:Drivers/STM32H7xx_HAL_Driver/Src/stm32h7xx_hal_rcc_ex.c ****   float_t fracn1, pll1vco;
3086:Drivers/STM32H7xx_HAL_Driver/Src/stm32h7xx_hal_rcc_ex.c **** 
3087:Drivers/STM32H7xx_HAL_Driver/Src/stm32h7xx_hal_rcc_ex.c ****   pllsource = (RCC->PLLCKSELR & RCC_PLLCKSELR_PLLSRC);
3088:Drivers/STM32H7xx_HAL_Driver/Src/stm32h7xx_hal_rcc_ex.c ****   pll1m = ((RCC->PLLCKSELR & RCC_PLLCKSELR_DIVM1) >> 4);
3089:Drivers/STM32H7xx_HAL_Driver/Src/stm32h7xx_hal_rcc_ex.c ****   pll1fracen = RCC->PLLCFGR & RCC_PLLCFGR_PLL1FRACEN;
3090:Drivers/STM32H7xx_HAL_Driver/Src/stm32h7xx_hal_rcc_ex.c ****   fracn1 = (float_t)(uint32_t)(pll1fracen * ((RCC->PLL1FRACR & RCC_PLL1FRACR_FRACN1) >> 3));
3091:Drivers/STM32H7xx_HAL_Driver/Src/stm32h7xx_hal_rcc_ex.c **** 
3092:Drivers/STM32H7xx_HAL_Driver/Src/stm32h7xx_hal_rcc_ex.c ****   if (pll1m != 0U)
3093:Drivers/STM32H7xx_HAL_Driver/Src/stm32h7xx_hal_rcc_ex.c ****   {
3094:Drivers/STM32H7xx_HAL_Driver/Src/stm32h7xx_hal_rcc_ex.c ****     switch (pllsource)
3095:Drivers/STM32H7xx_HAL_Driver/Src/stm32h7xx_hal_rcc_ex.c ****     {
3096:Drivers/STM32H7xx_HAL_Driver/Src/stm32h7xx_hal_rcc_ex.c **** 
3097:Drivers/STM32H7xx_HAL_Driver/Src/stm32h7xx_hal_rcc_ex.c ****       case RCC_PLLSOURCE_HSI:  /* HSI used as PLL clock source */
3098:Drivers/STM32H7xx_HAL_Driver/Src/stm32h7xx_hal_rcc_ex.c **** 
3099:Drivers/STM32H7xx_HAL_Driver/Src/stm32h7xx_hal_rcc_ex.c ****         if (__HAL_RCC_GET_FLAG(RCC_FLAG_HSIDIV) != 0U)
3100:Drivers/STM32H7xx_HAL_Driver/Src/stm32h7xx_hal_rcc_ex.c ****         {
3101:Drivers/STM32H7xx_HAL_Driver/Src/stm32h7xx_hal_rcc_ex.c ****           hsivalue = (HSI_VALUE >> (__HAL_RCC_GET_HSI_DIVIDER() >> 3));
3102:Drivers/STM32H7xx_HAL_Driver/Src/stm32h7xx_hal_rcc_ex.c ****           pll1vco = ((float_t)hsivalue / (float_t)pll1m) * ((float_t)(uint32_t)(RCC->PLL1DIVR & RCC
3103:Drivers/STM32H7xx_HAL_Driver/Src/stm32h7xx_hal_rcc_ex.c ****         }
3104:Drivers/STM32H7xx_HAL_Driver/Src/stm32h7xx_hal_rcc_ex.c ****         else
3105:Drivers/STM32H7xx_HAL_Driver/Src/stm32h7xx_hal_rcc_ex.c ****         {
3106:Drivers/STM32H7xx_HAL_Driver/Src/stm32h7xx_hal_rcc_ex.c ****           pll1vco = ((float_t)HSI_VALUE / (float_t)pll1m) * ((float_t)(uint32_t)(RCC->PLL1DIVR & RC
3107:Drivers/STM32H7xx_HAL_Driver/Src/stm32h7xx_hal_rcc_ex.c ****         }
3108:Drivers/STM32H7xx_HAL_Driver/Src/stm32h7xx_hal_rcc_ex.c ****         break;
3109:Drivers/STM32H7xx_HAL_Driver/Src/stm32h7xx_hal_rcc_ex.c ****       case RCC_PLLSOURCE_CSI:  /* CSI used as PLL clock source */
ARM GAS  C:\Users\jason\AppData\Local\Temp\ccSG31kR.s 			page 56


3110:Drivers/STM32H7xx_HAL_Driver/Src/stm32h7xx_hal_rcc_ex.c ****         pll1vco = ((float_t)CSI_VALUE / (float_t)pll1m) * ((float_t)(uint32_t)(RCC->PLL1DIVR & RCC_
3111:Drivers/STM32H7xx_HAL_Driver/Src/stm32h7xx_hal_rcc_ex.c ****         break;
3112:Drivers/STM32H7xx_HAL_Driver/Src/stm32h7xx_hal_rcc_ex.c **** 
3113:Drivers/STM32H7xx_HAL_Driver/Src/stm32h7xx_hal_rcc_ex.c ****       case RCC_PLLSOURCE_HSE:  /* HSE used as PLL clock source */
3114:Drivers/STM32H7xx_HAL_Driver/Src/stm32h7xx_hal_rcc_ex.c ****         pll1vco = ((float_t)HSE_VALUE / (float_t)pll1m) * ((float_t)(uint32_t)(RCC->PLL1DIVR & RCC_
3115:Drivers/STM32H7xx_HAL_Driver/Src/stm32h7xx_hal_rcc_ex.c ****         break;
3116:Drivers/STM32H7xx_HAL_Driver/Src/stm32h7xx_hal_rcc_ex.c **** 
3117:Drivers/STM32H7xx_HAL_Driver/Src/stm32h7xx_hal_rcc_ex.c ****       default:
3118:Drivers/STM32H7xx_HAL_Driver/Src/stm32h7xx_hal_rcc_ex.c ****         pll1vco = ((float_t)HSI_VALUE / (float_t)pll1m) * ((float_t)(uint32_t)(RCC->PLL1DIVR & RCC_
3119:Drivers/STM32H7xx_HAL_Driver/Src/stm32h7xx_hal_rcc_ex.c ****         break;
3120:Drivers/STM32H7xx_HAL_Driver/Src/stm32h7xx_hal_rcc_ex.c ****     }
3121:Drivers/STM32H7xx_HAL_Driver/Src/stm32h7xx_hal_rcc_ex.c **** 
3122:Drivers/STM32H7xx_HAL_Driver/Src/stm32h7xx_hal_rcc_ex.c ****     PLL1_Clocks->PLL1_P_Frequency = (uint32_t)(float_t)(pll1vco / ((float_t)(uint32_t)((RCC->PLL1DI
3123:Drivers/STM32H7xx_HAL_Driver/Src/stm32h7xx_hal_rcc_ex.c ****     PLL1_Clocks->PLL1_Q_Frequency = (uint32_t)(float_t)(pll1vco / ((float_t)(uint32_t)((RCC->PLL1DI
3124:Drivers/STM32H7xx_HAL_Driver/Src/stm32h7xx_hal_rcc_ex.c ****     PLL1_Clocks->PLL1_R_Frequency = (uint32_t)(float_t)(pll1vco / ((float_t)(uint32_t)((RCC->PLL1DI
3125:Drivers/STM32H7xx_HAL_Driver/Src/stm32h7xx_hal_rcc_ex.c ****   }
3126:Drivers/STM32H7xx_HAL_Driver/Src/stm32h7xx_hal_rcc_ex.c ****   else
3127:Drivers/STM32H7xx_HAL_Driver/Src/stm32h7xx_hal_rcc_ex.c ****   {
3128:Drivers/STM32H7xx_HAL_Driver/Src/stm32h7xx_hal_rcc_ex.c ****     PLL1_Clocks->PLL1_P_Frequency = 0U;
3129:Drivers/STM32H7xx_HAL_Driver/Src/stm32h7xx_hal_rcc_ex.c ****     PLL1_Clocks->PLL1_Q_Frequency = 0U;
3130:Drivers/STM32H7xx_HAL_Driver/Src/stm32h7xx_hal_rcc_ex.c ****     PLL1_Clocks->PLL1_R_Frequency = 0U;
3131:Drivers/STM32H7xx_HAL_Driver/Src/stm32h7xx_hal_rcc_ex.c ****   }
3132:Drivers/STM32H7xx_HAL_Driver/Src/stm32h7xx_hal_rcc_ex.c **** 
3133:Drivers/STM32H7xx_HAL_Driver/Src/stm32h7xx_hal_rcc_ex.c **** }
3134:Drivers/STM32H7xx_HAL_Driver/Src/stm32h7xx_hal_rcc_ex.c **** 
3135:Drivers/STM32H7xx_HAL_Driver/Src/stm32h7xx_hal_rcc_ex.c **** /**
3136:Drivers/STM32H7xx_HAL_Driver/Src/stm32h7xx_hal_rcc_ex.c ****   * @brief  Returns the main System frequency
3137:Drivers/STM32H7xx_HAL_Driver/Src/stm32h7xx_hal_rcc_ex.c ****   * @note   Each time System clock changes, this function must be called to update the
3138:Drivers/STM32H7xx_HAL_Driver/Src/stm32h7xx_hal_rcc_ex.c ****   *         right core clock value. Otherwise, any configuration based on this function will be inc
3139:Drivers/STM32H7xx_HAL_Driver/Src/stm32h7xx_hal_rcc_ex.c ****   * @note   The SystemCoreClock CMSIS variable is used to store System current Core Clock Frequency
3140:Drivers/STM32H7xx_HAL_Driver/Src/stm32h7xx_hal_rcc_ex.c ****   *         and updated within this function
3141:Drivers/STM32H7xx_HAL_Driver/Src/stm32h7xx_hal_rcc_ex.c ****   * @retval HCLK frequency
3142:Drivers/STM32H7xx_HAL_Driver/Src/stm32h7xx_hal_rcc_ex.c ****   */
3143:Drivers/STM32H7xx_HAL_Driver/Src/stm32h7xx_hal_rcc_ex.c **** uint32_t HAL_RCCEx_GetD1SysClockFreq(void)
3144:Drivers/STM32H7xx_HAL_Driver/Src/stm32h7xx_hal_rcc_ex.c **** {
3145:Drivers/STM32H7xx_HAL_Driver/Src/stm32h7xx_hal_rcc_ex.c ****   uint32_t common_system_clock;
3146:Drivers/STM32H7xx_HAL_Driver/Src/stm32h7xx_hal_rcc_ex.c **** 
3147:Drivers/STM32H7xx_HAL_Driver/Src/stm32h7xx_hal_rcc_ex.c **** #if defined(RCC_D1CFGR_D1CPRE)
3148:Drivers/STM32H7xx_HAL_Driver/Src/stm32h7xx_hal_rcc_ex.c ****   common_system_clock = HAL_RCC_GetSysClockFreq() >> (D1CorePrescTable[(RCC->D1CFGR & RCC_D1CFGR_D1
3149:Drivers/STM32H7xx_HAL_Driver/Src/stm32h7xx_hal_rcc_ex.c **** #else
3150:Drivers/STM32H7xx_HAL_Driver/Src/stm32h7xx_hal_rcc_ex.c ****   common_system_clock = HAL_RCC_GetSysClockFreq() >> (D1CorePrescTable[(RCC->CDCFGR1 & RCC_CDCFGR1_
3151:Drivers/STM32H7xx_HAL_Driver/Src/stm32h7xx_hal_rcc_ex.c **** #endif
3152:Drivers/STM32H7xx_HAL_Driver/Src/stm32h7xx_hal_rcc_ex.c **** 
3153:Drivers/STM32H7xx_HAL_Driver/Src/stm32h7xx_hal_rcc_ex.c ****   /* Update the SystemD2Clock global variable */
3154:Drivers/STM32H7xx_HAL_Driver/Src/stm32h7xx_hal_rcc_ex.c **** #if defined(RCC_D1CFGR_HPRE)
3155:Drivers/STM32H7xx_HAL_Driver/Src/stm32h7xx_hal_rcc_ex.c ****   SystemD2Clock = (common_system_clock >> ((D1CorePrescTable[(RCC->D1CFGR & RCC_D1CFGR_HPRE) >> RCC
3156:Drivers/STM32H7xx_HAL_Driver/Src/stm32h7xx_hal_rcc_ex.c **** #else
3157:Drivers/STM32H7xx_HAL_Driver/Src/stm32h7xx_hal_rcc_ex.c ****   SystemD2Clock = (common_system_clock >> ((D1CorePrescTable[(RCC->CDCFGR1 & RCC_CDCFGR1_HPRE) >> R
3158:Drivers/STM32H7xx_HAL_Driver/Src/stm32h7xx_hal_rcc_ex.c **** #endif
3159:Drivers/STM32H7xx_HAL_Driver/Src/stm32h7xx_hal_rcc_ex.c **** 
3160:Drivers/STM32H7xx_HAL_Driver/Src/stm32h7xx_hal_rcc_ex.c **** #if defined(DUAL_CORE) && defined(CORE_CM4)
3161:Drivers/STM32H7xx_HAL_Driver/Src/stm32h7xx_hal_rcc_ex.c ****   SystemCoreClock = SystemD2Clock;
3162:Drivers/STM32H7xx_HAL_Driver/Src/stm32h7xx_hal_rcc_ex.c **** #else
3163:Drivers/STM32H7xx_HAL_Driver/Src/stm32h7xx_hal_rcc_ex.c ****   SystemCoreClock = common_system_clock;
3164:Drivers/STM32H7xx_HAL_Driver/Src/stm32h7xx_hal_rcc_ex.c **** #endif /* DUAL_CORE && CORE_CM4 */
3165:Drivers/STM32H7xx_HAL_Driver/Src/stm32h7xx_hal_rcc_ex.c **** 
3166:Drivers/STM32H7xx_HAL_Driver/Src/stm32h7xx_hal_rcc_ex.c ****   return common_system_clock;
ARM GAS  C:\Users\jason\AppData\Local\Temp\ccSG31kR.s 			page 57


3167:Drivers/STM32H7xx_HAL_Driver/Src/stm32h7xx_hal_rcc_ex.c **** }
3168:Drivers/STM32H7xx_HAL_Driver/Src/stm32h7xx_hal_rcc_ex.c **** /**
3169:Drivers/STM32H7xx_HAL_Driver/Src/stm32h7xx_hal_rcc_ex.c ****   * @}
3170:Drivers/STM32H7xx_HAL_Driver/Src/stm32h7xx_hal_rcc_ex.c ****   */
3171:Drivers/STM32H7xx_HAL_Driver/Src/stm32h7xx_hal_rcc_ex.c **** 
3172:Drivers/STM32H7xx_HAL_Driver/Src/stm32h7xx_hal_rcc_ex.c **** /** @defgroup RCCEx_Exported_Functions_Group2 Extended System Control functions
3173:Drivers/STM32H7xx_HAL_Driver/Src/stm32h7xx_hal_rcc_ex.c ****  *  @brief  Extended Peripheral Control functions
3174:Drivers/STM32H7xx_HAL_Driver/Src/stm32h7xx_hal_rcc_ex.c ****   * @{
3175:Drivers/STM32H7xx_HAL_Driver/Src/stm32h7xx_hal_rcc_ex.c ****   */
3176:Drivers/STM32H7xx_HAL_Driver/Src/stm32h7xx_hal_rcc_ex.c **** /**
3177:Drivers/STM32H7xx_HAL_Driver/Src/stm32h7xx_hal_rcc_ex.c ****   * @brief  Enables the LSE Clock Security System.
3178:Drivers/STM32H7xx_HAL_Driver/Src/stm32h7xx_hal_rcc_ex.c ****   * @note   Prior to enable the LSE Clock Security System, LSE oscillator is to be enabled
3179:Drivers/STM32H7xx_HAL_Driver/Src/stm32h7xx_hal_rcc_ex.c ****   *         with HAL_RCC_OscConfig() and the LSE oscillator clock is to be selected as RTC
3180:Drivers/STM32H7xx_HAL_Driver/Src/stm32h7xx_hal_rcc_ex.c ****   *         clock with HAL_RCCEx_PeriphCLKConfig().
3181:Drivers/STM32H7xx_HAL_Driver/Src/stm32h7xx_hal_rcc_ex.c ****   * @retval None
3182:Drivers/STM32H7xx_HAL_Driver/Src/stm32h7xx_hal_rcc_ex.c ****   */
3183:Drivers/STM32H7xx_HAL_Driver/Src/stm32h7xx_hal_rcc_ex.c **** void HAL_RCCEx_EnableLSECSS(void)
3184:Drivers/STM32H7xx_HAL_Driver/Src/stm32h7xx_hal_rcc_ex.c **** {
3185:Drivers/STM32H7xx_HAL_Driver/Src/stm32h7xx_hal_rcc_ex.c ****   SET_BIT(RCC->BDCR, RCC_BDCR_LSECSSON) ;
3186:Drivers/STM32H7xx_HAL_Driver/Src/stm32h7xx_hal_rcc_ex.c **** }
3187:Drivers/STM32H7xx_HAL_Driver/Src/stm32h7xx_hal_rcc_ex.c **** 
3188:Drivers/STM32H7xx_HAL_Driver/Src/stm32h7xx_hal_rcc_ex.c **** /**
3189:Drivers/STM32H7xx_HAL_Driver/Src/stm32h7xx_hal_rcc_ex.c ****   * @brief  Disables the LSE Clock Security System.
3190:Drivers/STM32H7xx_HAL_Driver/Src/stm32h7xx_hal_rcc_ex.c ****   * @note   LSE Clock Security System can only be disabled after a LSE failure detection.
3191:Drivers/STM32H7xx_HAL_Driver/Src/stm32h7xx_hal_rcc_ex.c ****   * @retval None
3192:Drivers/STM32H7xx_HAL_Driver/Src/stm32h7xx_hal_rcc_ex.c ****   */
3193:Drivers/STM32H7xx_HAL_Driver/Src/stm32h7xx_hal_rcc_ex.c **** void HAL_RCCEx_DisableLSECSS(void)
3194:Drivers/STM32H7xx_HAL_Driver/Src/stm32h7xx_hal_rcc_ex.c **** {
3195:Drivers/STM32H7xx_HAL_Driver/Src/stm32h7xx_hal_rcc_ex.c ****   CLEAR_BIT(RCC->BDCR, RCC_BDCR_LSECSSON) ;
3196:Drivers/STM32H7xx_HAL_Driver/Src/stm32h7xx_hal_rcc_ex.c ****   /* Disable LSE CSS IT if any */
3197:Drivers/STM32H7xx_HAL_Driver/Src/stm32h7xx_hal_rcc_ex.c ****   __HAL_RCC_DISABLE_IT(RCC_IT_LSECSS);
3198:Drivers/STM32H7xx_HAL_Driver/Src/stm32h7xx_hal_rcc_ex.c **** }
3199:Drivers/STM32H7xx_HAL_Driver/Src/stm32h7xx_hal_rcc_ex.c **** 
3200:Drivers/STM32H7xx_HAL_Driver/Src/stm32h7xx_hal_rcc_ex.c **** /**
3201:Drivers/STM32H7xx_HAL_Driver/Src/stm32h7xx_hal_rcc_ex.c ****   * @brief  Enable the LSE Clock Security System Interrupt & corresponding EXTI line.
3202:Drivers/STM32H7xx_HAL_Driver/Src/stm32h7xx_hal_rcc_ex.c ****   * @note   LSE Clock Security System Interrupt is mapped on EXTI line 18
3203:Drivers/STM32H7xx_HAL_Driver/Src/stm32h7xx_hal_rcc_ex.c ****   * @retval None
3204:Drivers/STM32H7xx_HAL_Driver/Src/stm32h7xx_hal_rcc_ex.c ****   */
3205:Drivers/STM32H7xx_HAL_Driver/Src/stm32h7xx_hal_rcc_ex.c **** void HAL_RCCEx_EnableLSECSS_IT(void)
3206:Drivers/STM32H7xx_HAL_Driver/Src/stm32h7xx_hal_rcc_ex.c **** {
3207:Drivers/STM32H7xx_HAL_Driver/Src/stm32h7xx_hal_rcc_ex.c ****   /* Enable LSE CSS */
3208:Drivers/STM32H7xx_HAL_Driver/Src/stm32h7xx_hal_rcc_ex.c ****   SET_BIT(RCC->BDCR, RCC_BDCR_LSECSSON) ;
3209:Drivers/STM32H7xx_HAL_Driver/Src/stm32h7xx_hal_rcc_ex.c **** 
3210:Drivers/STM32H7xx_HAL_Driver/Src/stm32h7xx_hal_rcc_ex.c ****   /* Enable LSE CSS IT */
3211:Drivers/STM32H7xx_HAL_Driver/Src/stm32h7xx_hal_rcc_ex.c ****   __HAL_RCC_ENABLE_IT(RCC_IT_LSECSS);
3212:Drivers/STM32H7xx_HAL_Driver/Src/stm32h7xx_hal_rcc_ex.c **** 
3213:Drivers/STM32H7xx_HAL_Driver/Src/stm32h7xx_hal_rcc_ex.c ****   /* Enable IT on EXTI Line 18 */
3214:Drivers/STM32H7xx_HAL_Driver/Src/stm32h7xx_hal_rcc_ex.c **** #if defined(DUAL_CORE) && defined(CORE_CM4)
3215:Drivers/STM32H7xx_HAL_Driver/Src/stm32h7xx_hal_rcc_ex.c ****   __HAL_RCC_C2_LSECSS_EXTI_ENABLE_IT();
3216:Drivers/STM32H7xx_HAL_Driver/Src/stm32h7xx_hal_rcc_ex.c **** #else
3217:Drivers/STM32H7xx_HAL_Driver/Src/stm32h7xx_hal_rcc_ex.c ****   __HAL_RCC_LSECSS_EXTI_ENABLE_IT();
3218:Drivers/STM32H7xx_HAL_Driver/Src/stm32h7xx_hal_rcc_ex.c **** #endif /* DUAL_CORE && CORE_CM4 */
3219:Drivers/STM32H7xx_HAL_Driver/Src/stm32h7xx_hal_rcc_ex.c ****   __HAL_RCC_LSECSS_EXTI_ENABLE_RISING_EDGE();
3220:Drivers/STM32H7xx_HAL_Driver/Src/stm32h7xx_hal_rcc_ex.c **** }
3221:Drivers/STM32H7xx_HAL_Driver/Src/stm32h7xx_hal_rcc_ex.c **** 
3222:Drivers/STM32H7xx_HAL_Driver/Src/stm32h7xx_hal_rcc_ex.c **** /**
3223:Drivers/STM32H7xx_HAL_Driver/Src/stm32h7xx_hal_rcc_ex.c ****   * @brief  Configure the oscillator clock source for wakeup from Stop and CSS backup clock
ARM GAS  C:\Users\jason\AppData\Local\Temp\ccSG31kR.s 			page 58


3224:Drivers/STM32H7xx_HAL_Driver/Src/stm32h7xx_hal_rcc_ex.c ****   * @param  WakeUpClk: Wakeup clock
3225:Drivers/STM32H7xx_HAL_Driver/Src/stm32h7xx_hal_rcc_ex.c ****   *         This parameter can be one of the following values:
3226:Drivers/STM32H7xx_HAL_Driver/Src/stm32h7xx_hal_rcc_ex.c ****   *            @arg RCC_STOP_WAKEUPCLOCK_CSI: CSI oscillator selection
3227:Drivers/STM32H7xx_HAL_Driver/Src/stm32h7xx_hal_rcc_ex.c ****   *            @arg RCC_STOP_WAKEUPCLOCK_HSI: HSI oscillator selection
3228:Drivers/STM32H7xx_HAL_Driver/Src/stm32h7xx_hal_rcc_ex.c ****   * @note   This function shall not be called after the Clock Security System on HSE has been
3229:Drivers/STM32H7xx_HAL_Driver/Src/stm32h7xx_hal_rcc_ex.c ****   *         enabled.
3230:Drivers/STM32H7xx_HAL_Driver/Src/stm32h7xx_hal_rcc_ex.c ****   * @retval None
3231:Drivers/STM32H7xx_HAL_Driver/Src/stm32h7xx_hal_rcc_ex.c ****   */
3232:Drivers/STM32H7xx_HAL_Driver/Src/stm32h7xx_hal_rcc_ex.c **** void HAL_RCCEx_WakeUpStopCLKConfig(uint32_t WakeUpClk)
3233:Drivers/STM32H7xx_HAL_Driver/Src/stm32h7xx_hal_rcc_ex.c **** {
3234:Drivers/STM32H7xx_HAL_Driver/Src/stm32h7xx_hal_rcc_ex.c ****   assert_param(IS_RCC_STOP_WAKEUPCLOCK(WakeUpClk));
3235:Drivers/STM32H7xx_HAL_Driver/Src/stm32h7xx_hal_rcc_ex.c **** 
3236:Drivers/STM32H7xx_HAL_Driver/Src/stm32h7xx_hal_rcc_ex.c ****   __HAL_RCC_WAKEUPSTOP_CLK_CONFIG(WakeUpClk);
3237:Drivers/STM32H7xx_HAL_Driver/Src/stm32h7xx_hal_rcc_ex.c **** }
3238:Drivers/STM32H7xx_HAL_Driver/Src/stm32h7xx_hal_rcc_ex.c **** 
3239:Drivers/STM32H7xx_HAL_Driver/Src/stm32h7xx_hal_rcc_ex.c **** /**
3240:Drivers/STM32H7xx_HAL_Driver/Src/stm32h7xx_hal_rcc_ex.c ****   * @brief  Configure the oscillator Kernel clock source for wakeup from Stop
3241:Drivers/STM32H7xx_HAL_Driver/Src/stm32h7xx_hal_rcc_ex.c ****   * @param  WakeUpClk: Kernel Wakeup clock
3242:Drivers/STM32H7xx_HAL_Driver/Src/stm32h7xx_hal_rcc_ex.c ****   *         This parameter can be one of the following values:
3243:Drivers/STM32H7xx_HAL_Driver/Src/stm32h7xx_hal_rcc_ex.c ****   *            @arg RCC_STOP_KERWAKEUPCLOCK_CSI: CSI oscillator selection
3244:Drivers/STM32H7xx_HAL_Driver/Src/stm32h7xx_hal_rcc_ex.c ****   *            @arg RCC_STOP_KERWAKEUPCLOCK_HSI: HSI oscillator selection
3245:Drivers/STM32H7xx_HAL_Driver/Src/stm32h7xx_hal_rcc_ex.c ****   * @retval None
3246:Drivers/STM32H7xx_HAL_Driver/Src/stm32h7xx_hal_rcc_ex.c ****   */
3247:Drivers/STM32H7xx_HAL_Driver/Src/stm32h7xx_hal_rcc_ex.c **** void HAL_RCCEx_KerWakeUpStopCLKConfig(uint32_t WakeUpClk)
3248:Drivers/STM32H7xx_HAL_Driver/Src/stm32h7xx_hal_rcc_ex.c **** {
3249:Drivers/STM32H7xx_HAL_Driver/Src/stm32h7xx_hal_rcc_ex.c ****   assert_param(IS_RCC_STOP_KERWAKEUPCLOCK(WakeUpClk));
3250:Drivers/STM32H7xx_HAL_Driver/Src/stm32h7xx_hal_rcc_ex.c **** 
3251:Drivers/STM32H7xx_HAL_Driver/Src/stm32h7xx_hal_rcc_ex.c ****   __HAL_RCC_KERWAKEUPSTOP_CLK_CONFIG(WakeUpClk);
3252:Drivers/STM32H7xx_HAL_Driver/Src/stm32h7xx_hal_rcc_ex.c **** }
3253:Drivers/STM32H7xx_HAL_Driver/Src/stm32h7xx_hal_rcc_ex.c **** 
3254:Drivers/STM32H7xx_HAL_Driver/Src/stm32h7xx_hal_rcc_ex.c **** #if defined(DUAL_CORE)
3255:Drivers/STM32H7xx_HAL_Driver/Src/stm32h7xx_hal_rcc_ex.c **** /**
3256:Drivers/STM32H7xx_HAL_Driver/Src/stm32h7xx_hal_rcc_ex.c ****   * @brief  Enable COREx boot independently of CMx_B option byte value
3257:Drivers/STM32H7xx_HAL_Driver/Src/stm32h7xx_hal_rcc_ex.c ****   * @param  RCC_BootCx: Boot Core to be enabled
3258:Drivers/STM32H7xx_HAL_Driver/Src/stm32h7xx_hal_rcc_ex.c ****   *         This parameter can be one of the following values:
3259:Drivers/STM32H7xx_HAL_Driver/Src/stm32h7xx_hal_rcc_ex.c ****   *            @arg RCC_BOOT_C1: CM7 core selection
3260:Drivers/STM32H7xx_HAL_Driver/Src/stm32h7xx_hal_rcc_ex.c ****   *            @arg RCC_BOOT_C2: CM4 core selection
3261:Drivers/STM32H7xx_HAL_Driver/Src/stm32h7xx_hal_rcc_ex.c ****   * @note   This bit can be set by software but is cleared by hardware after a system reset or STAN
3262:Drivers/STM32H7xx_HAL_Driver/Src/stm32h7xx_hal_rcc_ex.c ****   *
3263:Drivers/STM32H7xx_HAL_Driver/Src/stm32h7xx_hal_rcc_ex.c ****   * @retval None
3264:Drivers/STM32H7xx_HAL_Driver/Src/stm32h7xx_hal_rcc_ex.c ****   */
3265:Drivers/STM32H7xx_HAL_Driver/Src/stm32h7xx_hal_rcc_ex.c **** void HAL_RCCEx_EnableBootCore(uint32_t RCC_BootCx)
3266:Drivers/STM32H7xx_HAL_Driver/Src/stm32h7xx_hal_rcc_ex.c **** {
3267:Drivers/STM32H7xx_HAL_Driver/Src/stm32h7xx_hal_rcc_ex.c ****   assert_param(IS_RCC_BOOT_CORE(RCC_BootCx));
3268:Drivers/STM32H7xx_HAL_Driver/Src/stm32h7xx_hal_rcc_ex.c ****   SET_BIT(RCC->GCR, RCC_BootCx) ;
3269:Drivers/STM32H7xx_HAL_Driver/Src/stm32h7xx_hal_rcc_ex.c **** }
3270:Drivers/STM32H7xx_HAL_Driver/Src/stm32h7xx_hal_rcc_ex.c **** 
3271:Drivers/STM32H7xx_HAL_Driver/Src/stm32h7xx_hal_rcc_ex.c **** #endif /*DUAL_CORE*/
3272:Drivers/STM32H7xx_HAL_Driver/Src/stm32h7xx_hal_rcc_ex.c **** 
3273:Drivers/STM32H7xx_HAL_Driver/Src/stm32h7xx_hal_rcc_ex.c **** #if defined(DUAL_CORE)
3274:Drivers/STM32H7xx_HAL_Driver/Src/stm32h7xx_hal_rcc_ex.c **** /**
3275:Drivers/STM32H7xx_HAL_Driver/Src/stm32h7xx_hal_rcc_ex.c ****   * @brief  Configure WWDGx to generate a system reset not only CPUx reset(default) when a time-out
3276:Drivers/STM32H7xx_HAL_Driver/Src/stm32h7xx_hal_rcc_ex.c ****   * @param  RCC_WWDGx: WWDGx to be configured
3277:Drivers/STM32H7xx_HAL_Driver/Src/stm32h7xx_hal_rcc_ex.c ****   *         This parameter can be one of the following values:
3278:Drivers/STM32H7xx_HAL_Driver/Src/stm32h7xx_hal_rcc_ex.c ****   *            @arg RCC_WWDG1: WWDG1 generates system reset
3279:Drivers/STM32H7xx_HAL_Driver/Src/stm32h7xx_hal_rcc_ex.c ****   *            @arg RCC_WWDG2: WWDG2 generates system reset
3280:Drivers/STM32H7xx_HAL_Driver/Src/stm32h7xx_hal_rcc_ex.c ****   * @note   This bit can be set by software but is cleared by hardware during a system reset
ARM GAS  C:\Users\jason\AppData\Local\Temp\ccSG31kR.s 			page 59


3281:Drivers/STM32H7xx_HAL_Driver/Src/stm32h7xx_hal_rcc_ex.c ****   *
3282:Drivers/STM32H7xx_HAL_Driver/Src/stm32h7xx_hal_rcc_ex.c ****   * @retval None
3283:Drivers/STM32H7xx_HAL_Driver/Src/stm32h7xx_hal_rcc_ex.c ****   */
3284:Drivers/STM32H7xx_HAL_Driver/Src/stm32h7xx_hal_rcc_ex.c **** void HAL_RCCEx_WWDGxSysResetConfig(uint32_t RCC_WWDGx)
3285:Drivers/STM32H7xx_HAL_Driver/Src/stm32h7xx_hal_rcc_ex.c **** {
3286:Drivers/STM32H7xx_HAL_Driver/Src/stm32h7xx_hal_rcc_ex.c ****   assert_param(IS_RCC_SCOPE_WWDG(RCC_WWDGx));
3287:Drivers/STM32H7xx_HAL_Driver/Src/stm32h7xx_hal_rcc_ex.c ****   SET_BIT(RCC->GCR, RCC_WWDGx) ;
3288:Drivers/STM32H7xx_HAL_Driver/Src/stm32h7xx_hal_rcc_ex.c **** }
3289:Drivers/STM32H7xx_HAL_Driver/Src/stm32h7xx_hal_rcc_ex.c **** 
3290:Drivers/STM32H7xx_HAL_Driver/Src/stm32h7xx_hal_rcc_ex.c **** #else
3291:Drivers/STM32H7xx_HAL_Driver/Src/stm32h7xx_hal_rcc_ex.c **** #if defined(RCC_GCR_WW1RSC)
3292:Drivers/STM32H7xx_HAL_Driver/Src/stm32h7xx_hal_rcc_ex.c **** /**
3293:Drivers/STM32H7xx_HAL_Driver/Src/stm32h7xx_hal_rcc_ex.c ****   * @brief  Configure WWDG1 to generate a system reset not only CPU reset(default) when a time-out 
3294:Drivers/STM32H7xx_HAL_Driver/Src/stm32h7xx_hal_rcc_ex.c ****   * @param  RCC_WWDGx: WWDGx to be configured
3295:Drivers/STM32H7xx_HAL_Driver/Src/stm32h7xx_hal_rcc_ex.c ****   *         This parameter can be one of the following values:
3296:Drivers/STM32H7xx_HAL_Driver/Src/stm32h7xx_hal_rcc_ex.c ****   *            @arg RCC_WWDG1: WWDG1 generates system reset
3297:Drivers/STM32H7xx_HAL_Driver/Src/stm32h7xx_hal_rcc_ex.c ****   * @note   This bit can be set by software but is cleared by hardware during a system reset
3298:Drivers/STM32H7xx_HAL_Driver/Src/stm32h7xx_hal_rcc_ex.c ****   *
3299:Drivers/STM32H7xx_HAL_Driver/Src/stm32h7xx_hal_rcc_ex.c ****   * @retval None
3300:Drivers/STM32H7xx_HAL_Driver/Src/stm32h7xx_hal_rcc_ex.c ****   */
3301:Drivers/STM32H7xx_HAL_Driver/Src/stm32h7xx_hal_rcc_ex.c **** void HAL_RCCEx_WWDGxSysResetConfig(uint32_t RCC_WWDGx)
3302:Drivers/STM32H7xx_HAL_Driver/Src/stm32h7xx_hal_rcc_ex.c **** {
3303:Drivers/STM32H7xx_HAL_Driver/Src/stm32h7xx_hal_rcc_ex.c ****   assert_param(IS_RCC_SCOPE_WWDG(RCC_WWDGx));
3304:Drivers/STM32H7xx_HAL_Driver/Src/stm32h7xx_hal_rcc_ex.c ****   SET_BIT(RCC->GCR, RCC_WWDGx) ;
3305:Drivers/STM32H7xx_HAL_Driver/Src/stm32h7xx_hal_rcc_ex.c **** }
3306:Drivers/STM32H7xx_HAL_Driver/Src/stm32h7xx_hal_rcc_ex.c **** #endif
3307:Drivers/STM32H7xx_HAL_Driver/Src/stm32h7xx_hal_rcc_ex.c **** #endif /*DUAL_CORE*/
3308:Drivers/STM32H7xx_HAL_Driver/Src/stm32h7xx_hal_rcc_ex.c **** 
3309:Drivers/STM32H7xx_HAL_Driver/Src/stm32h7xx_hal_rcc_ex.c **** /**
3310:Drivers/STM32H7xx_HAL_Driver/Src/stm32h7xx_hal_rcc_ex.c ****   * @}
3311:Drivers/STM32H7xx_HAL_Driver/Src/stm32h7xx_hal_rcc_ex.c ****   */
3312:Drivers/STM32H7xx_HAL_Driver/Src/stm32h7xx_hal_rcc_ex.c **** 
3313:Drivers/STM32H7xx_HAL_Driver/Src/stm32h7xx_hal_rcc_ex.c **** /** @defgroup RCCEx_Exported_Functions_Group3 Extended Clock Recovery System Control functions
3314:Drivers/STM32H7xx_HAL_Driver/Src/stm32h7xx_hal_rcc_ex.c ****  *  @brief  Extended Clock Recovery System Control functions
3315:Drivers/STM32H7xx_HAL_Driver/Src/stm32h7xx_hal_rcc_ex.c ****  *
3316:Drivers/STM32H7xx_HAL_Driver/Src/stm32h7xx_hal_rcc_ex.c **** @verbatim
3317:Drivers/STM32H7xx_HAL_Driver/Src/stm32h7xx_hal_rcc_ex.c ****  ===============================================================================
3318:Drivers/STM32H7xx_HAL_Driver/Src/stm32h7xx_hal_rcc_ex.c ****                 ##### Extended Clock Recovery System Control functions  #####
3319:Drivers/STM32H7xx_HAL_Driver/Src/stm32h7xx_hal_rcc_ex.c ****  ===============================================================================
3320:Drivers/STM32H7xx_HAL_Driver/Src/stm32h7xx_hal_rcc_ex.c ****     [..]
3321:Drivers/STM32H7xx_HAL_Driver/Src/stm32h7xx_hal_rcc_ex.c ****       For devices with Clock Recovery System feature (CRS), RCC Extension HAL driver can be used as
3322:Drivers/STM32H7xx_HAL_Driver/Src/stm32h7xx_hal_rcc_ex.c **** 
3323:Drivers/STM32H7xx_HAL_Driver/Src/stm32h7xx_hal_rcc_ex.c ****       (#) In System clock config, HSI48 needs to be enabled
3324:Drivers/STM32H7xx_HAL_Driver/Src/stm32h7xx_hal_rcc_ex.c **** 
3325:Drivers/STM32H7xx_HAL_Driver/Src/stm32h7xx_hal_rcc_ex.c ****       (#) Enable CRS clock in IP MSP init which will use CRS functions
3326:Drivers/STM32H7xx_HAL_Driver/Src/stm32h7xx_hal_rcc_ex.c **** 
3327:Drivers/STM32H7xx_HAL_Driver/Src/stm32h7xx_hal_rcc_ex.c ****       (#) Call CRS functions as follows:
3328:Drivers/STM32H7xx_HAL_Driver/Src/stm32h7xx_hal_rcc_ex.c ****           (##) Prepare synchronization configuration necessary for HSI48 calibration
3329:Drivers/STM32H7xx_HAL_Driver/Src/stm32h7xx_hal_rcc_ex.c ****               (+++) Default values can be set for frequency Error Measurement (reload and error lim
3330:Drivers/STM32H7xx_HAL_Driver/Src/stm32h7xx_hal_rcc_ex.c ****                         and also HSI48 oscillator smooth trimming.
3331:Drivers/STM32H7xx_HAL_Driver/Src/stm32h7xx_hal_rcc_ex.c ****               (+++) Macro __HAL_RCC_CRS_RELOADVALUE_CALCULATE can be also used to calculate
3332:Drivers/STM32H7xx_HAL_Driver/Src/stm32h7xx_hal_rcc_ex.c ****                         directly reload value with target and synchronization frequencies values
3333:Drivers/STM32H7xx_HAL_Driver/Src/stm32h7xx_hal_rcc_ex.c ****           (##) Call function HAL_RCCEx_CRSConfig which
3334:Drivers/STM32H7xx_HAL_Driver/Src/stm32h7xx_hal_rcc_ex.c ****               (+++) Resets CRS registers to their default values.
3335:Drivers/STM32H7xx_HAL_Driver/Src/stm32h7xx_hal_rcc_ex.c ****               (+++) Configures CRS registers with synchronization configuration
3336:Drivers/STM32H7xx_HAL_Driver/Src/stm32h7xx_hal_rcc_ex.c ****               (+++) Enables automatic calibration and frequency error counter feature
3337:Drivers/STM32H7xx_HAL_Driver/Src/stm32h7xx_hal_rcc_ex.c ****            Note: When using USB LPM (Link Power Management) and the device is in Sleep mode, the
ARM GAS  C:\Users\jason\AppData\Local\Temp\ccSG31kR.s 			page 60


3338:Drivers/STM32H7xx_HAL_Driver/Src/stm32h7xx_hal_rcc_ex.c ****            periodic USB SOF will not be generated by the host. No SYNC signal will therefore be
3339:Drivers/STM32H7xx_HAL_Driver/Src/stm32h7xx_hal_rcc_ex.c ****            provided to the CRS to calibrate the HSI48 on the run. To guarantee the required clock
3340:Drivers/STM32H7xx_HAL_Driver/Src/stm32h7xx_hal_rcc_ex.c ****            precision after waking up from Sleep mode, the LSE or reference clock on the GPIOs
3341:Drivers/STM32H7xx_HAL_Driver/Src/stm32h7xx_hal_rcc_ex.c ****            should be used as SYNC signal.
3342:Drivers/STM32H7xx_HAL_Driver/Src/stm32h7xx_hal_rcc_ex.c **** 
3343:Drivers/STM32H7xx_HAL_Driver/Src/stm32h7xx_hal_rcc_ex.c ****           (##) A polling function is provided to wait for complete synchronization
3344:Drivers/STM32H7xx_HAL_Driver/Src/stm32h7xx_hal_rcc_ex.c ****               (+++) Call function HAL_RCCEx_CRSWaitSynchronization()
3345:Drivers/STM32H7xx_HAL_Driver/Src/stm32h7xx_hal_rcc_ex.c ****               (+++) According to CRS status, user can decide to adjust again the calibration or con
3346:Drivers/STM32H7xx_HAL_Driver/Src/stm32h7xx_hal_rcc_ex.c ****                         application if synchronization is OK
3347:Drivers/STM32H7xx_HAL_Driver/Src/stm32h7xx_hal_rcc_ex.c **** 
3348:Drivers/STM32H7xx_HAL_Driver/Src/stm32h7xx_hal_rcc_ex.c ****       (#) User can retrieve information related to synchronization in calling function
3349:Drivers/STM32H7xx_HAL_Driver/Src/stm32h7xx_hal_rcc_ex.c ****             HAL_RCCEx_CRSGetSynchronizationInfo()
3350:Drivers/STM32H7xx_HAL_Driver/Src/stm32h7xx_hal_rcc_ex.c **** 
3351:Drivers/STM32H7xx_HAL_Driver/Src/stm32h7xx_hal_rcc_ex.c ****       (#) Regarding synchronization status and synchronization information, user can try a new cali
3352:Drivers/STM32H7xx_HAL_Driver/Src/stm32h7xx_hal_rcc_ex.c ****            in changing synchronization configuration and call again HAL_RCCEx_CRSConfig.
3353:Drivers/STM32H7xx_HAL_Driver/Src/stm32h7xx_hal_rcc_ex.c ****            Note: When the SYNC event is detected during the down-counting phase (before reaching th
3354:Drivers/STM32H7xx_HAL_Driver/Src/stm32h7xx_hal_rcc_ex.c ****            it means that the actual frequency is lower than the target (and so, that the TRIM value
3355:Drivers/STM32H7xx_HAL_Driver/Src/stm32h7xx_hal_rcc_ex.c ****            incremented), while when it is detected during the up-counting phase it means that the a
3356:Drivers/STM32H7xx_HAL_Driver/Src/stm32h7xx_hal_rcc_ex.c ****            is higher (and that the TRIM value should be decremented).
3357:Drivers/STM32H7xx_HAL_Driver/Src/stm32h7xx_hal_rcc_ex.c **** 
3358:Drivers/STM32H7xx_HAL_Driver/Src/stm32h7xx_hal_rcc_ex.c ****       (#) In interrupt mode, user can resort to the available macros (__HAL_RCC_CRS_XXX_IT). Interr
3359:Drivers/STM32H7xx_HAL_Driver/Src/stm32h7xx_hal_rcc_ex.c ****           through CRS Handler (CRS_IRQn/CRS_IRQHandler)
3360:Drivers/STM32H7xx_HAL_Driver/Src/stm32h7xx_hal_rcc_ex.c ****               (++) Call function HAL_RCCEx_CRSConfig()
3361:Drivers/STM32H7xx_HAL_Driver/Src/stm32h7xx_hal_rcc_ex.c ****               (++) Enable CRS_IRQn (thanks to NVIC functions)
3362:Drivers/STM32H7xx_HAL_Driver/Src/stm32h7xx_hal_rcc_ex.c ****               (++) Enable CRS interrupt (__HAL_RCC_CRS_ENABLE_IT)
3363:Drivers/STM32H7xx_HAL_Driver/Src/stm32h7xx_hal_rcc_ex.c ****               (++) Implement CRS status management in the following user callbacks called from
3364:Drivers/STM32H7xx_HAL_Driver/Src/stm32h7xx_hal_rcc_ex.c ****                    HAL_RCCEx_CRS_IRQHandler():
3365:Drivers/STM32H7xx_HAL_Driver/Src/stm32h7xx_hal_rcc_ex.c ****                    (+++) HAL_RCCEx_CRS_SyncOkCallback()
3366:Drivers/STM32H7xx_HAL_Driver/Src/stm32h7xx_hal_rcc_ex.c ****                    (+++) HAL_RCCEx_CRS_SyncWarnCallback()
3367:Drivers/STM32H7xx_HAL_Driver/Src/stm32h7xx_hal_rcc_ex.c ****                    (+++) HAL_RCCEx_CRS_ExpectedSyncCallback()
3368:Drivers/STM32H7xx_HAL_Driver/Src/stm32h7xx_hal_rcc_ex.c ****                    (+++) HAL_RCCEx_CRS_ErrorCallback()
3369:Drivers/STM32H7xx_HAL_Driver/Src/stm32h7xx_hal_rcc_ex.c **** 
3370:Drivers/STM32H7xx_HAL_Driver/Src/stm32h7xx_hal_rcc_ex.c ****       (#) To force a SYNC EVENT, user can use the function HAL_RCCEx_CRSSoftwareSynchronizationGene
3371:Drivers/STM32H7xx_HAL_Driver/Src/stm32h7xx_hal_rcc_ex.c ****           This function can be called before calling HAL_RCCEx_CRSConfig (for instance in Systick h
3372:Drivers/STM32H7xx_HAL_Driver/Src/stm32h7xx_hal_rcc_ex.c **** 
3373:Drivers/STM32H7xx_HAL_Driver/Src/stm32h7xx_hal_rcc_ex.c **** @endverbatim
3374:Drivers/STM32H7xx_HAL_Driver/Src/stm32h7xx_hal_rcc_ex.c ****  * @{
3375:Drivers/STM32H7xx_HAL_Driver/Src/stm32h7xx_hal_rcc_ex.c ****  */
3376:Drivers/STM32H7xx_HAL_Driver/Src/stm32h7xx_hal_rcc_ex.c **** 
3377:Drivers/STM32H7xx_HAL_Driver/Src/stm32h7xx_hal_rcc_ex.c **** /**
3378:Drivers/STM32H7xx_HAL_Driver/Src/stm32h7xx_hal_rcc_ex.c ****   * @brief  Start automatic synchronization for polling mode
3379:Drivers/STM32H7xx_HAL_Driver/Src/stm32h7xx_hal_rcc_ex.c ****   * @param  pInit Pointer on RCC_CRSInitTypeDef structure
3380:Drivers/STM32H7xx_HAL_Driver/Src/stm32h7xx_hal_rcc_ex.c ****   * @retval None
3381:Drivers/STM32H7xx_HAL_Driver/Src/stm32h7xx_hal_rcc_ex.c ****   */
3382:Drivers/STM32H7xx_HAL_Driver/Src/stm32h7xx_hal_rcc_ex.c **** void HAL_RCCEx_CRSConfig(const RCC_CRSInitTypeDef *pInit)
3383:Drivers/STM32H7xx_HAL_Driver/Src/stm32h7xx_hal_rcc_ex.c **** {
3384:Drivers/STM32H7xx_HAL_Driver/Src/stm32h7xx_hal_rcc_ex.c ****   uint32_t value;
3385:Drivers/STM32H7xx_HAL_Driver/Src/stm32h7xx_hal_rcc_ex.c **** 
3386:Drivers/STM32H7xx_HAL_Driver/Src/stm32h7xx_hal_rcc_ex.c ****   /* Check the parameters */
3387:Drivers/STM32H7xx_HAL_Driver/Src/stm32h7xx_hal_rcc_ex.c ****   assert_param(IS_RCC_CRS_SYNC_DIV(pInit->Prescaler));
3388:Drivers/STM32H7xx_HAL_Driver/Src/stm32h7xx_hal_rcc_ex.c ****   assert_param(IS_RCC_CRS_SYNC_SOURCE(pInit->Source));
3389:Drivers/STM32H7xx_HAL_Driver/Src/stm32h7xx_hal_rcc_ex.c ****   assert_param(IS_RCC_CRS_SYNC_POLARITY(pInit->Polarity));
3390:Drivers/STM32H7xx_HAL_Driver/Src/stm32h7xx_hal_rcc_ex.c ****   assert_param(IS_RCC_CRS_RELOADVALUE(pInit->ReloadValue));
3391:Drivers/STM32H7xx_HAL_Driver/Src/stm32h7xx_hal_rcc_ex.c ****   assert_param(IS_RCC_CRS_ERRORLIMIT(pInit->ErrorLimitValue));
3392:Drivers/STM32H7xx_HAL_Driver/Src/stm32h7xx_hal_rcc_ex.c ****   assert_param(IS_RCC_CRS_HSI48CALIBRATION(pInit->HSI48CalibrationValue));
3393:Drivers/STM32H7xx_HAL_Driver/Src/stm32h7xx_hal_rcc_ex.c **** 
3394:Drivers/STM32H7xx_HAL_Driver/Src/stm32h7xx_hal_rcc_ex.c ****   /* CONFIGURATION */
ARM GAS  C:\Users\jason\AppData\Local\Temp\ccSG31kR.s 			page 61


3395:Drivers/STM32H7xx_HAL_Driver/Src/stm32h7xx_hal_rcc_ex.c **** 
3396:Drivers/STM32H7xx_HAL_Driver/Src/stm32h7xx_hal_rcc_ex.c ****   /* Before configuration, reset CRS registers to their default values*/
3397:Drivers/STM32H7xx_HAL_Driver/Src/stm32h7xx_hal_rcc_ex.c ****   __HAL_RCC_CRS_FORCE_RESET();
3398:Drivers/STM32H7xx_HAL_Driver/Src/stm32h7xx_hal_rcc_ex.c ****   __HAL_RCC_CRS_RELEASE_RESET();
3399:Drivers/STM32H7xx_HAL_Driver/Src/stm32h7xx_hal_rcc_ex.c **** 
3400:Drivers/STM32H7xx_HAL_Driver/Src/stm32h7xx_hal_rcc_ex.c ****   /* Set the SYNCDIV[2:0] bits according to Pre-scaler value */
3401:Drivers/STM32H7xx_HAL_Driver/Src/stm32h7xx_hal_rcc_ex.c ****   /* Set the SYNCSRC[1:0] bits according to Source value */
3402:Drivers/STM32H7xx_HAL_Driver/Src/stm32h7xx_hal_rcc_ex.c ****   /* Set the SYNCSPOL bit according to Polarity value */
3403:Drivers/STM32H7xx_HAL_Driver/Src/stm32h7xx_hal_rcc_ex.c ****   if ((HAL_GetREVID() <= REV_ID_Y) && (pInit->Source == RCC_CRS_SYNC_SOURCE_USB2))
3404:Drivers/STM32H7xx_HAL_Driver/Src/stm32h7xx_hal_rcc_ex.c ****   {
3405:Drivers/STM32H7xx_HAL_Driver/Src/stm32h7xx_hal_rcc_ex.c ****     /* Use Rev.Y value of USB2 */
3406:Drivers/STM32H7xx_HAL_Driver/Src/stm32h7xx_hal_rcc_ex.c ****     value = (pInit->Prescaler | RCC_CRS_SYNC_SOURCE_PIN | pInit->Polarity);
3407:Drivers/STM32H7xx_HAL_Driver/Src/stm32h7xx_hal_rcc_ex.c ****   }
3408:Drivers/STM32H7xx_HAL_Driver/Src/stm32h7xx_hal_rcc_ex.c ****   else
3409:Drivers/STM32H7xx_HAL_Driver/Src/stm32h7xx_hal_rcc_ex.c ****   {
3410:Drivers/STM32H7xx_HAL_Driver/Src/stm32h7xx_hal_rcc_ex.c ****     value = (pInit->Prescaler | pInit->Source | pInit->Polarity);
3411:Drivers/STM32H7xx_HAL_Driver/Src/stm32h7xx_hal_rcc_ex.c ****   }
3412:Drivers/STM32H7xx_HAL_Driver/Src/stm32h7xx_hal_rcc_ex.c ****   /* Set the RELOAD[15:0] bits according to ReloadValue value */
3413:Drivers/STM32H7xx_HAL_Driver/Src/stm32h7xx_hal_rcc_ex.c ****   value |= pInit->ReloadValue;
3414:Drivers/STM32H7xx_HAL_Driver/Src/stm32h7xx_hal_rcc_ex.c ****   /* Set the FELIM[7:0] bits according to ErrorLimitValue value */
3415:Drivers/STM32H7xx_HAL_Driver/Src/stm32h7xx_hal_rcc_ex.c ****   value |= (pInit->ErrorLimitValue << CRS_CFGR_FELIM_Pos);
3416:Drivers/STM32H7xx_HAL_Driver/Src/stm32h7xx_hal_rcc_ex.c ****   WRITE_REG(CRS->CFGR, value);
3417:Drivers/STM32H7xx_HAL_Driver/Src/stm32h7xx_hal_rcc_ex.c **** 
3418:Drivers/STM32H7xx_HAL_Driver/Src/stm32h7xx_hal_rcc_ex.c ****   /* Adjust HSI48 oscillator smooth trimming */
3419:Drivers/STM32H7xx_HAL_Driver/Src/stm32h7xx_hal_rcc_ex.c ****   /* Set the TRIM[5:0] bits according to RCC_CRS_HSI48CalibrationValue value */
3420:Drivers/STM32H7xx_HAL_Driver/Src/stm32h7xx_hal_rcc_ex.c ****   MODIFY_REG(CRS->CR, CRS_CR_TRIM, (pInit->HSI48CalibrationValue << CRS_CR_TRIM_Pos));
3421:Drivers/STM32H7xx_HAL_Driver/Src/stm32h7xx_hal_rcc_ex.c **** 
3422:Drivers/STM32H7xx_HAL_Driver/Src/stm32h7xx_hal_rcc_ex.c ****   /* START AUTOMATIC SYNCHRONIZATION*/
3423:Drivers/STM32H7xx_HAL_Driver/Src/stm32h7xx_hal_rcc_ex.c **** 
3424:Drivers/STM32H7xx_HAL_Driver/Src/stm32h7xx_hal_rcc_ex.c ****   /* Enable Automatic trimming & Frequency error counter */
3425:Drivers/STM32H7xx_HAL_Driver/Src/stm32h7xx_hal_rcc_ex.c ****   SET_BIT(CRS->CR, CRS_CR_AUTOTRIMEN | CRS_CR_CEN);
3426:Drivers/STM32H7xx_HAL_Driver/Src/stm32h7xx_hal_rcc_ex.c **** }
3427:Drivers/STM32H7xx_HAL_Driver/Src/stm32h7xx_hal_rcc_ex.c **** 
3428:Drivers/STM32H7xx_HAL_Driver/Src/stm32h7xx_hal_rcc_ex.c **** /**
3429:Drivers/STM32H7xx_HAL_Driver/Src/stm32h7xx_hal_rcc_ex.c ****   * @brief  Generate the software synchronization event
3430:Drivers/STM32H7xx_HAL_Driver/Src/stm32h7xx_hal_rcc_ex.c ****   * @retval None
3431:Drivers/STM32H7xx_HAL_Driver/Src/stm32h7xx_hal_rcc_ex.c ****   */
3432:Drivers/STM32H7xx_HAL_Driver/Src/stm32h7xx_hal_rcc_ex.c **** void HAL_RCCEx_CRSSoftwareSynchronizationGenerate(void)
3433:Drivers/STM32H7xx_HAL_Driver/Src/stm32h7xx_hal_rcc_ex.c **** {
3434:Drivers/STM32H7xx_HAL_Driver/Src/stm32h7xx_hal_rcc_ex.c ****   SET_BIT(CRS->CR, CRS_CR_SWSYNC);
3435:Drivers/STM32H7xx_HAL_Driver/Src/stm32h7xx_hal_rcc_ex.c **** }
3436:Drivers/STM32H7xx_HAL_Driver/Src/stm32h7xx_hal_rcc_ex.c **** 
3437:Drivers/STM32H7xx_HAL_Driver/Src/stm32h7xx_hal_rcc_ex.c **** /**
3438:Drivers/STM32H7xx_HAL_Driver/Src/stm32h7xx_hal_rcc_ex.c ****   * @brief  Return synchronization info
3439:Drivers/STM32H7xx_HAL_Driver/Src/stm32h7xx_hal_rcc_ex.c ****   * @param  pSynchroInfo Pointer on RCC_CRSSynchroInfoTypeDef structure
3440:Drivers/STM32H7xx_HAL_Driver/Src/stm32h7xx_hal_rcc_ex.c ****   * @retval None
3441:Drivers/STM32H7xx_HAL_Driver/Src/stm32h7xx_hal_rcc_ex.c ****   */
3442:Drivers/STM32H7xx_HAL_Driver/Src/stm32h7xx_hal_rcc_ex.c **** void HAL_RCCEx_CRSGetSynchronizationInfo(RCC_CRSSynchroInfoTypeDef *pSynchroInfo)
3443:Drivers/STM32H7xx_HAL_Driver/Src/stm32h7xx_hal_rcc_ex.c **** {
3444:Drivers/STM32H7xx_HAL_Driver/Src/stm32h7xx_hal_rcc_ex.c ****   /* Check the parameter */
3445:Drivers/STM32H7xx_HAL_Driver/Src/stm32h7xx_hal_rcc_ex.c ****   assert_param(pSynchroInfo != (void *)NULL);
3446:Drivers/STM32H7xx_HAL_Driver/Src/stm32h7xx_hal_rcc_ex.c **** 
3447:Drivers/STM32H7xx_HAL_Driver/Src/stm32h7xx_hal_rcc_ex.c ****   /* Get the reload value */
3448:Drivers/STM32H7xx_HAL_Driver/Src/stm32h7xx_hal_rcc_ex.c ****   pSynchroInfo->ReloadValue = (uint32_t)(READ_BIT(CRS->CFGR, CRS_CFGR_RELOAD));
3449:Drivers/STM32H7xx_HAL_Driver/Src/stm32h7xx_hal_rcc_ex.c **** 
3450:Drivers/STM32H7xx_HAL_Driver/Src/stm32h7xx_hal_rcc_ex.c ****   /* Get HSI48 oscillator smooth trimming */
3451:Drivers/STM32H7xx_HAL_Driver/Src/stm32h7xx_hal_rcc_ex.c ****   pSynchroInfo->HSI48CalibrationValue = (uint32_t)(READ_BIT(CRS->CR, CRS_CR_TRIM) >> CRS_CR_TRIM_Po
ARM GAS  C:\Users\jason\AppData\Local\Temp\ccSG31kR.s 			page 62


3452:Drivers/STM32H7xx_HAL_Driver/Src/stm32h7xx_hal_rcc_ex.c **** 
3453:Drivers/STM32H7xx_HAL_Driver/Src/stm32h7xx_hal_rcc_ex.c ****   /* Get Frequency error capture */
3454:Drivers/STM32H7xx_HAL_Driver/Src/stm32h7xx_hal_rcc_ex.c ****   pSynchroInfo->FreqErrorCapture = (uint32_t)(READ_BIT(CRS->ISR, CRS_ISR_FECAP) >> CRS_ISR_FECAP_Po
3455:Drivers/STM32H7xx_HAL_Driver/Src/stm32h7xx_hal_rcc_ex.c **** 
3456:Drivers/STM32H7xx_HAL_Driver/Src/stm32h7xx_hal_rcc_ex.c ****   /* Get Frequency error direction */
3457:Drivers/STM32H7xx_HAL_Driver/Src/stm32h7xx_hal_rcc_ex.c ****   pSynchroInfo->FreqErrorDirection = (uint32_t)(READ_BIT(CRS->ISR, CRS_ISR_FEDIR));
3458:Drivers/STM32H7xx_HAL_Driver/Src/stm32h7xx_hal_rcc_ex.c **** }
3459:Drivers/STM32H7xx_HAL_Driver/Src/stm32h7xx_hal_rcc_ex.c **** 
3460:Drivers/STM32H7xx_HAL_Driver/Src/stm32h7xx_hal_rcc_ex.c **** /**
3461:Drivers/STM32H7xx_HAL_Driver/Src/stm32h7xx_hal_rcc_ex.c **** * @brief Wait for CRS Synchronization status.
3462:Drivers/STM32H7xx_HAL_Driver/Src/stm32h7xx_hal_rcc_ex.c **** * @param Timeout  Duration of the time-out
3463:Drivers/STM32H7xx_HAL_Driver/Src/stm32h7xx_hal_rcc_ex.c **** * @note  Timeout is based on the maximum time to receive a SYNC event based on synchronization
3464:Drivers/STM32H7xx_HAL_Driver/Src/stm32h7xx_hal_rcc_ex.c **** *        frequency.
3465:Drivers/STM32H7xx_HAL_Driver/Src/stm32h7xx_hal_rcc_ex.c **** * @note    If Time-out set to HAL_MAX_DELAY, HAL_TIMEOUT will be never returned.
3466:Drivers/STM32H7xx_HAL_Driver/Src/stm32h7xx_hal_rcc_ex.c **** * @retval Combination of Synchronization status
3467:Drivers/STM32H7xx_HAL_Driver/Src/stm32h7xx_hal_rcc_ex.c **** *          This parameter can be a combination of the following values:
3468:Drivers/STM32H7xx_HAL_Driver/Src/stm32h7xx_hal_rcc_ex.c **** *            @arg @ref RCC_CRS_TIMEOUT
3469:Drivers/STM32H7xx_HAL_Driver/Src/stm32h7xx_hal_rcc_ex.c **** *            @arg @ref RCC_CRS_SYNCOK
3470:Drivers/STM32H7xx_HAL_Driver/Src/stm32h7xx_hal_rcc_ex.c **** *            @arg @ref RCC_CRS_SYNCWARN
3471:Drivers/STM32H7xx_HAL_Driver/Src/stm32h7xx_hal_rcc_ex.c **** *            @arg @ref RCC_CRS_SYNCERR
3472:Drivers/STM32H7xx_HAL_Driver/Src/stm32h7xx_hal_rcc_ex.c **** *            @arg @ref RCC_CRS_SYNCMISS
3473:Drivers/STM32H7xx_HAL_Driver/Src/stm32h7xx_hal_rcc_ex.c **** *            @arg @ref RCC_CRS_TRIMOVF
3474:Drivers/STM32H7xx_HAL_Driver/Src/stm32h7xx_hal_rcc_ex.c **** */
3475:Drivers/STM32H7xx_HAL_Driver/Src/stm32h7xx_hal_rcc_ex.c **** uint32_t HAL_RCCEx_CRSWaitSynchronization(uint32_t Timeout)
3476:Drivers/STM32H7xx_HAL_Driver/Src/stm32h7xx_hal_rcc_ex.c **** {
3477:Drivers/STM32H7xx_HAL_Driver/Src/stm32h7xx_hal_rcc_ex.c ****   uint32_t crsstatus = RCC_CRS_NONE;
3478:Drivers/STM32H7xx_HAL_Driver/Src/stm32h7xx_hal_rcc_ex.c ****   uint32_t tickstart;
3479:Drivers/STM32H7xx_HAL_Driver/Src/stm32h7xx_hal_rcc_ex.c **** 
3480:Drivers/STM32H7xx_HAL_Driver/Src/stm32h7xx_hal_rcc_ex.c ****   /* Get time-out */
3481:Drivers/STM32H7xx_HAL_Driver/Src/stm32h7xx_hal_rcc_ex.c ****   tickstart = HAL_GetTick();
3482:Drivers/STM32H7xx_HAL_Driver/Src/stm32h7xx_hal_rcc_ex.c **** 
3483:Drivers/STM32H7xx_HAL_Driver/Src/stm32h7xx_hal_rcc_ex.c ****   /* Wait for CRS flag or time-out detection */
3484:Drivers/STM32H7xx_HAL_Driver/Src/stm32h7xx_hal_rcc_ex.c ****   do
3485:Drivers/STM32H7xx_HAL_Driver/Src/stm32h7xx_hal_rcc_ex.c ****   {
3486:Drivers/STM32H7xx_HAL_Driver/Src/stm32h7xx_hal_rcc_ex.c ****     if (Timeout != HAL_MAX_DELAY)
3487:Drivers/STM32H7xx_HAL_Driver/Src/stm32h7xx_hal_rcc_ex.c ****     {
3488:Drivers/STM32H7xx_HAL_Driver/Src/stm32h7xx_hal_rcc_ex.c ****       if (((HAL_GetTick() - tickstart) > Timeout) || (Timeout == 0U))
3489:Drivers/STM32H7xx_HAL_Driver/Src/stm32h7xx_hal_rcc_ex.c ****       {
3490:Drivers/STM32H7xx_HAL_Driver/Src/stm32h7xx_hal_rcc_ex.c ****         crsstatus = RCC_CRS_TIMEOUT;
3491:Drivers/STM32H7xx_HAL_Driver/Src/stm32h7xx_hal_rcc_ex.c ****       }
3492:Drivers/STM32H7xx_HAL_Driver/Src/stm32h7xx_hal_rcc_ex.c ****     }
3493:Drivers/STM32H7xx_HAL_Driver/Src/stm32h7xx_hal_rcc_ex.c ****     /* Check CRS SYNCOK flag  */
3494:Drivers/STM32H7xx_HAL_Driver/Src/stm32h7xx_hal_rcc_ex.c ****     if (__HAL_RCC_CRS_GET_FLAG(RCC_CRS_FLAG_SYNCOK))
3495:Drivers/STM32H7xx_HAL_Driver/Src/stm32h7xx_hal_rcc_ex.c ****     {
3496:Drivers/STM32H7xx_HAL_Driver/Src/stm32h7xx_hal_rcc_ex.c ****       /* CRS SYNC event OK */
3497:Drivers/STM32H7xx_HAL_Driver/Src/stm32h7xx_hal_rcc_ex.c ****       crsstatus |= RCC_CRS_SYNCOK;
3498:Drivers/STM32H7xx_HAL_Driver/Src/stm32h7xx_hal_rcc_ex.c **** 
3499:Drivers/STM32H7xx_HAL_Driver/Src/stm32h7xx_hal_rcc_ex.c ****       /* Clear CRS SYNC event OK bit */
3500:Drivers/STM32H7xx_HAL_Driver/Src/stm32h7xx_hal_rcc_ex.c ****       __HAL_RCC_CRS_CLEAR_FLAG(RCC_CRS_FLAG_SYNCOK);
3501:Drivers/STM32H7xx_HAL_Driver/Src/stm32h7xx_hal_rcc_ex.c ****     }
3502:Drivers/STM32H7xx_HAL_Driver/Src/stm32h7xx_hal_rcc_ex.c **** 
3503:Drivers/STM32H7xx_HAL_Driver/Src/stm32h7xx_hal_rcc_ex.c ****     /* Check CRS SYNCWARN flag  */
3504:Drivers/STM32H7xx_HAL_Driver/Src/stm32h7xx_hal_rcc_ex.c ****     if (__HAL_RCC_CRS_GET_FLAG(RCC_CRS_FLAG_SYNCWARN))
3505:Drivers/STM32H7xx_HAL_Driver/Src/stm32h7xx_hal_rcc_ex.c ****     {
3506:Drivers/STM32H7xx_HAL_Driver/Src/stm32h7xx_hal_rcc_ex.c ****       /* CRS SYNC warning */
3507:Drivers/STM32H7xx_HAL_Driver/Src/stm32h7xx_hal_rcc_ex.c ****       crsstatus |= RCC_CRS_SYNCWARN;
3508:Drivers/STM32H7xx_HAL_Driver/Src/stm32h7xx_hal_rcc_ex.c **** 
ARM GAS  C:\Users\jason\AppData\Local\Temp\ccSG31kR.s 			page 63


3509:Drivers/STM32H7xx_HAL_Driver/Src/stm32h7xx_hal_rcc_ex.c ****       /* Clear CRS SYNCWARN bit */
3510:Drivers/STM32H7xx_HAL_Driver/Src/stm32h7xx_hal_rcc_ex.c ****       __HAL_RCC_CRS_CLEAR_FLAG(RCC_CRS_FLAG_SYNCWARN);
3511:Drivers/STM32H7xx_HAL_Driver/Src/stm32h7xx_hal_rcc_ex.c ****     }
3512:Drivers/STM32H7xx_HAL_Driver/Src/stm32h7xx_hal_rcc_ex.c **** 
3513:Drivers/STM32H7xx_HAL_Driver/Src/stm32h7xx_hal_rcc_ex.c ****     /* Check CRS TRIM overflow flag  */
3514:Drivers/STM32H7xx_HAL_Driver/Src/stm32h7xx_hal_rcc_ex.c ****     if (__HAL_RCC_CRS_GET_FLAG(RCC_CRS_FLAG_TRIMOVF))
3515:Drivers/STM32H7xx_HAL_Driver/Src/stm32h7xx_hal_rcc_ex.c ****     {
3516:Drivers/STM32H7xx_HAL_Driver/Src/stm32h7xx_hal_rcc_ex.c ****       /* CRS SYNC Error */
3517:Drivers/STM32H7xx_HAL_Driver/Src/stm32h7xx_hal_rcc_ex.c ****       crsstatus |= RCC_CRS_TRIMOVF;
3518:Drivers/STM32H7xx_HAL_Driver/Src/stm32h7xx_hal_rcc_ex.c **** 
3519:Drivers/STM32H7xx_HAL_Driver/Src/stm32h7xx_hal_rcc_ex.c ****       /* Clear CRS Error bit */
3520:Drivers/STM32H7xx_HAL_Driver/Src/stm32h7xx_hal_rcc_ex.c ****       __HAL_RCC_CRS_CLEAR_FLAG(RCC_CRS_FLAG_TRIMOVF);
3521:Drivers/STM32H7xx_HAL_Driver/Src/stm32h7xx_hal_rcc_ex.c ****     }
3522:Drivers/STM32H7xx_HAL_Driver/Src/stm32h7xx_hal_rcc_ex.c **** 
3523:Drivers/STM32H7xx_HAL_Driver/Src/stm32h7xx_hal_rcc_ex.c ****     /* Check CRS Error flag  */
3524:Drivers/STM32H7xx_HAL_Driver/Src/stm32h7xx_hal_rcc_ex.c ****     if (__HAL_RCC_CRS_GET_FLAG(RCC_CRS_FLAG_SYNCERR))
3525:Drivers/STM32H7xx_HAL_Driver/Src/stm32h7xx_hal_rcc_ex.c ****     {
3526:Drivers/STM32H7xx_HAL_Driver/Src/stm32h7xx_hal_rcc_ex.c ****       /* CRS SYNC Error */
3527:Drivers/STM32H7xx_HAL_Driver/Src/stm32h7xx_hal_rcc_ex.c ****       crsstatus |= RCC_CRS_SYNCERR;
3528:Drivers/STM32H7xx_HAL_Driver/Src/stm32h7xx_hal_rcc_ex.c **** 
3529:Drivers/STM32H7xx_HAL_Driver/Src/stm32h7xx_hal_rcc_ex.c ****       /* Clear CRS Error bit */
3530:Drivers/STM32H7xx_HAL_Driver/Src/stm32h7xx_hal_rcc_ex.c ****       __HAL_RCC_CRS_CLEAR_FLAG(RCC_CRS_FLAG_SYNCERR);
3531:Drivers/STM32H7xx_HAL_Driver/Src/stm32h7xx_hal_rcc_ex.c ****     }
3532:Drivers/STM32H7xx_HAL_Driver/Src/stm32h7xx_hal_rcc_ex.c **** 
3533:Drivers/STM32H7xx_HAL_Driver/Src/stm32h7xx_hal_rcc_ex.c ****     /* Check CRS SYNC Missed flag  */
3534:Drivers/STM32H7xx_HAL_Driver/Src/stm32h7xx_hal_rcc_ex.c ****     if (__HAL_RCC_CRS_GET_FLAG(RCC_CRS_FLAG_SYNCMISS))
3535:Drivers/STM32H7xx_HAL_Driver/Src/stm32h7xx_hal_rcc_ex.c ****     {
3536:Drivers/STM32H7xx_HAL_Driver/Src/stm32h7xx_hal_rcc_ex.c ****       /* CRS SYNC Missed */
3537:Drivers/STM32H7xx_HAL_Driver/Src/stm32h7xx_hal_rcc_ex.c ****       crsstatus |= RCC_CRS_SYNCMISS;
3538:Drivers/STM32H7xx_HAL_Driver/Src/stm32h7xx_hal_rcc_ex.c **** 
3539:Drivers/STM32H7xx_HAL_Driver/Src/stm32h7xx_hal_rcc_ex.c ****       /* Clear CRS SYNC Missed bit */
3540:Drivers/STM32H7xx_HAL_Driver/Src/stm32h7xx_hal_rcc_ex.c ****       __HAL_RCC_CRS_CLEAR_FLAG(RCC_CRS_FLAG_SYNCMISS);
3541:Drivers/STM32H7xx_HAL_Driver/Src/stm32h7xx_hal_rcc_ex.c ****     }
3542:Drivers/STM32H7xx_HAL_Driver/Src/stm32h7xx_hal_rcc_ex.c **** 
3543:Drivers/STM32H7xx_HAL_Driver/Src/stm32h7xx_hal_rcc_ex.c ****     /* Check CRS Expected SYNC flag  */
3544:Drivers/STM32H7xx_HAL_Driver/Src/stm32h7xx_hal_rcc_ex.c ****     if (__HAL_RCC_CRS_GET_FLAG(RCC_CRS_FLAG_ESYNC))
3545:Drivers/STM32H7xx_HAL_Driver/Src/stm32h7xx_hal_rcc_ex.c ****     {
3546:Drivers/STM32H7xx_HAL_Driver/Src/stm32h7xx_hal_rcc_ex.c ****       /* frequency error counter reached a zero value */
3547:Drivers/STM32H7xx_HAL_Driver/Src/stm32h7xx_hal_rcc_ex.c ****       __HAL_RCC_CRS_CLEAR_FLAG(RCC_CRS_FLAG_ESYNC);
3548:Drivers/STM32H7xx_HAL_Driver/Src/stm32h7xx_hal_rcc_ex.c ****     }
3549:Drivers/STM32H7xx_HAL_Driver/Src/stm32h7xx_hal_rcc_ex.c ****   }
3550:Drivers/STM32H7xx_HAL_Driver/Src/stm32h7xx_hal_rcc_ex.c ****   while (RCC_CRS_NONE == crsstatus);
3551:Drivers/STM32H7xx_HAL_Driver/Src/stm32h7xx_hal_rcc_ex.c **** 
3552:Drivers/STM32H7xx_HAL_Driver/Src/stm32h7xx_hal_rcc_ex.c ****   return crsstatus;
3553:Drivers/STM32H7xx_HAL_Driver/Src/stm32h7xx_hal_rcc_ex.c **** }
3554:Drivers/STM32H7xx_HAL_Driver/Src/stm32h7xx_hal_rcc_ex.c **** 
3555:Drivers/STM32H7xx_HAL_Driver/Src/stm32h7xx_hal_rcc_ex.c **** /**
3556:Drivers/STM32H7xx_HAL_Driver/Src/stm32h7xx_hal_rcc_ex.c ****   * @brief Handle the Clock Recovery System interrupt request.
3557:Drivers/STM32H7xx_HAL_Driver/Src/stm32h7xx_hal_rcc_ex.c ****   * @retval None
3558:Drivers/STM32H7xx_HAL_Driver/Src/stm32h7xx_hal_rcc_ex.c ****   */
3559:Drivers/STM32H7xx_HAL_Driver/Src/stm32h7xx_hal_rcc_ex.c **** void HAL_RCCEx_CRS_IRQHandler(void)
3560:Drivers/STM32H7xx_HAL_Driver/Src/stm32h7xx_hal_rcc_ex.c **** {
3561:Drivers/STM32H7xx_HAL_Driver/Src/stm32h7xx_hal_rcc_ex.c ****   uint32_t crserror = RCC_CRS_NONE;
3562:Drivers/STM32H7xx_HAL_Driver/Src/stm32h7xx_hal_rcc_ex.c ****   /* Get current IT flags and IT sources values */
3563:Drivers/STM32H7xx_HAL_Driver/Src/stm32h7xx_hal_rcc_ex.c ****   uint32_t itflags = READ_REG(CRS->ISR);
3564:Drivers/STM32H7xx_HAL_Driver/Src/stm32h7xx_hal_rcc_ex.c ****   uint32_t itsources = READ_REG(CRS->CR);
3565:Drivers/STM32H7xx_HAL_Driver/Src/stm32h7xx_hal_rcc_ex.c **** 
ARM GAS  C:\Users\jason\AppData\Local\Temp\ccSG31kR.s 			page 64


3566:Drivers/STM32H7xx_HAL_Driver/Src/stm32h7xx_hal_rcc_ex.c ****   /* Check CRS SYNCOK flag  */
3567:Drivers/STM32H7xx_HAL_Driver/Src/stm32h7xx_hal_rcc_ex.c ****   if (((itflags & RCC_CRS_FLAG_SYNCOK) != 0U) && ((itsources & RCC_CRS_IT_SYNCOK) != 0U))
3568:Drivers/STM32H7xx_HAL_Driver/Src/stm32h7xx_hal_rcc_ex.c ****   {
3569:Drivers/STM32H7xx_HAL_Driver/Src/stm32h7xx_hal_rcc_ex.c ****     /* Clear CRS SYNC event OK flag */
3570:Drivers/STM32H7xx_HAL_Driver/Src/stm32h7xx_hal_rcc_ex.c ****     WRITE_REG(CRS->ICR, CRS_ICR_SYNCOKC);
3571:Drivers/STM32H7xx_HAL_Driver/Src/stm32h7xx_hal_rcc_ex.c **** 
3572:Drivers/STM32H7xx_HAL_Driver/Src/stm32h7xx_hal_rcc_ex.c ****     /* user callback */
3573:Drivers/STM32H7xx_HAL_Driver/Src/stm32h7xx_hal_rcc_ex.c ****     HAL_RCCEx_CRS_SyncOkCallback();
3574:Drivers/STM32H7xx_HAL_Driver/Src/stm32h7xx_hal_rcc_ex.c ****   }
3575:Drivers/STM32H7xx_HAL_Driver/Src/stm32h7xx_hal_rcc_ex.c ****   /* Check CRS SYNCWARN flag  */
3576:Drivers/STM32H7xx_HAL_Driver/Src/stm32h7xx_hal_rcc_ex.c ****   else if (((itflags & RCC_CRS_FLAG_SYNCWARN) != 0U) && ((itsources & RCC_CRS_IT_SYNCWARN) != 0U))
3577:Drivers/STM32H7xx_HAL_Driver/Src/stm32h7xx_hal_rcc_ex.c ****   {
3578:Drivers/STM32H7xx_HAL_Driver/Src/stm32h7xx_hal_rcc_ex.c ****     /* Clear CRS SYNCWARN flag */
3579:Drivers/STM32H7xx_HAL_Driver/Src/stm32h7xx_hal_rcc_ex.c ****     WRITE_REG(CRS->ICR, CRS_ICR_SYNCWARNC);
3580:Drivers/STM32H7xx_HAL_Driver/Src/stm32h7xx_hal_rcc_ex.c **** 
3581:Drivers/STM32H7xx_HAL_Driver/Src/stm32h7xx_hal_rcc_ex.c ****     /* user callback */
3582:Drivers/STM32H7xx_HAL_Driver/Src/stm32h7xx_hal_rcc_ex.c ****     HAL_RCCEx_CRS_SyncWarnCallback();
3583:Drivers/STM32H7xx_HAL_Driver/Src/stm32h7xx_hal_rcc_ex.c ****   }
3584:Drivers/STM32H7xx_HAL_Driver/Src/stm32h7xx_hal_rcc_ex.c ****   /* Check CRS Expected SYNC flag  */
3585:Drivers/STM32H7xx_HAL_Driver/Src/stm32h7xx_hal_rcc_ex.c ****   else if (((itflags & RCC_CRS_FLAG_ESYNC) != 0U) && ((itsources & RCC_CRS_IT_ESYNC) != 0U))
3586:Drivers/STM32H7xx_HAL_Driver/Src/stm32h7xx_hal_rcc_ex.c ****   {
3587:Drivers/STM32H7xx_HAL_Driver/Src/stm32h7xx_hal_rcc_ex.c ****     /* frequency error counter reached a zero value */
3588:Drivers/STM32H7xx_HAL_Driver/Src/stm32h7xx_hal_rcc_ex.c ****     WRITE_REG(CRS->ICR, CRS_ICR_ESYNCC);
3589:Drivers/STM32H7xx_HAL_Driver/Src/stm32h7xx_hal_rcc_ex.c **** 
3590:Drivers/STM32H7xx_HAL_Driver/Src/stm32h7xx_hal_rcc_ex.c ****     /* user callback */
3591:Drivers/STM32H7xx_HAL_Driver/Src/stm32h7xx_hal_rcc_ex.c ****     HAL_RCCEx_CRS_ExpectedSyncCallback();
3592:Drivers/STM32H7xx_HAL_Driver/Src/stm32h7xx_hal_rcc_ex.c ****   }
3593:Drivers/STM32H7xx_HAL_Driver/Src/stm32h7xx_hal_rcc_ex.c ****   /* Check CRS Error flags  */
3594:Drivers/STM32H7xx_HAL_Driver/Src/stm32h7xx_hal_rcc_ex.c ****   else
3595:Drivers/STM32H7xx_HAL_Driver/Src/stm32h7xx_hal_rcc_ex.c ****   {
3596:Drivers/STM32H7xx_HAL_Driver/Src/stm32h7xx_hal_rcc_ex.c ****     if (((itflags & RCC_CRS_FLAG_ERR) != 0U) && ((itsources & RCC_CRS_IT_ERR) != 0U))
3597:Drivers/STM32H7xx_HAL_Driver/Src/stm32h7xx_hal_rcc_ex.c ****     {
3598:Drivers/STM32H7xx_HAL_Driver/Src/stm32h7xx_hal_rcc_ex.c ****       if ((itflags & RCC_CRS_FLAG_SYNCERR) != 0U)
3599:Drivers/STM32H7xx_HAL_Driver/Src/stm32h7xx_hal_rcc_ex.c ****       {
3600:Drivers/STM32H7xx_HAL_Driver/Src/stm32h7xx_hal_rcc_ex.c ****         crserror |= RCC_CRS_SYNCERR;
3601:Drivers/STM32H7xx_HAL_Driver/Src/stm32h7xx_hal_rcc_ex.c ****       }
3602:Drivers/STM32H7xx_HAL_Driver/Src/stm32h7xx_hal_rcc_ex.c ****       if ((itflags & RCC_CRS_FLAG_SYNCMISS) != 0U)
3603:Drivers/STM32H7xx_HAL_Driver/Src/stm32h7xx_hal_rcc_ex.c ****       {
3604:Drivers/STM32H7xx_HAL_Driver/Src/stm32h7xx_hal_rcc_ex.c ****         crserror |= RCC_CRS_SYNCMISS;
3605:Drivers/STM32H7xx_HAL_Driver/Src/stm32h7xx_hal_rcc_ex.c ****       }
3606:Drivers/STM32H7xx_HAL_Driver/Src/stm32h7xx_hal_rcc_ex.c ****       if ((itflags & RCC_CRS_FLAG_TRIMOVF) != 0U)
3607:Drivers/STM32H7xx_HAL_Driver/Src/stm32h7xx_hal_rcc_ex.c ****       {
3608:Drivers/STM32H7xx_HAL_Driver/Src/stm32h7xx_hal_rcc_ex.c ****         crserror |= RCC_CRS_TRIMOVF;
3609:Drivers/STM32H7xx_HAL_Driver/Src/stm32h7xx_hal_rcc_ex.c ****       }
3610:Drivers/STM32H7xx_HAL_Driver/Src/stm32h7xx_hal_rcc_ex.c **** 
3611:Drivers/STM32H7xx_HAL_Driver/Src/stm32h7xx_hal_rcc_ex.c ****       /* Clear CRS Error flags */
3612:Drivers/STM32H7xx_HAL_Driver/Src/stm32h7xx_hal_rcc_ex.c ****       WRITE_REG(CRS->ICR, CRS_ICR_ERRC);
3613:Drivers/STM32H7xx_HAL_Driver/Src/stm32h7xx_hal_rcc_ex.c **** 
3614:Drivers/STM32H7xx_HAL_Driver/Src/stm32h7xx_hal_rcc_ex.c ****       /* user error callback */
3615:Drivers/STM32H7xx_HAL_Driver/Src/stm32h7xx_hal_rcc_ex.c ****       HAL_RCCEx_CRS_ErrorCallback(crserror);
3616:Drivers/STM32H7xx_HAL_Driver/Src/stm32h7xx_hal_rcc_ex.c ****     }
3617:Drivers/STM32H7xx_HAL_Driver/Src/stm32h7xx_hal_rcc_ex.c ****   }
3618:Drivers/STM32H7xx_HAL_Driver/Src/stm32h7xx_hal_rcc_ex.c **** }
3619:Drivers/STM32H7xx_HAL_Driver/Src/stm32h7xx_hal_rcc_ex.c **** 
3620:Drivers/STM32H7xx_HAL_Driver/Src/stm32h7xx_hal_rcc_ex.c **** /**
3621:Drivers/STM32H7xx_HAL_Driver/Src/stm32h7xx_hal_rcc_ex.c ****   * @brief  RCCEx Clock Recovery System SYNCOK interrupt callback.
3622:Drivers/STM32H7xx_HAL_Driver/Src/stm32h7xx_hal_rcc_ex.c ****   * @retval none
ARM GAS  C:\Users\jason\AppData\Local\Temp\ccSG31kR.s 			page 65


3623:Drivers/STM32H7xx_HAL_Driver/Src/stm32h7xx_hal_rcc_ex.c ****   */
3624:Drivers/STM32H7xx_HAL_Driver/Src/stm32h7xx_hal_rcc_ex.c **** __weak void HAL_RCCEx_CRS_SyncOkCallback(void)
3625:Drivers/STM32H7xx_HAL_Driver/Src/stm32h7xx_hal_rcc_ex.c **** {
3626:Drivers/STM32H7xx_HAL_Driver/Src/stm32h7xx_hal_rcc_ex.c ****   /* NOTE : This function should not be modified, when the callback is needed,
3627:Drivers/STM32H7xx_HAL_Driver/Src/stm32h7xx_hal_rcc_ex.c ****             the @ref HAL_RCCEx_CRS_SyncOkCallback should be implemented in the user file
3628:Drivers/STM32H7xx_HAL_Driver/Src/stm32h7xx_hal_rcc_ex.c ****    */
3629:Drivers/STM32H7xx_HAL_Driver/Src/stm32h7xx_hal_rcc_ex.c **** }
3630:Drivers/STM32H7xx_HAL_Driver/Src/stm32h7xx_hal_rcc_ex.c **** 
3631:Drivers/STM32H7xx_HAL_Driver/Src/stm32h7xx_hal_rcc_ex.c **** /**
3632:Drivers/STM32H7xx_HAL_Driver/Src/stm32h7xx_hal_rcc_ex.c ****   * @brief  RCCEx Clock Recovery System SYNCWARN interrupt callback.
3633:Drivers/STM32H7xx_HAL_Driver/Src/stm32h7xx_hal_rcc_ex.c ****   * @retval none
3634:Drivers/STM32H7xx_HAL_Driver/Src/stm32h7xx_hal_rcc_ex.c ****   */
3635:Drivers/STM32H7xx_HAL_Driver/Src/stm32h7xx_hal_rcc_ex.c **** __weak void HAL_RCCEx_CRS_SyncWarnCallback(void)
3636:Drivers/STM32H7xx_HAL_Driver/Src/stm32h7xx_hal_rcc_ex.c **** {
3637:Drivers/STM32H7xx_HAL_Driver/Src/stm32h7xx_hal_rcc_ex.c ****   /* NOTE : This function should not be modified, when the callback is needed,
3638:Drivers/STM32H7xx_HAL_Driver/Src/stm32h7xx_hal_rcc_ex.c ****             the @ref HAL_RCCEx_CRS_SyncWarnCallback should be implemented in the user file
3639:Drivers/STM32H7xx_HAL_Driver/Src/stm32h7xx_hal_rcc_ex.c ****    */
3640:Drivers/STM32H7xx_HAL_Driver/Src/stm32h7xx_hal_rcc_ex.c **** }
3641:Drivers/STM32H7xx_HAL_Driver/Src/stm32h7xx_hal_rcc_ex.c **** 
3642:Drivers/STM32H7xx_HAL_Driver/Src/stm32h7xx_hal_rcc_ex.c **** /**
3643:Drivers/STM32H7xx_HAL_Driver/Src/stm32h7xx_hal_rcc_ex.c ****   * @brief  RCCEx Clock Recovery System Expected SYNC interrupt callback.
3644:Drivers/STM32H7xx_HAL_Driver/Src/stm32h7xx_hal_rcc_ex.c ****   * @retval none
3645:Drivers/STM32H7xx_HAL_Driver/Src/stm32h7xx_hal_rcc_ex.c ****   */
3646:Drivers/STM32H7xx_HAL_Driver/Src/stm32h7xx_hal_rcc_ex.c **** __weak void HAL_RCCEx_CRS_ExpectedSyncCallback(void)
3647:Drivers/STM32H7xx_HAL_Driver/Src/stm32h7xx_hal_rcc_ex.c **** {
3648:Drivers/STM32H7xx_HAL_Driver/Src/stm32h7xx_hal_rcc_ex.c ****   /* NOTE : This function should not be modified, when the callback is needed,
3649:Drivers/STM32H7xx_HAL_Driver/Src/stm32h7xx_hal_rcc_ex.c ****             the @ref HAL_RCCEx_CRS_ExpectedSyncCallback should be implemented in the user file
3650:Drivers/STM32H7xx_HAL_Driver/Src/stm32h7xx_hal_rcc_ex.c ****    */
3651:Drivers/STM32H7xx_HAL_Driver/Src/stm32h7xx_hal_rcc_ex.c **** }
3652:Drivers/STM32H7xx_HAL_Driver/Src/stm32h7xx_hal_rcc_ex.c **** 
3653:Drivers/STM32H7xx_HAL_Driver/Src/stm32h7xx_hal_rcc_ex.c **** /**
3654:Drivers/STM32H7xx_HAL_Driver/Src/stm32h7xx_hal_rcc_ex.c ****   * @brief  RCCEx Clock Recovery System Error interrupt callback.
3655:Drivers/STM32H7xx_HAL_Driver/Src/stm32h7xx_hal_rcc_ex.c ****   * @param  Error Combination of Error status.
3656:Drivers/STM32H7xx_HAL_Driver/Src/stm32h7xx_hal_rcc_ex.c ****   *         This parameter can be a combination of the following values:
3657:Drivers/STM32H7xx_HAL_Driver/Src/stm32h7xx_hal_rcc_ex.c ****   *           @arg @ref RCC_CRS_SYNCERR
3658:Drivers/STM32H7xx_HAL_Driver/Src/stm32h7xx_hal_rcc_ex.c ****   *           @arg @ref RCC_CRS_SYNCMISS
3659:Drivers/STM32H7xx_HAL_Driver/Src/stm32h7xx_hal_rcc_ex.c ****   *           @arg @ref RCC_CRS_TRIMOVF
3660:Drivers/STM32H7xx_HAL_Driver/Src/stm32h7xx_hal_rcc_ex.c ****   * @retval none
3661:Drivers/STM32H7xx_HAL_Driver/Src/stm32h7xx_hal_rcc_ex.c ****   */
3662:Drivers/STM32H7xx_HAL_Driver/Src/stm32h7xx_hal_rcc_ex.c **** __weak void HAL_RCCEx_CRS_ErrorCallback(uint32_t Error)
3663:Drivers/STM32H7xx_HAL_Driver/Src/stm32h7xx_hal_rcc_ex.c **** {
3664:Drivers/STM32H7xx_HAL_Driver/Src/stm32h7xx_hal_rcc_ex.c ****   /* Prevent unused argument(s) compilation warning */
3665:Drivers/STM32H7xx_HAL_Driver/Src/stm32h7xx_hal_rcc_ex.c ****   UNUSED(Error);
3666:Drivers/STM32H7xx_HAL_Driver/Src/stm32h7xx_hal_rcc_ex.c **** 
3667:Drivers/STM32H7xx_HAL_Driver/Src/stm32h7xx_hal_rcc_ex.c ****   /* NOTE : This function should not be modified, when the callback is needed,
3668:Drivers/STM32H7xx_HAL_Driver/Src/stm32h7xx_hal_rcc_ex.c ****             the @ref HAL_RCCEx_CRS_ErrorCallback should be implemented in the user file
3669:Drivers/STM32H7xx_HAL_Driver/Src/stm32h7xx_hal_rcc_ex.c ****    */
3670:Drivers/STM32H7xx_HAL_Driver/Src/stm32h7xx_hal_rcc_ex.c **** }
3671:Drivers/STM32H7xx_HAL_Driver/Src/stm32h7xx_hal_rcc_ex.c **** 
3672:Drivers/STM32H7xx_HAL_Driver/Src/stm32h7xx_hal_rcc_ex.c **** 
3673:Drivers/STM32H7xx_HAL_Driver/Src/stm32h7xx_hal_rcc_ex.c **** /**
3674:Drivers/STM32H7xx_HAL_Driver/Src/stm32h7xx_hal_rcc_ex.c ****   * @}
3675:Drivers/STM32H7xx_HAL_Driver/Src/stm32h7xx_hal_rcc_ex.c ****   */
3676:Drivers/STM32H7xx_HAL_Driver/Src/stm32h7xx_hal_rcc_ex.c **** 
3677:Drivers/STM32H7xx_HAL_Driver/Src/stm32h7xx_hal_rcc_ex.c **** /**
3678:Drivers/STM32H7xx_HAL_Driver/Src/stm32h7xx_hal_rcc_ex.c ****   * @}
3679:Drivers/STM32H7xx_HAL_Driver/Src/stm32h7xx_hal_rcc_ex.c ****   */
ARM GAS  C:\Users\jason\AppData\Local\Temp\ccSG31kR.s 			page 66


3680:Drivers/STM32H7xx_HAL_Driver/Src/stm32h7xx_hal_rcc_ex.c **** 
3681:Drivers/STM32H7xx_HAL_Driver/Src/stm32h7xx_hal_rcc_ex.c **** /** @defgroup RCCEx_Private_functions RCCEx Private Functions
3682:Drivers/STM32H7xx_HAL_Driver/Src/stm32h7xx_hal_rcc_ex.c ****  * @{
3683:Drivers/STM32H7xx_HAL_Driver/Src/stm32h7xx_hal_rcc_ex.c ****  */
3684:Drivers/STM32H7xx_HAL_Driver/Src/stm32h7xx_hal_rcc_ex.c **** /**
3685:Drivers/STM32H7xx_HAL_Driver/Src/stm32h7xx_hal_rcc_ex.c ****   * @brief  Configure the PLL2 VCI,VCO ranges, multiplication and division factors and enable it
3686:Drivers/STM32H7xx_HAL_Driver/Src/stm32h7xx_hal_rcc_ex.c ****   * @param  pll2: Pointer to an RCC_PLL2InitTypeDef structure that
3687:Drivers/STM32H7xx_HAL_Driver/Src/stm32h7xx_hal_rcc_ex.c ****   *         contains the configuration parameters  as well as VCI, VCO clock ranges.
3688:Drivers/STM32H7xx_HAL_Driver/Src/stm32h7xx_hal_rcc_ex.c ****   * @param  Divider  divider parameter to be updated
3689:Drivers/STM32H7xx_HAL_Driver/Src/stm32h7xx_hal_rcc_ex.c ****   * @note   PLL2 is temporary disabled to apply new parameters
3690:Drivers/STM32H7xx_HAL_Driver/Src/stm32h7xx_hal_rcc_ex.c ****   *
3691:Drivers/STM32H7xx_HAL_Driver/Src/stm32h7xx_hal_rcc_ex.c ****   * @retval HAL status
3692:Drivers/STM32H7xx_HAL_Driver/Src/stm32h7xx_hal_rcc_ex.c ****   */
3693:Drivers/STM32H7xx_HAL_Driver/Src/stm32h7xx_hal_rcc_ex.c **** static HAL_StatusTypeDef RCCEx_PLL2_Config(const RCC_PLL2InitTypeDef *pll2, uint32_t Divider)
3694:Drivers/STM32H7xx_HAL_Driver/Src/stm32h7xx_hal_rcc_ex.c **** {
  28              		.loc 1 3694 1 view -0
  29              		.cfi_startproc
  30              		@ args = 0, pretend = 0, frame = 0
  31              		@ frame_needed = 0, uses_anonymous_args = 0
3695:Drivers/STM32H7xx_HAL_Driver/Src/stm32h7xx_hal_rcc_ex.c **** 
3696:Drivers/STM32H7xx_HAL_Driver/Src/stm32h7xx_hal_rcc_ex.c ****   uint32_t tickstart;
  32              		.loc 1 3696 3 view .LVU1
3697:Drivers/STM32H7xx_HAL_Driver/Src/stm32h7xx_hal_rcc_ex.c ****   HAL_StatusTypeDef status = HAL_OK;
  33              		.loc 1 3697 3 view .LVU2
3698:Drivers/STM32H7xx_HAL_Driver/Src/stm32h7xx_hal_rcc_ex.c ****   assert_param(IS_RCC_PLL2M_VALUE(pll2->PLL2M));
  34              		.loc 1 3698 3 view .LVU3
3699:Drivers/STM32H7xx_HAL_Driver/Src/stm32h7xx_hal_rcc_ex.c ****   assert_param(IS_RCC_PLL2N_VALUE(pll2->PLL2N));
  35              		.loc 1 3699 3 view .LVU4
3700:Drivers/STM32H7xx_HAL_Driver/Src/stm32h7xx_hal_rcc_ex.c ****   assert_param(IS_RCC_PLL2P_VALUE(pll2->PLL2P));
  36              		.loc 1 3700 3 view .LVU5
3701:Drivers/STM32H7xx_HAL_Driver/Src/stm32h7xx_hal_rcc_ex.c ****   assert_param(IS_RCC_PLL2R_VALUE(pll2->PLL2R));
  37              		.loc 1 3701 3 view .LVU6
3702:Drivers/STM32H7xx_HAL_Driver/Src/stm32h7xx_hal_rcc_ex.c ****   assert_param(IS_RCC_PLL2Q_VALUE(pll2->PLL2Q));
  38              		.loc 1 3702 3 view .LVU7
3703:Drivers/STM32H7xx_HAL_Driver/Src/stm32h7xx_hal_rcc_ex.c ****   assert_param(IS_RCC_PLL2RGE_VALUE(pll2->PLL2RGE));
  39              		.loc 1 3703 3 view .LVU8
3704:Drivers/STM32H7xx_HAL_Driver/Src/stm32h7xx_hal_rcc_ex.c ****   assert_param(IS_RCC_PLL2VCO_VALUE(pll2->PLL2VCOSEL));
  40              		.loc 1 3704 3 view .LVU9
3705:Drivers/STM32H7xx_HAL_Driver/Src/stm32h7xx_hal_rcc_ex.c ****   assert_param(IS_RCC_PLLFRACN_VALUE(pll2->PLL2FRACN));
  41              		.loc 1 3705 3 view .LVU10
3706:Drivers/STM32H7xx_HAL_Driver/Src/stm32h7xx_hal_rcc_ex.c **** 
3707:Drivers/STM32H7xx_HAL_Driver/Src/stm32h7xx_hal_rcc_ex.c ****   /* Check that PLL2 OSC clock source is already set */
3708:Drivers/STM32H7xx_HAL_Driver/Src/stm32h7xx_hal_rcc_ex.c ****   if (__HAL_RCC_GET_PLL_OSCSOURCE() == RCC_PLLSOURCE_NONE)
  42              		.loc 1 3708 3 view .LVU11
  43              		.loc 1 3708 7 is_stmt 0 view .LVU12
  44 0000 404B     		ldr	r3, .L20
  45 0002 9B6A     		ldr	r3, [r3, #40]
  46 0004 03F00303 		and	r3, r3, #3
  47              		.loc 1 3708 6 view .LVU13
  48 0008 032B     		cmp	r3, #3
  49 000a 79D0     		beq	.L10
3694:Drivers/STM32H7xx_HAL_Driver/Src/stm32h7xx_hal_rcc_ex.c **** 
  50              		.loc 1 3694 1 view .LVU14
  51 000c 70B5     		push	{r4, r5, r6, lr}
  52              		.cfi_def_cfa_offset 16
  53              		.cfi_offset 4, -16
  54              		.cfi_offset 5, -12
ARM GAS  C:\Users\jason\AppData\Local\Temp\ccSG31kR.s 			page 67


  55              		.cfi_offset 6, -8
  56              		.cfi_offset 14, -4
  57 000e 0546     		mov	r5, r0
  58 0010 0E46     		mov	r6, r1
3709:Drivers/STM32H7xx_HAL_Driver/Src/stm32h7xx_hal_rcc_ex.c ****   {
3710:Drivers/STM32H7xx_HAL_Driver/Src/stm32h7xx_hal_rcc_ex.c ****     return HAL_ERROR;
3711:Drivers/STM32H7xx_HAL_Driver/Src/stm32h7xx_hal_rcc_ex.c ****   }
3712:Drivers/STM32H7xx_HAL_Driver/Src/stm32h7xx_hal_rcc_ex.c **** 
3713:Drivers/STM32H7xx_HAL_Driver/Src/stm32h7xx_hal_rcc_ex.c **** 
3714:Drivers/STM32H7xx_HAL_Driver/Src/stm32h7xx_hal_rcc_ex.c ****   else
3715:Drivers/STM32H7xx_HAL_Driver/Src/stm32h7xx_hal_rcc_ex.c ****   {
3716:Drivers/STM32H7xx_HAL_Driver/Src/stm32h7xx_hal_rcc_ex.c ****     /* Disable  PLL2. */
3717:Drivers/STM32H7xx_HAL_Driver/Src/stm32h7xx_hal_rcc_ex.c ****     __HAL_RCC_PLL2_DISABLE();
  59              		.loc 1 3717 5 is_stmt 1 view .LVU15
  60 0012 3C4A     		ldr	r2, .L20
  61 0014 1368     		ldr	r3, [r2]
  62 0016 23F08063 		bic	r3, r3, #67108864
  63 001a 1360     		str	r3, [r2]
3718:Drivers/STM32H7xx_HAL_Driver/Src/stm32h7xx_hal_rcc_ex.c **** 
3719:Drivers/STM32H7xx_HAL_Driver/Src/stm32h7xx_hal_rcc_ex.c ****     /* Get Start Tick*/
3720:Drivers/STM32H7xx_HAL_Driver/Src/stm32h7xx_hal_rcc_ex.c ****     tickstart = HAL_GetTick();
  64              		.loc 1 3720 5 view .LVU16
  65              		.loc 1 3720 17 is_stmt 0 view .LVU17
  66 001c FFF7FEFF 		bl	HAL_GetTick
  67              	.LVL1:
  68              		.loc 1 3720 17 view .LVU18
  69 0020 0446     		mov	r4, r0
  70              	.LVL2:
3721:Drivers/STM32H7xx_HAL_Driver/Src/stm32h7xx_hal_rcc_ex.c **** 
3722:Drivers/STM32H7xx_HAL_Driver/Src/stm32h7xx_hal_rcc_ex.c ****     /* Wait till PLL is disabled */
3723:Drivers/STM32H7xx_HAL_Driver/Src/stm32h7xx_hal_rcc_ex.c ****     while (__HAL_RCC_GET_FLAG(RCC_FLAG_PLL2RDY) != 0U)
  71              		.loc 1 3723 5 is_stmt 1 view .LVU19
  72              	.L3:
  73              		.loc 1 3723 49 view .LVU20
  74              		.loc 1 3723 12 is_stmt 0 view .LVU21
  75 0022 384B     		ldr	r3, .L20
  76 0024 1B68     		ldr	r3, [r3]
  77              		.loc 1 3723 49 view .LVU22
  78 0026 13F0006F 		tst	r3, #134217728
  79 002a 06D0     		beq	.L17
3724:Drivers/STM32H7xx_HAL_Driver/Src/stm32h7xx_hal_rcc_ex.c ****     {
3725:Drivers/STM32H7xx_HAL_Driver/Src/stm32h7xx_hal_rcc_ex.c ****       if ((HAL_GetTick() - tickstart) > PLL2_TIMEOUT_VALUE)
  80              		.loc 1 3725 7 is_stmt 1 view .LVU23
  81              		.loc 1 3725 12 is_stmt 0 view .LVU24
  82 002c FFF7FEFF 		bl	HAL_GetTick
  83              	.LVL3:
  84              		.loc 1 3725 26 discriminator 1 view .LVU25
  85 0030 031B     		subs	r3, r0, r4
  86              		.loc 1 3725 10 discriminator 1 view .LVU26
  87 0032 022B     		cmp	r3, #2
  88 0034 F5D9     		bls	.L3
3726:Drivers/STM32H7xx_HAL_Driver/Src/stm32h7xx_hal_rcc_ex.c ****       {
3727:Drivers/STM32H7xx_HAL_Driver/Src/stm32h7xx_hal_rcc_ex.c ****         return HAL_TIMEOUT;
  89              		.loc 1 3727 16 view .LVU27
  90 0036 0320     		movs	r0, #3
  91              	.L2:
3728:Drivers/STM32H7xx_HAL_Driver/Src/stm32h7xx_hal_rcc_ex.c ****       }
ARM GAS  C:\Users\jason\AppData\Local\Temp\ccSG31kR.s 			page 68


3729:Drivers/STM32H7xx_HAL_Driver/Src/stm32h7xx_hal_rcc_ex.c ****     }
3730:Drivers/STM32H7xx_HAL_Driver/Src/stm32h7xx_hal_rcc_ex.c **** 
3731:Drivers/STM32H7xx_HAL_Driver/Src/stm32h7xx_hal_rcc_ex.c ****     /* Configure PLL2 multiplication and division factors. */
3732:Drivers/STM32H7xx_HAL_Driver/Src/stm32h7xx_hal_rcc_ex.c ****     __HAL_RCC_PLL2_CONFIG(pll2->PLL2M,
3733:Drivers/STM32H7xx_HAL_Driver/Src/stm32h7xx_hal_rcc_ex.c ****                           pll2->PLL2N,
3734:Drivers/STM32H7xx_HAL_Driver/Src/stm32h7xx_hal_rcc_ex.c ****                           pll2->PLL2P,
3735:Drivers/STM32H7xx_HAL_Driver/Src/stm32h7xx_hal_rcc_ex.c ****                           pll2->PLL2Q,
3736:Drivers/STM32H7xx_HAL_Driver/Src/stm32h7xx_hal_rcc_ex.c ****                           pll2->PLL2R);
3737:Drivers/STM32H7xx_HAL_Driver/Src/stm32h7xx_hal_rcc_ex.c **** 
3738:Drivers/STM32H7xx_HAL_Driver/Src/stm32h7xx_hal_rcc_ex.c ****     /* Select PLL2 input reference frequency range: VCI */
3739:Drivers/STM32H7xx_HAL_Driver/Src/stm32h7xx_hal_rcc_ex.c ****     __HAL_RCC_PLL2_VCIRANGE(pll2->PLL2RGE) ;
3740:Drivers/STM32H7xx_HAL_Driver/Src/stm32h7xx_hal_rcc_ex.c **** 
3741:Drivers/STM32H7xx_HAL_Driver/Src/stm32h7xx_hal_rcc_ex.c ****     /* Select PLL2 output frequency range : VCO */
3742:Drivers/STM32H7xx_HAL_Driver/Src/stm32h7xx_hal_rcc_ex.c ****     __HAL_RCC_PLL2_VCORANGE(pll2->PLL2VCOSEL) ;
3743:Drivers/STM32H7xx_HAL_Driver/Src/stm32h7xx_hal_rcc_ex.c **** 
3744:Drivers/STM32H7xx_HAL_Driver/Src/stm32h7xx_hal_rcc_ex.c ****     /* Disable PLL2FRACN . */
3745:Drivers/STM32H7xx_HAL_Driver/Src/stm32h7xx_hal_rcc_ex.c ****     __HAL_RCC_PLL2FRACN_DISABLE();
3746:Drivers/STM32H7xx_HAL_Driver/Src/stm32h7xx_hal_rcc_ex.c **** 
3747:Drivers/STM32H7xx_HAL_Driver/Src/stm32h7xx_hal_rcc_ex.c ****     /* Configures PLL2 clock Fractional Part Of The Multiplication Factor */
3748:Drivers/STM32H7xx_HAL_Driver/Src/stm32h7xx_hal_rcc_ex.c ****     __HAL_RCC_PLL2FRACN_CONFIG(pll2->PLL2FRACN);
3749:Drivers/STM32H7xx_HAL_Driver/Src/stm32h7xx_hal_rcc_ex.c **** 
3750:Drivers/STM32H7xx_HAL_Driver/Src/stm32h7xx_hal_rcc_ex.c ****     /* Enable PLL2FRACN . */
3751:Drivers/STM32H7xx_HAL_Driver/Src/stm32h7xx_hal_rcc_ex.c ****     __HAL_RCC_PLL2FRACN_ENABLE();
3752:Drivers/STM32H7xx_HAL_Driver/Src/stm32h7xx_hal_rcc_ex.c **** 
3753:Drivers/STM32H7xx_HAL_Driver/Src/stm32h7xx_hal_rcc_ex.c ****     /* Enable the PLL2 clock output */
3754:Drivers/STM32H7xx_HAL_Driver/Src/stm32h7xx_hal_rcc_ex.c ****     if (Divider == DIVIDER_P_UPDATE)
3755:Drivers/STM32H7xx_HAL_Driver/Src/stm32h7xx_hal_rcc_ex.c ****     {
3756:Drivers/STM32H7xx_HAL_Driver/Src/stm32h7xx_hal_rcc_ex.c ****       __HAL_RCC_PLL2CLKOUT_ENABLE(RCC_PLL2_DIVP);
3757:Drivers/STM32H7xx_HAL_Driver/Src/stm32h7xx_hal_rcc_ex.c ****     }
3758:Drivers/STM32H7xx_HAL_Driver/Src/stm32h7xx_hal_rcc_ex.c ****     else if (Divider == DIVIDER_Q_UPDATE)
3759:Drivers/STM32H7xx_HAL_Driver/Src/stm32h7xx_hal_rcc_ex.c ****     {
3760:Drivers/STM32H7xx_HAL_Driver/Src/stm32h7xx_hal_rcc_ex.c ****       __HAL_RCC_PLL2CLKOUT_ENABLE(RCC_PLL2_DIVQ);
3761:Drivers/STM32H7xx_HAL_Driver/Src/stm32h7xx_hal_rcc_ex.c ****     }
3762:Drivers/STM32H7xx_HAL_Driver/Src/stm32h7xx_hal_rcc_ex.c ****     else
3763:Drivers/STM32H7xx_HAL_Driver/Src/stm32h7xx_hal_rcc_ex.c ****     {
3764:Drivers/STM32H7xx_HAL_Driver/Src/stm32h7xx_hal_rcc_ex.c ****       __HAL_RCC_PLL2CLKOUT_ENABLE(RCC_PLL2_DIVR);
3765:Drivers/STM32H7xx_HAL_Driver/Src/stm32h7xx_hal_rcc_ex.c ****     }
3766:Drivers/STM32H7xx_HAL_Driver/Src/stm32h7xx_hal_rcc_ex.c **** 
3767:Drivers/STM32H7xx_HAL_Driver/Src/stm32h7xx_hal_rcc_ex.c ****     /* Enable  PLL2. */
3768:Drivers/STM32H7xx_HAL_Driver/Src/stm32h7xx_hal_rcc_ex.c ****     __HAL_RCC_PLL2_ENABLE();
3769:Drivers/STM32H7xx_HAL_Driver/Src/stm32h7xx_hal_rcc_ex.c **** 
3770:Drivers/STM32H7xx_HAL_Driver/Src/stm32h7xx_hal_rcc_ex.c ****     /* Get Start Tick*/
3771:Drivers/STM32H7xx_HAL_Driver/Src/stm32h7xx_hal_rcc_ex.c ****     tickstart = HAL_GetTick();
3772:Drivers/STM32H7xx_HAL_Driver/Src/stm32h7xx_hal_rcc_ex.c **** 
3773:Drivers/STM32H7xx_HAL_Driver/Src/stm32h7xx_hal_rcc_ex.c ****     /* Wait till PLL2 is ready */
3774:Drivers/STM32H7xx_HAL_Driver/Src/stm32h7xx_hal_rcc_ex.c ****     while (__HAL_RCC_GET_FLAG(RCC_FLAG_PLL2RDY) == 0U)
3775:Drivers/STM32H7xx_HAL_Driver/Src/stm32h7xx_hal_rcc_ex.c ****     {
3776:Drivers/STM32H7xx_HAL_Driver/Src/stm32h7xx_hal_rcc_ex.c ****       if ((HAL_GetTick() - tickstart) > PLL2_TIMEOUT_VALUE)
3777:Drivers/STM32H7xx_HAL_Driver/Src/stm32h7xx_hal_rcc_ex.c ****       {
3778:Drivers/STM32H7xx_HAL_Driver/Src/stm32h7xx_hal_rcc_ex.c ****         return HAL_TIMEOUT;
3779:Drivers/STM32H7xx_HAL_Driver/Src/stm32h7xx_hal_rcc_ex.c ****       }
3780:Drivers/STM32H7xx_HAL_Driver/Src/stm32h7xx_hal_rcc_ex.c ****     }
3781:Drivers/STM32H7xx_HAL_Driver/Src/stm32h7xx_hal_rcc_ex.c **** 
3782:Drivers/STM32H7xx_HAL_Driver/Src/stm32h7xx_hal_rcc_ex.c ****   }
3783:Drivers/STM32H7xx_HAL_Driver/Src/stm32h7xx_hal_rcc_ex.c **** 
3784:Drivers/STM32H7xx_HAL_Driver/Src/stm32h7xx_hal_rcc_ex.c **** 
3785:Drivers/STM32H7xx_HAL_Driver/Src/stm32h7xx_hal_rcc_ex.c ****   return status;
ARM GAS  C:\Users\jason\AppData\Local\Temp\ccSG31kR.s 			page 69


3786:Drivers/STM32H7xx_HAL_Driver/Src/stm32h7xx_hal_rcc_ex.c **** }
  92              		.loc 1 3786 1 view .LVU28
  93 0038 70BD     		pop	{r4, r5, r6, pc}
  94              	.LVL4:
  95              	.L17:
3732:Drivers/STM32H7xx_HAL_Driver/Src/stm32h7xx_hal_rcc_ex.c ****                           pll2->PLL2N,
  96              		.loc 1 3732 5 is_stmt 1 view .LVU29
3732:Drivers/STM32H7xx_HAL_Driver/Src/stm32h7xx_hal_rcc_ex.c ****                           pll2->PLL2N,
  97              		.loc 1 3732 5 view .LVU30
  98 003a 324B     		ldr	r3, .L20
  99 003c 9A6A     		ldr	r2, [r3, #40]
 100 003e 22F47C32 		bic	r2, r2, #258048
 101 0042 2968     		ldr	r1, [r5]
 102 0044 42EA0132 		orr	r2, r2, r1, lsl #12
 103 0048 9A62     		str	r2, [r3, #40]
3732:Drivers/STM32H7xx_HAL_Driver/Src/stm32h7xx_hal_rcc_ex.c ****                           pll2->PLL2N,
 104              		.loc 1 3732 5 view .LVU31
 105 004a 6A68     		ldr	r2, [r5, #4]
 106 004c 013A     		subs	r2, r2, #1
 107 004e C2F30802 		ubfx	r2, r2, #0, #9
 108 0052 A968     		ldr	r1, [r5, #8]
 109 0054 0139     		subs	r1, r1, #1
 110 0056 4902     		lsls	r1, r1, #9
 111 0058 89B2     		uxth	r1, r1
 112 005a 0A43     		orrs	r2, r2, r1
 113 005c E968     		ldr	r1, [r5, #12]
 114 005e 0139     		subs	r1, r1, #1
 115 0060 0904     		lsls	r1, r1, #16
 116 0062 01F4FE01 		and	r1, r1, #8323072
 117 0066 0A43     		orrs	r2, r2, r1
 118 0068 2969     		ldr	r1, [r5, #16]
 119 006a 0139     		subs	r1, r1, #1
 120 006c 0906     		lsls	r1, r1, #24
 121 006e 01F0FE41 		and	r1, r1, #2130706432
 122 0072 0A43     		orrs	r2, r2, r1
 123 0074 9A63     		str	r2, [r3, #56]
3732:Drivers/STM32H7xx_HAL_Driver/Src/stm32h7xx_hal_rcc_ex.c ****                           pll2->PLL2N,
 124              		.loc 1 3732 5 view .LVU32
3739:Drivers/STM32H7xx_HAL_Driver/Src/stm32h7xx_hal_rcc_ex.c **** 
 125              		.loc 1 3739 5 view .LVU33
 126 0076 DA6A     		ldr	r2, [r3, #44]
 127 0078 22F0C002 		bic	r2, r2, #192
 128 007c 6969     		ldr	r1, [r5, #20]
 129 007e 0A43     		orrs	r2, r2, r1
 130 0080 DA62     		str	r2, [r3, #44]
3742:Drivers/STM32H7xx_HAL_Driver/Src/stm32h7xx_hal_rcc_ex.c **** 
 131              		.loc 1 3742 5 view .LVU34
 132 0082 DA6A     		ldr	r2, [r3, #44]
 133 0084 22F02002 		bic	r2, r2, #32
 134 0088 A969     		ldr	r1, [r5, #24]
 135 008a 0A43     		orrs	r2, r2, r1
 136 008c DA62     		str	r2, [r3, #44]
3745:Drivers/STM32H7xx_HAL_Driver/Src/stm32h7xx_hal_rcc_ex.c **** 
 137              		.loc 1 3745 5 view .LVU35
 138 008e DA6A     		ldr	r2, [r3, #44]
 139 0090 22F01002 		bic	r2, r2, #16
 140 0094 DA62     		str	r2, [r3, #44]
ARM GAS  C:\Users\jason\AppData\Local\Temp\ccSG31kR.s 			page 70


3748:Drivers/STM32H7xx_HAL_Driver/Src/stm32h7xx_hal_rcc_ex.c **** 
 141              		.loc 1 3748 5 view .LVU36
 142 0096 DA6B     		ldr	r2, [r3, #60]
 143 0098 6FF3CF02 		bfc	r2, #3, #13
 144 009c E969     		ldr	r1, [r5, #28]
 145 009e 42EAC102 		orr	r2, r2, r1, lsl #3
 146 00a2 DA63     		str	r2, [r3, #60]
3751:Drivers/STM32H7xx_HAL_Driver/Src/stm32h7xx_hal_rcc_ex.c **** 
 147              		.loc 1 3751 5 view .LVU37
 148 00a4 DA6A     		ldr	r2, [r3, #44]
 149 00a6 42F01002 		orr	r2, r2, #16
 150 00aa DA62     		str	r2, [r3, #44]
3754:Drivers/STM32H7xx_HAL_Driver/Src/stm32h7xx_hal_rcc_ex.c ****     {
 151              		.loc 1 3754 5 view .LVU38
3754:Drivers/STM32H7xx_HAL_Driver/Src/stm32h7xx_hal_rcc_ex.c ****     {
 152              		.loc 1 3754 8 is_stmt 0 view .LVU39
 153 00ac C6B9     		cbnz	r6, .L5
3756:Drivers/STM32H7xx_HAL_Driver/Src/stm32h7xx_hal_rcc_ex.c ****     }
 154              		.loc 1 3756 7 is_stmt 1 view .LVU40
 155 00ae 154A     		ldr	r2, .L20
 156 00b0 D36A     		ldr	r3, [r2, #44]
 157 00b2 43F40023 		orr	r3, r3, #524288
 158 00b6 D362     		str	r3, [r2, #44]
 159              	.L6:
3768:Drivers/STM32H7xx_HAL_Driver/Src/stm32h7xx_hal_rcc_ex.c **** 
 160              		.loc 1 3768 5 view .LVU41
 161 00b8 124A     		ldr	r2, .L20
 162 00ba 1368     		ldr	r3, [r2]
 163 00bc 43F08063 		orr	r3, r3, #67108864
 164 00c0 1360     		str	r3, [r2]
3771:Drivers/STM32H7xx_HAL_Driver/Src/stm32h7xx_hal_rcc_ex.c **** 
 165              		.loc 1 3771 5 view .LVU42
3771:Drivers/STM32H7xx_HAL_Driver/Src/stm32h7xx_hal_rcc_ex.c **** 
 166              		.loc 1 3771 17 is_stmt 0 view .LVU43
 167 00c2 FFF7FEFF 		bl	HAL_GetTick
 168              	.LVL5:
 169 00c6 0446     		mov	r4, r0
 170              	.LVL6:
3774:Drivers/STM32H7xx_HAL_Driver/Src/stm32h7xx_hal_rcc_ex.c ****     {
 171              		.loc 1 3774 5 is_stmt 1 view .LVU44
 172              	.L8:
3774:Drivers/STM32H7xx_HAL_Driver/Src/stm32h7xx_hal_rcc_ex.c ****     {
 173              		.loc 1 3774 49 view .LVU45
3774:Drivers/STM32H7xx_HAL_Driver/Src/stm32h7xx_hal_rcc_ex.c ****     {
 174              		.loc 1 3774 12 is_stmt 0 view .LVU46
 175 00c8 0E4B     		ldr	r3, .L20
 176 00ca 1B68     		ldr	r3, [r3]
3774:Drivers/STM32H7xx_HAL_Driver/Src/stm32h7xx_hal_rcc_ex.c ****     {
 177              		.loc 1 3774 49 view .LVU47
 178 00cc 13F0006F 		tst	r3, #134217728
 179 00d0 14D1     		bne	.L18
3776:Drivers/STM32H7xx_HAL_Driver/Src/stm32h7xx_hal_rcc_ex.c ****       {
 180              		.loc 1 3776 7 is_stmt 1 view .LVU48
3776:Drivers/STM32H7xx_HAL_Driver/Src/stm32h7xx_hal_rcc_ex.c ****       {
 181              		.loc 1 3776 12 is_stmt 0 view .LVU49
 182 00d2 FFF7FEFF 		bl	HAL_GetTick
 183              	.LVL7:
ARM GAS  C:\Users\jason\AppData\Local\Temp\ccSG31kR.s 			page 71


3776:Drivers/STM32H7xx_HAL_Driver/Src/stm32h7xx_hal_rcc_ex.c ****       {
 184              		.loc 1 3776 26 discriminator 1 view .LVU50
 185 00d6 001B     		subs	r0, r0, r4
3776:Drivers/STM32H7xx_HAL_Driver/Src/stm32h7xx_hal_rcc_ex.c ****       {
 186              		.loc 1 3776 10 discriminator 1 view .LVU51
 187 00d8 0228     		cmp	r0, #2
 188 00da F5D9     		bls	.L8
3778:Drivers/STM32H7xx_HAL_Driver/Src/stm32h7xx_hal_rcc_ex.c ****       }
 189              		.loc 1 3778 16 view .LVU52
 190 00dc 0320     		movs	r0, #3
 191 00de ABE7     		b	.L2
 192              	.L5:
3758:Drivers/STM32H7xx_HAL_Driver/Src/stm32h7xx_hal_rcc_ex.c ****     {
 193              		.loc 1 3758 10 is_stmt 1 view .LVU53
3758:Drivers/STM32H7xx_HAL_Driver/Src/stm32h7xx_hal_rcc_ex.c ****     {
 194              		.loc 1 3758 13 is_stmt 0 view .LVU54
 195 00e0 012E     		cmp	r6, #1
 196 00e2 05D0     		beq	.L19
3764:Drivers/STM32H7xx_HAL_Driver/Src/stm32h7xx_hal_rcc_ex.c ****     }
 197              		.loc 1 3764 7 is_stmt 1 view .LVU55
 198 00e4 074A     		ldr	r2, .L20
 199 00e6 D36A     		ldr	r3, [r2, #44]
 200 00e8 43F40013 		orr	r3, r3, #2097152
 201 00ec D362     		str	r3, [r2, #44]
 202 00ee E3E7     		b	.L6
 203              	.L19:
3760:Drivers/STM32H7xx_HAL_Driver/Src/stm32h7xx_hal_rcc_ex.c ****     }
 204              		.loc 1 3760 7 view .LVU56
 205 00f0 044A     		ldr	r2, .L20
 206 00f2 D36A     		ldr	r3, [r2, #44]
 207 00f4 43F48013 		orr	r3, r3, #1048576
 208 00f8 D362     		str	r3, [r2, #44]
 209 00fa DDE7     		b	.L6
 210              	.L18:
3785:Drivers/STM32H7xx_HAL_Driver/Src/stm32h7xx_hal_rcc_ex.c **** }
 211              		.loc 1 3785 10 is_stmt 0 view .LVU57
 212 00fc 0020     		movs	r0, #0
 213 00fe 9BE7     		b	.L2
 214              	.LVL8:
 215              	.L10:
 216              		.cfi_def_cfa_offset 0
 217              		.cfi_restore 4
 218              		.cfi_restore 5
 219              		.cfi_restore 6
 220              		.cfi_restore 14
3710:Drivers/STM32H7xx_HAL_Driver/Src/stm32h7xx_hal_rcc_ex.c ****   }
 221              		.loc 1 3710 12 view .LVU58
 222 0100 0120     		movs	r0, #1
 223              	.LVL9:
 224              		.loc 1 3786 1 view .LVU59
 225 0102 7047     		bx	lr
 226              	.L21:
 227              		.align	2
 228              	.L20:
 229 0104 00440258 		.word	1476543488
 230              		.cfi_endproc
 231              	.LFE168:
ARM GAS  C:\Users\jason\AppData\Local\Temp\ccSG31kR.s 			page 72


 233              		.section	.text.RCCEx_PLL3_Config,"ax",%progbits
 234              		.align	1
 235              		.syntax unified
 236              		.thumb
 237              		.thumb_func
 239              	RCCEx_PLL3_Config:
 240              	.LVL10:
 241              	.LFB169:
3787:Drivers/STM32H7xx_HAL_Driver/Src/stm32h7xx_hal_rcc_ex.c **** 
3788:Drivers/STM32H7xx_HAL_Driver/Src/stm32h7xx_hal_rcc_ex.c **** 
3789:Drivers/STM32H7xx_HAL_Driver/Src/stm32h7xx_hal_rcc_ex.c **** /**
3790:Drivers/STM32H7xx_HAL_Driver/Src/stm32h7xx_hal_rcc_ex.c ****   * @brief  Configure the PLL3 VCI,VCO ranges, multiplication and division factors and enable it
3791:Drivers/STM32H7xx_HAL_Driver/Src/stm32h7xx_hal_rcc_ex.c ****   * @param  pll3: Pointer to an RCC_PLL3InitTypeDef structure that
3792:Drivers/STM32H7xx_HAL_Driver/Src/stm32h7xx_hal_rcc_ex.c ****   *         contains the configuration parameters  as well as VCI, VCO clock ranges.
3793:Drivers/STM32H7xx_HAL_Driver/Src/stm32h7xx_hal_rcc_ex.c ****   * @param  Divider  divider parameter to be updated
3794:Drivers/STM32H7xx_HAL_Driver/Src/stm32h7xx_hal_rcc_ex.c ****   * @note   PLL3 is temporary disabled to apply new parameters
3795:Drivers/STM32H7xx_HAL_Driver/Src/stm32h7xx_hal_rcc_ex.c ****   *
3796:Drivers/STM32H7xx_HAL_Driver/Src/stm32h7xx_hal_rcc_ex.c ****   * @retval HAL status
3797:Drivers/STM32H7xx_HAL_Driver/Src/stm32h7xx_hal_rcc_ex.c ****   */
3798:Drivers/STM32H7xx_HAL_Driver/Src/stm32h7xx_hal_rcc_ex.c **** static HAL_StatusTypeDef RCCEx_PLL3_Config(const RCC_PLL3InitTypeDef *pll3, uint32_t Divider)
3799:Drivers/STM32H7xx_HAL_Driver/Src/stm32h7xx_hal_rcc_ex.c **** {
 242              		.loc 1 3799 1 is_stmt 1 view -0
 243              		.cfi_startproc
 244              		@ args = 0, pretend = 0, frame = 0
 245              		@ frame_needed = 0, uses_anonymous_args = 0
3800:Drivers/STM32H7xx_HAL_Driver/Src/stm32h7xx_hal_rcc_ex.c ****   uint32_t tickstart;
 246              		.loc 1 3800 3 view .LVU61
3801:Drivers/STM32H7xx_HAL_Driver/Src/stm32h7xx_hal_rcc_ex.c ****   HAL_StatusTypeDef status = HAL_OK;
 247              		.loc 1 3801 3 view .LVU62
3802:Drivers/STM32H7xx_HAL_Driver/Src/stm32h7xx_hal_rcc_ex.c ****   assert_param(IS_RCC_PLL3M_VALUE(pll3->PLL3M));
 248              		.loc 1 3802 3 view .LVU63
3803:Drivers/STM32H7xx_HAL_Driver/Src/stm32h7xx_hal_rcc_ex.c ****   assert_param(IS_RCC_PLL3N_VALUE(pll3->PLL3N));
 249              		.loc 1 3803 3 view .LVU64
3804:Drivers/STM32H7xx_HAL_Driver/Src/stm32h7xx_hal_rcc_ex.c ****   assert_param(IS_RCC_PLL3P_VALUE(pll3->PLL3P));
 250              		.loc 1 3804 3 view .LVU65
3805:Drivers/STM32H7xx_HAL_Driver/Src/stm32h7xx_hal_rcc_ex.c ****   assert_param(IS_RCC_PLL3R_VALUE(pll3->PLL3R));
 251              		.loc 1 3805 3 view .LVU66
3806:Drivers/STM32H7xx_HAL_Driver/Src/stm32h7xx_hal_rcc_ex.c ****   assert_param(IS_RCC_PLL3Q_VALUE(pll3->PLL3Q));
 252              		.loc 1 3806 3 view .LVU67
3807:Drivers/STM32H7xx_HAL_Driver/Src/stm32h7xx_hal_rcc_ex.c ****   assert_param(IS_RCC_PLL3RGE_VALUE(pll3->PLL3RGE));
 253              		.loc 1 3807 3 view .LVU68
3808:Drivers/STM32H7xx_HAL_Driver/Src/stm32h7xx_hal_rcc_ex.c ****   assert_param(IS_RCC_PLL3VCO_VALUE(pll3->PLL3VCOSEL));
 254              		.loc 1 3808 3 view .LVU69
3809:Drivers/STM32H7xx_HAL_Driver/Src/stm32h7xx_hal_rcc_ex.c ****   assert_param(IS_RCC_PLLFRACN_VALUE(pll3->PLL3FRACN));
 255              		.loc 1 3809 3 view .LVU70
3810:Drivers/STM32H7xx_HAL_Driver/Src/stm32h7xx_hal_rcc_ex.c **** 
3811:Drivers/STM32H7xx_HAL_Driver/Src/stm32h7xx_hal_rcc_ex.c ****   /* Check that PLL3 OSC clock source is already set */
3812:Drivers/STM32H7xx_HAL_Driver/Src/stm32h7xx_hal_rcc_ex.c ****   if (__HAL_RCC_GET_PLL_OSCSOURCE() == RCC_PLLSOURCE_NONE)
 256              		.loc 1 3812 3 view .LVU71
 257              		.loc 1 3812 7 is_stmt 0 view .LVU72
 258 0000 404B     		ldr	r3, .L41
 259 0002 9B6A     		ldr	r3, [r3, #40]
 260 0004 03F00303 		and	r3, r3, #3
 261              		.loc 1 3812 6 view .LVU73
 262 0008 032B     		cmp	r3, #3
 263 000a 79D0     		beq	.L31
3799:Drivers/STM32H7xx_HAL_Driver/Src/stm32h7xx_hal_rcc_ex.c ****   uint32_t tickstart;
ARM GAS  C:\Users\jason\AppData\Local\Temp\ccSG31kR.s 			page 73


 264              		.loc 1 3799 1 view .LVU74
 265 000c 70B5     		push	{r4, r5, r6, lr}
 266              		.cfi_def_cfa_offset 16
 267              		.cfi_offset 4, -16
 268              		.cfi_offset 5, -12
 269              		.cfi_offset 6, -8
 270              		.cfi_offset 14, -4
 271 000e 0546     		mov	r5, r0
 272 0010 0E46     		mov	r6, r1
3813:Drivers/STM32H7xx_HAL_Driver/Src/stm32h7xx_hal_rcc_ex.c ****   {
3814:Drivers/STM32H7xx_HAL_Driver/Src/stm32h7xx_hal_rcc_ex.c ****     return HAL_ERROR;
3815:Drivers/STM32H7xx_HAL_Driver/Src/stm32h7xx_hal_rcc_ex.c ****   }
3816:Drivers/STM32H7xx_HAL_Driver/Src/stm32h7xx_hal_rcc_ex.c **** 
3817:Drivers/STM32H7xx_HAL_Driver/Src/stm32h7xx_hal_rcc_ex.c **** 
3818:Drivers/STM32H7xx_HAL_Driver/Src/stm32h7xx_hal_rcc_ex.c ****   else
3819:Drivers/STM32H7xx_HAL_Driver/Src/stm32h7xx_hal_rcc_ex.c ****   {
3820:Drivers/STM32H7xx_HAL_Driver/Src/stm32h7xx_hal_rcc_ex.c ****     /* Disable  PLL3. */
3821:Drivers/STM32H7xx_HAL_Driver/Src/stm32h7xx_hal_rcc_ex.c ****     __HAL_RCC_PLL3_DISABLE();
 273              		.loc 1 3821 5 is_stmt 1 view .LVU75
 274 0012 3C4A     		ldr	r2, .L41
 275 0014 1368     		ldr	r3, [r2]
 276 0016 23F08053 		bic	r3, r3, #268435456
 277 001a 1360     		str	r3, [r2]
3822:Drivers/STM32H7xx_HAL_Driver/Src/stm32h7xx_hal_rcc_ex.c **** 
3823:Drivers/STM32H7xx_HAL_Driver/Src/stm32h7xx_hal_rcc_ex.c ****     /* Get Start Tick*/
3824:Drivers/STM32H7xx_HAL_Driver/Src/stm32h7xx_hal_rcc_ex.c ****     tickstart = HAL_GetTick();
 278              		.loc 1 3824 5 view .LVU76
 279              		.loc 1 3824 17 is_stmt 0 view .LVU77
 280 001c FFF7FEFF 		bl	HAL_GetTick
 281              	.LVL11:
 282              		.loc 1 3824 17 view .LVU78
 283 0020 0446     		mov	r4, r0
 284              	.LVL12:
3825:Drivers/STM32H7xx_HAL_Driver/Src/stm32h7xx_hal_rcc_ex.c ****     /* Wait till PLL3 is ready */
3826:Drivers/STM32H7xx_HAL_Driver/Src/stm32h7xx_hal_rcc_ex.c ****     while (__HAL_RCC_GET_FLAG(RCC_FLAG_PLL3RDY) != 0U)
 285              		.loc 1 3826 5 is_stmt 1 view .LVU79
 286              	.L24:
 287              		.loc 1 3826 49 view .LVU80
 288              		.loc 1 3826 12 is_stmt 0 view .LVU81
 289 0022 384B     		ldr	r3, .L41
 290 0024 1B68     		ldr	r3, [r3]
 291              		.loc 1 3826 49 view .LVU82
 292 0026 13F0005F 		tst	r3, #536870912
 293 002a 06D0     		beq	.L38
3827:Drivers/STM32H7xx_HAL_Driver/Src/stm32h7xx_hal_rcc_ex.c ****     {
3828:Drivers/STM32H7xx_HAL_Driver/Src/stm32h7xx_hal_rcc_ex.c ****       if ((HAL_GetTick() - tickstart) > PLL3_TIMEOUT_VALUE)
 294              		.loc 1 3828 7 is_stmt 1 view .LVU83
 295              		.loc 1 3828 12 is_stmt 0 view .LVU84
 296 002c FFF7FEFF 		bl	HAL_GetTick
 297              	.LVL13:
 298              		.loc 1 3828 26 discriminator 1 view .LVU85
 299 0030 031B     		subs	r3, r0, r4
 300              		.loc 1 3828 10 discriminator 1 view .LVU86
 301 0032 022B     		cmp	r3, #2
 302 0034 F5D9     		bls	.L24
3829:Drivers/STM32H7xx_HAL_Driver/Src/stm32h7xx_hal_rcc_ex.c ****       {
3830:Drivers/STM32H7xx_HAL_Driver/Src/stm32h7xx_hal_rcc_ex.c ****         return HAL_TIMEOUT;
ARM GAS  C:\Users\jason\AppData\Local\Temp\ccSG31kR.s 			page 74


 303              		.loc 1 3830 16 view .LVU87
 304 0036 0320     		movs	r0, #3
 305              	.L23:
3831:Drivers/STM32H7xx_HAL_Driver/Src/stm32h7xx_hal_rcc_ex.c ****       }
3832:Drivers/STM32H7xx_HAL_Driver/Src/stm32h7xx_hal_rcc_ex.c ****     }
3833:Drivers/STM32H7xx_HAL_Driver/Src/stm32h7xx_hal_rcc_ex.c **** 
3834:Drivers/STM32H7xx_HAL_Driver/Src/stm32h7xx_hal_rcc_ex.c ****     /* Configure the PLL3  multiplication and division factors. */
3835:Drivers/STM32H7xx_HAL_Driver/Src/stm32h7xx_hal_rcc_ex.c ****     __HAL_RCC_PLL3_CONFIG(pll3->PLL3M,
3836:Drivers/STM32H7xx_HAL_Driver/Src/stm32h7xx_hal_rcc_ex.c ****                           pll3->PLL3N,
3837:Drivers/STM32H7xx_HAL_Driver/Src/stm32h7xx_hal_rcc_ex.c ****                           pll3->PLL3P,
3838:Drivers/STM32H7xx_HAL_Driver/Src/stm32h7xx_hal_rcc_ex.c ****                           pll3->PLL3Q,
3839:Drivers/STM32H7xx_HAL_Driver/Src/stm32h7xx_hal_rcc_ex.c ****                           pll3->PLL3R);
3840:Drivers/STM32H7xx_HAL_Driver/Src/stm32h7xx_hal_rcc_ex.c **** 
3841:Drivers/STM32H7xx_HAL_Driver/Src/stm32h7xx_hal_rcc_ex.c ****     /* Select PLL3 input reference frequency range: VCI */
3842:Drivers/STM32H7xx_HAL_Driver/Src/stm32h7xx_hal_rcc_ex.c ****     __HAL_RCC_PLL3_VCIRANGE(pll3->PLL3RGE) ;
3843:Drivers/STM32H7xx_HAL_Driver/Src/stm32h7xx_hal_rcc_ex.c **** 
3844:Drivers/STM32H7xx_HAL_Driver/Src/stm32h7xx_hal_rcc_ex.c ****     /* Select PLL3 output frequency range : VCO */
3845:Drivers/STM32H7xx_HAL_Driver/Src/stm32h7xx_hal_rcc_ex.c ****     __HAL_RCC_PLL3_VCORANGE(pll3->PLL3VCOSEL) ;
3846:Drivers/STM32H7xx_HAL_Driver/Src/stm32h7xx_hal_rcc_ex.c **** 
3847:Drivers/STM32H7xx_HAL_Driver/Src/stm32h7xx_hal_rcc_ex.c ****     /* Disable PLL3FRACN . */
3848:Drivers/STM32H7xx_HAL_Driver/Src/stm32h7xx_hal_rcc_ex.c ****     __HAL_RCC_PLL3FRACN_DISABLE();
3849:Drivers/STM32H7xx_HAL_Driver/Src/stm32h7xx_hal_rcc_ex.c **** 
3850:Drivers/STM32H7xx_HAL_Driver/Src/stm32h7xx_hal_rcc_ex.c ****     /* Configures PLL3 clock Fractional Part Of The Multiplication Factor */
3851:Drivers/STM32H7xx_HAL_Driver/Src/stm32h7xx_hal_rcc_ex.c ****     __HAL_RCC_PLL3FRACN_CONFIG(pll3->PLL3FRACN);
3852:Drivers/STM32H7xx_HAL_Driver/Src/stm32h7xx_hal_rcc_ex.c **** 
3853:Drivers/STM32H7xx_HAL_Driver/Src/stm32h7xx_hal_rcc_ex.c ****     /* Enable PLL3FRACN . */
3854:Drivers/STM32H7xx_HAL_Driver/Src/stm32h7xx_hal_rcc_ex.c ****     __HAL_RCC_PLL3FRACN_ENABLE();
3855:Drivers/STM32H7xx_HAL_Driver/Src/stm32h7xx_hal_rcc_ex.c **** 
3856:Drivers/STM32H7xx_HAL_Driver/Src/stm32h7xx_hal_rcc_ex.c ****     /* Enable the PLL3 clock output */
3857:Drivers/STM32H7xx_HAL_Driver/Src/stm32h7xx_hal_rcc_ex.c ****     if (Divider == DIVIDER_P_UPDATE)
3858:Drivers/STM32H7xx_HAL_Driver/Src/stm32h7xx_hal_rcc_ex.c ****     {
3859:Drivers/STM32H7xx_HAL_Driver/Src/stm32h7xx_hal_rcc_ex.c ****       __HAL_RCC_PLL3CLKOUT_ENABLE(RCC_PLL3_DIVP);
3860:Drivers/STM32H7xx_HAL_Driver/Src/stm32h7xx_hal_rcc_ex.c ****     }
3861:Drivers/STM32H7xx_HAL_Driver/Src/stm32h7xx_hal_rcc_ex.c ****     else if (Divider == DIVIDER_Q_UPDATE)
3862:Drivers/STM32H7xx_HAL_Driver/Src/stm32h7xx_hal_rcc_ex.c ****     {
3863:Drivers/STM32H7xx_HAL_Driver/Src/stm32h7xx_hal_rcc_ex.c ****       __HAL_RCC_PLL3CLKOUT_ENABLE(RCC_PLL3_DIVQ);
3864:Drivers/STM32H7xx_HAL_Driver/Src/stm32h7xx_hal_rcc_ex.c ****     }
3865:Drivers/STM32H7xx_HAL_Driver/Src/stm32h7xx_hal_rcc_ex.c ****     else
3866:Drivers/STM32H7xx_HAL_Driver/Src/stm32h7xx_hal_rcc_ex.c ****     {
3867:Drivers/STM32H7xx_HAL_Driver/Src/stm32h7xx_hal_rcc_ex.c ****       __HAL_RCC_PLL3CLKOUT_ENABLE(RCC_PLL3_DIVR);
3868:Drivers/STM32H7xx_HAL_Driver/Src/stm32h7xx_hal_rcc_ex.c ****     }
3869:Drivers/STM32H7xx_HAL_Driver/Src/stm32h7xx_hal_rcc_ex.c **** 
3870:Drivers/STM32H7xx_HAL_Driver/Src/stm32h7xx_hal_rcc_ex.c ****     /* Enable  PLL3. */
3871:Drivers/STM32H7xx_HAL_Driver/Src/stm32h7xx_hal_rcc_ex.c ****     __HAL_RCC_PLL3_ENABLE();
3872:Drivers/STM32H7xx_HAL_Driver/Src/stm32h7xx_hal_rcc_ex.c **** 
3873:Drivers/STM32H7xx_HAL_Driver/Src/stm32h7xx_hal_rcc_ex.c ****     /* Get Start Tick*/
3874:Drivers/STM32H7xx_HAL_Driver/Src/stm32h7xx_hal_rcc_ex.c ****     tickstart = HAL_GetTick();
3875:Drivers/STM32H7xx_HAL_Driver/Src/stm32h7xx_hal_rcc_ex.c **** 
3876:Drivers/STM32H7xx_HAL_Driver/Src/stm32h7xx_hal_rcc_ex.c ****     /* Wait till PLL3 is ready */
3877:Drivers/STM32H7xx_HAL_Driver/Src/stm32h7xx_hal_rcc_ex.c ****     while (__HAL_RCC_GET_FLAG(RCC_FLAG_PLL3RDY) == 0U)
3878:Drivers/STM32H7xx_HAL_Driver/Src/stm32h7xx_hal_rcc_ex.c ****     {
3879:Drivers/STM32H7xx_HAL_Driver/Src/stm32h7xx_hal_rcc_ex.c ****       if ((HAL_GetTick() - tickstart) > PLL3_TIMEOUT_VALUE)
3880:Drivers/STM32H7xx_HAL_Driver/Src/stm32h7xx_hal_rcc_ex.c ****       {
3881:Drivers/STM32H7xx_HAL_Driver/Src/stm32h7xx_hal_rcc_ex.c ****         return HAL_TIMEOUT;
3882:Drivers/STM32H7xx_HAL_Driver/Src/stm32h7xx_hal_rcc_ex.c ****       }
3883:Drivers/STM32H7xx_HAL_Driver/Src/stm32h7xx_hal_rcc_ex.c ****     }
3884:Drivers/STM32H7xx_HAL_Driver/Src/stm32h7xx_hal_rcc_ex.c **** 
ARM GAS  C:\Users\jason\AppData\Local\Temp\ccSG31kR.s 			page 75


3885:Drivers/STM32H7xx_HAL_Driver/Src/stm32h7xx_hal_rcc_ex.c ****   }
3886:Drivers/STM32H7xx_HAL_Driver/Src/stm32h7xx_hal_rcc_ex.c **** 
3887:Drivers/STM32H7xx_HAL_Driver/Src/stm32h7xx_hal_rcc_ex.c **** 
3888:Drivers/STM32H7xx_HAL_Driver/Src/stm32h7xx_hal_rcc_ex.c ****   return status;
3889:Drivers/STM32H7xx_HAL_Driver/Src/stm32h7xx_hal_rcc_ex.c **** }
 306              		.loc 1 3889 1 view .LVU88
 307 0038 70BD     		pop	{r4, r5, r6, pc}
 308              	.LVL14:
 309              	.L38:
3835:Drivers/STM32H7xx_HAL_Driver/Src/stm32h7xx_hal_rcc_ex.c ****                           pll3->PLL3N,
 310              		.loc 1 3835 5 is_stmt 1 view .LVU89
3835:Drivers/STM32H7xx_HAL_Driver/Src/stm32h7xx_hal_rcc_ex.c ****                           pll3->PLL3N,
 311              		.loc 1 3835 5 view .LVU90
 312 003a 324B     		ldr	r3, .L41
 313 003c 9A6A     		ldr	r2, [r3, #40]
 314 003e 22F07C72 		bic	r2, r2, #66060288
 315 0042 2968     		ldr	r1, [r5]
 316 0044 42EA0152 		orr	r2, r2, r1, lsl #20
 317 0048 9A62     		str	r2, [r3, #40]
3835:Drivers/STM32H7xx_HAL_Driver/Src/stm32h7xx_hal_rcc_ex.c ****                           pll3->PLL3N,
 318              		.loc 1 3835 5 view .LVU91
 319 004a 6A68     		ldr	r2, [r5, #4]
 320 004c 013A     		subs	r2, r2, #1
 321 004e C2F30802 		ubfx	r2, r2, #0, #9
 322 0052 A968     		ldr	r1, [r5, #8]
 323 0054 0139     		subs	r1, r1, #1
 324 0056 4902     		lsls	r1, r1, #9
 325 0058 89B2     		uxth	r1, r1
 326 005a 0A43     		orrs	r2, r2, r1
 327 005c E968     		ldr	r1, [r5, #12]
 328 005e 0139     		subs	r1, r1, #1
 329 0060 0904     		lsls	r1, r1, #16
 330 0062 01F4FE01 		and	r1, r1, #8323072
 331 0066 0A43     		orrs	r2, r2, r1
 332 0068 2969     		ldr	r1, [r5, #16]
 333 006a 0139     		subs	r1, r1, #1
 334 006c 0906     		lsls	r1, r1, #24
 335 006e 01F0FE41 		and	r1, r1, #2130706432
 336 0072 0A43     		orrs	r2, r2, r1
 337 0074 1A64     		str	r2, [r3, #64]
3835:Drivers/STM32H7xx_HAL_Driver/Src/stm32h7xx_hal_rcc_ex.c ****                           pll3->PLL3N,
 338              		.loc 1 3835 5 view .LVU92
3842:Drivers/STM32H7xx_HAL_Driver/Src/stm32h7xx_hal_rcc_ex.c **** 
 339              		.loc 1 3842 5 view .LVU93
 340 0076 DA6A     		ldr	r2, [r3, #44]
 341 0078 22F44062 		bic	r2, r2, #3072
 342 007c 6969     		ldr	r1, [r5, #20]
 343 007e 0A43     		orrs	r2, r2, r1
 344 0080 DA62     		str	r2, [r3, #44]
3845:Drivers/STM32H7xx_HAL_Driver/Src/stm32h7xx_hal_rcc_ex.c **** 
 345              		.loc 1 3845 5 view .LVU94
 346 0082 DA6A     		ldr	r2, [r3, #44]
 347 0084 22F40072 		bic	r2, r2, #512
 348 0088 A969     		ldr	r1, [r5, #24]
 349 008a 0A43     		orrs	r2, r2, r1
 350 008c DA62     		str	r2, [r3, #44]
3848:Drivers/STM32H7xx_HAL_Driver/Src/stm32h7xx_hal_rcc_ex.c **** 
ARM GAS  C:\Users\jason\AppData\Local\Temp\ccSG31kR.s 			page 76


 351              		.loc 1 3848 5 view .LVU95
 352 008e DA6A     		ldr	r2, [r3, #44]
 353 0090 22F48072 		bic	r2, r2, #256
 354 0094 DA62     		str	r2, [r3, #44]
3851:Drivers/STM32H7xx_HAL_Driver/Src/stm32h7xx_hal_rcc_ex.c **** 
 355              		.loc 1 3851 5 view .LVU96
 356 0096 5A6C     		ldr	r2, [r3, #68]
 357 0098 6FF3CF02 		bfc	r2, #3, #13
 358 009c E969     		ldr	r1, [r5, #28]
 359 009e 42EAC102 		orr	r2, r2, r1, lsl #3
 360 00a2 5A64     		str	r2, [r3, #68]
3854:Drivers/STM32H7xx_HAL_Driver/Src/stm32h7xx_hal_rcc_ex.c **** 
 361              		.loc 1 3854 5 view .LVU97
 362 00a4 DA6A     		ldr	r2, [r3, #44]
 363 00a6 42F48072 		orr	r2, r2, #256
 364 00aa DA62     		str	r2, [r3, #44]
3857:Drivers/STM32H7xx_HAL_Driver/Src/stm32h7xx_hal_rcc_ex.c ****     {
 365              		.loc 1 3857 5 view .LVU98
3857:Drivers/STM32H7xx_HAL_Driver/Src/stm32h7xx_hal_rcc_ex.c ****     {
 366              		.loc 1 3857 8 is_stmt 0 view .LVU99
 367 00ac C6B9     		cbnz	r6, .L26
3859:Drivers/STM32H7xx_HAL_Driver/Src/stm32h7xx_hal_rcc_ex.c ****     }
 368              		.loc 1 3859 7 is_stmt 1 view .LVU100
 369 00ae 154A     		ldr	r2, .L41
 370 00b0 D36A     		ldr	r3, [r2, #44]
 371 00b2 43F48003 		orr	r3, r3, #4194304
 372 00b6 D362     		str	r3, [r2, #44]
 373              	.L27:
3871:Drivers/STM32H7xx_HAL_Driver/Src/stm32h7xx_hal_rcc_ex.c **** 
 374              		.loc 1 3871 5 view .LVU101
 375 00b8 124A     		ldr	r2, .L41
 376 00ba 1368     		ldr	r3, [r2]
 377 00bc 43F08053 		orr	r3, r3, #268435456
 378 00c0 1360     		str	r3, [r2]
3874:Drivers/STM32H7xx_HAL_Driver/Src/stm32h7xx_hal_rcc_ex.c **** 
 379              		.loc 1 3874 5 view .LVU102
3874:Drivers/STM32H7xx_HAL_Driver/Src/stm32h7xx_hal_rcc_ex.c **** 
 380              		.loc 1 3874 17 is_stmt 0 view .LVU103
 381 00c2 FFF7FEFF 		bl	HAL_GetTick
 382              	.LVL15:
 383 00c6 0446     		mov	r4, r0
 384              	.LVL16:
3877:Drivers/STM32H7xx_HAL_Driver/Src/stm32h7xx_hal_rcc_ex.c ****     {
 385              		.loc 1 3877 5 is_stmt 1 view .LVU104
 386              	.L29:
3877:Drivers/STM32H7xx_HAL_Driver/Src/stm32h7xx_hal_rcc_ex.c ****     {
 387              		.loc 1 3877 49 view .LVU105
3877:Drivers/STM32H7xx_HAL_Driver/Src/stm32h7xx_hal_rcc_ex.c ****     {
 388              		.loc 1 3877 12 is_stmt 0 view .LVU106
 389 00c8 0E4B     		ldr	r3, .L41
 390 00ca 1B68     		ldr	r3, [r3]
3877:Drivers/STM32H7xx_HAL_Driver/Src/stm32h7xx_hal_rcc_ex.c ****     {
 391              		.loc 1 3877 49 view .LVU107
 392 00cc 13F0005F 		tst	r3, #536870912
 393 00d0 14D1     		bne	.L39
3879:Drivers/STM32H7xx_HAL_Driver/Src/stm32h7xx_hal_rcc_ex.c ****       {
 394              		.loc 1 3879 7 is_stmt 1 view .LVU108
ARM GAS  C:\Users\jason\AppData\Local\Temp\ccSG31kR.s 			page 77


3879:Drivers/STM32H7xx_HAL_Driver/Src/stm32h7xx_hal_rcc_ex.c ****       {
 395              		.loc 1 3879 12 is_stmt 0 view .LVU109
 396 00d2 FFF7FEFF 		bl	HAL_GetTick
 397              	.LVL17:
3879:Drivers/STM32H7xx_HAL_Driver/Src/stm32h7xx_hal_rcc_ex.c ****       {
 398              		.loc 1 3879 26 discriminator 1 view .LVU110
 399 00d6 001B     		subs	r0, r0, r4
3879:Drivers/STM32H7xx_HAL_Driver/Src/stm32h7xx_hal_rcc_ex.c ****       {
 400              		.loc 1 3879 10 discriminator 1 view .LVU111
 401 00d8 0228     		cmp	r0, #2
 402 00da F5D9     		bls	.L29
3881:Drivers/STM32H7xx_HAL_Driver/Src/stm32h7xx_hal_rcc_ex.c ****       }
 403              		.loc 1 3881 16 view .LVU112
 404 00dc 0320     		movs	r0, #3
 405 00de ABE7     		b	.L23
 406              	.L26:
3861:Drivers/STM32H7xx_HAL_Driver/Src/stm32h7xx_hal_rcc_ex.c ****     {
 407              		.loc 1 3861 10 is_stmt 1 view .LVU113
3861:Drivers/STM32H7xx_HAL_Driver/Src/stm32h7xx_hal_rcc_ex.c ****     {
 408              		.loc 1 3861 13 is_stmt 0 view .LVU114
 409 00e0 012E     		cmp	r6, #1
 410 00e2 05D0     		beq	.L40
3867:Drivers/STM32H7xx_HAL_Driver/Src/stm32h7xx_hal_rcc_ex.c ****     }
 411              		.loc 1 3867 7 is_stmt 1 view .LVU115
 412 00e4 074A     		ldr	r2, .L41
 413 00e6 D36A     		ldr	r3, [r2, #44]
 414 00e8 43F08073 		orr	r3, r3, #16777216
 415 00ec D362     		str	r3, [r2, #44]
 416 00ee E3E7     		b	.L27
 417              	.L40:
3863:Drivers/STM32H7xx_HAL_Driver/Src/stm32h7xx_hal_rcc_ex.c ****     }
 418              		.loc 1 3863 7 view .LVU116
 419 00f0 044A     		ldr	r2, .L41
 420 00f2 D36A     		ldr	r3, [r2, #44]
 421 00f4 43F40003 		orr	r3, r3, #8388608
 422 00f8 D362     		str	r3, [r2, #44]
 423 00fa DDE7     		b	.L27
 424              	.L39:
3888:Drivers/STM32H7xx_HAL_Driver/Src/stm32h7xx_hal_rcc_ex.c **** }
 425              		.loc 1 3888 10 is_stmt 0 view .LVU117
 426 00fc 0020     		movs	r0, #0
 427 00fe 9BE7     		b	.L23
 428              	.LVL18:
 429              	.L31:
 430              		.cfi_def_cfa_offset 0
 431              		.cfi_restore 4
 432              		.cfi_restore 5
 433              		.cfi_restore 6
 434              		.cfi_restore 14
3814:Drivers/STM32H7xx_HAL_Driver/Src/stm32h7xx_hal_rcc_ex.c ****   }
 435              		.loc 1 3814 12 view .LVU118
 436 0100 0120     		movs	r0, #1
 437              	.LVL19:
 438              		.loc 1 3889 1 view .LVU119
 439 0102 7047     		bx	lr
 440              	.L42:
 441              		.align	2
ARM GAS  C:\Users\jason\AppData\Local\Temp\ccSG31kR.s 			page 78


 442              	.L41:
 443 0104 00440258 		.word	1476543488
 444              		.cfi_endproc
 445              	.LFE169:
 447              		.section	.text.HAL_RCCEx_PeriphCLKConfig,"ax",%progbits
 448              		.align	1
 449              		.global	HAL_RCCEx_PeriphCLKConfig
 450              		.syntax unified
 451              		.thumb
 452              		.thumb_func
 454              	HAL_RCCEx_PeriphCLKConfig:
 455              	.LVL20:
 456              	.LFB144:
 106:Drivers/STM32H7xx_HAL_Driver/Src/stm32h7xx_hal_rcc_ex.c ****   uint32_t tmpreg;
 457              		.loc 1 106 1 is_stmt 1 view -0
 458              		.cfi_startproc
 459              		@ args = 0, pretend = 0, frame = 0
 460              		@ frame_needed = 0, uses_anonymous_args = 0
 106:Drivers/STM32H7xx_HAL_Driver/Src/stm32h7xx_hal_rcc_ex.c ****   uint32_t tmpreg;
 461              		.loc 1 106 1 is_stmt 0 view .LVU121
 462 0000 F8B5     		push	{r3, r4, r5, r6, r7, lr}
 463              		.cfi_def_cfa_offset 24
 464              		.cfi_offset 3, -24
 465              		.cfi_offset 4, -20
 466              		.cfi_offset 5, -16
 467              		.cfi_offset 6, -12
 468              		.cfi_offset 7, -8
 469              		.cfi_offset 14, -4
 470 0002 0446     		mov	r4, r0
 107:Drivers/STM32H7xx_HAL_Driver/Src/stm32h7xx_hal_rcc_ex.c ****   uint32_t tickstart;
 471              		.loc 1 107 3 is_stmt 1 view .LVU122
 108:Drivers/STM32H7xx_HAL_Driver/Src/stm32h7xx_hal_rcc_ex.c ****   HAL_StatusTypeDef ret = HAL_OK;      /* Intermediate status */
 472              		.loc 1 108 3 view .LVU123
 109:Drivers/STM32H7xx_HAL_Driver/Src/stm32h7xx_hal_rcc_ex.c ****   HAL_StatusTypeDef status = HAL_OK;   /* Final status */
 473              		.loc 1 109 3 view .LVU124
 474              	.LVL21:
 110:Drivers/STM32H7xx_HAL_Driver/Src/stm32h7xx_hal_rcc_ex.c **** 
 475              		.loc 1 110 3 view .LVU125
 114:Drivers/STM32H7xx_HAL_Driver/Src/stm32h7xx_hal_rcc_ex.c ****   {
 476              		.loc 1 114 3 view .LVU126
 114:Drivers/STM32H7xx_HAL_Driver/Src/stm32h7xx_hal_rcc_ex.c ****   {
 477              		.loc 1 114 22 is_stmt 0 view .LVU127
 478 0004 0368     		ldr	r3, [r0]
 114:Drivers/STM32H7xx_HAL_Driver/Src/stm32h7xx_hal_rcc_ex.c ****   {
 479              		.loc 1 114 6 view .LVU128
 480 0006 13F0006F 		tst	r3, #134217728
 481 000a 30D0     		beq	.L177
 117:Drivers/STM32H7xx_HAL_Driver/Src/stm32h7xx_hal_rcc_ex.c ****     {
 482              		.loc 1 117 5 is_stmt 1 view .LVU129
 117:Drivers/STM32H7xx_HAL_Driver/Src/stm32h7xx_hal_rcc_ex.c ****     {
 483              		.loc 1 117 26 is_stmt 0 view .LVU130
 484 000c 836E     		ldr	r3, [r0, #104]
 117:Drivers/STM32H7xx_HAL_Driver/Src/stm32h7xx_hal_rcc_ex.c ****     {
 485              		.loc 1 117 5 view .LVU131
 486 000e B3F5001F 		cmp	r3, #2097152
 487 0012 26D0     		beq	.L45
 488 0014 0ED8     		bhi	.L46
ARM GAS  C:\Users\jason\AppData\Local\Temp\ccSG31kR.s 			page 79


 489 0016 ABB1     		cbz	r3, .L47
 490 0018 B3F5801F 		cmp	r3, #1048576
 491 001c 07D1     		bne	.L219
 128:Drivers/STM32H7xx_HAL_Driver/Src/stm32h7xx_hal_rcc_ex.c **** 
 492              		.loc 1 128 9 is_stmt 1 view .LVU132
 128:Drivers/STM32H7xx_HAL_Driver/Src/stm32h7xx_hal_rcc_ex.c **** 
 493              		.loc 1 128 15 is_stmt 0 view .LVU133
 494 001e 0221     		movs	r1, #2
 495 0020 0830     		adds	r0, r0, #8
 496              	.LVL22:
 128:Drivers/STM32H7xx_HAL_Driver/Src/stm32h7xx_hal_rcc_ex.c **** 
 497              		.loc 1 128 15 view .LVU134
 498 0022 FFF7FEFF 		bl	RCCEx_PLL2_Config
 499              	.LVL23:
 500 0026 0546     		mov	r5, r0
 501              	.LVL24:
 131:Drivers/STM32H7xx_HAL_Driver/Src/stm32h7xx_hal_rcc_ex.c **** 
 502              		.loc 1 131 9 is_stmt 1 view .LVU135
 503              	.L50:
 149:Drivers/STM32H7xx_HAL_Driver/Src/stm32h7xx_hal_rcc_ex.c ****     {
 504              		.loc 1 149 5 view .LVU136
 149:Drivers/STM32H7xx_HAL_Driver/Src/stm32h7xx_hal_rcc_ex.c ****     {
 505              		.loc 1 149 8 is_stmt 0 view .LVU137
 506 0028 95B1     		cbz	r5, .L49
 157:Drivers/STM32H7xx_HAL_Driver/Src/stm32h7xx_hal_rcc_ex.c ****     }
 507              		.loc 1 157 14 view .LVU138
 508 002a 2E46     		mov	r6, r5
 509 002c 21E0     		b	.L44
 510              	.LVL25:
 511              	.L219:
 117:Drivers/STM32H7xx_HAL_Driver/Src/stm32h7xx_hal_rcc_ex.c ****     {
 512              		.loc 1 117 5 view .LVU139
 513 002e 0126     		movs	r6, #1
 514 0030 3546     		mov	r5, r6
 515 0032 1EE0     		b	.L44
 516              	.L46:
 517 0034 B3F5401F 		cmp	r3, #3145728
 518 0038 01D1     		bne	.L220
 519 003a 0025     		movs	r5, #0
 520 003c 08E0     		b	.L49
 521              	.L220:
 522 003e 0126     		movs	r6, #1
 523 0040 3546     		mov	r5, r6
 524 0042 16E0     		b	.L44
 525              	.L47:
 121:Drivers/STM32H7xx_HAL_Driver/Src/stm32h7xx_hal_rcc_ex.c **** 
 526              		.loc 1 121 9 is_stmt 1 view .LVU140
 527 0044 9B4A     		ldr	r2, .L250
 528 0046 D36A     		ldr	r3, [r2, #44]
 529 0048 43F40033 		orr	r3, r3, #131072
 530 004c D362     		str	r3, [r2, #44]
 124:Drivers/STM32H7xx_HAL_Driver/Src/stm32h7xx_hal_rcc_ex.c **** 
 531              		.loc 1 124 9 view .LVU141
 149:Drivers/STM32H7xx_HAL_Driver/Src/stm32h7xx_hal_rcc_ex.c ****     {
 532              		.loc 1 149 5 view .LVU142
 109:Drivers/STM32H7xx_HAL_Driver/Src/stm32h7xx_hal_rcc_ex.c ****   HAL_StatusTypeDef status = HAL_OK;   /* Final status */
 533              		.loc 1 109 21 is_stmt 0 view .LVU143
ARM GAS  C:\Users\jason\AppData\Local\Temp\ccSG31kR.s 			page 80


 534 004e 0025     		movs	r5, #0
 535              	.LVL26:
 536              	.L49:
 152:Drivers/STM32H7xx_HAL_Driver/Src/stm32h7xx_hal_rcc_ex.c ****     }
 537              		.loc 1 152 7 is_stmt 1 view .LVU144
 538 0050 984A     		ldr	r2, .L250
 539 0052 136D     		ldr	r3, [r2, #80]
 540 0054 23F44013 		bic	r3, r3, #3145728
 541 0058 A16E     		ldr	r1, [r4, #104]
 542 005a 0B43     		orrs	r3, r3, r1
 543 005c 1365     		str	r3, [r2, #80]
 110:Drivers/STM32H7xx_HAL_Driver/Src/stm32h7xx_hal_rcc_ex.c **** 
 544              		.loc 1 110 21 is_stmt 0 view .LVU145
 545 005e 0026     		movs	r6, #0
 546 0060 07E0     		b	.L44
 547              	.LVL27:
 548              	.L45:
 134:Drivers/STM32H7xx_HAL_Driver/Src/stm32h7xx_hal_rcc_ex.c **** 
 549              		.loc 1 134 9 is_stmt 1 view .LVU146
 134:Drivers/STM32H7xx_HAL_Driver/Src/stm32h7xx_hal_rcc_ex.c **** 
 550              		.loc 1 134 15 is_stmt 0 view .LVU147
 551 0062 0221     		movs	r1, #2
 552 0064 2830     		adds	r0, r0, #40
 553              	.LVL28:
 134:Drivers/STM32H7xx_HAL_Driver/Src/stm32h7xx_hal_rcc_ex.c **** 
 554              		.loc 1 134 15 view .LVU148
 555 0066 FFF7FEFF 		bl	RCCEx_PLL3_Config
 556              	.LVL29:
 557 006a 0546     		mov	r5, r0
 558              	.LVL30:
 137:Drivers/STM32H7xx_HAL_Driver/Src/stm32h7xx_hal_rcc_ex.c **** 
 559              		.loc 1 137 9 is_stmt 1 view .LVU149
 560 006c DCE7     		b	.L50
 561              	.LVL31:
 562              	.L177:
 110:Drivers/STM32H7xx_HAL_Driver/Src/stm32h7xx_hal_rcc_ex.c **** 
 563              		.loc 1 110 21 is_stmt 0 view .LVU150
 564 006e 0026     		movs	r6, #0
 109:Drivers/STM32H7xx_HAL_Driver/Src/stm32h7xx_hal_rcc_ex.c ****   HAL_StatusTypeDef status = HAL_OK;   /* Final status */
 565              		.loc 1 109 21 view .LVU151
 566 0070 3546     		mov	r5, r6
 567              	.LVL32:
 568              	.L44:
 162:Drivers/STM32H7xx_HAL_Driver/Src/stm32h7xx_hal_rcc_ex.c ****   {
 569              		.loc 1 162 3 is_stmt 1 view .LVU152
 162:Drivers/STM32H7xx_HAL_Driver/Src/stm32h7xx_hal_rcc_ex.c ****   {
 570              		.loc 1 162 22 is_stmt 0 view .LVU153
 571 0072 2368     		ldr	r3, [r4]
 162:Drivers/STM32H7xx_HAL_Driver/Src/stm32h7xx_hal_rcc_ex.c ****   {
 572              		.loc 1 162 6 view .LVU154
 573 0074 13F4807F 		tst	r3, #256
 574 0078 1BD0     		beq	.L51
 164:Drivers/STM32H7xx_HAL_Driver/Src/stm32h7xx_hal_rcc_ex.c ****     {
 575              		.loc 1 164 5 is_stmt 1 view .LVU155
 164:Drivers/STM32H7xx_HAL_Driver/Src/stm32h7xx_hal_rcc_ex.c ****     {
 576              		.loc 1 164 26 is_stmt 0 view .LVU156
 577 007a A36D     		ldr	r3, [r4, #88]
ARM GAS  C:\Users\jason\AppData\Local\Temp\ccSG31kR.s 			page 81


 164:Drivers/STM32H7xx_HAL_Driver/Src/stm32h7xx_hal_rcc_ex.c ****     {
 578              		.loc 1 164 5 view .LVU157
 579 007c 022B     		cmp	r3, #2
 580 007e 30D0     		beq	.L52
 581 0080 0CD8     		bhi	.L53
 582 0082 43B3     		cbz	r3, .L54
 583 0084 012B     		cmp	r3, #1
 584 0086 06D1     		bne	.L221
 175:Drivers/STM32H7xx_HAL_Driver/Src/stm32h7xx_hal_rcc_ex.c **** 
 585              		.loc 1 175 9 is_stmt 1 view .LVU158
 175:Drivers/STM32H7xx_HAL_Driver/Src/stm32h7xx_hal_rcc_ex.c **** 
 586              		.loc 1 175 15 is_stmt 0 view .LVU159
 587 0088 0021     		movs	r1, #0
 588 008a 04F10800 		add	r0, r4, #8
 589 008e FFF7FEFF 		bl	RCCEx_PLL2_Config
 590              	.LVL33:
 591 0092 0546     		mov	r5, r0
 592              	.LVL34:
 178:Drivers/STM32H7xx_HAL_Driver/Src/stm32h7xx_hal_rcc_ex.c **** 
 593              		.loc 1 178 9 is_stmt 1 view .LVU160
 594 0094 05E0     		b	.L56
 595              	.L221:
 164:Drivers/STM32H7xx_HAL_Driver/Src/stm32h7xx_hal_rcc_ex.c ****     {
 596              		.loc 1 164 5 is_stmt 0 view .LVU161
 597 0096 0126     		movs	r6, #1
 598              	.LVL35:
 164:Drivers/STM32H7xx_HAL_Driver/Src/stm32h7xx_hal_rcc_ex.c ****     {
 599              		.loc 1 164 5 view .LVU162
 600 0098 3546     		mov	r5, r6
 601              	.LVL36:
 164:Drivers/STM32H7xx_HAL_Driver/Src/stm32h7xx_hal_rcc_ex.c ****     {
 602              		.loc 1 164 5 view .LVU163
 603 009a 0AE0     		b	.L51
 604              	.LVL37:
 605              	.L53:
 164:Drivers/STM32H7xx_HAL_Driver/Src/stm32h7xx_hal_rcc_ex.c ****     {
 606              		.loc 1 164 5 view .LVU164
 607 009c 033B     		subs	r3, r3, #3
 608 009e 012B     		cmp	r3, #1
 609 00a0 26D8     		bhi	.L222
 610              	.L56:
 201:Drivers/STM32H7xx_HAL_Driver/Src/stm32h7xx_hal_rcc_ex.c ****     {
 611              		.loc 1 201 5 is_stmt 1 view .LVU165
 201:Drivers/STM32H7xx_HAL_Driver/Src/stm32h7xx_hal_rcc_ex.c ****     {
 612              		.loc 1 201 8 is_stmt 0 view .LVU166
 613 00a2 45BB     		cbnz	r5, .L181
 204:Drivers/STM32H7xx_HAL_Driver/Src/stm32h7xx_hal_rcc_ex.c ****     }
 614              		.loc 1 204 7 is_stmt 1 view .LVU167
 615 00a4 834A     		ldr	r2, .L250
 616 00a6 136D     		ldr	r3, [r2, #80]
 617 00a8 23F00703 		bic	r3, r3, #7
 618 00ac A16D     		ldr	r1, [r4, #88]
 619 00ae 0B43     		orrs	r3, r3, r1
 620 00b0 1365     		str	r3, [r2, #80]
 621              	.LVL38:
 622              	.L51:
 215:Drivers/STM32H7xx_HAL_Driver/Src/stm32h7xx_hal_rcc_ex.c ****   {
ARM GAS  C:\Users\jason\AppData\Local\Temp\ccSG31kR.s 			page 82


 623              		.loc 1 215 3 view .LVU168
 215:Drivers/STM32H7xx_HAL_Driver/Src/stm32h7xx_hal_rcc_ex.c ****   {
 624              		.loc 1 215 22 is_stmt 0 view .LVU169
 625 00b2 2368     		ldr	r3, [r4]
 215:Drivers/STM32H7xx_HAL_Driver/Src/stm32h7xx_hal_rcc_ex.c ****   {
 626              		.loc 1 215 6 view .LVU170
 627 00b4 13F4007F 		tst	r3, #512
 628 00b8 37D0     		beq	.L57
 217:Drivers/STM32H7xx_HAL_Driver/Src/stm32h7xx_hal_rcc_ex.c ****     {
 629              		.loc 1 217 5 is_stmt 1 view .LVU171
 217:Drivers/STM32H7xx_HAL_Driver/Src/stm32h7xx_hal_rcc_ex.c ****     {
 630              		.loc 1 217 26 is_stmt 0 view .LVU172
 631 00ba E36D     		ldr	r3, [r4, #92]
 217:Drivers/STM32H7xx_HAL_Driver/Src/stm32h7xx_hal_rcc_ex.c ****     {
 632              		.loc 1 217 5 view .LVU173
 633 00bc 802B     		cmp	r3, #128
 634 00be 49D0     		beq	.L58
 635 00c0 1ED8     		bhi	.L59
 636 00c2 2BB3     		cbz	r3, .L60
 637 00c4 402B     		cmp	r3, #64
 638 00c6 18D1     		bne	.L223
 228:Drivers/STM32H7xx_HAL_Driver/Src/stm32h7xx_hal_rcc_ex.c **** 
 639              		.loc 1 228 9 is_stmt 1 view .LVU174
 228:Drivers/STM32H7xx_HAL_Driver/Src/stm32h7xx_hal_rcc_ex.c **** 
 640              		.loc 1 228 15 is_stmt 0 view .LVU175
 641 00c8 0021     		movs	r1, #0
 642 00ca 04F10800 		add	r0, r4, #8
 643 00ce FFF7FEFF 		bl	RCCEx_PLL2_Config
 644              	.LVL39:
 645 00d2 0546     		mov	r5, r0
 646              	.LVL40:
 231:Drivers/STM32H7xx_HAL_Driver/Src/stm32h7xx_hal_rcc_ex.c **** 
 647              		.loc 1 231 9 is_stmt 1 view .LVU176
 648 00d4 21E0     		b	.L62
 649              	.L54:
 168:Drivers/STM32H7xx_HAL_Driver/Src/stm32h7xx_hal_rcc_ex.c **** 
 650              		.loc 1 168 9 view .LVU177
 651 00d6 774A     		ldr	r2, .L250
 652 00d8 D36A     		ldr	r3, [r2, #44]
 653 00da 43F40033 		orr	r3, r3, #131072
 654 00de D362     		str	r3, [r2, #44]
 171:Drivers/STM32H7xx_HAL_Driver/Src/stm32h7xx_hal_rcc_ex.c **** 
 655              		.loc 1 171 9 view .LVU178
 656 00e0 DFE7     		b	.L56
 657              	.L52:
 181:Drivers/STM32H7xx_HAL_Driver/Src/stm32h7xx_hal_rcc_ex.c **** 
 658              		.loc 1 181 9 view .LVU179
 181:Drivers/STM32H7xx_HAL_Driver/Src/stm32h7xx_hal_rcc_ex.c **** 
 659              		.loc 1 181 15 is_stmt 0 view .LVU180
 660 00e2 0021     		movs	r1, #0
 661 00e4 04F12800 		add	r0, r4, #40
 662 00e8 FFF7FEFF 		bl	RCCEx_PLL3_Config
 663              	.LVL41:
 664 00ec 0546     		mov	r5, r0
 665              	.LVL42:
 184:Drivers/STM32H7xx_HAL_Driver/Src/stm32h7xx_hal_rcc_ex.c **** 
 666              		.loc 1 184 9 is_stmt 1 view .LVU181
ARM GAS  C:\Users\jason\AppData\Local\Temp\ccSG31kR.s 			page 83


 667 00ee D8E7     		b	.L56
 668              	.L222:
 164:Drivers/STM32H7xx_HAL_Driver/Src/stm32h7xx_hal_rcc_ex.c ****     {
 669              		.loc 1 164 5 is_stmt 0 view .LVU182
 670 00f0 0126     		movs	r6, #1
 671              	.LVL43:
 164:Drivers/STM32H7xx_HAL_Driver/Src/stm32h7xx_hal_rcc_ex.c ****     {
 672              		.loc 1 164 5 view .LVU183
 673 00f2 3546     		mov	r5, r6
 674              	.LVL44:
 164:Drivers/STM32H7xx_HAL_Driver/Src/stm32h7xx_hal_rcc_ex.c ****     {
 675              		.loc 1 164 5 view .LVU184
 676 00f4 DDE7     		b	.L51
 677              	.LVL45:
 678              	.L181:
 209:Drivers/STM32H7xx_HAL_Driver/Src/stm32h7xx_hal_rcc_ex.c ****     }
 679              		.loc 1 209 14 view .LVU185
 680 00f6 2E46     		mov	r6, r5
 681              	.LVL46:
 209:Drivers/STM32H7xx_HAL_Driver/Src/stm32h7xx_hal_rcc_ex.c ****     }
 682              		.loc 1 209 14 view .LVU186
 683 00f8 DBE7     		b	.L51
 684              	.LVL47:
 685              	.L223:
 217:Drivers/STM32H7xx_HAL_Driver/Src/stm32h7xx_hal_rcc_ex.c ****     {
 686              		.loc 1 217 5 view .LVU187
 687 00fa 0126     		movs	r6, #1
 688              	.LVL48:
 217:Drivers/STM32H7xx_HAL_Driver/Src/stm32h7xx_hal_rcc_ex.c ****     {
 689              		.loc 1 217 5 view .LVU188
 690 00fc 3546     		mov	r5, r6
 691              	.LVL49:
 217:Drivers/STM32H7xx_HAL_Driver/Src/stm32h7xx_hal_rcc_ex.c ****     {
 692              		.loc 1 217 5 view .LVU189
 693 00fe 14E0     		b	.L57
 694              	.LVL50:
 695              	.L59:
 217:Drivers/STM32H7xx_HAL_Driver/Src/stm32h7xx_hal_rcc_ex.c ****     {
 696              		.loc 1 217 5 view .LVU190
 697 0100 C02B     		cmp	r3, #192
 698 0102 0AD0     		beq	.L62
 699 0104 B3F5807F 		cmp	r3, #256
 700 0108 07D0     		beq	.L62
 701 010a 0126     		movs	r6, #1
 702              	.LVL51:
 217:Drivers/STM32H7xx_HAL_Driver/Src/stm32h7xx_hal_rcc_ex.c ****     {
 703              		.loc 1 217 5 view .LVU191
 704 010c 3546     		mov	r5, r6
 705              	.LVL52:
 217:Drivers/STM32H7xx_HAL_Driver/Src/stm32h7xx_hal_rcc_ex.c ****     {
 706              		.loc 1 217 5 view .LVU192
 707 010e 0CE0     		b	.L57
 708              	.LVL53:
 709              	.L60:
 221:Drivers/STM32H7xx_HAL_Driver/Src/stm32h7xx_hal_rcc_ex.c **** 
 710              		.loc 1 221 9 is_stmt 1 view .LVU193
 711 0110 684A     		ldr	r2, .L250
ARM GAS  C:\Users\jason\AppData\Local\Temp\ccSG31kR.s 			page 84


 712 0112 D36A     		ldr	r3, [r2, #44]
 713 0114 43F40033 		orr	r3, r3, #131072
 714 0118 D362     		str	r3, [r2, #44]
 224:Drivers/STM32H7xx_HAL_Driver/Src/stm32h7xx_hal_rcc_ex.c **** 
 715              		.loc 1 224 9 view .LVU194
 716              	.L62:
 254:Drivers/STM32H7xx_HAL_Driver/Src/stm32h7xx_hal_rcc_ex.c ****     {
 717              		.loc 1 254 5 view .LVU195
 254:Drivers/STM32H7xx_HAL_Driver/Src/stm32h7xx_hal_rcc_ex.c ****     {
 718              		.loc 1 254 8 is_stmt 0 view .LVU196
 719 011a 15BB     		cbnz	r5, .L182
 257:Drivers/STM32H7xx_HAL_Driver/Src/stm32h7xx_hal_rcc_ex.c ****     }
 720              		.loc 1 257 7 is_stmt 1 view .LVU197
 721 011c 654A     		ldr	r2, .L250
 722 011e 136D     		ldr	r3, [r2, #80]
 723 0120 23F4E073 		bic	r3, r3, #448
 724 0124 E16D     		ldr	r1, [r4, #92]
 725 0126 0B43     		orrs	r3, r3, r1
 726 0128 1365     		str	r3, [r2, #80]
 727              	.LVL54:
 728              	.L57:
 389:Drivers/STM32H7xx_HAL_Driver/Src/stm32h7xx_hal_rcc_ex.c ****   {
 729              		.loc 1 389 3 view .LVU198
 389:Drivers/STM32H7xx_HAL_Driver/Src/stm32h7xx_hal_rcc_ex.c ****   {
 730              		.loc 1 389 22 is_stmt 0 view .LVU199
 731 012a 2368     		ldr	r3, [r4]
 389:Drivers/STM32H7xx_HAL_Driver/Src/stm32h7xx_hal_rcc_ex.c ****   {
 732              		.loc 1 389 6 view .LVU200
 733 012c 13F4806F 		tst	r3, #1024
 734 0130 3CD0     		beq	.L63
 391:Drivers/STM32H7xx_HAL_Driver/Src/stm32h7xx_hal_rcc_ex.c ****     {
 735              		.loc 1 391 5 is_stmt 1 view .LVU201
 391:Drivers/STM32H7xx_HAL_Driver/Src/stm32h7xx_hal_rcc_ex.c ****     {
 736              		.loc 1 391 26 is_stmt 0 view .LVU202
 737 0132 D4F8A830 		ldr	r3, [r4, #168]
 391:Drivers/STM32H7xx_HAL_Driver/Src/stm32h7xx_hal_rcc_ex.c ****     {
 738              		.loc 1 391 5 view .LVU203
 739 0136 B3F5800F 		cmp	r3, #4194304
 740 013a 2FD0     		beq	.L64
 741 013c 16D8     		bhi	.L65
 742 013e F3B1     		cbz	r3, .L66
 743 0140 B3F5001F 		cmp	r3, #2097152
 744 0144 0FD1     		bne	.L224
 402:Drivers/STM32H7xx_HAL_Driver/Src/stm32h7xx_hal_rcc_ex.c **** 
 745              		.loc 1 402 9 is_stmt 1 view .LVU204
 402:Drivers/STM32H7xx_HAL_Driver/Src/stm32h7xx_hal_rcc_ex.c **** 
 746              		.loc 1 402 15 is_stmt 0 view .LVU205
 747 0146 0021     		movs	r1, #0
 748 0148 04F10800 		add	r0, r4, #8
 749 014c FFF7FEFF 		bl	RCCEx_PLL2_Config
 750              	.LVL55:
 751 0150 0546     		mov	r5, r0
 752              	.LVL56:
 405:Drivers/STM32H7xx_HAL_Driver/Src/stm32h7xx_hal_rcc_ex.c **** 
 753              		.loc 1 405 9 is_stmt 1 view .LVU206
 754 0152 19E0     		b	.L68
 755              	.L58:
ARM GAS  C:\Users\jason\AppData\Local\Temp\ccSG31kR.s 			page 85


 234:Drivers/STM32H7xx_HAL_Driver/Src/stm32h7xx_hal_rcc_ex.c **** 
 756              		.loc 1 234 9 view .LVU207
 234:Drivers/STM32H7xx_HAL_Driver/Src/stm32h7xx_hal_rcc_ex.c **** 
 757              		.loc 1 234 15 is_stmt 0 view .LVU208
 758 0154 0021     		movs	r1, #0
 759 0156 04F12800 		add	r0, r4, #40
 760 015a FFF7FEFF 		bl	RCCEx_PLL3_Config
 761              	.LVL57:
 762 015e 0546     		mov	r5, r0
 763              	.LVL58:
 237:Drivers/STM32H7xx_HAL_Driver/Src/stm32h7xx_hal_rcc_ex.c **** 
 764              		.loc 1 237 9 is_stmt 1 view .LVU209
 765 0160 DBE7     		b	.L62
 766              	.L182:
 262:Drivers/STM32H7xx_HAL_Driver/Src/stm32h7xx_hal_rcc_ex.c ****     }
 767              		.loc 1 262 14 is_stmt 0 view .LVU210
 768 0162 2E46     		mov	r6, r5
 769              	.LVL59:
 262:Drivers/STM32H7xx_HAL_Driver/Src/stm32h7xx_hal_rcc_ex.c ****     }
 770              		.loc 1 262 14 view .LVU211
 771 0164 E1E7     		b	.L57
 772              	.LVL60:
 773              	.L224:
 391:Drivers/STM32H7xx_HAL_Driver/Src/stm32h7xx_hal_rcc_ex.c ****     {
 774              		.loc 1 391 5 view .LVU212
 775 0166 0126     		movs	r6, #1
 776              	.LVL61:
 391:Drivers/STM32H7xx_HAL_Driver/Src/stm32h7xx_hal_rcc_ex.c ****     {
 777              		.loc 1 391 5 view .LVU213
 778 0168 3546     		mov	r5, r6
 779              	.LVL62:
 391:Drivers/STM32H7xx_HAL_Driver/Src/stm32h7xx_hal_rcc_ex.c ****     {
 780              		.loc 1 391 5 view .LVU214
 781 016a 1FE0     		b	.L63
 782              	.LVL63:
 783              	.L65:
 391:Drivers/STM32H7xx_HAL_Driver/Src/stm32h7xx_hal_rcc_ex.c ****     {
 784              		.loc 1 391 5 view .LVU215
 785 016c B3F5C00F 		cmp	r3, #6291456
 786 0170 0AD0     		beq	.L68
 787 0172 B3F5000F 		cmp	r3, #8388608
 788 0176 07D0     		beq	.L68
 789 0178 0126     		movs	r6, #1
 790              	.LVL64:
 391:Drivers/STM32H7xx_HAL_Driver/Src/stm32h7xx_hal_rcc_ex.c ****     {
 791              		.loc 1 391 5 view .LVU216
 792 017a 3546     		mov	r5, r6
 793              	.LVL65:
 391:Drivers/STM32H7xx_HAL_Driver/Src/stm32h7xx_hal_rcc_ex.c ****     {
 794              		.loc 1 391 5 view .LVU217
 795 017c 16E0     		b	.L63
 796              	.LVL66:
 797              	.L66:
 395:Drivers/STM32H7xx_HAL_Driver/Src/stm32h7xx_hal_rcc_ex.c **** 
 798              		.loc 1 395 9 is_stmt 1 view .LVU218
 799 017e 4D4A     		ldr	r2, .L250
 800 0180 D36A     		ldr	r3, [r2, #44]
ARM GAS  C:\Users\jason\AppData\Local\Temp\ccSG31kR.s 			page 86


 801 0182 43F40033 		orr	r3, r3, #131072
 802 0186 D362     		str	r3, [r2, #44]
 398:Drivers/STM32H7xx_HAL_Driver/Src/stm32h7xx_hal_rcc_ex.c **** 
 803              		.loc 1 398 9 view .LVU219
 804              	.L68:
 435:Drivers/STM32H7xx_HAL_Driver/Src/stm32h7xx_hal_rcc_ex.c ****     {
 805              		.loc 1 435 5 view .LVU220
 435:Drivers/STM32H7xx_HAL_Driver/Src/stm32h7xx_hal_rcc_ex.c ****     {
 806              		.loc 1 435 8 is_stmt 0 view .LVU221
 807 0188 7DB9     		cbnz	r5, .L183
 438:Drivers/STM32H7xx_HAL_Driver/Src/stm32h7xx_hal_rcc_ex.c ****     }
 808              		.loc 1 438 7 is_stmt 1 view .LVU222
 809 018a 4A4A     		ldr	r2, .L250
 810 018c 936D     		ldr	r3, [r2, #88]
 811 018e 23F46003 		bic	r3, r3, #14680064
 812 0192 D4F8A810 		ldr	r1, [r4, #168]
 813 0196 0B43     		orrs	r3, r3, r1
 814 0198 9365     		str	r3, [r2, #88]
 815 019a 07E0     		b	.L63
 816              	.L64:
 408:Drivers/STM32H7xx_HAL_Driver/Src/stm32h7xx_hal_rcc_ex.c **** 
 817              		.loc 1 408 9 view .LVU223
 408:Drivers/STM32H7xx_HAL_Driver/Src/stm32h7xx_hal_rcc_ex.c **** 
 818              		.loc 1 408 15 is_stmt 0 view .LVU224
 819 019c 0021     		movs	r1, #0
 820 019e 04F12800 		add	r0, r4, #40
 821 01a2 FFF7FEFF 		bl	RCCEx_PLL3_Config
 822              	.LVL67:
 823 01a6 0546     		mov	r5, r0
 824              	.LVL68:
 411:Drivers/STM32H7xx_HAL_Driver/Src/stm32h7xx_hal_rcc_ex.c **** 
 825              		.loc 1 411 9 is_stmt 1 view .LVU225
 826 01a8 EEE7     		b	.L68
 827              	.L183:
 443:Drivers/STM32H7xx_HAL_Driver/Src/stm32h7xx_hal_rcc_ex.c ****     }
 828              		.loc 1 443 14 is_stmt 0 view .LVU226
 829 01aa 2E46     		mov	r6, r5
 830              	.LVL69:
 831              	.L63:
 447:Drivers/STM32H7xx_HAL_Driver/Src/stm32h7xx_hal_rcc_ex.c ****   {
 832              		.loc 1 447 3 is_stmt 1 view .LVU227
 447:Drivers/STM32H7xx_HAL_Driver/Src/stm32h7xx_hal_rcc_ex.c ****   {
 833              		.loc 1 447 22 is_stmt 0 view .LVU228
 834 01ac 2368     		ldr	r3, [r4]
 447:Drivers/STM32H7xx_HAL_Driver/Src/stm32h7xx_hal_rcc_ex.c ****   {
 835              		.loc 1 447 6 view .LVU229
 836 01ae 13F4006F 		tst	r3, #2048
 837 01b2 2BD0     		beq	.L69
 449:Drivers/STM32H7xx_HAL_Driver/Src/stm32h7xx_hal_rcc_ex.c ****     {
 838              		.loc 1 449 5 is_stmt 1 view .LVU230
 449:Drivers/STM32H7xx_HAL_Driver/Src/stm32h7xx_hal_rcc_ex.c ****     {
 839              		.loc 1 449 26 is_stmt 0 view .LVU231
 840 01b4 D4F8AC30 		ldr	r3, [r4, #172]
 449:Drivers/STM32H7xx_HAL_Driver/Src/stm32h7xx_hal_rcc_ex.c ****     {
 841              		.loc 1 449 5 view .LVU232
 842 01b8 B3F1007F 		cmp	r3, #33554432
 843 01bc 53D0     		beq	.L70
ARM GAS  C:\Users\jason\AppData\Local\Temp\ccSG31kR.s 			page 87


 844 01be 0DD8     		bhi	.L71
 845 01c0 ABB1     		cbz	r3, .L72
 846 01c2 B3F1807F 		cmp	r3, #16777216
 847 01c6 06D1     		bne	.L225
 460:Drivers/STM32H7xx_HAL_Driver/Src/stm32h7xx_hal_rcc_ex.c **** 
 848              		.loc 1 460 9 is_stmt 1 view .LVU233
 460:Drivers/STM32H7xx_HAL_Driver/Src/stm32h7xx_hal_rcc_ex.c **** 
 849              		.loc 1 460 15 is_stmt 0 view .LVU234
 850 01c8 0021     		movs	r1, #0
 851 01ca 04F10800 		add	r0, r4, #8
 852 01ce FFF7FEFF 		bl	RCCEx_PLL2_Config
 853              	.LVL70:
 854 01d2 0546     		mov	r5, r0
 855              	.LVL71:
 463:Drivers/STM32H7xx_HAL_Driver/Src/stm32h7xx_hal_rcc_ex.c **** 
 856              		.loc 1 463 9 is_stmt 1 view .LVU235
 857 01d4 10E0     		b	.L74
 858              	.L225:
 449:Drivers/STM32H7xx_HAL_Driver/Src/stm32h7xx_hal_rcc_ex.c ****     {
 859              		.loc 1 449 5 is_stmt 0 view .LVU236
 860 01d6 0126     		movs	r6, #1
 861              	.LVL72:
 449:Drivers/STM32H7xx_HAL_Driver/Src/stm32h7xx_hal_rcc_ex.c ****     {
 862              		.loc 1 449 5 view .LVU237
 863 01d8 3546     		mov	r5, r6
 864              	.LVL73:
 449:Drivers/STM32H7xx_HAL_Driver/Src/stm32h7xx_hal_rcc_ex.c ****     {
 865              		.loc 1 449 5 view .LVU238
 866 01da 17E0     		b	.L69
 867              	.LVL74:
 868              	.L71:
 449:Drivers/STM32H7xx_HAL_Driver/Src/stm32h7xx_hal_rcc_ex.c ****     {
 869              		.loc 1 449 5 view .LVU239
 870 01dc B3F1407F 		cmp	r3, #50331648
 871 01e0 0AD0     		beq	.L74
 872 01e2 B3F1806F 		cmp	r3, #67108864
 873 01e6 07D0     		beq	.L74
 874 01e8 0126     		movs	r6, #1
 875              	.LVL75:
 449:Drivers/STM32H7xx_HAL_Driver/Src/stm32h7xx_hal_rcc_ex.c ****     {
 876              		.loc 1 449 5 view .LVU240
 877 01ea 3546     		mov	r5, r6
 878              	.LVL76:
 449:Drivers/STM32H7xx_HAL_Driver/Src/stm32h7xx_hal_rcc_ex.c ****     {
 879              		.loc 1 449 5 view .LVU241
 880 01ec 0EE0     		b	.L69
 881              	.LVL77:
 882              	.L72:
 453:Drivers/STM32H7xx_HAL_Driver/Src/stm32h7xx_hal_rcc_ex.c **** 
 883              		.loc 1 453 9 is_stmt 1 view .LVU242
 884 01ee 314A     		ldr	r2, .L250
 885 01f0 D36A     		ldr	r3, [r2, #44]
 886 01f2 43F40033 		orr	r3, r3, #131072
 887 01f6 D362     		str	r3, [r2, #44]
 456:Drivers/STM32H7xx_HAL_Driver/Src/stm32h7xx_hal_rcc_ex.c **** 
 888              		.loc 1 456 9 view .LVU243
 889              	.L74:
ARM GAS  C:\Users\jason\AppData\Local\Temp\ccSG31kR.s 			page 88


 493:Drivers/STM32H7xx_HAL_Driver/Src/stm32h7xx_hal_rcc_ex.c ****     {
 890              		.loc 1 493 5 view .LVU244
 493:Drivers/STM32H7xx_HAL_Driver/Src/stm32h7xx_hal_rcc_ex.c ****     {
 891              		.loc 1 493 8 is_stmt 0 view .LVU245
 892 01f8 002D     		cmp	r5, #0
 893 01fa 3BD1     		bne	.L184
 496:Drivers/STM32H7xx_HAL_Driver/Src/stm32h7xx_hal_rcc_ex.c ****     }
 894              		.loc 1 496 7 is_stmt 1 view .LVU246
 895 01fc 2D4A     		ldr	r2, .L250
 896 01fe 936D     		ldr	r3, [r2, #88]
 897 0200 23F0E063 		bic	r3, r3, #117440512
 898 0204 D4F8AC10 		ldr	r1, [r4, #172]
 899 0208 0B43     		orrs	r3, r3, r1
 900 020a 9365     		str	r3, [r2, #88]
 901              	.LVL78:
 902              	.L69:
 508:Drivers/STM32H7xx_HAL_Driver/Src/stm32h7xx_hal_rcc_ex.c ****   {
 903              		.loc 1 508 3 view .LVU247
 508:Drivers/STM32H7xx_HAL_Driver/Src/stm32h7xx_hal_rcc_ex.c ****   {
 904              		.loc 1 508 22 is_stmt 0 view .LVU248
 905 020c 2368     		ldr	r3, [r4]
 508:Drivers/STM32H7xx_HAL_Driver/Src/stm32h7xx_hal_rcc_ex.c ****   {
 906              		.loc 1 508 6 view .LVU249
 907 020e 13F0007F 		tst	r3, #33554432
 908 0212 13D0     		beq	.L75
 510:Drivers/STM32H7xx_HAL_Driver/Src/stm32h7xx_hal_rcc_ex.c ****     {
 909              		.loc 1 510 5 is_stmt 1 view .LVU250
 510:Drivers/STM32H7xx_HAL_Driver/Src/stm32h7xx_hal_rcc_ex.c ****     {
 910              		.loc 1 510 26 is_stmt 0 view .LVU251
 911 0214 E36C     		ldr	r3, [r4, #76]
 510:Drivers/STM32H7xx_HAL_Driver/Src/stm32h7xx_hal_rcc_ex.c ****     {
 912              		.loc 1 510 5 view .LVU252
 913 0216 202B     		cmp	r3, #32
 914 0218 36D0     		beq	.L76
 915 021a 30D8     		bhi	.L77
 916 021c 33B1     		cbz	r3, .L78
 917 021e 102B     		cmp	r3, #16
 918 0220 2AD1     		bne	.L226
 514:Drivers/STM32H7xx_HAL_Driver/Src/stm32h7xx_hal_rcc_ex.c **** 
 919              		.loc 1 514 9 is_stmt 1 view .LVU253
 920 0222 244A     		ldr	r2, .L250
 921 0224 D36A     		ldr	r3, [r2, #44]
 922 0226 43F40033 		orr	r3, r3, #131072
 923 022a D362     		str	r3, [r2, #44]
 517:Drivers/STM32H7xx_HAL_Driver/Src/stm32h7xx_hal_rcc_ex.c **** 
 924              		.loc 1 517 9 view .LVU254
 925              	.L78:
 541:Drivers/STM32H7xx_HAL_Driver/Src/stm32h7xx_hal_rcc_ex.c ****     {
 926              		.loc 1 541 5 view .LVU255
 541:Drivers/STM32H7xx_HAL_Driver/Src/stm32h7xx_hal_rcc_ex.c ****     {
 927              		.loc 1 541 8 is_stmt 0 view .LVU256
 928 022c 9DBB     		cbnz	r5, .L185
 544:Drivers/STM32H7xx_HAL_Driver/Src/stm32h7xx_hal_rcc_ex.c ****     }
 929              		.loc 1 544 7 is_stmt 1 view .LVU257
 930 022e 214A     		ldr	r2, .L250
 931 0230 D36C     		ldr	r3, [r2, #76]
 932 0232 23F03003 		bic	r3, r3, #48
ARM GAS  C:\Users\jason\AppData\Local\Temp\ccSG31kR.s 			page 89


 933 0236 E16C     		ldr	r1, [r4, #76]
 934 0238 0B43     		orrs	r3, r3, r1
 935 023a D364     		str	r3, [r2, #76]
 936              	.LVL79:
 937              	.L75:
 603:Drivers/STM32H7xx_HAL_Driver/Src/stm32h7xx_hal_rcc_ex.c ****   {
 938              		.loc 1 603 3 view .LVU258
 603:Drivers/STM32H7xx_HAL_Driver/Src/stm32h7xx_hal_rcc_ex.c ****   {
 939              		.loc 1 603 22 is_stmt 0 view .LVU259
 940 023c 2368     		ldr	r3, [r4]
 603:Drivers/STM32H7xx_HAL_Driver/Src/stm32h7xx_hal_rcc_ex.c ****   {
 941              		.loc 1 603 6 view .LVU260
 942 023e 13F4805F 		tst	r3, #4096
 943 0242 47D0     		beq	.L80
 605:Drivers/STM32H7xx_HAL_Driver/Src/stm32h7xx_hal_rcc_ex.c ****     {
 944              		.loc 1 605 5 is_stmt 1 view .LVU261
 605:Drivers/STM32H7xx_HAL_Driver/Src/stm32h7xx_hal_rcc_ex.c ****     {
 945              		.loc 1 605 26 is_stmt 0 view .LVU262
 946 0244 236E     		ldr	r3, [r4, #96]
 605:Drivers/STM32H7xx_HAL_Driver/Src/stm32h7xx_hal_rcc_ex.c ****     {
 947              		.loc 1 605 5 view .LVU263
 948 0246 B3F5005F 		cmp	r3, #8192
 949 024a 00F08E80 		beq	.L81
 950 024e 27D8     		bhi	.L82
 951 0250 93B3     		cbz	r3, .L83
 952 0252 B3F5805F 		cmp	r3, #4096
 953 0256 20D1     		bne	.L227
 615:Drivers/STM32H7xx_HAL_Driver/Src/stm32h7xx_hal_rcc_ex.c **** 
 954              		.loc 1 615 9 is_stmt 1 view .LVU264
 615:Drivers/STM32H7xx_HAL_Driver/Src/stm32h7xx_hal_rcc_ex.c **** 
 955              		.loc 1 615 15 is_stmt 0 view .LVU265
 956 0258 0021     		movs	r1, #0
 957 025a 04F10800 		add	r0, r4, #8
 958 025e FFF7FEFF 		bl	RCCEx_PLL2_Config
 959              	.LVL80:
 960 0262 0546     		mov	r5, r0
 961              	.LVL81:
 618:Drivers/STM32H7xx_HAL_Driver/Src/stm32h7xx_hal_rcc_ex.c **** 
 962              		.loc 1 618 9 is_stmt 1 view .LVU266
 963 0264 2DE0     		b	.L85
 964              	.L70:
 466:Drivers/STM32H7xx_HAL_Driver/Src/stm32h7xx_hal_rcc_ex.c **** 
 965              		.loc 1 466 9 view .LVU267
 466:Drivers/STM32H7xx_HAL_Driver/Src/stm32h7xx_hal_rcc_ex.c **** 
 966              		.loc 1 466 15 is_stmt 0 view .LVU268
 967 0266 0021     		movs	r1, #0
 968 0268 04F12800 		add	r0, r4, #40
 969 026c FFF7FEFF 		bl	RCCEx_PLL3_Config
 970              	.LVL82:
 971 0270 0546     		mov	r5, r0
 972              	.LVL83:
 469:Drivers/STM32H7xx_HAL_Driver/Src/stm32h7xx_hal_rcc_ex.c **** 
 973              		.loc 1 469 9 is_stmt 1 view .LVU269
 974 0272 C1E7     		b	.L74
 975              	.L184:
 501:Drivers/STM32H7xx_HAL_Driver/Src/stm32h7xx_hal_rcc_ex.c ****     }
 976              		.loc 1 501 14 is_stmt 0 view .LVU270
ARM GAS  C:\Users\jason\AppData\Local\Temp\ccSG31kR.s 			page 90


 977 0274 2E46     		mov	r6, r5
 978              	.LVL84:
 501:Drivers/STM32H7xx_HAL_Driver/Src/stm32h7xx_hal_rcc_ex.c ****     }
 979              		.loc 1 501 14 view .LVU271
 980 0276 C9E7     		b	.L69
 981              	.LVL85:
 982              	.L226:
 510:Drivers/STM32H7xx_HAL_Driver/Src/stm32h7xx_hal_rcc_ex.c ****     {
 983              		.loc 1 510 5 view .LVU272
 984 0278 0126     		movs	r6, #1
 985              	.LVL86:
 510:Drivers/STM32H7xx_HAL_Driver/Src/stm32h7xx_hal_rcc_ex.c ****     {
 986              		.loc 1 510 5 view .LVU273
 987 027a 3546     		mov	r5, r6
 988              	.LVL87:
 510:Drivers/STM32H7xx_HAL_Driver/Src/stm32h7xx_hal_rcc_ex.c ****     {
 989              		.loc 1 510 5 view .LVU274
 990 027c DEE7     		b	.L75
 991              	.LVL88:
 992              	.L77:
 510:Drivers/STM32H7xx_HAL_Driver/Src/stm32h7xx_hal_rcc_ex.c ****     {
 993              		.loc 1 510 5 view .LVU275
 994 027e 302B     		cmp	r3, #48
 995 0280 D4D0     		beq	.L78
 996 0282 0126     		movs	r6, #1
 997              	.LVL89:
 510:Drivers/STM32H7xx_HAL_Driver/Src/stm32h7xx_hal_rcc_ex.c ****     {
 998              		.loc 1 510 5 view .LVU276
 999 0284 3546     		mov	r5, r6
 1000              	.LVL90:
 510:Drivers/STM32H7xx_HAL_Driver/Src/stm32h7xx_hal_rcc_ex.c ****     {
 1001              		.loc 1 510 5 view .LVU277
 1002 0286 D9E7     		b	.L75
 1003              	.LVL91:
 1004              	.L76:
 521:Drivers/STM32H7xx_HAL_Driver/Src/stm32h7xx_hal_rcc_ex.c **** 
 1005              		.loc 1 521 9 is_stmt 1 view .LVU278
 521:Drivers/STM32H7xx_HAL_Driver/Src/stm32h7xx_hal_rcc_ex.c **** 
 1006              		.loc 1 521 15 is_stmt 0 view .LVU279
 1007 0288 0221     		movs	r1, #2
 1008 028a 04F10800 		add	r0, r4, #8
 1009 028e FFF7FEFF 		bl	RCCEx_PLL2_Config
 1010              	.LVL92:
 1011 0292 0546     		mov	r5, r0
 1012              	.LVL93:
 524:Drivers/STM32H7xx_HAL_Driver/Src/stm32h7xx_hal_rcc_ex.c **** 
 1013              		.loc 1 524 9 is_stmt 1 view .LVU280
 1014 0294 CAE7     		b	.L78
 1015              	.L185:
 549:Drivers/STM32H7xx_HAL_Driver/Src/stm32h7xx_hal_rcc_ex.c ****     }
 1016              		.loc 1 549 14 is_stmt 0 view .LVU281
 1017 0296 2E46     		mov	r6, r5
 1018              	.LVL94:
 549:Drivers/STM32H7xx_HAL_Driver/Src/stm32h7xx_hal_rcc_ex.c ****     }
 1019              		.loc 1 549 14 view .LVU282
 1020 0298 D0E7     		b	.L75
 1021              	.LVL95:
ARM GAS  C:\Users\jason\AppData\Local\Temp\ccSG31kR.s 			page 91


 1022              	.L227:
 605:Drivers/STM32H7xx_HAL_Driver/Src/stm32h7xx_hal_rcc_ex.c ****     {
 1023              		.loc 1 605 5 view .LVU283
 1024 029a 0126     		movs	r6, #1
 1025              	.LVL96:
 605:Drivers/STM32H7xx_HAL_Driver/Src/stm32h7xx_hal_rcc_ex.c ****     {
 1026              		.loc 1 605 5 view .LVU284
 1027 029c 3546     		mov	r5, r6
 1028              	.LVL97:
 605:Drivers/STM32H7xx_HAL_Driver/Src/stm32h7xx_hal_rcc_ex.c ****     {
 1029              		.loc 1 605 5 view .LVU285
 1030 029e 19E0     		b	.L80
 1031              	.LVL98:
 1032              	.L82:
 605:Drivers/STM32H7xx_HAL_Driver/Src/stm32h7xx_hal_rcc_ex.c ****     {
 1033              		.loc 1 605 5 view .LVU286
 1034 02a0 B3F5405F 		cmp	r3, #12288
 1035 02a4 0DD0     		beq	.L85
 1036 02a6 B3F5804F 		cmp	r3, #16384
 1037 02aa 0AD0     		beq	.L85
 1038 02ac 0126     		movs	r6, #1
 1039              	.LVL99:
 605:Drivers/STM32H7xx_HAL_Driver/Src/stm32h7xx_hal_rcc_ex.c ****     {
 1040              		.loc 1 605 5 view .LVU287
 1041 02ae 3546     		mov	r5, r6
 1042              	.LVL100:
 605:Drivers/STM32H7xx_HAL_Driver/Src/stm32h7xx_hal_rcc_ex.c ****     {
 1043              		.loc 1 605 5 view .LVU288
 1044 02b0 10E0     		b	.L80
 1045              	.L251:
 1046 02b2 00BF     		.align	2
 1047              	.L250:
 1048 02b4 00440258 		.word	1476543488
 1049              	.LVL101:
 1050              	.L83:
 609:Drivers/STM32H7xx_HAL_Driver/Src/stm32h7xx_hal_rcc_ex.c **** 
 1051              		.loc 1 609 9 is_stmt 1 view .LVU289
 1052 02b8 484A     		ldr	r2, .L252
 1053 02ba D36A     		ldr	r3, [r2, #44]
 1054 02bc 43F40033 		orr	r3, r3, #131072
 1055 02c0 D362     		str	r3, [r2, #44]
 612:Drivers/STM32H7xx_HAL_Driver/Src/stm32h7xx_hal_rcc_ex.c **** 
 1056              		.loc 1 612 9 view .LVU290
 1057              	.L85:
 641:Drivers/STM32H7xx_HAL_Driver/Src/stm32h7xx_hal_rcc_ex.c ****     {
 1058              		.loc 1 641 5 view .LVU291
 641:Drivers/STM32H7xx_HAL_Driver/Src/stm32h7xx_hal_rcc_ex.c ****     {
 1059              		.loc 1 641 8 is_stmt 0 view .LVU292
 1060 02c2 002D     		cmp	r5, #0
 1061 02c4 58D1     		bne	.L186
 644:Drivers/STM32H7xx_HAL_Driver/Src/stm32h7xx_hal_rcc_ex.c ****     }
 1062              		.loc 1 644 7 is_stmt 1 view .LVU293
 1063 02c6 454A     		ldr	r2, .L252
 1064 02c8 136D     		ldr	r3, [r2, #80]
 1065 02ca 23F4E043 		bic	r3, r3, #28672
 1066 02ce 216E     		ldr	r1, [r4, #96]
 1067 02d0 0B43     		orrs	r3, r3, r1
ARM GAS  C:\Users\jason\AppData\Local\Temp\ccSG31kR.s 			page 92


 1068 02d2 1365     		str	r3, [r2, #80]
 1069              	.LVL102:
 1070              	.L80:
 654:Drivers/STM32H7xx_HAL_Driver/Src/stm32h7xx_hal_rcc_ex.c ****   {
 1071              		.loc 1 654 3 view .LVU294
 654:Drivers/STM32H7xx_HAL_Driver/Src/stm32h7xx_hal_rcc_ex.c ****   {
 1072              		.loc 1 654 22 is_stmt 0 view .LVU295
 1073 02d4 2368     		ldr	r3, [r4]
 654:Drivers/STM32H7xx_HAL_Driver/Src/stm32h7xx_hal_rcc_ex.c ****   {
 1074              		.loc 1 654 6 view .LVU296
 1075 02d6 13F4005F 		tst	r3, #8192
 1076 02da 17D0     		beq	.L86
 656:Drivers/STM32H7xx_HAL_Driver/Src/stm32h7xx_hal_rcc_ex.c ****     {
 1077              		.loc 1 656 5 is_stmt 1 view .LVU297
 656:Drivers/STM32H7xx_HAL_Driver/Src/stm32h7xx_hal_rcc_ex.c ****     {
 1078              		.loc 1 656 26 is_stmt 0 view .LVU298
 1079 02dc 636E     		ldr	r3, [r4, #100]
 656:Drivers/STM32H7xx_HAL_Driver/Src/stm32h7xx_hal_rcc_ex.c ****     {
 1080              		.loc 1 656 5 view .LVU299
 1081 02de B3F5003F 		cmp	r3, #131072
 1082 02e2 5AD0     		beq	.L87
 1083 02e4 4DD8     		bhi	.L88
 1084 02e6 43B1     		cbz	r3, .L89
 1085 02e8 B3F5803F 		cmp	r3, #65536
 1086 02ec 46D1     		bne	.L228
 664:Drivers/STM32H7xx_HAL_Driver/Src/stm32h7xx_hal_rcc_ex.c **** 
 1087              		.loc 1 664 9 is_stmt 1 view .LVU300
 664:Drivers/STM32H7xx_HAL_Driver/Src/stm32h7xx_hal_rcc_ex.c **** 
 1088              		.loc 1 664 15 is_stmt 0 view .LVU301
 1089 02ee 0121     		movs	r1, #1
 1090 02f0 04F10800 		add	r0, r4, #8
 1091 02f4 FFF7FEFF 		bl	RCCEx_PLL2_Config
 1092              	.LVL103:
 1093 02f8 0546     		mov	r5, r0
 1094              	.LVL104:
 667:Drivers/STM32H7xx_HAL_Driver/Src/stm32h7xx_hal_rcc_ex.c ****       case RCC_SPI45CLKSOURCE_PLL3:  /* PLL3 is used as clock source for SPI4/5 */
 1095              		.loc 1 667 9 is_stmt 1 view .LVU302
 1096              	.L89:
 693:Drivers/STM32H7xx_HAL_Driver/Src/stm32h7xx_hal_rcc_ex.c ****     {
 1097              		.loc 1 693 5 view .LVU303
 693:Drivers/STM32H7xx_HAL_Driver/Src/stm32h7xx_hal_rcc_ex.c ****     {
 1098              		.loc 1 693 8 is_stmt 0 view .LVU304
 1099 02fa 002D     		cmp	r5, #0
 1100 02fc 54D1     		bne	.L187
 696:Drivers/STM32H7xx_HAL_Driver/Src/stm32h7xx_hal_rcc_ex.c ****     }
 1101              		.loc 1 696 7 is_stmt 1 view .LVU305
 1102 02fe 374A     		ldr	r2, .L252
 1103 0300 136D     		ldr	r3, [r2, #80]
 1104 0302 23F4E023 		bic	r3, r3, #458752
 1105 0306 616E     		ldr	r1, [r4, #100]
 1106 0308 0B43     		orrs	r3, r3, r1
 1107 030a 1365     		str	r3, [r2, #80]
 1108              	.LVL105:
 1109              	.L86:
 706:Drivers/STM32H7xx_HAL_Driver/Src/stm32h7xx_hal_rcc_ex.c ****   {
 1110              		.loc 1 706 3 view .LVU306
 706:Drivers/STM32H7xx_HAL_Driver/Src/stm32h7xx_hal_rcc_ex.c ****   {
ARM GAS  C:\Users\jason\AppData\Local\Temp\ccSG31kR.s 			page 93


 1111              		.loc 1 706 22 is_stmt 0 view .LVU307
 1112 030c 2368     		ldr	r3, [r4]
 706:Drivers/STM32H7xx_HAL_Driver/Src/stm32h7xx_hal_rcc_ex.c ****   {
 1113              		.loc 1 706 6 view .LVU308
 1114 030e 13F4804F 		tst	r3, #16384
 1115 0312 19D0     		beq	.L91
 708:Drivers/STM32H7xx_HAL_Driver/Src/stm32h7xx_hal_rcc_ex.c ****     {
 1116              		.loc 1 708 5 is_stmt 1 view .LVU309
 708:Drivers/STM32H7xx_HAL_Driver/Src/stm32h7xx_hal_rcc_ex.c ****     {
 1117              		.loc 1 708 26 is_stmt 0 view .LVU310
 1118 0314 D4F8B030 		ldr	r3, [r4, #176]
 708:Drivers/STM32H7xx_HAL_Driver/Src/stm32h7xx_hal_rcc_ex.c ****     {
 1119              		.loc 1 708 5 view .LVU311
 1120 0318 B3F1005F 		cmp	r3, #536870912
 1121 031c 55D0     		beq	.L92
 1122 031e 48D8     		bhi	.L93
 1123 0320 43B1     		cbz	r3, .L94
 1124 0322 B3F1805F 		cmp	r3, #268435456
 1125 0326 41D1     		bne	.L229
 716:Drivers/STM32H7xx_HAL_Driver/Src/stm32h7xx_hal_rcc_ex.c **** 
 1126              		.loc 1 716 9 is_stmt 1 view .LVU312
 716:Drivers/STM32H7xx_HAL_Driver/Src/stm32h7xx_hal_rcc_ex.c **** 
 1127              		.loc 1 716 15 is_stmt 0 view .LVU313
 1128 0328 0121     		movs	r1, #1
 1129 032a 04F10800 		add	r0, r4, #8
 1130 032e FFF7FEFF 		bl	RCCEx_PLL2_Config
 1131              	.LVL106:
 1132 0332 0546     		mov	r5, r0
 1133              	.LVL107:
 719:Drivers/STM32H7xx_HAL_Driver/Src/stm32h7xx_hal_rcc_ex.c ****       case RCC_SPI6CLKSOURCE_PLL3:  /* PLL3 is used as clock source for SPI6*/
 1134              		.loc 1 719 9 is_stmt 1 view .LVU314
 1135              	.L94:
 751:Drivers/STM32H7xx_HAL_Driver/Src/stm32h7xx_hal_rcc_ex.c ****     {
 1136              		.loc 1 751 5 view .LVU315
 751:Drivers/STM32H7xx_HAL_Driver/Src/stm32h7xx_hal_rcc_ex.c ****     {
 1137              		.loc 1 751 8 is_stmt 0 view .LVU316
 1138 0334 002D     		cmp	r5, #0
 1139 0336 4FD1     		bne	.L188
 754:Drivers/STM32H7xx_HAL_Driver/Src/stm32h7xx_hal_rcc_ex.c ****     }
 1140              		.loc 1 754 7 is_stmt 1 view .LVU317
 1141 0338 284A     		ldr	r2, .L252
 1142 033a 936D     		ldr	r3, [r2, #88]
 1143 033c 23F0E043 		bic	r3, r3, #1879048192
 1144 0340 D4F8B010 		ldr	r1, [r4, #176]
 1145 0344 0B43     		orrs	r3, r3, r1
 1146 0346 9365     		str	r3, [r2, #88]
 1147              	.LVL108:
 1148              	.L91:
 802:Drivers/STM32H7xx_HAL_Driver/Src/stm32h7xx_hal_rcc_ex.c ****   {
 1149              		.loc 1 802 3 view .LVU318
 802:Drivers/STM32H7xx_HAL_Driver/Src/stm32h7xx_hal_rcc_ex.c ****   {
 1150              		.loc 1 802 22 is_stmt 0 view .LVU319
 1151 0348 2368     		ldr	r3, [r4]
 802:Drivers/STM32H7xx_HAL_Driver/Src/stm32h7xx_hal_rcc_ex.c ****   {
 1152              		.loc 1 802 6 view .LVU320
 1153 034a 13F4004F 		tst	r3, #32768
 1154 034e 56D0     		beq	.L96
ARM GAS  C:\Users\jason\AppData\Local\Temp\ccSG31kR.s 			page 94


 804:Drivers/STM32H7xx_HAL_Driver/Src/stm32h7xx_hal_rcc_ex.c ****     {
 1155              		.loc 1 804 5 is_stmt 1 view .LVU321
 804:Drivers/STM32H7xx_HAL_Driver/Src/stm32h7xx_hal_rcc_ex.c ****     {
 1156              		.loc 1 804 26 is_stmt 0 view .LVU322
 1157 0350 236F     		ldr	r3, [r4, #112]
 804:Drivers/STM32H7xx_HAL_Driver/Src/stm32h7xx_hal_rcc_ex.c ****     {
 1158              		.loc 1 804 5 view .LVU323
 1159 0352 B3F1805F 		cmp	r3, #268435456
 1160 0356 43D0     		beq	.L97
 1161 0358 B3F1005F 		cmp	r3, #536870912
 1162 035c 00F07A81 		beq	.L98
 1163 0360 002B     		cmp	r3, #0
 1164 0362 42D0     		beq	.L99
 1165 0364 0126     		movs	r6, #1
 1166              	.LVL109:
 804:Drivers/STM32H7xx_HAL_Driver/Src/stm32h7xx_hal_rcc_ex.c ****     {
 1167              		.loc 1 804 5 view .LVU324
 1168 0366 3546     		mov	r5, r6
 1169              	.LVL110:
 804:Drivers/STM32H7xx_HAL_Driver/Src/stm32h7xx_hal_rcc_ex.c ****     {
 1170              		.loc 1 804 5 view .LVU325
 1171 0368 49E0     		b	.L96
 1172              	.LVL111:
 1173              	.L81:
 621:Drivers/STM32H7xx_HAL_Driver/Src/stm32h7xx_hal_rcc_ex.c **** 
 1174              		.loc 1 621 9 is_stmt 1 view .LVU326
 621:Drivers/STM32H7xx_HAL_Driver/Src/stm32h7xx_hal_rcc_ex.c **** 
 1175              		.loc 1 621 15 is_stmt 0 view .LVU327
 1176 036a 0021     		movs	r1, #0
 1177 036c 04F12800 		add	r0, r4, #40
 1178 0370 FFF7FEFF 		bl	RCCEx_PLL3_Config
 1179              	.LVL112:
 1180 0374 0546     		mov	r5, r0
 1181              	.LVL113:
 624:Drivers/STM32H7xx_HAL_Driver/Src/stm32h7xx_hal_rcc_ex.c **** 
 1182              		.loc 1 624 9 is_stmt 1 view .LVU328
 1183 0376 A4E7     		b	.L85
 1184              	.L186:
 649:Drivers/STM32H7xx_HAL_Driver/Src/stm32h7xx_hal_rcc_ex.c ****     }
 1185              		.loc 1 649 14 is_stmt 0 view .LVU329
 1186 0378 2E46     		mov	r6, r5
 1187              	.LVL114:
 649:Drivers/STM32H7xx_HAL_Driver/Src/stm32h7xx_hal_rcc_ex.c ****     }
 1188              		.loc 1 649 14 view .LVU330
 1189 037a ABE7     		b	.L80
 1190              	.LVL115:
 1191              	.L228:
 656:Drivers/STM32H7xx_HAL_Driver/Src/stm32h7xx_hal_rcc_ex.c ****     {
 1192              		.loc 1 656 5 view .LVU331
 1193 037c 0126     		movs	r6, #1
 1194              	.LVL116:
 656:Drivers/STM32H7xx_HAL_Driver/Src/stm32h7xx_hal_rcc_ex.c ****     {
 1195              		.loc 1 656 5 view .LVU332
 1196 037e 3546     		mov	r5, r6
 1197              	.LVL117:
 656:Drivers/STM32H7xx_HAL_Driver/Src/stm32h7xx_hal_rcc_ex.c ****     {
 1198              		.loc 1 656 5 view .LVU333
ARM GAS  C:\Users\jason\AppData\Local\Temp\ccSG31kR.s 			page 95


 1199 0380 C4E7     		b	.L86
 1200              	.LVL118:
 1201              	.L88:
 656:Drivers/STM32H7xx_HAL_Driver/Src/stm32h7xx_hal_rcc_ex.c ****     {
 1202              		.loc 1 656 5 view .LVU334
 1203 0382 B3F5802F 		cmp	r3, #262144
 1204 0386 B8D0     		beq	.L89
 1205 0388 B3F5A02F 		cmp	r3, #327680
 1206 038c B5D0     		beq	.L89
 1207 038e B3F5403F 		cmp	r3, #196608
 1208 0392 B2D0     		beq	.L89
 1209 0394 0126     		movs	r6, #1
 1210              	.LVL119:
 656:Drivers/STM32H7xx_HAL_Driver/Src/stm32h7xx_hal_rcc_ex.c ****     {
 1211              		.loc 1 656 5 view .LVU335
 1212 0396 3546     		mov	r5, r6
 1213              	.LVL120:
 656:Drivers/STM32H7xx_HAL_Driver/Src/stm32h7xx_hal_rcc_ex.c ****     {
 1214              		.loc 1 656 5 view .LVU336
 1215 0398 B8E7     		b	.L86
 1216              	.LVL121:
 1217              	.L87:
 669:Drivers/STM32H7xx_HAL_Driver/Src/stm32h7xx_hal_rcc_ex.c ****         /* SPI4/5 clock source configuration done later after clock selection check */
 1218              		.loc 1 669 9 is_stmt 1 view .LVU337
 669:Drivers/STM32H7xx_HAL_Driver/Src/stm32h7xx_hal_rcc_ex.c ****         /* SPI4/5 clock source configuration done later after clock selection check */
 1219              		.loc 1 669 15 is_stmt 0 view .LVU338
 1220 039a 0121     		movs	r1, #1
 1221 039c 04F12800 		add	r0, r4, #40
 1222 03a0 FFF7FEFF 		bl	RCCEx_PLL3_Config
 1223              	.LVL122:
 1224 03a4 0546     		mov	r5, r0
 1225              	.LVL123:
 671:Drivers/STM32H7xx_HAL_Driver/Src/stm32h7xx_hal_rcc_ex.c **** 
 1226              		.loc 1 671 9 is_stmt 1 view .LVU339
 1227 03a6 A8E7     		b	.L89
 1228              	.L187:
 701:Drivers/STM32H7xx_HAL_Driver/Src/stm32h7xx_hal_rcc_ex.c ****     }
 1229              		.loc 1 701 14 is_stmt 0 view .LVU340
 1230 03a8 2E46     		mov	r6, r5
 1231              	.LVL124:
 701:Drivers/STM32H7xx_HAL_Driver/Src/stm32h7xx_hal_rcc_ex.c ****     }
 1232              		.loc 1 701 14 view .LVU341
 1233 03aa AFE7     		b	.L86
 1234              	.LVL125:
 1235              	.L229:
 708:Drivers/STM32H7xx_HAL_Driver/Src/stm32h7xx_hal_rcc_ex.c ****     {
 1236              		.loc 1 708 5 view .LVU342
 1237 03ac 0126     		movs	r6, #1
 1238              	.LVL126:
 708:Drivers/STM32H7xx_HAL_Driver/Src/stm32h7xx_hal_rcc_ex.c ****     {
 1239              		.loc 1 708 5 view .LVU343
 1240 03ae 3546     		mov	r5, r6
 1241              	.LVL127:
 708:Drivers/STM32H7xx_HAL_Driver/Src/stm32h7xx_hal_rcc_ex.c ****     {
 1242              		.loc 1 708 5 view .LVU344
 1243 03b0 CAE7     		b	.L91
 1244              	.LVL128:
ARM GAS  C:\Users\jason\AppData\Local\Temp\ccSG31kR.s 			page 96


 1245              	.L93:
 708:Drivers/STM32H7xx_HAL_Driver/Src/stm32h7xx_hal_rcc_ex.c ****     {
 1246              		.loc 1 708 5 view .LVU345
 1247 03b2 B3F1804F 		cmp	r3, #1073741824
 1248 03b6 BDD0     		beq	.L94
 1249 03b8 B3F1A04F 		cmp	r3, #1342177280
 1250 03bc BAD0     		beq	.L94
 1251 03be B3F1405F 		cmp	r3, #805306368
 1252 03c2 B7D0     		beq	.L94
 1253 03c4 0126     		movs	r6, #1
 1254              	.LVL129:
 708:Drivers/STM32H7xx_HAL_Driver/Src/stm32h7xx_hal_rcc_ex.c ****     {
 1255              		.loc 1 708 5 view .LVU346
 1256 03c6 3546     		mov	r5, r6
 1257              	.LVL130:
 708:Drivers/STM32H7xx_HAL_Driver/Src/stm32h7xx_hal_rcc_ex.c ****     {
 1258              		.loc 1 708 5 view .LVU347
 1259 03c8 BEE7     		b	.L91
 1260              	.LVL131:
 1261              	.L92:
 721:Drivers/STM32H7xx_HAL_Driver/Src/stm32h7xx_hal_rcc_ex.c ****         /* SPI6 clock source configuration done later after clock selection check */
 1262              		.loc 1 721 9 is_stmt 1 view .LVU348
 721:Drivers/STM32H7xx_HAL_Driver/Src/stm32h7xx_hal_rcc_ex.c ****         /* SPI6 clock source configuration done later after clock selection check */
 1263              		.loc 1 721 15 is_stmt 0 view .LVU349
 1264 03ca 0121     		movs	r1, #1
 1265 03cc 04F12800 		add	r0, r4, #40
 1266 03d0 FFF7FEFF 		bl	RCCEx_PLL3_Config
 1267              	.LVL132:
 1268 03d4 0546     		mov	r5, r0
 1269              	.LVL133:
 723:Drivers/STM32H7xx_HAL_Driver/Src/stm32h7xx_hal_rcc_ex.c **** 
 1270              		.loc 1 723 9 is_stmt 1 view .LVU350
 1271 03d6 ADE7     		b	.L94
 1272              	.L188:
 759:Drivers/STM32H7xx_HAL_Driver/Src/stm32h7xx_hal_rcc_ex.c ****     }
 1273              		.loc 1 759 14 is_stmt 0 view .LVU351
 1274 03d8 2E46     		mov	r6, r5
 1275              	.LVL134:
 759:Drivers/STM32H7xx_HAL_Driver/Src/stm32h7xx_hal_rcc_ex.c ****     }
 1276              		.loc 1 759 14 view .LVU352
 1277 03da B5E7     		b	.L91
 1278              	.L253:
 1279              		.align	2
 1280              	.L252:
 1281 03dc 00440258 		.word	1476543488
 1282              	.LVL135:
 1283              	.L97:
 808:Drivers/STM32H7xx_HAL_Driver/Src/stm32h7xx_hal_rcc_ex.c **** 
 1284              		.loc 1 808 9 is_stmt 1 view .LVU353
 1285 03e0 AA4A     		ldr	r2, .L254
 1286 03e2 D36A     		ldr	r3, [r2, #44]
 1287 03e4 43F40033 		orr	r3, r3, #131072
 1288 03e8 D362     		str	r3, [r2, #44]
 811:Drivers/STM32H7xx_HAL_Driver/Src/stm32h7xx_hal_rcc_ex.c **** 
 1289              		.loc 1 811 9 view .LVU354
 1290              	.L99:
 830:Drivers/STM32H7xx_HAL_Driver/Src/stm32h7xx_hal_rcc_ex.c ****     {
ARM GAS  C:\Users\jason\AppData\Local\Temp\ccSG31kR.s 			page 97


 1291              		.loc 1 830 5 view .LVU355
 830:Drivers/STM32H7xx_HAL_Driver/Src/stm32h7xx_hal_rcc_ex.c ****     {
 1292              		.loc 1 830 8 is_stmt 0 view .LVU356
 1293 03ea 002D     		cmp	r5, #0
 1294 03ec 40F03981 		bne	.L189
 833:Drivers/STM32H7xx_HAL_Driver/Src/stm32h7xx_hal_rcc_ex.c ****     }
 1295              		.loc 1 833 7 is_stmt 1 view .LVU357
 1296 03f0 A64A     		ldr	r2, .L254
 1297 03f2 136D     		ldr	r3, [r2, #80]
 1298 03f4 23F04053 		bic	r3, r3, #805306368
 1299 03f8 216F     		ldr	r1, [r4, #112]
 1300 03fa 0B43     		orrs	r3, r3, r1
 1301 03fc 1365     		str	r3, [r2, #80]
 1302              	.LVL136:
 1303              	.L96:
 844:Drivers/STM32H7xx_HAL_Driver/Src/stm32h7xx_hal_rcc_ex.c ****   {
 1304              		.loc 1 844 3 view .LVU358
 844:Drivers/STM32H7xx_HAL_Driver/Src/stm32h7xx_hal_rcc_ex.c ****   {
 1305              		.loc 1 844 22 is_stmt 0 view .LVU359
 1306 03fe 2368     		ldr	r3, [r4]
 844:Drivers/STM32H7xx_HAL_Driver/Src/stm32h7xx_hal_rcc_ex.c ****   {
 1307              		.loc 1 844 6 view .LVU360
 1308 0400 13F0807F 		tst	r3, #16777216
 1309 0404 18D0     		beq	.L100
 846:Drivers/STM32H7xx_HAL_Driver/Src/stm32h7xx_hal_rcc_ex.c ****     {
 1310              		.loc 1 846 5 is_stmt 1 view .LVU361
 846:Drivers/STM32H7xx_HAL_Driver/Src/stm32h7xx_hal_rcc_ex.c ****     {
 1311              		.loc 1 846 26 is_stmt 0 view .LVU362
 1312 0406 A36C     		ldr	r3, [r4, #72]
 846:Drivers/STM32H7xx_HAL_Driver/Src/stm32h7xx_hal_rcc_ex.c ****     {
 1313              		.loc 1 846 5 view .LVU363
 1314 0408 022B     		cmp	r3, #2
 1315 040a 00F03581 		beq	.L101
 1316 040e 00F22D81 		bhi	.L102
 1317 0412 3BB1     		cbz	r3, .L103
 1318 0414 012B     		cmp	r3, #1
 1319 0416 40F02681 		bne	.L230
 850:Drivers/STM32H7xx_HAL_Driver/Src/stm32h7xx_hal_rcc_ex.c **** 
 1320              		.loc 1 850 9 is_stmt 1 view .LVU364
 1321 041a 9C4A     		ldr	r2, .L254
 1322 041c D36A     		ldr	r3, [r2, #44]
 1323 041e 43F40033 		orr	r3, r3, #131072
 1324 0422 D362     		str	r3, [r2, #44]
 853:Drivers/STM32H7xx_HAL_Driver/Src/stm32h7xx_hal_rcc_ex.c **** 
 1325              		.loc 1 853 9 view .LVU365
 1326              	.L103:
 877:Drivers/STM32H7xx_HAL_Driver/Src/stm32h7xx_hal_rcc_ex.c ****     {
 1327              		.loc 1 877 5 view .LVU366
 877:Drivers/STM32H7xx_HAL_Driver/Src/stm32h7xx_hal_rcc_ex.c ****     {
 1328              		.loc 1 877 8 is_stmt 0 view .LVU367
 1329 0424 002D     		cmp	r5, #0
 1330 0426 40F02E81 		bne	.L190
 880:Drivers/STM32H7xx_HAL_Driver/Src/stm32h7xx_hal_rcc_ex.c ****     }
 1331              		.loc 1 880 7 is_stmt 1 view .LVU368
 1332 042a 984A     		ldr	r2, .L254
 1333 042c D36C     		ldr	r3, [r2, #76]
 1334 042e 23F00303 		bic	r3, r3, #3
ARM GAS  C:\Users\jason\AppData\Local\Temp\ccSG31kR.s 			page 98


 1335 0432 A16C     		ldr	r1, [r4, #72]
 1336 0434 0B43     		orrs	r3, r3, r1
 1337 0436 D364     		str	r3, [r2, #76]
 1338              	.LVL137:
 1339              	.L100:
 890:Drivers/STM32H7xx_HAL_Driver/Src/stm32h7xx_hal_rcc_ex.c ****   {
 1340              		.loc 1 890 3 view .LVU369
 890:Drivers/STM32H7xx_HAL_Driver/Src/stm32h7xx_hal_rcc_ex.c ****   {
 1341              		.loc 1 890 22 is_stmt 0 view .LVU370
 1342 0438 2368     		ldr	r3, [r4]
 890:Drivers/STM32H7xx_HAL_Driver/Src/stm32h7xx_hal_rcc_ex.c ****   {
 1343              		.loc 1 890 6 view .LVU371
 1344 043a 13F4800F 		tst	r3, #4194304
 1345 043e 40F02781 		bne	.L231
 1346              	.LVL138:
 1347              	.L105:
 960:Drivers/STM32H7xx_HAL_Driver/Src/stm32h7xx_hal_rcc_ex.c ****   {
 1348              		.loc 1 960 3 is_stmt 1 view .LVU372
 960:Drivers/STM32H7xx_HAL_Driver/Src/stm32h7xx_hal_rcc_ex.c ****   {
 1349              		.loc 1 960 22 is_stmt 0 view .LVU373
 1350 0442 2368     		ldr	r3, [r4]
 960:Drivers/STM32H7xx_HAL_Driver/Src/stm32h7xx_hal_rcc_ex.c ****   {
 1351              		.loc 1 960 6 view .LVU374
 1352 0444 13F0010F 		tst	r3, #1
 1353 0448 19D0     		beq	.L115
 962:Drivers/STM32H7xx_HAL_Driver/Src/stm32h7xx_hal_rcc_ex.c ****     {
 1354              		.loc 1 962 5 is_stmt 1 view .LVU375
 962:Drivers/STM32H7xx_HAL_Driver/Src/stm32h7xx_hal_rcc_ex.c ****     {
 1355              		.loc 1 962 26 is_stmt 0 view .LVU376
 1356 044a E36F     		ldr	r3, [r4, #124]
 962:Drivers/STM32H7xx_HAL_Driver/Src/stm32h7xx_hal_rcc_ex.c ****     {
 1357              		.loc 1 962 5 view .LVU377
 1358 044c 102B     		cmp	r3, #16
 1359 044e 00F09281 		beq	.L116
 1360 0452 00F28481 		bhi	.L117
 1361 0456 43B1     		cbz	r3, .L118
 1362 0458 082B     		cmp	r3, #8
 1363 045a 40F07D81 		bne	.L232
 969:Drivers/STM32H7xx_HAL_Driver/Src/stm32h7xx_hal_rcc_ex.c ****         /* USART1/6 clock source configuration done later after clock selection check */
 1364              		.loc 1 969 9 is_stmt 1 view .LVU378
 969:Drivers/STM32H7xx_HAL_Driver/Src/stm32h7xx_hal_rcc_ex.c ****         /* USART1/6 clock source configuration done later after clock selection check */
 1365              		.loc 1 969 15 is_stmt 0 view .LVU379
 1366 045e 0121     		movs	r1, #1
 1367 0460 04F10800 		add	r0, r4, #8
 1368 0464 FFF7FEFF 		bl	RCCEx_PLL2_Config
 1369              	.LVL139:
 1370 0468 0546     		mov	r5, r0
 1371              	.LVL140:
 971:Drivers/STM32H7xx_HAL_Driver/Src/stm32h7xx_hal_rcc_ex.c **** 
 1372              		.loc 1 971 9 is_stmt 1 view .LVU380
 1373              	.L118:
 998:Drivers/STM32H7xx_HAL_Driver/Src/stm32h7xx_hal_rcc_ex.c ****     {
 1374              		.loc 1 998 5 view .LVU381
 998:Drivers/STM32H7xx_HAL_Driver/Src/stm32h7xx_hal_rcc_ex.c ****     {
 1375              		.loc 1 998 8 is_stmt 0 view .LVU382
 1376 046a 002D     		cmp	r5, #0
 1377 046c 40F08A81 		bne	.L195
ARM GAS  C:\Users\jason\AppData\Local\Temp\ccSG31kR.s 			page 99


1001:Drivers/STM32H7xx_HAL_Driver/Src/stm32h7xx_hal_rcc_ex.c ****     }
 1378              		.loc 1 1001 7 is_stmt 1 view .LVU383
 1379 0470 864A     		ldr	r2, .L254
 1380 0472 536D     		ldr	r3, [r2, #84]
 1381 0474 23F03803 		bic	r3, r3, #56
 1382 0478 E16F     		ldr	r1, [r4, #124]
 1383 047a 0B43     		orrs	r3, r3, r1
 1384 047c 5365     		str	r3, [r2, #84]
 1385              	.LVL141:
 1386              	.L115:
1011:Drivers/STM32H7xx_HAL_Driver/Src/stm32h7xx_hal_rcc_ex.c ****   {
 1387              		.loc 1 1011 3 view .LVU384
1011:Drivers/STM32H7xx_HAL_Driver/Src/stm32h7xx_hal_rcc_ex.c ****   {
 1388              		.loc 1 1011 22 is_stmt 0 view .LVU385
 1389 047e 2368     		ldr	r3, [r4]
1011:Drivers/STM32H7xx_HAL_Driver/Src/stm32h7xx_hal_rcc_ex.c ****   {
 1390              		.loc 1 1011 6 view .LVU386
 1391 0480 13F0020F 		tst	r3, #2
 1392 0484 19D0     		beq	.L120
1013:Drivers/STM32H7xx_HAL_Driver/Src/stm32h7xx_hal_rcc_ex.c ****     {
 1393              		.loc 1 1013 5 is_stmt 1 view .LVU387
1013:Drivers/STM32H7xx_HAL_Driver/Src/stm32h7xx_hal_rcc_ex.c ****     {
 1394              		.loc 1 1013 26 is_stmt 0 view .LVU388
 1395 0486 A36F     		ldr	r3, [r4, #120]
1013:Drivers/STM32H7xx_HAL_Driver/Src/stm32h7xx_hal_rcc_ex.c ****     {
 1396              		.loc 1 1013 5 view .LVU389
 1397 0488 022B     		cmp	r3, #2
 1398 048a 00F08781 		beq	.L121
 1399 048e 00F27E81 		bhi	.L122
 1400 0492 43B1     		cbz	r3, .L123
 1401 0494 012B     		cmp	r3, #1
 1402 0496 40F07781 		bne	.L233
1020:Drivers/STM32H7xx_HAL_Driver/Src/stm32h7xx_hal_rcc_ex.c ****         /* USART2/3/4/5/7/8 clock source configuration done later after clock selection check */
 1403              		.loc 1 1020 9 is_stmt 1 view .LVU390
1020:Drivers/STM32H7xx_HAL_Driver/Src/stm32h7xx_hal_rcc_ex.c ****         /* USART2/3/4/5/7/8 clock source configuration done later after clock selection check */
 1404              		.loc 1 1020 15 is_stmt 0 view .LVU391
 1405 049a 0121     		movs	r1, #1
 1406 049c 04F10800 		add	r0, r4, #8
 1407 04a0 FFF7FEFF 		bl	RCCEx_PLL2_Config
 1408              	.LVL142:
 1409 04a4 0546     		mov	r5, r0
 1410              	.LVL143:
1022:Drivers/STM32H7xx_HAL_Driver/Src/stm32h7xx_hal_rcc_ex.c **** 
 1411              		.loc 1 1022 9 is_stmt 1 view .LVU392
 1412              	.L123:
1049:Drivers/STM32H7xx_HAL_Driver/Src/stm32h7xx_hal_rcc_ex.c ****     {
 1413              		.loc 1 1049 5 view .LVU393
1049:Drivers/STM32H7xx_HAL_Driver/Src/stm32h7xx_hal_rcc_ex.c ****     {
 1414              		.loc 1 1049 8 is_stmt 0 view .LVU394
 1415 04a6 002D     		cmp	r5, #0
 1416 04a8 40F07F81 		bne	.L197
1052:Drivers/STM32H7xx_HAL_Driver/Src/stm32h7xx_hal_rcc_ex.c ****     }
 1417              		.loc 1 1052 7 is_stmt 1 view .LVU395
 1418 04ac 774A     		ldr	r2, .L254
 1419 04ae 536D     		ldr	r3, [r2, #84]
 1420 04b0 23F00703 		bic	r3, r3, #7
 1421 04b4 A16F     		ldr	r1, [r4, #120]
ARM GAS  C:\Users\jason\AppData\Local\Temp\ccSG31kR.s 			page 100


 1422 04b6 0B43     		orrs	r3, r3, r1
 1423 04b8 5365     		str	r3, [r2, #84]
 1424              	.LVL144:
 1425              	.L120:
1062:Drivers/STM32H7xx_HAL_Driver/Src/stm32h7xx_hal_rcc_ex.c ****   {
 1426              		.loc 1 1062 3 view .LVU396
1062:Drivers/STM32H7xx_HAL_Driver/Src/stm32h7xx_hal_rcc_ex.c ****   {
 1427              		.loc 1 1062 22 is_stmt 0 view .LVU397
 1428 04ba 2368     		ldr	r3, [r4]
1062:Drivers/STM32H7xx_HAL_Driver/Src/stm32h7xx_hal_rcc_ex.c ****   {
 1429              		.loc 1 1062 6 view .LVU398
 1430 04bc 13F0040F 		tst	r3, #4
 1431 04c0 1BD0     		beq	.L125
1064:Drivers/STM32H7xx_HAL_Driver/Src/stm32h7xx_hal_rcc_ex.c ****     {
 1432              		.loc 1 1064 5 is_stmt 1 view .LVU399
1064:Drivers/STM32H7xx_HAL_Driver/Src/stm32h7xx_hal_rcc_ex.c ****     {
 1433              		.loc 1 1064 26 is_stmt 0 view .LVU400
 1434 04c2 D4F89430 		ldr	r3, [r4, #148]
1064:Drivers/STM32H7xx_HAL_Driver/Src/stm32h7xx_hal_rcc_ex.c ****     {
 1435              		.loc 1 1064 5 view .LVU401
 1436 04c6 022B     		cmp	r3, #2
 1437 04c8 00F07B81 		beq	.L126
 1438 04cc 00F27281 		bhi	.L127
 1439 04d0 43B1     		cbz	r3, .L128
 1440 04d2 012B     		cmp	r3, #1
 1441 04d4 40F06B81 		bne	.L234
1071:Drivers/STM32H7xx_HAL_Driver/Src/stm32h7xx_hal_rcc_ex.c ****         /* LPUART1 clock source configuration done later after clock selection check */
 1442              		.loc 1 1071 9 is_stmt 1 view .LVU402
1071:Drivers/STM32H7xx_HAL_Driver/Src/stm32h7xx_hal_rcc_ex.c ****         /* LPUART1 clock source configuration done later after clock selection check */
 1443              		.loc 1 1071 15 is_stmt 0 view .LVU403
 1444 04d8 0121     		movs	r1, #1
 1445 04da 04F10800 		add	r0, r4, #8
 1446 04de FFF7FEFF 		bl	RCCEx_PLL2_Config
 1447              	.LVL145:
 1448 04e2 0546     		mov	r5, r0
 1449              	.LVL146:
1073:Drivers/STM32H7xx_HAL_Driver/Src/stm32h7xx_hal_rcc_ex.c **** 
 1450              		.loc 1 1073 9 is_stmt 1 view .LVU404
 1451              	.L128:
1100:Drivers/STM32H7xx_HAL_Driver/Src/stm32h7xx_hal_rcc_ex.c ****     {
 1452              		.loc 1 1100 5 view .LVU405
1100:Drivers/STM32H7xx_HAL_Driver/Src/stm32h7xx_hal_rcc_ex.c ****     {
 1453              		.loc 1 1100 8 is_stmt 0 view .LVU406
 1454 04e4 002D     		cmp	r5, #0
 1455 04e6 40F07381 		bne	.L199
1103:Drivers/STM32H7xx_HAL_Driver/Src/stm32h7xx_hal_rcc_ex.c ****     }
 1456              		.loc 1 1103 7 is_stmt 1 view .LVU407
 1457 04ea 684A     		ldr	r2, .L254
 1458 04ec 936D     		ldr	r3, [r2, #88]
 1459 04ee 23F00703 		bic	r3, r3, #7
 1460 04f2 D4F89410 		ldr	r1, [r4, #148]
 1461 04f6 0B43     		orrs	r3, r3, r1
 1462 04f8 9365     		str	r3, [r2, #88]
 1463              	.LVL147:
 1464              	.L125:
1113:Drivers/STM32H7xx_HAL_Driver/Src/stm32h7xx_hal_rcc_ex.c ****   {
 1465              		.loc 1 1113 3 view .LVU408
ARM GAS  C:\Users\jason\AppData\Local\Temp\ccSG31kR.s 			page 101


1113:Drivers/STM32H7xx_HAL_Driver/Src/stm32h7xx_hal_rcc_ex.c ****   {
 1466              		.loc 1 1113 22 is_stmt 0 view .LVU409
 1467 04fa 2368     		ldr	r3, [r4]
1113:Drivers/STM32H7xx_HAL_Driver/Src/stm32h7xx_hal_rcc_ex.c ****   {
 1468              		.loc 1 1113 6 view .LVU410
 1469 04fc 13F0200F 		tst	r3, #32
 1470 0500 1DD0     		beq	.L130
1115:Drivers/STM32H7xx_HAL_Driver/Src/stm32h7xx_hal_rcc_ex.c ****     {
 1471              		.loc 1 1115 5 is_stmt 1 view .LVU411
1115:Drivers/STM32H7xx_HAL_Driver/Src/stm32h7xx_hal_rcc_ex.c ****     {
 1472              		.loc 1 1115 26 is_stmt 0 view .LVU412
 1473 0502 D4F89030 		ldr	r3, [r4, #144]
1115:Drivers/STM32H7xx_HAL_Driver/Src/stm32h7xx_hal_rcc_ex.c ****     {
 1474              		.loc 1 1115 5 view .LVU413
 1475 0506 B3F1005F 		cmp	r3, #536870912
 1476 050a 00F07581 		beq	.L131
 1477 050e 00F26481 		bhi	.L132
 1478 0512 4BB1     		cbz	r3, .L133
 1479 0514 B3F1805F 		cmp	r3, #268435456
 1480 0518 40F05C81 		bne	.L235
1123:Drivers/STM32H7xx_HAL_Driver/Src/stm32h7xx_hal_rcc_ex.c **** 
 1481              		.loc 1 1123 9 is_stmt 1 view .LVU414
1123:Drivers/STM32H7xx_HAL_Driver/Src/stm32h7xx_hal_rcc_ex.c **** 
 1482              		.loc 1 1123 15 is_stmt 0 view .LVU415
 1483 051c 0021     		movs	r1, #0
 1484 051e 04F10800 		add	r0, r4, #8
 1485 0522 FFF7FEFF 		bl	RCCEx_PLL2_Config
 1486              	.LVL148:
 1487 0526 0546     		mov	r5, r0
 1488              	.LVL149:
1126:Drivers/STM32H7xx_HAL_Driver/Src/stm32h7xx_hal_rcc_ex.c **** 
 1489              		.loc 1 1126 9 is_stmt 1 view .LVU416
 1490              	.L133:
1153:Drivers/STM32H7xx_HAL_Driver/Src/stm32h7xx_hal_rcc_ex.c ****     {
 1491              		.loc 1 1153 5 view .LVU417
1153:Drivers/STM32H7xx_HAL_Driver/Src/stm32h7xx_hal_rcc_ex.c ****     {
 1492              		.loc 1 1153 8 is_stmt 0 view .LVU418
 1493 0528 002D     		cmp	r5, #0
 1494 052a 40F06C81 		bne	.L200
1156:Drivers/STM32H7xx_HAL_Driver/Src/stm32h7xx_hal_rcc_ex.c ****     }
 1495              		.loc 1 1156 7 is_stmt 1 view .LVU419
 1496 052e 574A     		ldr	r2, .L254
 1497 0530 536D     		ldr	r3, [r2, #84]
 1498 0532 23F0E043 		bic	r3, r3, #1879048192
 1499 0536 D4F89010 		ldr	r1, [r4, #144]
 1500 053a 0B43     		orrs	r3, r3, r1
 1501 053c 5365     		str	r3, [r2, #84]
 1502              	.LVL150:
 1503              	.L130:
1166:Drivers/STM32H7xx_HAL_Driver/Src/stm32h7xx_hal_rcc_ex.c ****   {
 1504              		.loc 1 1166 3 view .LVU420
1166:Drivers/STM32H7xx_HAL_Driver/Src/stm32h7xx_hal_rcc_ex.c ****   {
 1505              		.loc 1 1166 22 is_stmt 0 view .LVU421
 1506 053e 2368     		ldr	r3, [r4]
1166:Drivers/STM32H7xx_HAL_Driver/Src/stm32h7xx_hal_rcc_ex.c ****   {
 1507              		.loc 1 1166 6 view .LVU422
 1508 0540 13F0400F 		tst	r3, #64
ARM GAS  C:\Users\jason\AppData\Local\Temp\ccSG31kR.s 			page 102


 1509 0544 1DD0     		beq	.L135
1168:Drivers/STM32H7xx_HAL_Driver/Src/stm32h7xx_hal_rcc_ex.c ****     {
 1510              		.loc 1 1168 5 is_stmt 1 view .LVU423
1168:Drivers/STM32H7xx_HAL_Driver/Src/stm32h7xx_hal_rcc_ex.c ****     {
 1511              		.loc 1 1168 26 is_stmt 0 view .LVU424
 1512 0546 D4F89C30 		ldr	r3, [r4, #156]
1168:Drivers/STM32H7xx_HAL_Driver/Src/stm32h7xx_hal_rcc_ex.c ****     {
 1513              		.loc 1 1168 5 view .LVU425
 1514 054a B3F5006F 		cmp	r3, #2048
 1515 054e 00F06E81 		beq	.L136
 1516 0552 00F25D81 		bhi	.L137
 1517 0556 4BB1     		cbz	r3, .L138
 1518 0558 B3F5806F 		cmp	r3, #1024
 1519 055c 40F05581 		bne	.L236
1176:Drivers/STM32H7xx_HAL_Driver/Src/stm32h7xx_hal_rcc_ex.c **** 
 1520              		.loc 1 1176 9 is_stmt 1 view .LVU426
1176:Drivers/STM32H7xx_HAL_Driver/Src/stm32h7xx_hal_rcc_ex.c **** 
 1521              		.loc 1 1176 15 is_stmt 0 view .LVU427
 1522 0560 0021     		movs	r1, #0
 1523 0562 04F10800 		add	r0, r4, #8
 1524 0566 FFF7FEFF 		bl	RCCEx_PLL2_Config
 1525              	.LVL151:
 1526 056a 0546     		mov	r5, r0
 1527              	.LVL152:
1179:Drivers/STM32H7xx_HAL_Driver/Src/stm32h7xx_hal_rcc_ex.c **** 
 1528              		.loc 1 1179 9 is_stmt 1 view .LVU428
 1529              	.L138:
1206:Drivers/STM32H7xx_HAL_Driver/Src/stm32h7xx_hal_rcc_ex.c ****     {
 1530              		.loc 1 1206 5 view .LVU429
1206:Drivers/STM32H7xx_HAL_Driver/Src/stm32h7xx_hal_rcc_ex.c ****     {
 1531              		.loc 1 1206 8 is_stmt 0 view .LVU430
 1532 056c 002D     		cmp	r5, #0
 1533 056e 40F06581 		bne	.L201
1209:Drivers/STM32H7xx_HAL_Driver/Src/stm32h7xx_hal_rcc_ex.c ****     }
 1534              		.loc 1 1209 7 is_stmt 1 view .LVU431
 1535 0572 464A     		ldr	r2, .L254
 1536 0574 936D     		ldr	r3, [r2, #88]
 1537 0576 23F4E053 		bic	r3, r3, #7168
 1538 057a D4F89C10 		ldr	r1, [r4, #156]
 1539 057e 0B43     		orrs	r3, r3, r1
 1540 0580 9365     		str	r3, [r2, #88]
 1541              	.LVL153:
 1542              	.L135:
1219:Drivers/STM32H7xx_HAL_Driver/Src/stm32h7xx_hal_rcc_ex.c ****   {
 1543              		.loc 1 1219 3 view .LVU432
1219:Drivers/STM32H7xx_HAL_Driver/Src/stm32h7xx_hal_rcc_ex.c ****   {
 1544              		.loc 1 1219 22 is_stmt 0 view .LVU433
 1545 0582 2368     		ldr	r3, [r4]
1219:Drivers/STM32H7xx_HAL_Driver/Src/stm32h7xx_hal_rcc_ex.c ****   {
 1546              		.loc 1 1219 6 view .LVU434
 1547 0584 13F0800F 		tst	r3, #128
 1548 0588 1DD0     		beq	.L140
1221:Drivers/STM32H7xx_HAL_Driver/Src/stm32h7xx_hal_rcc_ex.c ****     {
 1549              		.loc 1 1221 5 is_stmt 1 view .LVU435
1221:Drivers/STM32H7xx_HAL_Driver/Src/stm32h7xx_hal_rcc_ex.c ****     {
 1550              		.loc 1 1221 26 is_stmt 0 view .LVU436
 1551 058a D4F8A030 		ldr	r3, [r4, #160]
ARM GAS  C:\Users\jason\AppData\Local\Temp\ccSG31kR.s 			page 103


1221:Drivers/STM32H7xx_HAL_Driver/Src/stm32h7xx_hal_rcc_ex.c ****     {
 1552              		.loc 1 1221 5 view .LVU437
 1553 058e B3F5804F 		cmp	r3, #16384
 1554 0592 00F06781 		beq	.L141
 1555 0596 00F25681 		bhi	.L142
 1556 059a 4BB1     		cbz	r3, .L143
 1557 059c B3F5005F 		cmp	r3, #8192
 1558 05a0 40F04E81 		bne	.L237
1229:Drivers/STM32H7xx_HAL_Driver/Src/stm32h7xx_hal_rcc_ex.c **** 
 1559              		.loc 1 1229 9 is_stmt 1 view .LVU438
1229:Drivers/STM32H7xx_HAL_Driver/Src/stm32h7xx_hal_rcc_ex.c **** 
 1560              		.loc 1 1229 15 is_stmt 0 view .LVU439
 1561 05a4 0021     		movs	r1, #0
 1562 05a6 04F10800 		add	r0, r4, #8
 1563 05aa FFF7FEFF 		bl	RCCEx_PLL2_Config
 1564              	.LVL154:
 1565 05ae 0546     		mov	r5, r0
 1566              	.LVL155:
1232:Drivers/STM32H7xx_HAL_Driver/Src/stm32h7xx_hal_rcc_ex.c **** 
 1567              		.loc 1 1232 9 is_stmt 1 view .LVU440
 1568              	.L143:
1259:Drivers/STM32H7xx_HAL_Driver/Src/stm32h7xx_hal_rcc_ex.c ****     {
 1569              		.loc 1 1259 5 view .LVU441
1259:Drivers/STM32H7xx_HAL_Driver/Src/stm32h7xx_hal_rcc_ex.c ****     {
 1570              		.loc 1 1259 8 is_stmt 0 view .LVU442
 1571 05b0 002D     		cmp	r5, #0
 1572 05b2 40F05E81 		bne	.L202
1262:Drivers/STM32H7xx_HAL_Driver/Src/stm32h7xx_hal_rcc_ex.c ****     }
 1573              		.loc 1 1262 7 is_stmt 1 view .LVU443
 1574 05b6 354A     		ldr	r2, .L254
 1575 05b8 936D     		ldr	r3, [r2, #88]
 1576 05ba 23F46043 		bic	r3, r3, #57344
 1577 05be D4F8A010 		ldr	r1, [r4, #160]
 1578 05c2 0B43     		orrs	r3, r3, r1
 1579 05c4 9365     		str	r3, [r2, #88]
 1580              	.LVL156:
 1581              	.L140:
1290:Drivers/STM32H7xx_HAL_Driver/Src/stm32h7xx_hal_rcc_ex.c ****   {
 1582              		.loc 1 1290 3 view .LVU444
1290:Drivers/STM32H7xx_HAL_Driver/Src/stm32h7xx_hal_rcc_ex.c ****   {
 1583              		.loc 1 1290 22 is_stmt 0 view .LVU445
 1584 05c6 2368     		ldr	r3, [r4]
1290:Drivers/STM32H7xx_HAL_Driver/Src/stm32h7xx_hal_rcc_ex.c ****   {
 1585              		.loc 1 1290 6 view .LVU446
 1586 05c8 13F0080F 		tst	r3, #8
 1587 05cc 0DD0     		beq	.L145
1293:Drivers/STM32H7xx_HAL_Driver/Src/stm32h7xx_hal_rcc_ex.c **** 
 1588              		.loc 1 1293 5 is_stmt 1 view .LVU447
1295:Drivers/STM32H7xx_HAL_Driver/Src/stm32h7xx_hal_rcc_ex.c ****     {
 1589              		.loc 1 1295 5 view .LVU448
1295:Drivers/STM32H7xx_HAL_Driver/Src/stm32h7xx_hal_rcc_ex.c ****     {
 1590              		.loc 1 1295 23 is_stmt 0 view .LVU449
 1591 05ce D4F88430 		ldr	r3, [r4, #132]
1295:Drivers/STM32H7xx_HAL_Driver/Src/stm32h7xx_hal_rcc_ex.c ****     {
 1592              		.loc 1 1295 8 view .LVU450
 1593 05d2 B3F5805F 		cmp	r3, #4096
 1594 05d6 00F04E81 		beq	.L238
ARM GAS  C:\Users\jason\AppData\Local\Temp\ccSG31kR.s 			page 104


 1595              	.LVL157:
 1596              	.L146:
1303:Drivers/STM32H7xx_HAL_Driver/Src/stm32h7xx_hal_rcc_ex.c **** 
 1597              		.loc 1 1303 5 is_stmt 1 view .LVU451
 1598 05da 2C4A     		ldr	r2, .L254
 1599 05dc 536D     		ldr	r3, [r2, #84]
 1600 05de 23F44053 		bic	r3, r3, #12288
 1601 05e2 D4F88410 		ldr	r1, [r4, #132]
 1602 05e6 0B43     		orrs	r3, r3, r1
 1603 05e8 5365     		str	r3, [r2, #84]
 1604              	.L145:
1309:Drivers/STM32H7xx_HAL_Driver/Src/stm32h7xx_hal_rcc_ex.c ****   {
 1605              		.loc 1 1309 3 view .LVU452
1309:Drivers/STM32H7xx_HAL_Driver/Src/stm32h7xx_hal_rcc_ex.c ****   {
 1606              		.loc 1 1309 22 is_stmt 0 view .LVU453
 1607 05ea 2368     		ldr	r3, [r4]
1309:Drivers/STM32H7xx_HAL_Driver/Src/stm32h7xx_hal_rcc_ex.c ****   {
 1608              		.loc 1 1309 6 view .LVU454
 1609 05ec 13F0100F 		tst	r3, #16
 1610 05f0 0DD0     		beq	.L147
1312:Drivers/STM32H7xx_HAL_Driver/Src/stm32h7xx_hal_rcc_ex.c **** 
 1611              		.loc 1 1312 5 is_stmt 1 view .LVU455
1314:Drivers/STM32H7xx_HAL_Driver/Src/stm32h7xx_hal_rcc_ex.c ****     {
 1612              		.loc 1 1314 5 view .LVU456
1314:Drivers/STM32H7xx_HAL_Driver/Src/stm32h7xx_hal_rcc_ex.c ****     {
 1613              		.loc 1 1314 23 is_stmt 0 view .LVU457
 1614 05f2 D4F89830 		ldr	r3, [r4, #152]
1314:Drivers/STM32H7xx_HAL_Driver/Src/stm32h7xx_hal_rcc_ex.c ****     {
 1615              		.loc 1 1314 8 view .LVU458
 1616 05f6 B3F5807F 		cmp	r3, #256
 1617 05fa 00F04681 		beq	.L239
 1618              	.LVL158:
 1619              	.L148:
1322:Drivers/STM32H7xx_HAL_Driver/Src/stm32h7xx_hal_rcc_ex.c **** 
 1620              		.loc 1 1322 5 is_stmt 1 view .LVU459
 1621 05fe 234A     		ldr	r2, .L254
 1622 0600 936D     		ldr	r3, [r2, #88]
 1623 0602 23F44073 		bic	r3, r3, #768
 1624 0606 D4F89810 		ldr	r1, [r4, #152]
 1625 060a 0B43     		orrs	r3, r3, r1
 1626 060c 9365     		str	r3, [r2, #88]
 1627              	.L147:
1327:Drivers/STM32H7xx_HAL_Driver/Src/stm32h7xx_hal_rcc_ex.c ****   {
 1628              		.loc 1 1327 3 view .LVU460
1327:Drivers/STM32H7xx_HAL_Driver/Src/stm32h7xx_hal_rcc_ex.c ****   {
 1629              		.loc 1 1327 22 is_stmt 0 view .LVU461
 1630 060e 2368     		ldr	r3, [r4]
1327:Drivers/STM32H7xx_HAL_Driver/Src/stm32h7xx_hal_rcc_ex.c ****   {
 1631              		.loc 1 1327 6 view .LVU462
 1632 0610 13F4002F 		tst	r3, #524288
 1633 0614 00F04E81 		beq	.L149
1329:Drivers/STM32H7xx_HAL_Driver/Src/stm32h7xx_hal_rcc_ex.c ****     {
 1634              		.loc 1 1329 5 is_stmt 1 view .LVU463
1329:Drivers/STM32H7xx_HAL_Driver/Src/stm32h7xx_hal_rcc_ex.c ****     {
 1635              		.loc 1 1329 26 is_stmt 0 view .LVU464
 1636 0618 D4F8A430 		ldr	r3, [r4, #164]
1329:Drivers/STM32H7xx_HAL_Driver/Src/stm32h7xx_hal_rcc_ex.c ****     {
ARM GAS  C:\Users\jason\AppData\Local\Temp\ccSG31kR.s 			page 105


 1637              		.loc 1 1329 5 view .LVU465
 1638 061c B3F5803F 		cmp	r3, #65536
 1639 0620 00F03D81 		beq	.L150
 1640 0624 B3F5003F 		cmp	r3, #131072
 1641 0628 08D0     		beq	.L151
 1642 062a 002B     		cmp	r3, #0
 1643 062c 40F03E81 		bne	.L205
1334:Drivers/STM32H7xx_HAL_Driver/Src/stm32h7xx_hal_rcc_ex.c **** 
 1644              		.loc 1 1334 9 is_stmt 1 view .LVU466
1334:Drivers/STM32H7xx_HAL_Driver/Src/stm32h7xx_hal_rcc_ex.c **** 
 1645              		.loc 1 1334 15 is_stmt 0 view .LVU467
 1646 0630 1946     		mov	r1, r3
 1647 0632 04F10800 		add	r0, r4, #8
 1648 0636 FFF7FEFF 		bl	RCCEx_PLL2_Config
 1649              	.LVL159:
 1650 063a 0546     		mov	r5, r0
 1651              	.LVL160:
1337:Drivers/STM32H7xx_HAL_Driver/Src/stm32h7xx_hal_rcc_ex.c **** 
 1652              		.loc 1 1337 9 is_stmt 1 view .LVU468
 1653              	.L151:
1355:Drivers/STM32H7xx_HAL_Driver/Src/stm32h7xx_hal_rcc_ex.c ****     {
 1654              		.loc 1 1355 5 view .LVU469
1355:Drivers/STM32H7xx_HAL_Driver/Src/stm32h7xx_hal_rcc_ex.c ****     {
 1655              		.loc 1 1355 8 is_stmt 0 view .LVU470
 1656 063c 002D     		cmp	r5, #0
 1657 063e 40F03881 		bne	.L206
1358:Drivers/STM32H7xx_HAL_Driver/Src/stm32h7xx_hal_rcc_ex.c ****     }
 1658              		.loc 1 1358 7 is_stmt 1 view .LVU471
 1659 0642 124A     		ldr	r2, .L254
 1660 0644 936D     		ldr	r3, [r2, #88]
 1661 0646 23F44033 		bic	r3, r3, #196608
 1662 064a D4F8A410 		ldr	r1, [r4, #164]
 1663 064e 0B43     		orrs	r3, r3, r1
 1664 0650 9365     		str	r3, [r2, #88]
 1665 0652 2FE1     		b	.L149
 1666              	.L98:
 815:Drivers/STM32H7xx_HAL_Driver/Src/stm32h7xx_hal_rcc_ex.c **** 
 1667              		.loc 1 815 9 view .LVU472
 815:Drivers/STM32H7xx_HAL_Driver/Src/stm32h7xx_hal_rcc_ex.c **** 
 1668              		.loc 1 815 15 is_stmt 0 view .LVU473
 1669 0654 0121     		movs	r1, #1
 1670 0656 04F10800 		add	r0, r4, #8
 1671 065a FFF7FEFF 		bl	RCCEx_PLL2_Config
 1672              	.LVL161:
 1673 065e 0546     		mov	r5, r0
 1674              	.LVL162:
 818:Drivers/STM32H7xx_HAL_Driver/Src/stm32h7xx_hal_rcc_ex.c **** 
 1675              		.loc 1 818 9 is_stmt 1 view .LVU474
 1676 0660 C3E6     		b	.L99
 1677              	.L189:
 838:Drivers/STM32H7xx_HAL_Driver/Src/stm32h7xx_hal_rcc_ex.c ****     }
 1678              		.loc 1 838 14 is_stmt 0 view .LVU475
 1679 0662 2E46     		mov	r6, r5
 1680              	.LVL163:
 838:Drivers/STM32H7xx_HAL_Driver/Src/stm32h7xx_hal_rcc_ex.c ****     }
 1681              		.loc 1 838 14 view .LVU476
 1682 0664 CBE6     		b	.L96
ARM GAS  C:\Users\jason\AppData\Local\Temp\ccSG31kR.s 			page 106


 1683              	.LVL164:
 1684              	.L230:
 846:Drivers/STM32H7xx_HAL_Driver/Src/stm32h7xx_hal_rcc_ex.c ****     {
 1685              		.loc 1 846 5 view .LVU477
 1686 0666 0126     		movs	r6, #1
 1687              	.LVL165:
 846:Drivers/STM32H7xx_HAL_Driver/Src/stm32h7xx_hal_rcc_ex.c ****     {
 1688              		.loc 1 846 5 view .LVU478
 1689 0668 3546     		mov	r5, r6
 1690              	.LVL166:
 846:Drivers/STM32H7xx_HAL_Driver/Src/stm32h7xx_hal_rcc_ex.c ****     {
 1691              		.loc 1 846 5 view .LVU479
 1692 066a E5E6     		b	.L100
 1693              	.LVL167:
 1694              	.L102:
 846:Drivers/STM32H7xx_HAL_Driver/Src/stm32h7xx_hal_rcc_ex.c ****     {
 1695              		.loc 1 846 5 view .LVU480
 1696 066c 032B     		cmp	r3, #3
 1697 066e 3FF4D9AE 		beq	.L103
 1698 0672 0126     		movs	r6, #1
 1699              	.LVL168:
 846:Drivers/STM32H7xx_HAL_Driver/Src/stm32h7xx_hal_rcc_ex.c ****     {
 1700              		.loc 1 846 5 view .LVU481
 1701 0674 3546     		mov	r5, r6
 1702              	.LVL169:
 846:Drivers/STM32H7xx_HAL_Driver/Src/stm32h7xx_hal_rcc_ex.c ****     {
 1703              		.loc 1 846 5 view .LVU482
 1704 0676 DFE6     		b	.L100
 1705              	.LVL170:
 1706              	.L101:
 857:Drivers/STM32H7xx_HAL_Driver/Src/stm32h7xx_hal_rcc_ex.c **** 
 1707              		.loc 1 857 9 is_stmt 1 view .LVU483
 857:Drivers/STM32H7xx_HAL_Driver/Src/stm32h7xx_hal_rcc_ex.c **** 
 1708              		.loc 1 857 15 is_stmt 0 view .LVU484
 1709 0678 0221     		movs	r1, #2
 1710 067a 04F10800 		add	r0, r4, #8
 1711 067e FFF7FEFF 		bl	RCCEx_PLL2_Config
 1712              	.LVL171:
 1713 0682 0546     		mov	r5, r0
 1714              	.LVL172:
 860:Drivers/STM32H7xx_HAL_Driver/Src/stm32h7xx_hal_rcc_ex.c **** 
 1715              		.loc 1 860 9 is_stmt 1 view .LVU485
 1716 0684 CEE6     		b	.L103
 1717              	.L190:
 885:Drivers/STM32H7xx_HAL_Driver/Src/stm32h7xx_hal_rcc_ex.c ****     }
 1718              		.loc 1 885 14 is_stmt 0 view .LVU486
 1719 0686 2E46     		mov	r6, r5
 1720              	.LVL173:
 885:Drivers/STM32H7xx_HAL_Driver/Src/stm32h7xx_hal_rcc_ex.c ****     }
 1721              		.loc 1 885 14 view .LVU487
 1722 0688 D6E6     		b	.L100
 1723              	.L255:
 1724 068a 00BF     		.align	2
 1725              	.L254:
 1726 068c 00440258 		.word	1476543488
 1727              	.LVL174:
 1728              	.L231:
ARM GAS  C:\Users\jason\AppData\Local\Temp\ccSG31kR.s 			page 107


 893:Drivers/STM32H7xx_HAL_Driver/Src/stm32h7xx_hal_rcc_ex.c **** 
 1729              		.loc 1 893 5 is_stmt 1 view .LVU488
 896:Drivers/STM32H7xx_HAL_Driver/Src/stm32h7xx_hal_rcc_ex.c **** 
 1730              		.loc 1 896 5 view .LVU489
 1731 0690 AD4A     		ldr	r2, .L256
 1732 0692 1368     		ldr	r3, [r2]
 1733 0694 43F48073 		orr	r3, r3, #256
 1734 0698 1360     		str	r3, [r2]
 899:Drivers/STM32H7xx_HAL_Driver/Src/stm32h7xx_hal_rcc_ex.c **** 
 1735              		.loc 1 899 5 view .LVU490
 899:Drivers/STM32H7xx_HAL_Driver/Src/stm32h7xx_hal_rcc_ex.c **** 
 1736              		.loc 1 899 17 is_stmt 0 view .LVU491
 1737 069a FFF7FEFF 		bl	HAL_GetTick
 1738              	.LVL175:
 1739 069e 0746     		mov	r7, r0
 1740              	.LVL176:
 901:Drivers/STM32H7xx_HAL_Driver/Src/stm32h7xx_hal_rcc_ex.c ****     {
 1741              		.loc 1 901 5 is_stmt 1 view .LVU492
 1742              	.L106:
 901:Drivers/STM32H7xx_HAL_Driver/Src/stm32h7xx_hal_rcc_ex.c ****     {
 1743              		.loc 1 901 37 view .LVU493
 901:Drivers/STM32H7xx_HAL_Driver/Src/stm32h7xx_hal_rcc_ex.c ****     {
 1744              		.loc 1 901 16 is_stmt 0 view .LVU494
 1745 06a0 A94B     		ldr	r3, .L256
 1746 06a2 1B68     		ldr	r3, [r3]
 901:Drivers/STM32H7xx_HAL_Driver/Src/stm32h7xx_hal_rcc_ex.c ****     {
 1747              		.loc 1 901 37 view .LVU495
 1748 06a4 13F4807F 		tst	r3, #256
 1749 06a8 05D1     		bne	.L107
 903:Drivers/STM32H7xx_HAL_Driver/Src/stm32h7xx_hal_rcc_ex.c ****       {
 1750              		.loc 1 903 7 is_stmt 1 view .LVU496
 903:Drivers/STM32H7xx_HAL_Driver/Src/stm32h7xx_hal_rcc_ex.c ****       {
 1751              		.loc 1 903 12 is_stmt 0 view .LVU497
 1752 06aa FFF7FEFF 		bl	HAL_GetTick
 1753              	.LVL177:
 903:Drivers/STM32H7xx_HAL_Driver/Src/stm32h7xx_hal_rcc_ex.c ****       {
 1754              		.loc 1 903 26 discriminator 1 view .LVU498
 1755 06ae C01B     		subs	r0, r0, r7
 903:Drivers/STM32H7xx_HAL_Driver/Src/stm32h7xx_hal_rcc_ex.c ****       {
 1756              		.loc 1 903 10 discriminator 1 view .LVU499
 1757 06b0 6428     		cmp	r0, #100
 1758 06b2 F5D9     		bls	.L106
 905:Drivers/STM32H7xx_HAL_Driver/Src/stm32h7xx_hal_rcc_ex.c ****         break;
 1759              		.loc 1 905 13 view .LVU500
 1760 06b4 0325     		movs	r5, #3
 1761              	.LVL178:
 1762              	.L107:
 910:Drivers/STM32H7xx_HAL_Driver/Src/stm32h7xx_hal_rcc_ex.c ****     {
 1763              		.loc 1 910 5 is_stmt 1 view .LVU501
 910:Drivers/STM32H7xx_HAL_Driver/Src/stm32h7xx_hal_rcc_ex.c ****     {
 1764              		.loc 1 910 8 is_stmt 0 view .LVU502
 1765 06b6 002D     		cmp	r5, #0
 1766 06b8 4AD1     		bne	.L192
 913:Drivers/STM32H7xx_HAL_Driver/Src/stm32h7xx_hal_rcc_ex.c ****       {
 1767              		.loc 1 913 7 is_stmt 1 view .LVU503
 913:Drivers/STM32H7xx_HAL_Driver/Src/stm32h7xx_hal_rcc_ex.c ****       {
 1768              		.loc 1 913 15 is_stmt 0 view .LVU504
ARM GAS  C:\Users\jason\AppData\Local\Temp\ccSG31kR.s 			page 108


 1769 06ba A44B     		ldr	r3, .L256+4
 1770 06bc 1B6F     		ldr	r3, [r3, #112]
 913:Drivers/STM32H7xx_HAL_Driver/Src/stm32h7xx_hal_rcc_ex.c ****       {
 1771              		.loc 1 913 58 view .LVU505
 1772 06be D4F8B420 		ldr	r2, [r4, #180]
 913:Drivers/STM32H7xx_HAL_Driver/Src/stm32h7xx_hal_rcc_ex.c ****       {
 1773              		.loc 1 913 41 view .LVU506
 1774 06c2 5340     		eors	r3, r3, r2
 913:Drivers/STM32H7xx_HAL_Driver/Src/stm32h7xx_hal_rcc_ex.c ****       {
 1775              		.loc 1 913 10 view .LVU507
 1776 06c4 13F4407F 		tst	r3, #768
 1777 06c8 0CD0     		beq	.L109
 916:Drivers/STM32H7xx_HAL_Driver/Src/stm32h7xx_hal_rcc_ex.c ****         /* RTC Clock selection can be changed only if the Backup Domain is reset */
 1778              		.loc 1 916 9 is_stmt 1 view .LVU508
 916:Drivers/STM32H7xx_HAL_Driver/Src/stm32h7xx_hal_rcc_ex.c ****         /* RTC Clock selection can be changed only if the Backup Domain is reset */
 1779              		.loc 1 916 22 is_stmt 0 view .LVU509
 1780 06ca A04B     		ldr	r3, .L256+4
 1781 06cc 1A6F     		ldr	r2, [r3, #112]
 916:Drivers/STM32H7xx_HAL_Driver/Src/stm32h7xx_hal_rcc_ex.c ****         /* RTC Clock selection can be changed only if the Backup Domain is reset */
 1782              		.loc 1 916 16 view .LVU510
 1783 06ce 22F44072 		bic	r2, r2, #768
 1784              	.LVL179:
 918:Drivers/STM32H7xx_HAL_Driver/Src/stm32h7xx_hal_rcc_ex.c ****         __HAL_RCC_BACKUPRESET_RELEASE();
 1785              		.loc 1 918 9 is_stmt 1 view .LVU511
 1786 06d2 196F     		ldr	r1, [r3, #112]
 1787 06d4 41F48031 		orr	r1, r1, #65536
 1788 06d8 1967     		str	r1, [r3, #112]
 919:Drivers/STM32H7xx_HAL_Driver/Src/stm32h7xx_hal_rcc_ex.c ****         /* Restore the Content of BDCR register */
 1789              		.loc 1 919 9 view .LVU512
 1790 06da 196F     		ldr	r1, [r3, #112]
 1791 06dc 21F48031 		bic	r1, r1, #65536
 1792 06e0 1967     		str	r1, [r3, #112]
 921:Drivers/STM32H7xx_HAL_Driver/Src/stm32h7xx_hal_rcc_ex.c ****       }
 1793              		.loc 1 921 9 view .LVU513
 921:Drivers/STM32H7xx_HAL_Driver/Src/stm32h7xx_hal_rcc_ex.c ****       }
 1794              		.loc 1 921 19 is_stmt 0 view .LVU514
 1795 06e2 1A67     		str	r2, [r3, #112]
 1796              	.LVL180:
 1797              	.L109:
 925:Drivers/STM32H7xx_HAL_Driver/Src/stm32h7xx_hal_rcc_ex.c ****       {
 1798              		.loc 1 925 7 is_stmt 1 view .LVU515
 925:Drivers/STM32H7xx_HAL_Driver/Src/stm32h7xx_hal_rcc_ex.c ****       {
 1799              		.loc 1 925 24 is_stmt 0 view .LVU516
 1800 06e4 D4F8B430 		ldr	r3, [r4, #180]
 925:Drivers/STM32H7xx_HAL_Driver/Src/stm32h7xx_hal_rcc_ex.c ****       {
 1801              		.loc 1 925 10 view .LVU517
 1802 06e8 B3F5807F 		cmp	r3, #256
 1803 06ec 15D0     		beq	.L240
 1804              	.LVL181:
 1805              	.L110:
 941:Drivers/STM32H7xx_HAL_Driver/Src/stm32h7xx_hal_rcc_ex.c ****       {
 1806              		.loc 1 941 7 is_stmt 1 view .LVU518
 941:Drivers/STM32H7xx_HAL_Driver/Src/stm32h7xx_hal_rcc_ex.c ****       {
 1807              		.loc 1 941 10 is_stmt 0 view .LVU519
 1808 06ee 8DBB     		cbnz	r5, .L194
 943:Drivers/STM32H7xx_HAL_Driver/Src/stm32h7xx_hal_rcc_ex.c ****       }
 1809              		.loc 1 943 9 is_stmt 1 view .LVU520
ARM GAS  C:\Users\jason\AppData\Local\Temp\ccSG31kR.s 			page 109


 943:Drivers/STM32H7xx_HAL_Driver/Src/stm32h7xx_hal_rcc_ex.c ****       }
 1810              		.loc 1 943 9 view .LVU521
 1811 06f0 D4F8B430 		ldr	r3, [r4, #180]
 1812 06f4 03F44072 		and	r2, r3, #768
 1813 06f8 B2F5407F 		cmp	r2, #768
 1814 06fc 1ED0     		beq	.L241
 943:Drivers/STM32H7xx_HAL_Driver/Src/stm32h7xx_hal_rcc_ex.c ****       }
 1815              		.loc 1 943 9 is_stmt 0 discriminator 2 view .LVU522
 1816 06fe 934A     		ldr	r2, .L256+4
 1817 0700 1369     		ldr	r3, [r2, #16]
 1818 0702 23F47C53 		bic	r3, r3, #16128
 1819 0706 1361     		str	r3, [r2, #16]
 1820              	.L114:
 943:Drivers/STM32H7xx_HAL_Driver/Src/stm32h7xx_hal_rcc_ex.c ****       }
 1821              		.loc 1 943 9 is_stmt 1 discriminator 4 view .LVU523
 1822 0708 9049     		ldr	r1, .L256+4
 1823 070a 0B6F     		ldr	r3, [r1, #112]
 1824 070c D4F8B420 		ldr	r2, [r4, #180]
 1825 0710 C2F30B02 		ubfx	r2, r2, #0, #12
 1826 0714 1343     		orrs	r3, r3, r2
 1827 0716 0B67     		str	r3, [r1, #112]
 943:Drivers/STM32H7xx_HAL_Driver/Src/stm32h7xx_hal_rcc_ex.c ****       }
 1828              		.loc 1 943 9 view .LVU524
 1829 0718 93E6     		b	.L105
 1830              	.L240:
 928:Drivers/STM32H7xx_HAL_Driver/Src/stm32h7xx_hal_rcc_ex.c **** 
 1831              		.loc 1 928 9 view .LVU525
 928:Drivers/STM32H7xx_HAL_Driver/Src/stm32h7xx_hal_rcc_ex.c **** 
 1832              		.loc 1 928 21 is_stmt 0 view .LVU526
 1833 071a FFF7FEFF 		bl	HAL_GetTick
 1834              	.LVL182:
 1835 071e 0746     		mov	r7, r0
 1836              	.LVL183:
 931:Drivers/STM32H7xx_HAL_Driver/Src/stm32h7xx_hal_rcc_ex.c ****         {
 1837              		.loc 1 931 9 is_stmt 1 view .LVU527
 1838              	.L111:
 931:Drivers/STM32H7xx_HAL_Driver/Src/stm32h7xx_hal_rcc_ex.c ****         {
 1839              		.loc 1 931 52 view .LVU528
 931:Drivers/STM32H7xx_HAL_Driver/Src/stm32h7xx_hal_rcc_ex.c ****         {
 1840              		.loc 1 931 16 is_stmt 0 view .LVU529
 1841 0720 8A4B     		ldr	r3, .L256+4
 1842 0722 1B6F     		ldr	r3, [r3, #112]
 931:Drivers/STM32H7xx_HAL_Driver/Src/stm32h7xx_hal_rcc_ex.c ****         {
 1843              		.loc 1 931 52 view .LVU530
 1844 0724 13F0020F 		tst	r3, #2
 1845 0728 E1D1     		bne	.L110
 933:Drivers/STM32H7xx_HAL_Driver/Src/stm32h7xx_hal_rcc_ex.c ****           {
 1846              		.loc 1 933 11 is_stmt 1 view .LVU531
 933:Drivers/STM32H7xx_HAL_Driver/Src/stm32h7xx_hal_rcc_ex.c ****           {
 1847              		.loc 1 933 16 is_stmt 0 view .LVU532
 1848 072a FFF7FEFF 		bl	HAL_GetTick
 1849              	.LVL184:
 933:Drivers/STM32H7xx_HAL_Driver/Src/stm32h7xx_hal_rcc_ex.c ****           {
 1850              		.loc 1 933 30 discriminator 1 view .LVU533
 1851 072e C01B     		subs	r0, r0, r7
 933:Drivers/STM32H7xx_HAL_Driver/Src/stm32h7xx_hal_rcc_ex.c ****           {
 1852              		.loc 1 933 14 discriminator 1 view .LVU534
ARM GAS  C:\Users\jason\AppData\Local\Temp\ccSG31kR.s 			page 110


 1853 0730 41F28833 		movw	r3, #5000
 1854 0734 9842     		cmp	r0, r3
 1855 0736 F3D9     		bls	.L111
 935:Drivers/STM32H7xx_HAL_Driver/Src/stm32h7xx_hal_rcc_ex.c ****             break;
 1856              		.loc 1 935 17 view .LVU535
 1857 0738 0325     		movs	r5, #3
 1858              	.LVL185:
 935:Drivers/STM32H7xx_HAL_Driver/Src/stm32h7xx_hal_rcc_ex.c ****             break;
 1859              		.loc 1 935 17 view .LVU536
 1860 073a D8E7     		b	.L110
 1861              	.LVL186:
 1862              	.L241:
 943:Drivers/STM32H7xx_HAL_Driver/Src/stm32h7xx_hal_rcc_ex.c ****       }
 1863              		.loc 1 943 9 discriminator 1 view .LVU537
 1864 073c 8348     		ldr	r0, .L256+4
 1865 073e 0269     		ldr	r2, [r0, #16]
 1866 0740 22F47C52 		bic	r2, r2, #16128
 1867 0744 8249     		ldr	r1, .L256+8
 1868 0746 01EA1313 		and	r3, r1, r3, lsr #4
 1869 074a 1343     		orrs	r3, r3, r2
 1870 074c 0361     		str	r3, [r0, #16]
 1871 074e DBE7     		b	.L114
 1872              	.L192:
 954:Drivers/STM32H7xx_HAL_Driver/Src/stm32h7xx_hal_rcc_ex.c ****     }
 1873              		.loc 1 954 14 view .LVU538
 1874 0750 2E46     		mov	r6, r5
 1875              	.LVL187:
 954:Drivers/STM32H7xx_HAL_Driver/Src/stm32h7xx_hal_rcc_ex.c ****     }
 1876              		.loc 1 954 14 view .LVU539
 1877 0752 76E6     		b	.L105
 1878              	.LVL188:
 1879              	.L194:
 948:Drivers/STM32H7xx_HAL_Driver/Src/stm32h7xx_hal_rcc_ex.c ****       }
 1880              		.loc 1 948 16 view .LVU540
 1881 0754 2E46     		mov	r6, r5
 1882              	.LVL189:
 948:Drivers/STM32H7xx_HAL_Driver/Src/stm32h7xx_hal_rcc_ex.c ****       }
 1883              		.loc 1 948 16 view .LVU541
 1884 0756 74E6     		b	.L105
 1885              	.LVL190:
 1886              	.L232:
 962:Drivers/STM32H7xx_HAL_Driver/Src/stm32h7xx_hal_rcc_ex.c ****     {
 1887              		.loc 1 962 5 view .LVU542
 1888 0758 0126     		movs	r6, #1
 1889              	.LVL191:
 962:Drivers/STM32H7xx_HAL_Driver/Src/stm32h7xx_hal_rcc_ex.c ****     {
 1890              		.loc 1 962 5 view .LVU543
 1891 075a 3546     		mov	r5, r6
 1892              	.LVL192:
 962:Drivers/STM32H7xx_HAL_Driver/Src/stm32h7xx_hal_rcc_ex.c ****     {
 1893              		.loc 1 962 5 view .LVU544
 1894 075c 8FE6     		b	.L115
 1895              	.LVL193:
 1896              	.L117:
 962:Drivers/STM32H7xx_HAL_Driver/Src/stm32h7xx_hal_rcc_ex.c ****     {
 1897              		.loc 1 962 5 view .LVU545
 1898 075e 202B     		cmp	r3, #32
ARM GAS  C:\Users\jason\AppData\Local\Temp\ccSG31kR.s 			page 111


 1899 0760 3FF483AE 		beq	.L118
 1900 0764 282B     		cmp	r3, #40
 1901 0766 3FF480AE 		beq	.L118
 1902 076a 182B     		cmp	r3, #24
 1903 076c 3FF47DAE 		beq	.L118
 1904 0770 0126     		movs	r6, #1
 1905              	.LVL194:
 962:Drivers/STM32H7xx_HAL_Driver/Src/stm32h7xx_hal_rcc_ex.c ****     {
 1906              		.loc 1 962 5 view .LVU546
 1907 0772 3546     		mov	r5, r6
 1908              	.LVL195:
 962:Drivers/STM32H7xx_HAL_Driver/Src/stm32h7xx_hal_rcc_ex.c ****     {
 1909              		.loc 1 962 5 view .LVU547
 1910 0774 83E6     		b	.L115
 1911              	.LVL196:
 1912              	.L116:
 974:Drivers/STM32H7xx_HAL_Driver/Src/stm32h7xx_hal_rcc_ex.c ****         /* USART1/6 clock source configuration done later after clock selection check */
 1913              		.loc 1 974 9 is_stmt 1 view .LVU548
 974:Drivers/STM32H7xx_HAL_Driver/Src/stm32h7xx_hal_rcc_ex.c ****         /* USART1/6 clock source configuration done later after clock selection check */
 1914              		.loc 1 974 15 is_stmt 0 view .LVU549
 1915 0776 0121     		movs	r1, #1
 1916 0778 04F12800 		add	r0, r4, #40
 1917 077c FFF7FEFF 		bl	RCCEx_PLL3_Config
 1918              	.LVL197:
 1919 0780 0546     		mov	r5, r0
 1920              	.LVL198:
 976:Drivers/STM32H7xx_HAL_Driver/Src/stm32h7xx_hal_rcc_ex.c **** 
 1921              		.loc 1 976 9 is_stmt 1 view .LVU550
 1922 0782 72E6     		b	.L118
 1923              	.L195:
1006:Drivers/STM32H7xx_HAL_Driver/Src/stm32h7xx_hal_rcc_ex.c ****     }
 1924              		.loc 1 1006 14 is_stmt 0 view .LVU551
 1925 0784 2E46     		mov	r6, r5
 1926              	.LVL199:
1006:Drivers/STM32H7xx_HAL_Driver/Src/stm32h7xx_hal_rcc_ex.c ****     }
 1927              		.loc 1 1006 14 view .LVU552
 1928 0786 7AE6     		b	.L115
 1929              	.LVL200:
 1930              	.L233:
1013:Drivers/STM32H7xx_HAL_Driver/Src/stm32h7xx_hal_rcc_ex.c ****     {
 1931              		.loc 1 1013 5 view .LVU553
 1932 0788 0126     		movs	r6, #1
 1933              	.LVL201:
1013:Drivers/STM32H7xx_HAL_Driver/Src/stm32h7xx_hal_rcc_ex.c ****     {
 1934              		.loc 1 1013 5 view .LVU554
 1935 078a 3546     		mov	r5, r6
 1936              	.LVL202:
1013:Drivers/STM32H7xx_HAL_Driver/Src/stm32h7xx_hal_rcc_ex.c ****     {
 1937              		.loc 1 1013 5 view .LVU555
 1938 078c 95E6     		b	.L120
 1939              	.LVL203:
 1940              	.L122:
1013:Drivers/STM32H7xx_HAL_Driver/Src/stm32h7xx_hal_rcc_ex.c ****     {
 1941              		.loc 1 1013 5 view .LVU556
 1942 078e 033B     		subs	r3, r3, #3
 1943 0790 022B     		cmp	r3, #2
 1944 0792 7FF688AE 		bls	.L123
ARM GAS  C:\Users\jason\AppData\Local\Temp\ccSG31kR.s 			page 112


 1945 0796 0126     		movs	r6, #1
 1946              	.LVL204:
1013:Drivers/STM32H7xx_HAL_Driver/Src/stm32h7xx_hal_rcc_ex.c ****     {
 1947              		.loc 1 1013 5 view .LVU557
 1948 0798 3546     		mov	r5, r6
 1949              	.LVL205:
1013:Drivers/STM32H7xx_HAL_Driver/Src/stm32h7xx_hal_rcc_ex.c ****     {
 1950              		.loc 1 1013 5 view .LVU558
 1951 079a 8EE6     		b	.L120
 1952              	.LVL206:
 1953              	.L121:
1025:Drivers/STM32H7xx_HAL_Driver/Src/stm32h7xx_hal_rcc_ex.c ****         /* USART2/3/4/5/7/8 clock source configuration done later after clock selection check */
 1954              		.loc 1 1025 9 is_stmt 1 view .LVU559
1025:Drivers/STM32H7xx_HAL_Driver/Src/stm32h7xx_hal_rcc_ex.c ****         /* USART2/3/4/5/7/8 clock source configuration done later after clock selection check */
 1955              		.loc 1 1025 15 is_stmt 0 view .LVU560
 1956 079c 0121     		movs	r1, #1
 1957 079e 04F12800 		add	r0, r4, #40
 1958 07a2 FFF7FEFF 		bl	RCCEx_PLL3_Config
 1959              	.LVL207:
 1960 07a6 0546     		mov	r5, r0
 1961              	.LVL208:
1027:Drivers/STM32H7xx_HAL_Driver/Src/stm32h7xx_hal_rcc_ex.c **** 
 1962              		.loc 1 1027 9 is_stmt 1 view .LVU561
 1963 07a8 7DE6     		b	.L123
 1964              	.L197:
1057:Drivers/STM32H7xx_HAL_Driver/Src/stm32h7xx_hal_rcc_ex.c ****     }
 1965              		.loc 1 1057 14 is_stmt 0 view .LVU562
 1966 07aa 2E46     		mov	r6, r5
 1967              	.LVL209:
1057:Drivers/STM32H7xx_HAL_Driver/Src/stm32h7xx_hal_rcc_ex.c ****     }
 1968              		.loc 1 1057 14 view .LVU563
 1969 07ac 85E6     		b	.L120
 1970              	.LVL210:
 1971              	.L234:
1064:Drivers/STM32H7xx_HAL_Driver/Src/stm32h7xx_hal_rcc_ex.c ****     {
 1972              		.loc 1 1064 5 view .LVU564
 1973 07ae 0126     		movs	r6, #1
 1974              	.LVL211:
1064:Drivers/STM32H7xx_HAL_Driver/Src/stm32h7xx_hal_rcc_ex.c ****     {
 1975              		.loc 1 1064 5 view .LVU565
 1976 07b0 3546     		mov	r5, r6
 1977              	.LVL212:
1064:Drivers/STM32H7xx_HAL_Driver/Src/stm32h7xx_hal_rcc_ex.c ****     {
 1978              		.loc 1 1064 5 view .LVU566
 1979 07b2 A2E6     		b	.L125
 1980              	.LVL213:
 1981              	.L127:
1064:Drivers/STM32H7xx_HAL_Driver/Src/stm32h7xx_hal_rcc_ex.c ****     {
 1982              		.loc 1 1064 5 view .LVU567
 1983 07b4 033B     		subs	r3, r3, #3
 1984 07b6 022B     		cmp	r3, #2
 1985 07b8 7FF694AE 		bls	.L128
 1986 07bc 0126     		movs	r6, #1
 1987              	.LVL214:
1064:Drivers/STM32H7xx_HAL_Driver/Src/stm32h7xx_hal_rcc_ex.c ****     {
 1988              		.loc 1 1064 5 view .LVU568
 1989 07be 3546     		mov	r5, r6
ARM GAS  C:\Users\jason\AppData\Local\Temp\ccSG31kR.s 			page 113


 1990              	.LVL215:
1064:Drivers/STM32H7xx_HAL_Driver/Src/stm32h7xx_hal_rcc_ex.c ****     {
 1991              		.loc 1 1064 5 view .LVU569
 1992 07c0 9BE6     		b	.L125
 1993              	.LVL216:
 1994              	.L126:
1076:Drivers/STM32H7xx_HAL_Driver/Src/stm32h7xx_hal_rcc_ex.c ****         /* LPUART1 clock source configuration done later after clock selection check */
 1995              		.loc 1 1076 9 is_stmt 1 view .LVU570
1076:Drivers/STM32H7xx_HAL_Driver/Src/stm32h7xx_hal_rcc_ex.c ****         /* LPUART1 clock source configuration done later after clock selection check */
 1996              		.loc 1 1076 15 is_stmt 0 view .LVU571
 1997 07c2 0121     		movs	r1, #1
 1998 07c4 04F12800 		add	r0, r4, #40
 1999 07c8 FFF7FEFF 		bl	RCCEx_PLL3_Config
 2000              	.LVL217:
 2001 07cc 0546     		mov	r5, r0
 2002              	.LVL218:
1078:Drivers/STM32H7xx_HAL_Driver/Src/stm32h7xx_hal_rcc_ex.c **** 
 2003              		.loc 1 1078 9 is_stmt 1 view .LVU572
 2004 07ce 89E6     		b	.L128
 2005              	.L199:
1108:Drivers/STM32H7xx_HAL_Driver/Src/stm32h7xx_hal_rcc_ex.c ****     }
 2006              		.loc 1 1108 14 is_stmt 0 view .LVU573
 2007 07d0 2E46     		mov	r6, r5
 2008              	.LVL219:
1108:Drivers/STM32H7xx_HAL_Driver/Src/stm32h7xx_hal_rcc_ex.c ****     }
 2009              		.loc 1 1108 14 view .LVU574
 2010 07d2 92E6     		b	.L125
 2011              	.LVL220:
 2012              	.L235:
1115:Drivers/STM32H7xx_HAL_Driver/Src/stm32h7xx_hal_rcc_ex.c ****     {
 2013              		.loc 1 1115 5 view .LVU575
 2014 07d4 0126     		movs	r6, #1
 2015              	.LVL221:
1115:Drivers/STM32H7xx_HAL_Driver/Src/stm32h7xx_hal_rcc_ex.c ****     {
 2016              		.loc 1 1115 5 view .LVU576
 2017 07d6 3546     		mov	r5, r6
 2018              	.LVL222:
1115:Drivers/STM32H7xx_HAL_Driver/Src/stm32h7xx_hal_rcc_ex.c ****     {
 2019              		.loc 1 1115 5 view .LVU577
 2020 07d8 B1E6     		b	.L130
 2021              	.LVL223:
 2022              	.L132:
1115:Drivers/STM32H7xx_HAL_Driver/Src/stm32h7xx_hal_rcc_ex.c ****     {
 2023              		.loc 1 1115 5 view .LVU578
 2024 07da B3F1804F 		cmp	r3, #1073741824
 2025 07de 3FF4A3AE 		beq	.L133
 2026 07e2 B3F1A04F 		cmp	r3, #1342177280
 2027 07e6 3FF49FAE 		beq	.L133
 2028 07ea B3F1405F 		cmp	r3, #805306368
 2029 07ee 3FF49BAE 		beq	.L133
 2030 07f2 0126     		movs	r6, #1
 2031              	.LVL224:
1115:Drivers/STM32H7xx_HAL_Driver/Src/stm32h7xx_hal_rcc_ex.c ****     {
 2032              		.loc 1 1115 5 view .LVU579
 2033 07f4 3546     		mov	r5, r6
 2034              	.LVL225:
1115:Drivers/STM32H7xx_HAL_Driver/Src/stm32h7xx_hal_rcc_ex.c ****     {
ARM GAS  C:\Users\jason\AppData\Local\Temp\ccSG31kR.s 			page 114


 2035              		.loc 1 1115 5 view .LVU580
 2036 07f6 A2E6     		b	.L130
 2037              	.LVL226:
 2038              	.L131:
1129:Drivers/STM32H7xx_HAL_Driver/Src/stm32h7xx_hal_rcc_ex.c **** 
 2039              		.loc 1 1129 9 is_stmt 1 view .LVU581
1129:Drivers/STM32H7xx_HAL_Driver/Src/stm32h7xx_hal_rcc_ex.c **** 
 2040              		.loc 1 1129 15 is_stmt 0 view .LVU582
 2041 07f8 0221     		movs	r1, #2
 2042 07fa 04F12800 		add	r0, r4, #40
 2043 07fe FFF7FEFF 		bl	RCCEx_PLL3_Config
 2044              	.LVL227:
 2045 0802 0546     		mov	r5, r0
 2046              	.LVL228:
1132:Drivers/STM32H7xx_HAL_Driver/Src/stm32h7xx_hal_rcc_ex.c **** 
 2047              		.loc 1 1132 9 is_stmt 1 view .LVU583
 2048 0804 90E6     		b	.L133
 2049              	.L200:
1161:Drivers/STM32H7xx_HAL_Driver/Src/stm32h7xx_hal_rcc_ex.c ****     }
 2050              		.loc 1 1161 14 is_stmt 0 view .LVU584
 2051 0806 2E46     		mov	r6, r5
 2052              	.LVL229:
1161:Drivers/STM32H7xx_HAL_Driver/Src/stm32h7xx_hal_rcc_ex.c ****     }
 2053              		.loc 1 1161 14 view .LVU585
 2054 0808 99E6     		b	.L130
 2055              	.LVL230:
 2056              	.L236:
1168:Drivers/STM32H7xx_HAL_Driver/Src/stm32h7xx_hal_rcc_ex.c ****     {
 2057              		.loc 1 1168 5 view .LVU586
 2058 080a 0126     		movs	r6, #1
 2059              	.LVL231:
1168:Drivers/STM32H7xx_HAL_Driver/Src/stm32h7xx_hal_rcc_ex.c ****     {
 2060              		.loc 1 1168 5 view .LVU587
 2061 080c 3546     		mov	r5, r6
 2062              	.LVL232:
1168:Drivers/STM32H7xx_HAL_Driver/Src/stm32h7xx_hal_rcc_ex.c ****     {
 2063              		.loc 1 1168 5 view .LVU588
 2064 080e B8E6     		b	.L135
 2065              	.LVL233:
 2066              	.L137:
1168:Drivers/STM32H7xx_HAL_Driver/Src/stm32h7xx_hal_rcc_ex.c ****     {
 2067              		.loc 1 1168 5 view .LVU589
 2068 0810 B3F5805F 		cmp	r3, #4096
 2069 0814 3FF4AAAE 		beq	.L138
 2070 0818 B3F5A05F 		cmp	r3, #5120
 2071 081c 3FF4A6AE 		beq	.L138
 2072 0820 B3F5406F 		cmp	r3, #3072
 2073 0824 3FF4A2AE 		beq	.L138
 2074 0828 0126     		movs	r6, #1
 2075              	.LVL234:
1168:Drivers/STM32H7xx_HAL_Driver/Src/stm32h7xx_hal_rcc_ex.c ****     {
 2076              		.loc 1 1168 5 view .LVU590
 2077 082a 3546     		mov	r5, r6
 2078              	.LVL235:
1168:Drivers/STM32H7xx_HAL_Driver/Src/stm32h7xx_hal_rcc_ex.c ****     {
 2079              		.loc 1 1168 5 view .LVU591
 2080 082c A9E6     		b	.L135
ARM GAS  C:\Users\jason\AppData\Local\Temp\ccSG31kR.s 			page 115


 2081              	.LVL236:
 2082              	.L136:
1182:Drivers/STM32H7xx_HAL_Driver/Src/stm32h7xx_hal_rcc_ex.c **** 
 2083              		.loc 1 1182 9 is_stmt 1 view .LVU592
1182:Drivers/STM32H7xx_HAL_Driver/Src/stm32h7xx_hal_rcc_ex.c **** 
 2084              		.loc 1 1182 15 is_stmt 0 view .LVU593
 2085 082e 0221     		movs	r1, #2
 2086 0830 04F12800 		add	r0, r4, #40
 2087 0834 FFF7FEFF 		bl	RCCEx_PLL3_Config
 2088              	.LVL237:
 2089 0838 0546     		mov	r5, r0
 2090              	.LVL238:
1185:Drivers/STM32H7xx_HAL_Driver/Src/stm32h7xx_hal_rcc_ex.c **** 
 2091              		.loc 1 1185 9 is_stmt 1 view .LVU594
 2092 083a 97E6     		b	.L138
 2093              	.L201:
1214:Drivers/STM32H7xx_HAL_Driver/Src/stm32h7xx_hal_rcc_ex.c ****     }
 2094              		.loc 1 1214 14 is_stmt 0 view .LVU595
 2095 083c 2E46     		mov	r6, r5
 2096              	.LVL239:
1214:Drivers/STM32H7xx_HAL_Driver/Src/stm32h7xx_hal_rcc_ex.c ****     }
 2097              		.loc 1 1214 14 view .LVU596
 2098 083e A0E6     		b	.L135
 2099              	.LVL240:
 2100              	.L237:
1221:Drivers/STM32H7xx_HAL_Driver/Src/stm32h7xx_hal_rcc_ex.c ****     {
 2101              		.loc 1 1221 5 view .LVU597
 2102 0840 0126     		movs	r6, #1
 2103              	.LVL241:
1221:Drivers/STM32H7xx_HAL_Driver/Src/stm32h7xx_hal_rcc_ex.c ****     {
 2104              		.loc 1 1221 5 view .LVU598
 2105 0842 3546     		mov	r5, r6
 2106              	.LVL242:
1221:Drivers/STM32H7xx_HAL_Driver/Src/stm32h7xx_hal_rcc_ex.c ****     {
 2107              		.loc 1 1221 5 view .LVU599
 2108 0844 BFE6     		b	.L140
 2109              	.LVL243:
 2110              	.L142:
1221:Drivers/STM32H7xx_HAL_Driver/Src/stm32h7xx_hal_rcc_ex.c ****     {
 2111              		.loc 1 1221 5 view .LVU600
 2112 0846 B3F5004F 		cmp	r3, #32768
 2113 084a 3FF4B1AE 		beq	.L143
 2114 084e B3F5204F 		cmp	r3, #40960
 2115 0852 3FF4ADAE 		beq	.L143
 2116 0856 B3F5C04F 		cmp	r3, #24576
 2117 085a 3FF4A9AE 		beq	.L143
 2118 085e 0126     		movs	r6, #1
 2119              	.LVL244:
1221:Drivers/STM32H7xx_HAL_Driver/Src/stm32h7xx_hal_rcc_ex.c ****     {
 2120              		.loc 1 1221 5 view .LVU601
 2121 0860 3546     		mov	r5, r6
 2122              	.LVL245:
1221:Drivers/STM32H7xx_HAL_Driver/Src/stm32h7xx_hal_rcc_ex.c ****     {
 2123              		.loc 1 1221 5 view .LVU602
 2124 0862 B0E6     		b	.L140
 2125              	.LVL246:
 2126              	.L141:
ARM GAS  C:\Users\jason\AppData\Local\Temp\ccSG31kR.s 			page 116


1235:Drivers/STM32H7xx_HAL_Driver/Src/stm32h7xx_hal_rcc_ex.c **** 
 2127              		.loc 1 1235 9 is_stmt 1 view .LVU603
1235:Drivers/STM32H7xx_HAL_Driver/Src/stm32h7xx_hal_rcc_ex.c **** 
 2128              		.loc 1 1235 15 is_stmt 0 view .LVU604
 2129 0864 0221     		movs	r1, #2
 2130 0866 04F12800 		add	r0, r4, #40
 2131 086a FFF7FEFF 		bl	RCCEx_PLL3_Config
 2132              	.LVL247:
 2133 086e 0546     		mov	r5, r0
 2134              	.LVL248:
1238:Drivers/STM32H7xx_HAL_Driver/Src/stm32h7xx_hal_rcc_ex.c **** 
 2135              		.loc 1 1238 9 is_stmt 1 view .LVU605
 2136 0870 9EE6     		b	.L143
 2137              	.L202:
1267:Drivers/STM32H7xx_HAL_Driver/Src/stm32h7xx_hal_rcc_ex.c ****     }
 2138              		.loc 1 1267 14 is_stmt 0 view .LVU606
 2139 0872 2E46     		mov	r6, r5
 2140              	.LVL249:
1267:Drivers/STM32H7xx_HAL_Driver/Src/stm32h7xx_hal_rcc_ex.c ****     }
 2141              		.loc 1 1267 14 view .LVU607
 2142 0874 A7E6     		b	.L140
 2143              	.LVL250:
 2144              	.L238:
1297:Drivers/STM32H7xx_HAL_Driver/Src/stm32h7xx_hal_rcc_ex.c ****       {
 2145              		.loc 1 1297 7 is_stmt 1 view .LVU608
1297:Drivers/STM32H7xx_HAL_Driver/Src/stm32h7xx_hal_rcc_ex.c ****       {
 2146              		.loc 1 1297 11 is_stmt 0 view .LVU609
 2147 0876 0221     		movs	r1, #2
 2148 0878 04F12800 		add	r0, r4, #40
 2149 087c FFF7FEFF 		bl	RCCEx_PLL3_Config
 2150              	.LVL251:
1297:Drivers/STM32H7xx_HAL_Driver/Src/stm32h7xx_hal_rcc_ex.c ****       {
 2151              		.loc 1 1297 10 discriminator 1 view .LVU610
 2152 0880 0028     		cmp	r0, #0
 2153 0882 3FF4AAAE 		beq	.L146
1299:Drivers/STM32H7xx_HAL_Driver/Src/stm32h7xx_hal_rcc_ex.c ****       }
 2154              		.loc 1 1299 16 view .LVU611
 2155 0886 0126     		movs	r6, #1
 2156              	.LVL252:
1299:Drivers/STM32H7xx_HAL_Driver/Src/stm32h7xx_hal_rcc_ex.c ****       }
 2157              		.loc 1 1299 16 view .LVU612
 2158 0888 A7E6     		b	.L146
 2159              	.LVL253:
 2160              	.L239:
1316:Drivers/STM32H7xx_HAL_Driver/Src/stm32h7xx_hal_rcc_ex.c ****       {
 2161              		.loc 1 1316 7 is_stmt 1 view .LVU613
1316:Drivers/STM32H7xx_HAL_Driver/Src/stm32h7xx_hal_rcc_ex.c ****       {
 2162              		.loc 1 1316 11 is_stmt 0 view .LVU614
 2163 088a 0221     		movs	r1, #2
 2164 088c 04F12800 		add	r0, r4, #40
 2165 0890 FFF7FEFF 		bl	RCCEx_PLL3_Config
 2166              	.LVL254:
1316:Drivers/STM32H7xx_HAL_Driver/Src/stm32h7xx_hal_rcc_ex.c ****       {
 2167              		.loc 1 1316 10 discriminator 1 view .LVU615
 2168 0894 0028     		cmp	r0, #0
 2169 0896 3FF4B2AE 		beq	.L148
1318:Drivers/STM32H7xx_HAL_Driver/Src/stm32h7xx_hal_rcc_ex.c ****       }
ARM GAS  C:\Users\jason\AppData\Local\Temp\ccSG31kR.s 			page 117


 2170              		.loc 1 1318 16 view .LVU616
 2171 089a 0126     		movs	r6, #1
 2172              	.LVL255:
1318:Drivers/STM32H7xx_HAL_Driver/Src/stm32h7xx_hal_rcc_ex.c ****       }
 2173              		.loc 1 1318 16 view .LVU617
 2174 089c AFE6     		b	.L148
 2175              	.LVL256:
 2176              	.L150:
1340:Drivers/STM32H7xx_HAL_Driver/Src/stm32h7xx_hal_rcc_ex.c **** 
 2177              		.loc 1 1340 9 is_stmt 1 view .LVU618
1340:Drivers/STM32H7xx_HAL_Driver/Src/stm32h7xx_hal_rcc_ex.c **** 
 2178              		.loc 1 1340 15 is_stmt 0 view .LVU619
 2179 089e 0221     		movs	r1, #2
 2180 08a0 04F12800 		add	r0, r4, #40
 2181 08a4 FFF7FEFF 		bl	RCCEx_PLL3_Config
 2182              	.LVL257:
 2183 08a8 0546     		mov	r5, r0
 2184              	.LVL258:
1343:Drivers/STM32H7xx_HAL_Driver/Src/stm32h7xx_hal_rcc_ex.c **** 
 2185              		.loc 1 1343 9 is_stmt 1 view .LVU620
 2186 08aa C7E6     		b	.L151
 2187              	.L205:
1329:Drivers/STM32H7xx_HAL_Driver/Src/stm32h7xx_hal_rcc_ex.c ****     {
 2188              		.loc 1 1329 5 is_stmt 0 view .LVU621
 2189 08ac 0126     		movs	r6, #1
 2190              	.LVL259:
1329:Drivers/STM32H7xx_HAL_Driver/Src/stm32h7xx_hal_rcc_ex.c ****     {
 2191              		.loc 1 1329 5 view .LVU622
 2192 08ae 3546     		mov	r5, r6
 2193              	.LVL260:
1329:Drivers/STM32H7xx_HAL_Driver/Src/stm32h7xx_hal_rcc_ex.c ****     {
 2194              		.loc 1 1329 5 view .LVU623
 2195 08b0 00E0     		b	.L149
 2196              	.LVL261:
 2197              	.L206:
1363:Drivers/STM32H7xx_HAL_Driver/Src/stm32h7xx_hal_rcc_ex.c ****     }
 2198              		.loc 1 1363 14 view .LVU624
 2199 08b2 2E46     		mov	r6, r5
 2200              	.LVL262:
 2201              	.L149:
1368:Drivers/STM32H7xx_HAL_Driver/Src/stm32h7xx_hal_rcc_ex.c ****   {
 2202              		.loc 1 1368 3 is_stmt 1 view .LVU625
1368:Drivers/STM32H7xx_HAL_Driver/Src/stm32h7xx_hal_rcc_ex.c ****   {
 2203              		.loc 1 1368 22 is_stmt 0 view .LVU626
 2204 08b4 2368     		ldr	r3, [r4]
1368:Drivers/STM32H7xx_HAL_Driver/Src/stm32h7xx_hal_rcc_ex.c ****   {
 2205              		.loc 1 1368 6 view .LVU627
 2206 08b6 13F4802F 		tst	r3, #262144
 2207 08ba 18D0     		beq	.L152
1371:Drivers/STM32H7xx_HAL_Driver/Src/stm32h7xx_hal_rcc_ex.c ****     {
 2208              		.loc 1 1371 5 is_stmt 1 view .LVU628
1371:Drivers/STM32H7xx_HAL_Driver/Src/stm32h7xx_hal_rcc_ex.c ****     {
 2209              		.loc 1 1371 26 is_stmt 0 view .LVU629
 2210 08bc D4F88830 		ldr	r3, [r4, #136]
1371:Drivers/STM32H7xx_HAL_Driver/Src/stm32h7xx_hal_rcc_ex.c ****     {
 2211              		.loc 1 1371 5 view .LVU630
 2212 08c0 B3F5001F 		cmp	r3, #2097152
ARM GAS  C:\Users\jason\AppData\Local\Temp\ccSG31kR.s 			page 118


 2213 08c4 1FD0     		beq	.L153
 2214 08c6 B3F5401F 		cmp	r3, #3145728
 2215 08ca 07D0     		beq	.L154
 2216 08cc B3F5801F 		cmp	r3, #1048576
 2217 08d0 20D1     		bne	.L207
1375:Drivers/STM32H7xx_HAL_Driver/Src/stm32h7xx_hal_rcc_ex.c **** 
 2218              		.loc 1 1375 9 is_stmt 1 view .LVU631
 2219 08d2 1E4A     		ldr	r2, .L256+4
 2220 08d4 D36A     		ldr	r3, [r2, #44]
 2221 08d6 43F40033 		orr	r3, r3, #131072
 2222 08da D362     		str	r3, [r2, #44]
1378:Drivers/STM32H7xx_HAL_Driver/Src/stm32h7xx_hal_rcc_ex.c **** 
 2223              		.loc 1 1378 9 view .LVU632
 2224              	.L154:
1397:Drivers/STM32H7xx_HAL_Driver/Src/stm32h7xx_hal_rcc_ex.c ****     {
 2225              		.loc 1 1397 5 view .LVU633
1397:Drivers/STM32H7xx_HAL_Driver/Src/stm32h7xx_hal_rcc_ex.c ****     {
 2226              		.loc 1 1397 8 is_stmt 0 view .LVU634
 2227 08dc EDB9     		cbnz	r5, .L208
1400:Drivers/STM32H7xx_HAL_Driver/Src/stm32h7xx_hal_rcc_ex.c ****     }
 2228              		.loc 1 1400 7 is_stmt 1 view .LVU635
 2229 08de 1B4A     		ldr	r2, .L256+4
 2230 08e0 536D     		ldr	r3, [r2, #84]
 2231 08e2 23F44013 		bic	r3, r3, #3145728
 2232 08e6 D4F88810 		ldr	r1, [r4, #136]
 2233 08ea 0B43     		orrs	r3, r3, r1
 2234 08ec 5365     		str	r3, [r2, #84]
 2235              	.LVL263:
 2236              	.L152:
1411:Drivers/STM32H7xx_HAL_Driver/Src/stm32h7xx_hal_rcc_ex.c ****   {
 2237              		.loc 1 1411 3 view .LVU636
1411:Drivers/STM32H7xx_HAL_Driver/Src/stm32h7xx_hal_rcc_ex.c ****   {
 2238              		.loc 1 1411 22 is_stmt 0 view .LVU637
 2239 08ee 2368     		ldr	r3, [r4]
1411:Drivers/STM32H7xx_HAL_Driver/Src/stm32h7xx_hal_rcc_ex.c ****   {
 2240              		.loc 1 1411 6 view .LVU638
 2241 08f0 13F4803F 		tst	r3, #65536
 2242 08f4 2FD0     		beq	.L155
1414:Drivers/STM32H7xx_HAL_Driver/Src/stm32h7xx_hal_rcc_ex.c **** 
 2243              		.loc 1 1414 5 is_stmt 1 view .LVU639
1416:Drivers/STM32H7xx_HAL_Driver/Src/stm32h7xx_hal_rcc_ex.c ****     {
 2244              		.loc 1 1416 5 view .LVU640
1416:Drivers/STM32H7xx_HAL_Driver/Src/stm32h7xx_hal_rcc_ex.c ****     {
 2245              		.loc 1 1416 26 is_stmt 0 view .LVU641
 2246 08f6 236D     		ldr	r3, [r4, #80]
1416:Drivers/STM32H7xx_HAL_Driver/Src/stm32h7xx_hal_rcc_ex.c ****     {
 2247              		.loc 1 1416 5 view .LVU642
 2248 08f8 8BB1     		cbz	r3, .L156
 2249 08fa B3F5803F 		cmp	r3, #65536
 2250 08fe 1CD0     		beq	.L157
 2251 0900 0126     		movs	r6, #1
 2252              	.LVL264:
1416:Drivers/STM32H7xx_HAL_Driver/Src/stm32h7xx_hal_rcc_ex.c ****     {
 2253              		.loc 1 1416 5 view .LVU643
 2254 0902 3546     		mov	r5, r6
 2255              	.LVL265:
1416:Drivers/STM32H7xx_HAL_Driver/Src/stm32h7xx_hal_rcc_ex.c ****     {
ARM GAS  C:\Users\jason\AppData\Local\Temp\ccSG31kR.s 			page 119


 2256              		.loc 1 1416 5 view .LVU644
 2257 0904 27E0     		b	.L155
 2258              	.LVL266:
 2259              	.L153:
1382:Drivers/STM32H7xx_HAL_Driver/Src/stm32h7xx_hal_rcc_ex.c **** 
 2260              		.loc 1 1382 9 is_stmt 1 view .LVU645
1382:Drivers/STM32H7xx_HAL_Driver/Src/stm32h7xx_hal_rcc_ex.c **** 
 2261              		.loc 1 1382 15 is_stmt 0 view .LVU646
 2262 0906 0121     		movs	r1, #1
 2263 0908 04F12800 		add	r0, r4, #40
 2264 090c FFF7FEFF 		bl	RCCEx_PLL3_Config
 2265              	.LVL267:
 2266 0910 0546     		mov	r5, r0
 2267              	.LVL268:
1385:Drivers/STM32H7xx_HAL_Driver/Src/stm32h7xx_hal_rcc_ex.c **** 
 2268              		.loc 1 1385 9 is_stmt 1 view .LVU647
 2269 0912 E3E7     		b	.L154
 2270              	.L207:
1371:Drivers/STM32H7xx_HAL_Driver/Src/stm32h7xx_hal_rcc_ex.c ****     {
 2271              		.loc 1 1371 5 is_stmt 0 view .LVU648
 2272 0914 0126     		movs	r6, #1
 2273              	.LVL269:
1371:Drivers/STM32H7xx_HAL_Driver/Src/stm32h7xx_hal_rcc_ex.c ****     {
 2274              		.loc 1 1371 5 view .LVU649
 2275 0916 3546     		mov	r5, r6
 2276              	.LVL270:
1371:Drivers/STM32H7xx_HAL_Driver/Src/stm32h7xx_hal_rcc_ex.c ****     {
 2277              		.loc 1 1371 5 view .LVU650
 2278 0918 E9E7     		b	.L152
 2279              	.LVL271:
 2280              	.L208:
1405:Drivers/STM32H7xx_HAL_Driver/Src/stm32h7xx_hal_rcc_ex.c ****     }
 2281              		.loc 1 1405 14 view .LVU651
 2282 091a 2E46     		mov	r6, r5
 2283              	.LVL272:
1405:Drivers/STM32H7xx_HAL_Driver/Src/stm32h7xx_hal_rcc_ex.c ****     }
 2284              		.loc 1 1405 14 view .LVU652
 2285 091c E7E7     		b	.L152
 2286              	.LVL273:
 2287              	.L156:
1420:Drivers/STM32H7xx_HAL_Driver/Src/stm32h7xx_hal_rcc_ex.c **** 
 2288              		.loc 1 1420 9 is_stmt 1 view .LVU653
 2289 091e 0B4A     		ldr	r2, .L256+4
 2290 0920 D36A     		ldr	r3, [r2, #44]
 2291 0922 43F40033 		orr	r3, r3, #131072
 2292 0926 D362     		str	r3, [r2, #44]
1423:Drivers/STM32H7xx_HAL_Driver/Src/stm32h7xx_hal_rcc_ex.c **** 
 2293              		.loc 1 1423 9 view .LVU654
 2294              	.L158:
1437:Drivers/STM32H7xx_HAL_Driver/Src/stm32h7xx_hal_rcc_ex.c ****     {
 2295              		.loc 1 1437 5 view .LVU655
1437:Drivers/STM32H7xx_HAL_Driver/Src/stm32h7xx_hal_rcc_ex.c ****     {
 2296              		.loc 1 1437 8 is_stmt 0 view .LVU656
 2297 0928 A5B9     		cbnz	r5, .L209
1440:Drivers/STM32H7xx_HAL_Driver/Src/stm32h7xx_hal_rcc_ex.c ****     }
 2298              		.loc 1 1440 7 is_stmt 1 view .LVU657
 2299 092a 084A     		ldr	r2, .L256+4
ARM GAS  C:\Users\jason\AppData\Local\Temp\ccSG31kR.s 			page 120


 2300 092c D36C     		ldr	r3, [r2, #76]
 2301 092e 23F48033 		bic	r3, r3, #65536
 2302 0932 216D     		ldr	r1, [r4, #80]
 2303 0934 0B43     		orrs	r3, r3, r1
 2304 0936 D364     		str	r3, [r2, #76]
 2305 0938 0DE0     		b	.L155
 2306              	.L157:
1427:Drivers/STM32H7xx_HAL_Driver/Src/stm32h7xx_hal_rcc_ex.c **** 
 2307              		.loc 1 1427 9 view .LVU658
1427:Drivers/STM32H7xx_HAL_Driver/Src/stm32h7xx_hal_rcc_ex.c **** 
 2308              		.loc 1 1427 15 is_stmt 0 view .LVU659
 2309 093a 0221     		movs	r1, #2
 2310 093c 04F10800 		add	r0, r4, #8
 2311 0940 FFF7FEFF 		bl	RCCEx_PLL2_Config
 2312              	.LVL274:
 2313 0944 0546     		mov	r5, r0
 2314              	.LVL275:
1430:Drivers/STM32H7xx_HAL_Driver/Src/stm32h7xx_hal_rcc_ex.c **** 
 2315              		.loc 1 1430 9 is_stmt 1 view .LVU660
 2316 0946 EFE7     		b	.L158
 2317              	.L257:
 2318              		.align	2
 2319              	.L256:
 2320 0948 00480258 		.word	1476544512
 2321 094c 00440258 		.word	1476543488
 2322 0950 CFFFFF00 		.word	16777167
 2323              	.L209:
1445:Drivers/STM32H7xx_HAL_Driver/Src/stm32h7xx_hal_rcc_ex.c ****     }
 2324              		.loc 1 1445 14 is_stmt 0 view .LVU661
 2325 0954 2E46     		mov	r6, r5
 2326              	.LVL276:
 2327              	.L155:
1451:Drivers/STM32H7xx_HAL_Driver/Src/stm32h7xx_hal_rcc_ex.c ****   {
 2328              		.loc 1 1451 3 is_stmt 1 view .LVU662
1451:Drivers/STM32H7xx_HAL_Driver/Src/stm32h7xx_hal_rcc_ex.c ****   {
 2329              		.loc 1 1451 22 is_stmt 0 view .LVU663
 2330 0956 2368     		ldr	r3, [r4]
1451:Drivers/STM32H7xx_HAL_Driver/Src/stm32h7xx_hal_rcc_ex.c ****   {
 2331              		.loc 1 1451 6 view .LVU664
 2332 0958 13F0005F 		tst	r3, #536870912
 2333 095c 11D1     		bne	.L242
 2334              	.LVL277:
 2335              	.L159:
1461:Drivers/STM32H7xx_HAL_Driver/Src/stm32h7xx_hal_rcc_ex.c ****   {
 2336              		.loc 1 1461 3 is_stmt 1 view .LVU665
1461:Drivers/STM32H7xx_HAL_Driver/Src/stm32h7xx_hal_rcc_ex.c ****   {
 2337              		.loc 1 1461 22 is_stmt 0 view .LVU666
 2338 095e 2368     		ldr	r3, [r4]
1461:Drivers/STM32H7xx_HAL_Driver/Src/stm32h7xx_hal_rcc_ex.c ****   {
 2339              		.loc 1 1461 6 view .LVU667
 2340 0960 13F4003F 		tst	r3, #131072
 2341 0964 28D0     		beq	.L160
1464:Drivers/STM32H7xx_HAL_Driver/Src/stm32h7xx_hal_rcc_ex.c ****     {
 2342              		.loc 1 1464 5 is_stmt 1 view .LVU668
1464:Drivers/STM32H7xx_HAL_Driver/Src/stm32h7xx_hal_rcc_ex.c ****     {
 2343              		.loc 1 1464 26 is_stmt 0 view .LVU669
 2344 0966 D4F88030 		ldr	r3, [r4, #128]
ARM GAS  C:\Users\jason\AppData\Local\Temp\ccSG31kR.s 			page 121


1464:Drivers/STM32H7xx_HAL_Driver/Src/stm32h7xx_hal_rcc_ex.c ****     {
 2345              		.loc 1 1464 5 view .LVU670
 2346 096a B3F5807F 		cmp	r3, #256
 2347 096e 14D0     		beq	.L161
 2348 0970 10D9     		bls	.L243
 2349 0972 B3F5007F 		cmp	r3, #512
 2350 0976 15D0     		beq	.L163
 2351 0978 B3F5407F 		cmp	r3, #768
 2352 097c 12D0     		beq	.L163
 2353 097e 0126     		movs	r6, #1
 2354              	.LVL278:
1464:Drivers/STM32H7xx_HAL_Driver/Src/stm32h7xx_hal_rcc_ex.c ****     {
 2355              		.loc 1 1464 5 view .LVU671
 2356 0980 1AE0     		b	.L160
 2357              	.LVL279:
 2358              	.L242:
1453:Drivers/STM32H7xx_HAL_Driver/Src/stm32h7xx_hal_rcc_ex.c ****     {
 2359              		.loc 1 1453 5 is_stmt 1 view .LVU672
1453:Drivers/STM32H7xx_HAL_Driver/Src/stm32h7xx_hal_rcc_ex.c ****     {
 2360              		.loc 1 1453 9 is_stmt 0 view .LVU673
 2361 0982 0221     		movs	r1, #2
 2362 0984 04F12800 		add	r0, r4, #40
 2363 0988 FFF7FEFF 		bl	RCCEx_PLL3_Config
 2364              	.LVL280:
1453:Drivers/STM32H7xx_HAL_Driver/Src/stm32h7xx_hal_rcc_ex.c ****     {
 2365              		.loc 1 1453 8 discriminator 1 view .LVU674
 2366 098c 0028     		cmp	r0, #0
 2367 098e E6D0     		beq	.L159
1455:Drivers/STM32H7xx_HAL_Driver/Src/stm32h7xx_hal_rcc_ex.c ****     }
 2368              		.loc 1 1455 14 view .LVU675
 2369 0990 0126     		movs	r6, #1
 2370              	.LVL281:
1455:Drivers/STM32H7xx_HAL_Driver/Src/stm32h7xx_hal_rcc_ex.c ****     }
 2371              		.loc 1 1455 14 view .LVU676
 2372 0992 E4E7     		b	.L159
 2373              	.LVL282:
 2374              	.L243:
1464:Drivers/STM32H7xx_HAL_Driver/Src/stm32h7xx_hal_rcc_ex.c ****     {
 2375              		.loc 1 1464 5 view .LVU677
 2376 0994 33B1     		cbz	r3, .L163
 2377 0996 0126     		movs	r6, #1
 2378              	.LVL283:
1464:Drivers/STM32H7xx_HAL_Driver/Src/stm32h7xx_hal_rcc_ex.c ****     {
 2379              		.loc 1 1464 5 view .LVU678
 2380 0998 0EE0     		b	.L160
 2381              	.LVL284:
 2382              	.L161:
1468:Drivers/STM32H7xx_HAL_Driver/Src/stm32h7xx_hal_rcc_ex.c **** 
 2383              		.loc 1 1468 9 is_stmt 1 view .LVU679
 2384 099a 544A     		ldr	r2, .L258
 2385 099c D36A     		ldr	r3, [r2, #44]
 2386 099e 43F40033 		orr	r3, r3, #131072
 2387 09a2 D362     		str	r3, [r2, #44]
1471:Drivers/STM32H7xx_HAL_Driver/Src/stm32h7xx_hal_rcc_ex.c **** 
 2388              		.loc 1 1471 9 view .LVU680
 2389              	.L163:
1492:Drivers/STM32H7xx_HAL_Driver/Src/stm32h7xx_hal_rcc_ex.c ****     {
ARM GAS  C:\Users\jason\AppData\Local\Temp\ccSG31kR.s 			page 122


 2390              		.loc 1 1492 5 view .LVU681
1492:Drivers/STM32H7xx_HAL_Driver/Src/stm32h7xx_hal_rcc_ex.c ****     {
 2391              		.loc 1 1492 8 is_stmt 0 view .LVU682
 2392 09a4 002D     		cmp	r5, #0
 2393 09a6 69D1     		bne	.L211
1495:Drivers/STM32H7xx_HAL_Driver/Src/stm32h7xx_hal_rcc_ex.c ****     }
 2394              		.loc 1 1495 7 is_stmt 1 view .LVU683
 2395 09a8 504A     		ldr	r2, .L258
 2396 09aa 536D     		ldr	r3, [r2, #84]
 2397 09ac 23F44073 		bic	r3, r3, #768
 2398 09b0 D4F88010 		ldr	r1, [r4, #128]
 2399 09b4 0B43     		orrs	r3, r3, r1
 2400 09b6 5365     		str	r3, [r2, #84]
 2401              	.LVL285:
 2402              	.L160:
1506:Drivers/STM32H7xx_HAL_Driver/Src/stm32h7xx_hal_rcc_ex.c ****   {
 2403              		.loc 1 1506 3 view .LVU684
1506:Drivers/STM32H7xx_HAL_Driver/Src/stm32h7xx_hal_rcc_ex.c ****   {
 2404              		.loc 1 1506 22 is_stmt 0 view .LVU685
 2405 09b8 2368     		ldr	r3, [r4]
1506:Drivers/STM32H7xx_HAL_Driver/Src/stm32h7xx_hal_rcc_ex.c ****   {
 2406              		.loc 1 1506 6 view .LVU686
 2407 09ba 13F4801F 		tst	r3, #1048576
 2408 09be 06D0     		beq	.L164
1509:Drivers/STM32H7xx_HAL_Driver/Src/stm32h7xx_hal_rcc_ex.c **** 
 2409              		.loc 1 1509 5 is_stmt 1 view .LVU687
1512:Drivers/STM32H7xx_HAL_Driver/Src/stm32h7xx_hal_rcc_ex.c ****   }
 2410              		.loc 1 1512 5 view .LVU688
 2411 09c0 4A4A     		ldr	r2, .L258
 2412 09c2 136D     		ldr	r3, [r2, #80]
 2413 09c4 23F00043 		bic	r3, r3, #-2147483648
 2414 09c8 616F     		ldr	r1, [r4, #116]
 2415 09ca 0B43     		orrs	r3, r3, r1
 2416 09cc 1365     		str	r3, [r2, #80]
 2417              	.L164:
1516:Drivers/STM32H7xx_HAL_Driver/Src/stm32h7xx_hal_rcc_ex.c ****   {
 2418              		.loc 1 1516 3 view .LVU689
1516:Drivers/STM32H7xx_HAL_Driver/Src/stm32h7xx_hal_rcc_ex.c ****   {
 2419              		.loc 1 1516 22 is_stmt 0 view .LVU690
 2420 09ce 2368     		ldr	r3, [r4]
1516:Drivers/STM32H7xx_HAL_Driver/Src/stm32h7xx_hal_rcc_ex.c ****   {
 2421              		.loc 1 1516 6 view .LVU691
 2422 09d0 13F0805F 		tst	r3, #268435456
 2423 09d4 07D0     		beq	.L165
1519:Drivers/STM32H7xx_HAL_Driver/Src/stm32h7xx_hal_rcc_ex.c **** 
 2424              		.loc 1 1519 5 is_stmt 1 view .LVU692
1522:Drivers/STM32H7xx_HAL_Driver/Src/stm32h7xx_hal_rcc_ex.c ****   }
 2425              		.loc 1 1522 5 view .LVU693
 2426 09d6 454A     		ldr	r2, .L258
 2427 09d8 1369     		ldr	r3, [r2, #16]
 2428 09da 23F48043 		bic	r3, r3, #16384
 2429 09de D4F8B810 		ldr	r1, [r4, #184]
 2430 09e2 0B43     		orrs	r3, r3, r1
 2431 09e4 1361     		str	r3, [r2, #16]
 2432              	.L165:
1526:Drivers/STM32H7xx_HAL_Driver/Src/stm32h7xx_hal_rcc_ex.c ****   {
 2433              		.loc 1 1526 3 view .LVU694
ARM GAS  C:\Users\jason\AppData\Local\Temp\ccSG31kR.s 			page 123


1526:Drivers/STM32H7xx_HAL_Driver/Src/stm32h7xx_hal_rcc_ex.c ****   {
 2434              		.loc 1 1526 22 is_stmt 0 view .LVU695
 2435 09e6 2368     		ldr	r3, [r4]
1526:Drivers/STM32H7xx_HAL_Driver/Src/stm32h7xx_hal_rcc_ex.c ****   {
 2436              		.loc 1 1526 6 view .LVU696
 2437 09e8 13F4001F 		tst	r3, #2097152
 2438 09ec 06D0     		beq	.L166
1529:Drivers/STM32H7xx_HAL_Driver/Src/stm32h7xx_hal_rcc_ex.c **** 
 2439              		.loc 1 1529 5 is_stmt 1 view .LVU697
1532:Drivers/STM32H7xx_HAL_Driver/Src/stm32h7xx_hal_rcc_ex.c ****   }
 2440              		.loc 1 1532 5 view .LVU698
 2441 09ee 3F4A     		ldr	r2, .L258
 2442 09f0 136D     		ldr	r3, [r2, #80]
 2443 09f2 23F08073 		bic	r3, r3, #16777216
 2444 09f6 E16E     		ldr	r1, [r4, #108]
 2445 09f8 0B43     		orrs	r3, r3, r1
 2446 09fa 1365     		str	r3, [r2, #80]
 2447              	.L166:
1548:Drivers/STM32H7xx_HAL_Driver/Src/stm32h7xx_hal_rcc_ex.c ****   {
 2448              		.loc 1 1548 3 view .LVU699
1548:Drivers/STM32H7xx_HAL_Driver/Src/stm32h7xx_hal_rcc_ex.c ****   {
 2449              		.loc 1 1548 22 is_stmt 0 view .LVU700
 2450 09fc 2368     		ldr	r3, [r4]
1548:Drivers/STM32H7xx_HAL_Driver/Src/stm32h7xx_hal_rcc_ex.c ****   {
 2451              		.loc 1 1548 6 view .LVU701
 2452 09fe 13F0804F 		tst	r3, #1073741824
 2453 0a02 09D0     		beq	.L167
1551:Drivers/STM32H7xx_HAL_Driver/Src/stm32h7xx_hal_rcc_ex.c **** 
 2454              		.loc 1 1551 5 is_stmt 1 view .LVU702
1554:Drivers/STM32H7xx_HAL_Driver/Src/stm32h7xx_hal_rcc_ex.c ****   }
 2455              		.loc 1 1554 5 view .LVU703
1554:Drivers/STM32H7xx_HAL_Driver/Src/stm32h7xx_hal_rcc_ex.c ****   }
 2456              		.loc 1 1554 5 view .LVU704
 2457 0a04 394B     		ldr	r3, .L258
 2458 0a06 1A69     		ldr	r2, [r3, #16]
 2459 0a08 22F40042 		bic	r2, r2, #32768
 2460 0a0c 1A61     		str	r2, [r3, #16]
1554:Drivers/STM32H7xx_HAL_Driver/Src/stm32h7xx_hal_rcc_ex.c ****   }
 2461              		.loc 1 1554 5 view .LVU705
 2462 0a0e 1A69     		ldr	r2, [r3, #16]
 2463 0a10 D4F8BC10 		ldr	r1, [r4, #188]
 2464 0a14 0A43     		orrs	r2, r2, r1
 2465 0a16 1A61     		str	r2, [r3, #16]
 2466              	.L167:
1554:Drivers/STM32H7xx_HAL_Driver/Src/stm32h7xx_hal_rcc_ex.c ****   }
 2467              		.loc 1 1554 5 view .LVU706
1558:Drivers/STM32H7xx_HAL_Driver/Src/stm32h7xx_hal_rcc_ex.c ****   {
 2468              		.loc 1 1558 3 view .LVU707
1558:Drivers/STM32H7xx_HAL_Driver/Src/stm32h7xx_hal_rcc_ex.c ****   {
 2469              		.loc 1 1558 22 is_stmt 0 view .LVU708
 2470 0a18 2368     		ldr	r3, [r4]
1558:Drivers/STM32H7xx_HAL_Driver/Src/stm32h7xx_hal_rcc_ex.c ****   {
 2471              		.loc 1 1558 6 view .LVU709
 2472 0a1a 002B     		cmp	r3, #0
 2473 0a1c 06DA     		bge	.L168
1561:Drivers/STM32H7xx_HAL_Driver/Src/stm32h7xx_hal_rcc_ex.c **** 
 2474              		.loc 1 1561 5 is_stmt 1 view .LVU710
ARM GAS  C:\Users\jason\AppData\Local\Temp\ccSG31kR.s 			page 124


1564:Drivers/STM32H7xx_HAL_Driver/Src/stm32h7xx_hal_rcc_ex.c ****   }
 2475              		.loc 1 1564 5 view .LVU711
 2476 0a1e 334A     		ldr	r2, .L258
 2477 0a20 D36C     		ldr	r3, [r2, #76]
 2478 0a22 23F04053 		bic	r3, r3, #805306368
 2479 0a26 616D     		ldr	r1, [r4, #84]
 2480 0a28 0B43     		orrs	r3, r3, r1
 2481 0a2a D364     		str	r3, [r2, #76]
 2482              	.L168:
1568:Drivers/STM32H7xx_HAL_Driver/Src/stm32h7xx_hal_rcc_ex.c ****   {
 2483              		.loc 1 1568 3 view .LVU712
1568:Drivers/STM32H7xx_HAL_Driver/Src/stm32h7xx_hal_rcc_ex.c ****   {
 2484              		.loc 1 1568 22 is_stmt 0 view .LVU713
 2485 0a2c 2368     		ldr	r3, [r4]
1568:Drivers/STM32H7xx_HAL_Driver/Src/stm32h7xx_hal_rcc_ex.c ****   {
 2486              		.loc 1 1568 6 view .LVU714
 2487 0a2e 13F4000F 		tst	r3, #8388608
 2488 0a32 07D0     		beq	.L169
1571:Drivers/STM32H7xx_HAL_Driver/Src/stm32h7xx_hal_rcc_ex.c **** 
 2489              		.loc 1 1571 5 is_stmt 1 view .LVU715
1574:Drivers/STM32H7xx_HAL_Driver/Src/stm32h7xx_hal_rcc_ex.c ****   }
 2490              		.loc 1 1574 5 view .LVU716
 2491 0a34 2D4A     		ldr	r2, .L258
 2492 0a36 536D     		ldr	r3, [r2, #84]
 2493 0a38 23F44003 		bic	r3, r3, #12582912
 2494 0a3c D4F88C10 		ldr	r1, [r4, #140]
 2495 0a40 0B43     		orrs	r3, r3, r1
 2496 0a42 5365     		str	r3, [r2, #84]
 2497              	.L169:
1578:Drivers/STM32H7xx_HAL_Driver/Src/stm32h7xx_hal_rcc_ex.c ****   {
 2498              		.loc 1 1578 3 view .LVU717
1578:Drivers/STM32H7xx_HAL_Driver/Src/stm32h7xx_hal_rcc_ex.c ****   {
 2499              		.loc 1 1578 22 is_stmt 0 view .LVU718
 2500 0a44 6368     		ldr	r3, [r4, #4]
1578:Drivers/STM32H7xx_HAL_Driver/Src/stm32h7xx_hal_rcc_ex.c ****   {
 2501              		.loc 1 1578 6 view .LVU719
 2502 0a46 13F0010F 		tst	r3, #1
 2503 0a4a 19D1     		bne	.L244
 2504              	.LVL286:
 2505              	.L170:
1594:Drivers/STM32H7xx_HAL_Driver/Src/stm32h7xx_hal_rcc_ex.c ****   {
 2506              		.loc 1 1594 3 is_stmt 1 view .LVU720
1594:Drivers/STM32H7xx_HAL_Driver/Src/stm32h7xx_hal_rcc_ex.c ****   {
 2507              		.loc 1 1594 22 is_stmt 0 view .LVU721
 2508 0a4c 6368     		ldr	r3, [r4, #4]
1594:Drivers/STM32H7xx_HAL_Driver/Src/stm32h7xx_hal_rcc_ex.c ****   {
 2509              		.loc 1 1594 6 view .LVU722
 2510 0a4e 13F0020F 		tst	r3, #2
 2511 0a52 1ED1     		bne	.L245
 2512              	.LVL287:
 2513              	.L171:
1610:Drivers/STM32H7xx_HAL_Driver/Src/stm32h7xx_hal_rcc_ex.c ****   {
 2514              		.loc 1 1610 3 is_stmt 1 view .LVU723
1610:Drivers/STM32H7xx_HAL_Driver/Src/stm32h7xx_hal_rcc_ex.c ****   {
 2515              		.loc 1 1610 22 is_stmt 0 view .LVU724
 2516 0a54 6368     		ldr	r3, [r4, #4]
1610:Drivers/STM32H7xx_HAL_Driver/Src/stm32h7xx_hal_rcc_ex.c ****   {
ARM GAS  C:\Users\jason\AppData\Local\Temp\ccSG31kR.s 			page 125


 2517              		.loc 1 1610 6 view .LVU725
 2518 0a56 13F0040F 		tst	r3, #4
 2519 0a5a 23D1     		bne	.L246
 2520              	.LVL288:
 2521              	.L172:
1627:Drivers/STM32H7xx_HAL_Driver/Src/stm32h7xx_hal_rcc_ex.c ****   {
 2522              		.loc 1 1627 3 is_stmt 1 view .LVU726
1627:Drivers/STM32H7xx_HAL_Driver/Src/stm32h7xx_hal_rcc_ex.c ****   {
 2523              		.loc 1 1627 22 is_stmt 0 view .LVU727
 2524 0a5c 6368     		ldr	r3, [r4, #4]
1627:Drivers/STM32H7xx_HAL_Driver/Src/stm32h7xx_hal_rcc_ex.c ****   {
 2525              		.loc 1 1627 6 view .LVU728
 2526 0a5e 13F0080F 		tst	r3, #8
 2527 0a62 28D1     		bne	.L247
 2528              	.LVL289:
 2529              	.L173:
1643:Drivers/STM32H7xx_HAL_Driver/Src/stm32h7xx_hal_rcc_ex.c ****   {
 2530              		.loc 1 1643 3 is_stmt 1 view .LVU729
1643:Drivers/STM32H7xx_HAL_Driver/Src/stm32h7xx_hal_rcc_ex.c ****   {
 2531              		.loc 1 1643 22 is_stmt 0 view .LVU730
 2532 0a64 6368     		ldr	r3, [r4, #4]
1643:Drivers/STM32H7xx_HAL_Driver/Src/stm32h7xx_hal_rcc_ex.c ****   {
 2533              		.loc 1 1643 6 view .LVU731
 2534 0a66 13F0100F 		tst	r3, #16
 2535 0a6a 2DD1     		bne	.L248
 2536              	.LVL290:
 2537              	.L174:
1659:Drivers/STM32H7xx_HAL_Driver/Src/stm32h7xx_hal_rcc_ex.c ****   {
 2538              		.loc 1 1659 3 is_stmt 1 view .LVU732
1659:Drivers/STM32H7xx_HAL_Driver/Src/stm32h7xx_hal_rcc_ex.c ****   {
 2539              		.loc 1 1659 22 is_stmt 0 view .LVU733
 2540 0a6c 6368     		ldr	r3, [r4, #4]
1659:Drivers/STM32H7xx_HAL_Driver/Src/stm32h7xx_hal_rcc_ex.c ****   {
 2541              		.loc 1 1659 6 view .LVU734
 2542 0a6e 13F0200F 		tst	r3, #32
 2543 0a72 32D1     		bne	.L249
 2544              	.L175:
1674:Drivers/STM32H7xx_HAL_Driver/Src/stm32h7xx_hal_rcc_ex.c ****   {
 2545              		.loc 1 1674 3 is_stmt 1 view .LVU735
1674:Drivers/STM32H7xx_HAL_Driver/Src/stm32h7xx_hal_rcc_ex.c ****   {
 2546              		.loc 1 1674 6 is_stmt 0 view .LVU736
 2547 0a74 06B1     		cbz	r6, .L176
1678:Drivers/STM32H7xx_HAL_Driver/Src/stm32h7xx_hal_rcc_ex.c **** }
 2548              		.loc 1 1678 10 view .LVU737
 2549 0a76 0126     		movs	r6, #1
 2550              	.LVL291:
 2551              	.L176:
1679:Drivers/STM32H7xx_HAL_Driver/Src/stm32h7xx_hal_rcc_ex.c **** 
 2552              		.loc 1 1679 1 view .LVU738
 2553 0a78 3046     		mov	r0, r6
 2554 0a7a F8BD     		pop	{r3, r4, r5, r6, r7, pc}
 2555              	.LVL292:
 2556              	.L211:
1500:Drivers/STM32H7xx_HAL_Driver/Src/stm32h7xx_hal_rcc_ex.c ****     }
 2557              		.loc 1 1500 14 view .LVU739
 2558 0a7c 2E46     		mov	r6, r5
 2559              	.LVL293:
ARM GAS  C:\Users\jason\AppData\Local\Temp\ccSG31kR.s 			page 126


1500:Drivers/STM32H7xx_HAL_Driver/Src/stm32h7xx_hal_rcc_ex.c ****     }
 2560              		.loc 1 1500 14 view .LVU740
 2561 0a7e 9BE7     		b	.L160
 2562              	.LVL294:
 2563              	.L244:
1580:Drivers/STM32H7xx_HAL_Driver/Src/stm32h7xx_hal_rcc_ex.c ****     
 2564              		.loc 1 1580 5 is_stmt 1 view .LVU741
1580:Drivers/STM32H7xx_HAL_Driver/Src/stm32h7xx_hal_rcc_ex.c ****     
 2565              		.loc 1 1580 11 is_stmt 0 view .LVU742
 2566 0a80 0021     		movs	r1, #0
 2567 0a82 04F10800 		add	r0, r4, #8
 2568 0a86 FFF7FEFF 		bl	RCCEx_PLL2_Config
 2569              	.LVL295:
1582:Drivers/STM32H7xx_HAL_Driver/Src/stm32h7xx_hal_rcc_ex.c ****     {
 2570              		.loc 1 1582 5 is_stmt 1 view .LVU743
1582:Drivers/STM32H7xx_HAL_Driver/Src/stm32h7xx_hal_rcc_ex.c ****     {
 2571              		.loc 1 1582 8 is_stmt 0 view .LVU744
 2572 0a8a 0028     		cmp	r0, #0
 2573 0a8c DED0     		beq	.L170
1589:Drivers/STM32H7xx_HAL_Driver/Src/stm32h7xx_hal_rcc_ex.c ****     } 
 2574              		.loc 1 1589 14 view .LVU745
 2575 0a8e 0646     		mov	r6, r0
 2576              	.LVL296:
1589:Drivers/STM32H7xx_HAL_Driver/Src/stm32h7xx_hal_rcc_ex.c ****     } 
 2577              		.loc 1 1589 14 view .LVU746
 2578 0a90 DCE7     		b	.L170
 2579              	.LVL297:
 2580              	.L245:
1596:Drivers/STM32H7xx_HAL_Driver/Src/stm32h7xx_hal_rcc_ex.c ****     
 2581              		.loc 1 1596 5 is_stmt 1 view .LVU747
1596:Drivers/STM32H7xx_HAL_Driver/Src/stm32h7xx_hal_rcc_ex.c ****     
 2582              		.loc 1 1596 11 is_stmt 0 view .LVU748
 2583 0a92 0121     		movs	r1, #1
 2584 0a94 04F10800 		add	r0, r4, #8
 2585 0a98 FFF7FEFF 		bl	RCCEx_PLL2_Config
 2586              	.LVL298:
1598:Drivers/STM32H7xx_HAL_Driver/Src/stm32h7xx_hal_rcc_ex.c ****     {
 2587              		.loc 1 1598 5 is_stmt 1 view .LVU749
1598:Drivers/STM32H7xx_HAL_Driver/Src/stm32h7xx_hal_rcc_ex.c ****     {
 2588              		.loc 1 1598 8 is_stmt 0 view .LVU750
 2589 0a9c 0028     		cmp	r0, #0
 2590 0a9e D9D0     		beq	.L171
1605:Drivers/STM32H7xx_HAL_Driver/Src/stm32h7xx_hal_rcc_ex.c ****     }
 2591              		.loc 1 1605 14 view .LVU751
 2592 0aa0 0646     		mov	r6, r0
 2593              	.LVL299:
1605:Drivers/STM32H7xx_HAL_Driver/Src/stm32h7xx_hal_rcc_ex.c ****     }
 2594              		.loc 1 1605 14 view .LVU752
 2595 0aa2 D7E7     		b	.L171
 2596              	.LVL300:
 2597              	.L246:
1612:Drivers/STM32H7xx_HAL_Driver/Src/stm32h7xx_hal_rcc_ex.c ****     
 2598              		.loc 1 1612 5 is_stmt 1 view .LVU753
1612:Drivers/STM32H7xx_HAL_Driver/Src/stm32h7xx_hal_rcc_ex.c ****     
 2599              		.loc 1 1612 11 is_stmt 0 view .LVU754
 2600 0aa4 0221     		movs	r1, #2
 2601 0aa6 04F10800 		add	r0, r4, #8
ARM GAS  C:\Users\jason\AppData\Local\Temp\ccSG31kR.s 			page 127


 2602 0aaa FFF7FEFF 		bl	RCCEx_PLL2_Config
 2603              	.LVL301:
1614:Drivers/STM32H7xx_HAL_Driver/Src/stm32h7xx_hal_rcc_ex.c ****     {
 2604              		.loc 1 1614 5 is_stmt 1 view .LVU755
1614:Drivers/STM32H7xx_HAL_Driver/Src/stm32h7xx_hal_rcc_ex.c ****     {
 2605              		.loc 1 1614 8 is_stmt 0 view .LVU756
 2606 0aae 0028     		cmp	r0, #0
 2607 0ab0 D4D0     		beq	.L172
1621:Drivers/STM32H7xx_HAL_Driver/Src/stm32h7xx_hal_rcc_ex.c ****     }
 2608              		.loc 1 1621 14 view .LVU757
 2609 0ab2 0646     		mov	r6, r0
 2610              	.LVL302:
1621:Drivers/STM32H7xx_HAL_Driver/Src/stm32h7xx_hal_rcc_ex.c ****     }
 2611              		.loc 1 1621 14 view .LVU758
 2612 0ab4 D2E7     		b	.L172
 2613              	.LVL303:
 2614              	.L247:
1629:Drivers/STM32H7xx_HAL_Driver/Src/stm32h7xx_hal_rcc_ex.c ****   
 2615              		.loc 1 1629 5 is_stmt 1 view .LVU759
1629:Drivers/STM32H7xx_HAL_Driver/Src/stm32h7xx_hal_rcc_ex.c ****   
 2616              		.loc 1 1629 11 is_stmt 0 view .LVU760
 2617 0ab6 0021     		movs	r1, #0
 2618 0ab8 04F12800 		add	r0, r4, #40
 2619 0abc FFF7FEFF 		bl	RCCEx_PLL3_Config
 2620              	.LVL304:
1631:Drivers/STM32H7xx_HAL_Driver/Src/stm32h7xx_hal_rcc_ex.c ****     {
 2621              		.loc 1 1631 5 is_stmt 1 view .LVU761
1631:Drivers/STM32H7xx_HAL_Driver/Src/stm32h7xx_hal_rcc_ex.c ****     {
 2622              		.loc 1 1631 8 is_stmt 0 view .LVU762
 2623 0ac0 0028     		cmp	r0, #0
 2624 0ac2 CFD0     		beq	.L173
1638:Drivers/STM32H7xx_HAL_Driver/Src/stm32h7xx_hal_rcc_ex.c ****     }
 2625              		.loc 1 1638 14 view .LVU763
 2626 0ac4 0646     		mov	r6, r0
 2627              	.LVL305:
1638:Drivers/STM32H7xx_HAL_Driver/Src/stm32h7xx_hal_rcc_ex.c ****     }
 2628              		.loc 1 1638 14 view .LVU764
 2629 0ac6 CDE7     		b	.L173
 2630              	.LVL306:
 2631              	.L248:
1645:Drivers/STM32H7xx_HAL_Driver/Src/stm32h7xx_hal_rcc_ex.c ****     
 2632              		.loc 1 1645 5 is_stmt 1 view .LVU765
1645:Drivers/STM32H7xx_HAL_Driver/Src/stm32h7xx_hal_rcc_ex.c ****     
 2633              		.loc 1 1645 11 is_stmt 0 view .LVU766
 2634 0ac8 0121     		movs	r1, #1
 2635 0aca 04F12800 		add	r0, r4, #40
 2636 0ace FFF7FEFF 		bl	RCCEx_PLL3_Config
 2637              	.LVL307:
1647:Drivers/STM32H7xx_HAL_Driver/Src/stm32h7xx_hal_rcc_ex.c ****     {
 2638              		.loc 1 1647 5 is_stmt 1 view .LVU767
1647:Drivers/STM32H7xx_HAL_Driver/Src/stm32h7xx_hal_rcc_ex.c ****     {
 2639              		.loc 1 1647 8 is_stmt 0 view .LVU768
 2640 0ad2 0028     		cmp	r0, #0
 2641 0ad4 CAD0     		beq	.L174
1654:Drivers/STM32H7xx_HAL_Driver/Src/stm32h7xx_hal_rcc_ex.c ****     }
 2642              		.loc 1 1654 14 view .LVU769
 2643 0ad6 0646     		mov	r6, r0
ARM GAS  C:\Users\jason\AppData\Local\Temp\ccSG31kR.s 			page 128


 2644              	.LVL308:
1654:Drivers/STM32H7xx_HAL_Driver/Src/stm32h7xx_hal_rcc_ex.c ****     }
 2645              		.loc 1 1654 14 view .LVU770
 2646 0ad8 C8E7     		b	.L174
 2647              	.LVL309:
 2648              	.L249:
1661:Drivers/STM32H7xx_HAL_Driver/Src/stm32h7xx_hal_rcc_ex.c ****     
 2649              		.loc 1 1661 5 is_stmt 1 view .LVU771
1661:Drivers/STM32H7xx_HAL_Driver/Src/stm32h7xx_hal_rcc_ex.c ****     
 2650              		.loc 1 1661 11 is_stmt 0 view .LVU772
 2651 0ada 0221     		movs	r1, #2
 2652 0adc 04F12800 		add	r0, r4, #40
 2653 0ae0 FFF7FEFF 		bl	RCCEx_PLL3_Config
 2654              	.LVL310:
1663:Drivers/STM32H7xx_HAL_Driver/Src/stm32h7xx_hal_rcc_ex.c ****     {
 2655              		.loc 1 1663 5 is_stmt 1 view .LVU773
1663:Drivers/STM32H7xx_HAL_Driver/Src/stm32h7xx_hal_rcc_ex.c ****     {
 2656              		.loc 1 1663 8 is_stmt 0 view .LVU774
 2657 0ae4 0028     		cmp	r0, #0
 2658 0ae6 C5D0     		beq	.L175
1678:Drivers/STM32H7xx_HAL_Driver/Src/stm32h7xx_hal_rcc_ex.c **** }
 2659              		.loc 1 1678 10 view .LVU775
 2660 0ae8 0126     		movs	r6, #1
 2661              	.LVL311:
1678:Drivers/STM32H7xx_HAL_Driver/Src/stm32h7xx_hal_rcc_ex.c **** }
 2662              		.loc 1 1678 10 view .LVU776
 2663 0aea C5E7     		b	.L176
 2664              	.L259:
 2665              		.align	2
 2666              	.L258:
 2667 0aec 00440258 		.word	1476543488
 2668              		.cfi_endproc
 2669              	.LFE144:
 2671              		.section	.text.HAL_RCCEx_GetPeriphCLKConfig,"ax",%progbits
 2672              		.align	1
 2673              		.global	HAL_RCCEx_GetPeriphCLKConfig
 2674              		.syntax unified
 2675              		.thumb
 2676              		.thumb_func
 2678              	HAL_RCCEx_GetPeriphCLKConfig:
 2679              	.LVL312:
 2680              	.LFB145:
1693:Drivers/STM32H7xx_HAL_Driver/Src/stm32h7xx_hal_rcc_ex.c ****   /* Set all possible values for the extended clock type parameter------------*/
 2681              		.loc 1 1693 1 is_stmt 1 view -0
 2682              		.cfi_startproc
 2683              		@ args = 0, pretend = 0, frame = 0
 2684              		@ frame_needed = 0, uses_anonymous_args = 0
 2685              		@ link register save eliminated.
1695:Drivers/STM32H7xx_HAL_Driver/Src/stm32h7xx_hal_rcc_ex.c ****     RCC_PERIPHCLK_USART16 | RCC_PERIPHCLK_USART234578 | RCC_PERIPHCLK_LPUART1 |
 2686              		.loc 1 1695 3 view .LVU778
1695:Drivers/STM32H7xx_HAL_Driver/Src/stm32h7xx_hal_rcc_ex.c ****     RCC_PERIPHCLK_USART16 | RCC_PERIPHCLK_USART234578 | RCC_PERIPHCLK_LPUART1 |
 2687              		.loc 1 1695 39 is_stmt 0 view .LVU779
 2688 0000 774A     		ldr	r2, .L263
 2689 0002 0023     		movs	r3, #0
 2690 0004 C0E90023 		strd	r2, [r0]
1707:Drivers/STM32H7xx_HAL_Driver/Src/stm32h7xx_hal_rcc_ex.c **** #endif /*I2C5*/
 2691              		.loc 1 1707 3 is_stmt 1 view .LVU780
ARM GAS  C:\Users\jason\AppData\Local\Temp\ccSG31kR.s 			page 129


1707:Drivers/STM32H7xx_HAL_Driver/Src/stm32h7xx_hal_rcc_ex.c **** #endif /*I2C5*/
 2692              		.loc 1 1707 39 is_stmt 0 view .LVU781
 2693 0008 764A     		ldr	r2, .L263+4
 2694 000a 0023     		movs	r3, #0
 2695 000c C0E90023 		strd	r2, [r0]
1716:Drivers/STM32H7xx_HAL_Driver/Src/stm32h7xx_hal_rcc_ex.c **** #endif /* SAI3 */
 2696              		.loc 1 1716 3 is_stmt 1 view .LVU782
1716:Drivers/STM32H7xx_HAL_Driver/Src/stm32h7xx_hal_rcc_ex.c **** #endif /* SAI3 */
 2697              		.loc 1 1716 39 is_stmt 0 view .LVU783
 2698 0010 754A     		ldr	r2, .L263+8
 2699 0012 0023     		movs	r3, #0
 2700 0014 C0E90023 		strd	r2, [r0]
1719:Drivers/STM32H7xx_HAL_Driver/Src/stm32h7xx_hal_rcc_ex.c ****   PeriphClkInit->PeriphClockSelection |= RCC_PERIPHCLK_SAI4B;
 2701              		.loc 1 1719 3 is_stmt 1 view .LVU784
1719:Drivers/STM32H7xx_HAL_Driver/Src/stm32h7xx_hal_rcc_ex.c ****   PeriphClkInit->PeriphClockSelection |= RCC_PERIPHCLK_SAI4B;
 2702              		.loc 1 1719 39 is_stmt 0 view .LVU785
 2703 0018 744A     		ldr	r2, .L263+12
 2704 001a 0023     		movs	r3, #0
 2705 001c C0E90023 		strd	r2, [r0]
1720:Drivers/STM32H7xx_HAL_Driver/Src/stm32h7xx_hal_rcc_ex.c **** #endif /* SAI4 */
 2706              		.loc 1 1720 3 is_stmt 1 view .LVU786
1720:Drivers/STM32H7xx_HAL_Driver/Src/stm32h7xx_hal_rcc_ex.c **** #endif /* SAI4 */
 2707              		.loc 1 1720 39 is_stmt 0 view .LVU787
 2708 0020 6FF05852 		mvn	r2, #905969664
 2709 0024 0023     		movs	r3, #0
 2710 0026 C0E90023 		strd	r2, [r0]
1726:Drivers/STM32H7xx_HAL_Driver/Src/stm32h7xx_hal_rcc_ex.c **** #endif /* QUADSPI */
 2711              		.loc 1 1726 3 is_stmt 1 view .LVU788
1726:Drivers/STM32H7xx_HAL_Driver/Src/stm32h7xx_hal_rcc_ex.c **** #endif /* QUADSPI */
 2712              		.loc 1 1726 39 is_stmt 0 view .LVU789
 2713 002a 6FF05052 		mvn	r2, #872415232
 2714 002e 0023     		movs	r3, #0
 2715 0030 C0E90023 		strd	r2, [r0]
1732:Drivers/STM32H7xx_HAL_Driver/Src/stm32h7xx_hal_rcc_ex.c **** #endif /* HRTIM1 */
 2716              		.loc 1 1732 3 is_stmt 1 view .LVU790
1732:Drivers/STM32H7xx_HAL_Driver/Src/stm32h7xx_hal_rcc_ex.c **** #endif /* HRTIM1 */
 2717              		.loc 1 1732 39 is_stmt 0 view .LVU791
 2718 0034 6FF01052 		mvn	r2, #603979776
 2719 0038 0023     		movs	r3, #0
 2720 003a C0E90023 		strd	r2, [r0]
1735:Drivers/STM32H7xx_HAL_Driver/Src/stm32h7xx_hal_rcc_ex.c **** #endif /* LTDC */
 2721              		.loc 1 1735 3 is_stmt 1 view .LVU792
1735:Drivers/STM32H7xx_HAL_Driver/Src/stm32h7xx_hal_rcc_ex.c **** #endif /* LTDC */
 2722              		.loc 1 1735 39 is_stmt 0 view .LVU793
 2723 003e 6FF08062 		mvn	r2, #67108864
 2724 0042 0023     		movs	r3, #0
 2725 0044 C0E90023 		strd	r2, [r0]
1742:Drivers/STM32H7xx_HAL_Driver/Src/stm32h7xx_hal_rcc_ex.c ****   PeriphClkInit->PLL3.PLL3N = (uint32_t)((RCC->PLL3DIVR & RCC_PLL3DIVR_N3) >> RCC_PLL3DIVR_N3_Pos) 
 2726              		.loc 1 1742 3 is_stmt 1 view .LVU794
1742:Drivers/STM32H7xx_HAL_Driver/Src/stm32h7xx_hal_rcc_ex.c ****   PeriphClkInit->PLL3.PLL3N = (uint32_t)((RCC->PLL3DIVR & RCC_PLL3DIVR_N3) >> RCC_PLL3DIVR_N3_Pos) 
 2727              		.loc 1 1742 46 is_stmt 0 view .LVU795
 2728 0048 694B     		ldr	r3, .L263+16
 2729 004a 9A6A     		ldr	r2, [r3, #40]
1742:Drivers/STM32H7xx_HAL_Driver/Src/stm32h7xx_hal_rcc_ex.c ****   PeriphClkInit->PLL3.PLL3N = (uint32_t)((RCC->PLL3DIVR & RCC_PLL3DIVR_N3) >> RCC_PLL3DIVR_N3_Pos) 
 2730              		.loc 1 1742 31 view .LVU796
 2731 004c C2F30552 		ubfx	r2, r2, #20, #6
1742:Drivers/STM32H7xx_HAL_Driver/Src/stm32h7xx_hal_rcc_ex.c ****   PeriphClkInit->PLL3.PLL3N = (uint32_t)((RCC->PLL3DIVR & RCC_PLL3DIVR_N3) >> RCC_PLL3DIVR_N3_Pos) 
ARM GAS  C:\Users\jason\AppData\Local\Temp\ccSG31kR.s 			page 130


 2732              		.loc 1 1742 29 view .LVU797
 2733 0050 8262     		str	r2, [r0, #40]
1743:Drivers/STM32H7xx_HAL_Driver/Src/stm32h7xx_hal_rcc_ex.c ****   PeriphClkInit->PLL3.PLL3R = (uint32_t)((RCC->PLL3DIVR & RCC_PLL3DIVR_R3) >> RCC_PLL3DIVR_R3_Pos) 
 2734              		.loc 1 1743 3 is_stmt 1 view .LVU798
1743:Drivers/STM32H7xx_HAL_Driver/Src/stm32h7xx_hal_rcc_ex.c ****   PeriphClkInit->PLL3.PLL3R = (uint32_t)((RCC->PLL3DIVR & RCC_PLL3DIVR_R3) >> RCC_PLL3DIVR_R3_Pos) 
 2735              		.loc 1 1743 46 is_stmt 0 view .LVU799
 2736 0052 1A6C     		ldr	r2, [r3, #64]
1743:Drivers/STM32H7xx_HAL_Driver/Src/stm32h7xx_hal_rcc_ex.c ****   PeriphClkInit->PLL3.PLL3R = (uint32_t)((RCC->PLL3DIVR & RCC_PLL3DIVR_R3) >> RCC_PLL3DIVR_R3_Pos) 
 2737              		.loc 1 1743 31 view .LVU800
 2738 0054 C2F30802 		ubfx	r2, r2, #0, #9
1743:Drivers/STM32H7xx_HAL_Driver/Src/stm32h7xx_hal_rcc_ex.c ****   PeriphClkInit->PLL3.PLL3R = (uint32_t)((RCC->PLL3DIVR & RCC_PLL3DIVR_R3) >> RCC_PLL3DIVR_R3_Pos) 
 2739              		.loc 1 1743 100 view .LVU801
 2740 0058 0132     		adds	r2, r2, #1
1743:Drivers/STM32H7xx_HAL_Driver/Src/stm32h7xx_hal_rcc_ex.c ****   PeriphClkInit->PLL3.PLL3R = (uint32_t)((RCC->PLL3DIVR & RCC_PLL3DIVR_R3) >> RCC_PLL3DIVR_R3_Pos) 
 2741              		.loc 1 1743 29 view .LVU802
 2742 005a C262     		str	r2, [r0, #44]
1744:Drivers/STM32H7xx_HAL_Driver/Src/stm32h7xx_hal_rcc_ex.c ****   PeriphClkInit->PLL3.PLL3P = (uint32_t)((RCC->PLL3DIVR & RCC_PLL3DIVR_P3) >> RCC_PLL3DIVR_P3_Pos) 
 2743              		.loc 1 1744 3 is_stmt 1 view .LVU803
1744:Drivers/STM32H7xx_HAL_Driver/Src/stm32h7xx_hal_rcc_ex.c ****   PeriphClkInit->PLL3.PLL3P = (uint32_t)((RCC->PLL3DIVR & RCC_PLL3DIVR_P3) >> RCC_PLL3DIVR_P3_Pos) 
 2744              		.loc 1 1744 46 is_stmt 0 view .LVU804
 2745 005c 1A6C     		ldr	r2, [r3, #64]
1744:Drivers/STM32H7xx_HAL_Driver/Src/stm32h7xx_hal_rcc_ex.c ****   PeriphClkInit->PLL3.PLL3P = (uint32_t)((RCC->PLL3DIVR & RCC_PLL3DIVR_P3) >> RCC_PLL3DIVR_P3_Pos) 
 2746              		.loc 1 1744 31 view .LVU805
 2747 005e C2F30662 		ubfx	r2, r2, #24, #7
1744:Drivers/STM32H7xx_HAL_Driver/Src/stm32h7xx_hal_rcc_ex.c ****   PeriphClkInit->PLL3.PLL3P = (uint32_t)((RCC->PLL3DIVR & RCC_PLL3DIVR_P3) >> RCC_PLL3DIVR_P3_Pos) 
 2748              		.loc 1 1744 100 view .LVU806
 2749 0062 0132     		adds	r2, r2, #1
1744:Drivers/STM32H7xx_HAL_Driver/Src/stm32h7xx_hal_rcc_ex.c ****   PeriphClkInit->PLL3.PLL3P = (uint32_t)((RCC->PLL3DIVR & RCC_PLL3DIVR_P3) >> RCC_PLL3DIVR_P3_Pos) 
 2750              		.loc 1 1744 29 view .LVU807
 2751 0064 8263     		str	r2, [r0, #56]
1745:Drivers/STM32H7xx_HAL_Driver/Src/stm32h7xx_hal_rcc_ex.c ****   PeriphClkInit->PLL3.PLL3Q = (uint32_t)((RCC->PLL3DIVR & RCC_PLL3DIVR_Q3) >> RCC_PLL3DIVR_Q3_Pos) 
 2752              		.loc 1 1745 3 is_stmt 1 view .LVU808
1745:Drivers/STM32H7xx_HAL_Driver/Src/stm32h7xx_hal_rcc_ex.c ****   PeriphClkInit->PLL3.PLL3Q = (uint32_t)((RCC->PLL3DIVR & RCC_PLL3DIVR_Q3) >> RCC_PLL3DIVR_Q3_Pos) 
 2753              		.loc 1 1745 46 is_stmt 0 view .LVU809
 2754 0066 1A6C     		ldr	r2, [r3, #64]
1745:Drivers/STM32H7xx_HAL_Driver/Src/stm32h7xx_hal_rcc_ex.c ****   PeriphClkInit->PLL3.PLL3Q = (uint32_t)((RCC->PLL3DIVR & RCC_PLL3DIVR_Q3) >> RCC_PLL3DIVR_Q3_Pos) 
 2755              		.loc 1 1745 31 view .LVU810
 2756 0068 C2F34622 		ubfx	r2, r2, #9, #7
1745:Drivers/STM32H7xx_HAL_Driver/Src/stm32h7xx_hal_rcc_ex.c ****   PeriphClkInit->PLL3.PLL3Q = (uint32_t)((RCC->PLL3DIVR & RCC_PLL3DIVR_Q3) >> RCC_PLL3DIVR_Q3_Pos) 
 2757              		.loc 1 1745 100 view .LVU811
 2758 006c 0132     		adds	r2, r2, #1
1745:Drivers/STM32H7xx_HAL_Driver/Src/stm32h7xx_hal_rcc_ex.c ****   PeriphClkInit->PLL3.PLL3Q = (uint32_t)((RCC->PLL3DIVR & RCC_PLL3DIVR_Q3) >> RCC_PLL3DIVR_Q3_Pos) 
 2759              		.loc 1 1745 29 view .LVU812
 2760 006e 0263     		str	r2, [r0, #48]
1746:Drivers/STM32H7xx_HAL_Driver/Src/stm32h7xx_hal_rcc_ex.c ****   PeriphClkInit->PLL3.PLL3RGE = (uint32_t)((RCC->PLLCFGR & RCC_PLLCFGR_PLL3RGE) >> RCC_PLLCFGR_PLL3
 2761              		.loc 1 1746 3 is_stmt 1 view .LVU813
1746:Drivers/STM32H7xx_HAL_Driver/Src/stm32h7xx_hal_rcc_ex.c ****   PeriphClkInit->PLL3.PLL3RGE = (uint32_t)((RCC->PLLCFGR & RCC_PLLCFGR_PLL3RGE) >> RCC_PLLCFGR_PLL3
 2762              		.loc 1 1746 46 is_stmt 0 view .LVU814
 2763 0070 1A6C     		ldr	r2, [r3, #64]
1746:Drivers/STM32H7xx_HAL_Driver/Src/stm32h7xx_hal_rcc_ex.c ****   PeriphClkInit->PLL3.PLL3RGE = (uint32_t)((RCC->PLLCFGR & RCC_PLLCFGR_PLL3RGE) >> RCC_PLLCFGR_PLL3
 2764              		.loc 1 1746 31 view .LVU815
 2765 0072 C2F30642 		ubfx	r2, r2, #16, #7
1746:Drivers/STM32H7xx_HAL_Driver/Src/stm32h7xx_hal_rcc_ex.c ****   PeriphClkInit->PLL3.PLL3RGE = (uint32_t)((RCC->PLLCFGR & RCC_PLLCFGR_PLL3RGE) >> RCC_PLLCFGR_PLL3
 2766              		.loc 1 1746 100 view .LVU816
 2767 0076 0132     		adds	r2, r2, #1
1746:Drivers/STM32H7xx_HAL_Driver/Src/stm32h7xx_hal_rcc_ex.c ****   PeriphClkInit->PLL3.PLL3RGE = (uint32_t)((RCC->PLLCFGR & RCC_PLLCFGR_PLL3RGE) >> RCC_PLLCFGR_PLL3
 2768              		.loc 1 1746 29 view .LVU817
ARM GAS  C:\Users\jason\AppData\Local\Temp\ccSG31kR.s 			page 131


 2769 0078 4263     		str	r2, [r0, #52]
1747:Drivers/STM32H7xx_HAL_Driver/Src/stm32h7xx_hal_rcc_ex.c ****   PeriphClkInit->PLL3.PLL3VCOSEL = (uint32_t)((RCC->PLLCFGR & RCC_PLLCFGR_PLL3VCOSEL) >> RCC_PLLCFG
 2770              		.loc 1 1747 3 is_stmt 1 view .LVU818
1747:Drivers/STM32H7xx_HAL_Driver/Src/stm32h7xx_hal_rcc_ex.c ****   PeriphClkInit->PLL3.PLL3VCOSEL = (uint32_t)((RCC->PLLCFGR & RCC_PLLCFGR_PLL3VCOSEL) >> RCC_PLLCFG
 2771              		.loc 1 1747 48 is_stmt 0 view .LVU819
 2772 007a DA6A     		ldr	r2, [r3, #44]
1747:Drivers/STM32H7xx_HAL_Driver/Src/stm32h7xx_hal_rcc_ex.c ****   PeriphClkInit->PLL3.PLL3VCOSEL = (uint32_t)((RCC->PLLCFGR & RCC_PLLCFGR_PLL3VCOSEL) >> RCC_PLLCFG
 2773              		.loc 1 1747 33 view .LVU820
 2774 007c C2F38122 		ubfx	r2, r2, #10, #2
1747:Drivers/STM32H7xx_HAL_Driver/Src/stm32h7xx_hal_rcc_ex.c ****   PeriphClkInit->PLL3.PLL3VCOSEL = (uint32_t)((RCC->PLLCFGR & RCC_PLLCFGR_PLL3VCOSEL) >> RCC_PLLCFG
 2775              		.loc 1 1747 31 view .LVU821
 2776 0080 C263     		str	r2, [r0, #60]
1748:Drivers/STM32H7xx_HAL_Driver/Src/stm32h7xx_hal_rcc_ex.c **** 
 2777              		.loc 1 1748 3 is_stmt 1 view .LVU822
1748:Drivers/STM32H7xx_HAL_Driver/Src/stm32h7xx_hal_rcc_ex.c **** 
 2778              		.loc 1 1748 51 is_stmt 0 view .LVU823
 2779 0082 DA6A     		ldr	r2, [r3, #44]
1748:Drivers/STM32H7xx_HAL_Driver/Src/stm32h7xx_hal_rcc_ex.c **** 
 2780              		.loc 1 1748 36 view .LVU824
 2781 0084 C2F34022 		ubfx	r2, r2, #9, #1
1748:Drivers/STM32H7xx_HAL_Driver/Src/stm32h7xx_hal_rcc_ex.c **** 
 2782              		.loc 1 1748 34 view .LVU825
 2783 0088 0264     		str	r2, [r0, #64]
1751:Drivers/STM32H7xx_HAL_Driver/Src/stm32h7xx_hal_rcc_ex.c ****   PeriphClkInit->PLL2.PLL2N = (uint32_t)((RCC->PLL2DIVR & RCC_PLL2DIVR_N2) >> RCC_PLL2DIVR_N2_Pos) 
 2784              		.loc 1 1751 3 is_stmt 1 view .LVU826
1751:Drivers/STM32H7xx_HAL_Driver/Src/stm32h7xx_hal_rcc_ex.c ****   PeriphClkInit->PLL2.PLL2N = (uint32_t)((RCC->PLL2DIVR & RCC_PLL2DIVR_N2) >> RCC_PLL2DIVR_N2_Pos) 
 2785              		.loc 1 1751 46 is_stmt 0 view .LVU827
 2786 008a 9A6A     		ldr	r2, [r3, #40]
1751:Drivers/STM32H7xx_HAL_Driver/Src/stm32h7xx_hal_rcc_ex.c ****   PeriphClkInit->PLL2.PLL2N = (uint32_t)((RCC->PLL2DIVR & RCC_PLL2DIVR_N2) >> RCC_PLL2DIVR_N2_Pos) 
 2787              		.loc 1 1751 31 view .LVU828
 2788 008c C2F30532 		ubfx	r2, r2, #12, #6
1751:Drivers/STM32H7xx_HAL_Driver/Src/stm32h7xx_hal_rcc_ex.c ****   PeriphClkInit->PLL2.PLL2N = (uint32_t)((RCC->PLL2DIVR & RCC_PLL2DIVR_N2) >> RCC_PLL2DIVR_N2_Pos) 
 2789              		.loc 1 1751 29 view .LVU829
 2790 0090 8260     		str	r2, [r0, #8]
1752:Drivers/STM32H7xx_HAL_Driver/Src/stm32h7xx_hal_rcc_ex.c ****   PeriphClkInit->PLL2.PLL2R = (uint32_t)((RCC->PLL2DIVR & RCC_PLL2DIVR_R2) >> RCC_PLL2DIVR_R2_Pos) 
 2791              		.loc 1 1752 3 is_stmt 1 view .LVU830
1752:Drivers/STM32H7xx_HAL_Driver/Src/stm32h7xx_hal_rcc_ex.c ****   PeriphClkInit->PLL2.PLL2R = (uint32_t)((RCC->PLL2DIVR & RCC_PLL2DIVR_R2) >> RCC_PLL2DIVR_R2_Pos) 
 2792              		.loc 1 1752 46 is_stmt 0 view .LVU831
 2793 0092 9A6B     		ldr	r2, [r3, #56]
1752:Drivers/STM32H7xx_HAL_Driver/Src/stm32h7xx_hal_rcc_ex.c ****   PeriphClkInit->PLL2.PLL2R = (uint32_t)((RCC->PLL2DIVR & RCC_PLL2DIVR_R2) >> RCC_PLL2DIVR_R2_Pos) 
 2794              		.loc 1 1752 31 view .LVU832
 2795 0094 C2F30802 		ubfx	r2, r2, #0, #9
1752:Drivers/STM32H7xx_HAL_Driver/Src/stm32h7xx_hal_rcc_ex.c ****   PeriphClkInit->PLL2.PLL2R = (uint32_t)((RCC->PLL2DIVR & RCC_PLL2DIVR_R2) >> RCC_PLL2DIVR_R2_Pos) 
 2796              		.loc 1 1752 100 view .LVU833
 2797 0098 0132     		adds	r2, r2, #1
1752:Drivers/STM32H7xx_HAL_Driver/Src/stm32h7xx_hal_rcc_ex.c ****   PeriphClkInit->PLL2.PLL2R = (uint32_t)((RCC->PLL2DIVR & RCC_PLL2DIVR_R2) >> RCC_PLL2DIVR_R2_Pos) 
 2798              		.loc 1 1752 29 view .LVU834
 2799 009a C260     		str	r2, [r0, #12]
1753:Drivers/STM32H7xx_HAL_Driver/Src/stm32h7xx_hal_rcc_ex.c ****   PeriphClkInit->PLL2.PLL2P = (uint32_t)((RCC->PLL2DIVR & RCC_PLL2DIVR_P2) >> RCC_PLL2DIVR_P2_Pos) 
 2800              		.loc 1 1753 3 is_stmt 1 view .LVU835
1753:Drivers/STM32H7xx_HAL_Driver/Src/stm32h7xx_hal_rcc_ex.c ****   PeriphClkInit->PLL2.PLL2P = (uint32_t)((RCC->PLL2DIVR & RCC_PLL2DIVR_P2) >> RCC_PLL2DIVR_P2_Pos) 
 2801              		.loc 1 1753 46 is_stmt 0 view .LVU836
 2802 009c 9A6B     		ldr	r2, [r3, #56]
1753:Drivers/STM32H7xx_HAL_Driver/Src/stm32h7xx_hal_rcc_ex.c ****   PeriphClkInit->PLL2.PLL2P = (uint32_t)((RCC->PLL2DIVR & RCC_PLL2DIVR_P2) >> RCC_PLL2DIVR_P2_Pos) 
 2803              		.loc 1 1753 31 view .LVU837
 2804 009e C2F30662 		ubfx	r2, r2, #24, #7
1753:Drivers/STM32H7xx_HAL_Driver/Src/stm32h7xx_hal_rcc_ex.c ****   PeriphClkInit->PLL2.PLL2P = (uint32_t)((RCC->PLL2DIVR & RCC_PLL2DIVR_P2) >> RCC_PLL2DIVR_P2_Pos) 
ARM GAS  C:\Users\jason\AppData\Local\Temp\ccSG31kR.s 			page 132


 2805              		.loc 1 1753 100 view .LVU838
 2806 00a2 0132     		adds	r2, r2, #1
1753:Drivers/STM32H7xx_HAL_Driver/Src/stm32h7xx_hal_rcc_ex.c ****   PeriphClkInit->PLL2.PLL2P = (uint32_t)((RCC->PLL2DIVR & RCC_PLL2DIVR_P2) >> RCC_PLL2DIVR_P2_Pos) 
 2807              		.loc 1 1753 29 view .LVU839
 2808 00a4 8261     		str	r2, [r0, #24]
1754:Drivers/STM32H7xx_HAL_Driver/Src/stm32h7xx_hal_rcc_ex.c ****   PeriphClkInit->PLL2.PLL2Q = (uint32_t)((RCC->PLL2DIVR & RCC_PLL2DIVR_Q2) >> RCC_PLL2DIVR_Q2_Pos) 
 2809              		.loc 1 1754 3 is_stmt 1 view .LVU840
1754:Drivers/STM32H7xx_HAL_Driver/Src/stm32h7xx_hal_rcc_ex.c ****   PeriphClkInit->PLL2.PLL2Q = (uint32_t)((RCC->PLL2DIVR & RCC_PLL2DIVR_Q2) >> RCC_PLL2DIVR_Q2_Pos) 
 2810              		.loc 1 1754 46 is_stmt 0 view .LVU841
 2811 00a6 9A6B     		ldr	r2, [r3, #56]
1754:Drivers/STM32H7xx_HAL_Driver/Src/stm32h7xx_hal_rcc_ex.c ****   PeriphClkInit->PLL2.PLL2Q = (uint32_t)((RCC->PLL2DIVR & RCC_PLL2DIVR_Q2) >> RCC_PLL2DIVR_Q2_Pos) 
 2812              		.loc 1 1754 31 view .LVU842
 2813 00a8 C2F34622 		ubfx	r2, r2, #9, #7
1754:Drivers/STM32H7xx_HAL_Driver/Src/stm32h7xx_hal_rcc_ex.c ****   PeriphClkInit->PLL2.PLL2Q = (uint32_t)((RCC->PLL2DIVR & RCC_PLL2DIVR_Q2) >> RCC_PLL2DIVR_Q2_Pos) 
 2814              		.loc 1 1754 100 view .LVU843
 2815 00ac 0132     		adds	r2, r2, #1
1754:Drivers/STM32H7xx_HAL_Driver/Src/stm32h7xx_hal_rcc_ex.c ****   PeriphClkInit->PLL2.PLL2Q = (uint32_t)((RCC->PLL2DIVR & RCC_PLL2DIVR_Q2) >> RCC_PLL2DIVR_Q2_Pos) 
 2816              		.loc 1 1754 29 view .LVU844
 2817 00ae 0261     		str	r2, [r0, #16]
1755:Drivers/STM32H7xx_HAL_Driver/Src/stm32h7xx_hal_rcc_ex.c ****   PeriphClkInit->PLL2.PLL2RGE = (uint32_t)((RCC->PLLCFGR & RCC_PLLCFGR_PLL2RGE) >> RCC_PLLCFGR_PLL2
 2818              		.loc 1 1755 3 is_stmt 1 view .LVU845
1755:Drivers/STM32H7xx_HAL_Driver/Src/stm32h7xx_hal_rcc_ex.c ****   PeriphClkInit->PLL2.PLL2RGE = (uint32_t)((RCC->PLLCFGR & RCC_PLLCFGR_PLL2RGE) >> RCC_PLLCFGR_PLL2
 2819              		.loc 1 1755 46 is_stmt 0 view .LVU846
 2820 00b0 9A6B     		ldr	r2, [r3, #56]
1755:Drivers/STM32H7xx_HAL_Driver/Src/stm32h7xx_hal_rcc_ex.c ****   PeriphClkInit->PLL2.PLL2RGE = (uint32_t)((RCC->PLLCFGR & RCC_PLLCFGR_PLL2RGE) >> RCC_PLLCFGR_PLL2
 2821              		.loc 1 1755 31 view .LVU847
 2822 00b2 C2F30642 		ubfx	r2, r2, #16, #7
1755:Drivers/STM32H7xx_HAL_Driver/Src/stm32h7xx_hal_rcc_ex.c ****   PeriphClkInit->PLL2.PLL2RGE = (uint32_t)((RCC->PLLCFGR & RCC_PLLCFGR_PLL2RGE) >> RCC_PLLCFGR_PLL2
 2823              		.loc 1 1755 100 view .LVU848
 2824 00b6 0132     		adds	r2, r2, #1
1755:Drivers/STM32H7xx_HAL_Driver/Src/stm32h7xx_hal_rcc_ex.c ****   PeriphClkInit->PLL2.PLL2RGE = (uint32_t)((RCC->PLLCFGR & RCC_PLLCFGR_PLL2RGE) >> RCC_PLLCFGR_PLL2
 2825              		.loc 1 1755 29 view .LVU849
 2826 00b8 4261     		str	r2, [r0, #20]
1756:Drivers/STM32H7xx_HAL_Driver/Src/stm32h7xx_hal_rcc_ex.c ****   PeriphClkInit->PLL2.PLL2VCOSEL = (uint32_t)((RCC->PLLCFGR & RCC_PLLCFGR_PLL2VCOSEL) >> RCC_PLLCFG
 2827              		.loc 1 1756 3 is_stmt 1 view .LVU850
1756:Drivers/STM32H7xx_HAL_Driver/Src/stm32h7xx_hal_rcc_ex.c ****   PeriphClkInit->PLL2.PLL2VCOSEL = (uint32_t)((RCC->PLLCFGR & RCC_PLLCFGR_PLL2VCOSEL) >> RCC_PLLCFG
 2828              		.loc 1 1756 48 is_stmt 0 view .LVU851
 2829 00ba DA6A     		ldr	r2, [r3, #44]
1756:Drivers/STM32H7xx_HAL_Driver/Src/stm32h7xx_hal_rcc_ex.c ****   PeriphClkInit->PLL2.PLL2VCOSEL = (uint32_t)((RCC->PLLCFGR & RCC_PLLCFGR_PLL2VCOSEL) >> RCC_PLLCFG
 2830              		.loc 1 1756 33 view .LVU852
 2831 00bc C2F38112 		ubfx	r2, r2, #6, #2
1756:Drivers/STM32H7xx_HAL_Driver/Src/stm32h7xx_hal_rcc_ex.c ****   PeriphClkInit->PLL2.PLL2VCOSEL = (uint32_t)((RCC->PLLCFGR & RCC_PLLCFGR_PLL2VCOSEL) >> RCC_PLLCFG
 2832              		.loc 1 1756 31 view .LVU853
 2833 00c0 C261     		str	r2, [r0, #28]
1757:Drivers/STM32H7xx_HAL_Driver/Src/stm32h7xx_hal_rcc_ex.c **** 
 2834              		.loc 1 1757 3 is_stmt 1 view .LVU854
1757:Drivers/STM32H7xx_HAL_Driver/Src/stm32h7xx_hal_rcc_ex.c **** 
 2835              		.loc 1 1757 51 is_stmt 0 view .LVU855
 2836 00c2 DA6A     		ldr	r2, [r3, #44]
1757:Drivers/STM32H7xx_HAL_Driver/Src/stm32h7xx_hal_rcc_ex.c **** 
 2837              		.loc 1 1757 36 view .LVU856
 2838 00c4 C2F34012 		ubfx	r2, r2, #5, #1
1757:Drivers/STM32H7xx_HAL_Driver/Src/stm32h7xx_hal_rcc_ex.c **** 
 2839              		.loc 1 1757 34 view .LVU857
 2840 00c8 0262     		str	r2, [r0, #32]
1760:Drivers/STM32H7xx_HAL_Driver/Src/stm32h7xx_hal_rcc_ex.c ****   /* Get the USART2/3/4/5/7/8 clock source -----------------------------------*/
 2841              		.loc 1 1760 3 is_stmt 1 view .LVU858
ARM GAS  C:\Users\jason\AppData\Local\Temp\ccSG31kR.s 			page 133


1760:Drivers/STM32H7xx_HAL_Driver/Src/stm32h7xx_hal_rcc_ex.c ****   /* Get the USART2/3/4/5/7/8 clock source -----------------------------------*/
 2842              		.loc 1 1760 47 is_stmt 0 view .LVU859
 2843 00ca 5A6D     		ldr	r2, [r3, #84]
 2844 00cc 02F03802 		and	r2, r2, #56
1760:Drivers/STM32H7xx_HAL_Driver/Src/stm32h7xx_hal_rcc_ex.c ****   /* Get the USART2/3/4/5/7/8 clock source -----------------------------------*/
 2845              		.loc 1 1760 45 view .LVU860
 2846 00d0 C267     		str	r2, [r0, #124]
1762:Drivers/STM32H7xx_HAL_Driver/Src/stm32h7xx_hal_rcc_ex.c ****   /* Get the LPUART1 clock source --------------------------------------------*/
 2847              		.loc 1 1762 3 is_stmt 1 view .LVU861
1762:Drivers/STM32H7xx_HAL_Driver/Src/stm32h7xx_hal_rcc_ex.c ****   /* Get the LPUART1 clock source --------------------------------------------*/
 2848              		.loc 1 1762 47 is_stmt 0 view .LVU862
 2849 00d2 5A6D     		ldr	r2, [r3, #84]
 2850 00d4 02F00702 		and	r2, r2, #7
1762:Drivers/STM32H7xx_HAL_Driver/Src/stm32h7xx_hal_rcc_ex.c ****   /* Get the LPUART1 clock source --------------------------------------------*/
 2851              		.loc 1 1762 45 view .LVU863
 2852 00d8 8267     		str	r2, [r0, #120]
1764:Drivers/STM32H7xx_HAL_Driver/Src/stm32h7xx_hal_rcc_ex.c **** #if defined(I2C5)
 2853              		.loc 1 1764 3 is_stmt 1 view .LVU864
1764:Drivers/STM32H7xx_HAL_Driver/Src/stm32h7xx_hal_rcc_ex.c **** #if defined(I2C5)
 2854              		.loc 1 1764 47 is_stmt 0 view .LVU865
 2855 00da 9A6D     		ldr	r2, [r3, #88]
 2856 00dc 02F00702 		and	r2, r2, #7
1764:Drivers/STM32H7xx_HAL_Driver/Src/stm32h7xx_hal_rcc_ex.c **** #if defined(I2C5)
 2857              		.loc 1 1764 45 view .LVU866
 2858 00e0 C0F89420 		str	r2, [r0, #148]
1770:Drivers/STM32H7xx_HAL_Driver/Src/stm32h7xx_hal_rcc_ex.c **** #endif /*I2C5*/
 2859              		.loc 1 1770 3 is_stmt 1 view .LVU867
1770:Drivers/STM32H7xx_HAL_Driver/Src/stm32h7xx_hal_rcc_ex.c **** #endif /*I2C5*/
 2860              		.loc 1 1770 47 is_stmt 0 view .LVU868
 2861 00e4 5A6D     		ldr	r2, [r3, #84]
 2862 00e6 02F44052 		and	r2, r2, #12288
1770:Drivers/STM32H7xx_HAL_Driver/Src/stm32h7xx_hal_rcc_ex.c **** #endif /*I2C5*/
 2863              		.loc 1 1770 45 view .LVU869
 2864 00ea C0F88420 		str	r2, [r0, #132]
1773:Drivers/STM32H7xx_HAL_Driver/Src/stm32h7xx_hal_rcc_ex.c ****   /* Get the LPTIM2 clock source ---------------------------------------------*/
 2865              		.loc 1 1773 3 is_stmt 1 view .LVU870
1773:Drivers/STM32H7xx_HAL_Driver/Src/stm32h7xx_hal_rcc_ex.c ****   /* Get the LPTIM2 clock source ---------------------------------------------*/
 2866              		.loc 1 1773 47 is_stmt 0 view .LVU871
 2867 00ee 5A6D     		ldr	r2, [r3, #84]
 2868 00f0 02F0E042 		and	r2, r2, #1879048192
1773:Drivers/STM32H7xx_HAL_Driver/Src/stm32h7xx_hal_rcc_ex.c ****   /* Get the LPTIM2 clock source ---------------------------------------------*/
 2869              		.loc 1 1773 45 view .LVU872
 2870 00f4 C0F89020 		str	r2, [r0, #144]
1775:Drivers/STM32H7xx_HAL_Driver/Src/stm32h7xx_hal_rcc_ex.c ****   /* Get the LPTIM3/4/5 clock source -----------------------------------------*/
 2871              		.loc 1 1775 3 is_stmt 1 view .LVU873
1775:Drivers/STM32H7xx_HAL_Driver/Src/stm32h7xx_hal_rcc_ex.c ****   /* Get the LPTIM3/4/5 clock source -----------------------------------------*/
 2872              		.loc 1 1775 47 is_stmt 0 view .LVU874
 2873 00f8 9A6D     		ldr	r2, [r3, #88]
 2874 00fa 02F4E052 		and	r2, r2, #7168
1775:Drivers/STM32H7xx_HAL_Driver/Src/stm32h7xx_hal_rcc_ex.c ****   /* Get the LPTIM3/4/5 clock source -----------------------------------------*/
 2875              		.loc 1 1775 45 view .LVU875
 2876 00fe C0F89C20 		str	r2, [r0, #156]
1777:Drivers/STM32H7xx_HAL_Driver/Src/stm32h7xx_hal_rcc_ex.c ****   /* Get the SAI1 clock source -----------------------------------------------*/
 2877              		.loc 1 1777 3 is_stmt 1 view .LVU876
1777:Drivers/STM32H7xx_HAL_Driver/Src/stm32h7xx_hal_rcc_ex.c ****   /* Get the SAI1 clock source -----------------------------------------------*/
 2878              		.loc 1 1777 47 is_stmt 0 view .LVU877
 2879 0102 9A6D     		ldr	r2, [r3, #88]
ARM GAS  C:\Users\jason\AppData\Local\Temp\ccSG31kR.s 			page 134


 2880 0104 02F46042 		and	r2, r2, #57344
1777:Drivers/STM32H7xx_HAL_Driver/Src/stm32h7xx_hal_rcc_ex.c ****   /* Get the SAI1 clock source -----------------------------------------------*/
 2881              		.loc 1 1777 45 view .LVU878
 2882 0108 C0F8A020 		str	r2, [r0, #160]
1779:Drivers/STM32H7xx_HAL_Driver/Src/stm32h7xx_hal_rcc_ex.c **** #if defined(SAI3)
 2883              		.loc 1 1779 3 is_stmt 1 view .LVU879
1779:Drivers/STM32H7xx_HAL_Driver/Src/stm32h7xx_hal_rcc_ex.c **** #if defined(SAI3)
 2884              		.loc 1 1779 47 is_stmt 0 view .LVU880
 2885 010c 1A6D     		ldr	r2, [r3, #80]
 2886 010e 02F00702 		and	r2, r2, #7
1779:Drivers/STM32H7xx_HAL_Driver/Src/stm32h7xx_hal_rcc_ex.c **** #if defined(SAI3)
 2887              		.loc 1 1779 45 view .LVU881
 2888 0112 8265     		str	r2, [r0, #88]
1782:Drivers/STM32H7xx_HAL_Driver/Src/stm32h7xx_hal_rcc_ex.c **** #endif  /*SAI3*/
 2889              		.loc 1 1782 3 is_stmt 1 view .LVU882
1782:Drivers/STM32H7xx_HAL_Driver/Src/stm32h7xx_hal_rcc_ex.c **** #endif  /*SAI3*/
 2890              		.loc 1 1782 47 is_stmt 0 view .LVU883
 2891 0114 1A6D     		ldr	r2, [r3, #80]
 2892 0116 02F4E072 		and	r2, r2, #448
1782:Drivers/STM32H7xx_HAL_Driver/Src/stm32h7xx_hal_rcc_ex.c **** #endif  /*SAI3*/
 2893              		.loc 1 1782 45 view .LVU884
 2894 011a C265     		str	r2, [r0, #92]
1794:Drivers/STM32H7xx_HAL_Driver/Src/stm32h7xx_hal_rcc_ex.c ****   /* Get the SAI4B clock source ----------------------------------------------*/
 2895              		.loc 1 1794 3 is_stmt 1 view .LVU885
1794:Drivers/STM32H7xx_HAL_Driver/Src/stm32h7xx_hal_rcc_ex.c ****   /* Get the SAI4B clock source ----------------------------------------------*/
 2896              		.loc 1 1794 47 is_stmt 0 view .LVU886
 2897 011c 9A6D     		ldr	r2, [r3, #88]
 2898 011e 02F46002 		and	r2, r2, #14680064
1794:Drivers/STM32H7xx_HAL_Driver/Src/stm32h7xx_hal_rcc_ex.c ****   /* Get the SAI4B clock source ----------------------------------------------*/
 2899              		.loc 1 1794 45 view .LVU887
 2900 0122 C0F8A820 		str	r2, [r0, #168]
1796:Drivers/STM32H7xx_HAL_Driver/Src/stm32h7xx_hal_rcc_ex.c **** #endif  /*SAI4*/
 2901              		.loc 1 1796 3 is_stmt 1 view .LVU888
1796:Drivers/STM32H7xx_HAL_Driver/Src/stm32h7xx_hal_rcc_ex.c **** #endif  /*SAI4*/
 2902              		.loc 1 1796 47 is_stmt 0 view .LVU889
 2903 0126 9A6D     		ldr	r2, [r3, #88]
 2904 0128 02F0E062 		and	r2, r2, #117440512
1796:Drivers/STM32H7xx_HAL_Driver/Src/stm32h7xx_hal_rcc_ex.c **** #endif  /*SAI4*/
 2905              		.loc 1 1796 45 view .LVU890
 2906 012c C0F8AC20 		str	r2, [r0, #172]
1799:Drivers/STM32H7xx_HAL_Driver/Src/stm32h7xx_hal_rcc_ex.c ****   /* Get the USB clock source ------------------------------------------------*/
 2907              		.loc 1 1799 3 is_stmt 1 view .LVU891
1799:Drivers/STM32H7xx_HAL_Driver/Src/stm32h7xx_hal_rcc_ex.c ****   /* Get the USB clock source ------------------------------------------------*/
 2908              		.loc 1 1799 47 is_stmt 0 view .LVU892
 2909 0130 1A6F     		ldr	r2, [r3, #112]
 2910 0132 02F44072 		and	r2, r2, #768
1799:Drivers/STM32H7xx_HAL_Driver/Src/stm32h7xx_hal_rcc_ex.c ****   /* Get the USB clock source ------------------------------------------------*/
 2911              		.loc 1 1799 45 view .LVU893
 2912 0136 C0F8B420 		str	r2, [r0, #180]
1801:Drivers/STM32H7xx_HAL_Driver/Src/stm32h7xx_hal_rcc_ex.c ****   /* Get the SDMMC clock source ----------------------------------------------*/
 2913              		.loc 1 1801 3 is_stmt 1 view .LVU894
1801:Drivers/STM32H7xx_HAL_Driver/Src/stm32h7xx_hal_rcc_ex.c ****   /* Get the SDMMC clock source ----------------------------------------------*/
 2914              		.loc 1 1801 47 is_stmt 0 view .LVU895
 2915 013a 5A6D     		ldr	r2, [r3, #84]
 2916 013c 02F44012 		and	r2, r2, #3145728
1801:Drivers/STM32H7xx_HAL_Driver/Src/stm32h7xx_hal_rcc_ex.c ****   /* Get the SDMMC clock source ----------------------------------------------*/
 2917              		.loc 1 1801 45 view .LVU896
ARM GAS  C:\Users\jason\AppData\Local\Temp\ccSG31kR.s 			page 135


 2918 0140 C0F88820 		str	r2, [r0, #136]
1803:Drivers/STM32H7xx_HAL_Driver/Src/stm32h7xx_hal_rcc_ex.c ****   /* Get the RNG clock source ------------------------------------------------*/
 2919              		.loc 1 1803 3 is_stmt 1 view .LVU897
1803:Drivers/STM32H7xx_HAL_Driver/Src/stm32h7xx_hal_rcc_ex.c ****   /* Get the RNG clock source ------------------------------------------------*/
 2920              		.loc 1 1803 47 is_stmt 0 view .LVU898
 2921 0144 DA6C     		ldr	r2, [r3, #76]
 2922 0146 02F48032 		and	r2, r2, #65536
1803:Drivers/STM32H7xx_HAL_Driver/Src/stm32h7xx_hal_rcc_ex.c ****   /* Get the RNG clock source ------------------------------------------------*/
 2923              		.loc 1 1803 45 view .LVU899
 2924 014a 0265     		str	r2, [r0, #80]
1805:Drivers/STM32H7xx_HAL_Driver/Src/stm32h7xx_hal_rcc_ex.c **** #if defined(HRTIM1)
 2925              		.loc 1 1805 3 is_stmt 1 view .LVU900
1805:Drivers/STM32H7xx_HAL_Driver/Src/stm32h7xx_hal_rcc_ex.c **** #if defined(HRTIM1)
 2926              		.loc 1 1805 47 is_stmt 0 view .LVU901
 2927 014c 5A6D     		ldr	r2, [r3, #84]
 2928 014e 02F44072 		and	r2, r2, #768
1805:Drivers/STM32H7xx_HAL_Driver/Src/stm32h7xx_hal_rcc_ex.c **** #if defined(HRTIM1)
 2929              		.loc 1 1805 45 view .LVU902
 2930 0152 C0F88020 		str	r2, [r0, #128]
1808:Drivers/STM32H7xx_HAL_Driver/Src/stm32h7xx_hal_rcc_ex.c **** #endif /* HRTIM1 */
 2931              		.loc 1 1808 3 is_stmt 1 view .LVU903
1808:Drivers/STM32H7xx_HAL_Driver/Src/stm32h7xx_hal_rcc_ex.c **** #endif /* HRTIM1 */
 2932              		.loc 1 1808 47 is_stmt 0 view .LVU904
 2933 0156 1A69     		ldr	r2, [r3, #16]
 2934 0158 02F48042 		and	r2, r2, #16384
1808:Drivers/STM32H7xx_HAL_Driver/Src/stm32h7xx_hal_rcc_ex.c **** #endif /* HRTIM1 */
 2935              		.loc 1 1808 45 view .LVU905
 2936 015c C0F8B820 		str	r2, [r0, #184]
1811:Drivers/STM32H7xx_HAL_Driver/Src/stm32h7xx_hal_rcc_ex.c ****   /* Get the SWPMI1 clock source ---------------------------------------------*/
 2937              		.loc 1 1811 3 is_stmt 1 view .LVU906
1811:Drivers/STM32H7xx_HAL_Driver/Src/stm32h7xx_hal_rcc_ex.c ****   /* Get the SWPMI1 clock source ---------------------------------------------*/
 2938              		.loc 1 1811 47 is_stmt 0 view .LVU907
 2939 0160 9A6D     		ldr	r2, [r3, #88]
 2940 0162 02F44032 		and	r2, r2, #196608
1811:Drivers/STM32H7xx_HAL_Driver/Src/stm32h7xx_hal_rcc_ex.c ****   /* Get the SWPMI1 clock source ---------------------------------------------*/
 2941              		.loc 1 1811 45 view .LVU908
 2942 0166 C0F8A420 		str	r2, [r0, #164]
1813:Drivers/STM32H7xx_HAL_Driver/Src/stm32h7xx_hal_rcc_ex.c ****   /* Get the DFSDM1 clock source ---------------------------------------------*/
 2943              		.loc 1 1813 3 is_stmt 1 view .LVU909
1813:Drivers/STM32H7xx_HAL_Driver/Src/stm32h7xx_hal_rcc_ex.c ****   /* Get the DFSDM1 clock source ---------------------------------------------*/
 2944              		.loc 1 1813 47 is_stmt 0 view .LVU910
 2945 016a 1A6D     		ldr	r2, [r3, #80]
 2946 016c 02F00042 		and	r2, r2, #-2147483648
1813:Drivers/STM32H7xx_HAL_Driver/Src/stm32h7xx_hal_rcc_ex.c ****   /* Get the DFSDM1 clock source ---------------------------------------------*/
 2947              		.loc 1 1813 45 view .LVU911
 2948 0170 4267     		str	r2, [r0, #116]
1815:Drivers/STM32H7xx_HAL_Driver/Src/stm32h7xx_hal_rcc_ex.c **** #if defined(DFSDM2_BASE)
 2949              		.loc 1 1815 3 is_stmt 1 view .LVU912
1815:Drivers/STM32H7xx_HAL_Driver/Src/stm32h7xx_hal_rcc_ex.c **** #if defined(DFSDM2_BASE)
 2950              		.loc 1 1815 47 is_stmt 0 view .LVU913
 2951 0172 1A6D     		ldr	r2, [r3, #80]
 2952 0174 02F08072 		and	r2, r2, #16777216
1815:Drivers/STM32H7xx_HAL_Driver/Src/stm32h7xx_hal_rcc_ex.c **** #if defined(DFSDM2_BASE)
 2953              		.loc 1 1815 45 view .LVU914
 2954 0178 C266     		str	r2, [r0, #108]
1821:Drivers/STM32H7xx_HAL_Driver/Src/stm32h7xx_hal_rcc_ex.c ****   /* Get the SPI1/2/3 clock source -------------------------------------------*/
 2955              		.loc 1 1821 3 is_stmt 1 view .LVU915
ARM GAS  C:\Users\jason\AppData\Local\Temp\ccSG31kR.s 			page 136


1821:Drivers/STM32H7xx_HAL_Driver/Src/stm32h7xx_hal_rcc_ex.c ****   /* Get the SPI1/2/3 clock source -------------------------------------------*/
 2956              		.loc 1 1821 47 is_stmt 0 view .LVU916
 2957 017a 1A6D     		ldr	r2, [r3, #80]
 2958 017c 02F44012 		and	r2, r2, #3145728
1821:Drivers/STM32H7xx_HAL_Driver/Src/stm32h7xx_hal_rcc_ex.c ****   /* Get the SPI1/2/3 clock source -------------------------------------------*/
 2959              		.loc 1 1821 45 view .LVU917
 2960 0180 8266     		str	r2, [r0, #104]
1823:Drivers/STM32H7xx_HAL_Driver/Src/stm32h7xx_hal_rcc_ex.c ****   /* Get the SPI4/5 clock source ---------------------------------------------*/
 2961              		.loc 1 1823 3 is_stmt 1 view .LVU918
1823:Drivers/STM32H7xx_HAL_Driver/Src/stm32h7xx_hal_rcc_ex.c ****   /* Get the SPI4/5 clock source ---------------------------------------------*/
 2962              		.loc 1 1823 47 is_stmt 0 view .LVU919
 2963 0182 1A6D     		ldr	r2, [r3, #80]
 2964 0184 02F4E042 		and	r2, r2, #28672
1823:Drivers/STM32H7xx_HAL_Driver/Src/stm32h7xx_hal_rcc_ex.c ****   /* Get the SPI4/5 clock source ---------------------------------------------*/
 2965              		.loc 1 1823 45 view .LVU920
 2966 0188 0266     		str	r2, [r0, #96]
1825:Drivers/STM32H7xx_HAL_Driver/Src/stm32h7xx_hal_rcc_ex.c ****   /* Get the SPI6 clock source -----------------------------------------------*/
 2967              		.loc 1 1825 3 is_stmt 1 view .LVU921
1825:Drivers/STM32H7xx_HAL_Driver/Src/stm32h7xx_hal_rcc_ex.c ****   /* Get the SPI6 clock source -----------------------------------------------*/
 2968              		.loc 1 1825 47 is_stmt 0 view .LVU922
 2969 018a 1A6D     		ldr	r2, [r3, #80]
 2970 018c 02F4E022 		and	r2, r2, #458752
1825:Drivers/STM32H7xx_HAL_Driver/Src/stm32h7xx_hal_rcc_ex.c ****   /* Get the SPI6 clock source -----------------------------------------------*/
 2971              		.loc 1 1825 45 view .LVU923
 2972 0190 4266     		str	r2, [r0, #100]
1827:Drivers/STM32H7xx_HAL_Driver/Src/stm32h7xx_hal_rcc_ex.c ****   /* Get the FDCAN clock source ----------------------------------------------*/
 2973              		.loc 1 1827 3 is_stmt 1 view .LVU924
1827:Drivers/STM32H7xx_HAL_Driver/Src/stm32h7xx_hal_rcc_ex.c ****   /* Get the FDCAN clock source ----------------------------------------------*/
 2974              		.loc 1 1827 47 is_stmt 0 view .LVU925
 2975 0192 9A6D     		ldr	r2, [r3, #88]
 2976 0194 02F0E042 		and	r2, r2, #1879048192
1827:Drivers/STM32H7xx_HAL_Driver/Src/stm32h7xx_hal_rcc_ex.c ****   /* Get the FDCAN clock source ----------------------------------------------*/
 2977              		.loc 1 1827 45 view .LVU926
 2978 0198 C0F8B020 		str	r2, [r0, #176]
1829:Drivers/STM32H7xx_HAL_Driver/Src/stm32h7xx_hal_rcc_ex.c ****   /* Get the CEC clock source ------------------------------------------------*/
 2979              		.loc 1 1829 3 is_stmt 1 view .LVU927
1829:Drivers/STM32H7xx_HAL_Driver/Src/stm32h7xx_hal_rcc_ex.c ****   /* Get the CEC clock source ------------------------------------------------*/
 2980              		.loc 1 1829 47 is_stmt 0 view .LVU928
 2981 019c 1A6D     		ldr	r2, [r3, #80]
 2982 019e 02F04052 		and	r2, r2, #805306368
1829:Drivers/STM32H7xx_HAL_Driver/Src/stm32h7xx_hal_rcc_ex.c ****   /* Get the CEC clock source ------------------------------------------------*/
 2983              		.loc 1 1829 45 view .LVU929
 2984 01a2 0267     		str	r2, [r0, #112]
1831:Drivers/STM32H7xx_HAL_Driver/Src/stm32h7xx_hal_rcc_ex.c ****   /* Get the FMC clock source ------------------------------------------------*/
 2985              		.loc 1 1831 3 is_stmt 1 view .LVU930
1831:Drivers/STM32H7xx_HAL_Driver/Src/stm32h7xx_hal_rcc_ex.c ****   /* Get the FMC clock source ------------------------------------------------*/
 2986              		.loc 1 1831 47 is_stmt 0 view .LVU931
 2987 01a4 5A6D     		ldr	r2, [r3, #84]
 2988 01a6 02F44002 		and	r2, r2, #12582912
1831:Drivers/STM32H7xx_HAL_Driver/Src/stm32h7xx_hal_rcc_ex.c ****   /* Get the FMC clock source ------------------------------------------------*/
 2989              		.loc 1 1831 45 view .LVU932
 2990 01aa C0F88C20 		str	r2, [r0, #140]
1833:Drivers/STM32H7xx_HAL_Driver/Src/stm32h7xx_hal_rcc_ex.c **** #if defined(QUADSPI)
 2991              		.loc 1 1833 3 is_stmt 1 view .LVU933
1833:Drivers/STM32H7xx_HAL_Driver/Src/stm32h7xx_hal_rcc_ex.c **** #if defined(QUADSPI)
 2992              		.loc 1 1833 47 is_stmt 0 view .LVU934
 2993 01ae DA6C     		ldr	r2, [r3, #76]
ARM GAS  C:\Users\jason\AppData\Local\Temp\ccSG31kR.s 			page 137


 2994 01b0 02F00302 		and	r2, r2, #3
1833:Drivers/STM32H7xx_HAL_Driver/Src/stm32h7xx_hal_rcc_ex.c **** #if defined(QUADSPI)
 2995              		.loc 1 1833 45 view .LVU935
 2996 01b4 8264     		str	r2, [r0, #72]
1836:Drivers/STM32H7xx_HAL_Driver/Src/stm32h7xx_hal_rcc_ex.c **** #endif /* QUADSPI */
 2997              		.loc 1 1836 3 is_stmt 1 view .LVU936
1836:Drivers/STM32H7xx_HAL_Driver/Src/stm32h7xx_hal_rcc_ex.c **** #endif /* QUADSPI */
 2998              		.loc 1 1836 47 is_stmt 0 view .LVU937
 2999 01b6 DA6C     		ldr	r2, [r3, #76]
 3000 01b8 02F03002 		and	r2, r2, #48
1836:Drivers/STM32H7xx_HAL_Driver/Src/stm32h7xx_hal_rcc_ex.c **** #endif /* QUADSPI */
 3001              		.loc 1 1836 45 view .LVU938
 3002 01bc C264     		str	r2, [r0, #76]
1849:Drivers/STM32H7xx_HAL_Driver/Src/stm32h7xx_hal_rcc_ex.c **** 
 3003              		.loc 1 1849 3 is_stmt 1 view .LVU939
1849:Drivers/STM32H7xx_HAL_Driver/Src/stm32h7xx_hal_rcc_ex.c **** 
 3004              		.loc 1 1849 47 is_stmt 0 view .LVU940
 3005 01be DA6C     		ldr	r2, [r3, #76]
 3006 01c0 02F04052 		and	r2, r2, #805306368
1849:Drivers/STM32H7xx_HAL_Driver/Src/stm32h7xx_hal_rcc_ex.c **** 
 3007              		.loc 1 1849 45 view .LVU941
 3008 01c4 4265     		str	r2, [r0, #84]
1852:Drivers/STM32H7xx_HAL_Driver/Src/stm32h7xx_hal_rcc_ex.c ****   {
 3009              		.loc 1 1852 3 is_stmt 1 view .LVU942
1852:Drivers/STM32H7xx_HAL_Driver/Src/stm32h7xx_hal_rcc_ex.c ****   {
 3010              		.loc 1 1852 11 is_stmt 0 view .LVU943
 3011 01c6 1B69     		ldr	r3, [r3, #16]
1852:Drivers/STM32H7xx_HAL_Driver/Src/stm32h7xx_hal_rcc_ex.c ****   {
 3012              		.loc 1 1852 6 view .LVU944
 3013 01c8 13F4004F 		tst	r3, #32768
 3014 01cc 03D1     		bne	.L261
1854:Drivers/STM32H7xx_HAL_Driver/Src/stm32h7xx_hal_rcc_ex.c ****   }
 3015              		.loc 1 1854 5 is_stmt 1 view .LVU945
1854:Drivers/STM32H7xx_HAL_Driver/Src/stm32h7xx_hal_rcc_ex.c ****   }
 3016              		.loc 1 1854 37 is_stmt 0 view .LVU946
 3017 01ce 0023     		movs	r3, #0
 3018 01d0 C0F8BC30 		str	r3, [r0, #188]
 3019 01d4 7047     		bx	lr
 3020              	.L261:
1858:Drivers/STM32H7xx_HAL_Driver/Src/stm32h7xx_hal_rcc_ex.c ****   }
 3021              		.loc 1 1858 5 is_stmt 1 view .LVU947
1858:Drivers/STM32H7xx_HAL_Driver/Src/stm32h7xx_hal_rcc_ex.c ****   }
 3022              		.loc 1 1858 37 is_stmt 0 view .LVU948
 3023 01d6 4FF40043 		mov	r3, #32768
 3024 01da C0F8BC30 		str	r3, [r0, #188]
1860:Drivers/STM32H7xx_HAL_Driver/Src/stm32h7xx_hal_rcc_ex.c **** 
 3025              		.loc 1 1860 1 view .LVU949
 3026 01de 7047     		bx	lr
 3027              	.L264:
 3028              		.align	2
 3029              	.L263:
 3030 01e0 F7F1FFC9 		.word	-905973257
 3031 01e4 FFF1FFC9 		.word	-905973249
 3032 01e8 FFF3FFC9 		.word	-905972737
 3033 01ec FFF7FFC9 		.word	-905971713
 3034 01f0 00440258 		.word	1476543488
 3035              		.cfi_endproc
ARM GAS  C:\Users\jason\AppData\Local\Temp\ccSG31kR.s 			page 138


 3036              	.LFE145:
 3038              		.section	.text.HAL_RCCEx_GetD1PCLK1Freq,"ax",%progbits
 3039              		.align	1
 3040              		.global	HAL_RCCEx_GetD1PCLK1Freq
 3041              		.syntax unified
 3042              		.thumb
 3043              		.thumb_func
 3045              	HAL_RCCEx_GetD1PCLK1Freq:
 3046              	.LFB147:
2905:Drivers/STM32H7xx_HAL_Driver/Src/stm32h7xx_hal_rcc_ex.c **** #if defined(RCC_D1CFGR_D1PPRE)
 3047              		.loc 1 2905 1 is_stmt 1 view -0
 3048              		.cfi_startproc
 3049              		@ args = 0, pretend = 0, frame = 0
 3050              		@ frame_needed = 0, uses_anonymous_args = 0
 3051 0000 08B5     		push	{r3, lr}
 3052              		.cfi_def_cfa_offset 8
 3053              		.cfi_offset 3, -8
 3054              		.cfi_offset 14, -4
2908:Drivers/STM32H7xx_HAL_Driver/Src/stm32h7xx_hal_rcc_ex.c **** #else
 3055              		.loc 1 2908 3 view .LVU951
2908:Drivers/STM32H7xx_HAL_Driver/Src/stm32h7xx_hal_rcc_ex.c **** #else
 3056              		.loc 1 2908 11 is_stmt 0 view .LVU952
 3057 0002 FFF7FEFF 		bl	HAL_RCC_GetHCLKFreq
 3058              	.LVL313:
2908:Drivers/STM32H7xx_HAL_Driver/Src/stm32h7xx_hal_rcc_ex.c **** #else
 3059              		.loc 1 2908 58 discriminator 1 view .LVU953
 3060 0006 054B     		ldr	r3, .L267
 3061 0008 9B69     		ldr	r3, [r3, #24]
2908:Drivers/STM32H7xx_HAL_Driver/Src/stm32h7xx_hal_rcc_ex.c **** #else
 3062              		.loc 1 2908 88 discriminator 1 view .LVU954
 3063 000a C3F30213 		ubfx	r3, r3, #4, #3
2908:Drivers/STM32H7xx_HAL_Driver/Src/stm32h7xx_hal_rcc_ex.c **** #else
 3064              		.loc 1 2908 53 discriminator 1 view .LVU955
 3065 000e 044A     		ldr	r2, .L267+4
 3066 0010 D35C     		ldrb	r3, [r2, r3]	@ zero_extendqisi2
2908:Drivers/STM32H7xx_HAL_Driver/Src/stm32h7xx_hal_rcc_ex.c **** #else
 3067              		.loc 1 2908 114 discriminator 1 view .LVU956
 3068 0012 03F01F03 		and	r3, r3, #31
2913:Drivers/STM32H7xx_HAL_Driver/Src/stm32h7xx_hal_rcc_ex.c **** 
 3069              		.loc 1 2913 1 view .LVU957
 3070 0016 D840     		lsrs	r0, r0, r3
 3071 0018 08BD     		pop	{r3, pc}
 3072              	.L268:
 3073 001a 00BF     		.align	2
 3074              	.L267:
 3075 001c 00440258 		.word	1476543488
 3076 0020 00000000 		.word	D1CorePrescTable
 3077              		.cfi_endproc
 3078              	.LFE147:
 3080              		.section	.text.HAL_RCCEx_GetD3PCLK1Freq,"ax",%progbits
 3081              		.align	1
 3082              		.global	HAL_RCCEx_GetD3PCLK1Freq
 3083              		.syntax unified
 3084              		.thumb
 3085              		.thumb_func
 3087              	HAL_RCCEx_GetD3PCLK1Freq:
 3088              	.LFB148:
ARM GAS  C:\Users\jason\AppData\Local\Temp\ccSG31kR.s 			page 139


2922:Drivers/STM32H7xx_HAL_Driver/Src/stm32h7xx_hal_rcc_ex.c **** #if defined(RCC_D3CFGR_D3PPRE)
 3089              		.loc 1 2922 1 is_stmt 1 view -0
 3090              		.cfi_startproc
 3091              		@ args = 0, pretend = 0, frame = 0
 3092              		@ frame_needed = 0, uses_anonymous_args = 0
 3093 0000 08B5     		push	{r3, lr}
 3094              		.cfi_def_cfa_offset 8
 3095              		.cfi_offset 3, -8
 3096              		.cfi_offset 14, -4
2925:Drivers/STM32H7xx_HAL_Driver/Src/stm32h7xx_hal_rcc_ex.c **** #else
 3097              		.loc 1 2925 3 view .LVU959
2925:Drivers/STM32H7xx_HAL_Driver/Src/stm32h7xx_hal_rcc_ex.c **** #else
 3098              		.loc 1 2925 11 is_stmt 0 view .LVU960
 3099 0002 FFF7FEFF 		bl	HAL_RCC_GetHCLKFreq
 3100              	.LVL314:
2925:Drivers/STM32H7xx_HAL_Driver/Src/stm32h7xx_hal_rcc_ex.c **** #else
 3101              		.loc 1 2925 58 discriminator 1 view .LVU961
 3102 0006 054B     		ldr	r3, .L271
 3103 0008 1B6A     		ldr	r3, [r3, #32]
2925:Drivers/STM32H7xx_HAL_Driver/Src/stm32h7xx_hal_rcc_ex.c **** #else
 3104              		.loc 1 2925 88 discriminator 1 view .LVU962
 3105 000a C3F30213 		ubfx	r3, r3, #4, #3
2925:Drivers/STM32H7xx_HAL_Driver/Src/stm32h7xx_hal_rcc_ex.c **** #else
 3106              		.loc 1 2925 53 discriminator 1 view .LVU963
 3107 000e 044A     		ldr	r2, .L271+4
 3108 0010 D35C     		ldrb	r3, [r2, r3]	@ zero_extendqisi2
2925:Drivers/STM32H7xx_HAL_Driver/Src/stm32h7xx_hal_rcc_ex.c **** #else
 3109              		.loc 1 2925 114 discriminator 1 view .LVU964
 3110 0012 03F01F03 		and	r3, r3, #31
2930:Drivers/STM32H7xx_HAL_Driver/Src/stm32h7xx_hal_rcc_ex.c **** /**
 3111              		.loc 1 2930 1 view .LVU965
 3112 0016 D840     		lsrs	r0, r0, r3
 3113 0018 08BD     		pop	{r3, pc}
 3114              	.L272:
 3115 001a 00BF     		.align	2
 3116              	.L271:
 3117 001c 00440258 		.word	1476543488
 3118 0020 00000000 		.word	D1CorePrescTable
 3119              		.cfi_endproc
 3120              	.LFE148:
 3122              		.section	.text.HAL_RCCEx_GetPLL2ClockFreq,"ax",%progbits
 3123              		.align	1
 3124              		.global	HAL_RCCEx_GetPLL2ClockFreq
 3125              		.syntax unified
 3126              		.thumb
 3127              		.thumb_func
 3129              	HAL_RCCEx_GetPLL2ClockFreq:
 3130              	.LVL315:
 3131              	.LFB149:
2946:Drivers/STM32H7xx_HAL_Driver/Src/stm32h7xx_hal_rcc_ex.c ****   uint32_t  pllsource, pll2m,  pll2fracen, hsivalue;
 3132              		.loc 1 2946 1 is_stmt 1 view -0
 3133              		.cfi_startproc
 3134              		@ args = 0, pretend = 0, frame = 0
 3135              		@ frame_needed = 0, uses_anonymous_args = 0
2946:Drivers/STM32H7xx_HAL_Driver/Src/stm32h7xx_hal_rcc_ex.c ****   uint32_t  pllsource, pll2m,  pll2fracen, hsivalue;
 3136              		.loc 1 2946 1 is_stmt 0 view .LVU967
 3137 0000 00B5     		push	{lr}
ARM GAS  C:\Users\jason\AppData\Local\Temp\ccSG31kR.s 			page 140


 3138              		.cfi_def_cfa_offset 4
 3139              		.cfi_offset 14, -4
2947:Drivers/STM32H7xx_HAL_Driver/Src/stm32h7xx_hal_rcc_ex.c ****   float_t fracn2, pll2vco;
 3140              		.loc 1 2947 3 is_stmt 1 view .LVU968
2948:Drivers/STM32H7xx_HAL_Driver/Src/stm32h7xx_hal_rcc_ex.c **** 
 3141              		.loc 1 2948 3 view .LVU969
2953:Drivers/STM32H7xx_HAL_Driver/Src/stm32h7xx_hal_rcc_ex.c ****   pll2m = ((RCC->PLLCKSELR & RCC_PLLCKSELR_DIVM2) >> 12);
 3142              		.loc 1 2953 3 view .LVU970
2953:Drivers/STM32H7xx_HAL_Driver/Src/stm32h7xx_hal_rcc_ex.c ****   pll2m = ((RCC->PLLCKSELR & RCC_PLLCKSELR_DIVM2) >> 12);
 3143              		.loc 1 2953 19 is_stmt 0 view .LVU971
 3144 0002 794B     		ldr	r3, .L282
 3145 0004 9A6A     		ldr	r2, [r3, #40]
 3146              	.LVL316:
2954:Drivers/STM32H7xx_HAL_Driver/Src/stm32h7xx_hal_rcc_ex.c ****   pll2fracen = (RCC->PLLCFGR & RCC_PLLCFGR_PLL2FRACEN) >> RCC_PLLCFGR_PLL2FRACEN_Pos;
 3147              		.loc 1 2954 3 is_stmt 1 view .LVU972
2954:Drivers/STM32H7xx_HAL_Driver/Src/stm32h7xx_hal_rcc_ex.c ****   pll2fracen = (RCC->PLLCFGR & RCC_PLLCFGR_PLL2FRACEN) >> RCC_PLLCFGR_PLL2FRACEN_Pos;
 3148              		.loc 1 2954 16 is_stmt 0 view .LVU973
 3149 0006 D3F828C0 		ldr	ip, [r3, #40]
2954:Drivers/STM32H7xx_HAL_Driver/Src/stm32h7xx_hal_rcc_ex.c ****   pll2fracen = (RCC->PLLCFGR & RCC_PLLCFGR_PLL2FRACEN) >> RCC_PLLCFGR_PLL2FRACEN_Pos;
 3150              		.loc 1 2954 9 view .LVU974
 3151 000a CCF3053E 		ubfx	lr, ip, #12, #6
 3152              	.LVL317:
2955:Drivers/STM32H7xx_HAL_Driver/Src/stm32h7xx_hal_rcc_ex.c ****   fracn2 = (float_t)(uint32_t)(pll2fracen * ((RCC->PLL2FRACR & RCC_PLL2FRACR_FRACN2) >> 3));
 3153              		.loc 1 2955 3 is_stmt 1 view .LVU975
2955:Drivers/STM32H7xx_HAL_Driver/Src/stm32h7xx_hal_rcc_ex.c ****   fracn2 = (float_t)(uint32_t)(pll2fracen * ((RCC->PLL2FRACR & RCC_PLL2FRACR_FRACN2) >> 3));
 3154              		.loc 1 2955 20 is_stmt 0 view .LVU976
 3155 000e D96A     		ldr	r1, [r3, #44]
2955:Drivers/STM32H7xx_HAL_Driver/Src/stm32h7xx_hal_rcc_ex.c ****   fracn2 = (float_t)(uint32_t)(pll2fracen * ((RCC->PLL2FRACR & RCC_PLL2FRACR_FRACN2) >> 3));
 3156              		.loc 1 2955 14 view .LVU977
 3157 0010 C1F30011 		ubfx	r1, r1, #4, #1
 3158              	.LVL318:
2956:Drivers/STM32H7xx_HAL_Driver/Src/stm32h7xx_hal_rcc_ex.c **** 
 3159              		.loc 1 2956 3 is_stmt 1 view .LVU978
2956:Drivers/STM32H7xx_HAL_Driver/Src/stm32h7xx_hal_rcc_ex.c **** 
 3160              		.loc 1 2956 50 is_stmt 0 view .LVU979
 3161 0014 DB6B     		ldr	r3, [r3, #60]
2956:Drivers/STM32H7xx_HAL_Driver/Src/stm32h7xx_hal_rcc_ex.c **** 
 3162              		.loc 1 2956 86 view .LVU980
 3163 0016 C3F3CC03 		ubfx	r3, r3, #3, #13
2956:Drivers/STM32H7xx_HAL_Driver/Src/stm32h7xx_hal_rcc_ex.c **** 
 3164              		.loc 1 2956 21 view .LVU981
 3165 001a 01FB03F3 		mul	r3, r1, r3
 3166              	.LVL319:
2958:Drivers/STM32H7xx_HAL_Driver/Src/stm32h7xx_hal_rcc_ex.c ****   {
 3167              		.loc 1 2958 3 is_stmt 1 view .LVU982
2958:Drivers/STM32H7xx_HAL_Driver/Src/stm32h7xx_hal_rcc_ex.c ****   {
 3168              		.loc 1 2958 6 is_stmt 0 view .LVU983
 3169 001e 1CF47C3F 		tst	ip, #258048
 3170 0022 00F0DB80 		beq	.L274
 3171 0026 02F00302 		and	r2, r2, #3
 3172              	.LVL320:
2958:Drivers/STM32H7xx_HAL_Driver/Src/stm32h7xx_hal_rcc_ex.c ****   {
 3173              		.loc 1 2958 6 view .LVU984
 3174 002a 07EE903A 		vmov	s15, r3	@ int
 3175 002e F8EE677A 		vcvt.f32.u32	s15, s15
2960:Drivers/STM32H7xx_HAL_Driver/Src/stm32h7xx_hal_rcc_ex.c ****     {
 3176              		.loc 1 2960 5 is_stmt 1 view .LVU985
ARM GAS  C:\Users\jason\AppData\Local\Temp\ccSG31kR.s 			page 141


 3177 0032 012A     		cmp	r2, #1
 3178 0034 4BD0     		beq	.L275
 3179 0036 022A     		cmp	r2, #2
 3180 0038 00F09680 		beq	.L276
 3181 003c 002A     		cmp	r2, #0
 3182 003e 40F0B080 		bne	.L277
2965:Drivers/STM32H7xx_HAL_Driver/Src/stm32h7xx_hal_rcc_ex.c ****         {
 3183              		.loc 1 2965 9 view .LVU986
2965:Drivers/STM32H7xx_HAL_Driver/Src/stm32h7xx_hal_rcc_ex.c ****         {
 3184              		.loc 1 2965 13 is_stmt 0 view .LVU987
 3185 0042 694B     		ldr	r3, .L282
 3186              	.LVL321:
2965:Drivers/STM32H7xx_HAL_Driver/Src/stm32h7xx_hal_rcc_ex.c ****         {
 3187              		.loc 1 2965 13 view .LVU988
 3188 0044 1B68     		ldr	r3, [r3]
2965:Drivers/STM32H7xx_HAL_Driver/Src/stm32h7xx_hal_rcc_ex.c ****         {
 3189              		.loc 1 2965 12 view .LVU989
 3190 0046 13F0200F 		tst	r3, #32
 3191 004a 23D0     		beq	.L278
2967:Drivers/STM32H7xx_HAL_Driver/Src/stm32h7xx_hal_rcc_ex.c ****           pll2vco = ((float_t)hsivalue / (float_t)pll2m) * ((float_t)(uint32_t)(RCC->PLL2DIVR & RCC
 3192              		.loc 1 2967 11 is_stmt 1 view .LVU990
2967:Drivers/STM32H7xx_HAL_Driver/Src/stm32h7xx_hal_rcc_ex.c ****           pll2vco = ((float_t)hsivalue / (float_t)pll2m) * ((float_t)(uint32_t)(RCC->PLL2DIVR & RCC
 3193              		.loc 1 2967 37 is_stmt 0 view .LVU991
 3194 004c 6649     		ldr	r1, .L282
 3195              	.LVL322:
2967:Drivers/STM32H7xx_HAL_Driver/Src/stm32h7xx_hal_rcc_ex.c ****           pll2vco = ((float_t)hsivalue / (float_t)pll2m) * ((float_t)(uint32_t)(RCC->PLL2DIVR & RCC
 3196              		.loc 1 2967 37 view .LVU992
 3197 004e 0A68     		ldr	r2, [r1]
 3198              	.LVL323:
2967:Drivers/STM32H7xx_HAL_Driver/Src/stm32h7xx_hal_rcc_ex.c ****           pll2vco = ((float_t)hsivalue / (float_t)pll2m) * ((float_t)(uint32_t)(RCC->PLL2DIVR & RCC
 3199              		.loc 1 2967 65 view .LVU993
 3200 0050 C2F3C102 		ubfx	r2, r2, #3, #2
2967:Drivers/STM32H7xx_HAL_Driver/Src/stm32h7xx_hal_rcc_ex.c ****           pll2vco = ((float_t)hsivalue / (float_t)pll2m) * ((float_t)(uint32_t)(RCC->PLL2DIVR & RCC
 3201              		.loc 1 2967 20 view .LVU994
 3202 0054 654B     		ldr	r3, .L282+4
 3203 0056 D340     		lsrs	r3, r3, r2
 3204              	.LVL324:
2968:Drivers/STM32H7xx_HAL_Driver/Src/stm32h7xx_hal_rcc_ex.c ****         }
 3205              		.loc 1 2968 11 is_stmt 1 view .LVU995
2968:Drivers/STM32H7xx_HAL_Driver/Src/stm32h7xx_hal_rcc_ex.c ****         }
 3206              		.loc 1 2968 22 is_stmt 0 view .LVU996
 3207 0058 07EE103A 		vmov	s14, r3	@ int
 3208 005c F8EE476A 		vcvt.f32.u32	s13, s14
2968:Drivers/STM32H7xx_HAL_Driver/Src/stm32h7xx_hal_rcc_ex.c ****         }
 3209              		.loc 1 2968 42 view .LVU997
 3210 0060 07EE10EA 		vmov	s14, lr	@ int
 3211 0064 B8EE476A 		vcvt.f32.u32	s12, s14
2968:Drivers/STM32H7xx_HAL_Driver/Src/stm32h7xx_hal_rcc_ex.c ****         }
 3212              		.loc 1 2968 40 view .LVU998
 3213 0068 86EE867A 		vdiv.f32	s14, s13, s12
2968:Drivers/STM32H7xx_HAL_Driver/Src/stm32h7xx_hal_rcc_ex.c ****         }
 3214              		.loc 1 2968 84 view .LVU999
 3215 006c 8B6B     		ldr	r3, [r1, #56]
 3216              	.LVL325:
2968:Drivers/STM32H7xx_HAL_Driver/Src/stm32h7xx_hal_rcc_ex.c ****         }
 3217              		.loc 1 2968 70 view .LVU1000
 3218 006e C3F30803 		ubfx	r3, r3, #0, #9
ARM GAS  C:\Users\jason\AppData\Local\Temp\ccSG31kR.s 			page 142


2968:Drivers/STM32H7xx_HAL_Driver/Src/stm32h7xx_hal_rcc_ex.c ****         }
 3219              		.loc 1 2968 61 view .LVU1001
 3220 0072 06EE903A 		vmov	s13, r3	@ int
 3221 0076 F8EE666A 		vcvt.f32.u32	s13, s13
2968:Drivers/STM32H7xx_HAL_Driver/Src/stm32h7xx_hal_rcc_ex.c ****         }
 3222              		.loc 1 2968 124 view .LVU1002
 3223 007a 9FED5D6A 		vldr.32	s12, .L282+8
 3224 007e 67EE867A 		vmul.f32	s15, s15, s12
2968:Drivers/STM32H7xx_HAL_Driver/Src/stm32h7xx_hal_rcc_ex.c ****         }
 3225              		.loc 1 2968 114 view .LVU1003
 3226 0082 76EEA77A 		vadd.f32	s15, s13, s15
2968:Drivers/STM32H7xx_HAL_Driver/Src/stm32h7xx_hal_rcc_ex.c ****         }
 3227              		.loc 1 2968 143 view .LVU1004
 3228 0086 F7EE006A 		vmov.f32	s13, #1.0e+0
 3229 008a 77EEA67A 		vadd.f32	s15, s15, s13
2968:Drivers/STM32H7xx_HAL_Driver/Src/stm32h7xx_hal_rcc_ex.c ****         }
 3230              		.loc 1 2968 19 view .LVU1005
 3231 008e 27EE277A 		vmul.f32	s14, s14, s15
 3232              	.LVL326:
2968:Drivers/STM32H7xx_HAL_Driver/Src/stm32h7xx_hal_rcc_ex.c ****         }
 3233              		.loc 1 2968 19 view .LVU1006
 3234 0092 38E0     		b	.L279
 3235              	.LVL327:
 3236              	.L278:
2972:Drivers/STM32H7xx_HAL_Driver/Src/stm32h7xx_hal_rcc_ex.c ****         }
 3237              		.loc 1 2972 11 is_stmt 1 view .LVU1007
2972:Drivers/STM32H7xx_HAL_Driver/Src/stm32h7xx_hal_rcc_ex.c ****         }
 3238              		.loc 1 2972 43 is_stmt 0 view .LVU1008
 3239 0094 07EE10EA 		vmov	s14, lr	@ int
 3240 0098 F8EE476A 		vcvt.f32.u32	s13, s14
2972:Drivers/STM32H7xx_HAL_Driver/Src/stm32h7xx_hal_rcc_ex.c ****         }
 3241              		.loc 1 2972 41 view .LVU1009
 3242 009c 9FED556A 		vldr.32	s12, .L282+12
 3243 00a0 86EE267A 		vdiv.f32	s14, s12, s13
2972:Drivers/STM32H7xx_HAL_Driver/Src/stm32h7xx_hal_rcc_ex.c ****         }
 3244              		.loc 1 2972 85 view .LVU1010
 3245 00a4 504B     		ldr	r3, .L282
 3246 00a6 9B6B     		ldr	r3, [r3, #56]
2972:Drivers/STM32H7xx_HAL_Driver/Src/stm32h7xx_hal_rcc_ex.c ****         }
 3247              		.loc 1 2972 71 view .LVU1011
 3248 00a8 C3F30803 		ubfx	r3, r3, #0, #9
2972:Drivers/STM32H7xx_HAL_Driver/Src/stm32h7xx_hal_rcc_ex.c ****         }
 3249              		.loc 1 2972 62 view .LVU1012
 3250 00ac 06EE903A 		vmov	s13, r3	@ int
 3251 00b0 F8EE666A 		vcvt.f32.u32	s13, s13
2972:Drivers/STM32H7xx_HAL_Driver/Src/stm32h7xx_hal_rcc_ex.c ****         }
 3252              		.loc 1 2972 125 view .LVU1013
 3253 00b4 9FED4E6A 		vldr.32	s12, .L282+8
 3254 00b8 67EE867A 		vmul.f32	s15, s15, s12
2972:Drivers/STM32H7xx_HAL_Driver/Src/stm32h7xx_hal_rcc_ex.c ****         }
 3255              		.loc 1 2972 115 view .LVU1014
 3256 00bc 76EEA77A 		vadd.f32	s15, s13, s15
2972:Drivers/STM32H7xx_HAL_Driver/Src/stm32h7xx_hal_rcc_ex.c ****         }
 3257              		.loc 1 2972 144 view .LVU1015
 3258 00c0 F7EE006A 		vmov.f32	s13, #1.0e+0
 3259 00c4 77EEA67A 		vadd.f32	s15, s15, s13
2972:Drivers/STM32H7xx_HAL_Driver/Src/stm32h7xx_hal_rcc_ex.c ****         }
ARM GAS  C:\Users\jason\AppData\Local\Temp\ccSG31kR.s 			page 143


 3260              		.loc 1 2972 19 view .LVU1016
 3261 00c8 27EE277A 		vmul.f32	s14, s14, s15
 3262              	.LVL328:
2972:Drivers/STM32H7xx_HAL_Driver/Src/stm32h7xx_hal_rcc_ex.c ****         }
 3263              		.loc 1 2972 19 view .LVU1017
 3264 00cc 1BE0     		b	.L279
 3265              	.LVL329:
 3266              	.L275:
2977:Drivers/STM32H7xx_HAL_Driver/Src/stm32h7xx_hal_rcc_ex.c ****         break;
 3267              		.loc 1 2977 9 is_stmt 1 view .LVU1018
2977:Drivers/STM32H7xx_HAL_Driver/Src/stm32h7xx_hal_rcc_ex.c ****         break;
 3268              		.loc 1 2977 41 is_stmt 0 view .LVU1019
 3269 00ce 07EE10EA 		vmov	s14, lr	@ int
 3270 00d2 F8EE476A 		vcvt.f32.u32	s13, s14
2977:Drivers/STM32H7xx_HAL_Driver/Src/stm32h7xx_hal_rcc_ex.c ****         break;
 3271              		.loc 1 2977 39 view .LVU1020
 3272 00d6 9FED486A 		vldr.32	s12, .L282+16
 3273 00da 86EE267A 		vdiv.f32	s14, s12, s13
2977:Drivers/STM32H7xx_HAL_Driver/Src/stm32h7xx_hal_rcc_ex.c ****         break;
 3274              		.loc 1 2977 83 view .LVU1021
 3275 00de 424B     		ldr	r3, .L282
 3276              	.LVL330:
2977:Drivers/STM32H7xx_HAL_Driver/Src/stm32h7xx_hal_rcc_ex.c ****         break;
 3277              		.loc 1 2977 83 view .LVU1022
 3278 00e0 9B6B     		ldr	r3, [r3, #56]
2977:Drivers/STM32H7xx_HAL_Driver/Src/stm32h7xx_hal_rcc_ex.c ****         break;
 3279              		.loc 1 2977 69 view .LVU1023
 3280 00e2 C3F30803 		ubfx	r3, r3, #0, #9
2977:Drivers/STM32H7xx_HAL_Driver/Src/stm32h7xx_hal_rcc_ex.c ****         break;
 3281              		.loc 1 2977 60 view .LVU1024
 3282 00e6 06EE903A 		vmov	s13, r3	@ int
 3283 00ea F8EE666A 		vcvt.f32.u32	s13, s13
2977:Drivers/STM32H7xx_HAL_Driver/Src/stm32h7xx_hal_rcc_ex.c ****         break;
 3284              		.loc 1 2977 123 view .LVU1025
 3285 00ee 9FED406A 		vldr.32	s12, .L282+8
 3286 00f2 67EE867A 		vmul.f32	s15, s15, s12
2977:Drivers/STM32H7xx_HAL_Driver/Src/stm32h7xx_hal_rcc_ex.c ****         break;
 3287              		.loc 1 2977 113 view .LVU1026
 3288 00f6 76EEA77A 		vadd.f32	s15, s13, s15
2977:Drivers/STM32H7xx_HAL_Driver/Src/stm32h7xx_hal_rcc_ex.c ****         break;
 3289              		.loc 1 2977 142 view .LVU1027
 3290 00fa F7EE006A 		vmov.f32	s13, #1.0e+0
 3291 00fe 77EEA67A 		vadd.f32	s15, s15, s13
2977:Drivers/STM32H7xx_HAL_Driver/Src/stm32h7xx_hal_rcc_ex.c ****         break;
 3292              		.loc 1 2977 17 view .LVU1028
 3293 0102 27EE277A 		vmul.f32	s14, s14, s15
 3294              	.LVL331:
2978:Drivers/STM32H7xx_HAL_Driver/Src/stm32h7xx_hal_rcc_ex.c **** 
 3295              		.loc 1 2978 9 is_stmt 1 view .LVU1029
 3296              	.L279:
2988:Drivers/STM32H7xx_HAL_Driver/Src/stm32h7xx_hal_rcc_ex.c ****     PLL2_Clocks->PLL2_Q_Frequency = (uint32_t)(float_t)(pll2vco / ((float_t)(uint32_t)((RCC->PLL2DI
 3297              		.loc 1 2988 5 view .LVU1030
2988:Drivers/STM32H7xx_HAL_Driver/Src/stm32h7xx_hal_rcc_ex.c ****     PLL2_Clocks->PLL2_Q_Frequency = (uint32_t)(float_t)(pll2vco / ((float_t)(uint32_t)((RCC->PLL2DI
 3298              		.loc 1 2988 92 is_stmt 0 view .LVU1031
 3299 0106 384A     		ldr	r2, .L282
 3300 0108 936B     		ldr	r3, [r2, #56]
2988:Drivers/STM32H7xx_HAL_Driver/Src/stm32h7xx_hal_rcc_ex.c ****     PLL2_Clocks->PLL2_Q_Frequency = (uint32_t)(float_t)(pll2vco / ((float_t)(uint32_t)((RCC->PLL2DI
ARM GAS  C:\Users\jason\AppData\Local\Temp\ccSG31kR.s 			page 144


 3301              		.loc 1 2988 77 view .LVU1032
 3302 010a C3F34623 		ubfx	r3, r3, #9, #7
 3303 010e 07EE903A 		vmov	s15, r3	@ int
2988:Drivers/STM32H7xx_HAL_Driver/Src/stm32h7xx_hal_rcc_ex.c ****     PLL2_Clocks->PLL2_Q_Frequency = (uint32_t)(float_t)(pll2vco / ((float_t)(uint32_t)((RCC->PLL2DI
 3304              		.loc 1 2988 68 view .LVU1033
 3305 0112 F8EE677A 		vcvt.f32.u32	s15, s15
2988:Drivers/STM32H7xx_HAL_Driver/Src/stm32h7xx_hal_rcc_ex.c ****     PLL2_Clocks->PLL2_Q_Frequency = (uint32_t)(float_t)(pll2vco / ((float_t)(uint32_t)((RCC->PLL2DI
 3306              		.loc 1 2988 129 view .LVU1034
 3307 0116 F7EE006A 		vmov.f32	s13, #1.0e+0
 3308 011a 77EEA67A 		vadd.f32	s15, s15, s13
2988:Drivers/STM32H7xx_HAL_Driver/Src/stm32h7xx_hal_rcc_ex.c ****     PLL2_Clocks->PLL2_Q_Frequency = (uint32_t)(float_t)(pll2vco / ((float_t)(uint32_t)((RCC->PLL2DI
 3309              		.loc 1 2988 47 view .LVU1035
 3310 011e 87EE276A 		vdiv.f32	s12, s14, s15
2988:Drivers/STM32H7xx_HAL_Driver/Src/stm32h7xx_hal_rcc_ex.c ****     PLL2_Clocks->PLL2_Q_Frequency = (uint32_t)(float_t)(pll2vco / ((float_t)(uint32_t)((RCC->PLL2DI
 3311              		.loc 1 2988 37 view .LVU1036
 3312 0122 BCEEC66A 		vcvt.u32.f32	s12, s12
2988:Drivers/STM32H7xx_HAL_Driver/Src/stm32h7xx_hal_rcc_ex.c ****     PLL2_Clocks->PLL2_Q_Frequency = (uint32_t)(float_t)(pll2vco / ((float_t)(uint32_t)((RCC->PLL2DI
 3313              		.loc 1 2988 35 view .LVU1037
 3314 0126 80ED006A 		vstr.32	s12, [r0]	@ int
2989:Drivers/STM32H7xx_HAL_Driver/Src/stm32h7xx_hal_rcc_ex.c ****     PLL2_Clocks->PLL2_R_Frequency = (uint32_t)(float_t)(pll2vco / ((float_t)(uint32_t)((RCC->PLL2DI
 3315              		.loc 1 2989 5 is_stmt 1 view .LVU1038
2989:Drivers/STM32H7xx_HAL_Driver/Src/stm32h7xx_hal_rcc_ex.c ****     PLL2_Clocks->PLL2_R_Frequency = (uint32_t)(float_t)(pll2vco / ((float_t)(uint32_t)((RCC->PLL2DI
 3316              		.loc 1 2989 92 is_stmt 0 view .LVU1039
 3317 012a 936B     		ldr	r3, [r2, #56]
2989:Drivers/STM32H7xx_HAL_Driver/Src/stm32h7xx_hal_rcc_ex.c ****     PLL2_Clocks->PLL2_R_Frequency = (uint32_t)(float_t)(pll2vco / ((float_t)(uint32_t)((RCC->PLL2DI
 3318              		.loc 1 2989 77 view .LVU1040
 3319 012c C3F30643 		ubfx	r3, r3, #16, #7
 3320 0130 07EE903A 		vmov	s15, r3	@ int
2989:Drivers/STM32H7xx_HAL_Driver/Src/stm32h7xx_hal_rcc_ex.c ****     PLL2_Clocks->PLL2_R_Frequency = (uint32_t)(float_t)(pll2vco / ((float_t)(uint32_t)((RCC->PLL2DI
 3321              		.loc 1 2989 68 view .LVU1041
 3322 0134 F8EE677A 		vcvt.f32.u32	s15, s15
2989:Drivers/STM32H7xx_HAL_Driver/Src/stm32h7xx_hal_rcc_ex.c ****     PLL2_Clocks->PLL2_R_Frequency = (uint32_t)(float_t)(pll2vco / ((float_t)(uint32_t)((RCC->PLL2DI
 3323              		.loc 1 2989 129 view .LVU1042
 3324 0138 77EEA67A 		vadd.f32	s15, s15, s13
2989:Drivers/STM32H7xx_HAL_Driver/Src/stm32h7xx_hal_rcc_ex.c ****     PLL2_Clocks->PLL2_R_Frequency = (uint32_t)(float_t)(pll2vco / ((float_t)(uint32_t)((RCC->PLL2DI
 3325              		.loc 1 2989 47 view .LVU1043
 3326 013c 87EE276A 		vdiv.f32	s12, s14, s15
2989:Drivers/STM32H7xx_HAL_Driver/Src/stm32h7xx_hal_rcc_ex.c ****     PLL2_Clocks->PLL2_R_Frequency = (uint32_t)(float_t)(pll2vco / ((float_t)(uint32_t)((RCC->PLL2DI
 3327              		.loc 1 2989 37 view .LVU1044
 3328 0140 BCEEC66A 		vcvt.u32.f32	s12, s12
2989:Drivers/STM32H7xx_HAL_Driver/Src/stm32h7xx_hal_rcc_ex.c ****     PLL2_Clocks->PLL2_R_Frequency = (uint32_t)(float_t)(pll2vco / ((float_t)(uint32_t)((RCC->PLL2DI
 3329              		.loc 1 2989 35 view .LVU1045
 3330 0144 80ED016A 		vstr.32	s12, [r0, #4]	@ int
2990:Drivers/STM32H7xx_HAL_Driver/Src/stm32h7xx_hal_rcc_ex.c ****   }
 3331              		.loc 1 2990 5 is_stmt 1 view .LVU1046
2990:Drivers/STM32H7xx_HAL_Driver/Src/stm32h7xx_hal_rcc_ex.c ****   }
 3332              		.loc 1 2990 92 is_stmt 0 view .LVU1047
 3333 0148 936B     		ldr	r3, [r2, #56]
2990:Drivers/STM32H7xx_HAL_Driver/Src/stm32h7xx_hal_rcc_ex.c ****   }
 3334              		.loc 1 2990 77 view .LVU1048
 3335 014a C3F30663 		ubfx	r3, r3, #24, #7
 3336 014e 07EE903A 		vmov	s15, r3	@ int
2990:Drivers/STM32H7xx_HAL_Driver/Src/stm32h7xx_hal_rcc_ex.c ****   }
 3337              		.loc 1 2990 68 view .LVU1049
 3338 0152 F8EE677A 		vcvt.f32.u32	s15, s15
2990:Drivers/STM32H7xx_HAL_Driver/Src/stm32h7xx_hal_rcc_ex.c ****   }
 3339              		.loc 1 2990 129 view .LVU1050
ARM GAS  C:\Users\jason\AppData\Local\Temp\ccSG31kR.s 			page 145


 3340 0156 77EEA67A 		vadd.f32	s15, s15, s13
2990:Drivers/STM32H7xx_HAL_Driver/Src/stm32h7xx_hal_rcc_ex.c ****   }
 3341              		.loc 1 2990 47 view .LVU1051
 3342 015a C7EE276A 		vdiv.f32	s13, s14, s15
2990:Drivers/STM32H7xx_HAL_Driver/Src/stm32h7xx_hal_rcc_ex.c ****   }
 3343              		.loc 1 2990 37 view .LVU1052
 3344 015e FCEEE66A 		vcvt.u32.f32	s13, s13
2990:Drivers/STM32H7xx_HAL_Driver/Src/stm32h7xx_hal_rcc_ex.c ****   }
 3345              		.loc 1 2990 35 view .LVU1053
 3346 0162 C0ED026A 		vstr.32	s13, [r0, #8]	@ int
 3347              	.LVL332:
 3348              	.L273:
2998:Drivers/STM32H7xx_HAL_Driver/Src/stm32h7xx_hal_rcc_ex.c **** 
 3349              		.loc 1 2998 1 view .LVU1054
 3350 0166 00BD     		pop	{pc}
 3351              	.LVL333:
 3352              	.L276:
2981:Drivers/STM32H7xx_HAL_Driver/Src/stm32h7xx_hal_rcc_ex.c ****         break;
 3353              		.loc 1 2981 9 is_stmt 1 view .LVU1055
2981:Drivers/STM32H7xx_HAL_Driver/Src/stm32h7xx_hal_rcc_ex.c ****         break;
 3354              		.loc 1 2981 41 is_stmt 0 view .LVU1056
 3355 0168 07EE10EA 		vmov	s14, lr	@ int
 3356 016c F8EE476A 		vcvt.f32.u32	s13, s14
2981:Drivers/STM32H7xx_HAL_Driver/Src/stm32h7xx_hal_rcc_ex.c ****         break;
 3357              		.loc 1 2981 39 view .LVU1057
 3358 0170 9FED226A 		vldr.32	s12, .L282+20
 3359 0174 86EE267A 		vdiv.f32	s14, s12, s13
2981:Drivers/STM32H7xx_HAL_Driver/Src/stm32h7xx_hal_rcc_ex.c ****         break;
 3360              		.loc 1 2981 83 view .LVU1058
 3361 0178 1B4B     		ldr	r3, .L282
 3362              	.LVL334:
2981:Drivers/STM32H7xx_HAL_Driver/Src/stm32h7xx_hal_rcc_ex.c ****         break;
 3363              		.loc 1 2981 83 view .LVU1059
 3364 017a 9B6B     		ldr	r3, [r3, #56]
2981:Drivers/STM32H7xx_HAL_Driver/Src/stm32h7xx_hal_rcc_ex.c ****         break;
 3365              		.loc 1 2981 69 view .LVU1060
 3366 017c C3F30803 		ubfx	r3, r3, #0, #9
2981:Drivers/STM32H7xx_HAL_Driver/Src/stm32h7xx_hal_rcc_ex.c ****         break;
 3367              		.loc 1 2981 60 view .LVU1061
 3368 0180 06EE903A 		vmov	s13, r3	@ int
 3369 0184 F8EE666A 		vcvt.f32.u32	s13, s13
2981:Drivers/STM32H7xx_HAL_Driver/Src/stm32h7xx_hal_rcc_ex.c ****         break;
 3370              		.loc 1 2981 123 view .LVU1062
 3371 0188 9FED196A 		vldr.32	s12, .L282+8
 3372 018c 67EE867A 		vmul.f32	s15, s15, s12
2981:Drivers/STM32H7xx_HAL_Driver/Src/stm32h7xx_hal_rcc_ex.c ****         break;
 3373              		.loc 1 2981 113 view .LVU1063
 3374 0190 76EEA77A 		vadd.f32	s15, s13, s15
2981:Drivers/STM32H7xx_HAL_Driver/Src/stm32h7xx_hal_rcc_ex.c ****         break;
 3375              		.loc 1 2981 142 view .LVU1064
 3376 0194 F7EE006A 		vmov.f32	s13, #1.0e+0
 3377 0198 77EEA67A 		vadd.f32	s15, s15, s13
2981:Drivers/STM32H7xx_HAL_Driver/Src/stm32h7xx_hal_rcc_ex.c ****         break;
 3378              		.loc 1 2981 17 view .LVU1065
 3379 019c 27EE277A 		vmul.f32	s14, s14, s15
 3380              	.LVL335:
2982:Drivers/STM32H7xx_HAL_Driver/Src/stm32h7xx_hal_rcc_ex.c **** 
ARM GAS  C:\Users\jason\AppData\Local\Temp\ccSG31kR.s 			page 146


 3381              		.loc 1 2982 9 is_stmt 1 view .LVU1066
 3382 01a0 B1E7     		b	.L279
 3383              	.LVL336:
 3384              	.L277:
2985:Drivers/STM32H7xx_HAL_Driver/Src/stm32h7xx_hal_rcc_ex.c ****         break;
 3385              		.loc 1 2985 9 view .LVU1067
2985:Drivers/STM32H7xx_HAL_Driver/Src/stm32h7xx_hal_rcc_ex.c ****         break;
 3386              		.loc 1 2985 41 is_stmt 0 view .LVU1068
 3387 01a2 07EE10EA 		vmov	s14, lr	@ int
 3388 01a6 F8EE476A 		vcvt.f32.u32	s13, s14
2985:Drivers/STM32H7xx_HAL_Driver/Src/stm32h7xx_hal_rcc_ex.c ****         break;
 3389              		.loc 1 2985 39 view .LVU1069
 3390 01aa 9FED136A 		vldr.32	s12, .L282+16
 3391 01ae 86EE267A 		vdiv.f32	s14, s12, s13
2985:Drivers/STM32H7xx_HAL_Driver/Src/stm32h7xx_hal_rcc_ex.c ****         break;
 3392              		.loc 1 2985 83 view .LVU1070
 3393 01b2 0D4B     		ldr	r3, .L282
 3394              	.LVL337:
2985:Drivers/STM32H7xx_HAL_Driver/Src/stm32h7xx_hal_rcc_ex.c ****         break;
 3395              		.loc 1 2985 83 view .LVU1071
 3396 01b4 9B6B     		ldr	r3, [r3, #56]
2985:Drivers/STM32H7xx_HAL_Driver/Src/stm32h7xx_hal_rcc_ex.c ****         break;
 3397              		.loc 1 2985 69 view .LVU1072
 3398 01b6 C3F30803 		ubfx	r3, r3, #0, #9
2985:Drivers/STM32H7xx_HAL_Driver/Src/stm32h7xx_hal_rcc_ex.c ****         break;
 3399              		.loc 1 2985 60 view .LVU1073
 3400 01ba 06EE903A 		vmov	s13, r3	@ int
 3401 01be F8EE666A 		vcvt.f32.u32	s13, s13
2985:Drivers/STM32H7xx_HAL_Driver/Src/stm32h7xx_hal_rcc_ex.c ****         break;
 3402              		.loc 1 2985 123 view .LVU1074
 3403 01c2 9FED0B6A 		vldr.32	s12, .L282+8
 3404 01c6 67EE867A 		vmul.f32	s15, s15, s12
2985:Drivers/STM32H7xx_HAL_Driver/Src/stm32h7xx_hal_rcc_ex.c ****         break;
 3405              		.loc 1 2985 113 view .LVU1075
 3406 01ca 76EEA77A 		vadd.f32	s15, s13, s15
2985:Drivers/STM32H7xx_HAL_Driver/Src/stm32h7xx_hal_rcc_ex.c ****         break;
 3407              		.loc 1 2985 142 view .LVU1076
 3408 01ce F7EE006A 		vmov.f32	s13, #1.0e+0
 3409 01d2 77EEA67A 		vadd.f32	s15, s15, s13
2985:Drivers/STM32H7xx_HAL_Driver/Src/stm32h7xx_hal_rcc_ex.c ****         break;
 3410              		.loc 1 2985 17 view .LVU1077
 3411 01d6 27EE277A 		vmul.f32	s14, s14, s15
 3412              	.LVL338:
2986:Drivers/STM32H7xx_HAL_Driver/Src/stm32h7xx_hal_rcc_ex.c ****     }
 3413              		.loc 1 2986 9 is_stmt 1 view .LVU1078
 3414 01da 94E7     		b	.L279
 3415              	.LVL339:
 3416              	.L274:
2994:Drivers/STM32H7xx_HAL_Driver/Src/stm32h7xx_hal_rcc_ex.c ****     PLL2_Clocks->PLL2_Q_Frequency = 0U;
 3417              		.loc 1 2994 5 view .LVU1079
2994:Drivers/STM32H7xx_HAL_Driver/Src/stm32h7xx_hal_rcc_ex.c ****     PLL2_Clocks->PLL2_Q_Frequency = 0U;
 3418              		.loc 1 2994 35 is_stmt 0 view .LVU1080
 3419 01dc 0023     		movs	r3, #0
 3420              	.LVL340:
2994:Drivers/STM32H7xx_HAL_Driver/Src/stm32h7xx_hal_rcc_ex.c ****     PLL2_Clocks->PLL2_Q_Frequency = 0U;
 3421              		.loc 1 2994 35 view .LVU1081
 3422 01de 0360     		str	r3, [r0]
ARM GAS  C:\Users\jason\AppData\Local\Temp\ccSG31kR.s 			page 147


2995:Drivers/STM32H7xx_HAL_Driver/Src/stm32h7xx_hal_rcc_ex.c ****     PLL2_Clocks->PLL2_R_Frequency = 0U;
 3423              		.loc 1 2995 5 is_stmt 1 view .LVU1082
2995:Drivers/STM32H7xx_HAL_Driver/Src/stm32h7xx_hal_rcc_ex.c ****     PLL2_Clocks->PLL2_R_Frequency = 0U;
 3424              		.loc 1 2995 35 is_stmt 0 view .LVU1083
 3425 01e0 4360     		str	r3, [r0, #4]
2996:Drivers/STM32H7xx_HAL_Driver/Src/stm32h7xx_hal_rcc_ex.c ****   }
 3426              		.loc 1 2996 5 is_stmt 1 view .LVU1084
2996:Drivers/STM32H7xx_HAL_Driver/Src/stm32h7xx_hal_rcc_ex.c ****   }
 3427              		.loc 1 2996 35 is_stmt 0 view .LVU1085
 3428 01e2 8360     		str	r3, [r0, #8]
2998:Drivers/STM32H7xx_HAL_Driver/Src/stm32h7xx_hal_rcc_ex.c **** 
 3429              		.loc 1 2998 1 view .LVU1086
 3430 01e4 BFE7     		b	.L273
 3431              	.L283:
 3432 01e6 00BF     		.align	2
 3433              	.L282:
 3434 01e8 00440258 		.word	1476543488
 3435 01ec 0090D003 		.word	64000000
 3436 01f0 00000039 		.word	956301312
 3437 01f4 0024744C 		.word	1282679808
 3438 01f8 0024744A 		.word	1249125376
 3439 01fc 0024744B 		.word	1265902592
 3440              		.cfi_endproc
 3441              	.LFE149:
 3443              		.section	.text.HAL_RCCEx_GetPLL3ClockFreq,"ax",%progbits
 3444              		.align	1
 3445              		.global	HAL_RCCEx_GetPLL3ClockFreq
 3446              		.syntax unified
 3447              		.thumb
 3448              		.thumb_func
 3450              	HAL_RCCEx_GetPLL3ClockFreq:
 3451              	.LVL341:
 3452              	.LFB150:
3015:Drivers/STM32H7xx_HAL_Driver/Src/stm32h7xx_hal_rcc_ex.c ****   uint32_t pllsource, pll3m, pll3fracen, hsivalue;
 3453              		.loc 1 3015 1 is_stmt 1 view -0
 3454              		.cfi_startproc
 3455              		@ args = 0, pretend = 0, frame = 0
 3456              		@ frame_needed = 0, uses_anonymous_args = 0
3015:Drivers/STM32H7xx_HAL_Driver/Src/stm32h7xx_hal_rcc_ex.c ****   uint32_t pllsource, pll3m, pll3fracen, hsivalue;
 3457              		.loc 1 3015 1 is_stmt 0 view .LVU1088
 3458 0000 00B5     		push	{lr}
 3459              		.cfi_def_cfa_offset 4
 3460              		.cfi_offset 14, -4
3016:Drivers/STM32H7xx_HAL_Driver/Src/stm32h7xx_hal_rcc_ex.c ****   float_t fracn3, pll3vco;
 3461              		.loc 1 3016 3 is_stmt 1 view .LVU1089
3017:Drivers/STM32H7xx_HAL_Driver/Src/stm32h7xx_hal_rcc_ex.c **** 
 3462              		.loc 1 3017 3 view .LVU1090
3022:Drivers/STM32H7xx_HAL_Driver/Src/stm32h7xx_hal_rcc_ex.c ****   pll3m = ((RCC->PLLCKSELR & RCC_PLLCKSELR_DIVM3) >> 20)  ;
 3463              		.loc 1 3022 3 view .LVU1091
3022:Drivers/STM32H7xx_HAL_Driver/Src/stm32h7xx_hal_rcc_ex.c ****   pll3m = ((RCC->PLLCKSELR & RCC_PLLCKSELR_DIVM3) >> 20)  ;
 3464              		.loc 1 3022 19 is_stmt 0 view .LVU1092
 3465 0002 794B     		ldr	r3, .L293
 3466 0004 9A6A     		ldr	r2, [r3, #40]
 3467              	.LVL342:
3023:Drivers/STM32H7xx_HAL_Driver/Src/stm32h7xx_hal_rcc_ex.c ****   pll3fracen = (RCC->PLLCFGR & RCC_PLLCFGR_PLL3FRACEN) >> RCC_PLLCFGR_PLL3FRACEN_Pos;
 3468              		.loc 1 3023 3 is_stmt 1 view .LVU1093
3023:Drivers/STM32H7xx_HAL_Driver/Src/stm32h7xx_hal_rcc_ex.c ****   pll3fracen = (RCC->PLLCFGR & RCC_PLLCFGR_PLL3FRACEN) >> RCC_PLLCFGR_PLL3FRACEN_Pos;
ARM GAS  C:\Users\jason\AppData\Local\Temp\ccSG31kR.s 			page 148


 3469              		.loc 1 3023 16 is_stmt 0 view .LVU1094
 3470 0006 D3F828C0 		ldr	ip, [r3, #40]
3023:Drivers/STM32H7xx_HAL_Driver/Src/stm32h7xx_hal_rcc_ex.c ****   pll3fracen = (RCC->PLLCFGR & RCC_PLLCFGR_PLL3FRACEN) >> RCC_PLLCFGR_PLL3FRACEN_Pos;
 3471              		.loc 1 3023 9 view .LVU1095
 3472 000a CCF3055E 		ubfx	lr, ip, #20, #6
 3473              	.LVL343:
3024:Drivers/STM32H7xx_HAL_Driver/Src/stm32h7xx_hal_rcc_ex.c ****   fracn3 = (float_t)(uint32_t)(pll3fracen * ((RCC->PLL3FRACR & RCC_PLL3FRACR_FRACN3) >> 3));
 3474              		.loc 1 3024 3 is_stmt 1 view .LVU1096
3024:Drivers/STM32H7xx_HAL_Driver/Src/stm32h7xx_hal_rcc_ex.c ****   fracn3 = (float_t)(uint32_t)(pll3fracen * ((RCC->PLL3FRACR & RCC_PLL3FRACR_FRACN3) >> 3));
 3475              		.loc 1 3024 20 is_stmt 0 view .LVU1097
 3476 000e D96A     		ldr	r1, [r3, #44]
3024:Drivers/STM32H7xx_HAL_Driver/Src/stm32h7xx_hal_rcc_ex.c ****   fracn3 = (float_t)(uint32_t)(pll3fracen * ((RCC->PLL3FRACR & RCC_PLL3FRACR_FRACN3) >> 3));
 3477              		.loc 1 3024 14 view .LVU1098
 3478 0010 C1F30021 		ubfx	r1, r1, #8, #1
 3479              	.LVL344:
3025:Drivers/STM32H7xx_HAL_Driver/Src/stm32h7xx_hal_rcc_ex.c **** 
 3480              		.loc 1 3025 3 is_stmt 1 view .LVU1099
3025:Drivers/STM32H7xx_HAL_Driver/Src/stm32h7xx_hal_rcc_ex.c **** 
 3481              		.loc 1 3025 50 is_stmt 0 view .LVU1100
 3482 0014 5B6C     		ldr	r3, [r3, #68]
3025:Drivers/STM32H7xx_HAL_Driver/Src/stm32h7xx_hal_rcc_ex.c **** 
 3483              		.loc 1 3025 86 view .LVU1101
 3484 0016 C3F3CC03 		ubfx	r3, r3, #3, #13
3025:Drivers/STM32H7xx_HAL_Driver/Src/stm32h7xx_hal_rcc_ex.c **** 
 3485              		.loc 1 3025 21 view .LVU1102
 3486 001a 01FB03F3 		mul	r3, r1, r3
 3487              	.LVL345:
3027:Drivers/STM32H7xx_HAL_Driver/Src/stm32h7xx_hal_rcc_ex.c ****   {
 3488              		.loc 1 3027 3 is_stmt 1 view .LVU1103
3027:Drivers/STM32H7xx_HAL_Driver/Src/stm32h7xx_hal_rcc_ex.c ****   {
 3489              		.loc 1 3027 6 is_stmt 0 view .LVU1104
 3490 001e 1CF07C7F 		tst	ip, #66060288
 3491 0022 00F0DB80 		beq	.L285
 3492 0026 02F00302 		and	r2, r2, #3
 3493              	.LVL346:
3027:Drivers/STM32H7xx_HAL_Driver/Src/stm32h7xx_hal_rcc_ex.c ****   {
 3494              		.loc 1 3027 6 view .LVU1105
 3495 002a 07EE903A 		vmov	s15, r3	@ int
 3496 002e F8EE677A 		vcvt.f32.u32	s15, s15
3029:Drivers/STM32H7xx_HAL_Driver/Src/stm32h7xx_hal_rcc_ex.c ****     {
 3497              		.loc 1 3029 5 is_stmt 1 view .LVU1106
 3498 0032 012A     		cmp	r2, #1
 3499 0034 4BD0     		beq	.L286
 3500 0036 022A     		cmp	r2, #2
 3501 0038 00F09680 		beq	.L287
 3502 003c 002A     		cmp	r2, #0
 3503 003e 40F0B080 		bne	.L288
3033:Drivers/STM32H7xx_HAL_Driver/Src/stm32h7xx_hal_rcc_ex.c ****         {
 3504              		.loc 1 3033 9 view .LVU1107
3033:Drivers/STM32H7xx_HAL_Driver/Src/stm32h7xx_hal_rcc_ex.c ****         {
 3505              		.loc 1 3033 13 is_stmt 0 view .LVU1108
 3506 0042 694B     		ldr	r3, .L293
 3507              	.LVL347:
3033:Drivers/STM32H7xx_HAL_Driver/Src/stm32h7xx_hal_rcc_ex.c ****         {
 3508              		.loc 1 3033 13 view .LVU1109
 3509 0044 1B68     		ldr	r3, [r3]
3033:Drivers/STM32H7xx_HAL_Driver/Src/stm32h7xx_hal_rcc_ex.c ****         {
ARM GAS  C:\Users\jason\AppData\Local\Temp\ccSG31kR.s 			page 149


 3510              		.loc 1 3033 12 view .LVU1110
 3511 0046 13F0200F 		tst	r3, #32
 3512 004a 23D0     		beq	.L289
3035:Drivers/STM32H7xx_HAL_Driver/Src/stm32h7xx_hal_rcc_ex.c ****           pll3vco = ((float_t)hsivalue / (float_t)pll3m) * ((float_t)(uint32_t)(RCC->PLL3DIVR & RCC
 3513              		.loc 1 3035 11 is_stmt 1 view .LVU1111
3035:Drivers/STM32H7xx_HAL_Driver/Src/stm32h7xx_hal_rcc_ex.c ****           pll3vco = ((float_t)hsivalue / (float_t)pll3m) * ((float_t)(uint32_t)(RCC->PLL3DIVR & RCC
 3514              		.loc 1 3035 37 is_stmt 0 view .LVU1112
 3515 004c 6649     		ldr	r1, .L293
 3516              	.LVL348:
3035:Drivers/STM32H7xx_HAL_Driver/Src/stm32h7xx_hal_rcc_ex.c ****           pll3vco = ((float_t)hsivalue / (float_t)pll3m) * ((float_t)(uint32_t)(RCC->PLL3DIVR & RCC
 3517              		.loc 1 3035 37 view .LVU1113
 3518 004e 0A68     		ldr	r2, [r1]
 3519              	.LVL349:
3035:Drivers/STM32H7xx_HAL_Driver/Src/stm32h7xx_hal_rcc_ex.c ****           pll3vco = ((float_t)hsivalue / (float_t)pll3m) * ((float_t)(uint32_t)(RCC->PLL3DIVR & RCC
 3520              		.loc 1 3035 65 view .LVU1114
 3521 0050 C2F3C102 		ubfx	r2, r2, #3, #2
3035:Drivers/STM32H7xx_HAL_Driver/Src/stm32h7xx_hal_rcc_ex.c ****           pll3vco = ((float_t)hsivalue / (float_t)pll3m) * ((float_t)(uint32_t)(RCC->PLL3DIVR & RCC
 3522              		.loc 1 3035 20 view .LVU1115
 3523 0054 654B     		ldr	r3, .L293+4
 3524 0056 D340     		lsrs	r3, r3, r2
 3525              	.LVL350:
3036:Drivers/STM32H7xx_HAL_Driver/Src/stm32h7xx_hal_rcc_ex.c ****         }
 3526              		.loc 1 3036 11 is_stmt 1 view .LVU1116
3036:Drivers/STM32H7xx_HAL_Driver/Src/stm32h7xx_hal_rcc_ex.c ****         }
 3527              		.loc 1 3036 22 is_stmt 0 view .LVU1117
 3528 0058 07EE103A 		vmov	s14, r3	@ int
 3529 005c F8EE476A 		vcvt.f32.u32	s13, s14
3036:Drivers/STM32H7xx_HAL_Driver/Src/stm32h7xx_hal_rcc_ex.c ****         }
 3530              		.loc 1 3036 42 view .LVU1118
 3531 0060 07EE10EA 		vmov	s14, lr	@ int
 3532 0064 B8EE476A 		vcvt.f32.u32	s12, s14
3036:Drivers/STM32H7xx_HAL_Driver/Src/stm32h7xx_hal_rcc_ex.c ****         }
 3533              		.loc 1 3036 40 view .LVU1119
 3534 0068 86EE867A 		vdiv.f32	s14, s13, s12
3036:Drivers/STM32H7xx_HAL_Driver/Src/stm32h7xx_hal_rcc_ex.c ****         }
 3535              		.loc 1 3036 84 view .LVU1120
 3536 006c 0B6C     		ldr	r3, [r1, #64]
 3537              	.LVL351:
3036:Drivers/STM32H7xx_HAL_Driver/Src/stm32h7xx_hal_rcc_ex.c ****         }
 3538              		.loc 1 3036 70 view .LVU1121
 3539 006e C3F30803 		ubfx	r3, r3, #0, #9
3036:Drivers/STM32H7xx_HAL_Driver/Src/stm32h7xx_hal_rcc_ex.c ****         }
 3540              		.loc 1 3036 61 view .LVU1122
 3541 0072 06EE903A 		vmov	s13, r3	@ int
 3542 0076 F8EE666A 		vcvt.f32.u32	s13, s13
3036:Drivers/STM32H7xx_HAL_Driver/Src/stm32h7xx_hal_rcc_ex.c ****         }
 3543              		.loc 1 3036 124 view .LVU1123
 3544 007a 9FED5D6A 		vldr.32	s12, .L293+8
 3545 007e 67EE867A 		vmul.f32	s15, s15, s12
3036:Drivers/STM32H7xx_HAL_Driver/Src/stm32h7xx_hal_rcc_ex.c ****         }
 3546              		.loc 1 3036 114 view .LVU1124
 3547 0082 76EEA77A 		vadd.f32	s15, s13, s15
3036:Drivers/STM32H7xx_HAL_Driver/Src/stm32h7xx_hal_rcc_ex.c ****         }
 3548              		.loc 1 3036 143 view .LVU1125
 3549 0086 F7EE006A 		vmov.f32	s13, #1.0e+0
 3550 008a 77EEA67A 		vadd.f32	s15, s15, s13
3036:Drivers/STM32H7xx_HAL_Driver/Src/stm32h7xx_hal_rcc_ex.c ****         }
ARM GAS  C:\Users\jason\AppData\Local\Temp\ccSG31kR.s 			page 150


 3551              		.loc 1 3036 19 view .LVU1126
 3552 008e 27EE277A 		vmul.f32	s14, s14, s15
 3553              	.LVL352:
3036:Drivers/STM32H7xx_HAL_Driver/Src/stm32h7xx_hal_rcc_ex.c ****         }
 3554              		.loc 1 3036 19 view .LVU1127
 3555 0092 38E0     		b	.L290
 3556              	.LVL353:
 3557              	.L289:
3040:Drivers/STM32H7xx_HAL_Driver/Src/stm32h7xx_hal_rcc_ex.c ****         }
 3558              		.loc 1 3040 11 is_stmt 1 view .LVU1128
3040:Drivers/STM32H7xx_HAL_Driver/Src/stm32h7xx_hal_rcc_ex.c ****         }
 3559              		.loc 1 3040 43 is_stmt 0 view .LVU1129
 3560 0094 07EE10EA 		vmov	s14, lr	@ int
 3561 0098 F8EE476A 		vcvt.f32.u32	s13, s14
3040:Drivers/STM32H7xx_HAL_Driver/Src/stm32h7xx_hal_rcc_ex.c ****         }
 3562              		.loc 1 3040 41 view .LVU1130
 3563 009c 9FED556A 		vldr.32	s12, .L293+12
 3564 00a0 86EE267A 		vdiv.f32	s14, s12, s13
3040:Drivers/STM32H7xx_HAL_Driver/Src/stm32h7xx_hal_rcc_ex.c ****         }
 3565              		.loc 1 3040 85 view .LVU1131
 3566 00a4 504B     		ldr	r3, .L293
 3567 00a6 1B6C     		ldr	r3, [r3, #64]
3040:Drivers/STM32H7xx_HAL_Driver/Src/stm32h7xx_hal_rcc_ex.c ****         }
 3568              		.loc 1 3040 71 view .LVU1132
 3569 00a8 C3F30803 		ubfx	r3, r3, #0, #9
3040:Drivers/STM32H7xx_HAL_Driver/Src/stm32h7xx_hal_rcc_ex.c ****         }
 3570              		.loc 1 3040 62 view .LVU1133
 3571 00ac 06EE903A 		vmov	s13, r3	@ int
 3572 00b0 F8EE666A 		vcvt.f32.u32	s13, s13
3040:Drivers/STM32H7xx_HAL_Driver/Src/stm32h7xx_hal_rcc_ex.c ****         }
 3573              		.loc 1 3040 125 view .LVU1134
 3574 00b4 9FED4E6A 		vldr.32	s12, .L293+8
 3575 00b8 67EE867A 		vmul.f32	s15, s15, s12
3040:Drivers/STM32H7xx_HAL_Driver/Src/stm32h7xx_hal_rcc_ex.c ****         }
 3576              		.loc 1 3040 115 view .LVU1135
 3577 00bc 76EEA77A 		vadd.f32	s15, s13, s15
3040:Drivers/STM32H7xx_HAL_Driver/Src/stm32h7xx_hal_rcc_ex.c ****         }
 3578              		.loc 1 3040 144 view .LVU1136
 3579 00c0 F7EE006A 		vmov.f32	s13, #1.0e+0
 3580 00c4 77EEA67A 		vadd.f32	s15, s15, s13
3040:Drivers/STM32H7xx_HAL_Driver/Src/stm32h7xx_hal_rcc_ex.c ****         }
 3581              		.loc 1 3040 19 view .LVU1137
 3582 00c8 27EE277A 		vmul.f32	s14, s14, s15
 3583              	.LVL354:
3040:Drivers/STM32H7xx_HAL_Driver/Src/stm32h7xx_hal_rcc_ex.c ****         }
 3584              		.loc 1 3040 19 view .LVU1138
 3585 00cc 1BE0     		b	.L290
 3586              	.LVL355:
 3587              	.L286:
3044:Drivers/STM32H7xx_HAL_Driver/Src/stm32h7xx_hal_rcc_ex.c ****         break;
 3588              		.loc 1 3044 9 is_stmt 1 view .LVU1139
3044:Drivers/STM32H7xx_HAL_Driver/Src/stm32h7xx_hal_rcc_ex.c ****         break;
 3589              		.loc 1 3044 41 is_stmt 0 view .LVU1140
 3590 00ce 07EE10EA 		vmov	s14, lr	@ int
 3591 00d2 F8EE476A 		vcvt.f32.u32	s13, s14
3044:Drivers/STM32H7xx_HAL_Driver/Src/stm32h7xx_hal_rcc_ex.c ****         break;
 3592              		.loc 1 3044 39 view .LVU1141
ARM GAS  C:\Users\jason\AppData\Local\Temp\ccSG31kR.s 			page 151


 3593 00d6 9FED486A 		vldr.32	s12, .L293+16
 3594 00da 86EE267A 		vdiv.f32	s14, s12, s13
3044:Drivers/STM32H7xx_HAL_Driver/Src/stm32h7xx_hal_rcc_ex.c ****         break;
 3595              		.loc 1 3044 83 view .LVU1142
 3596 00de 424B     		ldr	r3, .L293
 3597              	.LVL356:
3044:Drivers/STM32H7xx_HAL_Driver/Src/stm32h7xx_hal_rcc_ex.c ****         break;
 3598              		.loc 1 3044 83 view .LVU1143
 3599 00e0 1B6C     		ldr	r3, [r3, #64]
3044:Drivers/STM32H7xx_HAL_Driver/Src/stm32h7xx_hal_rcc_ex.c ****         break;
 3600              		.loc 1 3044 69 view .LVU1144
 3601 00e2 C3F30803 		ubfx	r3, r3, #0, #9
3044:Drivers/STM32H7xx_HAL_Driver/Src/stm32h7xx_hal_rcc_ex.c ****         break;
 3602              		.loc 1 3044 60 view .LVU1145
 3603 00e6 06EE903A 		vmov	s13, r3	@ int
 3604 00ea F8EE666A 		vcvt.f32.u32	s13, s13
3044:Drivers/STM32H7xx_HAL_Driver/Src/stm32h7xx_hal_rcc_ex.c ****         break;
 3605              		.loc 1 3044 123 view .LVU1146
 3606 00ee 9FED406A 		vldr.32	s12, .L293+8
 3607 00f2 67EE867A 		vmul.f32	s15, s15, s12
3044:Drivers/STM32H7xx_HAL_Driver/Src/stm32h7xx_hal_rcc_ex.c ****         break;
 3608              		.loc 1 3044 113 view .LVU1147
 3609 00f6 76EEA77A 		vadd.f32	s15, s13, s15
3044:Drivers/STM32H7xx_HAL_Driver/Src/stm32h7xx_hal_rcc_ex.c ****         break;
 3610              		.loc 1 3044 142 view .LVU1148
 3611 00fa F7EE006A 		vmov.f32	s13, #1.0e+0
 3612 00fe 77EEA67A 		vadd.f32	s15, s15, s13
3044:Drivers/STM32H7xx_HAL_Driver/Src/stm32h7xx_hal_rcc_ex.c ****         break;
 3613              		.loc 1 3044 17 view .LVU1149
 3614 0102 27EE277A 		vmul.f32	s14, s14, s15
 3615              	.LVL357:
3045:Drivers/STM32H7xx_HAL_Driver/Src/stm32h7xx_hal_rcc_ex.c **** 
 3616              		.loc 1 3045 9 is_stmt 1 view .LVU1150
 3617              	.L290:
3055:Drivers/STM32H7xx_HAL_Driver/Src/stm32h7xx_hal_rcc_ex.c ****     PLL3_Clocks->PLL3_Q_Frequency = (uint32_t)(float_t)(pll3vco / ((float_t)(uint32_t)((RCC->PLL3DI
 3618              		.loc 1 3055 5 view .LVU1151
3055:Drivers/STM32H7xx_HAL_Driver/Src/stm32h7xx_hal_rcc_ex.c ****     PLL3_Clocks->PLL3_Q_Frequency = (uint32_t)(float_t)(pll3vco / ((float_t)(uint32_t)((RCC->PLL3DI
 3619              		.loc 1 3055 92 is_stmt 0 view .LVU1152
 3620 0106 384A     		ldr	r2, .L293
 3621 0108 136C     		ldr	r3, [r2, #64]
3055:Drivers/STM32H7xx_HAL_Driver/Src/stm32h7xx_hal_rcc_ex.c ****     PLL3_Clocks->PLL3_Q_Frequency = (uint32_t)(float_t)(pll3vco / ((float_t)(uint32_t)((RCC->PLL3DI
 3622              		.loc 1 3055 77 view .LVU1153
 3623 010a C3F34623 		ubfx	r3, r3, #9, #7
 3624 010e 07EE903A 		vmov	s15, r3	@ int
3055:Drivers/STM32H7xx_HAL_Driver/Src/stm32h7xx_hal_rcc_ex.c ****     PLL3_Clocks->PLL3_Q_Frequency = (uint32_t)(float_t)(pll3vco / ((float_t)(uint32_t)((RCC->PLL3DI
 3625              		.loc 1 3055 68 view .LVU1154
 3626 0112 F8EE677A 		vcvt.f32.u32	s15, s15
3055:Drivers/STM32H7xx_HAL_Driver/Src/stm32h7xx_hal_rcc_ex.c ****     PLL3_Clocks->PLL3_Q_Frequency = (uint32_t)(float_t)(pll3vco / ((float_t)(uint32_t)((RCC->PLL3DI
 3627              		.loc 1 3055 129 view .LVU1155
 3628 0116 F7EE006A 		vmov.f32	s13, #1.0e+0
 3629 011a 77EEA67A 		vadd.f32	s15, s15, s13
3055:Drivers/STM32H7xx_HAL_Driver/Src/stm32h7xx_hal_rcc_ex.c ****     PLL3_Clocks->PLL3_Q_Frequency = (uint32_t)(float_t)(pll3vco / ((float_t)(uint32_t)((RCC->PLL3DI
 3630              		.loc 1 3055 47 view .LVU1156
 3631 011e 87EE276A 		vdiv.f32	s12, s14, s15
3055:Drivers/STM32H7xx_HAL_Driver/Src/stm32h7xx_hal_rcc_ex.c ****     PLL3_Clocks->PLL3_Q_Frequency = (uint32_t)(float_t)(pll3vco / ((float_t)(uint32_t)((RCC->PLL3DI
 3632              		.loc 1 3055 37 view .LVU1157
 3633 0122 BCEEC66A 		vcvt.u32.f32	s12, s12
ARM GAS  C:\Users\jason\AppData\Local\Temp\ccSG31kR.s 			page 152


3055:Drivers/STM32H7xx_HAL_Driver/Src/stm32h7xx_hal_rcc_ex.c ****     PLL3_Clocks->PLL3_Q_Frequency = (uint32_t)(float_t)(pll3vco / ((float_t)(uint32_t)((RCC->PLL3DI
 3634              		.loc 1 3055 35 view .LVU1158
 3635 0126 80ED006A 		vstr.32	s12, [r0]	@ int
3056:Drivers/STM32H7xx_HAL_Driver/Src/stm32h7xx_hal_rcc_ex.c ****     PLL3_Clocks->PLL3_R_Frequency = (uint32_t)(float_t)(pll3vco / ((float_t)(uint32_t)((RCC->PLL3DI
 3636              		.loc 1 3056 5 is_stmt 1 view .LVU1159
3056:Drivers/STM32H7xx_HAL_Driver/Src/stm32h7xx_hal_rcc_ex.c ****     PLL3_Clocks->PLL3_R_Frequency = (uint32_t)(float_t)(pll3vco / ((float_t)(uint32_t)((RCC->PLL3DI
 3637              		.loc 1 3056 92 is_stmt 0 view .LVU1160
 3638 012a 136C     		ldr	r3, [r2, #64]
3056:Drivers/STM32H7xx_HAL_Driver/Src/stm32h7xx_hal_rcc_ex.c ****     PLL3_Clocks->PLL3_R_Frequency = (uint32_t)(float_t)(pll3vco / ((float_t)(uint32_t)((RCC->PLL3DI
 3639              		.loc 1 3056 77 view .LVU1161
 3640 012c C3F30643 		ubfx	r3, r3, #16, #7
 3641 0130 07EE903A 		vmov	s15, r3	@ int
3056:Drivers/STM32H7xx_HAL_Driver/Src/stm32h7xx_hal_rcc_ex.c ****     PLL3_Clocks->PLL3_R_Frequency = (uint32_t)(float_t)(pll3vco / ((float_t)(uint32_t)((RCC->PLL3DI
 3642              		.loc 1 3056 68 view .LVU1162
 3643 0134 F8EE677A 		vcvt.f32.u32	s15, s15
3056:Drivers/STM32H7xx_HAL_Driver/Src/stm32h7xx_hal_rcc_ex.c ****     PLL3_Clocks->PLL3_R_Frequency = (uint32_t)(float_t)(pll3vco / ((float_t)(uint32_t)((RCC->PLL3DI
 3644              		.loc 1 3056 129 view .LVU1163
 3645 0138 77EEA67A 		vadd.f32	s15, s15, s13
3056:Drivers/STM32H7xx_HAL_Driver/Src/stm32h7xx_hal_rcc_ex.c ****     PLL3_Clocks->PLL3_R_Frequency = (uint32_t)(float_t)(pll3vco / ((float_t)(uint32_t)((RCC->PLL3DI
 3646              		.loc 1 3056 47 view .LVU1164
 3647 013c 87EE276A 		vdiv.f32	s12, s14, s15
3056:Drivers/STM32H7xx_HAL_Driver/Src/stm32h7xx_hal_rcc_ex.c ****     PLL3_Clocks->PLL3_R_Frequency = (uint32_t)(float_t)(pll3vco / ((float_t)(uint32_t)((RCC->PLL3DI
 3648              		.loc 1 3056 37 view .LVU1165
 3649 0140 BCEEC66A 		vcvt.u32.f32	s12, s12
3056:Drivers/STM32H7xx_HAL_Driver/Src/stm32h7xx_hal_rcc_ex.c ****     PLL3_Clocks->PLL3_R_Frequency = (uint32_t)(float_t)(pll3vco / ((float_t)(uint32_t)((RCC->PLL3DI
 3650              		.loc 1 3056 35 view .LVU1166
 3651 0144 80ED016A 		vstr.32	s12, [r0, #4]	@ int
3057:Drivers/STM32H7xx_HAL_Driver/Src/stm32h7xx_hal_rcc_ex.c ****   }
 3652              		.loc 1 3057 5 is_stmt 1 view .LVU1167
3057:Drivers/STM32H7xx_HAL_Driver/Src/stm32h7xx_hal_rcc_ex.c ****   }
 3653              		.loc 1 3057 92 is_stmt 0 view .LVU1168
 3654 0148 136C     		ldr	r3, [r2, #64]
3057:Drivers/STM32H7xx_HAL_Driver/Src/stm32h7xx_hal_rcc_ex.c ****   }
 3655              		.loc 1 3057 77 view .LVU1169
 3656 014a C3F30663 		ubfx	r3, r3, #24, #7
 3657 014e 07EE903A 		vmov	s15, r3	@ int
3057:Drivers/STM32H7xx_HAL_Driver/Src/stm32h7xx_hal_rcc_ex.c ****   }
 3658              		.loc 1 3057 68 view .LVU1170
 3659 0152 F8EE677A 		vcvt.f32.u32	s15, s15
3057:Drivers/STM32H7xx_HAL_Driver/Src/stm32h7xx_hal_rcc_ex.c ****   }
 3660              		.loc 1 3057 129 view .LVU1171
 3661 0156 77EEA67A 		vadd.f32	s15, s15, s13
3057:Drivers/STM32H7xx_HAL_Driver/Src/stm32h7xx_hal_rcc_ex.c ****   }
 3662              		.loc 1 3057 47 view .LVU1172
 3663 015a C7EE276A 		vdiv.f32	s13, s14, s15
3057:Drivers/STM32H7xx_HAL_Driver/Src/stm32h7xx_hal_rcc_ex.c ****   }
 3664              		.loc 1 3057 37 view .LVU1173
 3665 015e FCEEE66A 		vcvt.u32.f32	s13, s13
3057:Drivers/STM32H7xx_HAL_Driver/Src/stm32h7xx_hal_rcc_ex.c ****   }
 3666              		.loc 1 3057 35 view .LVU1174
 3667 0162 C0ED026A 		vstr.32	s13, [r0, #8]	@ int
 3668              	.LVL358:
 3669              	.L284:
3066:Drivers/STM32H7xx_HAL_Driver/Src/stm32h7xx_hal_rcc_ex.c **** 
 3670              		.loc 1 3066 1 view .LVU1175
 3671 0166 00BD     		pop	{pc}
 3672              	.LVL359:
ARM GAS  C:\Users\jason\AppData\Local\Temp\ccSG31kR.s 			page 153


 3673              	.L287:
3048:Drivers/STM32H7xx_HAL_Driver/Src/stm32h7xx_hal_rcc_ex.c ****         break;
 3674              		.loc 1 3048 9 is_stmt 1 view .LVU1176
3048:Drivers/STM32H7xx_HAL_Driver/Src/stm32h7xx_hal_rcc_ex.c ****         break;
 3675              		.loc 1 3048 41 is_stmt 0 view .LVU1177
 3676 0168 07EE10EA 		vmov	s14, lr	@ int
 3677 016c F8EE476A 		vcvt.f32.u32	s13, s14
3048:Drivers/STM32H7xx_HAL_Driver/Src/stm32h7xx_hal_rcc_ex.c ****         break;
 3678              		.loc 1 3048 39 view .LVU1178
 3679 0170 9FED226A 		vldr.32	s12, .L293+20
 3680 0174 86EE267A 		vdiv.f32	s14, s12, s13
3048:Drivers/STM32H7xx_HAL_Driver/Src/stm32h7xx_hal_rcc_ex.c ****         break;
 3681              		.loc 1 3048 83 view .LVU1179
 3682 0178 1B4B     		ldr	r3, .L293
 3683              	.LVL360:
3048:Drivers/STM32H7xx_HAL_Driver/Src/stm32h7xx_hal_rcc_ex.c ****         break;
 3684              		.loc 1 3048 83 view .LVU1180
 3685 017a 1B6C     		ldr	r3, [r3, #64]
3048:Drivers/STM32H7xx_HAL_Driver/Src/stm32h7xx_hal_rcc_ex.c ****         break;
 3686              		.loc 1 3048 69 view .LVU1181
 3687 017c C3F30803 		ubfx	r3, r3, #0, #9
3048:Drivers/STM32H7xx_HAL_Driver/Src/stm32h7xx_hal_rcc_ex.c ****         break;
 3688              		.loc 1 3048 60 view .LVU1182
 3689 0180 06EE903A 		vmov	s13, r3	@ int
 3690 0184 F8EE666A 		vcvt.f32.u32	s13, s13
3048:Drivers/STM32H7xx_HAL_Driver/Src/stm32h7xx_hal_rcc_ex.c ****         break;
 3691              		.loc 1 3048 123 view .LVU1183
 3692 0188 9FED196A 		vldr.32	s12, .L293+8
 3693 018c 67EE867A 		vmul.f32	s15, s15, s12
3048:Drivers/STM32H7xx_HAL_Driver/Src/stm32h7xx_hal_rcc_ex.c ****         break;
 3694              		.loc 1 3048 113 view .LVU1184
 3695 0190 76EEA77A 		vadd.f32	s15, s13, s15
3048:Drivers/STM32H7xx_HAL_Driver/Src/stm32h7xx_hal_rcc_ex.c ****         break;
 3696              		.loc 1 3048 142 view .LVU1185
 3697 0194 F7EE006A 		vmov.f32	s13, #1.0e+0
 3698 0198 77EEA67A 		vadd.f32	s15, s15, s13
3048:Drivers/STM32H7xx_HAL_Driver/Src/stm32h7xx_hal_rcc_ex.c ****         break;
 3699              		.loc 1 3048 17 view .LVU1186
 3700 019c 27EE277A 		vmul.f32	s14, s14, s15
 3701              	.LVL361:
3049:Drivers/STM32H7xx_HAL_Driver/Src/stm32h7xx_hal_rcc_ex.c **** 
 3702              		.loc 1 3049 9 is_stmt 1 view .LVU1187
 3703 01a0 B1E7     		b	.L290
 3704              	.LVL362:
 3705              	.L288:
3052:Drivers/STM32H7xx_HAL_Driver/Src/stm32h7xx_hal_rcc_ex.c ****         break;
 3706              		.loc 1 3052 9 view .LVU1188
3052:Drivers/STM32H7xx_HAL_Driver/Src/stm32h7xx_hal_rcc_ex.c ****         break;
 3707              		.loc 1 3052 41 is_stmt 0 view .LVU1189
 3708 01a2 07EE10EA 		vmov	s14, lr	@ int
 3709 01a6 F8EE476A 		vcvt.f32.u32	s13, s14
3052:Drivers/STM32H7xx_HAL_Driver/Src/stm32h7xx_hal_rcc_ex.c ****         break;
 3710              		.loc 1 3052 39 view .LVU1190
 3711 01aa 9FED136A 		vldr.32	s12, .L293+16
 3712 01ae 86EE267A 		vdiv.f32	s14, s12, s13
3052:Drivers/STM32H7xx_HAL_Driver/Src/stm32h7xx_hal_rcc_ex.c ****         break;
 3713              		.loc 1 3052 83 view .LVU1191
ARM GAS  C:\Users\jason\AppData\Local\Temp\ccSG31kR.s 			page 154


 3714 01b2 0D4B     		ldr	r3, .L293
 3715              	.LVL363:
3052:Drivers/STM32H7xx_HAL_Driver/Src/stm32h7xx_hal_rcc_ex.c ****         break;
 3716              		.loc 1 3052 83 view .LVU1192
 3717 01b4 1B6C     		ldr	r3, [r3, #64]
3052:Drivers/STM32H7xx_HAL_Driver/Src/stm32h7xx_hal_rcc_ex.c ****         break;
 3718              		.loc 1 3052 69 view .LVU1193
 3719 01b6 C3F30803 		ubfx	r3, r3, #0, #9
3052:Drivers/STM32H7xx_HAL_Driver/Src/stm32h7xx_hal_rcc_ex.c ****         break;
 3720              		.loc 1 3052 60 view .LVU1194
 3721 01ba 06EE903A 		vmov	s13, r3	@ int
 3722 01be F8EE666A 		vcvt.f32.u32	s13, s13
3052:Drivers/STM32H7xx_HAL_Driver/Src/stm32h7xx_hal_rcc_ex.c ****         break;
 3723              		.loc 1 3052 123 view .LVU1195
 3724 01c2 9FED0B6A 		vldr.32	s12, .L293+8
 3725 01c6 67EE867A 		vmul.f32	s15, s15, s12
3052:Drivers/STM32H7xx_HAL_Driver/Src/stm32h7xx_hal_rcc_ex.c ****         break;
 3726              		.loc 1 3052 113 view .LVU1196
 3727 01ca 76EEA77A 		vadd.f32	s15, s13, s15
3052:Drivers/STM32H7xx_HAL_Driver/Src/stm32h7xx_hal_rcc_ex.c ****         break;
 3728              		.loc 1 3052 142 view .LVU1197
 3729 01ce F7EE006A 		vmov.f32	s13, #1.0e+0
 3730 01d2 77EEA67A 		vadd.f32	s15, s15, s13
3052:Drivers/STM32H7xx_HAL_Driver/Src/stm32h7xx_hal_rcc_ex.c ****         break;
 3731              		.loc 1 3052 17 view .LVU1198
 3732 01d6 27EE277A 		vmul.f32	s14, s14, s15
 3733              	.LVL364:
3053:Drivers/STM32H7xx_HAL_Driver/Src/stm32h7xx_hal_rcc_ex.c ****     }
 3734              		.loc 1 3053 9 is_stmt 1 view .LVU1199
 3735 01da 94E7     		b	.L290
 3736              	.LVL365:
 3737              	.L285:
3061:Drivers/STM32H7xx_HAL_Driver/Src/stm32h7xx_hal_rcc_ex.c ****     PLL3_Clocks->PLL3_Q_Frequency = 0U;
 3738              		.loc 1 3061 5 view .LVU1200
3061:Drivers/STM32H7xx_HAL_Driver/Src/stm32h7xx_hal_rcc_ex.c ****     PLL3_Clocks->PLL3_Q_Frequency = 0U;
 3739              		.loc 1 3061 35 is_stmt 0 view .LVU1201
 3740 01dc 0023     		movs	r3, #0
 3741              	.LVL366:
3061:Drivers/STM32H7xx_HAL_Driver/Src/stm32h7xx_hal_rcc_ex.c ****     PLL3_Clocks->PLL3_Q_Frequency = 0U;
 3742              		.loc 1 3061 35 view .LVU1202
 3743 01de 0360     		str	r3, [r0]
3062:Drivers/STM32H7xx_HAL_Driver/Src/stm32h7xx_hal_rcc_ex.c ****     PLL3_Clocks->PLL3_R_Frequency = 0U;
 3744              		.loc 1 3062 5 is_stmt 1 view .LVU1203
3062:Drivers/STM32H7xx_HAL_Driver/Src/stm32h7xx_hal_rcc_ex.c ****     PLL3_Clocks->PLL3_R_Frequency = 0U;
 3745              		.loc 1 3062 35 is_stmt 0 view .LVU1204
 3746 01e0 4360     		str	r3, [r0, #4]
3063:Drivers/STM32H7xx_HAL_Driver/Src/stm32h7xx_hal_rcc_ex.c ****   }
 3747              		.loc 1 3063 5 is_stmt 1 view .LVU1205
3063:Drivers/STM32H7xx_HAL_Driver/Src/stm32h7xx_hal_rcc_ex.c ****   }
 3748              		.loc 1 3063 35 is_stmt 0 view .LVU1206
 3749 01e2 8360     		str	r3, [r0, #8]
3066:Drivers/STM32H7xx_HAL_Driver/Src/stm32h7xx_hal_rcc_ex.c **** 
 3750              		.loc 1 3066 1 view .LVU1207
 3751 01e4 BFE7     		b	.L284
 3752              	.L294:
 3753 01e6 00BF     		.align	2
 3754              	.L293:
ARM GAS  C:\Users\jason\AppData\Local\Temp\ccSG31kR.s 			page 155


 3755 01e8 00440258 		.word	1476543488
 3756 01ec 0090D003 		.word	64000000
 3757 01f0 00000039 		.word	956301312
 3758 01f4 0024744C 		.word	1282679808
 3759 01f8 0024744A 		.word	1249125376
 3760 01fc 0024744B 		.word	1265902592
 3761              		.cfi_endproc
 3762              	.LFE150:
 3764              		.section	.text.HAL_RCCEx_GetPLL1ClockFreq,"ax",%progbits
 3765              		.align	1
 3766              		.global	HAL_RCCEx_GetPLL1ClockFreq
 3767              		.syntax unified
 3768              		.thumb
 3769              		.thumb_func
 3771              	HAL_RCCEx_GetPLL1ClockFreq:
 3772              	.LVL367:
 3773              	.LFB151:
3083:Drivers/STM32H7xx_HAL_Driver/Src/stm32h7xx_hal_rcc_ex.c ****   uint32_t pllsource, pll1m, pll1fracen, hsivalue;
 3774              		.loc 1 3083 1 is_stmt 1 view -0
 3775              		.cfi_startproc
 3776              		@ args = 0, pretend = 0, frame = 0
 3777              		@ frame_needed = 0, uses_anonymous_args = 0
3083:Drivers/STM32H7xx_HAL_Driver/Src/stm32h7xx_hal_rcc_ex.c ****   uint32_t pllsource, pll1m, pll1fracen, hsivalue;
 3778              		.loc 1 3083 1 is_stmt 0 view .LVU1209
 3779 0000 00B5     		push	{lr}
 3780              		.cfi_def_cfa_offset 4
 3781              		.cfi_offset 14, -4
3084:Drivers/STM32H7xx_HAL_Driver/Src/stm32h7xx_hal_rcc_ex.c ****   float_t fracn1, pll1vco;
 3782              		.loc 1 3084 3 is_stmt 1 view .LVU1210
3085:Drivers/STM32H7xx_HAL_Driver/Src/stm32h7xx_hal_rcc_ex.c **** 
 3783              		.loc 1 3085 3 view .LVU1211
3087:Drivers/STM32H7xx_HAL_Driver/Src/stm32h7xx_hal_rcc_ex.c ****   pll1m = ((RCC->PLLCKSELR & RCC_PLLCKSELR_DIVM1) >> 4);
 3784              		.loc 1 3087 3 view .LVU1212
3087:Drivers/STM32H7xx_HAL_Driver/Src/stm32h7xx_hal_rcc_ex.c ****   pll1m = ((RCC->PLLCKSELR & RCC_PLLCKSELR_DIVM1) >> 4);
 3785              		.loc 1 3087 19 is_stmt 0 view .LVU1213
 3786 0002 794B     		ldr	r3, .L304
 3787 0004 9A6A     		ldr	r2, [r3, #40]
 3788              	.LVL368:
3088:Drivers/STM32H7xx_HAL_Driver/Src/stm32h7xx_hal_rcc_ex.c ****   pll1fracen = RCC->PLLCFGR & RCC_PLLCFGR_PLL1FRACEN;
 3789              		.loc 1 3088 3 is_stmt 1 view .LVU1214
3088:Drivers/STM32H7xx_HAL_Driver/Src/stm32h7xx_hal_rcc_ex.c ****   pll1fracen = RCC->PLLCFGR & RCC_PLLCFGR_PLL1FRACEN;
 3790              		.loc 1 3088 16 is_stmt 0 view .LVU1215
 3791 0006 D3F828C0 		ldr	ip, [r3, #40]
3088:Drivers/STM32H7xx_HAL_Driver/Src/stm32h7xx_hal_rcc_ex.c ****   pll1fracen = RCC->PLLCFGR & RCC_PLLCFGR_PLL1FRACEN;
 3792              		.loc 1 3088 9 view .LVU1216
 3793 000a CCF3051E 		ubfx	lr, ip, #4, #6
 3794              	.LVL369:
3089:Drivers/STM32H7xx_HAL_Driver/Src/stm32h7xx_hal_rcc_ex.c ****   fracn1 = (float_t)(uint32_t)(pll1fracen * ((RCC->PLL1FRACR & RCC_PLL1FRACR_FRACN1) >> 3));
 3795              		.loc 1 3089 3 is_stmt 1 view .LVU1217
3089:Drivers/STM32H7xx_HAL_Driver/Src/stm32h7xx_hal_rcc_ex.c ****   fracn1 = (float_t)(uint32_t)(pll1fracen * ((RCC->PLL1FRACR & RCC_PLL1FRACR_FRACN1) >> 3));
 3796              		.loc 1 3089 19 is_stmt 0 view .LVU1218
 3797 000e D96A     		ldr	r1, [r3, #44]
3089:Drivers/STM32H7xx_HAL_Driver/Src/stm32h7xx_hal_rcc_ex.c ****   fracn1 = (float_t)(uint32_t)(pll1fracen * ((RCC->PLL1FRACR & RCC_PLL1FRACR_FRACN1) >> 3));
 3798              		.loc 1 3089 14 view .LVU1219
 3799 0010 01F00101 		and	r1, r1, #1
 3800              	.LVL370:
3090:Drivers/STM32H7xx_HAL_Driver/Src/stm32h7xx_hal_rcc_ex.c **** 
ARM GAS  C:\Users\jason\AppData\Local\Temp\ccSG31kR.s 			page 156


 3801              		.loc 1 3090 3 is_stmt 1 view .LVU1220
3090:Drivers/STM32H7xx_HAL_Driver/Src/stm32h7xx_hal_rcc_ex.c **** 
 3802              		.loc 1 3090 50 is_stmt 0 view .LVU1221
 3803 0014 5B6B     		ldr	r3, [r3, #52]
3090:Drivers/STM32H7xx_HAL_Driver/Src/stm32h7xx_hal_rcc_ex.c **** 
 3804              		.loc 1 3090 86 view .LVU1222
 3805 0016 C3F3CC03 		ubfx	r3, r3, #3, #13
3090:Drivers/STM32H7xx_HAL_Driver/Src/stm32h7xx_hal_rcc_ex.c **** 
 3806              		.loc 1 3090 21 view .LVU1223
 3807 001a 01FB03F3 		mul	r3, r1, r3
 3808              	.LVL371:
3092:Drivers/STM32H7xx_HAL_Driver/Src/stm32h7xx_hal_rcc_ex.c ****   {
 3809              		.loc 1 3092 3 is_stmt 1 view .LVU1224
3092:Drivers/STM32H7xx_HAL_Driver/Src/stm32h7xx_hal_rcc_ex.c ****   {
 3810              		.loc 1 3092 6 is_stmt 0 view .LVU1225
 3811 001e 1CF47C7F 		tst	ip, #1008
 3812 0022 00F0DB80 		beq	.L296
 3813 0026 02F00302 		and	r2, r2, #3
 3814              	.LVL372:
3092:Drivers/STM32H7xx_HAL_Driver/Src/stm32h7xx_hal_rcc_ex.c ****   {
 3815              		.loc 1 3092 6 view .LVU1226
 3816 002a 07EE903A 		vmov	s15, r3	@ int
 3817 002e F8EE677A 		vcvt.f32.u32	s15, s15
3094:Drivers/STM32H7xx_HAL_Driver/Src/stm32h7xx_hal_rcc_ex.c ****     {
 3818              		.loc 1 3094 5 is_stmt 1 view .LVU1227
 3819 0032 012A     		cmp	r2, #1
 3820 0034 4BD0     		beq	.L297
 3821 0036 022A     		cmp	r2, #2
 3822 0038 00F09680 		beq	.L298
 3823 003c 002A     		cmp	r2, #0
 3824 003e 40F0B080 		bne	.L299
3099:Drivers/STM32H7xx_HAL_Driver/Src/stm32h7xx_hal_rcc_ex.c ****         {
 3825              		.loc 1 3099 9 view .LVU1228
3099:Drivers/STM32H7xx_HAL_Driver/Src/stm32h7xx_hal_rcc_ex.c ****         {
 3826              		.loc 1 3099 13 is_stmt 0 view .LVU1229
 3827 0042 694B     		ldr	r3, .L304
 3828              	.LVL373:
3099:Drivers/STM32H7xx_HAL_Driver/Src/stm32h7xx_hal_rcc_ex.c ****         {
 3829              		.loc 1 3099 13 view .LVU1230
 3830 0044 1B68     		ldr	r3, [r3]
3099:Drivers/STM32H7xx_HAL_Driver/Src/stm32h7xx_hal_rcc_ex.c ****         {
 3831              		.loc 1 3099 12 view .LVU1231
 3832 0046 13F0200F 		tst	r3, #32
 3833 004a 23D0     		beq	.L300
3101:Drivers/STM32H7xx_HAL_Driver/Src/stm32h7xx_hal_rcc_ex.c ****           pll1vco = ((float_t)hsivalue / (float_t)pll1m) * ((float_t)(uint32_t)(RCC->PLL1DIVR & RCC
 3834              		.loc 1 3101 11 is_stmt 1 view .LVU1232
3101:Drivers/STM32H7xx_HAL_Driver/Src/stm32h7xx_hal_rcc_ex.c ****           pll1vco = ((float_t)hsivalue / (float_t)pll1m) * ((float_t)(uint32_t)(RCC->PLL1DIVR & RCC
 3835              		.loc 1 3101 37 is_stmt 0 view .LVU1233
 3836 004c 6649     		ldr	r1, .L304
 3837              	.LVL374:
3101:Drivers/STM32H7xx_HAL_Driver/Src/stm32h7xx_hal_rcc_ex.c ****           pll1vco = ((float_t)hsivalue / (float_t)pll1m) * ((float_t)(uint32_t)(RCC->PLL1DIVR & RCC
 3838              		.loc 1 3101 37 view .LVU1234
 3839 004e 0A68     		ldr	r2, [r1]
 3840              	.LVL375:
3101:Drivers/STM32H7xx_HAL_Driver/Src/stm32h7xx_hal_rcc_ex.c ****           pll1vco = ((float_t)hsivalue / (float_t)pll1m) * ((float_t)(uint32_t)(RCC->PLL1DIVR & RCC
 3841              		.loc 1 3101 65 view .LVU1235
 3842 0050 C2F3C102 		ubfx	r2, r2, #3, #2
ARM GAS  C:\Users\jason\AppData\Local\Temp\ccSG31kR.s 			page 157


3101:Drivers/STM32H7xx_HAL_Driver/Src/stm32h7xx_hal_rcc_ex.c ****           pll1vco = ((float_t)hsivalue / (float_t)pll1m) * ((float_t)(uint32_t)(RCC->PLL1DIVR & RCC
 3843              		.loc 1 3101 20 view .LVU1236
 3844 0054 654B     		ldr	r3, .L304+4
 3845 0056 D340     		lsrs	r3, r3, r2
 3846              	.LVL376:
3102:Drivers/STM32H7xx_HAL_Driver/Src/stm32h7xx_hal_rcc_ex.c ****         }
 3847              		.loc 1 3102 11 is_stmt 1 view .LVU1237
3102:Drivers/STM32H7xx_HAL_Driver/Src/stm32h7xx_hal_rcc_ex.c ****         }
 3848              		.loc 1 3102 22 is_stmt 0 view .LVU1238
 3849 0058 07EE103A 		vmov	s14, r3	@ int
 3850 005c F8EE476A 		vcvt.f32.u32	s13, s14
3102:Drivers/STM32H7xx_HAL_Driver/Src/stm32h7xx_hal_rcc_ex.c ****         }
 3851              		.loc 1 3102 42 view .LVU1239
 3852 0060 07EE10EA 		vmov	s14, lr	@ int
 3853 0064 B8EE476A 		vcvt.f32.u32	s12, s14
3102:Drivers/STM32H7xx_HAL_Driver/Src/stm32h7xx_hal_rcc_ex.c ****         }
 3854              		.loc 1 3102 40 view .LVU1240
 3855 0068 86EE867A 		vdiv.f32	s14, s13, s12
3102:Drivers/STM32H7xx_HAL_Driver/Src/stm32h7xx_hal_rcc_ex.c ****         }
 3856              		.loc 1 3102 84 view .LVU1241
 3857 006c 0B6B     		ldr	r3, [r1, #48]
 3858              	.LVL377:
3102:Drivers/STM32H7xx_HAL_Driver/Src/stm32h7xx_hal_rcc_ex.c ****         }
 3859              		.loc 1 3102 70 view .LVU1242
 3860 006e C3F30803 		ubfx	r3, r3, #0, #9
3102:Drivers/STM32H7xx_HAL_Driver/Src/stm32h7xx_hal_rcc_ex.c ****         }
 3861              		.loc 1 3102 61 view .LVU1243
 3862 0072 06EE903A 		vmov	s13, r3	@ int
 3863 0076 F8EE666A 		vcvt.f32.u32	s13, s13
3102:Drivers/STM32H7xx_HAL_Driver/Src/stm32h7xx_hal_rcc_ex.c ****         }
 3864              		.loc 1 3102 124 view .LVU1244
 3865 007a 9FED5D6A 		vldr.32	s12, .L304+8
 3866 007e 67EE867A 		vmul.f32	s15, s15, s12
3102:Drivers/STM32H7xx_HAL_Driver/Src/stm32h7xx_hal_rcc_ex.c ****         }
 3867              		.loc 1 3102 114 view .LVU1245
 3868 0082 76EEA77A 		vadd.f32	s15, s13, s15
3102:Drivers/STM32H7xx_HAL_Driver/Src/stm32h7xx_hal_rcc_ex.c ****         }
 3869              		.loc 1 3102 143 view .LVU1246
 3870 0086 F7EE006A 		vmov.f32	s13, #1.0e+0
 3871 008a 77EEA67A 		vadd.f32	s15, s15, s13
3102:Drivers/STM32H7xx_HAL_Driver/Src/stm32h7xx_hal_rcc_ex.c ****         }
 3872              		.loc 1 3102 19 view .LVU1247
 3873 008e 27EE277A 		vmul.f32	s14, s14, s15
 3874              	.LVL378:
3102:Drivers/STM32H7xx_HAL_Driver/Src/stm32h7xx_hal_rcc_ex.c ****         }
 3875              		.loc 1 3102 19 view .LVU1248
 3876 0092 38E0     		b	.L301
 3877              	.LVL379:
 3878              	.L300:
3106:Drivers/STM32H7xx_HAL_Driver/Src/stm32h7xx_hal_rcc_ex.c ****         }
 3879              		.loc 1 3106 11 is_stmt 1 view .LVU1249
3106:Drivers/STM32H7xx_HAL_Driver/Src/stm32h7xx_hal_rcc_ex.c ****         }
 3880              		.loc 1 3106 43 is_stmt 0 view .LVU1250
 3881 0094 07EE10EA 		vmov	s14, lr	@ int
 3882 0098 F8EE476A 		vcvt.f32.u32	s13, s14
3106:Drivers/STM32H7xx_HAL_Driver/Src/stm32h7xx_hal_rcc_ex.c ****         }
 3883              		.loc 1 3106 41 view .LVU1251
ARM GAS  C:\Users\jason\AppData\Local\Temp\ccSG31kR.s 			page 158


 3884 009c 9FED556A 		vldr.32	s12, .L304+12
 3885 00a0 86EE267A 		vdiv.f32	s14, s12, s13
3106:Drivers/STM32H7xx_HAL_Driver/Src/stm32h7xx_hal_rcc_ex.c ****         }
 3886              		.loc 1 3106 85 view .LVU1252
 3887 00a4 504B     		ldr	r3, .L304
 3888 00a6 1B6B     		ldr	r3, [r3, #48]
3106:Drivers/STM32H7xx_HAL_Driver/Src/stm32h7xx_hal_rcc_ex.c ****         }
 3889              		.loc 1 3106 71 view .LVU1253
 3890 00a8 C3F30803 		ubfx	r3, r3, #0, #9
3106:Drivers/STM32H7xx_HAL_Driver/Src/stm32h7xx_hal_rcc_ex.c ****         }
 3891              		.loc 1 3106 62 view .LVU1254
 3892 00ac 06EE903A 		vmov	s13, r3	@ int
 3893 00b0 F8EE666A 		vcvt.f32.u32	s13, s13
3106:Drivers/STM32H7xx_HAL_Driver/Src/stm32h7xx_hal_rcc_ex.c ****         }
 3894              		.loc 1 3106 125 view .LVU1255
 3895 00b4 9FED4E6A 		vldr.32	s12, .L304+8
 3896 00b8 67EE867A 		vmul.f32	s15, s15, s12
3106:Drivers/STM32H7xx_HAL_Driver/Src/stm32h7xx_hal_rcc_ex.c ****         }
 3897              		.loc 1 3106 115 view .LVU1256
 3898 00bc 76EEA77A 		vadd.f32	s15, s13, s15
3106:Drivers/STM32H7xx_HAL_Driver/Src/stm32h7xx_hal_rcc_ex.c ****         }
 3899              		.loc 1 3106 144 view .LVU1257
 3900 00c0 F7EE006A 		vmov.f32	s13, #1.0e+0
 3901 00c4 77EEA67A 		vadd.f32	s15, s15, s13
3106:Drivers/STM32H7xx_HAL_Driver/Src/stm32h7xx_hal_rcc_ex.c ****         }
 3902              		.loc 1 3106 19 view .LVU1258
 3903 00c8 27EE277A 		vmul.f32	s14, s14, s15
 3904              	.LVL380:
3106:Drivers/STM32H7xx_HAL_Driver/Src/stm32h7xx_hal_rcc_ex.c ****         }
 3905              		.loc 1 3106 19 view .LVU1259
 3906 00cc 1BE0     		b	.L301
 3907              	.LVL381:
 3908              	.L297:
3110:Drivers/STM32H7xx_HAL_Driver/Src/stm32h7xx_hal_rcc_ex.c ****         break;
 3909              		.loc 1 3110 9 is_stmt 1 view .LVU1260
3110:Drivers/STM32H7xx_HAL_Driver/Src/stm32h7xx_hal_rcc_ex.c ****         break;
 3910              		.loc 1 3110 41 is_stmt 0 view .LVU1261
 3911 00ce 07EE10EA 		vmov	s14, lr	@ int
 3912 00d2 F8EE476A 		vcvt.f32.u32	s13, s14
3110:Drivers/STM32H7xx_HAL_Driver/Src/stm32h7xx_hal_rcc_ex.c ****         break;
 3913              		.loc 1 3110 39 view .LVU1262
 3914 00d6 9FED486A 		vldr.32	s12, .L304+16
 3915 00da 86EE267A 		vdiv.f32	s14, s12, s13
3110:Drivers/STM32H7xx_HAL_Driver/Src/stm32h7xx_hal_rcc_ex.c ****         break;
 3916              		.loc 1 3110 83 view .LVU1263
 3917 00de 424B     		ldr	r3, .L304
 3918              	.LVL382:
3110:Drivers/STM32H7xx_HAL_Driver/Src/stm32h7xx_hal_rcc_ex.c ****         break;
 3919              		.loc 1 3110 83 view .LVU1264
 3920 00e0 1B6B     		ldr	r3, [r3, #48]
3110:Drivers/STM32H7xx_HAL_Driver/Src/stm32h7xx_hal_rcc_ex.c ****         break;
 3921              		.loc 1 3110 69 view .LVU1265
 3922 00e2 C3F30803 		ubfx	r3, r3, #0, #9
3110:Drivers/STM32H7xx_HAL_Driver/Src/stm32h7xx_hal_rcc_ex.c ****         break;
 3923              		.loc 1 3110 60 view .LVU1266
 3924 00e6 06EE903A 		vmov	s13, r3	@ int
 3925 00ea F8EE666A 		vcvt.f32.u32	s13, s13
ARM GAS  C:\Users\jason\AppData\Local\Temp\ccSG31kR.s 			page 159


3110:Drivers/STM32H7xx_HAL_Driver/Src/stm32h7xx_hal_rcc_ex.c ****         break;
 3926              		.loc 1 3110 123 view .LVU1267
 3927 00ee 9FED406A 		vldr.32	s12, .L304+8
 3928 00f2 67EE867A 		vmul.f32	s15, s15, s12
3110:Drivers/STM32H7xx_HAL_Driver/Src/stm32h7xx_hal_rcc_ex.c ****         break;
 3929              		.loc 1 3110 113 view .LVU1268
 3930 00f6 76EEA77A 		vadd.f32	s15, s13, s15
3110:Drivers/STM32H7xx_HAL_Driver/Src/stm32h7xx_hal_rcc_ex.c ****         break;
 3931              		.loc 1 3110 142 view .LVU1269
 3932 00fa F7EE006A 		vmov.f32	s13, #1.0e+0
 3933 00fe 77EEA67A 		vadd.f32	s15, s15, s13
3110:Drivers/STM32H7xx_HAL_Driver/Src/stm32h7xx_hal_rcc_ex.c ****         break;
 3934              		.loc 1 3110 17 view .LVU1270
 3935 0102 27EE277A 		vmul.f32	s14, s14, s15
 3936              	.LVL383:
3111:Drivers/STM32H7xx_HAL_Driver/Src/stm32h7xx_hal_rcc_ex.c **** 
 3937              		.loc 1 3111 9 is_stmt 1 view .LVU1271
 3938              	.L301:
3122:Drivers/STM32H7xx_HAL_Driver/Src/stm32h7xx_hal_rcc_ex.c ****     PLL1_Clocks->PLL1_Q_Frequency = (uint32_t)(float_t)(pll1vco / ((float_t)(uint32_t)((RCC->PLL1DI
 3939              		.loc 1 3122 5 view .LVU1272
3122:Drivers/STM32H7xx_HAL_Driver/Src/stm32h7xx_hal_rcc_ex.c ****     PLL1_Clocks->PLL1_Q_Frequency = (uint32_t)(float_t)(pll1vco / ((float_t)(uint32_t)((RCC->PLL1DI
 3940              		.loc 1 3122 92 is_stmt 0 view .LVU1273
 3941 0106 384A     		ldr	r2, .L304
 3942 0108 136B     		ldr	r3, [r2, #48]
3122:Drivers/STM32H7xx_HAL_Driver/Src/stm32h7xx_hal_rcc_ex.c ****     PLL1_Clocks->PLL1_Q_Frequency = (uint32_t)(float_t)(pll1vco / ((float_t)(uint32_t)((RCC->PLL1DI
 3943              		.loc 1 3122 77 view .LVU1274
 3944 010a C3F34623 		ubfx	r3, r3, #9, #7
 3945 010e 07EE903A 		vmov	s15, r3	@ int
3122:Drivers/STM32H7xx_HAL_Driver/Src/stm32h7xx_hal_rcc_ex.c ****     PLL1_Clocks->PLL1_Q_Frequency = (uint32_t)(float_t)(pll1vco / ((float_t)(uint32_t)((RCC->PLL1DI
 3946              		.loc 1 3122 68 view .LVU1275
 3947 0112 F8EE677A 		vcvt.f32.u32	s15, s15
3122:Drivers/STM32H7xx_HAL_Driver/Src/stm32h7xx_hal_rcc_ex.c ****     PLL1_Clocks->PLL1_Q_Frequency = (uint32_t)(float_t)(pll1vco / ((float_t)(uint32_t)((RCC->PLL1DI
 3948              		.loc 1 3122 129 view .LVU1276
 3949 0116 F7EE006A 		vmov.f32	s13, #1.0e+0
 3950 011a 77EEA67A 		vadd.f32	s15, s15, s13
3122:Drivers/STM32H7xx_HAL_Driver/Src/stm32h7xx_hal_rcc_ex.c ****     PLL1_Clocks->PLL1_Q_Frequency = (uint32_t)(float_t)(pll1vco / ((float_t)(uint32_t)((RCC->PLL1DI
 3951              		.loc 1 3122 47 view .LVU1277
 3952 011e 87EE276A 		vdiv.f32	s12, s14, s15
3122:Drivers/STM32H7xx_HAL_Driver/Src/stm32h7xx_hal_rcc_ex.c ****     PLL1_Clocks->PLL1_Q_Frequency = (uint32_t)(float_t)(pll1vco / ((float_t)(uint32_t)((RCC->PLL1DI
 3953              		.loc 1 3122 37 view .LVU1278
 3954 0122 BCEEC66A 		vcvt.u32.f32	s12, s12
3122:Drivers/STM32H7xx_HAL_Driver/Src/stm32h7xx_hal_rcc_ex.c ****     PLL1_Clocks->PLL1_Q_Frequency = (uint32_t)(float_t)(pll1vco / ((float_t)(uint32_t)((RCC->PLL1DI
 3955              		.loc 1 3122 35 view .LVU1279
 3956 0126 80ED006A 		vstr.32	s12, [r0]	@ int
3123:Drivers/STM32H7xx_HAL_Driver/Src/stm32h7xx_hal_rcc_ex.c ****     PLL1_Clocks->PLL1_R_Frequency = (uint32_t)(float_t)(pll1vco / ((float_t)(uint32_t)((RCC->PLL1DI
 3957              		.loc 1 3123 5 is_stmt 1 view .LVU1280
3123:Drivers/STM32H7xx_HAL_Driver/Src/stm32h7xx_hal_rcc_ex.c ****     PLL1_Clocks->PLL1_R_Frequency = (uint32_t)(float_t)(pll1vco / ((float_t)(uint32_t)((RCC->PLL1DI
 3958              		.loc 1 3123 92 is_stmt 0 view .LVU1281
 3959 012a 136B     		ldr	r3, [r2, #48]
3123:Drivers/STM32H7xx_HAL_Driver/Src/stm32h7xx_hal_rcc_ex.c ****     PLL1_Clocks->PLL1_R_Frequency = (uint32_t)(float_t)(pll1vco / ((float_t)(uint32_t)((RCC->PLL1DI
 3960              		.loc 1 3123 77 view .LVU1282
 3961 012c C3F30643 		ubfx	r3, r3, #16, #7
 3962 0130 07EE903A 		vmov	s15, r3	@ int
3123:Drivers/STM32H7xx_HAL_Driver/Src/stm32h7xx_hal_rcc_ex.c ****     PLL1_Clocks->PLL1_R_Frequency = (uint32_t)(float_t)(pll1vco / ((float_t)(uint32_t)((RCC->PLL1DI
 3963              		.loc 1 3123 68 view .LVU1283
 3964 0134 F8EE677A 		vcvt.f32.u32	s15, s15
3123:Drivers/STM32H7xx_HAL_Driver/Src/stm32h7xx_hal_rcc_ex.c ****     PLL1_Clocks->PLL1_R_Frequency = (uint32_t)(float_t)(pll1vco / ((float_t)(uint32_t)((RCC->PLL1DI
ARM GAS  C:\Users\jason\AppData\Local\Temp\ccSG31kR.s 			page 160


 3965              		.loc 1 3123 129 view .LVU1284
 3966 0138 77EEA67A 		vadd.f32	s15, s15, s13
3123:Drivers/STM32H7xx_HAL_Driver/Src/stm32h7xx_hal_rcc_ex.c ****     PLL1_Clocks->PLL1_R_Frequency = (uint32_t)(float_t)(pll1vco / ((float_t)(uint32_t)((RCC->PLL1DI
 3967              		.loc 1 3123 47 view .LVU1285
 3968 013c 87EE276A 		vdiv.f32	s12, s14, s15
3123:Drivers/STM32H7xx_HAL_Driver/Src/stm32h7xx_hal_rcc_ex.c ****     PLL1_Clocks->PLL1_R_Frequency = (uint32_t)(float_t)(pll1vco / ((float_t)(uint32_t)((RCC->PLL1DI
 3969              		.loc 1 3123 37 view .LVU1286
 3970 0140 BCEEC66A 		vcvt.u32.f32	s12, s12
3123:Drivers/STM32H7xx_HAL_Driver/Src/stm32h7xx_hal_rcc_ex.c ****     PLL1_Clocks->PLL1_R_Frequency = (uint32_t)(float_t)(pll1vco / ((float_t)(uint32_t)((RCC->PLL1DI
 3971              		.loc 1 3123 35 view .LVU1287
 3972 0144 80ED016A 		vstr.32	s12, [r0, #4]	@ int
3124:Drivers/STM32H7xx_HAL_Driver/Src/stm32h7xx_hal_rcc_ex.c ****   }
 3973              		.loc 1 3124 5 is_stmt 1 view .LVU1288
3124:Drivers/STM32H7xx_HAL_Driver/Src/stm32h7xx_hal_rcc_ex.c ****   }
 3974              		.loc 1 3124 92 is_stmt 0 view .LVU1289
 3975 0148 136B     		ldr	r3, [r2, #48]
3124:Drivers/STM32H7xx_HAL_Driver/Src/stm32h7xx_hal_rcc_ex.c ****   }
 3976              		.loc 1 3124 77 view .LVU1290
 3977 014a C3F30663 		ubfx	r3, r3, #24, #7
 3978 014e 07EE903A 		vmov	s15, r3	@ int
3124:Drivers/STM32H7xx_HAL_Driver/Src/stm32h7xx_hal_rcc_ex.c ****   }
 3979              		.loc 1 3124 68 view .LVU1291
 3980 0152 F8EE677A 		vcvt.f32.u32	s15, s15
3124:Drivers/STM32H7xx_HAL_Driver/Src/stm32h7xx_hal_rcc_ex.c ****   }
 3981              		.loc 1 3124 129 view .LVU1292
 3982 0156 77EEA67A 		vadd.f32	s15, s15, s13
3124:Drivers/STM32H7xx_HAL_Driver/Src/stm32h7xx_hal_rcc_ex.c ****   }
 3983              		.loc 1 3124 47 view .LVU1293
 3984 015a C7EE276A 		vdiv.f32	s13, s14, s15
3124:Drivers/STM32H7xx_HAL_Driver/Src/stm32h7xx_hal_rcc_ex.c ****   }
 3985              		.loc 1 3124 37 view .LVU1294
 3986 015e FCEEE66A 		vcvt.u32.f32	s13, s13
3124:Drivers/STM32H7xx_HAL_Driver/Src/stm32h7xx_hal_rcc_ex.c ****   }
 3987              		.loc 1 3124 35 view .LVU1295
 3988 0162 C0ED026A 		vstr.32	s13, [r0, #8]	@ int
 3989              	.LVL384:
 3990              	.L295:
3133:Drivers/STM32H7xx_HAL_Driver/Src/stm32h7xx_hal_rcc_ex.c **** 
 3991              		.loc 1 3133 1 view .LVU1296
 3992 0166 00BD     		pop	{pc}
 3993              	.LVL385:
 3994              	.L298:
3114:Drivers/STM32H7xx_HAL_Driver/Src/stm32h7xx_hal_rcc_ex.c ****         break;
 3995              		.loc 1 3114 9 is_stmt 1 view .LVU1297
3114:Drivers/STM32H7xx_HAL_Driver/Src/stm32h7xx_hal_rcc_ex.c ****         break;
 3996              		.loc 1 3114 41 is_stmt 0 view .LVU1298
 3997 0168 07EE10EA 		vmov	s14, lr	@ int
 3998 016c F8EE476A 		vcvt.f32.u32	s13, s14
3114:Drivers/STM32H7xx_HAL_Driver/Src/stm32h7xx_hal_rcc_ex.c ****         break;
 3999              		.loc 1 3114 39 view .LVU1299
 4000 0170 9FED226A 		vldr.32	s12, .L304+20
 4001 0174 86EE267A 		vdiv.f32	s14, s12, s13
3114:Drivers/STM32H7xx_HAL_Driver/Src/stm32h7xx_hal_rcc_ex.c ****         break;
 4002              		.loc 1 3114 83 view .LVU1300
 4003 0178 1B4B     		ldr	r3, .L304
 4004              	.LVL386:
3114:Drivers/STM32H7xx_HAL_Driver/Src/stm32h7xx_hal_rcc_ex.c ****         break;
ARM GAS  C:\Users\jason\AppData\Local\Temp\ccSG31kR.s 			page 161


 4005              		.loc 1 3114 83 view .LVU1301
 4006 017a 1B6B     		ldr	r3, [r3, #48]
3114:Drivers/STM32H7xx_HAL_Driver/Src/stm32h7xx_hal_rcc_ex.c ****         break;
 4007              		.loc 1 3114 69 view .LVU1302
 4008 017c C3F30803 		ubfx	r3, r3, #0, #9
3114:Drivers/STM32H7xx_HAL_Driver/Src/stm32h7xx_hal_rcc_ex.c ****         break;
 4009              		.loc 1 3114 60 view .LVU1303
 4010 0180 06EE903A 		vmov	s13, r3	@ int
 4011 0184 F8EE666A 		vcvt.f32.u32	s13, s13
3114:Drivers/STM32H7xx_HAL_Driver/Src/stm32h7xx_hal_rcc_ex.c ****         break;
 4012              		.loc 1 3114 123 view .LVU1304
 4013 0188 9FED196A 		vldr.32	s12, .L304+8
 4014 018c 67EE867A 		vmul.f32	s15, s15, s12
3114:Drivers/STM32H7xx_HAL_Driver/Src/stm32h7xx_hal_rcc_ex.c ****         break;
 4015              		.loc 1 3114 113 view .LVU1305
 4016 0190 76EEA77A 		vadd.f32	s15, s13, s15
3114:Drivers/STM32H7xx_HAL_Driver/Src/stm32h7xx_hal_rcc_ex.c ****         break;
 4017              		.loc 1 3114 142 view .LVU1306
 4018 0194 F7EE006A 		vmov.f32	s13, #1.0e+0
 4019 0198 77EEA67A 		vadd.f32	s15, s15, s13
3114:Drivers/STM32H7xx_HAL_Driver/Src/stm32h7xx_hal_rcc_ex.c ****         break;
 4020              		.loc 1 3114 17 view .LVU1307
 4021 019c 27EE277A 		vmul.f32	s14, s14, s15
 4022              	.LVL387:
3115:Drivers/STM32H7xx_HAL_Driver/Src/stm32h7xx_hal_rcc_ex.c **** 
 4023              		.loc 1 3115 9 is_stmt 1 view .LVU1308
 4024 01a0 B1E7     		b	.L301
 4025              	.LVL388:
 4026              	.L299:
3118:Drivers/STM32H7xx_HAL_Driver/Src/stm32h7xx_hal_rcc_ex.c ****         break;
 4027              		.loc 1 3118 9 view .LVU1309
3118:Drivers/STM32H7xx_HAL_Driver/Src/stm32h7xx_hal_rcc_ex.c ****         break;
 4028              		.loc 1 3118 41 is_stmt 0 view .LVU1310
 4029 01a2 07EE10EA 		vmov	s14, lr	@ int
 4030 01a6 F8EE476A 		vcvt.f32.u32	s13, s14
3118:Drivers/STM32H7xx_HAL_Driver/Src/stm32h7xx_hal_rcc_ex.c ****         break;
 4031              		.loc 1 3118 39 view .LVU1311
 4032 01aa 9FED126A 		vldr.32	s12, .L304+12
 4033 01ae 86EE267A 		vdiv.f32	s14, s12, s13
3118:Drivers/STM32H7xx_HAL_Driver/Src/stm32h7xx_hal_rcc_ex.c ****         break;
 4034              		.loc 1 3118 83 view .LVU1312
 4035 01b2 0D4B     		ldr	r3, .L304
 4036              	.LVL389:
3118:Drivers/STM32H7xx_HAL_Driver/Src/stm32h7xx_hal_rcc_ex.c ****         break;
 4037              		.loc 1 3118 83 view .LVU1313
 4038 01b4 1B6B     		ldr	r3, [r3, #48]
3118:Drivers/STM32H7xx_HAL_Driver/Src/stm32h7xx_hal_rcc_ex.c ****         break;
 4039              		.loc 1 3118 69 view .LVU1314
 4040 01b6 C3F30803 		ubfx	r3, r3, #0, #9
3118:Drivers/STM32H7xx_HAL_Driver/Src/stm32h7xx_hal_rcc_ex.c ****         break;
 4041              		.loc 1 3118 60 view .LVU1315
 4042 01ba 06EE903A 		vmov	s13, r3	@ int
 4043 01be F8EE666A 		vcvt.f32.u32	s13, s13
3118:Drivers/STM32H7xx_HAL_Driver/Src/stm32h7xx_hal_rcc_ex.c ****         break;
 4044              		.loc 1 3118 123 view .LVU1316
 4045 01c2 9FED0B6A 		vldr.32	s12, .L304+8
 4046 01c6 67EE867A 		vmul.f32	s15, s15, s12
ARM GAS  C:\Users\jason\AppData\Local\Temp\ccSG31kR.s 			page 162


3118:Drivers/STM32H7xx_HAL_Driver/Src/stm32h7xx_hal_rcc_ex.c ****         break;
 4047              		.loc 1 3118 113 view .LVU1317
 4048 01ca 76EEA77A 		vadd.f32	s15, s13, s15
3118:Drivers/STM32H7xx_HAL_Driver/Src/stm32h7xx_hal_rcc_ex.c ****         break;
 4049              		.loc 1 3118 142 view .LVU1318
 4050 01ce F7EE006A 		vmov.f32	s13, #1.0e+0
 4051 01d2 77EEA67A 		vadd.f32	s15, s15, s13
3118:Drivers/STM32H7xx_HAL_Driver/Src/stm32h7xx_hal_rcc_ex.c ****         break;
 4052              		.loc 1 3118 17 view .LVU1319
 4053 01d6 27EE277A 		vmul.f32	s14, s14, s15
 4054              	.LVL390:
3119:Drivers/STM32H7xx_HAL_Driver/Src/stm32h7xx_hal_rcc_ex.c ****     }
 4055              		.loc 1 3119 9 is_stmt 1 view .LVU1320
 4056 01da 94E7     		b	.L301
 4057              	.LVL391:
 4058              	.L296:
3128:Drivers/STM32H7xx_HAL_Driver/Src/stm32h7xx_hal_rcc_ex.c ****     PLL1_Clocks->PLL1_Q_Frequency = 0U;
 4059              		.loc 1 3128 5 view .LVU1321
3128:Drivers/STM32H7xx_HAL_Driver/Src/stm32h7xx_hal_rcc_ex.c ****     PLL1_Clocks->PLL1_Q_Frequency = 0U;
 4060              		.loc 1 3128 35 is_stmt 0 view .LVU1322
 4061 01dc 0023     		movs	r3, #0
 4062              	.LVL392:
3128:Drivers/STM32H7xx_HAL_Driver/Src/stm32h7xx_hal_rcc_ex.c ****     PLL1_Clocks->PLL1_Q_Frequency = 0U;
 4063              		.loc 1 3128 35 view .LVU1323
 4064 01de 0360     		str	r3, [r0]
3129:Drivers/STM32H7xx_HAL_Driver/Src/stm32h7xx_hal_rcc_ex.c ****     PLL1_Clocks->PLL1_R_Frequency = 0U;
 4065              		.loc 1 3129 5 is_stmt 1 view .LVU1324
3129:Drivers/STM32H7xx_HAL_Driver/Src/stm32h7xx_hal_rcc_ex.c ****     PLL1_Clocks->PLL1_R_Frequency = 0U;
 4066              		.loc 1 3129 35 is_stmt 0 view .LVU1325
 4067 01e0 4360     		str	r3, [r0, #4]
3130:Drivers/STM32H7xx_HAL_Driver/Src/stm32h7xx_hal_rcc_ex.c ****   }
 4068              		.loc 1 3130 5 is_stmt 1 view .LVU1326
3130:Drivers/STM32H7xx_HAL_Driver/Src/stm32h7xx_hal_rcc_ex.c ****   }
 4069              		.loc 1 3130 35 is_stmt 0 view .LVU1327
 4070 01e2 8360     		str	r3, [r0, #8]
3133:Drivers/STM32H7xx_HAL_Driver/Src/stm32h7xx_hal_rcc_ex.c **** 
 4071              		.loc 1 3133 1 view .LVU1328
 4072 01e4 BFE7     		b	.L295
 4073              	.L305:
 4074 01e6 00BF     		.align	2
 4075              	.L304:
 4076 01e8 00440258 		.word	1476543488
 4077 01ec 0090D003 		.word	64000000
 4078 01f0 00000039 		.word	956301312
 4079 01f4 0024744C 		.word	1282679808
 4080 01f8 0024744A 		.word	1249125376
 4081 01fc 0024744B 		.word	1265902592
 4082              		.cfi_endproc
 4083              	.LFE151:
 4085              		.section	.text.HAL_RCCEx_GetPeriphCLKFreq,"ax",%progbits
 4086              		.align	1
 4087              		.global	HAL_RCCEx_GetPeriphCLKFreq
 4088              		.syntax unified
 4089              		.thumb
 4090              		.thumb_func
 4092              	HAL_RCCEx_GetPeriphCLKFreq:
 4093              	.LVL393:
ARM GAS  C:\Users\jason\AppData\Local\Temp\ccSG31kR.s 			page 163


 4094              	.LFB146:
1882:Drivers/STM32H7xx_HAL_Driver/Src/stm32h7xx_hal_rcc_ex.c ****   PLL1_ClocksTypeDef pll1_clocks;
 4095              		.loc 1 1882 1 is_stmt 1 view -0
 4096              		.cfi_startproc
 4097              		@ args = 0, pretend = 0, frame = 40
 4098              		@ frame_needed = 0, uses_anonymous_args = 0
1882:Drivers/STM32H7xx_HAL_Driver/Src/stm32h7xx_hal_rcc_ex.c ****   PLL1_ClocksTypeDef pll1_clocks;
 4099              		.loc 1 1882 1 is_stmt 0 view .LVU1330
 4100 0000 00B5     		push	{lr}
 4101              		.cfi_def_cfa_offset 4
 4102              		.cfi_offset 14, -4
 4103 0002 8BB0     		sub	sp, sp, #44
 4104              		.cfi_def_cfa_offset 48
1883:Drivers/STM32H7xx_HAL_Driver/Src/stm32h7xx_hal_rcc_ex.c ****   PLL2_ClocksTypeDef pll2_clocks;
 4105              		.loc 1 1883 3 is_stmt 1 view .LVU1331
1884:Drivers/STM32H7xx_HAL_Driver/Src/stm32h7xx_hal_rcc_ex.c ****   PLL3_ClocksTypeDef pll3_clocks;
 4106              		.loc 1 1884 3 view .LVU1332
1885:Drivers/STM32H7xx_HAL_Driver/Src/stm32h7xx_hal_rcc_ex.c **** 
 4107              		.loc 1 1885 3 view .LVU1333
1888:Drivers/STM32H7xx_HAL_Driver/Src/stm32h7xx_hal_rcc_ex.c ****   /* This variable is used to store the SAI and CKP clock source */
 4108              		.loc 1 1888 3 view .LVU1334
1890:Drivers/STM32H7xx_HAL_Driver/Src/stm32h7xx_hal_rcc_ex.c ****   uint32_t ckpclocksource;
 4109              		.loc 1 1890 3 view .LVU1335
1891:Drivers/STM32H7xx_HAL_Driver/Src/stm32h7xx_hal_rcc_ex.c ****   uint32_t srcclk;
 4110              		.loc 1 1891 3 view .LVU1336
1892:Drivers/STM32H7xx_HAL_Driver/Src/stm32h7xx_hal_rcc_ex.c **** 
 4111              		.loc 1 1892 3 view .LVU1337
1894:Drivers/STM32H7xx_HAL_Driver/Src/stm32h7xx_hal_rcc_ex.c ****   {
 4112              		.loc 1 1894 3 view .LVU1338
1894:Drivers/STM32H7xx_HAL_Driver/Src/stm32h7xx_hal_rcc_ex.c ****   {
 4113              		.loc 1 1894 6 is_stmt 0 view .LVU1339
 4114 0004 A0F58073 		sub	r3, r0, #256
 4115 0008 0B43     		orrs	r3, r3, r1
 4116 000a 2ED0     		beq	.L401
1988:Drivers/STM32H7xx_HAL_Driver/Src/stm32h7xx_hal_rcc_ex.c ****   {
 4117              		.loc 1 1988 8 is_stmt 1 view .LVU1340
1988:Drivers/STM32H7xx_HAL_Driver/Src/stm32h7xx_hal_rcc_ex.c ****   {
 4118              		.loc 1 1988 11 is_stmt 0 view .LVU1341
 4119 000c A0F50073 		sub	r3, r0, #512
 4120 0010 0B43     		orrs	r3, r3, r1
 4121 0012 00F08380 		beq	.L402
2275:Drivers/STM32H7xx_HAL_Driver/Src/stm32h7xx_hal_rcc_ex.c ****   {
 4122              		.loc 1 2275 8 is_stmt 1 view .LVU1342
2275:Drivers/STM32H7xx_HAL_Driver/Src/stm32h7xx_hal_rcc_ex.c ****   {
 4123              		.loc 1 2275 11 is_stmt 0 view .LVU1343
 4124 0016 A0F58063 		sub	r3, r0, #1024
 4125 001a 0B43     		orrs	r3, r3, r1
 4126 001c 00F0D880 		beq	.L403
2369:Drivers/STM32H7xx_HAL_Driver/Src/stm32h7xx_hal_rcc_ex.c ****   {
 4127              		.loc 1 2369 8 is_stmt 1 view .LVU1344
2369:Drivers/STM32H7xx_HAL_Driver/Src/stm32h7xx_hal_rcc_ex.c ****   {
 4128              		.loc 1 2369 11 is_stmt 0 view .LVU1345
 4129 0020 A0F50063 		sub	r3, r0, #2048
 4130 0024 0B43     		orrs	r3, r3, r1
 4131 0026 00F03081 		beq	.L404
2463:Drivers/STM32H7xx_HAL_Driver/Src/stm32h7xx_hal_rcc_ex.c ****   {
 4132              		.loc 1 2463 8 is_stmt 1 view .LVU1346
ARM GAS  C:\Users\jason\AppData\Local\Temp\ccSG31kR.s 			page 164


2463:Drivers/STM32H7xx_HAL_Driver/Src/stm32h7xx_hal_rcc_ex.c ****   {
 4133              		.loc 1 2463 11 is_stmt 0 view .LVU1347
 4134 002a A0F58053 		sub	r3, r0, #4096
 4135 002e 0B43     		orrs	r3, r3, r1
 4136 0030 00F08E81 		beq	.L405
2555:Drivers/STM32H7xx_HAL_Driver/Src/stm32h7xx_hal_rcc_ex.c ****   {
 4137              		.loc 1 2555 8 is_stmt 1 view .LVU1348
2555:Drivers/STM32H7xx_HAL_Driver/Src/stm32h7xx_hal_rcc_ex.c ****   {
 4138              		.loc 1 2555 11 is_stmt 0 view .LVU1349
 4139 0034 A0F50053 		sub	r3, r0, #8192
 4140 0038 0B43     		orrs	r3, r3, r1
 4141 003a 00F0E681 		beq	.L406
2635:Drivers/STM32H7xx_HAL_Driver/Src/stm32h7xx_hal_rcc_ex.c ****   {
 4142              		.loc 1 2635 8 is_stmt 1 view .LVU1350
2635:Drivers/STM32H7xx_HAL_Driver/Src/stm32h7xx_hal_rcc_ex.c ****   {
 4143              		.loc 1 2635 11 is_stmt 0 view .LVU1351
 4144 003e A0F50023 		sub	r3, r0, #524288
 4145 0042 0B43     		orrs	r3, r3, r1
 4146 0044 00F02F82 		beq	.L407
2708:Drivers/STM32H7xx_HAL_Driver/Src/stm32h7xx_hal_rcc_ex.c ****   {
 4147              		.loc 1 2708 8 is_stmt 1 view .LVU1352
2708:Drivers/STM32H7xx_HAL_Driver/Src/stm32h7xx_hal_rcc_ex.c ****   {
 4148              		.loc 1 2708 11 is_stmt 0 view .LVU1353
 4149 0048 A0F58033 		sub	r3, r0, #65536
 4150 004c 0B43     		orrs	r3, r3, r1
 4151 004e 00F07282 		beq	.L408
2749:Drivers/STM32H7xx_HAL_Driver/Src/stm32h7xx_hal_rcc_ex.c ****   {
 4152              		.loc 1 2749 8 is_stmt 1 view .LVU1354
2749:Drivers/STM32H7xx_HAL_Driver/Src/stm32h7xx_hal_rcc_ex.c ****   {
 4153              		.loc 1 2749 11 is_stmt 0 view .LVU1355
 4154 0052 A0F58043 		sub	r3, r0, #16384
 4155 0056 0B43     		orrs	r3, r3, r1
 4156 0058 00F09282 		beq	.L409
2837:Drivers/STM32H7xx_HAL_Driver/Src/stm32h7xx_hal_rcc_ex.c ****   {
 4157              		.loc 1 2837 8 is_stmt 1 view .LVU1356
2837:Drivers/STM32H7xx_HAL_Driver/Src/stm32h7xx_hal_rcc_ex.c ****   {
 4158              		.loc 1 2837 11 is_stmt 0 view .LVU1357
 4159 005c A0F50040 		sub	r0, r0, #32768
 4160              	.LVL394:
2837:Drivers/STM32H7xx_HAL_Driver/Src/stm32h7xx_hal_rcc_ex.c ****   {
 4161              		.loc 1 2837 11 view .LVU1358
 4162 0060 0843     		orrs	r0, r0, r1
 4163 0062 00F0D682 		beq	.L410
2891:Drivers/STM32H7xx_HAL_Driver/Src/stm32h7xx_hal_rcc_ex.c ****   }
 4164              		.loc 1 2891 15 view .LVU1359
 4165 0066 0020     		movs	r0, #0
 4166 0068 FBE2     		b	.L306
 4167              	.LVL395:
 4168              	.L401:
1897:Drivers/STM32H7xx_HAL_Driver/Src/stm32h7xx_hal_rcc_ex.c **** 
 4169              		.loc 1 1897 5 is_stmt 1 view .LVU1360
1897:Drivers/STM32H7xx_HAL_Driver/Src/stm32h7xx_hal_rcc_ex.c **** 
 4170              		.loc 1 1897 22 is_stmt 0 view .LVU1361
 4171 006a 984B     		ldr	r3, .L430
 4172 006c 1B6D     		ldr	r3, [r3, #80]
1897:Drivers/STM32H7xx_HAL_Driver/Src/stm32h7xx_hal_rcc_ex.c **** 
 4173              		.loc 1 1897 20 view .LVU1362
ARM GAS  C:\Users\jason\AppData\Local\Temp\ccSG31kR.s 			page 165


 4174 006e 03F00703 		and	r3, r3, #7
 4175              	.LVL396:
1899:Drivers/STM32H7xx_HAL_Driver/Src/stm32h7xx_hal_rcc_ex.c ****     {
 4176              		.loc 1 1899 5 is_stmt 1 view .LVU1363
 4177 0072 022B     		cmp	r3, #2
 4178 0074 32D0     		beq	.L308
 4179 0076 14D9     		bls	.L411
 4180 0078 032B     		cmp	r3, #3
 4181 007a 00F0F182 		beq	.L374
 4182 007e 042B     		cmp	r3, #4
 4183 0080 1FD1     		bne	.L412
1945:Drivers/STM32H7xx_HAL_Driver/Src/stm32h7xx_hal_rcc_ex.c **** 
 4184              		.loc 1 1945 9 view .LVU1364
1945:Drivers/STM32H7xx_HAL_Driver/Src/stm32h7xx_hal_rcc_ex.c **** 
 4185              		.loc 1 1945 26 is_stmt 0 view .LVU1365
 4186 0082 924A     		ldr	r2, .L430
 4187 0084 D36C     		ldr	r3, [r2, #76]
 4188              	.LVL397:
1945:Drivers/STM32H7xx_HAL_Driver/Src/stm32h7xx_hal_rcc_ex.c **** 
 4189              		.loc 1 1945 24 view .LVU1366
 4190 0086 03F04053 		and	r3, r3, #805306368
 4191              	.LVL398:
1947:Drivers/STM32H7xx_HAL_Driver/Src/stm32h7xx_hal_rcc_ex.c ****         {
 4192              		.loc 1 1947 9 is_stmt 1 view .LVU1367
1947:Drivers/STM32H7xx_HAL_Driver/Src/stm32h7xx_hal_rcc_ex.c ****         {
 4193              		.loc 1 1947 14 is_stmt 0 view .LVU1368
 4194 008a 1268     		ldr	r2, [r2]
1947:Drivers/STM32H7xx_HAL_Driver/Src/stm32h7xx_hal_rcc_ex.c ****         {
 4195              		.loc 1 1947 12 view .LVU1369
 4196 008c 12F0040F 		tst	r2, #4
 4197 0090 2FD0     		beq	.L314
1947:Drivers/STM32H7xx_HAL_Driver/Src/stm32h7xx_hal_rcc_ex.c ****         {
 4198              		.loc 1 1947 54 discriminator 1 view .LVU1370
 4199 0092 73BB     		cbnz	r3, .L314
1950:Drivers/STM32H7xx_HAL_Driver/Src/stm32h7xx_hal_rcc_ex.c ****         }
 4200              		.loc 1 1950 11 is_stmt 1 view .LVU1371
1950:Drivers/STM32H7xx_HAL_Driver/Src/stm32h7xx_hal_rcc_ex.c ****         }
 4201              		.loc 1 1950 38 is_stmt 0 view .LVU1372
 4202 0094 8D4B     		ldr	r3, .L430
 4203              	.LVL399:
1950:Drivers/STM32H7xx_HAL_Driver/Src/stm32h7xx_hal_rcc_ex.c ****         }
 4204              		.loc 1 1950 38 view .LVU1373
 4205 0096 1B68     		ldr	r3, [r3]
1950:Drivers/STM32H7xx_HAL_Driver/Src/stm32h7xx_hal_rcc_ex.c ****         }
 4206              		.loc 1 1950 66 view .LVU1374
 4207 0098 C3F3C103 		ubfx	r3, r3, #3, #2
1950:Drivers/STM32H7xx_HAL_Driver/Src/stm32h7xx_hal_rcc_ex.c ****         }
 4208              		.loc 1 1950 21 view .LVU1375
 4209 009c 8C48     		ldr	r0, .L430+4
 4210              	.LVL400:
1950:Drivers/STM32H7xx_HAL_Driver/Src/stm32h7xx_hal_rcc_ex.c ****         }
 4211              		.loc 1 1950 21 view .LVU1376
 4212 009e D840     		lsrs	r0, r0, r3
 4213              	.LVL401:
1950:Drivers/STM32H7xx_HAL_Driver/Src/stm32h7xx_hal_rcc_ex.c ****         }
 4214              		.loc 1 1950 21 view .LVU1377
 4215 00a0 DFE2     		b	.L306
ARM GAS  C:\Users\jason\AppData\Local\Temp\ccSG31kR.s 			page 166


 4216              	.LVL402:
 4217              	.L411:
1899:Drivers/STM32H7xx_HAL_Driver/Src/stm32h7xx_hal_rcc_ex.c ****     {
 4218              		.loc 1 1899 5 view .LVU1378
 4219 00a2 83B1     		cbz	r3, .L310
 4220 00a4 012B     		cmp	r3, #1
 4221 00a6 0AD1     		bne	.L413
1916:Drivers/STM32H7xx_HAL_Driver/Src/stm32h7xx_hal_rcc_ex.c ****         {
 4222              		.loc 1 1916 9 is_stmt 1 view .LVU1379
1916:Drivers/STM32H7xx_HAL_Driver/Src/stm32h7xx_hal_rcc_ex.c ****         {
 4223              		.loc 1 1916 13 is_stmt 0 view .LVU1380
 4224 00a8 884B     		ldr	r3, .L430
 4225              	.LVL403:
1916:Drivers/STM32H7xx_HAL_Driver/Src/stm32h7xx_hal_rcc_ex.c ****         {
 4226              		.loc 1 1916 13 view .LVU1381
 4227 00aa 1868     		ldr	r0, [r3]
 4228              	.LVL404:
1916:Drivers/STM32H7xx_HAL_Driver/Src/stm32h7xx_hal_rcc_ex.c ****         {
 4229              		.loc 1 1916 12 view .LVU1382
 4230 00ac 10F00060 		ands	r0, r0, #134217728
 4231 00b0 00F0D782 		beq	.L306
1918:Drivers/STM32H7xx_HAL_Driver/Src/stm32h7xx_hal_rcc_ex.c ****           frequency = pll2_clocks.PLL2_P_Frequency;
 4232              		.loc 1 1918 11 is_stmt 1 view .LVU1383
 4233 00b4 04A8     		add	r0, sp, #16
 4234 00b6 FFF7FEFF 		bl	HAL_RCCEx_GetPLL2ClockFreq
 4235              	.LVL405:
1919:Drivers/STM32H7xx_HAL_Driver/Src/stm32h7xx_hal_rcc_ex.c ****         }
 4236              		.loc 1 1919 11 view .LVU1384
1919:Drivers/STM32H7xx_HAL_Driver/Src/stm32h7xx_hal_rcc_ex.c ****         }
 4237              		.loc 1 1919 21 is_stmt 0 view .LVU1385
 4238 00ba 0498     		ldr	r0, [sp, #16]
 4239              	.LVL406:
1919:Drivers/STM32H7xx_HAL_Driver/Src/stm32h7xx_hal_rcc_ex.c ****         }
 4240              		.loc 1 1919 21 view .LVU1386
 4241 00bc D1E2     		b	.L306
 4242              	.LVL407:
 4243              	.L413:
1981:Drivers/STM32H7xx_HAL_Driver/Src/stm32h7xx_hal_rcc_ex.c ****         break;
 4244              		.loc 1 1981 19 view .LVU1387
 4245 00be 0020     		movs	r0, #0
 4246              	.LVL408:
1981:Drivers/STM32H7xx_HAL_Driver/Src/stm32h7xx_hal_rcc_ex.c ****         break;
 4247              		.loc 1 1981 19 view .LVU1388
 4248 00c0 CFE2     		b	.L306
 4249              	.LVL409:
 4250              	.L412:
1981:Drivers/STM32H7xx_HAL_Driver/Src/stm32h7xx_hal_rcc_ex.c ****         break;
 4251              		.loc 1 1981 19 view .LVU1389
 4252 00c2 0020     		movs	r0, #0
 4253              	.LVL410:
1981:Drivers/STM32H7xx_HAL_Driver/Src/stm32h7xx_hal_rcc_ex.c ****         break;
 4254              		.loc 1 1981 19 view .LVU1390
 4255 00c4 CDE2     		b	.L306
 4256              	.LVL411:
 4257              	.L310:
1903:Drivers/STM32H7xx_HAL_Driver/Src/stm32h7xx_hal_rcc_ex.c ****         {
 4258              		.loc 1 1903 9 is_stmt 1 view .LVU1391
ARM GAS  C:\Users\jason\AppData\Local\Temp\ccSG31kR.s 			page 167


1903:Drivers/STM32H7xx_HAL_Driver/Src/stm32h7xx_hal_rcc_ex.c ****         {
 4259              		.loc 1 1903 13 is_stmt 0 view .LVU1392
 4260 00c6 814B     		ldr	r3, .L430
 4261              	.LVL412:
1903:Drivers/STM32H7xx_HAL_Driver/Src/stm32h7xx_hal_rcc_ex.c ****         {
 4262              		.loc 1 1903 13 view .LVU1393
 4263 00c8 1868     		ldr	r0, [r3]
 4264              	.LVL413:
1903:Drivers/STM32H7xx_HAL_Driver/Src/stm32h7xx_hal_rcc_ex.c ****         {
 4265              		.loc 1 1903 12 view .LVU1394
 4266 00ca 10F00070 		ands	r0, r0, #33554432
 4267 00ce 00F0C882 		beq	.L306
1905:Drivers/STM32H7xx_HAL_Driver/Src/stm32h7xx_hal_rcc_ex.c ****           frequency = pll1_clocks.PLL1_Q_Frequency;
 4268              		.loc 1 1905 11 is_stmt 1 view .LVU1395
 4269 00d2 07A8     		add	r0, sp, #28
 4270 00d4 FFF7FEFF 		bl	HAL_RCCEx_GetPLL1ClockFreq
 4271              	.LVL414:
1906:Drivers/STM32H7xx_HAL_Driver/Src/stm32h7xx_hal_rcc_ex.c ****         }
 4272              		.loc 1 1906 11 view .LVU1396
1906:Drivers/STM32H7xx_HAL_Driver/Src/stm32h7xx_hal_rcc_ex.c ****         }
 4273              		.loc 1 1906 21 is_stmt 0 view .LVU1397
 4274 00d8 0898     		ldr	r0, [sp, #32]
 4275              	.LVL415:
1906:Drivers/STM32H7xx_HAL_Driver/Src/stm32h7xx_hal_rcc_ex.c ****         }
 4276              		.loc 1 1906 21 view .LVU1398
 4277 00da C2E2     		b	.L306
 4278              	.LVL416:
 4279              	.L308:
1930:Drivers/STM32H7xx_HAL_Driver/Src/stm32h7xx_hal_rcc_ex.c ****         {
 4280              		.loc 1 1930 9 is_stmt 1 view .LVU1399
1930:Drivers/STM32H7xx_HAL_Driver/Src/stm32h7xx_hal_rcc_ex.c ****         {
 4281              		.loc 1 1930 13 is_stmt 0 view .LVU1400
 4282 00dc 7B4B     		ldr	r3, .L430
 4283              	.LVL417:
1930:Drivers/STM32H7xx_HAL_Driver/Src/stm32h7xx_hal_rcc_ex.c ****         {
 4284              		.loc 1 1930 13 view .LVU1401
 4285 00de 1868     		ldr	r0, [r3]
 4286              	.LVL418:
1930:Drivers/STM32H7xx_HAL_Driver/Src/stm32h7xx_hal_rcc_ex.c ****         {
 4287              		.loc 1 1930 12 view .LVU1402
 4288 00e0 10F00050 		ands	r0, r0, #536870912
 4289 00e4 00F0BD82 		beq	.L306
1932:Drivers/STM32H7xx_HAL_Driver/Src/stm32h7xx_hal_rcc_ex.c ****           frequency = pll3_clocks.PLL3_P_Frequency;
 4290              		.loc 1 1932 11 is_stmt 1 view .LVU1403
 4291 00e8 01A8     		add	r0, sp, #4
 4292 00ea FFF7FEFF 		bl	HAL_RCCEx_GetPLL3ClockFreq
 4293              	.LVL419:
1933:Drivers/STM32H7xx_HAL_Driver/Src/stm32h7xx_hal_rcc_ex.c ****         }
 4294              		.loc 1 1933 11 view .LVU1404
1933:Drivers/STM32H7xx_HAL_Driver/Src/stm32h7xx_hal_rcc_ex.c ****         }
 4295              		.loc 1 1933 21 is_stmt 0 view .LVU1405
 4296 00ee 0198     		ldr	r0, [sp, #4]
 4297              	.LVL420:
1933:Drivers/STM32H7xx_HAL_Driver/Src/stm32h7xx_hal_rcc_ex.c ****         }
 4298              		.loc 1 1933 21 view .LVU1406
 4299 00f0 B7E2     		b	.L306
 4300              	.LVL421:
ARM GAS  C:\Users\jason\AppData\Local\Temp\ccSG31kR.s 			page 168


 4301              	.L314:
1953:Drivers/STM32H7xx_HAL_Driver/Src/stm32h7xx_hal_rcc_ex.c ****         {
 4302              		.loc 1 1953 14 is_stmt 1 view .LVU1407
1953:Drivers/STM32H7xx_HAL_Driver/Src/stm32h7xx_hal_rcc_ex.c ****         {
 4303              		.loc 1 1953 19 is_stmt 0 view .LVU1408
 4304 00f2 764A     		ldr	r2, .L430
 4305 00f4 1268     		ldr	r2, [r2]
1953:Drivers/STM32H7xx_HAL_Driver/Src/stm32h7xx_hal_rcc_ex.c ****         {
 4306              		.loc 1 1953 17 view .LVU1409
 4307 00f6 12F4807F 		tst	r2, #256
 4308 00fa 03D0     		beq	.L315
1953:Drivers/STM32H7xx_HAL_Driver/Src/stm32h7xx_hal_rcc_ex.c ****         {
 4309              		.loc 1 1953 59 discriminator 1 view .LVU1410
 4310 00fc B3F1805F 		cmp	r3, #268435456
 4311 0100 00F0B182 		beq	.L375
 4312              	.L315:
1959:Drivers/STM32H7xx_HAL_Driver/Src/stm32h7xx_hal_rcc_ex.c ****         {
 4313              		.loc 1 1959 14 is_stmt 1 view .LVU1411
1959:Drivers/STM32H7xx_HAL_Driver/Src/stm32h7xx_hal_rcc_ex.c ****         {
 4314              		.loc 1 1959 19 is_stmt 0 view .LVU1412
 4315 0104 714A     		ldr	r2, .L430
 4316 0106 1268     		ldr	r2, [r2]
1959:Drivers/STM32H7xx_HAL_Driver/Src/stm32h7xx_hal_rcc_ex.c ****         {
 4317              		.loc 1 1959 17 view .LVU1413
 4318 0108 12F4003F 		tst	r2, #131072
 4319 010c 00F0AD82 		beq	.L376
1959:Drivers/STM32H7xx_HAL_Driver/Src/stm32h7xx_hal_rcc_ex.c ****         {
 4320              		.loc 1 1959 59 discriminator 1 view .LVU1414
 4321 0110 B3F1005F 		cmp	r3, #536870912
 4322 0114 00F0AB82 		beq	.L377
1968:Drivers/STM32H7xx_HAL_Driver/Src/stm32h7xx_hal_rcc_ex.c ****         }
 4323              		.loc 1 1968 21 view .LVU1415
 4324 0118 0020     		movs	r0, #0
 4325              	.LVL422:
1968:Drivers/STM32H7xx_HAL_Driver/Src/stm32h7xx_hal_rcc_ex.c ****         }
 4326              		.loc 1 1968 21 view .LVU1416
 4327 011a A2E2     		b	.L306
 4328              	.LVL423:
 4329              	.L402:
1991:Drivers/STM32H7xx_HAL_Driver/Src/stm32h7xx_hal_rcc_ex.c **** 
 4330              		.loc 1 1991 5 is_stmt 1 view .LVU1417
1991:Drivers/STM32H7xx_HAL_Driver/Src/stm32h7xx_hal_rcc_ex.c **** 
 4331              		.loc 1 1991 22 is_stmt 0 view .LVU1418
 4332 011c 6B4B     		ldr	r3, .L430
 4333 011e 1B6D     		ldr	r3, [r3, #80]
1991:Drivers/STM32H7xx_HAL_Driver/Src/stm32h7xx_hal_rcc_ex.c **** 
 4334              		.loc 1 1991 20 view .LVU1419
 4335 0120 03F4E073 		and	r3, r3, #448
 4336              	.LVL424:
1993:Drivers/STM32H7xx_HAL_Driver/Src/stm32h7xx_hal_rcc_ex.c ****     {
 4337              		.loc 1 1993 5 is_stmt 1 view .LVU1420
 4338 0124 802B     		cmp	r3, #128
 4339 0126 33D0     		beq	.L317
 4340 0128 15D9     		bls	.L414
 4341 012a C02B     		cmp	r3, #192
 4342 012c 00F0A182 		beq	.L378
 4343 0130 B3F5807F 		cmp	r3, #256
ARM GAS  C:\Users\jason\AppData\Local\Temp\ccSG31kR.s 			page 169


 4344 0134 1FD1     		bne	.L415
2039:Drivers/STM32H7xx_HAL_Driver/Src/stm32h7xx_hal_rcc_ex.c **** 
 4345              		.loc 1 2039 9 view .LVU1421
2039:Drivers/STM32H7xx_HAL_Driver/Src/stm32h7xx_hal_rcc_ex.c **** 
 4346              		.loc 1 2039 26 is_stmt 0 view .LVU1422
 4347 0136 654A     		ldr	r2, .L430
 4348 0138 D36C     		ldr	r3, [r2, #76]
 4349              	.LVL425:
2039:Drivers/STM32H7xx_HAL_Driver/Src/stm32h7xx_hal_rcc_ex.c **** 
 4350              		.loc 1 2039 24 view .LVU1423
 4351 013a 03F04053 		and	r3, r3, #805306368
 4352              	.LVL426:
2041:Drivers/STM32H7xx_HAL_Driver/Src/stm32h7xx_hal_rcc_ex.c ****         {
 4353              		.loc 1 2041 9 is_stmt 1 view .LVU1424
2041:Drivers/STM32H7xx_HAL_Driver/Src/stm32h7xx_hal_rcc_ex.c ****         {
 4354              		.loc 1 2041 14 is_stmt 0 view .LVU1425
 4355 013e 1268     		ldr	r2, [r2]
2041:Drivers/STM32H7xx_HAL_Driver/Src/stm32h7xx_hal_rcc_ex.c ****         {
 4356              		.loc 1 2041 12 view .LVU1426
 4357 0140 12F0040F 		tst	r2, #4
 4358 0144 2FD0     		beq	.L322
2041:Drivers/STM32H7xx_HAL_Driver/Src/stm32h7xx_hal_rcc_ex.c ****         {
 4359              		.loc 1 2041 54 discriminator 1 view .LVU1427
 4360 0146 73BB     		cbnz	r3, .L322
2044:Drivers/STM32H7xx_HAL_Driver/Src/stm32h7xx_hal_rcc_ex.c ****         }
 4361              		.loc 1 2044 11 is_stmt 1 view .LVU1428
2044:Drivers/STM32H7xx_HAL_Driver/Src/stm32h7xx_hal_rcc_ex.c ****         }
 4362              		.loc 1 2044 38 is_stmt 0 view .LVU1429
 4363 0148 604B     		ldr	r3, .L430
 4364              	.LVL427:
2044:Drivers/STM32H7xx_HAL_Driver/Src/stm32h7xx_hal_rcc_ex.c ****         }
 4365              		.loc 1 2044 38 view .LVU1430
 4366 014a 1B68     		ldr	r3, [r3]
2044:Drivers/STM32H7xx_HAL_Driver/Src/stm32h7xx_hal_rcc_ex.c ****         }
 4367              		.loc 1 2044 66 view .LVU1431
 4368 014c C3F3C103 		ubfx	r3, r3, #3, #2
2044:Drivers/STM32H7xx_HAL_Driver/Src/stm32h7xx_hal_rcc_ex.c ****         }
 4369              		.loc 1 2044 21 view .LVU1432
 4370 0150 5F48     		ldr	r0, .L430+4
 4371              	.LVL428:
2044:Drivers/STM32H7xx_HAL_Driver/Src/stm32h7xx_hal_rcc_ex.c ****         }
 4372              		.loc 1 2044 21 view .LVU1433
 4373 0152 D840     		lsrs	r0, r0, r3
 4374              	.LVL429:
2044:Drivers/STM32H7xx_HAL_Driver/Src/stm32h7xx_hal_rcc_ex.c ****         }
 4375              		.loc 1 2044 21 view .LVU1434
 4376 0154 85E2     		b	.L306
 4377              	.LVL430:
 4378              	.L414:
1993:Drivers/STM32H7xx_HAL_Driver/Src/stm32h7xx_hal_rcc_ex.c ****     {
 4379              		.loc 1 1993 5 view .LVU1435
 4380 0156 83B1     		cbz	r3, .L319
 4381 0158 402B     		cmp	r3, #64
 4382 015a 0AD1     		bne	.L416
2010:Drivers/STM32H7xx_HAL_Driver/Src/stm32h7xx_hal_rcc_ex.c ****         {
 4383              		.loc 1 2010 9 is_stmt 1 view .LVU1436
2010:Drivers/STM32H7xx_HAL_Driver/Src/stm32h7xx_hal_rcc_ex.c ****         {
ARM GAS  C:\Users\jason\AppData\Local\Temp\ccSG31kR.s 			page 170


 4384              		.loc 1 2010 13 is_stmt 0 view .LVU1437
 4385 015c 5B4B     		ldr	r3, .L430
 4386              	.LVL431:
2010:Drivers/STM32H7xx_HAL_Driver/Src/stm32h7xx_hal_rcc_ex.c ****         {
 4387              		.loc 1 2010 13 view .LVU1438
 4388 015e 1868     		ldr	r0, [r3]
 4389              	.LVL432:
2010:Drivers/STM32H7xx_HAL_Driver/Src/stm32h7xx_hal_rcc_ex.c ****         {
 4390              		.loc 1 2010 12 view .LVU1439
 4391 0160 10F00060 		ands	r0, r0, #134217728
 4392 0164 00F07D82 		beq	.L306
2012:Drivers/STM32H7xx_HAL_Driver/Src/stm32h7xx_hal_rcc_ex.c ****           frequency = pll2_clocks.PLL2_P_Frequency;
 4393              		.loc 1 2012 11 is_stmt 1 view .LVU1440
 4394 0168 04A8     		add	r0, sp, #16
 4395 016a FFF7FEFF 		bl	HAL_RCCEx_GetPLL2ClockFreq
 4396              	.LVL433:
2013:Drivers/STM32H7xx_HAL_Driver/Src/stm32h7xx_hal_rcc_ex.c ****         }
 4397              		.loc 1 2013 11 view .LVU1441
2013:Drivers/STM32H7xx_HAL_Driver/Src/stm32h7xx_hal_rcc_ex.c ****         }
 4398              		.loc 1 2013 21 is_stmt 0 view .LVU1442
 4399 016e 0498     		ldr	r0, [sp, #16]
 4400              	.LVL434:
2013:Drivers/STM32H7xx_HAL_Driver/Src/stm32h7xx_hal_rcc_ex.c ****         }
 4401              		.loc 1 2013 21 view .LVU1443
 4402 0170 77E2     		b	.L306
 4403              	.LVL435:
 4404              	.L416:
2075:Drivers/STM32H7xx_HAL_Driver/Src/stm32h7xx_hal_rcc_ex.c ****         break;
 4405              		.loc 1 2075 19 view .LVU1444
 4406 0172 0020     		movs	r0, #0
 4407              	.LVL436:
2075:Drivers/STM32H7xx_HAL_Driver/Src/stm32h7xx_hal_rcc_ex.c ****         break;
 4408              		.loc 1 2075 19 view .LVU1445
 4409 0174 75E2     		b	.L306
 4410              	.LVL437:
 4411              	.L415:
2075:Drivers/STM32H7xx_HAL_Driver/Src/stm32h7xx_hal_rcc_ex.c ****         break;
 4412              		.loc 1 2075 19 view .LVU1446
 4413 0176 0020     		movs	r0, #0
 4414              	.LVL438:
2075:Drivers/STM32H7xx_HAL_Driver/Src/stm32h7xx_hal_rcc_ex.c ****         break;
 4415              		.loc 1 2075 19 view .LVU1447
 4416 0178 73E2     		b	.L306
 4417              	.LVL439:
 4418              	.L319:
1997:Drivers/STM32H7xx_HAL_Driver/Src/stm32h7xx_hal_rcc_ex.c ****         {
 4419              		.loc 1 1997 9 is_stmt 1 view .LVU1448
1997:Drivers/STM32H7xx_HAL_Driver/Src/stm32h7xx_hal_rcc_ex.c ****         {
 4420              		.loc 1 1997 13 is_stmt 0 view .LVU1449
 4421 017a 544B     		ldr	r3, .L430
 4422              	.LVL440:
1997:Drivers/STM32H7xx_HAL_Driver/Src/stm32h7xx_hal_rcc_ex.c ****         {
 4423              		.loc 1 1997 13 view .LVU1450
 4424 017c 1868     		ldr	r0, [r3]
 4425              	.LVL441:
1997:Drivers/STM32H7xx_HAL_Driver/Src/stm32h7xx_hal_rcc_ex.c ****         {
 4426              		.loc 1 1997 12 view .LVU1451
ARM GAS  C:\Users\jason\AppData\Local\Temp\ccSG31kR.s 			page 171


 4427 017e 10F00070 		ands	r0, r0, #33554432
 4428 0182 00F06E82 		beq	.L306
1999:Drivers/STM32H7xx_HAL_Driver/Src/stm32h7xx_hal_rcc_ex.c ****           frequency = pll1_clocks.PLL1_Q_Frequency;
 4429              		.loc 1 1999 11 is_stmt 1 view .LVU1452
 4430 0186 07A8     		add	r0, sp, #28
 4431 0188 FFF7FEFF 		bl	HAL_RCCEx_GetPLL1ClockFreq
 4432              	.LVL442:
2000:Drivers/STM32H7xx_HAL_Driver/Src/stm32h7xx_hal_rcc_ex.c ****         }
 4433              		.loc 1 2000 11 view .LVU1453
2000:Drivers/STM32H7xx_HAL_Driver/Src/stm32h7xx_hal_rcc_ex.c ****         }
 4434              		.loc 1 2000 21 is_stmt 0 view .LVU1454
 4435 018c 0898     		ldr	r0, [sp, #32]
 4436              	.LVL443:
2000:Drivers/STM32H7xx_HAL_Driver/Src/stm32h7xx_hal_rcc_ex.c ****         }
 4437              		.loc 1 2000 21 view .LVU1455
 4438 018e 68E2     		b	.L306
 4439              	.LVL444:
 4440              	.L317:
2024:Drivers/STM32H7xx_HAL_Driver/Src/stm32h7xx_hal_rcc_ex.c ****         {
 4441              		.loc 1 2024 9 is_stmt 1 view .LVU1456
2024:Drivers/STM32H7xx_HAL_Driver/Src/stm32h7xx_hal_rcc_ex.c ****         {
 4442              		.loc 1 2024 13 is_stmt 0 view .LVU1457
 4443 0190 4E4B     		ldr	r3, .L430
 4444              	.LVL445:
2024:Drivers/STM32H7xx_HAL_Driver/Src/stm32h7xx_hal_rcc_ex.c ****         {
 4445              		.loc 1 2024 13 view .LVU1458
 4446 0192 1868     		ldr	r0, [r3]
 4447              	.LVL446:
2024:Drivers/STM32H7xx_HAL_Driver/Src/stm32h7xx_hal_rcc_ex.c ****         {
 4448              		.loc 1 2024 12 view .LVU1459
 4449 0194 10F00050 		ands	r0, r0, #536870912
 4450 0198 00F06382 		beq	.L306
2026:Drivers/STM32H7xx_HAL_Driver/Src/stm32h7xx_hal_rcc_ex.c ****           frequency = pll3_clocks.PLL3_P_Frequency;
 4451              		.loc 1 2026 11 is_stmt 1 view .LVU1460
 4452 019c 01A8     		add	r0, sp, #4
 4453 019e FFF7FEFF 		bl	HAL_RCCEx_GetPLL3ClockFreq
 4454              	.LVL447:
2027:Drivers/STM32H7xx_HAL_Driver/Src/stm32h7xx_hal_rcc_ex.c ****         }
 4455              		.loc 1 2027 11 view .LVU1461
2027:Drivers/STM32H7xx_HAL_Driver/Src/stm32h7xx_hal_rcc_ex.c ****         }
 4456              		.loc 1 2027 21 is_stmt 0 view .LVU1462
 4457 01a2 0198     		ldr	r0, [sp, #4]
 4458              	.LVL448:
2027:Drivers/STM32H7xx_HAL_Driver/Src/stm32h7xx_hal_rcc_ex.c ****         }
 4459              		.loc 1 2027 21 view .LVU1463
 4460 01a4 5DE2     		b	.L306
 4461              	.LVL449:
 4462              	.L322:
2047:Drivers/STM32H7xx_HAL_Driver/Src/stm32h7xx_hal_rcc_ex.c ****         {
 4463              		.loc 1 2047 14 is_stmt 1 view .LVU1464
2047:Drivers/STM32H7xx_HAL_Driver/Src/stm32h7xx_hal_rcc_ex.c ****         {
 4464              		.loc 1 2047 19 is_stmt 0 view .LVU1465
 4465 01a6 494A     		ldr	r2, .L430
 4466 01a8 1268     		ldr	r2, [r2]
2047:Drivers/STM32H7xx_HAL_Driver/Src/stm32h7xx_hal_rcc_ex.c ****         {
 4467              		.loc 1 2047 17 view .LVU1466
 4468 01aa 12F4807F 		tst	r2, #256
ARM GAS  C:\Users\jason\AppData\Local\Temp\ccSG31kR.s 			page 172


 4469 01ae 03D0     		beq	.L323
2047:Drivers/STM32H7xx_HAL_Driver/Src/stm32h7xx_hal_rcc_ex.c ****         {
 4470              		.loc 1 2047 59 discriminator 1 view .LVU1467
 4471 01b0 B3F1805F 		cmp	r3, #268435456
 4472 01b4 00F05F82 		beq	.L379
 4473              	.L323:
2053:Drivers/STM32H7xx_HAL_Driver/Src/stm32h7xx_hal_rcc_ex.c ****         {
 4474              		.loc 1 2053 14 is_stmt 1 view .LVU1468
2053:Drivers/STM32H7xx_HAL_Driver/Src/stm32h7xx_hal_rcc_ex.c ****         {
 4475              		.loc 1 2053 19 is_stmt 0 view .LVU1469
 4476 01b8 444A     		ldr	r2, .L430
 4477 01ba 1268     		ldr	r2, [r2]
2053:Drivers/STM32H7xx_HAL_Driver/Src/stm32h7xx_hal_rcc_ex.c ****         {
 4478              		.loc 1 2053 17 view .LVU1470
 4479 01bc 12F4003F 		tst	r2, #131072
 4480 01c0 00F05B82 		beq	.L380
2053:Drivers/STM32H7xx_HAL_Driver/Src/stm32h7xx_hal_rcc_ex.c ****         {
 4481              		.loc 1 2053 59 discriminator 1 view .LVU1471
 4482 01c4 B3F1005F 		cmp	r3, #536870912
 4483 01c8 00F05982 		beq	.L381
2062:Drivers/STM32H7xx_HAL_Driver/Src/stm32h7xx_hal_rcc_ex.c ****         }
 4484              		.loc 1 2062 21 view .LVU1472
 4485 01cc 0020     		movs	r0, #0
 4486              	.LVL450:
2062:Drivers/STM32H7xx_HAL_Driver/Src/stm32h7xx_hal_rcc_ex.c ****         }
 4487              		.loc 1 2062 21 view .LVU1473
 4488 01ce 48E2     		b	.L306
 4489              	.LVL451:
 4490              	.L403:
2278:Drivers/STM32H7xx_HAL_Driver/Src/stm32h7xx_hal_rcc_ex.c **** 
 4491              		.loc 1 2278 5 is_stmt 1 view .LVU1474
2278:Drivers/STM32H7xx_HAL_Driver/Src/stm32h7xx_hal_rcc_ex.c **** 
 4492              		.loc 1 2278 22 is_stmt 0 view .LVU1475
 4493 01d0 3E4B     		ldr	r3, .L430
 4494 01d2 9B6D     		ldr	r3, [r3, #88]
2278:Drivers/STM32H7xx_HAL_Driver/Src/stm32h7xx_hal_rcc_ex.c **** 
 4495              		.loc 1 2278 20 view .LVU1476
 4496 01d4 03F46003 		and	r3, r3, #14680064
 4497              	.LVL452:
2280:Drivers/STM32H7xx_HAL_Driver/Src/stm32h7xx_hal_rcc_ex.c ****     {
 4498              		.loc 1 2280 5 is_stmt 1 view .LVU1477
 4499 01d8 B3F5800F 		cmp	r3, #4194304
 4500 01dc 35D0     		beq	.L325
 4501 01de 16D9     		bls	.L417
 4502 01e0 B3F5C00F 		cmp	r3, #6291456
 4503 01e4 00F04D82 		beq	.L382
 4504 01e8 B3F5000F 		cmp	r3, #8388608
 4505 01ec 20D1     		bne	.L418
2326:Drivers/STM32H7xx_HAL_Driver/Src/stm32h7xx_hal_rcc_ex.c **** 
 4506              		.loc 1 2326 9 view .LVU1478
2326:Drivers/STM32H7xx_HAL_Driver/Src/stm32h7xx_hal_rcc_ex.c **** 
 4507              		.loc 1 2326 26 is_stmt 0 view .LVU1479
 4508 01ee 374A     		ldr	r2, .L430
 4509 01f0 D36C     		ldr	r3, [r2, #76]
 4510              	.LVL453:
2326:Drivers/STM32H7xx_HAL_Driver/Src/stm32h7xx_hal_rcc_ex.c **** 
 4511              		.loc 1 2326 24 view .LVU1480
ARM GAS  C:\Users\jason\AppData\Local\Temp\ccSG31kR.s 			page 173


 4512 01f2 03F04053 		and	r3, r3, #805306368
 4513              	.LVL454:
2328:Drivers/STM32H7xx_HAL_Driver/Src/stm32h7xx_hal_rcc_ex.c ****         {
 4514              		.loc 1 2328 9 is_stmt 1 view .LVU1481
2328:Drivers/STM32H7xx_HAL_Driver/Src/stm32h7xx_hal_rcc_ex.c ****         {
 4515              		.loc 1 2328 14 is_stmt 0 view .LVU1482
 4516 01f6 1268     		ldr	r2, [r2]
2328:Drivers/STM32H7xx_HAL_Driver/Src/stm32h7xx_hal_rcc_ex.c ****         {
 4517              		.loc 1 2328 12 view .LVU1483
 4518 01f8 12F0040F 		tst	r2, #4
 4519 01fc 30D0     		beq	.L330
2328:Drivers/STM32H7xx_HAL_Driver/Src/stm32h7xx_hal_rcc_ex.c ****         {
 4520              		.loc 1 2328 54 discriminator 1 view .LVU1484
 4521 01fe 7BBB     		cbnz	r3, .L330
2331:Drivers/STM32H7xx_HAL_Driver/Src/stm32h7xx_hal_rcc_ex.c ****         }
 4522              		.loc 1 2331 11 is_stmt 1 view .LVU1485
2331:Drivers/STM32H7xx_HAL_Driver/Src/stm32h7xx_hal_rcc_ex.c ****         }
 4523              		.loc 1 2331 38 is_stmt 0 view .LVU1486
 4524 0200 324B     		ldr	r3, .L430
 4525              	.LVL455:
2331:Drivers/STM32H7xx_HAL_Driver/Src/stm32h7xx_hal_rcc_ex.c ****         }
 4526              		.loc 1 2331 38 view .LVU1487
 4527 0202 1B68     		ldr	r3, [r3]
2331:Drivers/STM32H7xx_HAL_Driver/Src/stm32h7xx_hal_rcc_ex.c ****         }
 4528              		.loc 1 2331 66 view .LVU1488
 4529 0204 C3F3C103 		ubfx	r3, r3, #3, #2
2331:Drivers/STM32H7xx_HAL_Driver/Src/stm32h7xx_hal_rcc_ex.c ****         }
 4530              		.loc 1 2331 21 view .LVU1489
 4531 0208 3148     		ldr	r0, .L430+4
 4532              	.LVL456:
2331:Drivers/STM32H7xx_HAL_Driver/Src/stm32h7xx_hal_rcc_ex.c ****         }
 4533              		.loc 1 2331 21 view .LVU1490
 4534 020a D840     		lsrs	r0, r0, r3
 4535              	.LVL457:
2331:Drivers/STM32H7xx_HAL_Driver/Src/stm32h7xx_hal_rcc_ex.c ****         }
 4536              		.loc 1 2331 21 view .LVU1491
 4537 020c 29E2     		b	.L306
 4538              	.LVL458:
 4539              	.L417:
2280:Drivers/STM32H7xx_HAL_Driver/Src/stm32h7xx_hal_rcc_ex.c ****     {
 4540              		.loc 1 2280 5 view .LVU1492
 4541 020e 8BB1     		cbz	r3, .L327
 4542 0210 B3F5001F 		cmp	r3, #2097152
 4543 0214 0AD1     		bne	.L419
2297:Drivers/STM32H7xx_HAL_Driver/Src/stm32h7xx_hal_rcc_ex.c ****         {
 4544              		.loc 1 2297 9 is_stmt 1 view .LVU1493
2297:Drivers/STM32H7xx_HAL_Driver/Src/stm32h7xx_hal_rcc_ex.c ****         {
 4545              		.loc 1 2297 13 is_stmt 0 view .LVU1494
 4546 0216 2D4B     		ldr	r3, .L430
 4547              	.LVL459:
2297:Drivers/STM32H7xx_HAL_Driver/Src/stm32h7xx_hal_rcc_ex.c ****         {
 4548              		.loc 1 2297 13 view .LVU1495
 4549 0218 1868     		ldr	r0, [r3]
 4550              	.LVL460:
2297:Drivers/STM32H7xx_HAL_Driver/Src/stm32h7xx_hal_rcc_ex.c ****         {
 4551              		.loc 1 2297 12 view .LVU1496
 4552 021a 10F00060 		ands	r0, r0, #134217728
ARM GAS  C:\Users\jason\AppData\Local\Temp\ccSG31kR.s 			page 174


 4553 021e 00F02082 		beq	.L306
2299:Drivers/STM32H7xx_HAL_Driver/Src/stm32h7xx_hal_rcc_ex.c ****           frequency = pll2_clocks.PLL2_P_Frequency;
 4554              		.loc 1 2299 11 is_stmt 1 view .LVU1497
 4555 0222 04A8     		add	r0, sp, #16
 4556 0224 FFF7FEFF 		bl	HAL_RCCEx_GetPLL2ClockFreq
 4557              	.LVL461:
2300:Drivers/STM32H7xx_HAL_Driver/Src/stm32h7xx_hal_rcc_ex.c ****         }
 4558              		.loc 1 2300 11 view .LVU1498
2300:Drivers/STM32H7xx_HAL_Driver/Src/stm32h7xx_hal_rcc_ex.c ****         }
 4559              		.loc 1 2300 21 is_stmt 0 view .LVU1499
 4560 0228 0498     		ldr	r0, [sp, #16]
 4561              	.LVL462:
2300:Drivers/STM32H7xx_HAL_Driver/Src/stm32h7xx_hal_rcc_ex.c ****         }
 4562              		.loc 1 2300 21 view .LVU1500
 4563 022a 1AE2     		b	.L306
 4564              	.LVL463:
 4565              	.L419:
2363:Drivers/STM32H7xx_HAL_Driver/Src/stm32h7xx_hal_rcc_ex.c ****         break;
 4566              		.loc 1 2363 19 view .LVU1501
 4567 022c 0020     		movs	r0, #0
 4568              	.LVL464:
2363:Drivers/STM32H7xx_HAL_Driver/Src/stm32h7xx_hal_rcc_ex.c ****         break;
 4569              		.loc 1 2363 19 view .LVU1502
 4570 022e 18E2     		b	.L306
 4571              	.LVL465:
 4572              	.L418:
2363:Drivers/STM32H7xx_HAL_Driver/Src/stm32h7xx_hal_rcc_ex.c ****         break;
 4573              		.loc 1 2363 19 view .LVU1503
 4574 0230 0020     		movs	r0, #0
 4575              	.LVL466:
2363:Drivers/STM32H7xx_HAL_Driver/Src/stm32h7xx_hal_rcc_ex.c ****         break;
 4576              		.loc 1 2363 19 view .LVU1504
 4577 0232 16E2     		b	.L306
 4578              	.LVL467:
 4579              	.L327:
2284:Drivers/STM32H7xx_HAL_Driver/Src/stm32h7xx_hal_rcc_ex.c ****         {
 4580              		.loc 1 2284 9 is_stmt 1 view .LVU1505
2284:Drivers/STM32H7xx_HAL_Driver/Src/stm32h7xx_hal_rcc_ex.c ****         {
 4581              		.loc 1 2284 13 is_stmt 0 view .LVU1506
 4582 0234 254B     		ldr	r3, .L430
 4583              	.LVL468:
2284:Drivers/STM32H7xx_HAL_Driver/Src/stm32h7xx_hal_rcc_ex.c ****         {
 4584              		.loc 1 2284 13 view .LVU1507
 4585 0236 1868     		ldr	r0, [r3]
 4586              	.LVL469:
2284:Drivers/STM32H7xx_HAL_Driver/Src/stm32h7xx_hal_rcc_ex.c ****         {
 4587              		.loc 1 2284 12 view .LVU1508
 4588 0238 10F00070 		ands	r0, r0, #33554432
 4589 023c 00F01182 		beq	.L306
2286:Drivers/STM32H7xx_HAL_Driver/Src/stm32h7xx_hal_rcc_ex.c ****           frequency = pll1_clocks.PLL1_Q_Frequency;
 4590              		.loc 1 2286 11 is_stmt 1 view .LVU1509
 4591 0240 07A8     		add	r0, sp, #28
 4592 0242 FFF7FEFF 		bl	HAL_RCCEx_GetPLL1ClockFreq
 4593              	.LVL470:
2287:Drivers/STM32H7xx_HAL_Driver/Src/stm32h7xx_hal_rcc_ex.c ****         }
 4594              		.loc 1 2287 11 view .LVU1510
2287:Drivers/STM32H7xx_HAL_Driver/Src/stm32h7xx_hal_rcc_ex.c ****         }
ARM GAS  C:\Users\jason\AppData\Local\Temp\ccSG31kR.s 			page 175


 4595              		.loc 1 2287 21 is_stmt 0 view .LVU1511
 4596 0246 0898     		ldr	r0, [sp, #32]
 4597              	.LVL471:
2287:Drivers/STM32H7xx_HAL_Driver/Src/stm32h7xx_hal_rcc_ex.c ****         }
 4598              		.loc 1 2287 21 view .LVU1512
 4599 0248 0BE2     		b	.L306
 4600              	.LVL472:
 4601              	.L325:
2311:Drivers/STM32H7xx_HAL_Driver/Src/stm32h7xx_hal_rcc_ex.c ****         {
 4602              		.loc 1 2311 9 is_stmt 1 view .LVU1513
2311:Drivers/STM32H7xx_HAL_Driver/Src/stm32h7xx_hal_rcc_ex.c ****         {
 4603              		.loc 1 2311 13 is_stmt 0 view .LVU1514
 4604 024a 204B     		ldr	r3, .L430
 4605              	.LVL473:
2311:Drivers/STM32H7xx_HAL_Driver/Src/stm32h7xx_hal_rcc_ex.c ****         {
 4606              		.loc 1 2311 13 view .LVU1515
 4607 024c 1868     		ldr	r0, [r3]
 4608              	.LVL474:
2311:Drivers/STM32H7xx_HAL_Driver/Src/stm32h7xx_hal_rcc_ex.c ****         {
 4609              		.loc 1 2311 12 view .LVU1516
 4610 024e 10F00050 		ands	r0, r0, #536870912
 4611 0252 00F00682 		beq	.L306
2313:Drivers/STM32H7xx_HAL_Driver/Src/stm32h7xx_hal_rcc_ex.c ****           frequency = pll3_clocks.PLL3_P_Frequency;
 4612              		.loc 1 2313 11 is_stmt 1 view .LVU1517
 4613 0256 01A8     		add	r0, sp, #4
 4614 0258 FFF7FEFF 		bl	HAL_RCCEx_GetPLL3ClockFreq
 4615              	.LVL475:
2314:Drivers/STM32H7xx_HAL_Driver/Src/stm32h7xx_hal_rcc_ex.c ****         }
 4616              		.loc 1 2314 11 view .LVU1518
2314:Drivers/STM32H7xx_HAL_Driver/Src/stm32h7xx_hal_rcc_ex.c ****         }
 4617              		.loc 1 2314 21 is_stmt 0 view .LVU1519
 4618 025c 0198     		ldr	r0, [sp, #4]
 4619              	.LVL476:
2314:Drivers/STM32H7xx_HAL_Driver/Src/stm32h7xx_hal_rcc_ex.c ****         }
 4620              		.loc 1 2314 21 view .LVU1520
 4621 025e 00E2     		b	.L306
 4622              	.LVL477:
 4623              	.L330:
2334:Drivers/STM32H7xx_HAL_Driver/Src/stm32h7xx_hal_rcc_ex.c ****         {
 4624              		.loc 1 2334 14 is_stmt 1 view .LVU1521
2334:Drivers/STM32H7xx_HAL_Driver/Src/stm32h7xx_hal_rcc_ex.c ****         {
 4625              		.loc 1 2334 19 is_stmt 0 view .LVU1522
 4626 0260 1A4A     		ldr	r2, .L430
 4627 0262 1268     		ldr	r2, [r2]
2334:Drivers/STM32H7xx_HAL_Driver/Src/stm32h7xx_hal_rcc_ex.c ****         {
 4628              		.loc 1 2334 17 view .LVU1523
 4629 0264 12F4807F 		tst	r2, #256
 4630 0268 03D0     		beq	.L331
2334:Drivers/STM32H7xx_HAL_Driver/Src/stm32h7xx_hal_rcc_ex.c ****         {
 4631              		.loc 1 2334 59 discriminator 1 view .LVU1524
 4632 026a B3F1805F 		cmp	r3, #268435456
 4633 026e 00F00A82 		beq	.L383
 4634              	.L331:
2340:Drivers/STM32H7xx_HAL_Driver/Src/stm32h7xx_hal_rcc_ex.c ****         {
 4635              		.loc 1 2340 14 is_stmt 1 view .LVU1525
2340:Drivers/STM32H7xx_HAL_Driver/Src/stm32h7xx_hal_rcc_ex.c ****         {
 4636              		.loc 1 2340 19 is_stmt 0 view .LVU1526
ARM GAS  C:\Users\jason\AppData\Local\Temp\ccSG31kR.s 			page 176


 4637 0272 164A     		ldr	r2, .L430
 4638 0274 1268     		ldr	r2, [r2]
2340:Drivers/STM32H7xx_HAL_Driver/Src/stm32h7xx_hal_rcc_ex.c ****         {
 4639              		.loc 1 2340 17 view .LVU1527
 4640 0276 12F4003F 		tst	r2, #131072
 4641 027a 00F00682 		beq	.L384
2340:Drivers/STM32H7xx_HAL_Driver/Src/stm32h7xx_hal_rcc_ex.c ****         {
 4642              		.loc 1 2340 59 discriminator 1 view .LVU1528
 4643 027e B3F1005F 		cmp	r3, #536870912
 4644 0282 00F00482 		beq	.L385
2349:Drivers/STM32H7xx_HAL_Driver/Src/stm32h7xx_hal_rcc_ex.c ****         }
 4645              		.loc 1 2349 21 view .LVU1529
 4646 0286 0020     		movs	r0, #0
 4647              	.LVL478:
2349:Drivers/STM32H7xx_HAL_Driver/Src/stm32h7xx_hal_rcc_ex.c ****         }
 4648              		.loc 1 2349 21 view .LVU1530
 4649 0288 EBE1     		b	.L306
 4650              	.LVL479:
 4651              	.L404:
2372:Drivers/STM32H7xx_HAL_Driver/Src/stm32h7xx_hal_rcc_ex.c **** 
 4652              		.loc 1 2372 5 is_stmt 1 view .LVU1531
2372:Drivers/STM32H7xx_HAL_Driver/Src/stm32h7xx_hal_rcc_ex.c **** 
 4653              		.loc 1 2372 22 is_stmt 0 view .LVU1532
 4654 028a 104B     		ldr	r3, .L430
 4655 028c 9B6D     		ldr	r3, [r3, #88]
2372:Drivers/STM32H7xx_HAL_Driver/Src/stm32h7xx_hal_rcc_ex.c **** 
 4656              		.loc 1 2372 20 view .LVU1533
 4657 028e 03F0E063 		and	r3, r3, #117440512
 4658              	.LVL480:
2374:Drivers/STM32H7xx_HAL_Driver/Src/stm32h7xx_hal_rcc_ex.c ****     {
 4659              		.loc 1 2374 5 is_stmt 1 view .LVU1534
 4660 0292 B3F1007F 		cmp	r3, #33554432
 4661 0296 3BD0     		beq	.L333
 4662 0298 1CD9     		bls	.L420
 4663 029a B3F1407F 		cmp	r3, #50331648
 4664 029e 00F0F881 		beq	.L386
 4665 02a2 B3F1806F 		cmp	r3, #67108864
 4666 02a6 26D1     		bne	.L421
2420:Drivers/STM32H7xx_HAL_Driver/Src/stm32h7xx_hal_rcc_ex.c **** 
 4667              		.loc 1 2420 9 view .LVU1535
2420:Drivers/STM32H7xx_HAL_Driver/Src/stm32h7xx_hal_rcc_ex.c **** 
 4668              		.loc 1 2420 26 is_stmt 0 view .LVU1536
 4669 02a8 084A     		ldr	r2, .L430
 4670 02aa D36C     		ldr	r3, [r2, #76]
 4671              	.LVL481:
2420:Drivers/STM32H7xx_HAL_Driver/Src/stm32h7xx_hal_rcc_ex.c **** 
 4672              		.loc 1 2420 24 view .LVU1537
 4673 02ac 03F04053 		and	r3, r3, #805306368
 4674              	.LVL482:
2422:Drivers/STM32H7xx_HAL_Driver/Src/stm32h7xx_hal_rcc_ex.c ****         {
 4675              		.loc 1 2422 9 is_stmt 1 view .LVU1538
2422:Drivers/STM32H7xx_HAL_Driver/Src/stm32h7xx_hal_rcc_ex.c ****         {
 4676              		.loc 1 2422 14 is_stmt 0 view .LVU1539
 4677 02b0 1268     		ldr	r2, [r2]
2422:Drivers/STM32H7xx_HAL_Driver/Src/stm32h7xx_hal_rcc_ex.c ****         {
 4678              		.loc 1 2422 12 view .LVU1540
 4679 02b2 12F0040F 		tst	r2, #4
ARM GAS  C:\Users\jason\AppData\Local\Temp\ccSG31kR.s 			page 177


 4680 02b6 36D0     		beq	.L338
2422:Drivers/STM32H7xx_HAL_Driver/Src/stm32h7xx_hal_rcc_ex.c ****         {
 4681              		.loc 1 2422 54 discriminator 1 view .LVU1541
 4682 02b8 002B     		cmp	r3, #0
 4683 02ba 34D1     		bne	.L338
2425:Drivers/STM32H7xx_HAL_Driver/Src/stm32h7xx_hal_rcc_ex.c ****         }
 4684              		.loc 1 2425 11 is_stmt 1 view .LVU1542
2425:Drivers/STM32H7xx_HAL_Driver/Src/stm32h7xx_hal_rcc_ex.c ****         }
 4685              		.loc 1 2425 38 is_stmt 0 view .LVU1543
 4686 02bc 034B     		ldr	r3, .L430
 4687              	.LVL483:
2425:Drivers/STM32H7xx_HAL_Driver/Src/stm32h7xx_hal_rcc_ex.c ****         }
 4688              		.loc 1 2425 38 view .LVU1544
 4689 02be 1B68     		ldr	r3, [r3]
2425:Drivers/STM32H7xx_HAL_Driver/Src/stm32h7xx_hal_rcc_ex.c ****         }
 4690              		.loc 1 2425 66 view .LVU1545
 4691 02c0 C3F3C103 		ubfx	r3, r3, #3, #2
2425:Drivers/STM32H7xx_HAL_Driver/Src/stm32h7xx_hal_rcc_ex.c ****         }
 4692              		.loc 1 2425 21 view .LVU1546
 4693 02c4 0248     		ldr	r0, .L430+4
 4694              	.LVL484:
2425:Drivers/STM32H7xx_HAL_Driver/Src/stm32h7xx_hal_rcc_ex.c ****         }
 4695              		.loc 1 2425 21 view .LVU1547
 4696 02c6 D840     		lsrs	r0, r0, r3
 4697              	.LVL485:
2425:Drivers/STM32H7xx_HAL_Driver/Src/stm32h7xx_hal_rcc_ex.c ****         }
 4698              		.loc 1 2425 21 view .LVU1548
 4699 02c8 CBE1     		b	.L306
 4700              	.L431:
 4701 02ca 00BF     		.align	2
 4702              	.L430:
 4703 02cc 00440258 		.word	1476543488
 4704 02d0 0090D003 		.word	64000000
 4705              	.LVL486:
 4706              	.L420:
2374:Drivers/STM32H7xx_HAL_Driver/Src/stm32h7xx_hal_rcc_ex.c ****     {
 4707              		.loc 1 2374 5 view .LVU1549
 4708 02d4 8BB1     		cbz	r3, .L335
 4709 02d6 B3F1807F 		cmp	r3, #16777216
 4710 02da 0AD1     		bne	.L422
2391:Drivers/STM32H7xx_HAL_Driver/Src/stm32h7xx_hal_rcc_ex.c ****         {
 4711              		.loc 1 2391 9 is_stmt 1 view .LVU1550
2391:Drivers/STM32H7xx_HAL_Driver/Src/stm32h7xx_hal_rcc_ex.c ****         {
 4712              		.loc 1 2391 13 is_stmt 0 view .LVU1551
 4713 02dc 9A4B     		ldr	r3, .L432
 4714              	.LVL487:
2391:Drivers/STM32H7xx_HAL_Driver/Src/stm32h7xx_hal_rcc_ex.c ****         {
 4715              		.loc 1 2391 13 view .LVU1552
 4716 02de 1868     		ldr	r0, [r3]
 4717              	.LVL488:
2391:Drivers/STM32H7xx_HAL_Driver/Src/stm32h7xx_hal_rcc_ex.c ****         {
 4718              		.loc 1 2391 12 view .LVU1553
 4719 02e0 10F00060 		ands	r0, r0, #134217728
 4720 02e4 00F0BD81 		beq	.L306
2393:Drivers/STM32H7xx_HAL_Driver/Src/stm32h7xx_hal_rcc_ex.c ****           frequency = pll2_clocks.PLL2_P_Frequency;
 4721              		.loc 1 2393 11 is_stmt 1 view .LVU1554
 4722 02e8 04A8     		add	r0, sp, #16
ARM GAS  C:\Users\jason\AppData\Local\Temp\ccSG31kR.s 			page 178


 4723 02ea FFF7FEFF 		bl	HAL_RCCEx_GetPLL2ClockFreq
 4724              	.LVL489:
2394:Drivers/STM32H7xx_HAL_Driver/Src/stm32h7xx_hal_rcc_ex.c ****         }
 4725              		.loc 1 2394 11 view .LVU1555
2394:Drivers/STM32H7xx_HAL_Driver/Src/stm32h7xx_hal_rcc_ex.c ****         }
 4726              		.loc 1 2394 21 is_stmt 0 view .LVU1556
 4727 02ee 0498     		ldr	r0, [sp, #16]
 4728              	.LVL490:
2394:Drivers/STM32H7xx_HAL_Driver/Src/stm32h7xx_hal_rcc_ex.c ****         }
 4729              		.loc 1 2394 21 view .LVU1557
 4730 02f0 B7E1     		b	.L306
 4731              	.LVL491:
 4732              	.L422:
2457:Drivers/STM32H7xx_HAL_Driver/Src/stm32h7xx_hal_rcc_ex.c ****         break;
 4733              		.loc 1 2457 19 view .LVU1558
 4734 02f2 0020     		movs	r0, #0
 4735              	.LVL492:
2457:Drivers/STM32H7xx_HAL_Driver/Src/stm32h7xx_hal_rcc_ex.c ****         break;
 4736              		.loc 1 2457 19 view .LVU1559
 4737 02f4 B5E1     		b	.L306
 4738              	.LVL493:
 4739              	.L421:
2457:Drivers/STM32H7xx_HAL_Driver/Src/stm32h7xx_hal_rcc_ex.c ****         break;
 4740              		.loc 1 2457 19 view .LVU1560
 4741 02f6 0020     		movs	r0, #0
 4742              	.LVL494:
2457:Drivers/STM32H7xx_HAL_Driver/Src/stm32h7xx_hal_rcc_ex.c ****         break;
 4743              		.loc 1 2457 19 view .LVU1561
 4744 02f8 B3E1     		b	.L306
 4745              	.LVL495:
 4746              	.L335:
2378:Drivers/STM32H7xx_HAL_Driver/Src/stm32h7xx_hal_rcc_ex.c ****         {
 4747              		.loc 1 2378 9 is_stmt 1 view .LVU1562
2378:Drivers/STM32H7xx_HAL_Driver/Src/stm32h7xx_hal_rcc_ex.c ****         {
 4748              		.loc 1 2378 13 is_stmt 0 view .LVU1563
 4749 02fa 934B     		ldr	r3, .L432
 4750              	.LVL496:
2378:Drivers/STM32H7xx_HAL_Driver/Src/stm32h7xx_hal_rcc_ex.c ****         {
 4751              		.loc 1 2378 13 view .LVU1564
 4752 02fc 1868     		ldr	r0, [r3]
 4753              	.LVL497:
2378:Drivers/STM32H7xx_HAL_Driver/Src/stm32h7xx_hal_rcc_ex.c ****         {
 4754              		.loc 1 2378 12 view .LVU1565
 4755 02fe 10F00070 		ands	r0, r0, #33554432
 4756 0302 00F0AE81 		beq	.L306
2380:Drivers/STM32H7xx_HAL_Driver/Src/stm32h7xx_hal_rcc_ex.c ****           frequency = pll1_clocks.PLL1_Q_Frequency;
 4757              		.loc 1 2380 11 is_stmt 1 view .LVU1566
 4758 0306 07A8     		add	r0, sp, #28
 4759 0308 FFF7FEFF 		bl	HAL_RCCEx_GetPLL1ClockFreq
 4760              	.LVL498:
2381:Drivers/STM32H7xx_HAL_Driver/Src/stm32h7xx_hal_rcc_ex.c ****         }
 4761              		.loc 1 2381 11 view .LVU1567
2381:Drivers/STM32H7xx_HAL_Driver/Src/stm32h7xx_hal_rcc_ex.c ****         }
 4762              		.loc 1 2381 21 is_stmt 0 view .LVU1568
 4763 030c 0898     		ldr	r0, [sp, #32]
 4764              	.LVL499:
2381:Drivers/STM32H7xx_HAL_Driver/Src/stm32h7xx_hal_rcc_ex.c ****         }
ARM GAS  C:\Users\jason\AppData\Local\Temp\ccSG31kR.s 			page 179


 4765              		.loc 1 2381 21 view .LVU1569
 4766 030e A8E1     		b	.L306
 4767              	.LVL500:
 4768              	.L333:
2405:Drivers/STM32H7xx_HAL_Driver/Src/stm32h7xx_hal_rcc_ex.c ****         {
 4769              		.loc 1 2405 9 is_stmt 1 view .LVU1570
2405:Drivers/STM32H7xx_HAL_Driver/Src/stm32h7xx_hal_rcc_ex.c ****         {
 4770              		.loc 1 2405 13 is_stmt 0 view .LVU1571
 4771 0310 8D4B     		ldr	r3, .L432
 4772              	.LVL501:
2405:Drivers/STM32H7xx_HAL_Driver/Src/stm32h7xx_hal_rcc_ex.c ****         {
 4773              		.loc 1 2405 13 view .LVU1572
 4774 0312 1868     		ldr	r0, [r3]
 4775              	.LVL502:
2405:Drivers/STM32H7xx_HAL_Driver/Src/stm32h7xx_hal_rcc_ex.c ****         {
 4776              		.loc 1 2405 12 view .LVU1573
 4777 0314 10F00050 		ands	r0, r0, #536870912
 4778 0318 00F0A381 		beq	.L306
2407:Drivers/STM32H7xx_HAL_Driver/Src/stm32h7xx_hal_rcc_ex.c ****           frequency = pll3_clocks.PLL3_P_Frequency;
 4779              		.loc 1 2407 11 is_stmt 1 view .LVU1574
 4780 031c 01A8     		add	r0, sp, #4
 4781 031e FFF7FEFF 		bl	HAL_RCCEx_GetPLL3ClockFreq
 4782              	.LVL503:
2408:Drivers/STM32H7xx_HAL_Driver/Src/stm32h7xx_hal_rcc_ex.c ****         }
 4783              		.loc 1 2408 11 view .LVU1575
2408:Drivers/STM32H7xx_HAL_Driver/Src/stm32h7xx_hal_rcc_ex.c ****         }
 4784              		.loc 1 2408 21 is_stmt 0 view .LVU1576
 4785 0322 0198     		ldr	r0, [sp, #4]
 4786              	.LVL504:
2408:Drivers/STM32H7xx_HAL_Driver/Src/stm32h7xx_hal_rcc_ex.c ****         }
 4787              		.loc 1 2408 21 view .LVU1577
 4788 0324 9DE1     		b	.L306
 4789              	.LVL505:
 4790              	.L338:
2428:Drivers/STM32H7xx_HAL_Driver/Src/stm32h7xx_hal_rcc_ex.c ****         {
 4791              		.loc 1 2428 14 is_stmt 1 view .LVU1578
2428:Drivers/STM32H7xx_HAL_Driver/Src/stm32h7xx_hal_rcc_ex.c ****         {
 4792              		.loc 1 2428 19 is_stmt 0 view .LVU1579
 4793 0326 884A     		ldr	r2, .L432
 4794 0328 1268     		ldr	r2, [r2]
2428:Drivers/STM32H7xx_HAL_Driver/Src/stm32h7xx_hal_rcc_ex.c ****         {
 4795              		.loc 1 2428 17 view .LVU1580
 4796 032a 12F4807F 		tst	r2, #256
 4797 032e 03D0     		beq	.L339
2428:Drivers/STM32H7xx_HAL_Driver/Src/stm32h7xx_hal_rcc_ex.c ****         {
 4798              		.loc 1 2428 59 discriminator 1 view .LVU1581
 4799 0330 B3F1805F 		cmp	r3, #268435456
 4800 0334 00F0AF81 		beq	.L387
 4801              	.L339:
2434:Drivers/STM32H7xx_HAL_Driver/Src/stm32h7xx_hal_rcc_ex.c ****         {
 4802              		.loc 1 2434 14 is_stmt 1 view .LVU1582
2434:Drivers/STM32H7xx_HAL_Driver/Src/stm32h7xx_hal_rcc_ex.c ****         {
 4803              		.loc 1 2434 19 is_stmt 0 view .LVU1583
 4804 0338 834A     		ldr	r2, .L432
 4805 033a 1268     		ldr	r2, [r2]
2434:Drivers/STM32H7xx_HAL_Driver/Src/stm32h7xx_hal_rcc_ex.c ****         {
 4806              		.loc 1 2434 17 view .LVU1584
ARM GAS  C:\Users\jason\AppData\Local\Temp\ccSG31kR.s 			page 180


 4807 033c 12F4003F 		tst	r2, #131072
 4808 0340 00F0AB81 		beq	.L388
2434:Drivers/STM32H7xx_HAL_Driver/Src/stm32h7xx_hal_rcc_ex.c ****         {
 4809              		.loc 1 2434 59 discriminator 1 view .LVU1585
 4810 0344 B3F1005F 		cmp	r3, #536870912
 4811 0348 00F0A981 		beq	.L389
2443:Drivers/STM32H7xx_HAL_Driver/Src/stm32h7xx_hal_rcc_ex.c ****         }
 4812              		.loc 1 2443 21 view .LVU1586
 4813 034c 0020     		movs	r0, #0
 4814              	.LVL506:
2443:Drivers/STM32H7xx_HAL_Driver/Src/stm32h7xx_hal_rcc_ex.c ****         }
 4815              		.loc 1 2443 21 view .LVU1587
 4816 034e 88E1     		b	.L306
 4817              	.LVL507:
 4818              	.L405:
2466:Drivers/STM32H7xx_HAL_Driver/Src/stm32h7xx_hal_rcc_ex.c **** 
 4819              		.loc 1 2466 5 is_stmt 1 view .LVU1588
2466:Drivers/STM32H7xx_HAL_Driver/Src/stm32h7xx_hal_rcc_ex.c **** 
 4820              		.loc 1 2466 14 is_stmt 0 view .LVU1589
 4821 0350 7D4B     		ldr	r3, .L432
 4822 0352 1B6D     		ldr	r3, [r3, #80]
2466:Drivers/STM32H7xx_HAL_Driver/Src/stm32h7xx_hal_rcc_ex.c **** 
 4823              		.loc 1 2466 12 view .LVU1590
 4824 0354 03F4E043 		and	r3, r3, #28672
 4825              	.LVL508:
2468:Drivers/STM32H7xx_HAL_Driver/Src/stm32h7xx_hal_rcc_ex.c ****     {
 4826              		.loc 1 2468 5 is_stmt 1 view .LVU1591
 4827 0358 B3F5005F 		cmp	r3, #8192
 4828 035c 35D0     		beq	.L341
 4829 035e 16D9     		bls	.L423
 4830 0360 B3F5405F 		cmp	r3, #12288
 4831 0364 00F09D81 		beq	.L390
 4832 0368 B3F5804F 		cmp	r3, #16384
 4833 036c 20D1     		bne	.L424
2514:Drivers/STM32H7xx_HAL_Driver/Src/stm32h7xx_hal_rcc_ex.c **** 
 4834              		.loc 1 2514 9 view .LVU1592
2514:Drivers/STM32H7xx_HAL_Driver/Src/stm32h7xx_hal_rcc_ex.c **** 
 4835              		.loc 1 2514 26 is_stmt 0 view .LVU1593
 4836 036e 764A     		ldr	r2, .L432
 4837 0370 D36C     		ldr	r3, [r2, #76]
 4838              	.LVL509:
2514:Drivers/STM32H7xx_HAL_Driver/Src/stm32h7xx_hal_rcc_ex.c **** 
 4839              		.loc 1 2514 24 view .LVU1594
 4840 0372 03F04053 		and	r3, r3, #805306368
 4841              	.LVL510:
2516:Drivers/STM32H7xx_HAL_Driver/Src/stm32h7xx_hal_rcc_ex.c ****         {
 4842              		.loc 1 2516 9 is_stmt 1 view .LVU1595
2516:Drivers/STM32H7xx_HAL_Driver/Src/stm32h7xx_hal_rcc_ex.c ****         {
 4843              		.loc 1 2516 14 is_stmt 0 view .LVU1596
 4844 0376 1268     		ldr	r2, [r2]
2516:Drivers/STM32H7xx_HAL_Driver/Src/stm32h7xx_hal_rcc_ex.c ****         {
 4845              		.loc 1 2516 12 view .LVU1597
 4846 0378 12F0040F 		tst	r2, #4
 4847 037c 30D0     		beq	.L346
2516:Drivers/STM32H7xx_HAL_Driver/Src/stm32h7xx_hal_rcc_ex.c ****         {
 4848              		.loc 1 2516 54 discriminator 1 view .LVU1598
 4849 037e 7BBB     		cbnz	r3, .L346
ARM GAS  C:\Users\jason\AppData\Local\Temp\ccSG31kR.s 			page 181


2519:Drivers/STM32H7xx_HAL_Driver/Src/stm32h7xx_hal_rcc_ex.c ****         }
 4850              		.loc 1 2519 11 is_stmt 1 view .LVU1599
2519:Drivers/STM32H7xx_HAL_Driver/Src/stm32h7xx_hal_rcc_ex.c ****         }
 4851              		.loc 1 2519 38 is_stmt 0 view .LVU1600
 4852 0380 714B     		ldr	r3, .L432
 4853              	.LVL511:
2519:Drivers/STM32H7xx_HAL_Driver/Src/stm32h7xx_hal_rcc_ex.c ****         }
 4854              		.loc 1 2519 38 view .LVU1601
 4855 0382 1B68     		ldr	r3, [r3]
2519:Drivers/STM32H7xx_HAL_Driver/Src/stm32h7xx_hal_rcc_ex.c ****         }
 4856              		.loc 1 2519 66 view .LVU1602
 4857 0384 C3F3C103 		ubfx	r3, r3, #3, #2
2519:Drivers/STM32H7xx_HAL_Driver/Src/stm32h7xx_hal_rcc_ex.c ****         }
 4858              		.loc 1 2519 21 view .LVU1603
 4859 0388 7048     		ldr	r0, .L432+4
 4860              	.LVL512:
2519:Drivers/STM32H7xx_HAL_Driver/Src/stm32h7xx_hal_rcc_ex.c ****         }
 4861              		.loc 1 2519 21 view .LVU1604
 4862 038a D840     		lsrs	r0, r0, r3
 4863              	.LVL513:
2519:Drivers/STM32H7xx_HAL_Driver/Src/stm32h7xx_hal_rcc_ex.c ****         }
 4864              		.loc 1 2519 21 view .LVU1605
 4865 038c 69E1     		b	.L306
 4866              	.LVL514:
 4867              	.L423:
2468:Drivers/STM32H7xx_HAL_Driver/Src/stm32h7xx_hal_rcc_ex.c ****     {
 4868              		.loc 1 2468 5 view .LVU1606
 4869 038e 8BB1     		cbz	r3, .L343
 4870 0390 B3F5805F 		cmp	r3, #4096
 4871 0394 0AD1     		bne	.L425
2485:Drivers/STM32H7xx_HAL_Driver/Src/stm32h7xx_hal_rcc_ex.c ****         {
 4872              		.loc 1 2485 9 is_stmt 1 view .LVU1607
2485:Drivers/STM32H7xx_HAL_Driver/Src/stm32h7xx_hal_rcc_ex.c ****         {
 4873              		.loc 1 2485 13 is_stmt 0 view .LVU1608
 4874 0396 6C4B     		ldr	r3, .L432
 4875              	.LVL515:
2485:Drivers/STM32H7xx_HAL_Driver/Src/stm32h7xx_hal_rcc_ex.c ****         {
 4876              		.loc 1 2485 13 view .LVU1609
 4877 0398 1868     		ldr	r0, [r3]
 4878              	.LVL516:
2485:Drivers/STM32H7xx_HAL_Driver/Src/stm32h7xx_hal_rcc_ex.c ****         {
 4879              		.loc 1 2485 12 view .LVU1610
 4880 039a 10F00060 		ands	r0, r0, #134217728
 4881 039e 00F06081 		beq	.L306
2487:Drivers/STM32H7xx_HAL_Driver/Src/stm32h7xx_hal_rcc_ex.c ****           frequency = pll2_clocks.PLL2_P_Frequency;
 4882              		.loc 1 2487 11 is_stmt 1 view .LVU1611
 4883 03a2 04A8     		add	r0, sp, #16
 4884 03a4 FFF7FEFF 		bl	HAL_RCCEx_GetPLL2ClockFreq
 4885              	.LVL517:
2488:Drivers/STM32H7xx_HAL_Driver/Src/stm32h7xx_hal_rcc_ex.c ****         }
 4886              		.loc 1 2488 11 view .LVU1612
2488:Drivers/STM32H7xx_HAL_Driver/Src/stm32h7xx_hal_rcc_ex.c ****         }
 4887              		.loc 1 2488 21 is_stmt 0 view .LVU1613
 4888 03a8 0498     		ldr	r0, [sp, #16]
 4889              	.LVL518:
2488:Drivers/STM32H7xx_HAL_Driver/Src/stm32h7xx_hal_rcc_ex.c ****         }
 4890              		.loc 1 2488 21 view .LVU1614
ARM GAS  C:\Users\jason\AppData\Local\Temp\ccSG31kR.s 			page 182


 4891 03aa 5AE1     		b	.L306
 4892              	.LVL519:
 4893              	.L425:
2550:Drivers/STM32H7xx_HAL_Driver/Src/stm32h7xx_hal_rcc_ex.c ****         break;
 4894              		.loc 1 2550 19 view .LVU1615
 4895 03ac 0020     		movs	r0, #0
 4896              	.LVL520:
2550:Drivers/STM32H7xx_HAL_Driver/Src/stm32h7xx_hal_rcc_ex.c ****         break;
 4897              		.loc 1 2550 19 view .LVU1616
 4898 03ae 58E1     		b	.L306
 4899              	.LVL521:
 4900              	.L424:
2550:Drivers/STM32H7xx_HAL_Driver/Src/stm32h7xx_hal_rcc_ex.c ****         break;
 4901              		.loc 1 2550 19 view .LVU1617
 4902 03b0 0020     		movs	r0, #0
 4903              	.LVL522:
2550:Drivers/STM32H7xx_HAL_Driver/Src/stm32h7xx_hal_rcc_ex.c ****         break;
 4904              		.loc 1 2550 19 view .LVU1618
 4905 03b2 56E1     		b	.L306
 4906              	.LVL523:
 4907              	.L343:
2472:Drivers/STM32H7xx_HAL_Driver/Src/stm32h7xx_hal_rcc_ex.c ****         {
 4908              		.loc 1 2472 9 is_stmt 1 view .LVU1619
2472:Drivers/STM32H7xx_HAL_Driver/Src/stm32h7xx_hal_rcc_ex.c ****         {
 4909              		.loc 1 2472 13 is_stmt 0 view .LVU1620
 4910 03b4 644B     		ldr	r3, .L432
 4911              	.LVL524:
2472:Drivers/STM32H7xx_HAL_Driver/Src/stm32h7xx_hal_rcc_ex.c ****         {
 4912              		.loc 1 2472 13 view .LVU1621
 4913 03b6 1868     		ldr	r0, [r3]
 4914              	.LVL525:
2472:Drivers/STM32H7xx_HAL_Driver/Src/stm32h7xx_hal_rcc_ex.c ****         {
 4915              		.loc 1 2472 12 view .LVU1622
 4916 03b8 10F00070 		ands	r0, r0, #33554432
 4917 03bc 00F05181 		beq	.L306
2474:Drivers/STM32H7xx_HAL_Driver/Src/stm32h7xx_hal_rcc_ex.c ****           frequency = pll1_clocks.PLL1_Q_Frequency;
 4918              		.loc 1 2474 11 is_stmt 1 view .LVU1623
 4919 03c0 07A8     		add	r0, sp, #28
 4920 03c2 FFF7FEFF 		bl	HAL_RCCEx_GetPLL1ClockFreq
 4921              	.LVL526:
2475:Drivers/STM32H7xx_HAL_Driver/Src/stm32h7xx_hal_rcc_ex.c ****         }
 4922              		.loc 1 2475 11 view .LVU1624
2475:Drivers/STM32H7xx_HAL_Driver/Src/stm32h7xx_hal_rcc_ex.c ****         }
 4923              		.loc 1 2475 21 is_stmt 0 view .LVU1625
 4924 03c6 0898     		ldr	r0, [sp, #32]
 4925              	.LVL527:
2475:Drivers/STM32H7xx_HAL_Driver/Src/stm32h7xx_hal_rcc_ex.c ****         }
 4926              		.loc 1 2475 21 view .LVU1626
 4927 03c8 4BE1     		b	.L306
 4928              	.LVL528:
 4929              	.L341:
2499:Drivers/STM32H7xx_HAL_Driver/Src/stm32h7xx_hal_rcc_ex.c ****         {
 4930              		.loc 1 2499 9 is_stmt 1 view .LVU1627
2499:Drivers/STM32H7xx_HAL_Driver/Src/stm32h7xx_hal_rcc_ex.c ****         {
 4931              		.loc 1 2499 13 is_stmt 0 view .LVU1628
 4932 03ca 5F4B     		ldr	r3, .L432
 4933              	.LVL529:
ARM GAS  C:\Users\jason\AppData\Local\Temp\ccSG31kR.s 			page 183


2499:Drivers/STM32H7xx_HAL_Driver/Src/stm32h7xx_hal_rcc_ex.c ****         {
 4934              		.loc 1 2499 13 view .LVU1629
 4935 03cc 1868     		ldr	r0, [r3]
 4936              	.LVL530:
2499:Drivers/STM32H7xx_HAL_Driver/Src/stm32h7xx_hal_rcc_ex.c ****         {
 4937              		.loc 1 2499 12 view .LVU1630
 4938 03ce 10F00050 		ands	r0, r0, #536870912
 4939 03d2 00F04681 		beq	.L306
2501:Drivers/STM32H7xx_HAL_Driver/Src/stm32h7xx_hal_rcc_ex.c ****           frequency = pll3_clocks.PLL3_P_Frequency;
 4940              		.loc 1 2501 11 is_stmt 1 view .LVU1631
 4941 03d6 01A8     		add	r0, sp, #4
 4942 03d8 FFF7FEFF 		bl	HAL_RCCEx_GetPLL3ClockFreq
 4943              	.LVL531:
2502:Drivers/STM32H7xx_HAL_Driver/Src/stm32h7xx_hal_rcc_ex.c ****         }
 4944              		.loc 1 2502 11 view .LVU1632
2502:Drivers/STM32H7xx_HAL_Driver/Src/stm32h7xx_hal_rcc_ex.c ****         }
 4945              		.loc 1 2502 21 is_stmt 0 view .LVU1633
 4946 03dc 0198     		ldr	r0, [sp, #4]
 4947              	.LVL532:
2502:Drivers/STM32H7xx_HAL_Driver/Src/stm32h7xx_hal_rcc_ex.c ****         }
 4948              		.loc 1 2502 21 view .LVU1634
 4949 03de 40E1     		b	.L306
 4950              	.LVL533:
 4951              	.L346:
2522:Drivers/STM32H7xx_HAL_Driver/Src/stm32h7xx_hal_rcc_ex.c ****         {
 4952              		.loc 1 2522 14 is_stmt 1 view .LVU1635
2522:Drivers/STM32H7xx_HAL_Driver/Src/stm32h7xx_hal_rcc_ex.c ****         {
 4953              		.loc 1 2522 19 is_stmt 0 view .LVU1636
 4954 03e0 594A     		ldr	r2, .L432
 4955 03e2 1268     		ldr	r2, [r2]
2522:Drivers/STM32H7xx_HAL_Driver/Src/stm32h7xx_hal_rcc_ex.c ****         {
 4956              		.loc 1 2522 17 view .LVU1637
 4957 03e4 12F4807F 		tst	r2, #256
 4958 03e8 03D0     		beq	.L347
2522:Drivers/STM32H7xx_HAL_Driver/Src/stm32h7xx_hal_rcc_ex.c ****         {
 4959              		.loc 1 2522 59 discriminator 1 view .LVU1638
 4960 03ea B3F1805F 		cmp	r3, #268435456
 4961 03ee 00F05A81 		beq	.L391
 4962              	.L347:
2528:Drivers/STM32H7xx_HAL_Driver/Src/stm32h7xx_hal_rcc_ex.c ****         {
 4963              		.loc 1 2528 14 is_stmt 1 view .LVU1639
2528:Drivers/STM32H7xx_HAL_Driver/Src/stm32h7xx_hal_rcc_ex.c ****         {
 4964              		.loc 1 2528 19 is_stmt 0 view .LVU1640
 4965 03f2 554A     		ldr	r2, .L432
 4966 03f4 1268     		ldr	r2, [r2]
2528:Drivers/STM32H7xx_HAL_Driver/Src/stm32h7xx_hal_rcc_ex.c ****         {
 4967              		.loc 1 2528 17 view .LVU1641
 4968 03f6 12F4003F 		tst	r2, #131072
 4969 03fa 00F05681 		beq	.L392
2528:Drivers/STM32H7xx_HAL_Driver/Src/stm32h7xx_hal_rcc_ex.c ****         {
 4970              		.loc 1 2528 59 discriminator 1 view .LVU1642
 4971 03fe B3F1005F 		cmp	r3, #536870912
 4972 0402 00F05481 		beq	.L393
2537:Drivers/STM32H7xx_HAL_Driver/Src/stm32h7xx_hal_rcc_ex.c ****         }
 4973              		.loc 1 2537 21 view .LVU1643
 4974 0406 0020     		movs	r0, #0
 4975              	.LVL534:
ARM GAS  C:\Users\jason\AppData\Local\Temp\ccSG31kR.s 			page 184


2537:Drivers/STM32H7xx_HAL_Driver/Src/stm32h7xx_hal_rcc_ex.c ****         }
 4976              		.loc 1 2537 21 view .LVU1644
 4977 0408 2BE1     		b	.L306
 4978              	.LVL535:
 4979              	.L406:
2558:Drivers/STM32H7xx_HAL_Driver/Src/stm32h7xx_hal_rcc_ex.c ****     switch (srcclk)
 4980              		.loc 1 2558 5 is_stmt 1 view .LVU1645
2558:Drivers/STM32H7xx_HAL_Driver/Src/stm32h7xx_hal_rcc_ex.c ****     switch (srcclk)
 4981              		.loc 1 2558 14 is_stmt 0 view .LVU1646
 4982 040a 4F4B     		ldr	r3, .L432
 4983 040c 1B6D     		ldr	r3, [r3, #80]
2558:Drivers/STM32H7xx_HAL_Driver/Src/stm32h7xx_hal_rcc_ex.c ****     switch (srcclk)
 4984              		.loc 1 2558 12 view .LVU1647
 4985 040e 03F4E023 		and	r3, r3, #458752
 4986              	.LVL536:
2559:Drivers/STM32H7xx_HAL_Driver/Src/stm32h7xx_hal_rcc_ex.c ****     {
 4987              		.loc 1 2559 5 is_stmt 1 view .LVU1648
 4988 0412 B3F5403F 		cmp	r3, #196608
 4989 0416 32D0     		beq	.L349
 4990 0418 0BD8     		bhi	.L350
 4991 041a B3F5803F 		cmp	r3, #65536
 4992 041e 18D0     		beq	.L351
 4993 0420 B3F5003F 		cmp	r3, #131072
 4994 0424 20D0     		beq	.L352
 4995 0426 13B9     		cbnz	r3, .L426
2563:Drivers/STM32H7xx_HAL_Driver/Src/stm32h7xx_hal_rcc_ex.c ****         break;
 4996              		.loc 1 2563 9 view .LVU1649
2563:Drivers/STM32H7xx_HAL_Driver/Src/stm32h7xx_hal_rcc_ex.c ****         break;
 4997              		.loc 1 2563 21 is_stmt 0 view .LVU1650
 4998 0428 FFF7FEFF 		bl	HAL_RCC_GetPCLK1Freq
 4999              	.LVL537:
2564:Drivers/STM32H7xx_HAL_Driver/Src/stm32h7xx_hal_rcc_ex.c ****       }
 5000              		.loc 1 2564 9 is_stmt 1 view .LVU1651
 5001 042c 19E1     		b	.L306
 5002              	.LVL538:
 5003              	.L426:
2559:Drivers/STM32H7xx_HAL_Driver/Src/stm32h7xx_hal_rcc_ex.c ****     {
 5004              		.loc 1 2559 5 is_stmt 0 view .LVU1652
 5005 042e 0020     		movs	r0, #0
 5006              	.LVL539:
2559:Drivers/STM32H7xx_HAL_Driver/Src/stm32h7xx_hal_rcc_ex.c ****     {
 5007              		.loc 1 2559 5 view .LVU1653
 5008 0430 17E1     		b	.L306
 5009              	.LVL540:
 5010              	.L350:
2559:Drivers/STM32H7xx_HAL_Driver/Src/stm32h7xx_hal_rcc_ex.c ****     {
 5011              		.loc 1 2559 5 view .LVU1654
 5012 0432 B3F5802F 		cmp	r3, #262144
 5013 0436 2ED0     		beq	.L354
 5014 0438 B3F5A02F 		cmp	r3, #327680
 5015 043c 07D1     		bne	.L427
2618:Drivers/STM32H7xx_HAL_Driver/Src/stm32h7xx_hal_rcc_ex.c ****         {
 5016              		.loc 1 2618 9 is_stmt 1 view .LVU1655
2618:Drivers/STM32H7xx_HAL_Driver/Src/stm32h7xx_hal_rcc_ex.c ****         {
 5017              		.loc 1 2618 13 is_stmt 0 view .LVU1656
 5018 043e 424B     		ldr	r3, .L432
 5019              	.LVL541:
ARM GAS  C:\Users\jason\AppData\Local\Temp\ccSG31kR.s 			page 185


2618:Drivers/STM32H7xx_HAL_Driver/Src/stm32h7xx_hal_rcc_ex.c ****         {
 5020              		.loc 1 2618 13 view .LVU1657
 5021 0440 1868     		ldr	r0, [r3]
 5022              	.LVL542:
2618:Drivers/STM32H7xx_HAL_Driver/Src/stm32h7xx_hal_rcc_ex.c ****         {
 5023              		.loc 1 2618 12 view .LVU1658
 5024 0442 10F40030 		ands	r0, r0, #131072
 5025 0446 00F00C81 		beq	.L306
2620:Drivers/STM32H7xx_HAL_Driver/Src/stm32h7xx_hal_rcc_ex.c ****         }
 5026              		.loc 1 2620 21 view .LVU1659
 5027 044a 4148     		ldr	r0, .L432+8
 5028 044c 09E1     		b	.L306
 5029              	.LVL543:
 5030              	.L427:
2559:Drivers/STM32H7xx_HAL_Driver/Src/stm32h7xx_hal_rcc_ex.c ****     {
 5031              		.loc 1 2559 5 view .LVU1660
 5032 044e 0020     		movs	r0, #0
 5033              	.LVL544:
2559:Drivers/STM32H7xx_HAL_Driver/Src/stm32h7xx_hal_rcc_ex.c ****     {
 5034              		.loc 1 2559 5 view .LVU1661
 5035 0450 07E1     		b	.L306
 5036              	.LVL545:
 5037              	.L351:
2568:Drivers/STM32H7xx_HAL_Driver/Src/stm32h7xx_hal_rcc_ex.c ****         {
 5038              		.loc 1 2568 9 is_stmt 1 view .LVU1662
2568:Drivers/STM32H7xx_HAL_Driver/Src/stm32h7xx_hal_rcc_ex.c ****         {
 5039              		.loc 1 2568 13 is_stmt 0 view .LVU1663
 5040 0452 3D4B     		ldr	r3, .L432
 5041              	.LVL546:
2568:Drivers/STM32H7xx_HAL_Driver/Src/stm32h7xx_hal_rcc_ex.c ****         {
 5042              		.loc 1 2568 13 view .LVU1664
 5043 0454 1868     		ldr	r0, [r3]
 5044              	.LVL547:
2568:Drivers/STM32H7xx_HAL_Driver/Src/stm32h7xx_hal_rcc_ex.c ****         {
 5045              		.loc 1 2568 12 view .LVU1665
 5046 0456 10F00060 		ands	r0, r0, #134217728
 5047 045a 00F00281 		beq	.L306
2570:Drivers/STM32H7xx_HAL_Driver/Src/stm32h7xx_hal_rcc_ex.c ****           frequency = pll2_clocks.PLL2_Q_Frequency;
 5048              		.loc 1 2570 11 is_stmt 1 view .LVU1666
 5049 045e 04A8     		add	r0, sp, #16
 5050 0460 FFF7FEFF 		bl	HAL_RCCEx_GetPLL2ClockFreq
 5051              	.LVL548:
2571:Drivers/STM32H7xx_HAL_Driver/Src/stm32h7xx_hal_rcc_ex.c ****         }
 5052              		.loc 1 2571 11 view .LVU1667
2571:Drivers/STM32H7xx_HAL_Driver/Src/stm32h7xx_hal_rcc_ex.c ****         }
 5053              		.loc 1 2571 21 is_stmt 0 view .LVU1668
 5054 0464 0598     		ldr	r0, [sp, #20]
 5055              	.LVL549:
2571:Drivers/STM32H7xx_HAL_Driver/Src/stm32h7xx_hal_rcc_ex.c ****         }
 5056              		.loc 1 2571 21 view .LVU1669
 5057 0466 FCE0     		b	.L306
 5058              	.LVL550:
 5059              	.L352:
2581:Drivers/STM32H7xx_HAL_Driver/Src/stm32h7xx_hal_rcc_ex.c ****         {
 5060              		.loc 1 2581 9 is_stmt 1 view .LVU1670
2581:Drivers/STM32H7xx_HAL_Driver/Src/stm32h7xx_hal_rcc_ex.c ****         {
 5061              		.loc 1 2581 13 is_stmt 0 view .LVU1671
ARM GAS  C:\Users\jason\AppData\Local\Temp\ccSG31kR.s 			page 186


 5062 0468 374B     		ldr	r3, .L432
 5063              	.LVL551:
2581:Drivers/STM32H7xx_HAL_Driver/Src/stm32h7xx_hal_rcc_ex.c ****         {
 5064              		.loc 1 2581 13 view .LVU1672
 5065 046a 1868     		ldr	r0, [r3]
 5066              	.LVL552:
2581:Drivers/STM32H7xx_HAL_Driver/Src/stm32h7xx_hal_rcc_ex.c ****         {
 5067              		.loc 1 2581 12 view .LVU1673
 5068 046c 10F00050 		ands	r0, r0, #536870912
 5069 0470 00F0F780 		beq	.L306
2583:Drivers/STM32H7xx_HAL_Driver/Src/stm32h7xx_hal_rcc_ex.c ****           frequency = pll3_clocks.PLL3_Q_Frequency;
 5070              		.loc 1 2583 11 is_stmt 1 view .LVU1674
 5071 0474 01A8     		add	r0, sp, #4
 5072 0476 FFF7FEFF 		bl	HAL_RCCEx_GetPLL3ClockFreq
 5073              	.LVL553:
2584:Drivers/STM32H7xx_HAL_Driver/Src/stm32h7xx_hal_rcc_ex.c ****         }
 5074              		.loc 1 2584 11 view .LVU1675
2584:Drivers/STM32H7xx_HAL_Driver/Src/stm32h7xx_hal_rcc_ex.c ****         }
 5075              		.loc 1 2584 21 is_stmt 0 view .LVU1676
 5076 047a 0298     		ldr	r0, [sp, #8]
 5077              	.LVL554:
2584:Drivers/STM32H7xx_HAL_Driver/Src/stm32h7xx_hal_rcc_ex.c ****         }
 5078              		.loc 1 2584 21 view .LVU1677
 5079 047c F1E0     		b	.L306
 5080              	.LVL555:
 5081              	.L349:
2594:Drivers/STM32H7xx_HAL_Driver/Src/stm32h7xx_hal_rcc_ex.c ****         {
 5082              		.loc 1 2594 9 is_stmt 1 view .LVU1678
2594:Drivers/STM32H7xx_HAL_Driver/Src/stm32h7xx_hal_rcc_ex.c ****         {
 5083              		.loc 1 2594 13 is_stmt 0 view .LVU1679
 5084 047e 324B     		ldr	r3, .L432
 5085              	.LVL556:
2594:Drivers/STM32H7xx_HAL_Driver/Src/stm32h7xx_hal_rcc_ex.c ****         {
 5086              		.loc 1 2594 13 view .LVU1680
 5087 0480 1868     		ldr	r0, [r3]
 5088              	.LVL557:
2594:Drivers/STM32H7xx_HAL_Driver/Src/stm32h7xx_hal_rcc_ex.c ****         {
 5089              		.loc 1 2594 12 view .LVU1681
 5090 0482 10F00400 		ands	r0, r0, #4
 5091 0486 00F0EC80 		beq	.L306
2596:Drivers/STM32H7xx_HAL_Driver/Src/stm32h7xx_hal_rcc_ex.c ****         }
 5092              		.loc 1 2596 11 is_stmt 1 view .LVU1682
2596:Drivers/STM32H7xx_HAL_Driver/Src/stm32h7xx_hal_rcc_ex.c ****         }
 5093              		.loc 1 2596 38 is_stmt 0 view .LVU1683
 5094 048a 1B68     		ldr	r3, [r3]
2596:Drivers/STM32H7xx_HAL_Driver/Src/stm32h7xx_hal_rcc_ex.c ****         }
 5095              		.loc 1 2596 66 view .LVU1684
 5096 048c C3F3C103 		ubfx	r3, r3, #3, #2
2596:Drivers/STM32H7xx_HAL_Driver/Src/stm32h7xx_hal_rcc_ex.c ****         }
 5097              		.loc 1 2596 21 view .LVU1685
 5098 0490 2E48     		ldr	r0, .L432+4
 5099 0492 D840     		lsrs	r0, r0, r3
 5100              	.LVL558:
2596:Drivers/STM32H7xx_HAL_Driver/Src/stm32h7xx_hal_rcc_ex.c ****         }
 5101              		.loc 1 2596 21 view .LVU1686
 5102 0494 E5E0     		b	.L306
 5103              	.LVL559:
ARM GAS  C:\Users\jason\AppData\Local\Temp\ccSG31kR.s 			page 187


 5104              	.L354:
2606:Drivers/STM32H7xx_HAL_Driver/Src/stm32h7xx_hal_rcc_ex.c ****         {
 5105              		.loc 1 2606 9 is_stmt 1 view .LVU1687
2606:Drivers/STM32H7xx_HAL_Driver/Src/stm32h7xx_hal_rcc_ex.c ****         {
 5106              		.loc 1 2606 13 is_stmt 0 view .LVU1688
 5107 0496 2C4B     		ldr	r3, .L432
 5108              	.LVL560:
2606:Drivers/STM32H7xx_HAL_Driver/Src/stm32h7xx_hal_rcc_ex.c ****         {
 5109              		.loc 1 2606 13 view .LVU1689
 5110 0498 1868     		ldr	r0, [r3]
 5111              	.LVL561:
2606:Drivers/STM32H7xx_HAL_Driver/Src/stm32h7xx_hal_rcc_ex.c ****         {
 5112              		.loc 1 2606 12 view .LVU1690
 5113 049a 10F48070 		ands	r0, r0, #256
 5114 049e 00F0E080 		beq	.L306
2608:Drivers/STM32H7xx_HAL_Driver/Src/stm32h7xx_hal_rcc_ex.c ****         }
 5115              		.loc 1 2608 21 view .LVU1691
 5116 04a2 2C48     		ldr	r0, .L432+12
 5117 04a4 DDE0     		b	.L306
 5118              	.LVL562:
 5119              	.L407:
2638:Drivers/STM32H7xx_HAL_Driver/Src/stm32h7xx_hal_rcc_ex.c **** 
 5120              		.loc 1 2638 5 is_stmt 1 view .LVU1692
2638:Drivers/STM32H7xx_HAL_Driver/Src/stm32h7xx_hal_rcc_ex.c **** 
 5121              		.loc 1 2638 14 is_stmt 0 view .LVU1693
 5122 04a6 284B     		ldr	r3, .L432
 5123 04a8 9B6D     		ldr	r3, [r3, #88]
2638:Drivers/STM32H7xx_HAL_Driver/Src/stm32h7xx_hal_rcc_ex.c **** 
 5124              		.loc 1 2638 12 view .LVU1694
 5125 04aa 03F44033 		and	r3, r3, #196608
 5126              	.LVL563:
2640:Drivers/STM32H7xx_HAL_Driver/Src/stm32h7xx_hal_rcc_ex.c ****     {
 5127              		.loc 1 2640 5 is_stmt 1 view .LVU1695
 5128 04ae B3F5803F 		cmp	r3, #65536
 5129 04b2 10D0     		beq	.L357
 5130 04b4 B3F5003F 		cmp	r3, #131072
 5131 04b8 18D0     		beq	.L358
 5132 04ba 002B     		cmp	r3, #0
 5133 04bc 40F0F980 		bne	.L394
2644:Drivers/STM32H7xx_HAL_Driver/Src/stm32h7xx_hal_rcc_ex.c ****         {
 5134              		.loc 1 2644 9 view .LVU1696
2644:Drivers/STM32H7xx_HAL_Driver/Src/stm32h7xx_hal_rcc_ex.c ****         {
 5135              		.loc 1 2644 13 is_stmt 0 view .LVU1697
 5136 04c0 214B     		ldr	r3, .L432
 5137              	.LVL564:
2644:Drivers/STM32H7xx_HAL_Driver/Src/stm32h7xx_hal_rcc_ex.c ****         {
 5138              		.loc 1 2644 13 view .LVU1698
 5139 04c2 1868     		ldr	r0, [r3]
 5140              	.LVL565:
2644:Drivers/STM32H7xx_HAL_Driver/Src/stm32h7xx_hal_rcc_ex.c ****         {
 5141              		.loc 1 2644 12 view .LVU1699
 5142 04c4 10F00060 		ands	r0, r0, #134217728
 5143 04c8 00F0CB80 		beq	.L306
2646:Drivers/STM32H7xx_HAL_Driver/Src/stm32h7xx_hal_rcc_ex.c ****           frequency = pll2_clocks.PLL2_P_Frequency;
 5144              		.loc 1 2646 11 is_stmt 1 view .LVU1700
 5145 04cc 04A8     		add	r0, sp, #16
 5146 04ce FFF7FEFF 		bl	HAL_RCCEx_GetPLL2ClockFreq
ARM GAS  C:\Users\jason\AppData\Local\Temp\ccSG31kR.s 			page 188


 5147              	.LVL566:
2647:Drivers/STM32H7xx_HAL_Driver/Src/stm32h7xx_hal_rcc_ex.c ****         }
 5148              		.loc 1 2647 11 view .LVU1701
2647:Drivers/STM32H7xx_HAL_Driver/Src/stm32h7xx_hal_rcc_ex.c ****         }
 5149              		.loc 1 2647 21 is_stmt 0 view .LVU1702
 5150 04d2 0498     		ldr	r0, [sp, #16]
 5151              	.LVL567:
2647:Drivers/STM32H7xx_HAL_Driver/Src/stm32h7xx_hal_rcc_ex.c ****         }
 5152              		.loc 1 2647 21 view .LVU1703
 5153 04d4 C5E0     		b	.L306
 5154              	.LVL568:
 5155              	.L357:
2657:Drivers/STM32H7xx_HAL_Driver/Src/stm32h7xx_hal_rcc_ex.c ****         {
 5156              		.loc 1 2657 9 is_stmt 1 view .LVU1704
2657:Drivers/STM32H7xx_HAL_Driver/Src/stm32h7xx_hal_rcc_ex.c ****         {
 5157              		.loc 1 2657 13 is_stmt 0 view .LVU1705
 5158 04d6 1C4B     		ldr	r3, .L432
 5159              	.LVL569:
2657:Drivers/STM32H7xx_HAL_Driver/Src/stm32h7xx_hal_rcc_ex.c ****         {
 5160              		.loc 1 2657 13 view .LVU1706
 5161 04d8 1868     		ldr	r0, [r3]
 5162              	.LVL570:
2657:Drivers/STM32H7xx_HAL_Driver/Src/stm32h7xx_hal_rcc_ex.c ****         {
 5163              		.loc 1 2657 12 view .LVU1707
 5164 04da 10F00050 		ands	r0, r0, #536870912
 5165 04de 00F0C080 		beq	.L306
2659:Drivers/STM32H7xx_HAL_Driver/Src/stm32h7xx_hal_rcc_ex.c ****           frequency = pll3_clocks.PLL3_R_Frequency;
 5166              		.loc 1 2659 11 is_stmt 1 view .LVU1708
 5167 04e2 01A8     		add	r0, sp, #4
 5168 04e4 FFF7FEFF 		bl	HAL_RCCEx_GetPLL3ClockFreq
 5169              	.LVL571:
2660:Drivers/STM32H7xx_HAL_Driver/Src/stm32h7xx_hal_rcc_ex.c ****         }
 5170              		.loc 1 2660 11 view .LVU1709
2660:Drivers/STM32H7xx_HAL_Driver/Src/stm32h7xx_hal_rcc_ex.c ****         }
 5171              		.loc 1 2660 21 is_stmt 0 view .LVU1710
 5172 04e8 0398     		ldr	r0, [sp, #12]
 5173              	.LVL572:
2660:Drivers/STM32H7xx_HAL_Driver/Src/stm32h7xx_hal_rcc_ex.c ****         }
 5174              		.loc 1 2660 21 view .LVU1711
 5175 04ea BAE0     		b	.L306
 5176              	.LVL573:
 5177              	.L358:
2672:Drivers/STM32H7xx_HAL_Driver/Src/stm32h7xx_hal_rcc_ex.c **** 
 5178              		.loc 1 2672 9 is_stmt 1 view .LVU1712
2672:Drivers/STM32H7xx_HAL_Driver/Src/stm32h7xx_hal_rcc_ex.c **** 
 5179              		.loc 1 2672 26 is_stmt 0 view .LVU1713
 5180 04ec 164A     		ldr	r2, .L432
 5181 04ee D36C     		ldr	r3, [r2, #76]
 5182              	.LVL574:
2672:Drivers/STM32H7xx_HAL_Driver/Src/stm32h7xx_hal_rcc_ex.c **** 
 5183              		.loc 1 2672 24 view .LVU1714
 5184 04f0 03F04053 		and	r3, r3, #805306368
 5185              	.LVL575:
2674:Drivers/STM32H7xx_HAL_Driver/Src/stm32h7xx_hal_rcc_ex.c ****         {
 5186              		.loc 1 2674 9 is_stmt 1 view .LVU1715
2674:Drivers/STM32H7xx_HAL_Driver/Src/stm32h7xx_hal_rcc_ex.c ****         {
 5187              		.loc 1 2674 14 is_stmt 0 view .LVU1716
ARM GAS  C:\Users\jason\AppData\Local\Temp\ccSG31kR.s 			page 189


 5188 04f4 1268     		ldr	r2, [r2]
2674:Drivers/STM32H7xx_HAL_Driver/Src/stm32h7xx_hal_rcc_ex.c ****         {
 5189              		.loc 1 2674 12 view .LVU1717
 5190 04f6 12F0040F 		tst	r2, #4
 5191 04fa 07D0     		beq	.L359
2674:Drivers/STM32H7xx_HAL_Driver/Src/stm32h7xx_hal_rcc_ex.c ****         {
 5192              		.loc 1 2674 54 discriminator 1 view .LVU1718
 5193 04fc 33B9     		cbnz	r3, .L359
2677:Drivers/STM32H7xx_HAL_Driver/Src/stm32h7xx_hal_rcc_ex.c ****         }
 5194              		.loc 1 2677 11 is_stmt 1 view .LVU1719
2677:Drivers/STM32H7xx_HAL_Driver/Src/stm32h7xx_hal_rcc_ex.c ****         }
 5195              		.loc 1 2677 38 is_stmt 0 view .LVU1720
 5196 04fe 124B     		ldr	r3, .L432
 5197              	.LVL576:
2677:Drivers/STM32H7xx_HAL_Driver/Src/stm32h7xx_hal_rcc_ex.c ****         }
 5198              		.loc 1 2677 38 view .LVU1721
 5199 0500 1B68     		ldr	r3, [r3]
2677:Drivers/STM32H7xx_HAL_Driver/Src/stm32h7xx_hal_rcc_ex.c ****         }
 5200              		.loc 1 2677 66 view .LVU1722
 5201 0502 C3F3C103 		ubfx	r3, r3, #3, #2
2677:Drivers/STM32H7xx_HAL_Driver/Src/stm32h7xx_hal_rcc_ex.c ****         }
 5202              		.loc 1 2677 21 view .LVU1723
 5203 0506 1148     		ldr	r0, .L432+4
 5204              	.LVL577:
2677:Drivers/STM32H7xx_HAL_Driver/Src/stm32h7xx_hal_rcc_ex.c ****         }
 5205              		.loc 1 2677 21 view .LVU1724
 5206 0508 D840     		lsrs	r0, r0, r3
 5207              	.LVL578:
2677:Drivers/STM32H7xx_HAL_Driver/Src/stm32h7xx_hal_rcc_ex.c ****         }
 5208              		.loc 1 2677 21 view .LVU1725
 5209 050a AAE0     		b	.L306
 5210              	.LVL579:
 5211              	.L359:
2680:Drivers/STM32H7xx_HAL_Driver/Src/stm32h7xx_hal_rcc_ex.c ****         {
 5212              		.loc 1 2680 14 is_stmt 1 view .LVU1726
2680:Drivers/STM32H7xx_HAL_Driver/Src/stm32h7xx_hal_rcc_ex.c ****         {
 5213              		.loc 1 2680 19 is_stmt 0 view .LVU1727
 5214 050c 0E4A     		ldr	r2, .L432
 5215 050e 1268     		ldr	r2, [r2]
2680:Drivers/STM32H7xx_HAL_Driver/Src/stm32h7xx_hal_rcc_ex.c ****         {
 5216              		.loc 1 2680 17 view .LVU1728
 5217 0510 12F4807F 		tst	r2, #256
 5218 0514 03D0     		beq	.L360
2680:Drivers/STM32H7xx_HAL_Driver/Src/stm32h7xx_hal_rcc_ex.c ****         {
 5219              		.loc 1 2680 59 discriminator 1 view .LVU1729
 5220 0516 B3F1805F 		cmp	r3, #268435456
 5221 051a 00F0CC80 		beq	.L395
 5222              	.L360:
2686:Drivers/STM32H7xx_HAL_Driver/Src/stm32h7xx_hal_rcc_ex.c ****         {
 5223              		.loc 1 2686 14 is_stmt 1 view .LVU1730
2686:Drivers/STM32H7xx_HAL_Driver/Src/stm32h7xx_hal_rcc_ex.c ****         {
 5224              		.loc 1 2686 19 is_stmt 0 view .LVU1731
 5225 051e 0A4A     		ldr	r2, .L432
 5226 0520 1268     		ldr	r2, [r2]
2686:Drivers/STM32H7xx_HAL_Driver/Src/stm32h7xx_hal_rcc_ex.c ****         {
 5227              		.loc 1 2686 17 view .LVU1732
 5228 0522 12F4003F 		tst	r2, #131072
ARM GAS  C:\Users\jason\AppData\Local\Temp\ccSG31kR.s 			page 190


 5229 0526 00F0C880 		beq	.L396
2686:Drivers/STM32H7xx_HAL_Driver/Src/stm32h7xx_hal_rcc_ex.c ****         {
 5230              		.loc 1 2686 59 discriminator 1 view .LVU1733
 5231 052a B3F1005F 		cmp	r3, #536870912
 5232 052e 00F0C680 		beq	.L397
2695:Drivers/STM32H7xx_HAL_Driver/Src/stm32h7xx_hal_rcc_ex.c ****         }
 5233              		.loc 1 2695 21 view .LVU1734
 5234 0532 0020     		movs	r0, #0
 5235              	.LVL580:
2695:Drivers/STM32H7xx_HAL_Driver/Src/stm32h7xx_hal_rcc_ex.c ****         }
 5236              		.loc 1 2695 21 view .LVU1735
 5237 0534 95E0     		b	.L306
 5238              	.LVL581:
 5239              	.L408:
2711:Drivers/STM32H7xx_HAL_Driver/Src/stm32h7xx_hal_rcc_ex.c **** 
 5240              		.loc 1 2711 5 is_stmt 1 view .LVU1736
2711:Drivers/STM32H7xx_HAL_Driver/Src/stm32h7xx_hal_rcc_ex.c **** 
 5241              		.loc 1 2711 14 is_stmt 0 view .LVU1737
 5242 0536 044B     		ldr	r3, .L432
 5243 0538 DB6C     		ldr	r3, [r3, #76]
 5244              	.LVL582:
2713:Drivers/STM32H7xx_HAL_Driver/Src/stm32h7xx_hal_rcc_ex.c ****     {
 5245              		.loc 1 2713 5 is_stmt 1 view .LVU1738
 5246 053a 13F48033 		ands	r3, r3, #65536
 5247              	.LVL583:
2713:Drivers/STM32H7xx_HAL_Driver/Src/stm32h7xx_hal_rcc_ex.c ****     {
 5248              		.loc 1 2713 5 is_stmt 0 view .LVU1739
 5249 053e 0BD0     		beq	.L362
 5250 0540 A3B9     		cbnz	r3, .L363
 5251 0542 1846     		mov	r0, r3
 5252              	.LVL584:
2713:Drivers/STM32H7xx_HAL_Driver/Src/stm32h7xx_hal_rcc_ex.c ****     {
 5253              		.loc 1 2713 5 view .LVU1740
 5254 0544 8DE0     		b	.L306
 5255              	.L433:
 5256 0546 00BF     		.align	2
 5257              	.L432:
 5258 0548 00440258 		.word	1476543488
 5259 054c 0090D003 		.word	64000000
 5260 0550 0024F400 		.word	16000000
 5261 0554 00093D00 		.word	4000000
 5262              	.LVL585:
 5263              	.L362:
2717:Drivers/STM32H7xx_HAL_Driver/Src/stm32h7xx_hal_rcc_ex.c ****         {
 5264              		.loc 1 2717 9 is_stmt 1 view .LVU1741
2717:Drivers/STM32H7xx_HAL_Driver/Src/stm32h7xx_hal_rcc_ex.c ****         {
 5265              		.loc 1 2717 13 is_stmt 0 view .LVU1742
 5266 0558 5B4B     		ldr	r3, .L434
 5267              	.LVL586:
2717:Drivers/STM32H7xx_HAL_Driver/Src/stm32h7xx_hal_rcc_ex.c ****         {
 5268              		.loc 1 2717 13 view .LVU1743
 5269 055a 1868     		ldr	r0, [r3]
 5270              	.LVL587:
2717:Drivers/STM32H7xx_HAL_Driver/Src/stm32h7xx_hal_rcc_ex.c ****         {
 5271              		.loc 1 2717 12 view .LVU1744
 5272 055c 10F00070 		ands	r0, r0, #33554432
 5273 0560 7FD0     		beq	.L306
ARM GAS  C:\Users\jason\AppData\Local\Temp\ccSG31kR.s 			page 191


2719:Drivers/STM32H7xx_HAL_Driver/Src/stm32h7xx_hal_rcc_ex.c ****           frequency = pll1_clocks.PLL1_Q_Frequency;
 5274              		.loc 1 2719 11 is_stmt 1 view .LVU1745
 5275 0562 07A8     		add	r0, sp, #28
 5276 0564 FFF7FEFF 		bl	HAL_RCCEx_GetPLL1ClockFreq
 5277              	.LVL588:
2720:Drivers/STM32H7xx_HAL_Driver/Src/stm32h7xx_hal_rcc_ex.c ****         }
 5278              		.loc 1 2720 11 view .LVU1746
2720:Drivers/STM32H7xx_HAL_Driver/Src/stm32h7xx_hal_rcc_ex.c ****         }
 5279              		.loc 1 2720 21 is_stmt 0 view .LVU1747
 5280 0568 0898     		ldr	r0, [sp, #32]
 5281              	.LVL589:
2720:Drivers/STM32H7xx_HAL_Driver/Src/stm32h7xx_hal_rcc_ex.c ****         }
 5282              		.loc 1 2720 21 view .LVU1748
 5283 056a 7AE0     		b	.L306
 5284              	.LVL590:
 5285              	.L363:
2730:Drivers/STM32H7xx_HAL_Driver/Src/stm32h7xx_hal_rcc_ex.c ****         {
 5286              		.loc 1 2730 9 is_stmt 1 view .LVU1749
2730:Drivers/STM32H7xx_HAL_Driver/Src/stm32h7xx_hal_rcc_ex.c ****         {
 5287              		.loc 1 2730 13 is_stmt 0 view .LVU1750
 5288 056c 564B     		ldr	r3, .L434
 5289              	.LVL591:
2730:Drivers/STM32H7xx_HAL_Driver/Src/stm32h7xx_hal_rcc_ex.c ****         {
 5290              		.loc 1 2730 13 view .LVU1751
 5291 056e 1868     		ldr	r0, [r3]
 5292              	.LVL592:
2730:Drivers/STM32H7xx_HAL_Driver/Src/stm32h7xx_hal_rcc_ex.c ****         {
 5293              		.loc 1 2730 12 view .LVU1752
 5294 0570 10F00060 		ands	r0, r0, #134217728
 5295 0574 75D0     		beq	.L306
2732:Drivers/STM32H7xx_HAL_Driver/Src/stm32h7xx_hal_rcc_ex.c ****           frequency = pll2_clocks.PLL2_R_Frequency;
 5296              		.loc 1 2732 11 is_stmt 1 view .LVU1753
 5297 0576 04A8     		add	r0, sp, #16
 5298 0578 FFF7FEFF 		bl	HAL_RCCEx_GetPLL2ClockFreq
 5299              	.LVL593:
2733:Drivers/STM32H7xx_HAL_Driver/Src/stm32h7xx_hal_rcc_ex.c ****         }
 5300              		.loc 1 2733 11 view .LVU1754
2733:Drivers/STM32H7xx_HAL_Driver/Src/stm32h7xx_hal_rcc_ex.c ****         }
 5301              		.loc 1 2733 21 is_stmt 0 view .LVU1755
 5302 057c 0698     		ldr	r0, [sp, #24]
 5303              	.LVL594:
2733:Drivers/STM32H7xx_HAL_Driver/Src/stm32h7xx_hal_rcc_ex.c ****         }
 5304              		.loc 1 2733 21 view .LVU1756
 5305 057e 70E0     		b	.L306
 5306              	.LVL595:
 5307              	.L409:
2752:Drivers/STM32H7xx_HAL_Driver/Src/stm32h7xx_hal_rcc_ex.c **** 
 5308              		.loc 1 2752 5 is_stmt 1 view .LVU1757
2752:Drivers/STM32H7xx_HAL_Driver/Src/stm32h7xx_hal_rcc_ex.c **** 
 5309              		.loc 1 2752 14 is_stmt 0 view .LVU1758
 5310 0580 514B     		ldr	r3, .L434
 5311 0582 9B6D     		ldr	r3, [r3, #88]
2752:Drivers/STM32H7xx_HAL_Driver/Src/stm32h7xx_hal_rcc_ex.c **** 
 5312              		.loc 1 2752 12 view .LVU1759
 5313 0584 03F0E043 		and	r3, r3, #1879048192
 5314              	.LVL596:
2754:Drivers/STM32H7xx_HAL_Driver/Src/stm32h7xx_hal_rcc_ex.c ****     {
ARM GAS  C:\Users\jason\AppData\Local\Temp\ccSG31kR.s 			page 192


 5315              		.loc 1 2754 5 is_stmt 1 view .LVU1760
 5316 0588 B3F1405F 		cmp	r3, #805306368
 5317 058c 2FD0     		beq	.L365
 5318 058e 0BD8     		bhi	.L366
 5319 0590 B3F1805F 		cmp	r3, #268435456
 5320 0594 17D0     		beq	.L367
 5321 0596 B3F1005F 		cmp	r3, #536870912
 5322 059a 1ED0     		beq	.L368
 5323 059c 13B9     		cbnz	r3, .L428
2758:Drivers/STM32H7xx_HAL_Driver/Src/stm32h7xx_hal_rcc_ex.c ****         break;
 5324              		.loc 1 2758 9 view .LVU1761
2758:Drivers/STM32H7xx_HAL_Driver/Src/stm32h7xx_hal_rcc_ex.c ****         break;
 5325              		.loc 1 2758 21 is_stmt 0 view .LVU1762
 5326 059e FFF7FEFF 		bl	HAL_RCCEx_GetD3PCLK1Freq
 5327              	.LVL597:
2759:Drivers/STM32H7xx_HAL_Driver/Src/stm32h7xx_hal_rcc_ex.c ****       }
 5328              		.loc 1 2759 9 is_stmt 1 view .LVU1763
 5329 05a2 5EE0     		b	.L306
 5330              	.LVL598:
 5331              	.L428:
2754:Drivers/STM32H7xx_HAL_Driver/Src/stm32h7xx_hal_rcc_ex.c ****     {
 5332              		.loc 1 2754 5 is_stmt 0 view .LVU1764
 5333 05a4 0020     		movs	r0, #0
 5334              	.LVL599:
2754:Drivers/STM32H7xx_HAL_Driver/Src/stm32h7xx_hal_rcc_ex.c ****     {
 5335              		.loc 1 2754 5 view .LVU1765
 5336 05a6 5CE0     		b	.L306
 5337              	.LVL600:
 5338              	.L366:
2754:Drivers/STM32H7xx_HAL_Driver/Src/stm32h7xx_hal_rcc_ex.c ****     {
 5339              		.loc 1 2754 5 view .LVU1766
 5340 05a8 B3F1804F 		cmp	r3, #1073741824
 5341 05ac 2AD0     		beq	.L370
 5342 05ae B3F1A04F 		cmp	r3, #1342177280
 5343 05b2 06D1     		bne	.L429
2813:Drivers/STM32H7xx_HAL_Driver/Src/stm32h7xx_hal_rcc_ex.c ****         {
 5344              		.loc 1 2813 9 is_stmt 1 view .LVU1767
2813:Drivers/STM32H7xx_HAL_Driver/Src/stm32h7xx_hal_rcc_ex.c ****         {
 5345              		.loc 1 2813 13 is_stmt 0 view .LVU1768
 5346 05b4 444B     		ldr	r3, .L434
 5347              	.LVL601:
2813:Drivers/STM32H7xx_HAL_Driver/Src/stm32h7xx_hal_rcc_ex.c ****         {
 5348              		.loc 1 2813 13 view .LVU1769
 5349 05b6 1868     		ldr	r0, [r3]
 5350              	.LVL602:
2813:Drivers/STM32H7xx_HAL_Driver/Src/stm32h7xx_hal_rcc_ex.c ****         {
 5351              		.loc 1 2813 12 view .LVU1770
 5352 05b8 10F40030 		ands	r0, r0, #131072
 5353 05bc 51D0     		beq	.L306
2815:Drivers/STM32H7xx_HAL_Driver/Src/stm32h7xx_hal_rcc_ex.c ****         }
 5354              		.loc 1 2815 21 view .LVU1771
 5355 05be 4348     		ldr	r0, .L434+4
 5356 05c0 4FE0     		b	.L306
 5357              	.LVL603:
 5358              	.L429:
2754:Drivers/STM32H7xx_HAL_Driver/Src/stm32h7xx_hal_rcc_ex.c ****     {
 5359              		.loc 1 2754 5 view .LVU1772
ARM GAS  C:\Users\jason\AppData\Local\Temp\ccSG31kR.s 			page 193


 5360 05c2 0020     		movs	r0, #0
 5361              	.LVL604:
2754:Drivers/STM32H7xx_HAL_Driver/Src/stm32h7xx_hal_rcc_ex.c ****     {
 5362              		.loc 1 2754 5 view .LVU1773
 5363 05c4 4DE0     		b	.L306
 5364              	.LVL605:
 5365              	.L367:
2763:Drivers/STM32H7xx_HAL_Driver/Src/stm32h7xx_hal_rcc_ex.c ****         {
 5366              		.loc 1 2763 9 is_stmt 1 view .LVU1774
2763:Drivers/STM32H7xx_HAL_Driver/Src/stm32h7xx_hal_rcc_ex.c ****         {
 5367              		.loc 1 2763 13 is_stmt 0 view .LVU1775
 5368 05c6 404B     		ldr	r3, .L434
 5369              	.LVL606:
2763:Drivers/STM32H7xx_HAL_Driver/Src/stm32h7xx_hal_rcc_ex.c ****         {
 5370              		.loc 1 2763 13 view .LVU1776
 5371 05c8 1868     		ldr	r0, [r3]
 5372              	.LVL607:
2763:Drivers/STM32H7xx_HAL_Driver/Src/stm32h7xx_hal_rcc_ex.c ****         {
 5373              		.loc 1 2763 12 view .LVU1777
 5374 05ca 10F00060 		ands	r0, r0, #134217728
 5375 05ce 48D0     		beq	.L306
2765:Drivers/STM32H7xx_HAL_Driver/Src/stm32h7xx_hal_rcc_ex.c ****           frequency = pll2_clocks.PLL2_Q_Frequency;
 5376              		.loc 1 2765 11 is_stmt 1 view .LVU1778
 5377 05d0 04A8     		add	r0, sp, #16
 5378 05d2 FFF7FEFF 		bl	HAL_RCCEx_GetPLL2ClockFreq
 5379              	.LVL608:
2766:Drivers/STM32H7xx_HAL_Driver/Src/stm32h7xx_hal_rcc_ex.c ****         }
 5380              		.loc 1 2766 11 view .LVU1779
2766:Drivers/STM32H7xx_HAL_Driver/Src/stm32h7xx_hal_rcc_ex.c ****         }
 5381              		.loc 1 2766 21 is_stmt 0 view .LVU1780
 5382 05d6 0598     		ldr	r0, [sp, #20]
 5383              	.LVL609:
2766:Drivers/STM32H7xx_HAL_Driver/Src/stm32h7xx_hal_rcc_ex.c ****         }
 5384              		.loc 1 2766 21 view .LVU1781
 5385 05d8 43E0     		b	.L306
 5386              	.LVL610:
 5387              	.L368:
2776:Drivers/STM32H7xx_HAL_Driver/Src/stm32h7xx_hal_rcc_ex.c ****         {
 5388              		.loc 1 2776 9 is_stmt 1 view .LVU1782
2776:Drivers/STM32H7xx_HAL_Driver/Src/stm32h7xx_hal_rcc_ex.c ****         {
 5389              		.loc 1 2776 13 is_stmt 0 view .LVU1783
 5390 05da 3B4B     		ldr	r3, .L434
 5391              	.LVL611:
2776:Drivers/STM32H7xx_HAL_Driver/Src/stm32h7xx_hal_rcc_ex.c ****         {
 5392              		.loc 1 2776 13 view .LVU1784
 5393 05dc 1868     		ldr	r0, [r3]
 5394              	.LVL612:
2776:Drivers/STM32H7xx_HAL_Driver/Src/stm32h7xx_hal_rcc_ex.c ****         {
 5395              		.loc 1 2776 12 view .LVU1785
 5396 05de 10F00050 		ands	r0, r0, #536870912
 5397 05e2 3ED0     		beq	.L306
2778:Drivers/STM32H7xx_HAL_Driver/Src/stm32h7xx_hal_rcc_ex.c ****           frequency = pll3_clocks.PLL3_Q_Frequency;
 5398              		.loc 1 2778 11 is_stmt 1 view .LVU1786
 5399 05e4 01A8     		add	r0, sp, #4
 5400 05e6 FFF7FEFF 		bl	HAL_RCCEx_GetPLL3ClockFreq
 5401              	.LVL613:
2779:Drivers/STM32H7xx_HAL_Driver/Src/stm32h7xx_hal_rcc_ex.c ****         }
ARM GAS  C:\Users\jason\AppData\Local\Temp\ccSG31kR.s 			page 194


 5402              		.loc 1 2779 11 view .LVU1787
2779:Drivers/STM32H7xx_HAL_Driver/Src/stm32h7xx_hal_rcc_ex.c ****         }
 5403              		.loc 1 2779 21 is_stmt 0 view .LVU1788
 5404 05ea 0298     		ldr	r0, [sp, #8]
 5405              	.LVL614:
2779:Drivers/STM32H7xx_HAL_Driver/Src/stm32h7xx_hal_rcc_ex.c ****         }
 5406              		.loc 1 2779 21 view .LVU1789
 5407 05ec 39E0     		b	.L306
 5408              	.LVL615:
 5409              	.L365:
2789:Drivers/STM32H7xx_HAL_Driver/Src/stm32h7xx_hal_rcc_ex.c ****         {
 5410              		.loc 1 2789 9 is_stmt 1 view .LVU1790
2789:Drivers/STM32H7xx_HAL_Driver/Src/stm32h7xx_hal_rcc_ex.c ****         {
 5411              		.loc 1 2789 13 is_stmt 0 view .LVU1791
 5412 05ee 364B     		ldr	r3, .L434
 5413              	.LVL616:
2789:Drivers/STM32H7xx_HAL_Driver/Src/stm32h7xx_hal_rcc_ex.c ****         {
 5414              		.loc 1 2789 13 view .LVU1792
 5415 05f0 1868     		ldr	r0, [r3]
 5416              	.LVL617:
2789:Drivers/STM32H7xx_HAL_Driver/Src/stm32h7xx_hal_rcc_ex.c ****         {
 5417              		.loc 1 2789 12 view .LVU1793
 5418 05f2 10F00400 		ands	r0, r0, #4
 5419 05f6 34D0     		beq	.L306
2791:Drivers/STM32H7xx_HAL_Driver/Src/stm32h7xx_hal_rcc_ex.c ****         }
 5420              		.loc 1 2791 11 is_stmt 1 view .LVU1794
2791:Drivers/STM32H7xx_HAL_Driver/Src/stm32h7xx_hal_rcc_ex.c ****         }
 5421              		.loc 1 2791 38 is_stmt 0 view .LVU1795
 5422 05f8 1B68     		ldr	r3, [r3]
2791:Drivers/STM32H7xx_HAL_Driver/Src/stm32h7xx_hal_rcc_ex.c ****         }
 5423              		.loc 1 2791 66 view .LVU1796
 5424 05fa C3F3C103 		ubfx	r3, r3, #3, #2
2791:Drivers/STM32H7xx_HAL_Driver/Src/stm32h7xx_hal_rcc_ex.c ****         }
 5425              		.loc 1 2791 21 view .LVU1797
 5426 05fe 3448     		ldr	r0, .L434+8
 5427 0600 D840     		lsrs	r0, r0, r3
 5428              	.LVL618:
2791:Drivers/STM32H7xx_HAL_Driver/Src/stm32h7xx_hal_rcc_ex.c ****         }
 5429              		.loc 1 2791 21 view .LVU1798
 5430 0602 2EE0     		b	.L306
 5431              	.LVL619:
 5432              	.L370:
2801:Drivers/STM32H7xx_HAL_Driver/Src/stm32h7xx_hal_rcc_ex.c ****         {
 5433              		.loc 1 2801 9 is_stmt 1 view .LVU1799
2801:Drivers/STM32H7xx_HAL_Driver/Src/stm32h7xx_hal_rcc_ex.c ****         {
 5434              		.loc 1 2801 13 is_stmt 0 view .LVU1800
 5435 0604 304B     		ldr	r3, .L434
 5436              	.LVL620:
2801:Drivers/STM32H7xx_HAL_Driver/Src/stm32h7xx_hal_rcc_ex.c ****         {
 5437              		.loc 1 2801 13 view .LVU1801
 5438 0606 1868     		ldr	r0, [r3]
 5439              	.LVL621:
2801:Drivers/STM32H7xx_HAL_Driver/Src/stm32h7xx_hal_rcc_ex.c ****         {
 5440              		.loc 1 2801 12 view .LVU1802
 5441 0608 10F48070 		ands	r0, r0, #256
 5442 060c 29D0     		beq	.L306
2803:Drivers/STM32H7xx_HAL_Driver/Src/stm32h7xx_hal_rcc_ex.c ****         }
ARM GAS  C:\Users\jason\AppData\Local\Temp\ccSG31kR.s 			page 195


 5443              		.loc 1 2803 21 view .LVU1803
 5444 060e 3148     		ldr	r0, .L434+12
 5445 0610 27E0     		b	.L306
 5446              	.LVL622:
 5447              	.L410:
2840:Drivers/STM32H7xx_HAL_Driver/Src/stm32h7xx_hal_rcc_ex.c **** 
 5448              		.loc 1 2840 5 is_stmt 1 view .LVU1804
2840:Drivers/STM32H7xx_HAL_Driver/Src/stm32h7xx_hal_rcc_ex.c **** 
 5449              		.loc 1 2840 14 is_stmt 0 view .LVU1805
 5450 0612 2D4B     		ldr	r3, .L434
 5451 0614 1B6D     		ldr	r3, [r3, #80]
2840:Drivers/STM32H7xx_HAL_Driver/Src/stm32h7xx_hal_rcc_ex.c **** 
 5452              		.loc 1 2840 12 view .LVU1806
 5453 0616 03F04053 		and	r3, r3, #805306368
 5454              	.LVL623:
2842:Drivers/STM32H7xx_HAL_Driver/Src/stm32h7xx_hal_rcc_ex.c ****     {
 5455              		.loc 1 2842 5 is_stmt 1 view .LVU1807
 5456 061a B3F1805F 		cmp	r3, #268435456
 5457 061e 0BD0     		beq	.L372
 5458 0620 B3F1005F 		cmp	r3, #536870912
 5459 0624 12D0     		beq	.L373
 5460 0626 002B     		cmp	r3, #0
 5461 0628 4BD1     		bne	.L399
2846:Drivers/STM32H7xx_HAL_Driver/Src/stm32h7xx_hal_rcc_ex.c ****         {
 5462              		.loc 1 2846 9 view .LVU1808
2846:Drivers/STM32H7xx_HAL_Driver/Src/stm32h7xx_hal_rcc_ex.c ****         {
 5463              		.loc 1 2846 13 is_stmt 0 view .LVU1809
 5464 062a 274B     		ldr	r3, .L434
 5465              	.LVL624:
2846:Drivers/STM32H7xx_HAL_Driver/Src/stm32h7xx_hal_rcc_ex.c ****         {
 5466              		.loc 1 2846 13 view .LVU1810
 5467 062c 1868     		ldr	r0, [r3]
2846:Drivers/STM32H7xx_HAL_Driver/Src/stm32h7xx_hal_rcc_ex.c ****         {
 5468              		.loc 1 2846 12 view .LVU1811
 5469 062e 10F40030 		ands	r0, r0, #131072
 5470 0632 16D0     		beq	.L306
2848:Drivers/STM32H7xx_HAL_Driver/Src/stm32h7xx_hal_rcc_ex.c ****         }
 5471              		.loc 1 2848 21 view .LVU1812
 5472 0634 2548     		ldr	r0, .L434+4
 5473 0636 14E0     		b	.L306
 5474              	.LVL625:
 5475              	.L372:
2858:Drivers/STM32H7xx_HAL_Driver/Src/stm32h7xx_hal_rcc_ex.c ****         {
 5476              		.loc 1 2858 9 is_stmt 1 view .LVU1813
2858:Drivers/STM32H7xx_HAL_Driver/Src/stm32h7xx_hal_rcc_ex.c ****         {
 5477              		.loc 1 2858 13 is_stmt 0 view .LVU1814
 5478 0638 234B     		ldr	r3, .L434
 5479              	.LVL626:
2858:Drivers/STM32H7xx_HAL_Driver/Src/stm32h7xx_hal_rcc_ex.c ****         {
 5480              		.loc 1 2858 13 view .LVU1815
 5481 063a 1868     		ldr	r0, [r3]
2858:Drivers/STM32H7xx_HAL_Driver/Src/stm32h7xx_hal_rcc_ex.c ****         {
 5482              		.loc 1 2858 12 view .LVU1816
 5483 063c 10F00070 		ands	r0, r0, #33554432
 5484 0640 0FD0     		beq	.L306
2860:Drivers/STM32H7xx_HAL_Driver/Src/stm32h7xx_hal_rcc_ex.c ****           frequency = pll1_clocks.PLL1_Q_Frequency;
 5485              		.loc 1 2860 11 is_stmt 1 view .LVU1817
ARM GAS  C:\Users\jason\AppData\Local\Temp\ccSG31kR.s 			page 196


 5486 0642 07A8     		add	r0, sp, #28
 5487 0644 FFF7FEFF 		bl	HAL_RCCEx_GetPLL1ClockFreq
 5488              	.LVL627:
2861:Drivers/STM32H7xx_HAL_Driver/Src/stm32h7xx_hal_rcc_ex.c ****         }
 5489              		.loc 1 2861 11 view .LVU1818
2861:Drivers/STM32H7xx_HAL_Driver/Src/stm32h7xx_hal_rcc_ex.c ****         }
 5490              		.loc 1 2861 21 is_stmt 0 view .LVU1819
 5491 0648 0898     		ldr	r0, [sp, #32]
 5492              	.LVL628:
2861:Drivers/STM32H7xx_HAL_Driver/Src/stm32h7xx_hal_rcc_ex.c ****         }
 5493              		.loc 1 2861 21 view .LVU1820
 5494 064a 0AE0     		b	.L306
 5495              	.LVL629:
 5496              	.L373:
2871:Drivers/STM32H7xx_HAL_Driver/Src/stm32h7xx_hal_rcc_ex.c ****         {
 5497              		.loc 1 2871 9 is_stmt 1 view .LVU1821
2871:Drivers/STM32H7xx_HAL_Driver/Src/stm32h7xx_hal_rcc_ex.c ****         {
 5498              		.loc 1 2871 13 is_stmt 0 view .LVU1822
 5499 064c 1E4B     		ldr	r3, .L434
 5500              	.LVL630:
2871:Drivers/STM32H7xx_HAL_Driver/Src/stm32h7xx_hal_rcc_ex.c ****         {
 5501              		.loc 1 2871 13 view .LVU1823
 5502 064e 1868     		ldr	r0, [r3]
2871:Drivers/STM32H7xx_HAL_Driver/Src/stm32h7xx_hal_rcc_ex.c ****         {
 5503              		.loc 1 2871 12 view .LVU1824
 5504 0650 10F00060 		ands	r0, r0, #134217728
 5505 0654 05D0     		beq	.L306
2873:Drivers/STM32H7xx_HAL_Driver/Src/stm32h7xx_hal_rcc_ex.c ****           frequency = pll2_clocks.PLL2_Q_Frequency;
 5506              		.loc 1 2873 11 is_stmt 1 view .LVU1825
 5507 0656 04A8     		add	r0, sp, #16
 5508 0658 FFF7FEFF 		bl	HAL_RCCEx_GetPLL2ClockFreq
 5509              	.LVL631:
2874:Drivers/STM32H7xx_HAL_Driver/Src/stm32h7xx_hal_rcc_ex.c ****         }
 5510              		.loc 1 2874 11 view .LVU1826
2874:Drivers/STM32H7xx_HAL_Driver/Src/stm32h7xx_hal_rcc_ex.c ****         }
 5511              		.loc 1 2874 21 is_stmt 0 view .LVU1827
 5512 065c 0598     		ldr	r0, [sp, #20]
 5513              	.LVL632:
2874:Drivers/STM32H7xx_HAL_Driver/Src/stm32h7xx_hal_rcc_ex.c ****         }
 5514              		.loc 1 2874 21 view .LVU1828
 5515 065e 00E0     		b	.L306
 5516              	.LVL633:
 5517              	.L374:
1899:Drivers/STM32H7xx_HAL_Driver/Src/stm32h7xx_hal_rcc_ex.c ****     {
 5518              		.loc 1 1899 5 view .LVU1829
 5519 0660 1D48     		ldr	r0, .L434+16
 5520              	.LVL634:
 5521              	.L306:
2895:Drivers/STM32H7xx_HAL_Driver/Src/stm32h7xx_hal_rcc_ex.c **** 
 5522              		.loc 1 2895 1 view .LVU1830
 5523 0662 0BB0     		add	sp, sp, #44
 5524              		.cfi_remember_state
 5525              		.cfi_def_cfa_offset 4
 5526              		@ sp needed
 5527 0664 00BD     		pop	{pc}
 5528              	.LVL635:
 5529              	.L375:
ARM GAS  C:\Users\jason\AppData\Local\Temp\ccSG31kR.s 			page 197


 5530              		.cfi_restore_state
1956:Drivers/STM32H7xx_HAL_Driver/Src/stm32h7xx_hal_rcc_ex.c ****         }
 5531              		.loc 1 1956 21 view .LVU1831
 5532 0666 1B48     		ldr	r0, .L434+12
 5533              	.LVL636:
1956:Drivers/STM32H7xx_HAL_Driver/Src/stm32h7xx_hal_rcc_ex.c ****         }
 5534              		.loc 1 1956 21 view .LVU1832
 5535 0668 FBE7     		b	.L306
 5536              	.LVL637:
 5537              	.L376:
1968:Drivers/STM32H7xx_HAL_Driver/Src/stm32h7xx_hal_rcc_ex.c ****         }
 5538              		.loc 1 1968 21 view .LVU1833
 5539 066a 0020     		movs	r0, #0
 5540              	.LVL638:
1968:Drivers/STM32H7xx_HAL_Driver/Src/stm32h7xx_hal_rcc_ex.c ****         }
 5541              		.loc 1 1968 21 view .LVU1834
 5542 066c F9E7     		b	.L306
 5543              	.LVL639:
 5544              	.L377:
1962:Drivers/STM32H7xx_HAL_Driver/Src/stm32h7xx_hal_rcc_ex.c ****         }
 5545              		.loc 1 1962 21 view .LVU1835
 5546 066e 1748     		ldr	r0, .L434+4
 5547              	.LVL640:
1962:Drivers/STM32H7xx_HAL_Driver/Src/stm32h7xx_hal_rcc_ex.c ****         }
 5548              		.loc 1 1962 21 view .LVU1836
 5549 0670 F7E7     		b	.L306
 5550              	.LVL641:
 5551              	.L378:
1993:Drivers/STM32H7xx_HAL_Driver/Src/stm32h7xx_hal_rcc_ex.c ****     {
 5552              		.loc 1 1993 5 view .LVU1837
 5553 0672 1948     		ldr	r0, .L434+16
 5554              	.LVL642:
1993:Drivers/STM32H7xx_HAL_Driver/Src/stm32h7xx_hal_rcc_ex.c ****     {
 5555              		.loc 1 1993 5 view .LVU1838
 5556 0674 F5E7     		b	.L306
 5557              	.LVL643:
 5558              	.L379:
2050:Drivers/STM32H7xx_HAL_Driver/Src/stm32h7xx_hal_rcc_ex.c ****         }
 5559              		.loc 1 2050 21 view .LVU1839
 5560 0676 1748     		ldr	r0, .L434+12
 5561              	.LVL644:
2050:Drivers/STM32H7xx_HAL_Driver/Src/stm32h7xx_hal_rcc_ex.c ****         }
 5562              		.loc 1 2050 21 view .LVU1840
 5563 0678 F3E7     		b	.L306
 5564              	.LVL645:
 5565              	.L380:
2062:Drivers/STM32H7xx_HAL_Driver/Src/stm32h7xx_hal_rcc_ex.c ****         }
 5566              		.loc 1 2062 21 view .LVU1841
 5567 067a 0020     		movs	r0, #0
 5568              	.LVL646:
2062:Drivers/STM32H7xx_HAL_Driver/Src/stm32h7xx_hal_rcc_ex.c ****         }
 5569              		.loc 1 2062 21 view .LVU1842
 5570 067c F1E7     		b	.L306
 5571              	.LVL647:
 5572              	.L381:
2056:Drivers/STM32H7xx_HAL_Driver/Src/stm32h7xx_hal_rcc_ex.c ****         }
 5573              		.loc 1 2056 21 view .LVU1843
ARM GAS  C:\Users\jason\AppData\Local\Temp\ccSG31kR.s 			page 198


 5574 067e 1348     		ldr	r0, .L434+4
 5575              	.LVL648:
2056:Drivers/STM32H7xx_HAL_Driver/Src/stm32h7xx_hal_rcc_ex.c ****         }
 5576              		.loc 1 2056 21 view .LVU1844
 5577 0680 EFE7     		b	.L306
 5578              	.LVL649:
 5579              	.L382:
2280:Drivers/STM32H7xx_HAL_Driver/Src/stm32h7xx_hal_rcc_ex.c ****     {
 5580              		.loc 1 2280 5 view .LVU1845
 5581 0682 1548     		ldr	r0, .L434+16
 5582              	.LVL650:
2280:Drivers/STM32H7xx_HAL_Driver/Src/stm32h7xx_hal_rcc_ex.c ****     {
 5583              		.loc 1 2280 5 view .LVU1846
 5584 0684 EDE7     		b	.L306
 5585              	.LVL651:
 5586              	.L383:
2337:Drivers/STM32H7xx_HAL_Driver/Src/stm32h7xx_hal_rcc_ex.c ****         }
 5587              		.loc 1 2337 21 view .LVU1847
 5588 0686 1348     		ldr	r0, .L434+12
 5589              	.LVL652:
2337:Drivers/STM32H7xx_HAL_Driver/Src/stm32h7xx_hal_rcc_ex.c ****         }
 5590              		.loc 1 2337 21 view .LVU1848
 5591 0688 EBE7     		b	.L306
 5592              	.LVL653:
 5593              	.L384:
2349:Drivers/STM32H7xx_HAL_Driver/Src/stm32h7xx_hal_rcc_ex.c ****         }
 5594              		.loc 1 2349 21 view .LVU1849
 5595 068a 0020     		movs	r0, #0
 5596              	.LVL654:
2349:Drivers/STM32H7xx_HAL_Driver/Src/stm32h7xx_hal_rcc_ex.c ****         }
 5597              		.loc 1 2349 21 view .LVU1850
 5598 068c E9E7     		b	.L306
 5599              	.LVL655:
 5600              	.L385:
2343:Drivers/STM32H7xx_HAL_Driver/Src/stm32h7xx_hal_rcc_ex.c ****         }
 5601              		.loc 1 2343 21 view .LVU1851
 5602 068e 0F48     		ldr	r0, .L434+4
 5603              	.LVL656:
2343:Drivers/STM32H7xx_HAL_Driver/Src/stm32h7xx_hal_rcc_ex.c ****         }
 5604              		.loc 1 2343 21 view .LVU1852
 5605 0690 E7E7     		b	.L306
 5606              	.LVL657:
 5607              	.L386:
2374:Drivers/STM32H7xx_HAL_Driver/Src/stm32h7xx_hal_rcc_ex.c ****     {
 5608              		.loc 1 2374 5 view .LVU1853
 5609 0692 1148     		ldr	r0, .L434+16
 5610              	.LVL658:
2374:Drivers/STM32H7xx_HAL_Driver/Src/stm32h7xx_hal_rcc_ex.c ****     {
 5611              		.loc 1 2374 5 view .LVU1854
 5612 0694 E5E7     		b	.L306
 5613              	.LVL659:
 5614              	.L387:
2431:Drivers/STM32H7xx_HAL_Driver/Src/stm32h7xx_hal_rcc_ex.c ****         }
 5615              		.loc 1 2431 21 view .LVU1855
 5616 0696 0F48     		ldr	r0, .L434+12
 5617              	.LVL660:
2431:Drivers/STM32H7xx_HAL_Driver/Src/stm32h7xx_hal_rcc_ex.c ****         }
ARM GAS  C:\Users\jason\AppData\Local\Temp\ccSG31kR.s 			page 199


 5618              		.loc 1 2431 21 view .LVU1856
 5619 0698 E3E7     		b	.L306
 5620              	.LVL661:
 5621              	.L388:
2443:Drivers/STM32H7xx_HAL_Driver/Src/stm32h7xx_hal_rcc_ex.c ****         }
 5622              		.loc 1 2443 21 view .LVU1857
 5623 069a 0020     		movs	r0, #0
 5624              	.LVL662:
2443:Drivers/STM32H7xx_HAL_Driver/Src/stm32h7xx_hal_rcc_ex.c ****         }
 5625              		.loc 1 2443 21 view .LVU1858
 5626 069c E1E7     		b	.L306
 5627              	.LVL663:
 5628              	.L389:
2437:Drivers/STM32H7xx_HAL_Driver/Src/stm32h7xx_hal_rcc_ex.c ****         }
 5629              		.loc 1 2437 21 view .LVU1859
 5630 069e 0B48     		ldr	r0, .L434+4
 5631              	.LVL664:
2437:Drivers/STM32H7xx_HAL_Driver/Src/stm32h7xx_hal_rcc_ex.c ****         }
 5632              		.loc 1 2437 21 view .LVU1860
 5633 06a0 DFE7     		b	.L306
 5634              	.LVL665:
 5635              	.L390:
2468:Drivers/STM32H7xx_HAL_Driver/Src/stm32h7xx_hal_rcc_ex.c ****     {
 5636              		.loc 1 2468 5 view .LVU1861
 5637 06a2 0D48     		ldr	r0, .L434+16
 5638              	.LVL666:
2468:Drivers/STM32H7xx_HAL_Driver/Src/stm32h7xx_hal_rcc_ex.c ****     {
 5639              		.loc 1 2468 5 view .LVU1862
 5640 06a4 DDE7     		b	.L306
 5641              	.LVL667:
 5642              	.L391:
2525:Drivers/STM32H7xx_HAL_Driver/Src/stm32h7xx_hal_rcc_ex.c ****         }
 5643              		.loc 1 2525 21 view .LVU1863
 5644 06a6 0B48     		ldr	r0, .L434+12
 5645              	.LVL668:
2525:Drivers/STM32H7xx_HAL_Driver/Src/stm32h7xx_hal_rcc_ex.c ****         }
 5646              		.loc 1 2525 21 view .LVU1864
 5647 06a8 DBE7     		b	.L306
 5648              	.LVL669:
 5649              	.L392:
2537:Drivers/STM32H7xx_HAL_Driver/Src/stm32h7xx_hal_rcc_ex.c ****         }
 5650              		.loc 1 2537 21 view .LVU1865
 5651 06aa 0020     		movs	r0, #0
 5652              	.LVL670:
2537:Drivers/STM32H7xx_HAL_Driver/Src/stm32h7xx_hal_rcc_ex.c ****         }
 5653              		.loc 1 2537 21 view .LVU1866
 5654 06ac D9E7     		b	.L306
 5655              	.LVL671:
 5656              	.L393:
2531:Drivers/STM32H7xx_HAL_Driver/Src/stm32h7xx_hal_rcc_ex.c ****         }
 5657              		.loc 1 2531 21 view .LVU1867
 5658 06ae 0748     		ldr	r0, .L434+4
 5659              	.LVL672:
2531:Drivers/STM32H7xx_HAL_Driver/Src/stm32h7xx_hal_rcc_ex.c ****         }
 5660              		.loc 1 2531 21 view .LVU1868
 5661 06b0 D7E7     		b	.L306
 5662              	.LVL673:
ARM GAS  C:\Users\jason\AppData\Local\Temp\ccSG31kR.s 			page 200


 5663              	.L394:
2640:Drivers/STM32H7xx_HAL_Driver/Src/stm32h7xx_hal_rcc_ex.c ****     {
 5664              		.loc 1 2640 5 view .LVU1869
 5665 06b2 0020     		movs	r0, #0
 5666              	.LVL674:
2640:Drivers/STM32H7xx_HAL_Driver/Src/stm32h7xx_hal_rcc_ex.c ****     {
 5667              		.loc 1 2640 5 view .LVU1870
 5668 06b4 D5E7     		b	.L306
 5669              	.LVL675:
 5670              	.L395:
2683:Drivers/STM32H7xx_HAL_Driver/Src/stm32h7xx_hal_rcc_ex.c ****         }
 5671              		.loc 1 2683 21 view .LVU1871
 5672 06b6 0748     		ldr	r0, .L434+12
 5673              	.LVL676:
2683:Drivers/STM32H7xx_HAL_Driver/Src/stm32h7xx_hal_rcc_ex.c ****         }
 5674              		.loc 1 2683 21 view .LVU1872
 5675 06b8 D3E7     		b	.L306
 5676              	.LVL677:
 5677              	.L396:
2695:Drivers/STM32H7xx_HAL_Driver/Src/stm32h7xx_hal_rcc_ex.c ****         }
 5678              		.loc 1 2695 21 view .LVU1873
 5679 06ba 0020     		movs	r0, #0
 5680              	.LVL678:
2695:Drivers/STM32H7xx_HAL_Driver/Src/stm32h7xx_hal_rcc_ex.c ****         }
 5681              		.loc 1 2695 21 view .LVU1874
 5682 06bc D1E7     		b	.L306
 5683              	.LVL679:
 5684              	.L397:
2689:Drivers/STM32H7xx_HAL_Driver/Src/stm32h7xx_hal_rcc_ex.c ****         }
 5685              		.loc 1 2689 21 view .LVU1875
 5686 06be 0348     		ldr	r0, .L434+4
 5687              	.LVL680:
2689:Drivers/STM32H7xx_HAL_Driver/Src/stm32h7xx_hal_rcc_ex.c ****         }
 5688              		.loc 1 2689 21 view .LVU1876
 5689 06c0 CFE7     		b	.L306
 5690              	.LVL681:
 5691              	.L399:
2842:Drivers/STM32H7xx_HAL_Driver/Src/stm32h7xx_hal_rcc_ex.c ****     {
 5692              		.loc 1 2842 5 view .LVU1877
 5693 06c2 0020     		movs	r0, #0
 5694              	.LVL682:
2894:Drivers/STM32H7xx_HAL_Driver/Src/stm32h7xx_hal_rcc_ex.c **** }
 5695              		.loc 1 2894 3 is_stmt 1 view .LVU1878
2894:Drivers/STM32H7xx_HAL_Driver/Src/stm32h7xx_hal_rcc_ex.c **** }
 5696              		.loc 1 2894 10 is_stmt 0 view .LVU1879
 5697 06c4 CDE7     		b	.L306
 5698              	.L435:
 5699 06c6 00BF     		.align	2
 5700              	.L434:
 5701 06c8 00440258 		.word	1476543488
 5702 06cc 0024F400 		.word	16000000
 5703 06d0 0090D003 		.word	64000000
 5704 06d4 00093D00 		.word	4000000
 5705 06d8 0080BB00 		.word	12288000
 5706              		.cfi_endproc
 5707              	.LFE146:
 5709              		.section	.text.HAL_RCCEx_GetD1SysClockFreq,"ax",%progbits
ARM GAS  C:\Users\jason\AppData\Local\Temp\ccSG31kR.s 			page 201


 5710              		.align	1
 5711              		.global	HAL_RCCEx_GetD1SysClockFreq
 5712              		.syntax unified
 5713              		.thumb
 5714              		.thumb_func
 5716              	HAL_RCCEx_GetD1SysClockFreq:
 5717              	.LFB152:
3144:Drivers/STM32H7xx_HAL_Driver/Src/stm32h7xx_hal_rcc_ex.c ****   uint32_t common_system_clock;
 5718              		.loc 1 3144 1 is_stmt 1 view -0
 5719              		.cfi_startproc
 5720              		@ args = 0, pretend = 0, frame = 0
 5721              		@ frame_needed = 0, uses_anonymous_args = 0
 5722 0000 08B5     		push	{r3, lr}
 5723              		.cfi_def_cfa_offset 8
 5724              		.cfi_offset 3, -8
 5725              		.cfi_offset 14, -4
3145:Drivers/STM32H7xx_HAL_Driver/Src/stm32h7xx_hal_rcc_ex.c **** 
 5726              		.loc 1 3145 3 view .LVU1881
3148:Drivers/STM32H7xx_HAL_Driver/Src/stm32h7xx_hal_rcc_ex.c **** #else
 5727              		.loc 1 3148 3 view .LVU1882
3148:Drivers/STM32H7xx_HAL_Driver/Src/stm32h7xx_hal_rcc_ex.c **** #else
 5728              		.loc 1 3148 25 is_stmt 0 view .LVU1883
 5729 0002 FFF7FEFF 		bl	HAL_RCC_GetSysClockFreq
 5730              	.LVL683:
3148:Drivers/STM32H7xx_HAL_Driver/Src/stm32h7xx_hal_rcc_ex.c **** #else
 5731              		.loc 1 3148 76 discriminator 1 view .LVU1884
 5732 0006 0B49     		ldr	r1, .L438
 5733 0008 8B69     		ldr	r3, [r1, #24]
3148:Drivers/STM32H7xx_HAL_Driver/Src/stm32h7xx_hal_rcc_ex.c **** #else
 5734              		.loc 1 3148 106 discriminator 1 view .LVU1885
 5735 000a C3F30323 		ubfx	r3, r3, #8, #4
3148:Drivers/STM32H7xx_HAL_Driver/Src/stm32h7xx_hal_rcc_ex.c **** #else
 5736              		.loc 1 3148 71 discriminator 1 view .LVU1886
 5737 000e 0A4A     		ldr	r2, .L438+4
 5738 0010 D35C     		ldrb	r3, [r2, r3]	@ zero_extendqisi2
3148:Drivers/STM32H7xx_HAL_Driver/Src/stm32h7xx_hal_rcc_ex.c **** #else
 5739              		.loc 1 3148 132 discriminator 1 view .LVU1887
 5740 0012 03F01F03 		and	r3, r3, #31
3148:Drivers/STM32H7xx_HAL_Driver/Src/stm32h7xx_hal_rcc_ex.c **** #else
 5741              		.loc 1 3148 23 discriminator 1 view .LVU1888
 5742 0016 D840     		lsrs	r0, r0, r3
 5743              	.LVL684:
3155:Drivers/STM32H7xx_HAL_Driver/Src/stm32h7xx_hal_rcc_ex.c **** #else
 5744              		.loc 1 3155 3 is_stmt 1 view .LVU1889
3155:Drivers/STM32H7xx_HAL_Driver/Src/stm32h7xx_hal_rcc_ex.c **** #else
 5745              		.loc 1 3155 66 is_stmt 0 view .LVU1890
 5746 0018 8B69     		ldr	r3, [r1, #24]
3155:Drivers/STM32H7xx_HAL_Driver/Src/stm32h7xx_hal_rcc_ex.c **** #else
 5747              		.loc 1 3155 94 view .LVU1891
 5748 001a 03F00F03 		and	r3, r3, #15
3155:Drivers/STM32H7xx_HAL_Driver/Src/stm32h7xx_hal_rcc_ex.c **** #else
 5749              		.loc 1 3155 61 view .LVU1892
 5750 001e D35C     		ldrb	r3, [r2, r3]	@ zero_extendqisi2
3155:Drivers/STM32H7xx_HAL_Driver/Src/stm32h7xx_hal_rcc_ex.c **** #else
 5751              		.loc 1 3155 119 view .LVU1893
 5752 0020 03F01F03 		and	r3, r3, #31
3155:Drivers/STM32H7xx_HAL_Driver/Src/stm32h7xx_hal_rcc_ex.c **** #else
ARM GAS  C:\Users\jason\AppData\Local\Temp\ccSG31kR.s 			page 202


 5753              		.loc 1 3155 40 view .LVU1894
 5754 0024 20FA03F3 		lsr	r3, r0, r3
3155:Drivers/STM32H7xx_HAL_Driver/Src/stm32h7xx_hal_rcc_ex.c **** #else
 5755              		.loc 1 3155 17 view .LVU1895
 5756 0028 044A     		ldr	r2, .L438+8
 5757 002a 1360     		str	r3, [r2]
3163:Drivers/STM32H7xx_HAL_Driver/Src/stm32h7xx_hal_rcc_ex.c **** #endif /* DUAL_CORE && CORE_CM4 */
 5758              		.loc 1 3163 3 is_stmt 1 view .LVU1896
3163:Drivers/STM32H7xx_HAL_Driver/Src/stm32h7xx_hal_rcc_ex.c **** #endif /* DUAL_CORE && CORE_CM4 */
 5759              		.loc 1 3163 19 is_stmt 0 view .LVU1897
 5760 002c 044B     		ldr	r3, .L438+12
 5761 002e 1860     		str	r0, [r3]
3166:Drivers/STM32H7xx_HAL_Driver/Src/stm32h7xx_hal_rcc_ex.c **** }
 5762              		.loc 1 3166 3 is_stmt 1 view .LVU1898
3167:Drivers/STM32H7xx_HAL_Driver/Src/stm32h7xx_hal_rcc_ex.c **** /**
 5763              		.loc 1 3167 1 is_stmt 0 view .LVU1899
 5764 0030 08BD     		pop	{r3, pc}
 5765              	.L439:
 5766 0032 00BF     		.align	2
 5767              	.L438:
 5768 0034 00440258 		.word	1476543488
 5769 0038 00000000 		.word	D1CorePrescTable
 5770 003c 00000000 		.word	SystemD2Clock
 5771 0040 00000000 		.word	SystemCoreClock
 5772              		.cfi_endproc
 5773              	.LFE152:
 5775              		.section	.text.HAL_RCCEx_EnableLSECSS,"ax",%progbits
 5776              		.align	1
 5777              		.global	HAL_RCCEx_EnableLSECSS
 5778              		.syntax unified
 5779              		.thumb
 5780              		.thumb_func
 5782              	HAL_RCCEx_EnableLSECSS:
 5783              	.LFB153:
3184:Drivers/STM32H7xx_HAL_Driver/Src/stm32h7xx_hal_rcc_ex.c ****   SET_BIT(RCC->BDCR, RCC_BDCR_LSECSSON) ;
 5784              		.loc 1 3184 1 is_stmt 1 view -0
 5785              		.cfi_startproc
 5786              		@ args = 0, pretend = 0, frame = 0
 5787              		@ frame_needed = 0, uses_anonymous_args = 0
 5788              		@ link register save eliminated.
3185:Drivers/STM32H7xx_HAL_Driver/Src/stm32h7xx_hal_rcc_ex.c **** }
 5789              		.loc 1 3185 3 view .LVU1901
 5790 0000 024A     		ldr	r2, .L441
 5791 0002 136F     		ldr	r3, [r2, #112]
 5792 0004 43F02003 		orr	r3, r3, #32
 5793 0008 1367     		str	r3, [r2, #112]
3186:Drivers/STM32H7xx_HAL_Driver/Src/stm32h7xx_hal_rcc_ex.c **** 
 5794              		.loc 1 3186 1 is_stmt 0 view .LVU1902
 5795 000a 7047     		bx	lr
 5796              	.L442:
 5797              		.align	2
 5798              	.L441:
 5799 000c 00440258 		.word	1476543488
 5800              		.cfi_endproc
 5801              	.LFE153:
 5803              		.section	.text.HAL_RCCEx_DisableLSECSS,"ax",%progbits
 5804              		.align	1
ARM GAS  C:\Users\jason\AppData\Local\Temp\ccSG31kR.s 			page 203


 5805              		.global	HAL_RCCEx_DisableLSECSS
 5806              		.syntax unified
 5807              		.thumb
 5808              		.thumb_func
 5810              	HAL_RCCEx_DisableLSECSS:
 5811              	.LFB154:
3194:Drivers/STM32H7xx_HAL_Driver/Src/stm32h7xx_hal_rcc_ex.c ****   CLEAR_BIT(RCC->BDCR, RCC_BDCR_LSECSSON) ;
 5812              		.loc 1 3194 1 is_stmt 1 view -0
 5813              		.cfi_startproc
 5814              		@ args = 0, pretend = 0, frame = 0
 5815              		@ frame_needed = 0, uses_anonymous_args = 0
 5816              		@ link register save eliminated.
3195:Drivers/STM32H7xx_HAL_Driver/Src/stm32h7xx_hal_rcc_ex.c ****   /* Disable LSE CSS IT if any */
 5817              		.loc 1 3195 3 view .LVU1904
 5818 0000 044B     		ldr	r3, .L444
 5819 0002 1A6F     		ldr	r2, [r3, #112]
 5820 0004 22F02002 		bic	r2, r2, #32
 5821 0008 1A67     		str	r2, [r3, #112]
3197:Drivers/STM32H7xx_HAL_Driver/Src/stm32h7xx_hal_rcc_ex.c **** }
 5822              		.loc 1 3197 3 view .LVU1905
 5823 000a 1A6E     		ldr	r2, [r3, #96]
 5824 000c 22F40072 		bic	r2, r2, #512
 5825 0010 1A66     		str	r2, [r3, #96]
3198:Drivers/STM32H7xx_HAL_Driver/Src/stm32h7xx_hal_rcc_ex.c **** 
 5826              		.loc 1 3198 1 is_stmt 0 view .LVU1906
 5827 0012 7047     		bx	lr
 5828              	.L445:
 5829              		.align	2
 5830              	.L444:
 5831 0014 00440258 		.word	1476543488
 5832              		.cfi_endproc
 5833              	.LFE154:
 5835              		.section	.text.HAL_RCCEx_EnableLSECSS_IT,"ax",%progbits
 5836              		.align	1
 5837              		.global	HAL_RCCEx_EnableLSECSS_IT
 5838              		.syntax unified
 5839              		.thumb
 5840              		.thumb_func
 5842              	HAL_RCCEx_EnableLSECSS_IT:
 5843              	.LFB155:
3206:Drivers/STM32H7xx_HAL_Driver/Src/stm32h7xx_hal_rcc_ex.c ****   /* Enable LSE CSS */
 5844              		.loc 1 3206 1 is_stmt 1 view -0
 5845              		.cfi_startproc
 5846              		@ args = 0, pretend = 0, frame = 0
 5847              		@ frame_needed = 0, uses_anonymous_args = 0
 5848              		@ link register save eliminated.
3208:Drivers/STM32H7xx_HAL_Driver/Src/stm32h7xx_hal_rcc_ex.c **** 
 5849              		.loc 1 3208 3 view .LVU1908
 5850 0000 0A4B     		ldr	r3, .L447
 5851 0002 1A6F     		ldr	r2, [r3, #112]
 5852 0004 42F02002 		orr	r2, r2, #32
 5853 0008 1A67     		str	r2, [r3, #112]
3211:Drivers/STM32H7xx_HAL_Driver/Src/stm32h7xx_hal_rcc_ex.c **** 
 5854              		.loc 1 3211 3 view .LVU1909
 5855 000a 1A6E     		ldr	r2, [r3, #96]
 5856 000c 42F40072 		orr	r2, r2, #512
 5857 0010 1A66     		str	r2, [r3, #96]
ARM GAS  C:\Users\jason\AppData\Local\Temp\ccSG31kR.s 			page 204


3217:Drivers/STM32H7xx_HAL_Driver/Src/stm32h7xx_hal_rcc_ex.c **** #endif /* DUAL_CORE && CORE_CM4 */
 5858              		.loc 1 3217 3 view .LVU1910
 5859 0012 4FF0B043 		mov	r3, #1476395008
 5860 0016 D3F88020 		ldr	r2, [r3, #128]
 5861 001a 42F48022 		orr	r2, r2, #262144
 5862 001e C3F88020 		str	r2, [r3, #128]
3219:Drivers/STM32H7xx_HAL_Driver/Src/stm32h7xx_hal_rcc_ex.c **** }
 5863              		.loc 1 3219 3 view .LVU1911
 5864 0022 1A68     		ldr	r2, [r3]
 5865 0024 42F48022 		orr	r2, r2, #262144
 5866 0028 1A60     		str	r2, [r3]
3220:Drivers/STM32H7xx_HAL_Driver/Src/stm32h7xx_hal_rcc_ex.c **** 
 5867              		.loc 1 3220 1 is_stmt 0 view .LVU1912
 5868 002a 7047     		bx	lr
 5869              	.L448:
 5870              		.align	2
 5871              	.L447:
 5872 002c 00440258 		.word	1476543488
 5873              		.cfi_endproc
 5874              	.LFE155:
 5876              		.section	.text.HAL_RCCEx_WakeUpStopCLKConfig,"ax",%progbits
 5877              		.align	1
 5878              		.global	HAL_RCCEx_WakeUpStopCLKConfig
 5879              		.syntax unified
 5880              		.thumb
 5881              		.thumb_func
 5883              	HAL_RCCEx_WakeUpStopCLKConfig:
 5884              	.LVL685:
 5885              	.LFB156:
3233:Drivers/STM32H7xx_HAL_Driver/Src/stm32h7xx_hal_rcc_ex.c ****   assert_param(IS_RCC_STOP_WAKEUPCLOCK(WakeUpClk));
 5886              		.loc 1 3233 1 is_stmt 1 view -0
 5887              		.cfi_startproc
 5888              		@ args = 0, pretend = 0, frame = 0
 5889              		@ frame_needed = 0, uses_anonymous_args = 0
 5890              		@ link register save eliminated.
3234:Drivers/STM32H7xx_HAL_Driver/Src/stm32h7xx_hal_rcc_ex.c **** 
 5891              		.loc 1 3234 3 view .LVU1914
3236:Drivers/STM32H7xx_HAL_Driver/Src/stm32h7xx_hal_rcc_ex.c **** }
 5892              		.loc 1 3236 3 view .LVU1915
 5893 0000 034A     		ldr	r2, .L450
 5894 0002 1369     		ldr	r3, [r2, #16]
 5895 0004 23F04003 		bic	r3, r3, #64
 5896 0008 0343     		orrs	r3, r3, r0
 5897 000a 1361     		str	r3, [r2, #16]
3237:Drivers/STM32H7xx_HAL_Driver/Src/stm32h7xx_hal_rcc_ex.c **** 
 5898              		.loc 1 3237 1 is_stmt 0 view .LVU1916
 5899 000c 7047     		bx	lr
 5900              	.L451:
 5901 000e 00BF     		.align	2
 5902              	.L450:
 5903 0010 00440258 		.word	1476543488
 5904              		.cfi_endproc
 5905              	.LFE156:
 5907              		.section	.text.HAL_RCCEx_KerWakeUpStopCLKConfig,"ax",%progbits
 5908              		.align	1
 5909              		.global	HAL_RCCEx_KerWakeUpStopCLKConfig
 5910              		.syntax unified
ARM GAS  C:\Users\jason\AppData\Local\Temp\ccSG31kR.s 			page 205


 5911              		.thumb
 5912              		.thumb_func
 5914              	HAL_RCCEx_KerWakeUpStopCLKConfig:
 5915              	.LVL686:
 5916              	.LFB157:
3248:Drivers/STM32H7xx_HAL_Driver/Src/stm32h7xx_hal_rcc_ex.c ****   assert_param(IS_RCC_STOP_KERWAKEUPCLOCK(WakeUpClk));
 5917              		.loc 1 3248 1 is_stmt 1 view -0
 5918              		.cfi_startproc
 5919              		@ args = 0, pretend = 0, frame = 0
 5920              		@ frame_needed = 0, uses_anonymous_args = 0
 5921              		@ link register save eliminated.
3249:Drivers/STM32H7xx_HAL_Driver/Src/stm32h7xx_hal_rcc_ex.c **** 
 5922              		.loc 1 3249 3 view .LVU1918
3251:Drivers/STM32H7xx_HAL_Driver/Src/stm32h7xx_hal_rcc_ex.c **** }
 5923              		.loc 1 3251 3 view .LVU1919
 5924 0000 034A     		ldr	r2, .L453
 5925 0002 1369     		ldr	r3, [r2, #16]
 5926 0004 23F08003 		bic	r3, r3, #128
 5927 0008 0343     		orrs	r3, r3, r0
 5928 000a 1361     		str	r3, [r2, #16]
3252:Drivers/STM32H7xx_HAL_Driver/Src/stm32h7xx_hal_rcc_ex.c **** 
 5929              		.loc 1 3252 1 is_stmt 0 view .LVU1920
 5930 000c 7047     		bx	lr
 5931              	.L454:
 5932 000e 00BF     		.align	2
 5933              	.L453:
 5934 0010 00440258 		.word	1476543488
 5935              		.cfi_endproc
 5936              	.LFE157:
 5938              		.section	.text.HAL_RCCEx_WWDGxSysResetConfig,"ax",%progbits
 5939              		.align	1
 5940              		.global	HAL_RCCEx_WWDGxSysResetConfig
 5941              		.syntax unified
 5942              		.thumb
 5943              		.thumb_func
 5945              	HAL_RCCEx_WWDGxSysResetConfig:
 5946              	.LVL687:
 5947              	.LFB158:
3302:Drivers/STM32H7xx_HAL_Driver/Src/stm32h7xx_hal_rcc_ex.c ****   assert_param(IS_RCC_SCOPE_WWDG(RCC_WWDGx));
 5948              		.loc 1 3302 1 is_stmt 1 view -0
 5949              		.cfi_startproc
 5950              		@ args = 0, pretend = 0, frame = 0
 5951              		@ frame_needed = 0, uses_anonymous_args = 0
 5952              		@ link register save eliminated.
3303:Drivers/STM32H7xx_HAL_Driver/Src/stm32h7xx_hal_rcc_ex.c ****   SET_BIT(RCC->GCR, RCC_WWDGx) ;
 5953              		.loc 1 3303 3 view .LVU1922
3304:Drivers/STM32H7xx_HAL_Driver/Src/stm32h7xx_hal_rcc_ex.c **** }
 5954              		.loc 1 3304 3 view .LVU1923
 5955 0000 034A     		ldr	r2, .L456
 5956 0002 D2F8A030 		ldr	r3, [r2, #160]
 5957 0006 0343     		orrs	r3, r3, r0
 5958 0008 C2F8A030 		str	r3, [r2, #160]
3305:Drivers/STM32H7xx_HAL_Driver/Src/stm32h7xx_hal_rcc_ex.c **** #endif
 5959              		.loc 1 3305 1 is_stmt 0 view .LVU1924
 5960 000c 7047     		bx	lr
 5961              	.L457:
 5962 000e 00BF     		.align	2
ARM GAS  C:\Users\jason\AppData\Local\Temp\ccSG31kR.s 			page 206


 5963              	.L456:
 5964 0010 00440258 		.word	1476543488
 5965              		.cfi_endproc
 5966              	.LFE158:
 5968              		.section	.text.HAL_RCCEx_CRSConfig,"ax",%progbits
 5969              		.align	1
 5970              		.global	HAL_RCCEx_CRSConfig
 5971              		.syntax unified
 5972              		.thumb
 5973              		.thumb_func
 5975              	HAL_RCCEx_CRSConfig:
 5976              	.LVL688:
 5977              	.LFB159:
3383:Drivers/STM32H7xx_HAL_Driver/Src/stm32h7xx_hal_rcc_ex.c ****   uint32_t value;
 5978              		.loc 1 3383 1 is_stmt 1 view -0
 5979              		.cfi_startproc
 5980              		@ args = 0, pretend = 0, frame = 0
 5981              		@ frame_needed = 0, uses_anonymous_args = 0
3383:Drivers/STM32H7xx_HAL_Driver/Src/stm32h7xx_hal_rcc_ex.c ****   uint32_t value;
 5982              		.loc 1 3383 1 is_stmt 0 view .LVU1926
 5983 0000 10B5     		push	{r4, lr}
 5984              		.cfi_def_cfa_offset 8
 5985              		.cfi_offset 4, -8
 5986              		.cfi_offset 14, -4
 5987 0002 0446     		mov	r4, r0
3384:Drivers/STM32H7xx_HAL_Driver/Src/stm32h7xx_hal_rcc_ex.c **** 
 5988              		.loc 1 3384 3 is_stmt 1 view .LVU1927
3387:Drivers/STM32H7xx_HAL_Driver/Src/stm32h7xx_hal_rcc_ex.c ****   assert_param(IS_RCC_CRS_SYNC_SOURCE(pInit->Source));
 5989              		.loc 1 3387 3 view .LVU1928
3388:Drivers/STM32H7xx_HAL_Driver/Src/stm32h7xx_hal_rcc_ex.c ****   assert_param(IS_RCC_CRS_SYNC_POLARITY(pInit->Polarity));
 5990              		.loc 1 3388 3 view .LVU1929
3389:Drivers/STM32H7xx_HAL_Driver/Src/stm32h7xx_hal_rcc_ex.c ****   assert_param(IS_RCC_CRS_RELOADVALUE(pInit->ReloadValue));
 5991              		.loc 1 3389 3 view .LVU1930
3390:Drivers/STM32H7xx_HAL_Driver/Src/stm32h7xx_hal_rcc_ex.c ****   assert_param(IS_RCC_CRS_ERRORLIMIT(pInit->ErrorLimitValue));
 5992              		.loc 1 3390 3 view .LVU1931
3391:Drivers/STM32H7xx_HAL_Driver/Src/stm32h7xx_hal_rcc_ex.c ****   assert_param(IS_RCC_CRS_HSI48CALIBRATION(pInit->HSI48CalibrationValue));
 5993              		.loc 1 3391 3 view .LVU1932
3392:Drivers/STM32H7xx_HAL_Driver/Src/stm32h7xx_hal_rcc_ex.c **** 
 5994              		.loc 1 3392 3 view .LVU1933
3397:Drivers/STM32H7xx_HAL_Driver/Src/stm32h7xx_hal_rcc_ex.c ****   __HAL_RCC_CRS_RELEASE_RESET();
 5995              		.loc 1 3397 3 view .LVU1934
 5996 0004 194B     		ldr	r3, .L463
 5997 0006 D3F89420 		ldr	r2, [r3, #148]
 5998 000a 42F00202 		orr	r2, r2, #2
 5999 000e C3F89420 		str	r2, [r3, #148]
3398:Drivers/STM32H7xx_HAL_Driver/Src/stm32h7xx_hal_rcc_ex.c **** 
 6000              		.loc 1 3398 3 view .LVU1935
 6001 0012 D3F89420 		ldr	r2, [r3, #148]
 6002 0016 22F00202 		bic	r2, r2, #2
 6003 001a C3F89420 		str	r2, [r3, #148]
3403:Drivers/STM32H7xx_HAL_Driver/Src/stm32h7xx_hal_rcc_ex.c ****   {
 6004              		.loc 1 3403 3 view .LVU1936
3403:Drivers/STM32H7xx_HAL_Driver/Src/stm32h7xx_hal_rcc_ex.c ****   {
 6005              		.loc 1 3403 8 is_stmt 0 view .LVU1937
 6006 001e FFF7FEFF 		bl	HAL_GetREVID
 6007              	.LVL689:
3403:Drivers/STM32H7xx_HAL_Driver/Src/stm32h7xx_hal_rcc_ex.c ****   {
ARM GAS  C:\Users\jason\AppData\Local\Temp\ccSG31kR.s 			page 207


 6008              		.loc 1 3403 6 discriminator 1 view .LVU1938
 6009 0022 41F20303 		movw	r3, #4099
 6010 0026 9842     		cmp	r0, r3
 6011 0028 03D8     		bhi	.L459
3403:Drivers/STM32H7xx_HAL_Driver/Src/stm32h7xx_hal_rcc_ex.c ****   {
 6012              		.loc 1 3403 45 discriminator 2 view .LVU1939
 6013 002a 6368     		ldr	r3, [r4, #4]
3403:Drivers/STM32H7xx_HAL_Driver/Src/stm32h7xx_hal_rcc_ex.c ****   {
 6014              		.loc 1 3403 36 discriminator 2 view .LVU1940
 6015 002c B3F1405F 		cmp	r3, #805306368
 6016 0030 17D0     		beq	.L462
 6017              	.L459:
3410:Drivers/STM32H7xx_HAL_Driver/Src/stm32h7xx_hal_rcc_ex.c ****   }
 6018              		.loc 1 3410 5 is_stmt 1 view .LVU1941
3410:Drivers/STM32H7xx_HAL_Driver/Src/stm32h7xx_hal_rcc_ex.c ****   }
 6019              		.loc 1 3410 19 is_stmt 0 view .LVU1942
 6020 0032 2268     		ldr	r2, [r4]
3410:Drivers/STM32H7xx_HAL_Driver/Src/stm32h7xx_hal_rcc_ex.c ****   }
 6021              		.loc 1 3410 38 view .LVU1943
 6022 0034 6368     		ldr	r3, [r4, #4]
3410:Drivers/STM32H7xx_HAL_Driver/Src/stm32h7xx_hal_rcc_ex.c ****   }
 6023              		.loc 1 3410 31 view .LVU1944
 6024 0036 1A43     		orrs	r2, r2, r3
3410:Drivers/STM32H7xx_HAL_Driver/Src/stm32h7xx_hal_rcc_ex.c ****   }
 6025              		.loc 1 3410 54 view .LVU1945
 6026 0038 A368     		ldr	r3, [r4, #8]
3410:Drivers/STM32H7xx_HAL_Driver/Src/stm32h7xx_hal_rcc_ex.c ****   }
 6027              		.loc 1 3410 11 view .LVU1946
 6028 003a 1A43     		orrs	r2, r2, r3
 6029              	.L460:
 6030              	.LVL690:
3413:Drivers/STM32H7xx_HAL_Driver/Src/stm32h7xx_hal_rcc_ex.c ****   /* Set the FELIM[7:0] bits according to ErrorLimitValue value */
 6031              		.loc 1 3413 3 is_stmt 1 view .LVU1947
3413:Drivers/STM32H7xx_HAL_Driver/Src/stm32h7xx_hal_rcc_ex.c ****   /* Set the FELIM[7:0] bits according to ErrorLimitValue value */
 6032              		.loc 1 3413 17 is_stmt 0 view .LVU1948
 6033 003c E368     		ldr	r3, [r4, #12]
3413:Drivers/STM32H7xx_HAL_Driver/Src/stm32h7xx_hal_rcc_ex.c ****   /* Set the FELIM[7:0] bits according to ErrorLimitValue value */
 6034              		.loc 1 3413 9 view .LVU1949
 6035 003e 1343     		orrs	r3, r3, r2
 6036              	.LVL691:
3415:Drivers/STM32H7xx_HAL_Driver/Src/stm32h7xx_hal_rcc_ex.c ****   WRITE_REG(CRS->CFGR, value);
 6037              		.loc 1 3415 3 is_stmt 1 view .LVU1950
3415:Drivers/STM32H7xx_HAL_Driver/Src/stm32h7xx_hal_rcc_ex.c ****   WRITE_REG(CRS->CFGR, value);
 6038              		.loc 1 3415 18 is_stmt 0 view .LVU1951
 6039 0040 2269     		ldr	r2, [r4, #16]
3415:Drivers/STM32H7xx_HAL_Driver/Src/stm32h7xx_hal_rcc_ex.c ****   WRITE_REG(CRS->CFGR, value);
 6040              		.loc 1 3415 9 view .LVU1952
 6041 0042 43EA0242 		orr	r2, r3, r2, lsl #16
 6042              	.LVL692:
3416:Drivers/STM32H7xx_HAL_Driver/Src/stm32h7xx_hal_rcc_ex.c **** 
 6043              		.loc 1 3416 3 is_stmt 1 view .LVU1953
 6044 0046 0A4B     		ldr	r3, .L463+4
 6045 0048 5A60     		str	r2, [r3, #4]
3420:Drivers/STM32H7xx_HAL_Driver/Src/stm32h7xx_hal_rcc_ex.c **** 
 6046              		.loc 1 3420 3 view .LVU1954
 6047 004a 1A68     		ldr	r2, [r3]
 6048              	.LVL693:
ARM GAS  C:\Users\jason\AppData\Local\Temp\ccSG31kR.s 			page 208


3420:Drivers/STM32H7xx_HAL_Driver/Src/stm32h7xx_hal_rcc_ex.c **** 
 6049              		.loc 1 3420 3 is_stmt 0 view .LVU1955
 6050 004c 22F47C52 		bic	r2, r2, #16128
 6051 0050 6169     		ldr	r1, [r4, #20]
 6052 0052 42EA0122 		orr	r2, r2, r1, lsl #8
 6053 0056 1A60     		str	r2, [r3]
 6054              	.LVL694:
3425:Drivers/STM32H7xx_HAL_Driver/Src/stm32h7xx_hal_rcc_ex.c **** }
 6055              		.loc 1 3425 3 is_stmt 1 view .LVU1956
 6056 0058 1A68     		ldr	r2, [r3]
 6057 005a 42F06002 		orr	r2, r2, #96
 6058 005e 1A60     		str	r2, [r3]
3426:Drivers/STM32H7xx_HAL_Driver/Src/stm32h7xx_hal_rcc_ex.c **** 
 6059              		.loc 1 3426 1 is_stmt 0 view .LVU1957
 6060 0060 10BD     		pop	{r4, pc}
 6061              	.LVL695:
 6062              	.L462:
3406:Drivers/STM32H7xx_HAL_Driver/Src/stm32h7xx_hal_rcc_ex.c ****   }
 6063              		.loc 1 3406 5 is_stmt 1 view .LVU1958
3406:Drivers/STM32H7xx_HAL_Driver/Src/stm32h7xx_hal_rcc_ex.c ****   }
 6064              		.loc 1 3406 19 is_stmt 0 view .LVU1959
 6065 0062 2268     		ldr	r2, [r4]
3406:Drivers/STM32H7xx_HAL_Driver/Src/stm32h7xx_hal_rcc_ex.c ****   }
 6066              		.loc 1 3406 64 view .LVU1960
 6067 0064 A368     		ldr	r3, [r4, #8]
3406:Drivers/STM32H7xx_HAL_Driver/Src/stm32h7xx_hal_rcc_ex.c ****   }
 6068              		.loc 1 3406 11 view .LVU1961
 6069 0066 1A43     		orrs	r2, r2, r3
 6070              	.LVL696:
3406:Drivers/STM32H7xx_HAL_Driver/Src/stm32h7xx_hal_rcc_ex.c ****   }
 6071              		.loc 1 3406 11 view .LVU1962
 6072 0068 E8E7     		b	.L460
 6073              	.L464:
 6074 006a 00BF     		.align	2
 6075              	.L463:
 6076 006c 00440258 		.word	1476543488
 6077 0070 00840040 		.word	1073775616
 6078              		.cfi_endproc
 6079              	.LFE159:
 6081              		.section	.text.HAL_RCCEx_CRSSoftwareSynchronizationGenerate,"ax",%progbits
 6082              		.align	1
 6083              		.global	HAL_RCCEx_CRSSoftwareSynchronizationGenerate
 6084              		.syntax unified
 6085              		.thumb
 6086              		.thumb_func
 6088              	HAL_RCCEx_CRSSoftwareSynchronizationGenerate:
 6089              	.LFB160:
3433:Drivers/STM32H7xx_HAL_Driver/Src/stm32h7xx_hal_rcc_ex.c ****   SET_BIT(CRS->CR, CRS_CR_SWSYNC);
 6090              		.loc 1 3433 1 is_stmt 1 view -0
 6091              		.cfi_startproc
 6092              		@ args = 0, pretend = 0, frame = 0
 6093              		@ frame_needed = 0, uses_anonymous_args = 0
 6094              		@ link register save eliminated.
3434:Drivers/STM32H7xx_HAL_Driver/Src/stm32h7xx_hal_rcc_ex.c **** }
 6095              		.loc 1 3434 3 view .LVU1964
 6096 0000 024A     		ldr	r2, .L466
 6097 0002 1368     		ldr	r3, [r2]
ARM GAS  C:\Users\jason\AppData\Local\Temp\ccSG31kR.s 			page 209


 6098 0004 43F08003 		orr	r3, r3, #128
 6099 0008 1360     		str	r3, [r2]
3435:Drivers/STM32H7xx_HAL_Driver/Src/stm32h7xx_hal_rcc_ex.c **** 
 6100              		.loc 1 3435 1 is_stmt 0 view .LVU1965
 6101 000a 7047     		bx	lr
 6102              	.L467:
 6103              		.align	2
 6104              	.L466:
 6105 000c 00840040 		.word	1073775616
 6106              		.cfi_endproc
 6107              	.LFE160:
 6109              		.section	.text.HAL_RCCEx_CRSGetSynchronizationInfo,"ax",%progbits
 6110              		.align	1
 6111              		.global	HAL_RCCEx_CRSGetSynchronizationInfo
 6112              		.syntax unified
 6113              		.thumb
 6114              		.thumb_func
 6116              	HAL_RCCEx_CRSGetSynchronizationInfo:
 6117              	.LVL697:
 6118              	.LFB161:
3443:Drivers/STM32H7xx_HAL_Driver/Src/stm32h7xx_hal_rcc_ex.c ****   /* Check the parameter */
 6119              		.loc 1 3443 1 is_stmt 1 view -0
 6120              		.cfi_startproc
 6121              		@ args = 0, pretend = 0, frame = 0
 6122              		@ frame_needed = 0, uses_anonymous_args = 0
 6123              		@ link register save eliminated.
3445:Drivers/STM32H7xx_HAL_Driver/Src/stm32h7xx_hal_rcc_ex.c **** 
 6124              		.loc 1 3445 3 view .LVU1967
3448:Drivers/STM32H7xx_HAL_Driver/Src/stm32h7xx_hal_rcc_ex.c **** 
 6125              		.loc 1 3448 3 view .LVU1968
3448:Drivers/STM32H7xx_HAL_Driver/Src/stm32h7xx_hal_rcc_ex.c **** 
 6126              		.loc 1 3448 42 is_stmt 0 view .LVU1969
 6127 0000 074B     		ldr	r3, .L469
 6128 0002 5A68     		ldr	r2, [r3, #4]
3448:Drivers/STM32H7xx_HAL_Driver/Src/stm32h7xx_hal_rcc_ex.c **** 
 6129              		.loc 1 3448 31 view .LVU1970
 6130 0004 92B2     		uxth	r2, r2
3448:Drivers/STM32H7xx_HAL_Driver/Src/stm32h7xx_hal_rcc_ex.c **** 
 6131              		.loc 1 3448 29 view .LVU1971
 6132 0006 0260     		str	r2, [r0]
3451:Drivers/STM32H7xx_HAL_Driver/Src/stm32h7xx_hal_rcc_ex.c **** 
 6133              		.loc 1 3451 3 is_stmt 1 view .LVU1972
3451:Drivers/STM32H7xx_HAL_Driver/Src/stm32h7xx_hal_rcc_ex.c **** 
 6134              		.loc 1 3451 52 is_stmt 0 view .LVU1973
 6135 0008 1A68     		ldr	r2, [r3]
3451:Drivers/STM32H7xx_HAL_Driver/Src/stm32h7xx_hal_rcc_ex.c **** 
 6136              		.loc 1 3451 41 view .LVU1974
 6137 000a C2F30522 		ubfx	r2, r2, #8, #6
3451:Drivers/STM32H7xx_HAL_Driver/Src/stm32h7xx_hal_rcc_ex.c **** 
 6138              		.loc 1 3451 39 view .LVU1975
 6139 000e 4260     		str	r2, [r0, #4]
3454:Drivers/STM32H7xx_HAL_Driver/Src/stm32h7xx_hal_rcc_ex.c **** 
 6140              		.loc 1 3454 3 is_stmt 1 view .LVU1976
3454:Drivers/STM32H7xx_HAL_Driver/Src/stm32h7xx_hal_rcc_ex.c **** 
 6141              		.loc 1 3454 47 is_stmt 0 view .LVU1977
 6142 0010 9A68     		ldr	r2, [r3, #8]
3454:Drivers/STM32H7xx_HAL_Driver/Src/stm32h7xx_hal_rcc_ex.c **** 
ARM GAS  C:\Users\jason\AppData\Local\Temp\ccSG31kR.s 			page 210


 6143              		.loc 1 3454 36 view .LVU1978
 6144 0012 120C     		lsrs	r2, r2, #16
3454:Drivers/STM32H7xx_HAL_Driver/Src/stm32h7xx_hal_rcc_ex.c **** 
 6145              		.loc 1 3454 34 view .LVU1979
 6146 0014 8260     		str	r2, [r0, #8]
3457:Drivers/STM32H7xx_HAL_Driver/Src/stm32h7xx_hal_rcc_ex.c **** }
 6147              		.loc 1 3457 3 is_stmt 1 view .LVU1980
3457:Drivers/STM32H7xx_HAL_Driver/Src/stm32h7xx_hal_rcc_ex.c **** }
 6148              		.loc 1 3457 49 is_stmt 0 view .LVU1981
 6149 0016 9B68     		ldr	r3, [r3, #8]
3457:Drivers/STM32H7xx_HAL_Driver/Src/stm32h7xx_hal_rcc_ex.c **** }
 6150              		.loc 1 3457 38 view .LVU1982
 6151 0018 03F40043 		and	r3, r3, #32768
3457:Drivers/STM32H7xx_HAL_Driver/Src/stm32h7xx_hal_rcc_ex.c **** }
 6152              		.loc 1 3457 36 view .LVU1983
 6153 001c C360     		str	r3, [r0, #12]
3458:Drivers/STM32H7xx_HAL_Driver/Src/stm32h7xx_hal_rcc_ex.c **** 
 6154              		.loc 1 3458 1 view .LVU1984
 6155 001e 7047     		bx	lr
 6156              	.L470:
 6157              		.align	2
 6158              	.L469:
 6159 0020 00840040 		.word	1073775616
 6160              		.cfi_endproc
 6161              	.LFE161:
 6163              		.section	.text.HAL_RCCEx_CRSWaitSynchronization,"ax",%progbits
 6164              		.align	1
 6165              		.global	HAL_RCCEx_CRSWaitSynchronization
 6166              		.syntax unified
 6167              		.thumb
 6168              		.thumb_func
 6170              	HAL_RCCEx_CRSWaitSynchronization:
 6171              	.LVL698:
 6172              	.LFB162:
3476:Drivers/STM32H7xx_HAL_Driver/Src/stm32h7xx_hal_rcc_ex.c ****   uint32_t crsstatus = RCC_CRS_NONE;
 6173              		.loc 1 3476 1 is_stmt 1 view -0
 6174              		.cfi_startproc
 6175              		@ args = 0, pretend = 0, frame = 0
 6176              		@ frame_needed = 0, uses_anonymous_args = 0
3476:Drivers/STM32H7xx_HAL_Driver/Src/stm32h7xx_hal_rcc_ex.c ****   uint32_t crsstatus = RCC_CRS_NONE;
 6177              		.loc 1 3476 1 is_stmt 0 view .LVU1986
 6178 0000 70B5     		push	{r4, r5, r6, lr}
 6179              		.cfi_def_cfa_offset 16
 6180              		.cfi_offset 4, -16
 6181              		.cfi_offset 5, -12
 6182              		.cfi_offset 6, -8
 6183              		.cfi_offset 14, -4
 6184 0002 0546     		mov	r5, r0
3477:Drivers/STM32H7xx_HAL_Driver/Src/stm32h7xx_hal_rcc_ex.c ****   uint32_t tickstart;
 6185              		.loc 1 3477 3 is_stmt 1 view .LVU1987
 6186              	.LVL699:
3478:Drivers/STM32H7xx_HAL_Driver/Src/stm32h7xx_hal_rcc_ex.c **** 
 6187              		.loc 1 3478 3 view .LVU1988
3481:Drivers/STM32H7xx_HAL_Driver/Src/stm32h7xx_hal_rcc_ex.c **** 
 6188              		.loc 1 3481 3 view .LVU1989
3481:Drivers/STM32H7xx_HAL_Driver/Src/stm32h7xx_hal_rcc_ex.c **** 
 6189              		.loc 1 3481 15 is_stmt 0 view .LVU1990
ARM GAS  C:\Users\jason\AppData\Local\Temp\ccSG31kR.s 			page 211


 6190 0004 FFF7FEFF 		bl	HAL_GetTick
 6191              	.LVL700:
3481:Drivers/STM32H7xx_HAL_Driver/Src/stm32h7xx_hal_rcc_ex.c **** 
 6192              		.loc 1 3481 15 view .LVU1991
 6193 0008 0646     		mov	r6, r0
 6194              	.LVL701:
3477:Drivers/STM32H7xx_HAL_Driver/Src/stm32h7xx_hal_rcc_ex.c ****   uint32_t tickstart;
 6195              		.loc 1 3477 12 view .LVU1992
 6196 000a 0024     		movs	r4, #0
 6197 000c 0BE0     		b	.L479
 6198              	.LVL702:
 6199              	.L484:
3488:Drivers/STM32H7xx_HAL_Driver/Src/stm32h7xx_hal_rcc_ex.c ****       {
 6200              		.loc 1 3488 7 is_stmt 1 view .LVU1993
3488:Drivers/STM32H7xx_HAL_Driver/Src/stm32h7xx_hal_rcc_ex.c ****       {
 6201              		.loc 1 3488 13 is_stmt 0 view .LVU1994
 6202 000e FFF7FEFF 		bl	HAL_GetTick
 6203              	.LVL703:
3488:Drivers/STM32H7xx_HAL_Driver/Src/stm32h7xx_hal_rcc_ex.c ****       {
 6204              		.loc 1 3488 27 discriminator 1 view .LVU1995
 6205 0012 801B     		subs	r0, r0, r6
3488:Drivers/STM32H7xx_HAL_Driver/Src/stm32h7xx_hal_rcc_ex.c ****       {
 6206              		.loc 1 3488 10 discriminator 1 view .LVU1996
 6207 0014 A842     		cmp	r0, r5
 6208 0016 02D8     		bhi	.L480
3488:Drivers/STM32H7xx_HAL_Driver/Src/stm32h7xx_hal_rcc_ex.c ****       {
 6209              		.loc 1 3488 51 discriminator 2 view .LVU1997
 6210 0018 45B9     		cbnz	r5, .L472
3490:Drivers/STM32H7xx_HAL_Driver/Src/stm32h7xx_hal_rcc_ex.c ****       }
 6211              		.loc 1 3490 19 view .LVU1998
 6212 001a 0124     		movs	r4, #1
 6213              	.LVL704:
3490:Drivers/STM32H7xx_HAL_Driver/Src/stm32h7xx_hal_rcc_ex.c ****       }
 6214              		.loc 1 3490 19 view .LVU1999
 6215 001c 06E0     		b	.L472
 6216              	.LVL705:
 6217              	.L480:
3490:Drivers/STM32H7xx_HAL_Driver/Src/stm32h7xx_hal_rcc_ex.c ****       }
 6218              		.loc 1 3490 19 view .LVU2000
 6219 001e 0124     		movs	r4, #1
 6220              	.LVL706:
3490:Drivers/STM32H7xx_HAL_Driver/Src/stm32h7xx_hal_rcc_ex.c ****       }
 6221              		.loc 1 3490 19 view .LVU2001
 6222 0020 04E0     		b	.L472
 6223              	.LVL707:
 6224              	.L478:
3547:Drivers/STM32H7xx_HAL_Driver/Src/stm32h7xx_hal_rcc_ex.c ****     }
 6225              		.loc 1 3547 7 is_stmt 1 view .LVU2002
3550:Drivers/STM32H7xx_HAL_Driver/Src/stm32h7xx_hal_rcc_ex.c **** 
 6226              		.loc 1 3550 23 view .LVU2003
 6227 0022 002C     		cmp	r4, #0
 6228 0024 3DD1     		bne	.L483
 6229              	.LVL708:
 6230              	.L479:
3484:Drivers/STM32H7xx_HAL_Driver/Src/stm32h7xx_hal_rcc_ex.c ****   {
 6231              		.loc 1 3484 3 view .LVU2004
3486:Drivers/STM32H7xx_HAL_Driver/Src/stm32h7xx_hal_rcc_ex.c ****     {
ARM GAS  C:\Users\jason\AppData\Local\Temp\ccSG31kR.s 			page 212


 6232              		.loc 1 3486 5 view .LVU2005
3486:Drivers/STM32H7xx_HAL_Driver/Src/stm32h7xx_hal_rcc_ex.c ****     {
 6233              		.loc 1 3486 8 is_stmt 0 view .LVU2006
 6234 0026 B5F1FF3F 		cmp	r5, #-1
 6235 002a F0D1     		bne	.L484
 6236              	.LVL709:
 6237              	.L472:
3494:Drivers/STM32H7xx_HAL_Driver/Src/stm32h7xx_hal_rcc_ex.c ****     {
 6238              		.loc 1 3494 5 is_stmt 1 view .LVU2007
3494:Drivers/STM32H7xx_HAL_Driver/Src/stm32h7xx_hal_rcc_ex.c ****     {
 6239              		.loc 1 3494 9 is_stmt 0 view .LVU2008
 6240 002c 1E4B     		ldr	r3, .L485
 6241 002e 9B68     		ldr	r3, [r3, #8]
3494:Drivers/STM32H7xx_HAL_Driver/Src/stm32h7xx_hal_rcc_ex.c ****     {
 6242              		.loc 1 3494 8 view .LVU2009
 6243 0030 13F0010F 		tst	r3, #1
 6244 0034 04D0     		beq	.L473
3497:Drivers/STM32H7xx_HAL_Driver/Src/stm32h7xx_hal_rcc_ex.c **** 
 6245              		.loc 1 3497 7 is_stmt 1 view .LVU2010
3497:Drivers/STM32H7xx_HAL_Driver/Src/stm32h7xx_hal_rcc_ex.c **** 
 6246              		.loc 1 3497 17 is_stmt 0 view .LVU2011
 6247 0036 44F00204 		orr	r4, r4, #2
 6248              	.LVL710:
3500:Drivers/STM32H7xx_HAL_Driver/Src/stm32h7xx_hal_rcc_ex.c ****     }
 6249              		.loc 1 3500 7 is_stmt 1 view .LVU2012
3500:Drivers/STM32H7xx_HAL_Driver/Src/stm32h7xx_hal_rcc_ex.c ****     }
 6250              		.loc 1 3500 7 view .LVU2013
3500:Drivers/STM32H7xx_HAL_Driver/Src/stm32h7xx_hal_rcc_ex.c ****     }
 6251              		.loc 1 3500 7 discriminator 2 view .LVU2014
 6252 003a 1B4B     		ldr	r3, .L485
 6253 003c 0122     		movs	r2, #1
 6254 003e DA60     		str	r2, [r3, #12]
 6255              	.L473:
3500:Drivers/STM32H7xx_HAL_Driver/Src/stm32h7xx_hal_rcc_ex.c ****     }
 6256              		.loc 1 3500 7 view .LVU2015
3504:Drivers/STM32H7xx_HAL_Driver/Src/stm32h7xx_hal_rcc_ex.c ****     {
 6257              		.loc 1 3504 5 view .LVU2016
3504:Drivers/STM32H7xx_HAL_Driver/Src/stm32h7xx_hal_rcc_ex.c ****     {
 6258              		.loc 1 3504 9 is_stmt 0 view .LVU2017
 6259 0040 194B     		ldr	r3, .L485
 6260 0042 9B68     		ldr	r3, [r3, #8]
3504:Drivers/STM32H7xx_HAL_Driver/Src/stm32h7xx_hal_rcc_ex.c ****     {
 6261              		.loc 1 3504 8 view .LVU2018
 6262 0044 13F0020F 		tst	r3, #2
 6263 0048 04D0     		beq	.L474
3507:Drivers/STM32H7xx_HAL_Driver/Src/stm32h7xx_hal_rcc_ex.c **** 
 6264              		.loc 1 3507 7 is_stmt 1 view .LVU2019
3507:Drivers/STM32H7xx_HAL_Driver/Src/stm32h7xx_hal_rcc_ex.c **** 
 6265              		.loc 1 3507 17 is_stmt 0 view .LVU2020
 6266 004a 44F00404 		orr	r4, r4, #4
 6267              	.LVL711:
3510:Drivers/STM32H7xx_HAL_Driver/Src/stm32h7xx_hal_rcc_ex.c ****     }
 6268              		.loc 1 3510 7 is_stmt 1 view .LVU2021
3510:Drivers/STM32H7xx_HAL_Driver/Src/stm32h7xx_hal_rcc_ex.c ****     }
 6269              		.loc 1 3510 7 view .LVU2022
3510:Drivers/STM32H7xx_HAL_Driver/Src/stm32h7xx_hal_rcc_ex.c ****     }
 6270              		.loc 1 3510 7 discriminator 2 view .LVU2023
ARM GAS  C:\Users\jason\AppData\Local\Temp\ccSG31kR.s 			page 213


 6271 004e 164B     		ldr	r3, .L485
 6272 0050 0222     		movs	r2, #2
 6273 0052 DA60     		str	r2, [r3, #12]
 6274              	.L474:
3510:Drivers/STM32H7xx_HAL_Driver/Src/stm32h7xx_hal_rcc_ex.c ****     }
 6275              		.loc 1 3510 7 view .LVU2024
3514:Drivers/STM32H7xx_HAL_Driver/Src/stm32h7xx_hal_rcc_ex.c ****     {
 6276              		.loc 1 3514 5 view .LVU2025
3514:Drivers/STM32H7xx_HAL_Driver/Src/stm32h7xx_hal_rcc_ex.c ****     {
 6277              		.loc 1 3514 9 is_stmt 0 view .LVU2026
 6278 0054 144B     		ldr	r3, .L485
 6279 0056 9B68     		ldr	r3, [r3, #8]
3514:Drivers/STM32H7xx_HAL_Driver/Src/stm32h7xx_hal_rcc_ex.c ****     {
 6280              		.loc 1 3514 8 view .LVU2027
 6281 0058 13F4806F 		tst	r3, #1024
 6282 005c 04D0     		beq	.L475
3517:Drivers/STM32H7xx_HAL_Driver/Src/stm32h7xx_hal_rcc_ex.c **** 
 6283              		.loc 1 3517 7 is_stmt 1 view .LVU2028
3517:Drivers/STM32H7xx_HAL_Driver/Src/stm32h7xx_hal_rcc_ex.c **** 
 6284              		.loc 1 3517 17 is_stmt 0 view .LVU2029
 6285 005e 44F02004 		orr	r4, r4, #32
 6286              	.LVL712:
3520:Drivers/STM32H7xx_HAL_Driver/Src/stm32h7xx_hal_rcc_ex.c ****     }
 6287              		.loc 1 3520 7 is_stmt 1 view .LVU2030
3520:Drivers/STM32H7xx_HAL_Driver/Src/stm32h7xx_hal_rcc_ex.c ****     }
 6288              		.loc 1 3520 7 view .LVU2031
3520:Drivers/STM32H7xx_HAL_Driver/Src/stm32h7xx_hal_rcc_ex.c ****     }
 6289              		.loc 1 3520 7 discriminator 1 view .LVU2032
 6290 0062 114B     		ldr	r3, .L485
 6291 0064 0422     		movs	r2, #4
 6292 0066 DA60     		str	r2, [r3, #12]
 6293              	.L475:
3520:Drivers/STM32H7xx_HAL_Driver/Src/stm32h7xx_hal_rcc_ex.c ****     }
 6294              		.loc 1 3520 7 view .LVU2033
3524:Drivers/STM32H7xx_HAL_Driver/Src/stm32h7xx_hal_rcc_ex.c ****     {
 6295              		.loc 1 3524 5 view .LVU2034
3524:Drivers/STM32H7xx_HAL_Driver/Src/stm32h7xx_hal_rcc_ex.c ****     {
 6296              		.loc 1 3524 9 is_stmt 0 view .LVU2035
 6297 0068 0F4B     		ldr	r3, .L485
 6298 006a 9B68     		ldr	r3, [r3, #8]
3524:Drivers/STM32H7xx_HAL_Driver/Src/stm32h7xx_hal_rcc_ex.c ****     {
 6299              		.loc 1 3524 8 view .LVU2036
 6300 006c 13F4807F 		tst	r3, #256
 6301 0070 04D0     		beq	.L476
3527:Drivers/STM32H7xx_HAL_Driver/Src/stm32h7xx_hal_rcc_ex.c **** 
 6302              		.loc 1 3527 7 is_stmt 1 view .LVU2037
3527:Drivers/STM32H7xx_HAL_Driver/Src/stm32h7xx_hal_rcc_ex.c **** 
 6303              		.loc 1 3527 17 is_stmt 0 view .LVU2038
 6304 0072 44F00804 		orr	r4, r4, #8
 6305              	.LVL713:
3530:Drivers/STM32H7xx_HAL_Driver/Src/stm32h7xx_hal_rcc_ex.c ****     }
 6306              		.loc 1 3530 7 is_stmt 1 view .LVU2039
3530:Drivers/STM32H7xx_HAL_Driver/Src/stm32h7xx_hal_rcc_ex.c ****     }
 6307              		.loc 1 3530 7 view .LVU2040
3530:Drivers/STM32H7xx_HAL_Driver/Src/stm32h7xx_hal_rcc_ex.c ****     }
 6308              		.loc 1 3530 7 discriminator 1 view .LVU2041
 6309 0076 0C4B     		ldr	r3, .L485
ARM GAS  C:\Users\jason\AppData\Local\Temp\ccSG31kR.s 			page 214


 6310 0078 0422     		movs	r2, #4
 6311 007a DA60     		str	r2, [r3, #12]
 6312              	.L476:
3530:Drivers/STM32H7xx_HAL_Driver/Src/stm32h7xx_hal_rcc_ex.c ****     }
 6313              		.loc 1 3530 7 view .LVU2042
3534:Drivers/STM32H7xx_HAL_Driver/Src/stm32h7xx_hal_rcc_ex.c ****     {
 6314              		.loc 1 3534 5 view .LVU2043
3534:Drivers/STM32H7xx_HAL_Driver/Src/stm32h7xx_hal_rcc_ex.c ****     {
 6315              		.loc 1 3534 9 is_stmt 0 view .LVU2044
 6316 007c 0A4B     		ldr	r3, .L485
 6317 007e 9B68     		ldr	r3, [r3, #8]
3534:Drivers/STM32H7xx_HAL_Driver/Src/stm32h7xx_hal_rcc_ex.c ****     {
 6318              		.loc 1 3534 8 view .LVU2045
 6319 0080 13F4007F 		tst	r3, #512
 6320 0084 04D0     		beq	.L477
3537:Drivers/STM32H7xx_HAL_Driver/Src/stm32h7xx_hal_rcc_ex.c **** 
 6321              		.loc 1 3537 7 is_stmt 1 view .LVU2046
3537:Drivers/STM32H7xx_HAL_Driver/Src/stm32h7xx_hal_rcc_ex.c **** 
 6322              		.loc 1 3537 17 is_stmt 0 view .LVU2047
 6323 0086 44F01004 		orr	r4, r4, #16
 6324              	.LVL714:
3540:Drivers/STM32H7xx_HAL_Driver/Src/stm32h7xx_hal_rcc_ex.c ****     }
 6325              		.loc 1 3540 7 is_stmt 1 view .LVU2048
3540:Drivers/STM32H7xx_HAL_Driver/Src/stm32h7xx_hal_rcc_ex.c ****     }
 6326              		.loc 1 3540 7 view .LVU2049
3540:Drivers/STM32H7xx_HAL_Driver/Src/stm32h7xx_hal_rcc_ex.c ****     }
 6327              		.loc 1 3540 7 discriminator 1 view .LVU2050
 6328 008a 074B     		ldr	r3, .L485
 6329 008c 0422     		movs	r2, #4
 6330 008e DA60     		str	r2, [r3, #12]
 6331              	.L477:
3540:Drivers/STM32H7xx_HAL_Driver/Src/stm32h7xx_hal_rcc_ex.c ****     }
 6332              		.loc 1 3540 7 view .LVU2051
3544:Drivers/STM32H7xx_HAL_Driver/Src/stm32h7xx_hal_rcc_ex.c ****     {
 6333              		.loc 1 3544 5 view .LVU2052
3544:Drivers/STM32H7xx_HAL_Driver/Src/stm32h7xx_hal_rcc_ex.c ****     {
 6334              		.loc 1 3544 9 is_stmt 0 view .LVU2053
 6335 0090 054B     		ldr	r3, .L485
 6336 0092 9B68     		ldr	r3, [r3, #8]
3544:Drivers/STM32H7xx_HAL_Driver/Src/stm32h7xx_hal_rcc_ex.c ****     {
 6337              		.loc 1 3544 8 view .LVU2054
 6338 0094 13F0080F 		tst	r3, #8
 6339 0098 C3D0     		beq	.L478
3547:Drivers/STM32H7xx_HAL_Driver/Src/stm32h7xx_hal_rcc_ex.c ****     }
 6340              		.loc 1 3547 7 is_stmt 1 view .LVU2055
3547:Drivers/STM32H7xx_HAL_Driver/Src/stm32h7xx_hal_rcc_ex.c ****     }
 6341              		.loc 1 3547 7 view .LVU2056
3547:Drivers/STM32H7xx_HAL_Driver/Src/stm32h7xx_hal_rcc_ex.c ****     }
 6342              		.loc 1 3547 7 discriminator 2 view .LVU2057
 6343 009a 034B     		ldr	r3, .L485
 6344 009c 0822     		movs	r2, #8
 6345 009e DA60     		str	r2, [r3, #12]
 6346 00a0 BFE7     		b	.L478
 6347              	.L483:
3552:Drivers/STM32H7xx_HAL_Driver/Src/stm32h7xx_hal_rcc_ex.c **** }
 6348              		.loc 1 3552 3 view .LVU2058
3553:Drivers/STM32H7xx_HAL_Driver/Src/stm32h7xx_hal_rcc_ex.c **** 
ARM GAS  C:\Users\jason\AppData\Local\Temp\ccSG31kR.s 			page 215


 6349              		.loc 1 3553 1 is_stmt 0 view .LVU2059
 6350 00a2 2046     		mov	r0, r4
 6351 00a4 70BD     		pop	{r4, r5, r6, pc}
 6352              	.LVL715:
 6353              	.L486:
3553:Drivers/STM32H7xx_HAL_Driver/Src/stm32h7xx_hal_rcc_ex.c **** 
 6354              		.loc 1 3553 1 view .LVU2060
 6355 00a6 00BF     		.align	2
 6356              	.L485:
 6357 00a8 00840040 		.word	1073775616
 6358              		.cfi_endproc
 6359              	.LFE162:
 6361              		.section	.text.HAL_RCCEx_CRS_SyncOkCallback,"ax",%progbits
 6362              		.align	1
 6363              		.weak	HAL_RCCEx_CRS_SyncOkCallback
 6364              		.syntax unified
 6365              		.thumb
 6366              		.thumb_func
 6368              	HAL_RCCEx_CRS_SyncOkCallback:
 6369              	.LFB164:
3625:Drivers/STM32H7xx_HAL_Driver/Src/stm32h7xx_hal_rcc_ex.c ****   /* NOTE : This function should not be modified, when the callback is needed,
 6370              		.loc 1 3625 1 is_stmt 1 view -0
 6371              		.cfi_startproc
 6372              		@ args = 0, pretend = 0, frame = 0
 6373              		@ frame_needed = 0, uses_anonymous_args = 0
 6374              		@ link register save eliminated.
3629:Drivers/STM32H7xx_HAL_Driver/Src/stm32h7xx_hal_rcc_ex.c **** 
 6375              		.loc 1 3629 1 view .LVU2062
 6376 0000 7047     		bx	lr
 6377              		.cfi_endproc
 6378              	.LFE164:
 6380              		.section	.text.HAL_RCCEx_CRS_SyncWarnCallback,"ax",%progbits
 6381              		.align	1
 6382              		.weak	HAL_RCCEx_CRS_SyncWarnCallback
 6383              		.syntax unified
 6384              		.thumb
 6385              		.thumb_func
 6387              	HAL_RCCEx_CRS_SyncWarnCallback:
 6388              	.LFB165:
3636:Drivers/STM32H7xx_HAL_Driver/Src/stm32h7xx_hal_rcc_ex.c ****   /* NOTE : This function should not be modified, when the callback is needed,
 6389              		.loc 1 3636 1 view -0
 6390              		.cfi_startproc
 6391              		@ args = 0, pretend = 0, frame = 0
 6392              		@ frame_needed = 0, uses_anonymous_args = 0
 6393              		@ link register save eliminated.
3640:Drivers/STM32H7xx_HAL_Driver/Src/stm32h7xx_hal_rcc_ex.c **** 
 6394              		.loc 1 3640 1 view .LVU2064
 6395 0000 7047     		bx	lr
 6396              		.cfi_endproc
 6397              	.LFE165:
 6399              		.section	.text.HAL_RCCEx_CRS_ExpectedSyncCallback,"ax",%progbits
 6400              		.align	1
 6401              		.weak	HAL_RCCEx_CRS_ExpectedSyncCallback
 6402              		.syntax unified
 6403              		.thumb
 6404              		.thumb_func
 6406              	HAL_RCCEx_CRS_ExpectedSyncCallback:
ARM GAS  C:\Users\jason\AppData\Local\Temp\ccSG31kR.s 			page 216


 6407              	.LFB166:
3647:Drivers/STM32H7xx_HAL_Driver/Src/stm32h7xx_hal_rcc_ex.c ****   /* NOTE : This function should not be modified, when the callback is needed,
 6408              		.loc 1 3647 1 view -0
 6409              		.cfi_startproc
 6410              		@ args = 0, pretend = 0, frame = 0
 6411              		@ frame_needed = 0, uses_anonymous_args = 0
 6412              		@ link register save eliminated.
3651:Drivers/STM32H7xx_HAL_Driver/Src/stm32h7xx_hal_rcc_ex.c **** 
 6413              		.loc 1 3651 1 view .LVU2066
 6414 0000 7047     		bx	lr
 6415              		.cfi_endproc
 6416              	.LFE166:
 6418              		.section	.text.HAL_RCCEx_CRS_ErrorCallback,"ax",%progbits
 6419              		.align	1
 6420              		.weak	HAL_RCCEx_CRS_ErrorCallback
 6421              		.syntax unified
 6422              		.thumb
 6423              		.thumb_func
 6425              	HAL_RCCEx_CRS_ErrorCallback:
 6426              	.LVL716:
 6427              	.LFB167:
3663:Drivers/STM32H7xx_HAL_Driver/Src/stm32h7xx_hal_rcc_ex.c ****   /* Prevent unused argument(s) compilation warning */
 6428              		.loc 1 3663 1 view -0
 6429              		.cfi_startproc
 6430              		@ args = 0, pretend = 0, frame = 0
 6431              		@ frame_needed = 0, uses_anonymous_args = 0
 6432              		@ link register save eliminated.
3665:Drivers/STM32H7xx_HAL_Driver/Src/stm32h7xx_hal_rcc_ex.c **** 
 6433              		.loc 1 3665 3 view .LVU2068
3670:Drivers/STM32H7xx_HAL_Driver/Src/stm32h7xx_hal_rcc_ex.c **** 
 6434              		.loc 1 3670 1 is_stmt 0 view .LVU2069
 6435 0000 7047     		bx	lr
 6436              		.cfi_endproc
 6437              	.LFE167:
 6439              		.section	.text.HAL_RCCEx_CRS_IRQHandler,"ax",%progbits
 6440              		.align	1
 6441              		.global	HAL_RCCEx_CRS_IRQHandler
 6442              		.syntax unified
 6443              		.thumb
 6444              		.thumb_func
 6446              	HAL_RCCEx_CRS_IRQHandler:
 6447              	.LFB163:
3560:Drivers/STM32H7xx_HAL_Driver/Src/stm32h7xx_hal_rcc_ex.c ****   uint32_t crserror = RCC_CRS_NONE;
 6448              		.loc 1 3560 1 is_stmt 1 view -0
 6449              		.cfi_startproc
 6450              		@ args = 0, pretend = 0, frame = 0
 6451              		@ frame_needed = 0, uses_anonymous_args = 0
 6452 0000 08B5     		push	{r3, lr}
 6453              		.cfi_def_cfa_offset 8
 6454              		.cfi_offset 3, -8
 6455              		.cfi_offset 14, -4
3561:Drivers/STM32H7xx_HAL_Driver/Src/stm32h7xx_hal_rcc_ex.c ****   /* Get current IT flags and IT sources values */
 6456              		.loc 1 3561 3 view .LVU2071
 6457              	.LVL717:
3563:Drivers/STM32H7xx_HAL_Driver/Src/stm32h7xx_hal_rcc_ex.c ****   uint32_t itsources = READ_REG(CRS->CR);
 6458              		.loc 1 3563 3 view .LVU2072
3563:Drivers/STM32H7xx_HAL_Driver/Src/stm32h7xx_hal_rcc_ex.c ****   uint32_t itsources = READ_REG(CRS->CR);
ARM GAS  C:\Users\jason\AppData\Local\Temp\ccSG31kR.s 			page 217


 6459              		.loc 1 3563 12 is_stmt 0 view .LVU2073
 6460 0002 204A     		ldr	r2, .L504
 6461 0004 9368     		ldr	r3, [r2, #8]
 6462              	.LVL718:
3564:Drivers/STM32H7xx_HAL_Driver/Src/stm32h7xx_hal_rcc_ex.c **** 
 6463              		.loc 1 3564 3 is_stmt 1 view .LVU2074
3564:Drivers/STM32H7xx_HAL_Driver/Src/stm32h7xx_hal_rcc_ex.c **** 
 6464              		.loc 1 3564 12 is_stmt 0 view .LVU2075
 6465 0006 1268     		ldr	r2, [r2]
 6466              	.LVL719:
3567:Drivers/STM32H7xx_HAL_Driver/Src/stm32h7xx_hal_rcc_ex.c ****   {
 6467              		.loc 1 3567 3 is_stmt 1 view .LVU2076
3567:Drivers/STM32H7xx_HAL_Driver/Src/stm32h7xx_hal_rcc_ex.c ****   {
 6468              		.loc 1 3567 6 is_stmt 0 view .LVU2077
 6469 0008 13F0010F 		tst	r3, #1
 6470 000c 02D0     		beq	.L492
3567:Drivers/STM32H7xx_HAL_Driver/Src/stm32h7xx_hal_rcc_ex.c ****   {
 6471              		.loc 1 3567 47 discriminator 1 view .LVU2078
 6472 000e 12F0010F 		tst	r2, #1
 6473 0012 25D1     		bne	.L501
 6474              	.L492:
3576:Drivers/STM32H7xx_HAL_Driver/Src/stm32h7xx_hal_rcc_ex.c ****   {
 6475              		.loc 1 3576 8 is_stmt 1 view .LVU2079
3576:Drivers/STM32H7xx_HAL_Driver/Src/stm32h7xx_hal_rcc_ex.c ****   {
 6476              		.loc 1 3576 11 is_stmt 0 view .LVU2080
 6477 0014 13F0020F 		tst	r3, #2
 6478 0018 02D0     		beq	.L494
3576:Drivers/STM32H7xx_HAL_Driver/Src/stm32h7xx_hal_rcc_ex.c ****   {
 6479              		.loc 1 3576 54 discriminator 1 view .LVU2081
 6480 001a 12F0020F 		tst	r2, #2
 6481 001e 25D1     		bne	.L502
 6482              	.L494:
3585:Drivers/STM32H7xx_HAL_Driver/Src/stm32h7xx_hal_rcc_ex.c ****   {
 6483              		.loc 1 3585 8 is_stmt 1 view .LVU2082
3585:Drivers/STM32H7xx_HAL_Driver/Src/stm32h7xx_hal_rcc_ex.c ****   {
 6484              		.loc 1 3585 11 is_stmt 0 view .LVU2083
 6485 0020 13F0080F 		tst	r3, #8
 6486 0024 02D0     		beq	.L495
3585:Drivers/STM32H7xx_HAL_Driver/Src/stm32h7xx_hal_rcc_ex.c ****   {
 6487              		.loc 1 3585 51 discriminator 1 view .LVU2084
 6488 0026 12F0080F 		tst	r2, #8
 6489 002a 25D1     		bne	.L503
 6490              	.L495:
3596:Drivers/STM32H7xx_HAL_Driver/Src/stm32h7xx_hal_rcc_ex.c ****     {
 6491              		.loc 1 3596 5 is_stmt 1 view .LVU2085
3596:Drivers/STM32H7xx_HAL_Driver/Src/stm32h7xx_hal_rcc_ex.c ****     {
 6492              		.loc 1 3596 8 is_stmt 0 view .LVU2086
 6493 002c 13F0040F 		tst	r3, #4
 6494 0030 1BD0     		beq	.L491
3596:Drivers/STM32H7xx_HAL_Driver/Src/stm32h7xx_hal_rcc_ex.c ****     {
 6495              		.loc 1 3596 46 discriminator 1 view .LVU2087
 6496 0032 12F0040F 		tst	r2, #4
 6497 0036 18D0     		beq	.L491
3598:Drivers/STM32H7xx_HAL_Driver/Src/stm32h7xx_hal_rcc_ex.c ****       {
 6498              		.loc 1 3598 7 is_stmt 1 view .LVU2088
3598:Drivers/STM32H7xx_HAL_Driver/Src/stm32h7xx_hal_rcc_ex.c ****       {
 6499              		.loc 1 3598 10 is_stmt 0 view .LVU2089
ARM GAS  C:\Users\jason\AppData\Local\Temp\ccSG31kR.s 			page 218


 6500 0038 13F48070 		ands	r0, r3, #256
 6501 003c 00D0     		beq	.L496
3600:Drivers/STM32H7xx_HAL_Driver/Src/stm32h7xx_hal_rcc_ex.c ****       }
 6502              		.loc 1 3600 18 view .LVU2090
 6503 003e 0820     		movs	r0, #8
 6504              	.L496:
 6505              	.LVL720:
3602:Drivers/STM32H7xx_HAL_Driver/Src/stm32h7xx_hal_rcc_ex.c ****       {
 6506              		.loc 1 3602 7 is_stmt 1 view .LVU2091
3602:Drivers/STM32H7xx_HAL_Driver/Src/stm32h7xx_hal_rcc_ex.c ****       {
 6507              		.loc 1 3602 10 is_stmt 0 view .LVU2092
 6508 0040 13F4007F 		tst	r3, #512
 6509 0044 01D0     		beq	.L497
3604:Drivers/STM32H7xx_HAL_Driver/Src/stm32h7xx_hal_rcc_ex.c ****       }
 6510              		.loc 1 3604 9 is_stmt 1 view .LVU2093
3604:Drivers/STM32H7xx_HAL_Driver/Src/stm32h7xx_hal_rcc_ex.c ****       }
 6511              		.loc 1 3604 18 is_stmt 0 view .LVU2094
 6512 0046 40F01000 		orr	r0, r0, #16
 6513              	.LVL721:
 6514              	.L497:
3606:Drivers/STM32H7xx_HAL_Driver/Src/stm32h7xx_hal_rcc_ex.c ****       {
 6515              		.loc 1 3606 7 is_stmt 1 view .LVU2095
3606:Drivers/STM32H7xx_HAL_Driver/Src/stm32h7xx_hal_rcc_ex.c ****       {
 6516              		.loc 1 3606 10 is_stmt 0 view .LVU2096
 6517 004a 13F4806F 		tst	r3, #1024
 6518 004e 01D0     		beq	.L498
3608:Drivers/STM32H7xx_HAL_Driver/Src/stm32h7xx_hal_rcc_ex.c ****       }
 6519              		.loc 1 3608 9 is_stmt 1 view .LVU2097
3608:Drivers/STM32H7xx_HAL_Driver/Src/stm32h7xx_hal_rcc_ex.c ****       }
 6520              		.loc 1 3608 18 is_stmt 0 view .LVU2098
 6521 0050 40F02000 		orr	r0, r0, #32
 6522              	.LVL722:
 6523              	.L498:
3612:Drivers/STM32H7xx_HAL_Driver/Src/stm32h7xx_hal_rcc_ex.c **** 
 6524              		.loc 1 3612 7 is_stmt 1 view .LVU2099
 6525 0054 0B4B     		ldr	r3, .L504
 6526              	.LVL723:
3612:Drivers/STM32H7xx_HAL_Driver/Src/stm32h7xx_hal_rcc_ex.c **** 
 6527              		.loc 1 3612 7 is_stmt 0 view .LVU2100
 6528 0056 0422     		movs	r2, #4
 6529              	.LVL724:
3612:Drivers/STM32H7xx_HAL_Driver/Src/stm32h7xx_hal_rcc_ex.c **** 
 6530              		.loc 1 3612 7 view .LVU2101
 6531 0058 DA60     		str	r2, [r3, #12]
3615:Drivers/STM32H7xx_HAL_Driver/Src/stm32h7xx_hal_rcc_ex.c ****     }
 6532              		.loc 1 3615 7 is_stmt 1 view .LVU2102
 6533 005a FFF7FEFF 		bl	HAL_RCCEx_CRS_ErrorCallback
 6534              	.LVL725:
3618:Drivers/STM32H7xx_HAL_Driver/Src/stm32h7xx_hal_rcc_ex.c **** 
 6535              		.loc 1 3618 1 is_stmt 0 view .LVU2103
 6536 005e 04E0     		b	.L491
 6537              	.LVL726:
 6538              	.L501:
3570:Drivers/STM32H7xx_HAL_Driver/Src/stm32h7xx_hal_rcc_ex.c **** 
 6539              		.loc 1 3570 5 is_stmt 1 view .LVU2104
 6540 0060 084B     		ldr	r3, .L504
 6541              	.LVL727:
ARM GAS  C:\Users\jason\AppData\Local\Temp\ccSG31kR.s 			page 219


3570:Drivers/STM32H7xx_HAL_Driver/Src/stm32h7xx_hal_rcc_ex.c **** 
 6542              		.loc 1 3570 5 is_stmt 0 view .LVU2105
 6543 0062 0122     		movs	r2, #1
 6544              	.LVL728:
3570:Drivers/STM32H7xx_HAL_Driver/Src/stm32h7xx_hal_rcc_ex.c **** 
 6545              		.loc 1 3570 5 view .LVU2106
 6546 0064 DA60     		str	r2, [r3, #12]
3573:Drivers/STM32H7xx_HAL_Driver/Src/stm32h7xx_hal_rcc_ex.c ****   }
 6547              		.loc 1 3573 5 is_stmt 1 view .LVU2107
 6548 0066 FFF7FEFF 		bl	HAL_RCCEx_CRS_SyncOkCallback
 6549              	.LVL729:
 6550              	.L491:
3618:Drivers/STM32H7xx_HAL_Driver/Src/stm32h7xx_hal_rcc_ex.c **** 
 6551              		.loc 1 3618 1 is_stmt 0 view .LVU2108
 6552 006a 08BD     		pop	{r3, pc}
 6553              	.LVL730:
 6554              	.L502:
3579:Drivers/STM32H7xx_HAL_Driver/Src/stm32h7xx_hal_rcc_ex.c **** 
 6555              		.loc 1 3579 5 is_stmt 1 view .LVU2109
 6556 006c 054B     		ldr	r3, .L504
 6557              	.LVL731:
3579:Drivers/STM32H7xx_HAL_Driver/Src/stm32h7xx_hal_rcc_ex.c **** 
 6558              		.loc 1 3579 5 is_stmt 0 view .LVU2110
 6559 006e 0222     		movs	r2, #2
 6560              	.LVL732:
3579:Drivers/STM32H7xx_HAL_Driver/Src/stm32h7xx_hal_rcc_ex.c **** 
 6561              		.loc 1 3579 5 view .LVU2111
 6562 0070 DA60     		str	r2, [r3, #12]
3582:Drivers/STM32H7xx_HAL_Driver/Src/stm32h7xx_hal_rcc_ex.c ****   }
 6563              		.loc 1 3582 5 is_stmt 1 view .LVU2112
 6564 0072 FFF7FEFF 		bl	HAL_RCCEx_CRS_SyncWarnCallback
 6565              	.LVL733:
 6566 0076 F8E7     		b	.L491
 6567              	.LVL734:
 6568              	.L503:
3588:Drivers/STM32H7xx_HAL_Driver/Src/stm32h7xx_hal_rcc_ex.c **** 
 6569              		.loc 1 3588 5 view .LVU2113
 6570 0078 024B     		ldr	r3, .L504
 6571              	.LVL735:
3588:Drivers/STM32H7xx_HAL_Driver/Src/stm32h7xx_hal_rcc_ex.c **** 
 6572              		.loc 1 3588 5 is_stmt 0 view .LVU2114
 6573 007a 0822     		movs	r2, #8
 6574              	.LVL736:
3588:Drivers/STM32H7xx_HAL_Driver/Src/stm32h7xx_hal_rcc_ex.c **** 
 6575              		.loc 1 3588 5 view .LVU2115
 6576 007c DA60     		str	r2, [r3, #12]
3591:Drivers/STM32H7xx_HAL_Driver/Src/stm32h7xx_hal_rcc_ex.c ****   }
 6577              		.loc 1 3591 5 is_stmt 1 view .LVU2116
 6578 007e FFF7FEFF 		bl	HAL_RCCEx_CRS_ExpectedSyncCallback
 6579              	.LVL737:
 6580 0082 F2E7     		b	.L491
 6581              	.L505:
 6582              		.align	2
 6583              	.L504:
 6584 0084 00840040 		.word	1073775616
 6585              		.cfi_endproc
 6586              	.LFE163:
ARM GAS  C:\Users\jason\AppData\Local\Temp\ccSG31kR.s 			page 220


 6588              		.section	.text.HAL_RCCEx_LSECSS_Callback,"ax",%progbits
 6589              		.align	1
 6590              		.weak	HAL_RCCEx_LSECSS_Callback
 6591              		.syntax unified
 6592              		.thumb
 6593              		.thumb_func
 6595              	HAL_RCCEx_LSECSS_Callback:
 6596              	.LFB171:
3890:Drivers/STM32H7xx_HAL_Driver/Src/stm32h7xx_hal_rcc_ex.c **** 
3891:Drivers/STM32H7xx_HAL_Driver/Src/stm32h7xx_hal_rcc_ex.c **** /**
3892:Drivers/STM32H7xx_HAL_Driver/Src/stm32h7xx_hal_rcc_ex.c ****   * @brief Handle the RCC LSE Clock Security System interrupt request.
3893:Drivers/STM32H7xx_HAL_Driver/Src/stm32h7xx_hal_rcc_ex.c ****   * @retval None
3894:Drivers/STM32H7xx_HAL_Driver/Src/stm32h7xx_hal_rcc_ex.c ****   */
3895:Drivers/STM32H7xx_HAL_Driver/Src/stm32h7xx_hal_rcc_ex.c **** void HAL_RCCEx_LSECSS_IRQHandler(void)
3896:Drivers/STM32H7xx_HAL_Driver/Src/stm32h7xx_hal_rcc_ex.c **** {
3897:Drivers/STM32H7xx_HAL_Driver/Src/stm32h7xx_hal_rcc_ex.c ****   /* Check RCC LSE CSSF flag  */
3898:Drivers/STM32H7xx_HAL_Driver/Src/stm32h7xx_hal_rcc_ex.c ****   if (__HAL_RCC_GET_IT(RCC_IT_LSECSS))
3899:Drivers/STM32H7xx_HAL_Driver/Src/stm32h7xx_hal_rcc_ex.c ****   {
3900:Drivers/STM32H7xx_HAL_Driver/Src/stm32h7xx_hal_rcc_ex.c **** 
3901:Drivers/STM32H7xx_HAL_Driver/Src/stm32h7xx_hal_rcc_ex.c ****     /* Clear RCC LSE CSS pending bit */
3902:Drivers/STM32H7xx_HAL_Driver/Src/stm32h7xx_hal_rcc_ex.c ****     __HAL_RCC_CLEAR_IT(RCC_IT_LSECSS);
3903:Drivers/STM32H7xx_HAL_Driver/Src/stm32h7xx_hal_rcc_ex.c **** 
3904:Drivers/STM32H7xx_HAL_Driver/Src/stm32h7xx_hal_rcc_ex.c ****     /* RCC LSE Clock Security System interrupt user callback */
3905:Drivers/STM32H7xx_HAL_Driver/Src/stm32h7xx_hal_rcc_ex.c ****     HAL_RCCEx_LSECSS_Callback();
3906:Drivers/STM32H7xx_HAL_Driver/Src/stm32h7xx_hal_rcc_ex.c **** 
3907:Drivers/STM32H7xx_HAL_Driver/Src/stm32h7xx_hal_rcc_ex.c ****   }
3908:Drivers/STM32H7xx_HAL_Driver/Src/stm32h7xx_hal_rcc_ex.c **** }
3909:Drivers/STM32H7xx_HAL_Driver/Src/stm32h7xx_hal_rcc_ex.c **** 
3910:Drivers/STM32H7xx_HAL_Driver/Src/stm32h7xx_hal_rcc_ex.c **** /**
3911:Drivers/STM32H7xx_HAL_Driver/Src/stm32h7xx_hal_rcc_ex.c ****   * @brief  RCCEx LSE Clock Security System interrupt callback.
3912:Drivers/STM32H7xx_HAL_Driver/Src/stm32h7xx_hal_rcc_ex.c ****   * @retval none
3913:Drivers/STM32H7xx_HAL_Driver/Src/stm32h7xx_hal_rcc_ex.c ****   */
3914:Drivers/STM32H7xx_HAL_Driver/Src/stm32h7xx_hal_rcc_ex.c **** __weak void HAL_RCCEx_LSECSS_Callback(void)
3915:Drivers/STM32H7xx_HAL_Driver/Src/stm32h7xx_hal_rcc_ex.c **** {
 6597              		.loc 1 3915 1 view -0
 6598              		.cfi_startproc
 6599              		@ args = 0, pretend = 0, frame = 0
 6600              		@ frame_needed = 0, uses_anonymous_args = 0
 6601              		@ link register save eliminated.
3916:Drivers/STM32H7xx_HAL_Driver/Src/stm32h7xx_hal_rcc_ex.c ****   /* NOTE : This function should not be modified, when the callback is needed,
3917:Drivers/STM32H7xx_HAL_Driver/Src/stm32h7xx_hal_rcc_ex.c ****             the @ref HAL_RCCEx_LSECSS_Callback should be implemented in the user file
3918:Drivers/STM32H7xx_HAL_Driver/Src/stm32h7xx_hal_rcc_ex.c ****   */
3919:Drivers/STM32H7xx_HAL_Driver/Src/stm32h7xx_hal_rcc_ex.c **** }
 6602              		.loc 1 3919 1 view .LVU2118
 6603 0000 7047     		bx	lr
 6604              		.cfi_endproc
 6605              	.LFE171:
 6607              		.section	.text.HAL_RCCEx_LSECSS_IRQHandler,"ax",%progbits
 6608              		.align	1
 6609              		.global	HAL_RCCEx_LSECSS_IRQHandler
 6610              		.syntax unified
 6611              		.thumb
 6612              		.thumb_func
 6614              	HAL_RCCEx_LSECSS_IRQHandler:
 6615              	.LFB170:
3896:Drivers/STM32H7xx_HAL_Driver/Src/stm32h7xx_hal_rcc_ex.c ****   /* Check RCC LSE CSSF flag  */
 6616              		.loc 1 3896 1 view -0
ARM GAS  C:\Users\jason\AppData\Local\Temp\ccSG31kR.s 			page 221


 6617              		.cfi_startproc
 6618              		@ args = 0, pretend = 0, frame = 0
 6619              		@ frame_needed = 0, uses_anonymous_args = 0
 6620 0000 08B5     		push	{r3, lr}
 6621              		.cfi_def_cfa_offset 8
 6622              		.cfi_offset 3, -8
 6623              		.cfi_offset 14, -4
3898:Drivers/STM32H7xx_HAL_Driver/Src/stm32h7xx_hal_rcc_ex.c ****   {
 6624              		.loc 1 3898 3 view .LVU2120
3898:Drivers/STM32H7xx_HAL_Driver/Src/stm32h7xx_hal_rcc_ex.c ****   {
 6625              		.loc 1 3898 7 is_stmt 0 view .LVU2121
 6626 0002 064B     		ldr	r3, .L511
 6627 0004 5B6E     		ldr	r3, [r3, #100]
3898:Drivers/STM32H7xx_HAL_Driver/Src/stm32h7xx_hal_rcc_ex.c ****   {
 6628              		.loc 1 3898 6 view .LVU2122
 6629 0006 13F4007F 		tst	r3, #512
 6630 000a 00D1     		bne	.L510
 6631              	.L507:
3908:Drivers/STM32H7xx_HAL_Driver/Src/stm32h7xx_hal_rcc_ex.c **** 
 6632              		.loc 1 3908 1 view .LVU2123
 6633 000c 08BD     		pop	{r3, pc}
 6634              	.L510:
3902:Drivers/STM32H7xx_HAL_Driver/Src/stm32h7xx_hal_rcc_ex.c **** 
 6635              		.loc 1 3902 5 is_stmt 1 view .LVU2124
 6636 000e 034B     		ldr	r3, .L511
 6637 0010 4FF40072 		mov	r2, #512
 6638 0014 9A66     		str	r2, [r3, #104]
3905:Drivers/STM32H7xx_HAL_Driver/Src/stm32h7xx_hal_rcc_ex.c **** 
 6639              		.loc 1 3905 5 view .LVU2125
 6640 0016 FFF7FEFF 		bl	HAL_RCCEx_LSECSS_Callback
 6641              	.LVL738:
3908:Drivers/STM32H7xx_HAL_Driver/Src/stm32h7xx_hal_rcc_ex.c **** 
 6642              		.loc 1 3908 1 is_stmt 0 view .LVU2126
 6643 001a F7E7     		b	.L507
 6644              	.L512:
 6645              		.align	2
 6646              	.L511:
 6647 001c 00440258 		.word	1476543488
 6648              		.cfi_endproc
 6649              	.LFE170:
 6651              		.text
 6652              	.Letext0:
 6653              		.file 2 "C:/Users/jason/AppData/Roaming/Code/User/globalStorage/bmd.stm32-for-vscode/@xpack-dev-to
 6654              		.file 3 "C:/Users/jason/AppData/Roaming/Code/User/globalStorage/bmd.stm32-for-vscode/@xpack-dev-to
 6655              		.file 4 "Drivers/CMSIS/Device/ST/STM32H7xx/Include/system_stm32h7xx.h"
 6656              		.file 5 "Drivers/CMSIS/Device/ST/STM32H7xx/Include/stm32h750xx.h"
 6657              		.file 6 "C:/Users/jason/AppData/Roaming/Code/User/globalStorage/bmd.stm32-for-vscode/@xpack-dev-to
 6658              		.file 7 "Drivers/STM32H7xx_HAL_Driver/Inc/stm32h7xx_hal_def.h"
 6659              		.file 8 "Drivers/STM32H7xx_HAL_Driver/Inc/stm32h7xx_hal_rcc_ex.h"
 6660              		.file 9 "Drivers/STM32H7xx_HAL_Driver/Inc/stm32h7xx_hal.h"
 6661              		.file 10 "Drivers/STM32H7xx_HAL_Driver/Inc/stm32h7xx_hal_rcc.h"
ARM GAS  C:\Users\jason\AppData\Local\Temp\ccSG31kR.s 			page 222


DEFINED SYMBOLS
                            *ABS*:00000000 stm32h7xx_hal_rcc_ex.c
C:\Users\jason\AppData\Local\Temp\ccSG31kR.s:20     .text.RCCEx_PLL2_Config:00000000 $t
C:\Users\jason\AppData\Local\Temp\ccSG31kR.s:25     .text.RCCEx_PLL2_Config:00000000 RCCEx_PLL2_Config
C:\Users\jason\AppData\Local\Temp\ccSG31kR.s:229    .text.RCCEx_PLL2_Config:00000104 $d
C:\Users\jason\AppData\Local\Temp\ccSG31kR.s:234    .text.RCCEx_PLL3_Config:00000000 $t
C:\Users\jason\AppData\Local\Temp\ccSG31kR.s:239    .text.RCCEx_PLL3_Config:00000000 RCCEx_PLL3_Config
C:\Users\jason\AppData\Local\Temp\ccSG31kR.s:443    .text.RCCEx_PLL3_Config:00000104 $d
C:\Users\jason\AppData\Local\Temp\ccSG31kR.s:448    .text.HAL_RCCEx_PeriphCLKConfig:00000000 $t
C:\Users\jason\AppData\Local\Temp\ccSG31kR.s:454    .text.HAL_RCCEx_PeriphCLKConfig:00000000 HAL_RCCEx_PeriphCLKConfig
C:\Users\jason\AppData\Local\Temp\ccSG31kR.s:1048   .text.HAL_RCCEx_PeriphCLKConfig:000002b4 $d
C:\Users\jason\AppData\Local\Temp\ccSG31kR.s:1052   .text.HAL_RCCEx_PeriphCLKConfig:000002b8 $t
C:\Users\jason\AppData\Local\Temp\ccSG31kR.s:1281   .text.HAL_RCCEx_PeriphCLKConfig:000003dc $d
C:\Users\jason\AppData\Local\Temp\ccSG31kR.s:1285   .text.HAL_RCCEx_PeriphCLKConfig:000003e0 $t
C:\Users\jason\AppData\Local\Temp\ccSG31kR.s:1726   .text.HAL_RCCEx_PeriphCLKConfig:0000068c $d
C:\Users\jason\AppData\Local\Temp\ccSG31kR.s:1731   .text.HAL_RCCEx_PeriphCLKConfig:00000690 $t
C:\Users\jason\AppData\Local\Temp\ccSG31kR.s:2320   .text.HAL_RCCEx_PeriphCLKConfig:00000948 $d
C:\Users\jason\AppData\Local\Temp\ccSG31kR.s:2325   .text.HAL_RCCEx_PeriphCLKConfig:00000954 $t
C:\Users\jason\AppData\Local\Temp\ccSG31kR.s:2667   .text.HAL_RCCEx_PeriphCLKConfig:00000aec $d
C:\Users\jason\AppData\Local\Temp\ccSG31kR.s:2672   .text.HAL_RCCEx_GetPeriphCLKConfig:00000000 $t
C:\Users\jason\AppData\Local\Temp\ccSG31kR.s:2678   .text.HAL_RCCEx_GetPeriphCLKConfig:00000000 HAL_RCCEx_GetPeriphCLKConfig
C:\Users\jason\AppData\Local\Temp\ccSG31kR.s:3030   .text.HAL_RCCEx_GetPeriphCLKConfig:000001e0 $d
C:\Users\jason\AppData\Local\Temp\ccSG31kR.s:3039   .text.HAL_RCCEx_GetD1PCLK1Freq:00000000 $t
C:\Users\jason\AppData\Local\Temp\ccSG31kR.s:3045   .text.HAL_RCCEx_GetD1PCLK1Freq:00000000 HAL_RCCEx_GetD1PCLK1Freq
C:\Users\jason\AppData\Local\Temp\ccSG31kR.s:3075   .text.HAL_RCCEx_GetD1PCLK1Freq:0000001c $d
C:\Users\jason\AppData\Local\Temp\ccSG31kR.s:3081   .text.HAL_RCCEx_GetD3PCLK1Freq:00000000 $t
C:\Users\jason\AppData\Local\Temp\ccSG31kR.s:3087   .text.HAL_RCCEx_GetD3PCLK1Freq:00000000 HAL_RCCEx_GetD3PCLK1Freq
C:\Users\jason\AppData\Local\Temp\ccSG31kR.s:3117   .text.HAL_RCCEx_GetD3PCLK1Freq:0000001c $d
C:\Users\jason\AppData\Local\Temp\ccSG31kR.s:3123   .text.HAL_RCCEx_GetPLL2ClockFreq:00000000 $t
C:\Users\jason\AppData\Local\Temp\ccSG31kR.s:3129   .text.HAL_RCCEx_GetPLL2ClockFreq:00000000 HAL_RCCEx_GetPLL2ClockFreq
C:\Users\jason\AppData\Local\Temp\ccSG31kR.s:3434   .text.HAL_RCCEx_GetPLL2ClockFreq:000001e8 $d
C:\Users\jason\AppData\Local\Temp\ccSG31kR.s:3444   .text.HAL_RCCEx_GetPLL3ClockFreq:00000000 $t
C:\Users\jason\AppData\Local\Temp\ccSG31kR.s:3450   .text.HAL_RCCEx_GetPLL3ClockFreq:00000000 HAL_RCCEx_GetPLL3ClockFreq
C:\Users\jason\AppData\Local\Temp\ccSG31kR.s:3755   .text.HAL_RCCEx_GetPLL3ClockFreq:000001e8 $d
C:\Users\jason\AppData\Local\Temp\ccSG31kR.s:3765   .text.HAL_RCCEx_GetPLL1ClockFreq:00000000 $t
C:\Users\jason\AppData\Local\Temp\ccSG31kR.s:3771   .text.HAL_RCCEx_GetPLL1ClockFreq:00000000 HAL_RCCEx_GetPLL1ClockFreq
C:\Users\jason\AppData\Local\Temp\ccSG31kR.s:4076   .text.HAL_RCCEx_GetPLL1ClockFreq:000001e8 $d
C:\Users\jason\AppData\Local\Temp\ccSG31kR.s:4086   .text.HAL_RCCEx_GetPeriphCLKFreq:00000000 $t
C:\Users\jason\AppData\Local\Temp\ccSG31kR.s:4092   .text.HAL_RCCEx_GetPeriphCLKFreq:00000000 HAL_RCCEx_GetPeriphCLKFreq
C:\Users\jason\AppData\Local\Temp\ccSG31kR.s:4703   .text.HAL_RCCEx_GetPeriphCLKFreq:000002cc $d
C:\Users\jason\AppData\Local\Temp\ccSG31kR.s:4708   .text.HAL_RCCEx_GetPeriphCLKFreq:000002d4 $t
C:\Users\jason\AppData\Local\Temp\ccSG31kR.s:5258   .text.HAL_RCCEx_GetPeriphCLKFreq:00000548 $d
C:\Users\jason\AppData\Local\Temp\ccSG31kR.s:5266   .text.HAL_RCCEx_GetPeriphCLKFreq:00000558 $t
C:\Users\jason\AppData\Local\Temp\ccSG31kR.s:5701   .text.HAL_RCCEx_GetPeriphCLKFreq:000006c8 $d
C:\Users\jason\AppData\Local\Temp\ccSG31kR.s:5710   .text.HAL_RCCEx_GetD1SysClockFreq:00000000 $t
C:\Users\jason\AppData\Local\Temp\ccSG31kR.s:5716   .text.HAL_RCCEx_GetD1SysClockFreq:00000000 HAL_RCCEx_GetD1SysClockFreq
C:\Users\jason\AppData\Local\Temp\ccSG31kR.s:5768   .text.HAL_RCCEx_GetD1SysClockFreq:00000034 $d
C:\Users\jason\AppData\Local\Temp\ccSG31kR.s:5776   .text.HAL_RCCEx_EnableLSECSS:00000000 $t
C:\Users\jason\AppData\Local\Temp\ccSG31kR.s:5782   .text.HAL_RCCEx_EnableLSECSS:00000000 HAL_RCCEx_EnableLSECSS
C:\Users\jason\AppData\Local\Temp\ccSG31kR.s:5799   .text.HAL_RCCEx_EnableLSECSS:0000000c $d
C:\Users\jason\AppData\Local\Temp\ccSG31kR.s:5804   .text.HAL_RCCEx_DisableLSECSS:00000000 $t
C:\Users\jason\AppData\Local\Temp\ccSG31kR.s:5810   .text.HAL_RCCEx_DisableLSECSS:00000000 HAL_RCCEx_DisableLSECSS
C:\Users\jason\AppData\Local\Temp\ccSG31kR.s:5831   .text.HAL_RCCEx_DisableLSECSS:00000014 $d
C:\Users\jason\AppData\Local\Temp\ccSG31kR.s:5836   .text.HAL_RCCEx_EnableLSECSS_IT:00000000 $t
C:\Users\jason\AppData\Local\Temp\ccSG31kR.s:5842   .text.HAL_RCCEx_EnableLSECSS_IT:00000000 HAL_RCCEx_EnableLSECSS_IT
C:\Users\jason\AppData\Local\Temp\ccSG31kR.s:5872   .text.HAL_RCCEx_EnableLSECSS_IT:0000002c $d
C:\Users\jason\AppData\Local\Temp\ccSG31kR.s:5877   .text.HAL_RCCEx_WakeUpStopCLKConfig:00000000 $t
ARM GAS  C:\Users\jason\AppData\Local\Temp\ccSG31kR.s 			page 223


C:\Users\jason\AppData\Local\Temp\ccSG31kR.s:5883   .text.HAL_RCCEx_WakeUpStopCLKConfig:00000000 HAL_RCCEx_WakeUpStopCLKConfig
C:\Users\jason\AppData\Local\Temp\ccSG31kR.s:5903   .text.HAL_RCCEx_WakeUpStopCLKConfig:00000010 $d
C:\Users\jason\AppData\Local\Temp\ccSG31kR.s:5908   .text.HAL_RCCEx_KerWakeUpStopCLKConfig:00000000 $t
C:\Users\jason\AppData\Local\Temp\ccSG31kR.s:5914   .text.HAL_RCCEx_KerWakeUpStopCLKConfig:00000000 HAL_RCCEx_KerWakeUpStopCLKConfig
C:\Users\jason\AppData\Local\Temp\ccSG31kR.s:5934   .text.HAL_RCCEx_KerWakeUpStopCLKConfig:00000010 $d
C:\Users\jason\AppData\Local\Temp\ccSG31kR.s:5939   .text.HAL_RCCEx_WWDGxSysResetConfig:00000000 $t
C:\Users\jason\AppData\Local\Temp\ccSG31kR.s:5945   .text.HAL_RCCEx_WWDGxSysResetConfig:00000000 HAL_RCCEx_WWDGxSysResetConfig
C:\Users\jason\AppData\Local\Temp\ccSG31kR.s:5964   .text.HAL_RCCEx_WWDGxSysResetConfig:00000010 $d
C:\Users\jason\AppData\Local\Temp\ccSG31kR.s:5969   .text.HAL_RCCEx_CRSConfig:00000000 $t
C:\Users\jason\AppData\Local\Temp\ccSG31kR.s:5975   .text.HAL_RCCEx_CRSConfig:00000000 HAL_RCCEx_CRSConfig
C:\Users\jason\AppData\Local\Temp\ccSG31kR.s:6076   .text.HAL_RCCEx_CRSConfig:0000006c $d
C:\Users\jason\AppData\Local\Temp\ccSG31kR.s:6082   .text.HAL_RCCEx_CRSSoftwareSynchronizationGenerate:00000000 $t
C:\Users\jason\AppData\Local\Temp\ccSG31kR.s:6088   .text.HAL_RCCEx_CRSSoftwareSynchronizationGenerate:00000000 HAL_RCCEx_CRSSoftwareSynchronizationGenerate
C:\Users\jason\AppData\Local\Temp\ccSG31kR.s:6105   .text.HAL_RCCEx_CRSSoftwareSynchronizationGenerate:0000000c $d
C:\Users\jason\AppData\Local\Temp\ccSG31kR.s:6110   .text.HAL_RCCEx_CRSGetSynchronizationInfo:00000000 $t
C:\Users\jason\AppData\Local\Temp\ccSG31kR.s:6116   .text.HAL_RCCEx_CRSGetSynchronizationInfo:00000000 HAL_RCCEx_CRSGetSynchronizationInfo
C:\Users\jason\AppData\Local\Temp\ccSG31kR.s:6159   .text.HAL_RCCEx_CRSGetSynchronizationInfo:00000020 $d
C:\Users\jason\AppData\Local\Temp\ccSG31kR.s:6164   .text.HAL_RCCEx_CRSWaitSynchronization:00000000 $t
C:\Users\jason\AppData\Local\Temp\ccSG31kR.s:6170   .text.HAL_RCCEx_CRSWaitSynchronization:00000000 HAL_RCCEx_CRSWaitSynchronization
C:\Users\jason\AppData\Local\Temp\ccSG31kR.s:6357   .text.HAL_RCCEx_CRSWaitSynchronization:000000a8 $d
C:\Users\jason\AppData\Local\Temp\ccSG31kR.s:6362   .text.HAL_RCCEx_CRS_SyncOkCallback:00000000 $t
C:\Users\jason\AppData\Local\Temp\ccSG31kR.s:6368   .text.HAL_RCCEx_CRS_SyncOkCallback:00000000 HAL_RCCEx_CRS_SyncOkCallback
C:\Users\jason\AppData\Local\Temp\ccSG31kR.s:6381   .text.HAL_RCCEx_CRS_SyncWarnCallback:00000000 $t
C:\Users\jason\AppData\Local\Temp\ccSG31kR.s:6387   .text.HAL_RCCEx_CRS_SyncWarnCallback:00000000 HAL_RCCEx_CRS_SyncWarnCallback
C:\Users\jason\AppData\Local\Temp\ccSG31kR.s:6400   .text.HAL_RCCEx_CRS_ExpectedSyncCallback:00000000 $t
C:\Users\jason\AppData\Local\Temp\ccSG31kR.s:6406   .text.HAL_RCCEx_CRS_ExpectedSyncCallback:00000000 HAL_RCCEx_CRS_ExpectedSyncCallback
C:\Users\jason\AppData\Local\Temp\ccSG31kR.s:6419   .text.HAL_RCCEx_CRS_ErrorCallback:00000000 $t
C:\Users\jason\AppData\Local\Temp\ccSG31kR.s:6425   .text.HAL_RCCEx_CRS_ErrorCallback:00000000 HAL_RCCEx_CRS_ErrorCallback
C:\Users\jason\AppData\Local\Temp\ccSG31kR.s:6440   .text.HAL_RCCEx_CRS_IRQHandler:00000000 $t
C:\Users\jason\AppData\Local\Temp\ccSG31kR.s:6446   .text.HAL_RCCEx_CRS_IRQHandler:00000000 HAL_RCCEx_CRS_IRQHandler
C:\Users\jason\AppData\Local\Temp\ccSG31kR.s:6584   .text.HAL_RCCEx_CRS_IRQHandler:00000084 $d
C:\Users\jason\AppData\Local\Temp\ccSG31kR.s:6589   .text.HAL_RCCEx_LSECSS_Callback:00000000 $t
C:\Users\jason\AppData\Local\Temp\ccSG31kR.s:6595   .text.HAL_RCCEx_LSECSS_Callback:00000000 HAL_RCCEx_LSECSS_Callback
C:\Users\jason\AppData\Local\Temp\ccSG31kR.s:6608   .text.HAL_RCCEx_LSECSS_IRQHandler:00000000 $t
C:\Users\jason\AppData\Local\Temp\ccSG31kR.s:6614   .text.HAL_RCCEx_LSECSS_IRQHandler:00000000 HAL_RCCEx_LSECSS_IRQHandler
C:\Users\jason\AppData\Local\Temp\ccSG31kR.s:6647   .text.HAL_RCCEx_LSECSS_IRQHandler:0000001c $d

UNDEFINED SYMBOLS
HAL_GetTick
HAL_RCC_GetHCLKFreq
D1CorePrescTable
HAL_RCC_GetPCLK1Freq
HAL_RCC_GetSysClockFreq
SystemD2Clock
SystemCoreClock
HAL_GetREVID
