ARM GAS  C:\Users\jason\AppData\Local\Temp\ccFJFDwG.s 			page 1


   1              		.cpu cortex-m7
   2              		.arch armv7e-m
   3              		.fpu fpv5-d16
   4              		.eabi_attribute 28, 1
   5              		.eabi_attribute 20, 1
   6              		.eabi_attribute 21, 1
   7              		.eabi_attribute 23, 3
   8              		.eabi_attribute 24, 1
   9              		.eabi_attribute 25, 1
  10              		.eabi_attribute 26, 1
  11              		.eabi_attribute 30, 1
  12              		.eabi_attribute 34, 1
  13              		.eabi_attribute 18, 4
  14              		.file	"stream_buffer.c"
  15              		.text
  16              	.Ltext0:
  17              		.cfi_sections	.debug_frame
  18              		.file 1 "Middlewares/Third_Party/FreeRTOS/Source/stream_buffer.c"
  19              		.section	.text.prvBytesInBuffer,"ax",%progbits
  20              		.align	1
  21              		.syntax unified
  22              		.thumb
  23              		.thumb_func
  25              	prvBytesInBuffer:
  26              	.LVL0:
  27              	.LFB24:
   1:Middlewares/Third_Party/FreeRTOS/Source/stream_buffer.c **** /*
   2:Middlewares/Third_Party/FreeRTOS/Source/stream_buffer.c ****  * FreeRTOS Kernel V10.3.1
   3:Middlewares/Third_Party/FreeRTOS/Source/stream_buffer.c ****  * Copyright (C) 2020 Amazon.com, Inc. or its affiliates.  All Rights Reserved.
   4:Middlewares/Third_Party/FreeRTOS/Source/stream_buffer.c ****  *
   5:Middlewares/Third_Party/FreeRTOS/Source/stream_buffer.c ****  * Permission is hereby granted, free of charge, to any person obtaining a copy of
   6:Middlewares/Third_Party/FreeRTOS/Source/stream_buffer.c ****  * this software and associated documentation files (the "Software"), to deal in
   7:Middlewares/Third_Party/FreeRTOS/Source/stream_buffer.c ****  * the Software without restriction, including without limitation the rights to
   8:Middlewares/Third_Party/FreeRTOS/Source/stream_buffer.c ****  * use, copy, modify, merge, publish, distribute, sublicense, and/or sell copies of
   9:Middlewares/Third_Party/FreeRTOS/Source/stream_buffer.c ****  * the Software, and to permit persons to whom the Software is furnished to do so,
  10:Middlewares/Third_Party/FreeRTOS/Source/stream_buffer.c ****  * subject to the following conditions:
  11:Middlewares/Third_Party/FreeRTOS/Source/stream_buffer.c ****  *
  12:Middlewares/Third_Party/FreeRTOS/Source/stream_buffer.c ****  * The above copyright notice and this permission notice shall be included in all
  13:Middlewares/Third_Party/FreeRTOS/Source/stream_buffer.c ****  * copies or substantial portions of the Software.
  14:Middlewares/Third_Party/FreeRTOS/Source/stream_buffer.c ****  *
  15:Middlewares/Third_Party/FreeRTOS/Source/stream_buffer.c ****  * THE SOFTWARE IS PROVIDED "AS IS", WITHOUT WARRANTY OF ANY KIND, EXPRESS OR
  16:Middlewares/Third_Party/FreeRTOS/Source/stream_buffer.c ****  * IMPLIED, INCLUDING BUT NOT LIMITED TO THE WARRANTIES OF MERCHANTABILITY, FITNESS
  17:Middlewares/Third_Party/FreeRTOS/Source/stream_buffer.c ****  * FOR A PARTICULAR PURPOSE AND NONINFRINGEMENT. IN NO EVENT SHALL THE AUTHORS OR
  18:Middlewares/Third_Party/FreeRTOS/Source/stream_buffer.c ****  * COPYRIGHT HOLDERS BE LIABLE FOR ANY CLAIM, DAMAGES OR OTHER LIABILITY, WHETHER
  19:Middlewares/Third_Party/FreeRTOS/Source/stream_buffer.c ****  * IN AN ACTION OF CONTRACT, TORT OR OTHERWISE, ARISING FROM, OUT OF OR IN
  20:Middlewares/Third_Party/FreeRTOS/Source/stream_buffer.c ****  * CONNECTION WITH THE SOFTWARE OR THE USE OR OTHER DEALINGS IN THE SOFTWARE.
  21:Middlewares/Third_Party/FreeRTOS/Source/stream_buffer.c ****  *
  22:Middlewares/Third_Party/FreeRTOS/Source/stream_buffer.c ****  * http://www.FreeRTOS.org
  23:Middlewares/Third_Party/FreeRTOS/Source/stream_buffer.c ****  * http://aws.amazon.com/freertos
  24:Middlewares/Third_Party/FreeRTOS/Source/stream_buffer.c ****  *
  25:Middlewares/Third_Party/FreeRTOS/Source/stream_buffer.c ****  * 1 tab == 4 spaces!
  26:Middlewares/Third_Party/FreeRTOS/Source/stream_buffer.c ****  */
  27:Middlewares/Third_Party/FreeRTOS/Source/stream_buffer.c **** 
  28:Middlewares/Third_Party/FreeRTOS/Source/stream_buffer.c **** /* Standard includes. */
  29:Middlewares/Third_Party/FreeRTOS/Source/stream_buffer.c **** #include <stdint.h>
  30:Middlewares/Third_Party/FreeRTOS/Source/stream_buffer.c **** #include <string.h>
  31:Middlewares/Third_Party/FreeRTOS/Source/stream_buffer.c **** 
ARM GAS  C:\Users\jason\AppData\Local\Temp\ccFJFDwG.s 			page 2


  32:Middlewares/Third_Party/FreeRTOS/Source/stream_buffer.c **** /* Defining MPU_WRAPPERS_INCLUDED_FROM_API_FILE prevents task.h from redefining
  33:Middlewares/Third_Party/FreeRTOS/Source/stream_buffer.c **** all the API functions to use the MPU wrappers.  That should only be done when
  34:Middlewares/Third_Party/FreeRTOS/Source/stream_buffer.c **** task.h is included from an application file. */
  35:Middlewares/Third_Party/FreeRTOS/Source/stream_buffer.c **** #define MPU_WRAPPERS_INCLUDED_FROM_API_FILE
  36:Middlewares/Third_Party/FreeRTOS/Source/stream_buffer.c **** 
  37:Middlewares/Third_Party/FreeRTOS/Source/stream_buffer.c **** /* FreeRTOS includes. */
  38:Middlewares/Third_Party/FreeRTOS/Source/stream_buffer.c **** #include "FreeRTOS.h"
  39:Middlewares/Third_Party/FreeRTOS/Source/stream_buffer.c **** #include "task.h"
  40:Middlewares/Third_Party/FreeRTOS/Source/stream_buffer.c **** #include "stream_buffer.h"
  41:Middlewares/Third_Party/FreeRTOS/Source/stream_buffer.c **** 
  42:Middlewares/Third_Party/FreeRTOS/Source/stream_buffer.c **** #if( configUSE_TASK_NOTIFICATIONS != 1 )
  43:Middlewares/Third_Party/FreeRTOS/Source/stream_buffer.c **** 	#error configUSE_TASK_NOTIFICATIONS must be set to 1 to build stream_buffer.c
  44:Middlewares/Third_Party/FreeRTOS/Source/stream_buffer.c **** #endif
  45:Middlewares/Third_Party/FreeRTOS/Source/stream_buffer.c **** 
  46:Middlewares/Third_Party/FreeRTOS/Source/stream_buffer.c **** /* Lint e961, e9021 and e750 are suppressed as a MISRA exception justified
  47:Middlewares/Third_Party/FreeRTOS/Source/stream_buffer.c **** because the MPU ports require MPU_WRAPPERS_INCLUDED_FROM_API_FILE to be defined
  48:Middlewares/Third_Party/FreeRTOS/Source/stream_buffer.c **** for the header files above, but not in this file, in order to generate the
  49:Middlewares/Third_Party/FreeRTOS/Source/stream_buffer.c **** correct privileged Vs unprivileged linkage and placement. */
  50:Middlewares/Third_Party/FreeRTOS/Source/stream_buffer.c **** #undef MPU_WRAPPERS_INCLUDED_FROM_API_FILE /*lint !e961 !e750 !e9021. */
  51:Middlewares/Third_Party/FreeRTOS/Source/stream_buffer.c **** 
  52:Middlewares/Third_Party/FreeRTOS/Source/stream_buffer.c **** /* If the user has not provided application specific Rx notification macros,
  53:Middlewares/Third_Party/FreeRTOS/Source/stream_buffer.c **** or #defined the notification macros away, them provide default implementations
  54:Middlewares/Third_Party/FreeRTOS/Source/stream_buffer.c **** that uses task notifications. */
  55:Middlewares/Third_Party/FreeRTOS/Source/stream_buffer.c **** /*lint -save -e9026 Function like macros allowed and needed here so they can be overidden. */
  56:Middlewares/Third_Party/FreeRTOS/Source/stream_buffer.c **** #ifndef sbRECEIVE_COMPLETED
  57:Middlewares/Third_Party/FreeRTOS/Source/stream_buffer.c **** 	#define sbRECEIVE_COMPLETED( pxStreamBuffer )										\
  58:Middlewares/Third_Party/FreeRTOS/Source/stream_buffer.c **** 		vTaskSuspendAll();																\
  59:Middlewares/Third_Party/FreeRTOS/Source/stream_buffer.c **** 		{																				\
  60:Middlewares/Third_Party/FreeRTOS/Source/stream_buffer.c **** 			if( ( pxStreamBuffer )->xTaskWaitingToSend != NULL )						\
  61:Middlewares/Third_Party/FreeRTOS/Source/stream_buffer.c **** 			{																			\
  62:Middlewares/Third_Party/FreeRTOS/Source/stream_buffer.c **** 				( void ) xTaskNotify( ( pxStreamBuffer )->xTaskWaitingToSend,			\
  63:Middlewares/Third_Party/FreeRTOS/Source/stream_buffer.c **** 									  ( uint32_t ) 0,									\
  64:Middlewares/Third_Party/FreeRTOS/Source/stream_buffer.c **** 									  eNoAction );										\
  65:Middlewares/Third_Party/FreeRTOS/Source/stream_buffer.c **** 				( pxStreamBuffer )->xTaskWaitingToSend = NULL;							\
  66:Middlewares/Third_Party/FreeRTOS/Source/stream_buffer.c **** 			}																			\
  67:Middlewares/Third_Party/FreeRTOS/Source/stream_buffer.c **** 		}																				\
  68:Middlewares/Third_Party/FreeRTOS/Source/stream_buffer.c **** 		( void ) xTaskResumeAll();
  69:Middlewares/Third_Party/FreeRTOS/Source/stream_buffer.c **** #endif /* sbRECEIVE_COMPLETED */
  70:Middlewares/Third_Party/FreeRTOS/Source/stream_buffer.c **** 
  71:Middlewares/Third_Party/FreeRTOS/Source/stream_buffer.c **** #ifndef sbRECEIVE_COMPLETED_FROM_ISR
  72:Middlewares/Third_Party/FreeRTOS/Source/stream_buffer.c **** 	#define sbRECEIVE_COMPLETED_FROM_ISR( pxStreamBuffer,								\
  73:Middlewares/Third_Party/FreeRTOS/Source/stream_buffer.c **** 										  pxHigherPriorityTaskWoken )					\
  74:Middlewares/Third_Party/FreeRTOS/Source/stream_buffer.c **** 	{																					\
  75:Middlewares/Third_Party/FreeRTOS/Source/stream_buffer.c **** 	UBaseType_t uxSavedInterruptStatus;													\
  76:Middlewares/Third_Party/FreeRTOS/Source/stream_buffer.c **** 																						\
  77:Middlewares/Third_Party/FreeRTOS/Source/stream_buffer.c **** 		uxSavedInterruptStatus = ( UBaseType_t ) portSET_INTERRUPT_MASK_FROM_ISR();		\
  78:Middlewares/Third_Party/FreeRTOS/Source/stream_buffer.c **** 		{																				\
  79:Middlewares/Third_Party/FreeRTOS/Source/stream_buffer.c **** 			if( ( pxStreamBuffer )->xTaskWaitingToSend != NULL )						\
  80:Middlewares/Third_Party/FreeRTOS/Source/stream_buffer.c **** 			{																			\
  81:Middlewares/Third_Party/FreeRTOS/Source/stream_buffer.c **** 				( void ) xTaskNotifyFromISR( ( pxStreamBuffer )->xTaskWaitingToSend,	\
  82:Middlewares/Third_Party/FreeRTOS/Source/stream_buffer.c **** 											 ( uint32_t ) 0,							\
  83:Middlewares/Third_Party/FreeRTOS/Source/stream_buffer.c **** 											 eNoAction,									\
  84:Middlewares/Third_Party/FreeRTOS/Source/stream_buffer.c **** 											 pxHigherPriorityTaskWoken );				\
  85:Middlewares/Third_Party/FreeRTOS/Source/stream_buffer.c **** 				( pxStreamBuffer )->xTaskWaitingToSend = NULL;							\
  86:Middlewares/Third_Party/FreeRTOS/Source/stream_buffer.c **** 			}																			\
  87:Middlewares/Third_Party/FreeRTOS/Source/stream_buffer.c **** 		}																				\
  88:Middlewares/Third_Party/FreeRTOS/Source/stream_buffer.c **** 		portCLEAR_INTERRUPT_MASK_FROM_ISR( uxSavedInterruptStatus );					\
ARM GAS  C:\Users\jason\AppData\Local\Temp\ccFJFDwG.s 			page 3


  89:Middlewares/Third_Party/FreeRTOS/Source/stream_buffer.c **** 	}
  90:Middlewares/Third_Party/FreeRTOS/Source/stream_buffer.c **** #endif /* sbRECEIVE_COMPLETED_FROM_ISR */
  91:Middlewares/Third_Party/FreeRTOS/Source/stream_buffer.c **** 
  92:Middlewares/Third_Party/FreeRTOS/Source/stream_buffer.c **** /* If the user has not provided an application specific Tx notification macro,
  93:Middlewares/Third_Party/FreeRTOS/Source/stream_buffer.c **** or #defined the notification macro away, them provide a default implementation
  94:Middlewares/Third_Party/FreeRTOS/Source/stream_buffer.c **** that uses task notifications. */
  95:Middlewares/Third_Party/FreeRTOS/Source/stream_buffer.c **** #ifndef sbSEND_COMPLETED
  96:Middlewares/Third_Party/FreeRTOS/Source/stream_buffer.c **** 	#define sbSEND_COMPLETED( pxStreamBuffer )											\
  97:Middlewares/Third_Party/FreeRTOS/Source/stream_buffer.c **** 		vTaskSuspendAll();																\
  98:Middlewares/Third_Party/FreeRTOS/Source/stream_buffer.c **** 		{																				\
  99:Middlewares/Third_Party/FreeRTOS/Source/stream_buffer.c **** 			if( ( pxStreamBuffer )->xTaskWaitingToReceive != NULL )						\
 100:Middlewares/Third_Party/FreeRTOS/Source/stream_buffer.c **** 			{																			\
 101:Middlewares/Third_Party/FreeRTOS/Source/stream_buffer.c **** 				( void ) xTaskNotify( ( pxStreamBuffer )->xTaskWaitingToReceive,		\
 102:Middlewares/Third_Party/FreeRTOS/Source/stream_buffer.c **** 									  ( uint32_t ) 0,									\
 103:Middlewares/Third_Party/FreeRTOS/Source/stream_buffer.c **** 									  eNoAction );										\
 104:Middlewares/Third_Party/FreeRTOS/Source/stream_buffer.c **** 				( pxStreamBuffer )->xTaskWaitingToReceive = NULL;						\
 105:Middlewares/Third_Party/FreeRTOS/Source/stream_buffer.c **** 			}																			\
 106:Middlewares/Third_Party/FreeRTOS/Source/stream_buffer.c **** 		}																				\
 107:Middlewares/Third_Party/FreeRTOS/Source/stream_buffer.c **** 		( void ) xTaskResumeAll();
 108:Middlewares/Third_Party/FreeRTOS/Source/stream_buffer.c **** #endif /* sbSEND_COMPLETED */
 109:Middlewares/Third_Party/FreeRTOS/Source/stream_buffer.c **** 
 110:Middlewares/Third_Party/FreeRTOS/Source/stream_buffer.c **** #ifndef sbSEND_COMPLETE_FROM_ISR
 111:Middlewares/Third_Party/FreeRTOS/Source/stream_buffer.c **** 	#define sbSEND_COMPLETE_FROM_ISR( pxStreamBuffer, pxHigherPriorityTaskWoken )		\
 112:Middlewares/Third_Party/FreeRTOS/Source/stream_buffer.c **** 	{																					\
 113:Middlewares/Third_Party/FreeRTOS/Source/stream_buffer.c **** 	UBaseType_t uxSavedInterruptStatus;													\
 114:Middlewares/Third_Party/FreeRTOS/Source/stream_buffer.c **** 																						\
 115:Middlewares/Third_Party/FreeRTOS/Source/stream_buffer.c **** 		uxSavedInterruptStatus = ( UBaseType_t ) portSET_INTERRUPT_MASK_FROM_ISR();		\
 116:Middlewares/Third_Party/FreeRTOS/Source/stream_buffer.c **** 		{																				\
 117:Middlewares/Third_Party/FreeRTOS/Source/stream_buffer.c **** 			if( ( pxStreamBuffer )->xTaskWaitingToReceive != NULL )						\
 118:Middlewares/Third_Party/FreeRTOS/Source/stream_buffer.c **** 			{																			\
 119:Middlewares/Third_Party/FreeRTOS/Source/stream_buffer.c **** 				( void ) xTaskNotifyFromISR( ( pxStreamBuffer )->xTaskWaitingToReceive,	\
 120:Middlewares/Third_Party/FreeRTOS/Source/stream_buffer.c **** 											 ( uint32_t ) 0,							\
 121:Middlewares/Third_Party/FreeRTOS/Source/stream_buffer.c **** 											 eNoAction,									\
 122:Middlewares/Third_Party/FreeRTOS/Source/stream_buffer.c **** 											 pxHigherPriorityTaskWoken );				\
 123:Middlewares/Third_Party/FreeRTOS/Source/stream_buffer.c **** 				( pxStreamBuffer )->xTaskWaitingToReceive = NULL;						\
 124:Middlewares/Third_Party/FreeRTOS/Source/stream_buffer.c **** 			}																			\
 125:Middlewares/Third_Party/FreeRTOS/Source/stream_buffer.c **** 		}																				\
 126:Middlewares/Third_Party/FreeRTOS/Source/stream_buffer.c **** 		portCLEAR_INTERRUPT_MASK_FROM_ISR( uxSavedInterruptStatus );					\
 127:Middlewares/Third_Party/FreeRTOS/Source/stream_buffer.c **** 	}
 128:Middlewares/Third_Party/FreeRTOS/Source/stream_buffer.c **** #endif /* sbSEND_COMPLETE_FROM_ISR */
 129:Middlewares/Third_Party/FreeRTOS/Source/stream_buffer.c **** /*lint -restore (9026) */
 130:Middlewares/Third_Party/FreeRTOS/Source/stream_buffer.c **** 
 131:Middlewares/Third_Party/FreeRTOS/Source/stream_buffer.c **** /* The number of bytes used to hold the length of a message in the buffer. */
 132:Middlewares/Third_Party/FreeRTOS/Source/stream_buffer.c **** #define sbBYTES_TO_STORE_MESSAGE_LENGTH ( sizeof( configMESSAGE_BUFFER_LENGTH_TYPE ) )
 133:Middlewares/Third_Party/FreeRTOS/Source/stream_buffer.c **** 
 134:Middlewares/Third_Party/FreeRTOS/Source/stream_buffer.c **** /* Bits stored in the ucFlags field of the stream buffer. */
 135:Middlewares/Third_Party/FreeRTOS/Source/stream_buffer.c **** #define sbFLAGS_IS_MESSAGE_BUFFER		( ( uint8_t ) 1 ) /* Set if the stream buffer was created as a m
 136:Middlewares/Third_Party/FreeRTOS/Source/stream_buffer.c **** #define sbFLAGS_IS_STATICALLY_ALLOCATED ( ( uint8_t ) 2 ) /* Set if the stream buffer was created u
 137:Middlewares/Third_Party/FreeRTOS/Source/stream_buffer.c **** 
 138:Middlewares/Third_Party/FreeRTOS/Source/stream_buffer.c **** /*-----------------------------------------------------------*/
 139:Middlewares/Third_Party/FreeRTOS/Source/stream_buffer.c **** 
 140:Middlewares/Third_Party/FreeRTOS/Source/stream_buffer.c **** /* Structure that hold state information on the buffer. */
 141:Middlewares/Third_Party/FreeRTOS/Source/stream_buffer.c **** typedef struct StreamBufferDef_t /*lint !e9058 Style convention uses tag. */
 142:Middlewares/Third_Party/FreeRTOS/Source/stream_buffer.c **** {
 143:Middlewares/Third_Party/FreeRTOS/Source/stream_buffer.c **** 	volatile size_t xTail;				/* Index to the next item to read within the buffer. */
 144:Middlewares/Third_Party/FreeRTOS/Source/stream_buffer.c **** 	volatile size_t xHead;				/* Index to the next item to write within the buffer. */
 145:Middlewares/Third_Party/FreeRTOS/Source/stream_buffer.c **** 	size_t xLength;						/* The length of the buffer pointed to by pucBuffer. */
ARM GAS  C:\Users\jason\AppData\Local\Temp\ccFJFDwG.s 			page 4


 146:Middlewares/Third_Party/FreeRTOS/Source/stream_buffer.c **** 	size_t xTriggerLevelBytes;			/* The number of bytes that must be in the stream buffer before a tas
 147:Middlewares/Third_Party/FreeRTOS/Source/stream_buffer.c **** 	volatile TaskHandle_t xTaskWaitingToReceive; /* Holds the handle of a task waiting for data, or NU
 148:Middlewares/Third_Party/FreeRTOS/Source/stream_buffer.c **** 	volatile TaskHandle_t xTaskWaitingToSend;	/* Holds the handle of a task waiting to send data to a 
 149:Middlewares/Third_Party/FreeRTOS/Source/stream_buffer.c **** 	uint8_t *pucBuffer;					/* Points to the buffer itself - that is - the RAM that stores the data pa
 150:Middlewares/Third_Party/FreeRTOS/Source/stream_buffer.c **** 	uint8_t ucFlags;
 151:Middlewares/Third_Party/FreeRTOS/Source/stream_buffer.c **** 
 152:Middlewares/Third_Party/FreeRTOS/Source/stream_buffer.c **** 	#if ( configUSE_TRACE_FACILITY == 1 )
 153:Middlewares/Third_Party/FreeRTOS/Source/stream_buffer.c **** 		UBaseType_t uxStreamBufferNumber;		/* Used for tracing purposes. */
 154:Middlewares/Third_Party/FreeRTOS/Source/stream_buffer.c **** 	#endif
 155:Middlewares/Third_Party/FreeRTOS/Source/stream_buffer.c **** } StreamBuffer_t;
 156:Middlewares/Third_Party/FreeRTOS/Source/stream_buffer.c **** 
 157:Middlewares/Third_Party/FreeRTOS/Source/stream_buffer.c **** /*
 158:Middlewares/Third_Party/FreeRTOS/Source/stream_buffer.c ****  * The number of bytes available to be read from the buffer.
 159:Middlewares/Third_Party/FreeRTOS/Source/stream_buffer.c ****  */
 160:Middlewares/Third_Party/FreeRTOS/Source/stream_buffer.c **** static size_t prvBytesInBuffer( const StreamBuffer_t * const pxStreamBuffer ) PRIVILEGED_FUNCTION;
 161:Middlewares/Third_Party/FreeRTOS/Source/stream_buffer.c **** 
 162:Middlewares/Third_Party/FreeRTOS/Source/stream_buffer.c **** /*
 163:Middlewares/Third_Party/FreeRTOS/Source/stream_buffer.c ****  * Add xCount bytes from pucData into the pxStreamBuffer message buffer.
 164:Middlewares/Third_Party/FreeRTOS/Source/stream_buffer.c ****  * Returns the number of bytes written, which will either equal xCount in the
 165:Middlewares/Third_Party/FreeRTOS/Source/stream_buffer.c ****  * success case, or 0 if there was not enough space in the buffer (in which case
 166:Middlewares/Third_Party/FreeRTOS/Source/stream_buffer.c ****  * no data is written into the buffer).
 167:Middlewares/Third_Party/FreeRTOS/Source/stream_buffer.c ****  */
 168:Middlewares/Third_Party/FreeRTOS/Source/stream_buffer.c **** static size_t prvWriteBytesToBuffer( StreamBuffer_t * const pxStreamBuffer, const uint8_t *pucData,
 169:Middlewares/Third_Party/FreeRTOS/Source/stream_buffer.c **** 
 170:Middlewares/Third_Party/FreeRTOS/Source/stream_buffer.c **** /*
 171:Middlewares/Third_Party/FreeRTOS/Source/stream_buffer.c ****  * If the stream buffer is being used as a message buffer, then reads an entire
 172:Middlewares/Third_Party/FreeRTOS/Source/stream_buffer.c ****  * message out of the buffer.  If the stream buffer is being used as a stream
 173:Middlewares/Third_Party/FreeRTOS/Source/stream_buffer.c ****  * buffer then read as many bytes as possible from the buffer.
 174:Middlewares/Third_Party/FreeRTOS/Source/stream_buffer.c ****  * prvReadBytesFromBuffer() is called to actually extract the bytes from the
 175:Middlewares/Third_Party/FreeRTOS/Source/stream_buffer.c ****  * buffer's data storage area.
 176:Middlewares/Third_Party/FreeRTOS/Source/stream_buffer.c ****  */
 177:Middlewares/Third_Party/FreeRTOS/Source/stream_buffer.c **** static size_t prvReadMessageFromBuffer( StreamBuffer_t *pxStreamBuffer,
 178:Middlewares/Third_Party/FreeRTOS/Source/stream_buffer.c **** 										void *pvRxData,
 179:Middlewares/Third_Party/FreeRTOS/Source/stream_buffer.c **** 										size_t xBufferLengthBytes,
 180:Middlewares/Third_Party/FreeRTOS/Source/stream_buffer.c **** 										size_t xBytesAvailable,
 181:Middlewares/Third_Party/FreeRTOS/Source/stream_buffer.c **** 										size_t xBytesToStoreMessageLength ) PRIVILEGED_FUNCTION;
 182:Middlewares/Third_Party/FreeRTOS/Source/stream_buffer.c **** 
 183:Middlewares/Third_Party/FreeRTOS/Source/stream_buffer.c **** /*
 184:Middlewares/Third_Party/FreeRTOS/Source/stream_buffer.c ****  * If the stream buffer is being used as a message buffer, then writes an entire
 185:Middlewares/Third_Party/FreeRTOS/Source/stream_buffer.c ****  * message to the buffer.  If the stream buffer is being used as a stream
 186:Middlewares/Third_Party/FreeRTOS/Source/stream_buffer.c ****  * buffer then write as many bytes as possible to the buffer.
 187:Middlewares/Third_Party/FreeRTOS/Source/stream_buffer.c ****  * prvWriteBytestoBuffer() is called to actually send the bytes to the buffer's
 188:Middlewares/Third_Party/FreeRTOS/Source/stream_buffer.c ****  * data storage area.
 189:Middlewares/Third_Party/FreeRTOS/Source/stream_buffer.c ****  */
 190:Middlewares/Third_Party/FreeRTOS/Source/stream_buffer.c **** static size_t prvWriteMessageToBuffer(  StreamBuffer_t * const pxStreamBuffer,
 191:Middlewares/Third_Party/FreeRTOS/Source/stream_buffer.c **** 										const void * pvTxData,
 192:Middlewares/Third_Party/FreeRTOS/Source/stream_buffer.c **** 										size_t xDataLengthBytes,
 193:Middlewares/Third_Party/FreeRTOS/Source/stream_buffer.c **** 										size_t xSpace,
 194:Middlewares/Third_Party/FreeRTOS/Source/stream_buffer.c **** 										size_t xRequiredSpace ) PRIVILEGED_FUNCTION;
 195:Middlewares/Third_Party/FreeRTOS/Source/stream_buffer.c **** 
 196:Middlewares/Third_Party/FreeRTOS/Source/stream_buffer.c **** /*
 197:Middlewares/Third_Party/FreeRTOS/Source/stream_buffer.c ****  * Read xMaxCount bytes from the pxStreamBuffer message buffer and write them
 198:Middlewares/Third_Party/FreeRTOS/Source/stream_buffer.c ****  * to pucData.
 199:Middlewares/Third_Party/FreeRTOS/Source/stream_buffer.c ****  */
 200:Middlewares/Third_Party/FreeRTOS/Source/stream_buffer.c **** static size_t prvReadBytesFromBuffer( StreamBuffer_t *pxStreamBuffer,
 201:Middlewares/Third_Party/FreeRTOS/Source/stream_buffer.c **** 									  uint8_t *pucData,
 202:Middlewares/Third_Party/FreeRTOS/Source/stream_buffer.c **** 									  size_t xMaxCount,
ARM GAS  C:\Users\jason\AppData\Local\Temp\ccFJFDwG.s 			page 5


 203:Middlewares/Third_Party/FreeRTOS/Source/stream_buffer.c **** 									  size_t xBytesAvailable ) PRIVILEGED_FUNCTION;
 204:Middlewares/Third_Party/FreeRTOS/Source/stream_buffer.c **** 
 205:Middlewares/Third_Party/FreeRTOS/Source/stream_buffer.c **** /*
 206:Middlewares/Third_Party/FreeRTOS/Source/stream_buffer.c ****  * Called by both pxStreamBufferCreate() and pxStreamBufferCreateStatic() to
 207:Middlewares/Third_Party/FreeRTOS/Source/stream_buffer.c ****  * initialise the members of the newly created stream buffer structure.
 208:Middlewares/Third_Party/FreeRTOS/Source/stream_buffer.c ****  */
 209:Middlewares/Third_Party/FreeRTOS/Source/stream_buffer.c **** static void prvInitialiseNewStreamBuffer( StreamBuffer_t * const pxStreamBuffer,
 210:Middlewares/Third_Party/FreeRTOS/Source/stream_buffer.c **** 										  uint8_t * const pucBuffer,
 211:Middlewares/Third_Party/FreeRTOS/Source/stream_buffer.c **** 										  size_t xBufferSizeBytes,
 212:Middlewares/Third_Party/FreeRTOS/Source/stream_buffer.c **** 										  size_t xTriggerLevelBytes,
 213:Middlewares/Third_Party/FreeRTOS/Source/stream_buffer.c **** 										  uint8_t ucFlags ) PRIVILEGED_FUNCTION;
 214:Middlewares/Third_Party/FreeRTOS/Source/stream_buffer.c **** 
 215:Middlewares/Third_Party/FreeRTOS/Source/stream_buffer.c **** /*-----------------------------------------------------------*/
 216:Middlewares/Third_Party/FreeRTOS/Source/stream_buffer.c **** 
 217:Middlewares/Third_Party/FreeRTOS/Source/stream_buffer.c **** #if( configSUPPORT_DYNAMIC_ALLOCATION == 1 )
 218:Middlewares/Third_Party/FreeRTOS/Source/stream_buffer.c **** 
 219:Middlewares/Third_Party/FreeRTOS/Source/stream_buffer.c **** 	StreamBufferHandle_t xStreamBufferGenericCreate( size_t xBufferSizeBytes, size_t xTriggerLevelByte
 220:Middlewares/Third_Party/FreeRTOS/Source/stream_buffer.c **** 	{
 221:Middlewares/Third_Party/FreeRTOS/Source/stream_buffer.c **** 	uint8_t *pucAllocatedMemory;
 222:Middlewares/Third_Party/FreeRTOS/Source/stream_buffer.c **** 	uint8_t ucFlags;
 223:Middlewares/Third_Party/FreeRTOS/Source/stream_buffer.c **** 
 224:Middlewares/Third_Party/FreeRTOS/Source/stream_buffer.c **** 		/* In case the stream buffer is going to be used as a message buffer
 225:Middlewares/Third_Party/FreeRTOS/Source/stream_buffer.c **** 		(that is, it will hold discrete messages with a little meta data that
 226:Middlewares/Third_Party/FreeRTOS/Source/stream_buffer.c **** 		says how big the next message is) check the buffer will be large enough
 227:Middlewares/Third_Party/FreeRTOS/Source/stream_buffer.c **** 		to hold at least one message. */
 228:Middlewares/Third_Party/FreeRTOS/Source/stream_buffer.c **** 		if( xIsMessageBuffer == pdTRUE )
 229:Middlewares/Third_Party/FreeRTOS/Source/stream_buffer.c **** 		{
 230:Middlewares/Third_Party/FreeRTOS/Source/stream_buffer.c **** 			/* Is a message buffer but not statically allocated. */
 231:Middlewares/Third_Party/FreeRTOS/Source/stream_buffer.c **** 			ucFlags = sbFLAGS_IS_MESSAGE_BUFFER;
 232:Middlewares/Third_Party/FreeRTOS/Source/stream_buffer.c **** 			configASSERT( xBufferSizeBytes > sbBYTES_TO_STORE_MESSAGE_LENGTH );
 233:Middlewares/Third_Party/FreeRTOS/Source/stream_buffer.c **** 		}
 234:Middlewares/Third_Party/FreeRTOS/Source/stream_buffer.c **** 		else
 235:Middlewares/Third_Party/FreeRTOS/Source/stream_buffer.c **** 		{
 236:Middlewares/Third_Party/FreeRTOS/Source/stream_buffer.c **** 			/* Not a message buffer and not statically allocated. */
 237:Middlewares/Third_Party/FreeRTOS/Source/stream_buffer.c **** 			ucFlags = 0;
 238:Middlewares/Third_Party/FreeRTOS/Source/stream_buffer.c **** 			configASSERT( xBufferSizeBytes > 0 );
 239:Middlewares/Third_Party/FreeRTOS/Source/stream_buffer.c **** 		}
 240:Middlewares/Third_Party/FreeRTOS/Source/stream_buffer.c **** 		configASSERT( xTriggerLevelBytes <= xBufferSizeBytes );
 241:Middlewares/Third_Party/FreeRTOS/Source/stream_buffer.c **** 
 242:Middlewares/Third_Party/FreeRTOS/Source/stream_buffer.c **** 		/* A trigger level of 0 would cause a waiting task to unblock even when
 243:Middlewares/Third_Party/FreeRTOS/Source/stream_buffer.c **** 		the buffer was empty. */
 244:Middlewares/Third_Party/FreeRTOS/Source/stream_buffer.c **** 		if( xTriggerLevelBytes == ( size_t ) 0 )
 245:Middlewares/Third_Party/FreeRTOS/Source/stream_buffer.c **** 		{
 246:Middlewares/Third_Party/FreeRTOS/Source/stream_buffer.c **** 			xTriggerLevelBytes = ( size_t ) 1;
 247:Middlewares/Third_Party/FreeRTOS/Source/stream_buffer.c **** 		}
 248:Middlewares/Third_Party/FreeRTOS/Source/stream_buffer.c **** 
 249:Middlewares/Third_Party/FreeRTOS/Source/stream_buffer.c **** 		/* A stream buffer requires a StreamBuffer_t structure and a buffer.
 250:Middlewares/Third_Party/FreeRTOS/Source/stream_buffer.c **** 		Both are allocated in a single call to pvPortMalloc().  The
 251:Middlewares/Third_Party/FreeRTOS/Source/stream_buffer.c **** 		StreamBuffer_t structure is placed at the start of the allocated memory
 252:Middlewares/Third_Party/FreeRTOS/Source/stream_buffer.c **** 		and the buffer follows immediately after.  The requested size is
 253:Middlewares/Third_Party/FreeRTOS/Source/stream_buffer.c **** 		incremented so the free space is returned as the user would expect -
 254:Middlewares/Third_Party/FreeRTOS/Source/stream_buffer.c **** 		this is a quirk of the implementation that means otherwise the free
 255:Middlewares/Third_Party/FreeRTOS/Source/stream_buffer.c **** 		space would be reported as one byte smaller than would be logically
 256:Middlewares/Third_Party/FreeRTOS/Source/stream_buffer.c **** 		expected. */
 257:Middlewares/Third_Party/FreeRTOS/Source/stream_buffer.c **** 		xBufferSizeBytes++;
 258:Middlewares/Third_Party/FreeRTOS/Source/stream_buffer.c **** 		pucAllocatedMemory = ( uint8_t * ) pvPortMalloc( xBufferSizeBytes + sizeof( StreamBuffer_t ) ); /
 259:Middlewares/Third_Party/FreeRTOS/Source/stream_buffer.c **** 
ARM GAS  C:\Users\jason\AppData\Local\Temp\ccFJFDwG.s 			page 6


 260:Middlewares/Third_Party/FreeRTOS/Source/stream_buffer.c **** 		if( pucAllocatedMemory != NULL )
 261:Middlewares/Third_Party/FreeRTOS/Source/stream_buffer.c **** 		{
 262:Middlewares/Third_Party/FreeRTOS/Source/stream_buffer.c **** 			prvInitialiseNewStreamBuffer( ( StreamBuffer_t * ) pucAllocatedMemory, /* Structure at the start
 263:Middlewares/Third_Party/FreeRTOS/Source/stream_buffer.c **** 										   pucAllocatedMemory + sizeof( StreamBuffer_t ),  /* Storage area follows. */ /*lint !e9
 264:Middlewares/Third_Party/FreeRTOS/Source/stream_buffer.c **** 										   xBufferSizeBytes,
 265:Middlewares/Third_Party/FreeRTOS/Source/stream_buffer.c **** 										   xTriggerLevelBytes,
 266:Middlewares/Third_Party/FreeRTOS/Source/stream_buffer.c **** 										   ucFlags );
 267:Middlewares/Third_Party/FreeRTOS/Source/stream_buffer.c **** 
 268:Middlewares/Third_Party/FreeRTOS/Source/stream_buffer.c **** 			traceSTREAM_BUFFER_CREATE( ( ( StreamBuffer_t * ) pucAllocatedMemory ), xIsMessageBuffer );
 269:Middlewares/Third_Party/FreeRTOS/Source/stream_buffer.c **** 		}
 270:Middlewares/Third_Party/FreeRTOS/Source/stream_buffer.c **** 		else
 271:Middlewares/Third_Party/FreeRTOS/Source/stream_buffer.c **** 		{
 272:Middlewares/Third_Party/FreeRTOS/Source/stream_buffer.c **** 			traceSTREAM_BUFFER_CREATE_FAILED( xIsMessageBuffer );
 273:Middlewares/Third_Party/FreeRTOS/Source/stream_buffer.c **** 		}
 274:Middlewares/Third_Party/FreeRTOS/Source/stream_buffer.c **** 
 275:Middlewares/Third_Party/FreeRTOS/Source/stream_buffer.c **** 		return ( StreamBufferHandle_t ) pucAllocatedMemory; /*lint !e9087 !e826 Safe cast as allocated me
 276:Middlewares/Third_Party/FreeRTOS/Source/stream_buffer.c **** 	}
 277:Middlewares/Third_Party/FreeRTOS/Source/stream_buffer.c **** 
 278:Middlewares/Third_Party/FreeRTOS/Source/stream_buffer.c **** #endif /* configSUPPORT_DYNAMIC_ALLOCATION */
 279:Middlewares/Third_Party/FreeRTOS/Source/stream_buffer.c **** /*-----------------------------------------------------------*/
 280:Middlewares/Third_Party/FreeRTOS/Source/stream_buffer.c **** 
 281:Middlewares/Third_Party/FreeRTOS/Source/stream_buffer.c **** #if( configSUPPORT_STATIC_ALLOCATION == 1 )
 282:Middlewares/Third_Party/FreeRTOS/Source/stream_buffer.c **** 
 283:Middlewares/Third_Party/FreeRTOS/Source/stream_buffer.c **** 	StreamBufferHandle_t xStreamBufferGenericCreateStatic( size_t xBufferSizeBytes,
 284:Middlewares/Third_Party/FreeRTOS/Source/stream_buffer.c **** 														   size_t xTriggerLevelBytes,
 285:Middlewares/Third_Party/FreeRTOS/Source/stream_buffer.c **** 														   BaseType_t xIsMessageBuffer,
 286:Middlewares/Third_Party/FreeRTOS/Source/stream_buffer.c **** 														   uint8_t * const pucStreamBufferStorageArea,
 287:Middlewares/Third_Party/FreeRTOS/Source/stream_buffer.c **** 														   StaticStreamBuffer_t * const pxStaticStreamBuffer )
 288:Middlewares/Third_Party/FreeRTOS/Source/stream_buffer.c **** 	{
 289:Middlewares/Third_Party/FreeRTOS/Source/stream_buffer.c **** 	StreamBuffer_t * const pxStreamBuffer = ( StreamBuffer_t * ) pxStaticStreamBuffer; /*lint !e740 !e
 290:Middlewares/Third_Party/FreeRTOS/Source/stream_buffer.c **** 	StreamBufferHandle_t xReturn;
 291:Middlewares/Third_Party/FreeRTOS/Source/stream_buffer.c **** 	uint8_t ucFlags;
 292:Middlewares/Third_Party/FreeRTOS/Source/stream_buffer.c **** 
 293:Middlewares/Third_Party/FreeRTOS/Source/stream_buffer.c **** 		configASSERT( pucStreamBufferStorageArea );
 294:Middlewares/Third_Party/FreeRTOS/Source/stream_buffer.c **** 		configASSERT( pxStaticStreamBuffer );
 295:Middlewares/Third_Party/FreeRTOS/Source/stream_buffer.c **** 		configASSERT( xTriggerLevelBytes <= xBufferSizeBytes );
 296:Middlewares/Third_Party/FreeRTOS/Source/stream_buffer.c **** 
 297:Middlewares/Third_Party/FreeRTOS/Source/stream_buffer.c **** 		/* A trigger level of 0 would cause a waiting task to unblock even when
 298:Middlewares/Third_Party/FreeRTOS/Source/stream_buffer.c **** 		the buffer was empty. */
 299:Middlewares/Third_Party/FreeRTOS/Source/stream_buffer.c **** 		if( xTriggerLevelBytes == ( size_t ) 0 )
 300:Middlewares/Third_Party/FreeRTOS/Source/stream_buffer.c **** 		{
 301:Middlewares/Third_Party/FreeRTOS/Source/stream_buffer.c **** 			xTriggerLevelBytes = ( size_t ) 1;
 302:Middlewares/Third_Party/FreeRTOS/Source/stream_buffer.c **** 		}
 303:Middlewares/Third_Party/FreeRTOS/Source/stream_buffer.c **** 
 304:Middlewares/Third_Party/FreeRTOS/Source/stream_buffer.c **** 		if( xIsMessageBuffer != pdFALSE )
 305:Middlewares/Third_Party/FreeRTOS/Source/stream_buffer.c **** 		{
 306:Middlewares/Third_Party/FreeRTOS/Source/stream_buffer.c **** 			/* Statically allocated message buffer. */
 307:Middlewares/Third_Party/FreeRTOS/Source/stream_buffer.c **** 			ucFlags = sbFLAGS_IS_MESSAGE_BUFFER | sbFLAGS_IS_STATICALLY_ALLOCATED;
 308:Middlewares/Third_Party/FreeRTOS/Source/stream_buffer.c **** 		}
 309:Middlewares/Third_Party/FreeRTOS/Source/stream_buffer.c **** 		else
 310:Middlewares/Third_Party/FreeRTOS/Source/stream_buffer.c **** 		{
 311:Middlewares/Third_Party/FreeRTOS/Source/stream_buffer.c **** 			/* Statically allocated stream buffer. */
 312:Middlewares/Third_Party/FreeRTOS/Source/stream_buffer.c **** 			ucFlags = sbFLAGS_IS_STATICALLY_ALLOCATED;
 313:Middlewares/Third_Party/FreeRTOS/Source/stream_buffer.c **** 		}
 314:Middlewares/Third_Party/FreeRTOS/Source/stream_buffer.c **** 
 315:Middlewares/Third_Party/FreeRTOS/Source/stream_buffer.c **** 		/* In case the stream buffer is going to be used as a message buffer
 316:Middlewares/Third_Party/FreeRTOS/Source/stream_buffer.c **** 		(that is, it will hold discrete messages with a little meta data that
ARM GAS  C:\Users\jason\AppData\Local\Temp\ccFJFDwG.s 			page 7


 317:Middlewares/Third_Party/FreeRTOS/Source/stream_buffer.c **** 		says how big the next message is) check the buffer will be large enough
 318:Middlewares/Third_Party/FreeRTOS/Source/stream_buffer.c **** 		to hold at least one message. */
 319:Middlewares/Third_Party/FreeRTOS/Source/stream_buffer.c **** 		configASSERT( xBufferSizeBytes > sbBYTES_TO_STORE_MESSAGE_LENGTH );
 320:Middlewares/Third_Party/FreeRTOS/Source/stream_buffer.c **** 
 321:Middlewares/Third_Party/FreeRTOS/Source/stream_buffer.c **** 		#if( configASSERT_DEFINED == 1 )
 322:Middlewares/Third_Party/FreeRTOS/Source/stream_buffer.c **** 		{
 323:Middlewares/Third_Party/FreeRTOS/Source/stream_buffer.c **** 			/* Sanity check that the size of the structure used to declare a
 324:Middlewares/Third_Party/FreeRTOS/Source/stream_buffer.c **** 			variable of type StaticStreamBuffer_t equals the size of the real
 325:Middlewares/Third_Party/FreeRTOS/Source/stream_buffer.c **** 			message buffer structure. */
 326:Middlewares/Third_Party/FreeRTOS/Source/stream_buffer.c **** 			volatile size_t xSize = sizeof( StaticStreamBuffer_t );
 327:Middlewares/Third_Party/FreeRTOS/Source/stream_buffer.c **** 			configASSERT( xSize == sizeof( StreamBuffer_t ) );
 328:Middlewares/Third_Party/FreeRTOS/Source/stream_buffer.c **** 		} /*lint !e529 xSize is referenced is configASSERT() is defined. */
 329:Middlewares/Third_Party/FreeRTOS/Source/stream_buffer.c **** 		#endif /* configASSERT_DEFINED */
 330:Middlewares/Third_Party/FreeRTOS/Source/stream_buffer.c **** 
 331:Middlewares/Third_Party/FreeRTOS/Source/stream_buffer.c **** 		if( ( pucStreamBufferStorageArea != NULL ) && ( pxStaticStreamBuffer != NULL ) )
 332:Middlewares/Third_Party/FreeRTOS/Source/stream_buffer.c **** 		{
 333:Middlewares/Third_Party/FreeRTOS/Source/stream_buffer.c **** 			prvInitialiseNewStreamBuffer( pxStreamBuffer,
 334:Middlewares/Third_Party/FreeRTOS/Source/stream_buffer.c **** 										  pucStreamBufferStorageArea,
 335:Middlewares/Third_Party/FreeRTOS/Source/stream_buffer.c **** 										  xBufferSizeBytes,
 336:Middlewares/Third_Party/FreeRTOS/Source/stream_buffer.c **** 										  xTriggerLevelBytes,
 337:Middlewares/Third_Party/FreeRTOS/Source/stream_buffer.c **** 										  ucFlags );
 338:Middlewares/Third_Party/FreeRTOS/Source/stream_buffer.c **** 
 339:Middlewares/Third_Party/FreeRTOS/Source/stream_buffer.c **** 			/* Remember this was statically allocated in case it is ever deleted
 340:Middlewares/Third_Party/FreeRTOS/Source/stream_buffer.c **** 			again. */
 341:Middlewares/Third_Party/FreeRTOS/Source/stream_buffer.c **** 			pxStreamBuffer->ucFlags |= sbFLAGS_IS_STATICALLY_ALLOCATED;
 342:Middlewares/Third_Party/FreeRTOS/Source/stream_buffer.c **** 
 343:Middlewares/Third_Party/FreeRTOS/Source/stream_buffer.c **** 			traceSTREAM_BUFFER_CREATE( pxStreamBuffer, xIsMessageBuffer );
 344:Middlewares/Third_Party/FreeRTOS/Source/stream_buffer.c **** 
 345:Middlewares/Third_Party/FreeRTOS/Source/stream_buffer.c **** 			xReturn = ( StreamBufferHandle_t ) pxStaticStreamBuffer; /*lint !e9087 Data hiding requires cast
 346:Middlewares/Third_Party/FreeRTOS/Source/stream_buffer.c **** 		}
 347:Middlewares/Third_Party/FreeRTOS/Source/stream_buffer.c **** 		else
 348:Middlewares/Third_Party/FreeRTOS/Source/stream_buffer.c **** 		{
 349:Middlewares/Third_Party/FreeRTOS/Source/stream_buffer.c **** 			xReturn = NULL;
 350:Middlewares/Third_Party/FreeRTOS/Source/stream_buffer.c **** 			traceSTREAM_BUFFER_CREATE_STATIC_FAILED( xReturn, xIsMessageBuffer );
 351:Middlewares/Third_Party/FreeRTOS/Source/stream_buffer.c **** 		}
 352:Middlewares/Third_Party/FreeRTOS/Source/stream_buffer.c **** 
 353:Middlewares/Third_Party/FreeRTOS/Source/stream_buffer.c **** 		return xReturn;
 354:Middlewares/Third_Party/FreeRTOS/Source/stream_buffer.c **** 	}
 355:Middlewares/Third_Party/FreeRTOS/Source/stream_buffer.c **** 
 356:Middlewares/Third_Party/FreeRTOS/Source/stream_buffer.c **** #endif /* ( configSUPPORT_STATIC_ALLOCATION == 1 ) */
 357:Middlewares/Third_Party/FreeRTOS/Source/stream_buffer.c **** /*-----------------------------------------------------------*/
 358:Middlewares/Third_Party/FreeRTOS/Source/stream_buffer.c **** 
 359:Middlewares/Third_Party/FreeRTOS/Source/stream_buffer.c **** void vStreamBufferDelete( StreamBufferHandle_t xStreamBuffer )
 360:Middlewares/Third_Party/FreeRTOS/Source/stream_buffer.c **** {
 361:Middlewares/Third_Party/FreeRTOS/Source/stream_buffer.c **** StreamBuffer_t * pxStreamBuffer = xStreamBuffer;
 362:Middlewares/Third_Party/FreeRTOS/Source/stream_buffer.c **** 
 363:Middlewares/Third_Party/FreeRTOS/Source/stream_buffer.c **** 	configASSERT( pxStreamBuffer );
 364:Middlewares/Third_Party/FreeRTOS/Source/stream_buffer.c **** 
 365:Middlewares/Third_Party/FreeRTOS/Source/stream_buffer.c **** 	traceSTREAM_BUFFER_DELETE( xStreamBuffer );
 366:Middlewares/Third_Party/FreeRTOS/Source/stream_buffer.c **** 
 367:Middlewares/Third_Party/FreeRTOS/Source/stream_buffer.c **** 	if( ( pxStreamBuffer->ucFlags & sbFLAGS_IS_STATICALLY_ALLOCATED ) == ( uint8_t ) pdFALSE )
 368:Middlewares/Third_Party/FreeRTOS/Source/stream_buffer.c **** 	{
 369:Middlewares/Third_Party/FreeRTOS/Source/stream_buffer.c **** 		#if( configSUPPORT_DYNAMIC_ALLOCATION == 1 )
 370:Middlewares/Third_Party/FreeRTOS/Source/stream_buffer.c **** 		{
 371:Middlewares/Third_Party/FreeRTOS/Source/stream_buffer.c **** 			/* Both the structure and the buffer were allocated using a single call
 372:Middlewares/Third_Party/FreeRTOS/Source/stream_buffer.c **** 			to pvPortMalloc(), hence only one call to vPortFree() is required. */
 373:Middlewares/Third_Party/FreeRTOS/Source/stream_buffer.c **** 			vPortFree( ( void * ) pxStreamBuffer ); /*lint !e9087 Standard free() semantics require void *, 
ARM GAS  C:\Users\jason\AppData\Local\Temp\ccFJFDwG.s 			page 8


 374:Middlewares/Third_Party/FreeRTOS/Source/stream_buffer.c **** 		}
 375:Middlewares/Third_Party/FreeRTOS/Source/stream_buffer.c **** 		#else
 376:Middlewares/Third_Party/FreeRTOS/Source/stream_buffer.c **** 		{
 377:Middlewares/Third_Party/FreeRTOS/Source/stream_buffer.c **** 			/* Should not be possible to get here, ucFlags must be corrupt.
 378:Middlewares/Third_Party/FreeRTOS/Source/stream_buffer.c **** 			Force an assert. */
 379:Middlewares/Third_Party/FreeRTOS/Source/stream_buffer.c **** 			configASSERT( xStreamBuffer == ( StreamBufferHandle_t ) ~0 );
 380:Middlewares/Third_Party/FreeRTOS/Source/stream_buffer.c **** 		}
 381:Middlewares/Third_Party/FreeRTOS/Source/stream_buffer.c **** 		#endif
 382:Middlewares/Third_Party/FreeRTOS/Source/stream_buffer.c **** 	}
 383:Middlewares/Third_Party/FreeRTOS/Source/stream_buffer.c **** 	else
 384:Middlewares/Third_Party/FreeRTOS/Source/stream_buffer.c **** 	{
 385:Middlewares/Third_Party/FreeRTOS/Source/stream_buffer.c **** 		/* The structure and buffer were not allocated dynamically and cannot be
 386:Middlewares/Third_Party/FreeRTOS/Source/stream_buffer.c **** 		freed - just scrub the structure so future use will assert. */
 387:Middlewares/Third_Party/FreeRTOS/Source/stream_buffer.c **** 		( void ) memset( pxStreamBuffer, 0x00, sizeof( StreamBuffer_t ) );
 388:Middlewares/Third_Party/FreeRTOS/Source/stream_buffer.c **** 	}
 389:Middlewares/Third_Party/FreeRTOS/Source/stream_buffer.c **** }
 390:Middlewares/Third_Party/FreeRTOS/Source/stream_buffer.c **** /*-----------------------------------------------------------*/
 391:Middlewares/Third_Party/FreeRTOS/Source/stream_buffer.c **** 
 392:Middlewares/Third_Party/FreeRTOS/Source/stream_buffer.c **** BaseType_t xStreamBufferReset( StreamBufferHandle_t xStreamBuffer )
 393:Middlewares/Third_Party/FreeRTOS/Source/stream_buffer.c **** {
 394:Middlewares/Third_Party/FreeRTOS/Source/stream_buffer.c **** StreamBuffer_t * const pxStreamBuffer = xStreamBuffer;
 395:Middlewares/Third_Party/FreeRTOS/Source/stream_buffer.c **** BaseType_t xReturn = pdFAIL;
 396:Middlewares/Third_Party/FreeRTOS/Source/stream_buffer.c **** 
 397:Middlewares/Third_Party/FreeRTOS/Source/stream_buffer.c **** #if( configUSE_TRACE_FACILITY == 1 )
 398:Middlewares/Third_Party/FreeRTOS/Source/stream_buffer.c **** 	UBaseType_t uxStreamBufferNumber;
 399:Middlewares/Third_Party/FreeRTOS/Source/stream_buffer.c **** #endif
 400:Middlewares/Third_Party/FreeRTOS/Source/stream_buffer.c **** 
 401:Middlewares/Third_Party/FreeRTOS/Source/stream_buffer.c **** 	configASSERT( pxStreamBuffer );
 402:Middlewares/Third_Party/FreeRTOS/Source/stream_buffer.c **** 
 403:Middlewares/Third_Party/FreeRTOS/Source/stream_buffer.c **** 	#if( configUSE_TRACE_FACILITY == 1 )
 404:Middlewares/Third_Party/FreeRTOS/Source/stream_buffer.c **** 	{
 405:Middlewares/Third_Party/FreeRTOS/Source/stream_buffer.c **** 		/* Store the stream buffer number so it can be restored after the
 406:Middlewares/Third_Party/FreeRTOS/Source/stream_buffer.c **** 		reset. */
 407:Middlewares/Third_Party/FreeRTOS/Source/stream_buffer.c **** 		uxStreamBufferNumber = pxStreamBuffer->uxStreamBufferNumber;
 408:Middlewares/Third_Party/FreeRTOS/Source/stream_buffer.c **** 	}
 409:Middlewares/Third_Party/FreeRTOS/Source/stream_buffer.c **** 	#endif
 410:Middlewares/Third_Party/FreeRTOS/Source/stream_buffer.c **** 
 411:Middlewares/Third_Party/FreeRTOS/Source/stream_buffer.c **** 	/* Can only reset a message buffer if there are no tasks blocked on it. */
 412:Middlewares/Third_Party/FreeRTOS/Source/stream_buffer.c **** 	taskENTER_CRITICAL();
 413:Middlewares/Third_Party/FreeRTOS/Source/stream_buffer.c **** 	{
 414:Middlewares/Third_Party/FreeRTOS/Source/stream_buffer.c **** 		if( pxStreamBuffer->xTaskWaitingToReceive == NULL )
 415:Middlewares/Third_Party/FreeRTOS/Source/stream_buffer.c **** 		{
 416:Middlewares/Third_Party/FreeRTOS/Source/stream_buffer.c **** 			if( pxStreamBuffer->xTaskWaitingToSend == NULL )
 417:Middlewares/Third_Party/FreeRTOS/Source/stream_buffer.c **** 			{
 418:Middlewares/Third_Party/FreeRTOS/Source/stream_buffer.c **** 				prvInitialiseNewStreamBuffer( pxStreamBuffer,
 419:Middlewares/Third_Party/FreeRTOS/Source/stream_buffer.c **** 											  pxStreamBuffer->pucBuffer,
 420:Middlewares/Third_Party/FreeRTOS/Source/stream_buffer.c **** 											  pxStreamBuffer->xLength,
 421:Middlewares/Third_Party/FreeRTOS/Source/stream_buffer.c **** 											  pxStreamBuffer->xTriggerLevelBytes,
 422:Middlewares/Third_Party/FreeRTOS/Source/stream_buffer.c **** 											  pxStreamBuffer->ucFlags );
 423:Middlewares/Third_Party/FreeRTOS/Source/stream_buffer.c **** 				xReturn = pdPASS;
 424:Middlewares/Third_Party/FreeRTOS/Source/stream_buffer.c **** 
 425:Middlewares/Third_Party/FreeRTOS/Source/stream_buffer.c **** 				#if( configUSE_TRACE_FACILITY == 1 )
 426:Middlewares/Third_Party/FreeRTOS/Source/stream_buffer.c **** 				{
 427:Middlewares/Third_Party/FreeRTOS/Source/stream_buffer.c **** 					pxStreamBuffer->uxStreamBufferNumber = uxStreamBufferNumber;
 428:Middlewares/Third_Party/FreeRTOS/Source/stream_buffer.c **** 				}
 429:Middlewares/Third_Party/FreeRTOS/Source/stream_buffer.c **** 				#endif
 430:Middlewares/Third_Party/FreeRTOS/Source/stream_buffer.c **** 
ARM GAS  C:\Users\jason\AppData\Local\Temp\ccFJFDwG.s 			page 9


 431:Middlewares/Third_Party/FreeRTOS/Source/stream_buffer.c **** 				traceSTREAM_BUFFER_RESET( xStreamBuffer );
 432:Middlewares/Third_Party/FreeRTOS/Source/stream_buffer.c **** 			}
 433:Middlewares/Third_Party/FreeRTOS/Source/stream_buffer.c **** 		}
 434:Middlewares/Third_Party/FreeRTOS/Source/stream_buffer.c **** 	}
 435:Middlewares/Third_Party/FreeRTOS/Source/stream_buffer.c **** 	taskEXIT_CRITICAL();
 436:Middlewares/Third_Party/FreeRTOS/Source/stream_buffer.c **** 
 437:Middlewares/Third_Party/FreeRTOS/Source/stream_buffer.c **** 	return xReturn;
 438:Middlewares/Third_Party/FreeRTOS/Source/stream_buffer.c **** }
 439:Middlewares/Third_Party/FreeRTOS/Source/stream_buffer.c **** /*-----------------------------------------------------------*/
 440:Middlewares/Third_Party/FreeRTOS/Source/stream_buffer.c **** 
 441:Middlewares/Third_Party/FreeRTOS/Source/stream_buffer.c **** BaseType_t xStreamBufferSetTriggerLevel( StreamBufferHandle_t xStreamBuffer, size_t xTriggerLevel )
 442:Middlewares/Third_Party/FreeRTOS/Source/stream_buffer.c **** {
 443:Middlewares/Third_Party/FreeRTOS/Source/stream_buffer.c **** StreamBuffer_t * const pxStreamBuffer = xStreamBuffer;
 444:Middlewares/Third_Party/FreeRTOS/Source/stream_buffer.c **** BaseType_t xReturn;
 445:Middlewares/Third_Party/FreeRTOS/Source/stream_buffer.c **** 
 446:Middlewares/Third_Party/FreeRTOS/Source/stream_buffer.c **** 	configASSERT( pxStreamBuffer );
 447:Middlewares/Third_Party/FreeRTOS/Source/stream_buffer.c **** 
 448:Middlewares/Third_Party/FreeRTOS/Source/stream_buffer.c **** 	/* It is not valid for the trigger level to be 0. */
 449:Middlewares/Third_Party/FreeRTOS/Source/stream_buffer.c **** 	if( xTriggerLevel == ( size_t ) 0 )
 450:Middlewares/Third_Party/FreeRTOS/Source/stream_buffer.c **** 	{
 451:Middlewares/Third_Party/FreeRTOS/Source/stream_buffer.c **** 		xTriggerLevel = ( size_t ) 1;
 452:Middlewares/Third_Party/FreeRTOS/Source/stream_buffer.c **** 	}
 453:Middlewares/Third_Party/FreeRTOS/Source/stream_buffer.c **** 
 454:Middlewares/Third_Party/FreeRTOS/Source/stream_buffer.c **** 	/* The trigger level is the number of bytes that must be in the stream
 455:Middlewares/Third_Party/FreeRTOS/Source/stream_buffer.c **** 	buffer before a task that is waiting for data is unblocked. */
 456:Middlewares/Third_Party/FreeRTOS/Source/stream_buffer.c **** 	if( xTriggerLevel <= pxStreamBuffer->xLength )
 457:Middlewares/Third_Party/FreeRTOS/Source/stream_buffer.c **** 	{
 458:Middlewares/Third_Party/FreeRTOS/Source/stream_buffer.c **** 		pxStreamBuffer->xTriggerLevelBytes = xTriggerLevel;
 459:Middlewares/Third_Party/FreeRTOS/Source/stream_buffer.c **** 		xReturn = pdPASS;
 460:Middlewares/Third_Party/FreeRTOS/Source/stream_buffer.c **** 	}
 461:Middlewares/Third_Party/FreeRTOS/Source/stream_buffer.c **** 	else
 462:Middlewares/Third_Party/FreeRTOS/Source/stream_buffer.c **** 	{
 463:Middlewares/Third_Party/FreeRTOS/Source/stream_buffer.c **** 		xReturn = pdFALSE;
 464:Middlewares/Third_Party/FreeRTOS/Source/stream_buffer.c **** 	}
 465:Middlewares/Third_Party/FreeRTOS/Source/stream_buffer.c **** 
 466:Middlewares/Third_Party/FreeRTOS/Source/stream_buffer.c **** 	return xReturn;
 467:Middlewares/Third_Party/FreeRTOS/Source/stream_buffer.c **** }
 468:Middlewares/Third_Party/FreeRTOS/Source/stream_buffer.c **** /*-----------------------------------------------------------*/
 469:Middlewares/Third_Party/FreeRTOS/Source/stream_buffer.c **** 
 470:Middlewares/Third_Party/FreeRTOS/Source/stream_buffer.c **** size_t xStreamBufferSpacesAvailable( StreamBufferHandle_t xStreamBuffer )
 471:Middlewares/Third_Party/FreeRTOS/Source/stream_buffer.c **** {
 472:Middlewares/Third_Party/FreeRTOS/Source/stream_buffer.c **** const StreamBuffer_t * const pxStreamBuffer = xStreamBuffer;
 473:Middlewares/Third_Party/FreeRTOS/Source/stream_buffer.c **** size_t xSpace;
 474:Middlewares/Third_Party/FreeRTOS/Source/stream_buffer.c **** 
 475:Middlewares/Third_Party/FreeRTOS/Source/stream_buffer.c **** 	configASSERT( pxStreamBuffer );
 476:Middlewares/Third_Party/FreeRTOS/Source/stream_buffer.c **** 
 477:Middlewares/Third_Party/FreeRTOS/Source/stream_buffer.c **** 	xSpace = pxStreamBuffer->xLength + pxStreamBuffer->xTail;
 478:Middlewares/Third_Party/FreeRTOS/Source/stream_buffer.c **** 	xSpace -= pxStreamBuffer->xHead;
 479:Middlewares/Third_Party/FreeRTOS/Source/stream_buffer.c **** 	xSpace -= ( size_t ) 1;
 480:Middlewares/Third_Party/FreeRTOS/Source/stream_buffer.c **** 
 481:Middlewares/Third_Party/FreeRTOS/Source/stream_buffer.c **** 	if( xSpace >= pxStreamBuffer->xLength )
 482:Middlewares/Third_Party/FreeRTOS/Source/stream_buffer.c **** 	{
 483:Middlewares/Third_Party/FreeRTOS/Source/stream_buffer.c **** 		xSpace -= pxStreamBuffer->xLength;
 484:Middlewares/Third_Party/FreeRTOS/Source/stream_buffer.c **** 	}
 485:Middlewares/Third_Party/FreeRTOS/Source/stream_buffer.c **** 	else
 486:Middlewares/Third_Party/FreeRTOS/Source/stream_buffer.c **** 	{
 487:Middlewares/Third_Party/FreeRTOS/Source/stream_buffer.c **** 		mtCOVERAGE_TEST_MARKER();
ARM GAS  C:\Users\jason\AppData\Local\Temp\ccFJFDwG.s 			page 10


 488:Middlewares/Third_Party/FreeRTOS/Source/stream_buffer.c **** 	}
 489:Middlewares/Third_Party/FreeRTOS/Source/stream_buffer.c **** 
 490:Middlewares/Third_Party/FreeRTOS/Source/stream_buffer.c **** 	return xSpace;
 491:Middlewares/Third_Party/FreeRTOS/Source/stream_buffer.c **** }
 492:Middlewares/Third_Party/FreeRTOS/Source/stream_buffer.c **** /*-----------------------------------------------------------*/
 493:Middlewares/Third_Party/FreeRTOS/Source/stream_buffer.c **** 
 494:Middlewares/Third_Party/FreeRTOS/Source/stream_buffer.c **** size_t xStreamBufferBytesAvailable( StreamBufferHandle_t xStreamBuffer )
 495:Middlewares/Third_Party/FreeRTOS/Source/stream_buffer.c **** {
 496:Middlewares/Third_Party/FreeRTOS/Source/stream_buffer.c **** const StreamBuffer_t * const pxStreamBuffer = xStreamBuffer;
 497:Middlewares/Third_Party/FreeRTOS/Source/stream_buffer.c **** size_t xReturn;
 498:Middlewares/Third_Party/FreeRTOS/Source/stream_buffer.c **** 
 499:Middlewares/Third_Party/FreeRTOS/Source/stream_buffer.c **** 	configASSERT( pxStreamBuffer );
 500:Middlewares/Third_Party/FreeRTOS/Source/stream_buffer.c **** 
 501:Middlewares/Third_Party/FreeRTOS/Source/stream_buffer.c **** 	xReturn = prvBytesInBuffer( pxStreamBuffer );
 502:Middlewares/Third_Party/FreeRTOS/Source/stream_buffer.c **** 	return xReturn;
 503:Middlewares/Third_Party/FreeRTOS/Source/stream_buffer.c **** }
 504:Middlewares/Third_Party/FreeRTOS/Source/stream_buffer.c **** /*-----------------------------------------------------------*/
 505:Middlewares/Third_Party/FreeRTOS/Source/stream_buffer.c **** 
 506:Middlewares/Third_Party/FreeRTOS/Source/stream_buffer.c **** size_t xStreamBufferSend( StreamBufferHandle_t xStreamBuffer,
 507:Middlewares/Third_Party/FreeRTOS/Source/stream_buffer.c **** 						  const void *pvTxData,
 508:Middlewares/Third_Party/FreeRTOS/Source/stream_buffer.c **** 						  size_t xDataLengthBytes,
 509:Middlewares/Third_Party/FreeRTOS/Source/stream_buffer.c **** 						  TickType_t xTicksToWait )
 510:Middlewares/Third_Party/FreeRTOS/Source/stream_buffer.c **** {
 511:Middlewares/Third_Party/FreeRTOS/Source/stream_buffer.c **** StreamBuffer_t * const pxStreamBuffer = xStreamBuffer;
 512:Middlewares/Third_Party/FreeRTOS/Source/stream_buffer.c **** size_t xReturn, xSpace = 0;
 513:Middlewares/Third_Party/FreeRTOS/Source/stream_buffer.c **** size_t xRequiredSpace = xDataLengthBytes;
 514:Middlewares/Third_Party/FreeRTOS/Source/stream_buffer.c **** TimeOut_t xTimeOut;
 515:Middlewares/Third_Party/FreeRTOS/Source/stream_buffer.c **** 
 516:Middlewares/Third_Party/FreeRTOS/Source/stream_buffer.c **** 	configASSERT( pvTxData );
 517:Middlewares/Third_Party/FreeRTOS/Source/stream_buffer.c **** 	configASSERT( pxStreamBuffer );
 518:Middlewares/Third_Party/FreeRTOS/Source/stream_buffer.c **** 
 519:Middlewares/Third_Party/FreeRTOS/Source/stream_buffer.c **** 	/* This send function is used to write to both message buffers and stream
 520:Middlewares/Third_Party/FreeRTOS/Source/stream_buffer.c **** 	buffers.  If this is a message buffer then the space needed must be
 521:Middlewares/Third_Party/FreeRTOS/Source/stream_buffer.c **** 	increased by the amount of bytes needed to store the length of the
 522:Middlewares/Third_Party/FreeRTOS/Source/stream_buffer.c **** 	message. */
 523:Middlewares/Third_Party/FreeRTOS/Source/stream_buffer.c **** 	if( ( pxStreamBuffer->ucFlags & sbFLAGS_IS_MESSAGE_BUFFER ) != ( uint8_t ) 0 )
 524:Middlewares/Third_Party/FreeRTOS/Source/stream_buffer.c **** 	{
 525:Middlewares/Third_Party/FreeRTOS/Source/stream_buffer.c **** 		xRequiredSpace += sbBYTES_TO_STORE_MESSAGE_LENGTH;
 526:Middlewares/Third_Party/FreeRTOS/Source/stream_buffer.c **** 
 527:Middlewares/Third_Party/FreeRTOS/Source/stream_buffer.c **** 		/* Overflow? */
 528:Middlewares/Third_Party/FreeRTOS/Source/stream_buffer.c **** 		configASSERT( xRequiredSpace > xDataLengthBytes );
 529:Middlewares/Third_Party/FreeRTOS/Source/stream_buffer.c **** 	}
 530:Middlewares/Third_Party/FreeRTOS/Source/stream_buffer.c **** 	else
 531:Middlewares/Third_Party/FreeRTOS/Source/stream_buffer.c **** 	{
 532:Middlewares/Third_Party/FreeRTOS/Source/stream_buffer.c **** 		mtCOVERAGE_TEST_MARKER();
 533:Middlewares/Third_Party/FreeRTOS/Source/stream_buffer.c **** 	}
 534:Middlewares/Third_Party/FreeRTOS/Source/stream_buffer.c **** 
 535:Middlewares/Third_Party/FreeRTOS/Source/stream_buffer.c **** 	if( xTicksToWait != ( TickType_t ) 0 )
 536:Middlewares/Third_Party/FreeRTOS/Source/stream_buffer.c **** 	{
 537:Middlewares/Third_Party/FreeRTOS/Source/stream_buffer.c **** 		vTaskSetTimeOutState( &xTimeOut );
 538:Middlewares/Third_Party/FreeRTOS/Source/stream_buffer.c **** 
 539:Middlewares/Third_Party/FreeRTOS/Source/stream_buffer.c **** 		do
 540:Middlewares/Third_Party/FreeRTOS/Source/stream_buffer.c **** 		{
 541:Middlewares/Third_Party/FreeRTOS/Source/stream_buffer.c **** 			/* Wait until the required number of bytes are free in the message
 542:Middlewares/Third_Party/FreeRTOS/Source/stream_buffer.c **** 			buffer. */
 543:Middlewares/Third_Party/FreeRTOS/Source/stream_buffer.c **** 			taskENTER_CRITICAL();
 544:Middlewares/Third_Party/FreeRTOS/Source/stream_buffer.c **** 			{
ARM GAS  C:\Users\jason\AppData\Local\Temp\ccFJFDwG.s 			page 11


 545:Middlewares/Third_Party/FreeRTOS/Source/stream_buffer.c **** 				xSpace = xStreamBufferSpacesAvailable( pxStreamBuffer );
 546:Middlewares/Third_Party/FreeRTOS/Source/stream_buffer.c **** 
 547:Middlewares/Third_Party/FreeRTOS/Source/stream_buffer.c **** 				if( xSpace < xRequiredSpace )
 548:Middlewares/Third_Party/FreeRTOS/Source/stream_buffer.c **** 				{
 549:Middlewares/Third_Party/FreeRTOS/Source/stream_buffer.c **** 					/* Clear notification state as going to wait for space. */
 550:Middlewares/Third_Party/FreeRTOS/Source/stream_buffer.c **** 					( void ) xTaskNotifyStateClear( NULL );
 551:Middlewares/Third_Party/FreeRTOS/Source/stream_buffer.c **** 
 552:Middlewares/Third_Party/FreeRTOS/Source/stream_buffer.c **** 					/* Should only be one writer. */
 553:Middlewares/Third_Party/FreeRTOS/Source/stream_buffer.c **** 					configASSERT( pxStreamBuffer->xTaskWaitingToSend == NULL );
 554:Middlewares/Third_Party/FreeRTOS/Source/stream_buffer.c **** 					pxStreamBuffer->xTaskWaitingToSend = xTaskGetCurrentTaskHandle();
 555:Middlewares/Third_Party/FreeRTOS/Source/stream_buffer.c **** 				}
 556:Middlewares/Third_Party/FreeRTOS/Source/stream_buffer.c **** 				else
 557:Middlewares/Third_Party/FreeRTOS/Source/stream_buffer.c **** 				{
 558:Middlewares/Third_Party/FreeRTOS/Source/stream_buffer.c **** 					taskEXIT_CRITICAL();
 559:Middlewares/Third_Party/FreeRTOS/Source/stream_buffer.c **** 					break;
 560:Middlewares/Third_Party/FreeRTOS/Source/stream_buffer.c **** 				}
 561:Middlewares/Third_Party/FreeRTOS/Source/stream_buffer.c **** 			}
 562:Middlewares/Third_Party/FreeRTOS/Source/stream_buffer.c **** 			taskEXIT_CRITICAL();
 563:Middlewares/Third_Party/FreeRTOS/Source/stream_buffer.c **** 
 564:Middlewares/Third_Party/FreeRTOS/Source/stream_buffer.c **** 			traceBLOCKING_ON_STREAM_BUFFER_SEND( xStreamBuffer );
 565:Middlewares/Third_Party/FreeRTOS/Source/stream_buffer.c **** 			( void ) xTaskNotifyWait( ( uint32_t ) 0, ( uint32_t ) 0, NULL, xTicksToWait );
 566:Middlewares/Third_Party/FreeRTOS/Source/stream_buffer.c **** 			pxStreamBuffer->xTaskWaitingToSend = NULL;
 567:Middlewares/Third_Party/FreeRTOS/Source/stream_buffer.c **** 
 568:Middlewares/Third_Party/FreeRTOS/Source/stream_buffer.c **** 		} while( xTaskCheckForTimeOut( &xTimeOut, &xTicksToWait ) == pdFALSE );
 569:Middlewares/Third_Party/FreeRTOS/Source/stream_buffer.c **** 	}
 570:Middlewares/Third_Party/FreeRTOS/Source/stream_buffer.c **** 	else
 571:Middlewares/Third_Party/FreeRTOS/Source/stream_buffer.c **** 	{
 572:Middlewares/Third_Party/FreeRTOS/Source/stream_buffer.c **** 		mtCOVERAGE_TEST_MARKER();
 573:Middlewares/Third_Party/FreeRTOS/Source/stream_buffer.c **** 	}
 574:Middlewares/Third_Party/FreeRTOS/Source/stream_buffer.c **** 
 575:Middlewares/Third_Party/FreeRTOS/Source/stream_buffer.c **** 	if( xSpace == ( size_t ) 0 )
 576:Middlewares/Third_Party/FreeRTOS/Source/stream_buffer.c **** 	{
 577:Middlewares/Third_Party/FreeRTOS/Source/stream_buffer.c **** 		xSpace = xStreamBufferSpacesAvailable( pxStreamBuffer );
 578:Middlewares/Third_Party/FreeRTOS/Source/stream_buffer.c **** 	}
 579:Middlewares/Third_Party/FreeRTOS/Source/stream_buffer.c **** 	else
 580:Middlewares/Third_Party/FreeRTOS/Source/stream_buffer.c **** 	{
 581:Middlewares/Third_Party/FreeRTOS/Source/stream_buffer.c **** 		mtCOVERAGE_TEST_MARKER();
 582:Middlewares/Third_Party/FreeRTOS/Source/stream_buffer.c **** 	}
 583:Middlewares/Third_Party/FreeRTOS/Source/stream_buffer.c **** 
 584:Middlewares/Third_Party/FreeRTOS/Source/stream_buffer.c **** 	xReturn = prvWriteMessageToBuffer( pxStreamBuffer, pvTxData, xDataLengthBytes, xSpace, xRequiredSp
 585:Middlewares/Third_Party/FreeRTOS/Source/stream_buffer.c **** 
 586:Middlewares/Third_Party/FreeRTOS/Source/stream_buffer.c **** 	if( xReturn > ( size_t ) 0 )
 587:Middlewares/Third_Party/FreeRTOS/Source/stream_buffer.c **** 	{
 588:Middlewares/Third_Party/FreeRTOS/Source/stream_buffer.c **** 		traceSTREAM_BUFFER_SEND( xStreamBuffer, xReturn );
 589:Middlewares/Third_Party/FreeRTOS/Source/stream_buffer.c **** 
 590:Middlewares/Third_Party/FreeRTOS/Source/stream_buffer.c **** 		/* Was a task waiting for the data? */
 591:Middlewares/Third_Party/FreeRTOS/Source/stream_buffer.c **** 		if( prvBytesInBuffer( pxStreamBuffer ) >= pxStreamBuffer->xTriggerLevelBytes )
 592:Middlewares/Third_Party/FreeRTOS/Source/stream_buffer.c **** 		{
 593:Middlewares/Third_Party/FreeRTOS/Source/stream_buffer.c **** 			sbSEND_COMPLETED( pxStreamBuffer );
 594:Middlewares/Third_Party/FreeRTOS/Source/stream_buffer.c **** 		}
 595:Middlewares/Third_Party/FreeRTOS/Source/stream_buffer.c **** 		else
 596:Middlewares/Third_Party/FreeRTOS/Source/stream_buffer.c **** 		{
 597:Middlewares/Third_Party/FreeRTOS/Source/stream_buffer.c **** 			mtCOVERAGE_TEST_MARKER();
 598:Middlewares/Third_Party/FreeRTOS/Source/stream_buffer.c **** 		}
 599:Middlewares/Third_Party/FreeRTOS/Source/stream_buffer.c **** 	}
 600:Middlewares/Third_Party/FreeRTOS/Source/stream_buffer.c **** 	else
 601:Middlewares/Third_Party/FreeRTOS/Source/stream_buffer.c **** 	{
ARM GAS  C:\Users\jason\AppData\Local\Temp\ccFJFDwG.s 			page 12


 602:Middlewares/Third_Party/FreeRTOS/Source/stream_buffer.c **** 		mtCOVERAGE_TEST_MARKER();
 603:Middlewares/Third_Party/FreeRTOS/Source/stream_buffer.c **** 		traceSTREAM_BUFFER_SEND_FAILED( xStreamBuffer );
 604:Middlewares/Third_Party/FreeRTOS/Source/stream_buffer.c **** 	}
 605:Middlewares/Third_Party/FreeRTOS/Source/stream_buffer.c **** 
 606:Middlewares/Third_Party/FreeRTOS/Source/stream_buffer.c **** 	return xReturn;
 607:Middlewares/Third_Party/FreeRTOS/Source/stream_buffer.c **** }
 608:Middlewares/Third_Party/FreeRTOS/Source/stream_buffer.c **** /*-----------------------------------------------------------*/
 609:Middlewares/Third_Party/FreeRTOS/Source/stream_buffer.c **** 
 610:Middlewares/Third_Party/FreeRTOS/Source/stream_buffer.c **** size_t xStreamBufferSendFromISR( StreamBufferHandle_t xStreamBuffer,
 611:Middlewares/Third_Party/FreeRTOS/Source/stream_buffer.c **** 								 const void *pvTxData,
 612:Middlewares/Third_Party/FreeRTOS/Source/stream_buffer.c **** 								 size_t xDataLengthBytes,
 613:Middlewares/Third_Party/FreeRTOS/Source/stream_buffer.c **** 								 BaseType_t * const pxHigherPriorityTaskWoken )
 614:Middlewares/Third_Party/FreeRTOS/Source/stream_buffer.c **** {
 615:Middlewares/Third_Party/FreeRTOS/Source/stream_buffer.c **** StreamBuffer_t * const pxStreamBuffer = xStreamBuffer;
 616:Middlewares/Third_Party/FreeRTOS/Source/stream_buffer.c **** size_t xReturn, xSpace;
 617:Middlewares/Third_Party/FreeRTOS/Source/stream_buffer.c **** size_t xRequiredSpace = xDataLengthBytes;
 618:Middlewares/Third_Party/FreeRTOS/Source/stream_buffer.c **** 
 619:Middlewares/Third_Party/FreeRTOS/Source/stream_buffer.c **** 	configASSERT( pvTxData );
 620:Middlewares/Third_Party/FreeRTOS/Source/stream_buffer.c **** 	configASSERT( pxStreamBuffer );
 621:Middlewares/Third_Party/FreeRTOS/Source/stream_buffer.c **** 
 622:Middlewares/Third_Party/FreeRTOS/Source/stream_buffer.c **** 	/* This send function is used to write to both message buffers and stream
 623:Middlewares/Third_Party/FreeRTOS/Source/stream_buffer.c **** 	buffers.  If this is a message buffer then the space needed must be
 624:Middlewares/Third_Party/FreeRTOS/Source/stream_buffer.c **** 	increased by the amount of bytes needed to store the length of the
 625:Middlewares/Third_Party/FreeRTOS/Source/stream_buffer.c **** 	message. */
 626:Middlewares/Third_Party/FreeRTOS/Source/stream_buffer.c **** 	if( ( pxStreamBuffer->ucFlags & sbFLAGS_IS_MESSAGE_BUFFER ) != ( uint8_t ) 0 )
 627:Middlewares/Third_Party/FreeRTOS/Source/stream_buffer.c **** 	{
 628:Middlewares/Third_Party/FreeRTOS/Source/stream_buffer.c **** 		xRequiredSpace += sbBYTES_TO_STORE_MESSAGE_LENGTH;
 629:Middlewares/Third_Party/FreeRTOS/Source/stream_buffer.c **** 	}
 630:Middlewares/Third_Party/FreeRTOS/Source/stream_buffer.c **** 	else
 631:Middlewares/Third_Party/FreeRTOS/Source/stream_buffer.c **** 	{
 632:Middlewares/Third_Party/FreeRTOS/Source/stream_buffer.c **** 		mtCOVERAGE_TEST_MARKER();
 633:Middlewares/Third_Party/FreeRTOS/Source/stream_buffer.c **** 	}
 634:Middlewares/Third_Party/FreeRTOS/Source/stream_buffer.c **** 
 635:Middlewares/Third_Party/FreeRTOS/Source/stream_buffer.c **** 	xSpace = xStreamBufferSpacesAvailable( pxStreamBuffer );
 636:Middlewares/Third_Party/FreeRTOS/Source/stream_buffer.c **** 	xReturn = prvWriteMessageToBuffer( pxStreamBuffer, pvTxData, xDataLengthBytes, xSpace, xRequiredSp
 637:Middlewares/Third_Party/FreeRTOS/Source/stream_buffer.c **** 
 638:Middlewares/Third_Party/FreeRTOS/Source/stream_buffer.c **** 	if( xReturn > ( size_t ) 0 )
 639:Middlewares/Third_Party/FreeRTOS/Source/stream_buffer.c **** 	{
 640:Middlewares/Third_Party/FreeRTOS/Source/stream_buffer.c **** 		/* Was a task waiting for the data? */
 641:Middlewares/Third_Party/FreeRTOS/Source/stream_buffer.c **** 		if( prvBytesInBuffer( pxStreamBuffer ) >= pxStreamBuffer->xTriggerLevelBytes )
 642:Middlewares/Third_Party/FreeRTOS/Source/stream_buffer.c **** 		{
 643:Middlewares/Third_Party/FreeRTOS/Source/stream_buffer.c **** 			sbSEND_COMPLETE_FROM_ISR( pxStreamBuffer, pxHigherPriorityTaskWoken );
 644:Middlewares/Third_Party/FreeRTOS/Source/stream_buffer.c **** 		}
 645:Middlewares/Third_Party/FreeRTOS/Source/stream_buffer.c **** 		else
 646:Middlewares/Third_Party/FreeRTOS/Source/stream_buffer.c **** 		{
 647:Middlewares/Third_Party/FreeRTOS/Source/stream_buffer.c **** 			mtCOVERAGE_TEST_MARKER();
 648:Middlewares/Third_Party/FreeRTOS/Source/stream_buffer.c **** 		}
 649:Middlewares/Third_Party/FreeRTOS/Source/stream_buffer.c **** 	}
 650:Middlewares/Third_Party/FreeRTOS/Source/stream_buffer.c **** 	else
 651:Middlewares/Third_Party/FreeRTOS/Source/stream_buffer.c **** 	{
 652:Middlewares/Third_Party/FreeRTOS/Source/stream_buffer.c **** 		mtCOVERAGE_TEST_MARKER();
 653:Middlewares/Third_Party/FreeRTOS/Source/stream_buffer.c **** 	}
 654:Middlewares/Third_Party/FreeRTOS/Source/stream_buffer.c **** 
 655:Middlewares/Third_Party/FreeRTOS/Source/stream_buffer.c **** 	traceSTREAM_BUFFER_SEND_FROM_ISR( xStreamBuffer, xReturn );
 656:Middlewares/Third_Party/FreeRTOS/Source/stream_buffer.c **** 
 657:Middlewares/Third_Party/FreeRTOS/Source/stream_buffer.c **** 	return xReturn;
 658:Middlewares/Third_Party/FreeRTOS/Source/stream_buffer.c **** }
ARM GAS  C:\Users\jason\AppData\Local\Temp\ccFJFDwG.s 			page 13


 659:Middlewares/Third_Party/FreeRTOS/Source/stream_buffer.c **** /*-----------------------------------------------------------*/
 660:Middlewares/Third_Party/FreeRTOS/Source/stream_buffer.c **** 
 661:Middlewares/Third_Party/FreeRTOS/Source/stream_buffer.c **** static size_t prvWriteMessageToBuffer( StreamBuffer_t * const pxStreamBuffer,
 662:Middlewares/Third_Party/FreeRTOS/Source/stream_buffer.c **** 									   const void * pvTxData,
 663:Middlewares/Third_Party/FreeRTOS/Source/stream_buffer.c **** 									   size_t xDataLengthBytes,
 664:Middlewares/Third_Party/FreeRTOS/Source/stream_buffer.c **** 									   size_t xSpace,
 665:Middlewares/Third_Party/FreeRTOS/Source/stream_buffer.c **** 									   size_t xRequiredSpace )
 666:Middlewares/Third_Party/FreeRTOS/Source/stream_buffer.c **** {
 667:Middlewares/Third_Party/FreeRTOS/Source/stream_buffer.c **** 	BaseType_t xShouldWrite;
 668:Middlewares/Third_Party/FreeRTOS/Source/stream_buffer.c **** 	size_t xReturn;
 669:Middlewares/Third_Party/FreeRTOS/Source/stream_buffer.c **** 
 670:Middlewares/Third_Party/FreeRTOS/Source/stream_buffer.c **** 	if( xSpace == ( size_t ) 0 )
 671:Middlewares/Third_Party/FreeRTOS/Source/stream_buffer.c **** 	{
 672:Middlewares/Third_Party/FreeRTOS/Source/stream_buffer.c **** 		/* Doesn't matter if this is a stream buffer or a message buffer, there
 673:Middlewares/Third_Party/FreeRTOS/Source/stream_buffer.c **** 		is no space to write. */
 674:Middlewares/Third_Party/FreeRTOS/Source/stream_buffer.c **** 		xShouldWrite = pdFALSE;
 675:Middlewares/Third_Party/FreeRTOS/Source/stream_buffer.c **** 	}
 676:Middlewares/Third_Party/FreeRTOS/Source/stream_buffer.c **** 	else if( ( pxStreamBuffer->ucFlags & sbFLAGS_IS_MESSAGE_BUFFER ) == ( uint8_t ) 0 )
 677:Middlewares/Third_Party/FreeRTOS/Source/stream_buffer.c **** 	{
 678:Middlewares/Third_Party/FreeRTOS/Source/stream_buffer.c **** 		/* This is a stream buffer, as opposed to a message buffer, so writing a
 679:Middlewares/Third_Party/FreeRTOS/Source/stream_buffer.c **** 		stream of bytes rather than discrete messages.  Write as many bytes as
 680:Middlewares/Third_Party/FreeRTOS/Source/stream_buffer.c **** 		possible. */
 681:Middlewares/Third_Party/FreeRTOS/Source/stream_buffer.c **** 		xShouldWrite = pdTRUE;
 682:Middlewares/Third_Party/FreeRTOS/Source/stream_buffer.c **** 		xDataLengthBytes = configMIN( xDataLengthBytes, xSpace );
 683:Middlewares/Third_Party/FreeRTOS/Source/stream_buffer.c **** 	}
 684:Middlewares/Third_Party/FreeRTOS/Source/stream_buffer.c **** 	else if( xSpace >= xRequiredSpace )
 685:Middlewares/Third_Party/FreeRTOS/Source/stream_buffer.c **** 	{
 686:Middlewares/Third_Party/FreeRTOS/Source/stream_buffer.c **** 		/* This is a message buffer, as opposed to a stream buffer, and there
 687:Middlewares/Third_Party/FreeRTOS/Source/stream_buffer.c **** 		is enough space to write both the message length and the message itself
 688:Middlewares/Third_Party/FreeRTOS/Source/stream_buffer.c **** 		into the buffer.  Start by writing the length of the data, the data
 689:Middlewares/Third_Party/FreeRTOS/Source/stream_buffer.c **** 		itself will be written later in this function. */
 690:Middlewares/Third_Party/FreeRTOS/Source/stream_buffer.c **** 		xShouldWrite = pdTRUE;
 691:Middlewares/Third_Party/FreeRTOS/Source/stream_buffer.c **** 		( void ) prvWriteBytesToBuffer( pxStreamBuffer, ( const uint8_t * ) &( xDataLengthBytes ), sbBYTE
 692:Middlewares/Third_Party/FreeRTOS/Source/stream_buffer.c **** 	}
 693:Middlewares/Third_Party/FreeRTOS/Source/stream_buffer.c **** 	else
 694:Middlewares/Third_Party/FreeRTOS/Source/stream_buffer.c **** 	{
 695:Middlewares/Third_Party/FreeRTOS/Source/stream_buffer.c **** 		/* There is space available, but not enough space. */
 696:Middlewares/Third_Party/FreeRTOS/Source/stream_buffer.c **** 		xShouldWrite = pdFALSE;
 697:Middlewares/Third_Party/FreeRTOS/Source/stream_buffer.c **** 	}
 698:Middlewares/Third_Party/FreeRTOS/Source/stream_buffer.c **** 
 699:Middlewares/Third_Party/FreeRTOS/Source/stream_buffer.c **** 	if( xShouldWrite != pdFALSE )
 700:Middlewares/Third_Party/FreeRTOS/Source/stream_buffer.c **** 	{
 701:Middlewares/Third_Party/FreeRTOS/Source/stream_buffer.c **** 		/* Writes the data itself. */
 702:Middlewares/Third_Party/FreeRTOS/Source/stream_buffer.c **** 		xReturn = prvWriteBytesToBuffer( pxStreamBuffer, ( const uint8_t * ) pvTxData, xDataLengthBytes )
 703:Middlewares/Third_Party/FreeRTOS/Source/stream_buffer.c **** 	}
 704:Middlewares/Third_Party/FreeRTOS/Source/stream_buffer.c **** 	else
 705:Middlewares/Third_Party/FreeRTOS/Source/stream_buffer.c **** 	{
 706:Middlewares/Third_Party/FreeRTOS/Source/stream_buffer.c **** 		xReturn = 0;
 707:Middlewares/Third_Party/FreeRTOS/Source/stream_buffer.c **** 	}
 708:Middlewares/Third_Party/FreeRTOS/Source/stream_buffer.c **** 
 709:Middlewares/Third_Party/FreeRTOS/Source/stream_buffer.c **** 	return xReturn;
 710:Middlewares/Third_Party/FreeRTOS/Source/stream_buffer.c **** }
 711:Middlewares/Third_Party/FreeRTOS/Source/stream_buffer.c **** /*-----------------------------------------------------------*/
 712:Middlewares/Third_Party/FreeRTOS/Source/stream_buffer.c **** 
 713:Middlewares/Third_Party/FreeRTOS/Source/stream_buffer.c **** size_t xStreamBufferReceive( StreamBufferHandle_t xStreamBuffer,
 714:Middlewares/Third_Party/FreeRTOS/Source/stream_buffer.c **** 							 void *pvRxData,
 715:Middlewares/Third_Party/FreeRTOS/Source/stream_buffer.c **** 							 size_t xBufferLengthBytes,
ARM GAS  C:\Users\jason\AppData\Local\Temp\ccFJFDwG.s 			page 14


 716:Middlewares/Third_Party/FreeRTOS/Source/stream_buffer.c **** 							 TickType_t xTicksToWait )
 717:Middlewares/Third_Party/FreeRTOS/Source/stream_buffer.c **** {
 718:Middlewares/Third_Party/FreeRTOS/Source/stream_buffer.c **** StreamBuffer_t * const pxStreamBuffer = xStreamBuffer;
 719:Middlewares/Third_Party/FreeRTOS/Source/stream_buffer.c **** size_t xReceivedLength = 0, xBytesAvailable, xBytesToStoreMessageLength;
 720:Middlewares/Third_Party/FreeRTOS/Source/stream_buffer.c **** 
 721:Middlewares/Third_Party/FreeRTOS/Source/stream_buffer.c **** 	configASSERT( pvRxData );
 722:Middlewares/Third_Party/FreeRTOS/Source/stream_buffer.c **** 	configASSERT( pxStreamBuffer );
 723:Middlewares/Third_Party/FreeRTOS/Source/stream_buffer.c **** 
 724:Middlewares/Third_Party/FreeRTOS/Source/stream_buffer.c **** 	/* This receive function is used by both message buffers, which store
 725:Middlewares/Third_Party/FreeRTOS/Source/stream_buffer.c **** 	discrete messages, and stream buffers, which store a continuous stream of
 726:Middlewares/Third_Party/FreeRTOS/Source/stream_buffer.c **** 	bytes.  Discrete messages include an additional
 727:Middlewares/Third_Party/FreeRTOS/Source/stream_buffer.c **** 	sbBYTES_TO_STORE_MESSAGE_LENGTH bytes that hold the length of the
 728:Middlewares/Third_Party/FreeRTOS/Source/stream_buffer.c **** 	message. */
 729:Middlewares/Third_Party/FreeRTOS/Source/stream_buffer.c **** 	if( ( pxStreamBuffer->ucFlags & sbFLAGS_IS_MESSAGE_BUFFER ) != ( uint8_t ) 0 )
 730:Middlewares/Third_Party/FreeRTOS/Source/stream_buffer.c **** 	{
 731:Middlewares/Third_Party/FreeRTOS/Source/stream_buffer.c **** 		xBytesToStoreMessageLength = sbBYTES_TO_STORE_MESSAGE_LENGTH;
 732:Middlewares/Third_Party/FreeRTOS/Source/stream_buffer.c **** 	}
 733:Middlewares/Third_Party/FreeRTOS/Source/stream_buffer.c **** 	else
 734:Middlewares/Third_Party/FreeRTOS/Source/stream_buffer.c **** 	{
 735:Middlewares/Third_Party/FreeRTOS/Source/stream_buffer.c **** 		xBytesToStoreMessageLength = 0;
 736:Middlewares/Third_Party/FreeRTOS/Source/stream_buffer.c **** 	}
 737:Middlewares/Third_Party/FreeRTOS/Source/stream_buffer.c **** 
 738:Middlewares/Third_Party/FreeRTOS/Source/stream_buffer.c **** 	if( xTicksToWait != ( TickType_t ) 0 )
 739:Middlewares/Third_Party/FreeRTOS/Source/stream_buffer.c **** 	{
 740:Middlewares/Third_Party/FreeRTOS/Source/stream_buffer.c **** 		/* Checking if there is data and clearing the notification state must be
 741:Middlewares/Third_Party/FreeRTOS/Source/stream_buffer.c **** 		performed atomically. */
 742:Middlewares/Third_Party/FreeRTOS/Source/stream_buffer.c **** 		taskENTER_CRITICAL();
 743:Middlewares/Third_Party/FreeRTOS/Source/stream_buffer.c **** 		{
 744:Middlewares/Third_Party/FreeRTOS/Source/stream_buffer.c **** 			xBytesAvailable = prvBytesInBuffer( pxStreamBuffer );
 745:Middlewares/Third_Party/FreeRTOS/Source/stream_buffer.c **** 
 746:Middlewares/Third_Party/FreeRTOS/Source/stream_buffer.c **** 			/* If this function was invoked by a message buffer read then
 747:Middlewares/Third_Party/FreeRTOS/Source/stream_buffer.c **** 			xBytesToStoreMessageLength holds the number of bytes used to hold
 748:Middlewares/Third_Party/FreeRTOS/Source/stream_buffer.c **** 			the length of the next discrete message.  If this function was
 749:Middlewares/Third_Party/FreeRTOS/Source/stream_buffer.c **** 			invoked by a stream buffer read then xBytesToStoreMessageLength will
 750:Middlewares/Third_Party/FreeRTOS/Source/stream_buffer.c **** 			be 0. */
 751:Middlewares/Third_Party/FreeRTOS/Source/stream_buffer.c **** 			if( xBytesAvailable <= xBytesToStoreMessageLength )
 752:Middlewares/Third_Party/FreeRTOS/Source/stream_buffer.c **** 			{
 753:Middlewares/Third_Party/FreeRTOS/Source/stream_buffer.c **** 				/* Clear notification state as going to wait for data. */
 754:Middlewares/Third_Party/FreeRTOS/Source/stream_buffer.c **** 				( void ) xTaskNotifyStateClear( NULL );
 755:Middlewares/Third_Party/FreeRTOS/Source/stream_buffer.c **** 
 756:Middlewares/Third_Party/FreeRTOS/Source/stream_buffer.c **** 				/* Should only be one reader. */
 757:Middlewares/Third_Party/FreeRTOS/Source/stream_buffer.c **** 				configASSERT( pxStreamBuffer->xTaskWaitingToReceive == NULL );
 758:Middlewares/Third_Party/FreeRTOS/Source/stream_buffer.c **** 				pxStreamBuffer->xTaskWaitingToReceive = xTaskGetCurrentTaskHandle();
 759:Middlewares/Third_Party/FreeRTOS/Source/stream_buffer.c **** 			}
 760:Middlewares/Third_Party/FreeRTOS/Source/stream_buffer.c **** 			else
 761:Middlewares/Third_Party/FreeRTOS/Source/stream_buffer.c **** 			{
 762:Middlewares/Third_Party/FreeRTOS/Source/stream_buffer.c **** 				mtCOVERAGE_TEST_MARKER();
 763:Middlewares/Third_Party/FreeRTOS/Source/stream_buffer.c **** 			}
 764:Middlewares/Third_Party/FreeRTOS/Source/stream_buffer.c **** 		}
 765:Middlewares/Third_Party/FreeRTOS/Source/stream_buffer.c **** 		taskEXIT_CRITICAL();
 766:Middlewares/Third_Party/FreeRTOS/Source/stream_buffer.c **** 
 767:Middlewares/Third_Party/FreeRTOS/Source/stream_buffer.c **** 		if( xBytesAvailable <= xBytesToStoreMessageLength )
 768:Middlewares/Third_Party/FreeRTOS/Source/stream_buffer.c **** 		{
 769:Middlewares/Third_Party/FreeRTOS/Source/stream_buffer.c **** 			/* Wait for data to be available. */
 770:Middlewares/Third_Party/FreeRTOS/Source/stream_buffer.c **** 			traceBLOCKING_ON_STREAM_BUFFER_RECEIVE( xStreamBuffer );
 771:Middlewares/Third_Party/FreeRTOS/Source/stream_buffer.c **** 			( void ) xTaskNotifyWait( ( uint32_t ) 0, ( uint32_t ) 0, NULL, xTicksToWait );
 772:Middlewares/Third_Party/FreeRTOS/Source/stream_buffer.c **** 			pxStreamBuffer->xTaskWaitingToReceive = NULL;
ARM GAS  C:\Users\jason\AppData\Local\Temp\ccFJFDwG.s 			page 15


 773:Middlewares/Third_Party/FreeRTOS/Source/stream_buffer.c **** 
 774:Middlewares/Third_Party/FreeRTOS/Source/stream_buffer.c **** 			/* Recheck the data available after blocking. */
 775:Middlewares/Third_Party/FreeRTOS/Source/stream_buffer.c **** 			xBytesAvailable = prvBytesInBuffer( pxStreamBuffer );
 776:Middlewares/Third_Party/FreeRTOS/Source/stream_buffer.c **** 		}
 777:Middlewares/Third_Party/FreeRTOS/Source/stream_buffer.c **** 		else
 778:Middlewares/Third_Party/FreeRTOS/Source/stream_buffer.c **** 		{
 779:Middlewares/Third_Party/FreeRTOS/Source/stream_buffer.c **** 			mtCOVERAGE_TEST_MARKER();
 780:Middlewares/Third_Party/FreeRTOS/Source/stream_buffer.c **** 		}
 781:Middlewares/Third_Party/FreeRTOS/Source/stream_buffer.c **** 	}
 782:Middlewares/Third_Party/FreeRTOS/Source/stream_buffer.c **** 	else
 783:Middlewares/Third_Party/FreeRTOS/Source/stream_buffer.c **** 	{
 784:Middlewares/Third_Party/FreeRTOS/Source/stream_buffer.c **** 		xBytesAvailable = prvBytesInBuffer( pxStreamBuffer );
 785:Middlewares/Third_Party/FreeRTOS/Source/stream_buffer.c **** 	}
 786:Middlewares/Third_Party/FreeRTOS/Source/stream_buffer.c **** 
 787:Middlewares/Third_Party/FreeRTOS/Source/stream_buffer.c **** 	/* Whether receiving a discrete message (where xBytesToStoreMessageLength
 788:Middlewares/Third_Party/FreeRTOS/Source/stream_buffer.c **** 	holds the number of bytes used to store the message length) or a stream of
 789:Middlewares/Third_Party/FreeRTOS/Source/stream_buffer.c **** 	bytes (where xBytesToStoreMessageLength is zero), the number of bytes
 790:Middlewares/Third_Party/FreeRTOS/Source/stream_buffer.c **** 	available must be greater than xBytesToStoreMessageLength to be able to
 791:Middlewares/Third_Party/FreeRTOS/Source/stream_buffer.c **** 	read bytes from the buffer. */
 792:Middlewares/Third_Party/FreeRTOS/Source/stream_buffer.c **** 	if( xBytesAvailable > xBytesToStoreMessageLength )
 793:Middlewares/Third_Party/FreeRTOS/Source/stream_buffer.c **** 	{
 794:Middlewares/Third_Party/FreeRTOS/Source/stream_buffer.c **** 		xReceivedLength = prvReadMessageFromBuffer( pxStreamBuffer, pvRxData, xBufferLengthBytes, xBytesA
 795:Middlewares/Third_Party/FreeRTOS/Source/stream_buffer.c **** 
 796:Middlewares/Third_Party/FreeRTOS/Source/stream_buffer.c **** 		/* Was a task waiting for space in the buffer? */
 797:Middlewares/Third_Party/FreeRTOS/Source/stream_buffer.c **** 		if( xReceivedLength != ( size_t ) 0 )
 798:Middlewares/Third_Party/FreeRTOS/Source/stream_buffer.c **** 		{
 799:Middlewares/Third_Party/FreeRTOS/Source/stream_buffer.c **** 			traceSTREAM_BUFFER_RECEIVE( xStreamBuffer, xReceivedLength );
 800:Middlewares/Third_Party/FreeRTOS/Source/stream_buffer.c **** 			sbRECEIVE_COMPLETED( pxStreamBuffer );
 801:Middlewares/Third_Party/FreeRTOS/Source/stream_buffer.c **** 		}
 802:Middlewares/Third_Party/FreeRTOS/Source/stream_buffer.c **** 		else
 803:Middlewares/Third_Party/FreeRTOS/Source/stream_buffer.c **** 		{
 804:Middlewares/Third_Party/FreeRTOS/Source/stream_buffer.c **** 			mtCOVERAGE_TEST_MARKER();
 805:Middlewares/Third_Party/FreeRTOS/Source/stream_buffer.c **** 		}
 806:Middlewares/Third_Party/FreeRTOS/Source/stream_buffer.c **** 	}
 807:Middlewares/Third_Party/FreeRTOS/Source/stream_buffer.c **** 	else
 808:Middlewares/Third_Party/FreeRTOS/Source/stream_buffer.c **** 	{
 809:Middlewares/Third_Party/FreeRTOS/Source/stream_buffer.c **** 		traceSTREAM_BUFFER_RECEIVE_FAILED( xStreamBuffer );
 810:Middlewares/Third_Party/FreeRTOS/Source/stream_buffer.c **** 		mtCOVERAGE_TEST_MARKER();
 811:Middlewares/Third_Party/FreeRTOS/Source/stream_buffer.c **** 	}
 812:Middlewares/Third_Party/FreeRTOS/Source/stream_buffer.c **** 
 813:Middlewares/Third_Party/FreeRTOS/Source/stream_buffer.c **** 	return xReceivedLength;
 814:Middlewares/Third_Party/FreeRTOS/Source/stream_buffer.c **** }
 815:Middlewares/Third_Party/FreeRTOS/Source/stream_buffer.c **** /*-----------------------------------------------------------*/
 816:Middlewares/Third_Party/FreeRTOS/Source/stream_buffer.c **** 
 817:Middlewares/Third_Party/FreeRTOS/Source/stream_buffer.c **** size_t xStreamBufferNextMessageLengthBytes( StreamBufferHandle_t xStreamBuffer )
 818:Middlewares/Third_Party/FreeRTOS/Source/stream_buffer.c **** {
 819:Middlewares/Third_Party/FreeRTOS/Source/stream_buffer.c **** StreamBuffer_t * const pxStreamBuffer = xStreamBuffer;
 820:Middlewares/Third_Party/FreeRTOS/Source/stream_buffer.c **** size_t xReturn, xBytesAvailable, xOriginalTail;
 821:Middlewares/Third_Party/FreeRTOS/Source/stream_buffer.c **** configMESSAGE_BUFFER_LENGTH_TYPE xTempReturn;
 822:Middlewares/Third_Party/FreeRTOS/Source/stream_buffer.c **** 
 823:Middlewares/Third_Party/FreeRTOS/Source/stream_buffer.c **** 	configASSERT( pxStreamBuffer );
 824:Middlewares/Third_Party/FreeRTOS/Source/stream_buffer.c **** 
 825:Middlewares/Third_Party/FreeRTOS/Source/stream_buffer.c **** 	/* Ensure the stream buffer is being used as a message buffer. */
 826:Middlewares/Third_Party/FreeRTOS/Source/stream_buffer.c **** 	if( ( pxStreamBuffer->ucFlags & sbFLAGS_IS_MESSAGE_BUFFER ) != ( uint8_t ) 0 )
 827:Middlewares/Third_Party/FreeRTOS/Source/stream_buffer.c **** 	{
 828:Middlewares/Third_Party/FreeRTOS/Source/stream_buffer.c **** 		xBytesAvailable = prvBytesInBuffer( pxStreamBuffer );
 829:Middlewares/Third_Party/FreeRTOS/Source/stream_buffer.c **** 		if( xBytesAvailable > sbBYTES_TO_STORE_MESSAGE_LENGTH )
ARM GAS  C:\Users\jason\AppData\Local\Temp\ccFJFDwG.s 			page 16


 830:Middlewares/Third_Party/FreeRTOS/Source/stream_buffer.c **** 		{
 831:Middlewares/Third_Party/FreeRTOS/Source/stream_buffer.c **** 			/* The number of bytes available is greater than the number of bytes
 832:Middlewares/Third_Party/FreeRTOS/Source/stream_buffer.c **** 			required to hold the length of the next message, so another message
 833:Middlewares/Third_Party/FreeRTOS/Source/stream_buffer.c **** 			is available.  Return its length without removing the length bytes
 834:Middlewares/Third_Party/FreeRTOS/Source/stream_buffer.c **** 			from the buffer.  A copy of the tail is stored so the buffer can be
 835:Middlewares/Third_Party/FreeRTOS/Source/stream_buffer.c **** 			returned to its prior state as the message is not actually being
 836:Middlewares/Third_Party/FreeRTOS/Source/stream_buffer.c **** 			removed from the buffer. */
 837:Middlewares/Third_Party/FreeRTOS/Source/stream_buffer.c **** 			xOriginalTail = pxStreamBuffer->xTail;
 838:Middlewares/Third_Party/FreeRTOS/Source/stream_buffer.c **** 			( void ) prvReadBytesFromBuffer( pxStreamBuffer, ( uint8_t * ) &xTempReturn, sbBYTES_TO_STORE_ME
 839:Middlewares/Third_Party/FreeRTOS/Source/stream_buffer.c **** 			xReturn = ( size_t ) xTempReturn;
 840:Middlewares/Third_Party/FreeRTOS/Source/stream_buffer.c **** 			pxStreamBuffer->xTail = xOriginalTail;
 841:Middlewares/Third_Party/FreeRTOS/Source/stream_buffer.c **** 		}
 842:Middlewares/Third_Party/FreeRTOS/Source/stream_buffer.c **** 		else
 843:Middlewares/Third_Party/FreeRTOS/Source/stream_buffer.c **** 		{
 844:Middlewares/Third_Party/FreeRTOS/Source/stream_buffer.c **** 			/* The minimum amount of bytes in a message buffer is
 845:Middlewares/Third_Party/FreeRTOS/Source/stream_buffer.c **** 			( sbBYTES_TO_STORE_MESSAGE_LENGTH + 1 ), so if xBytesAvailable is
 846:Middlewares/Third_Party/FreeRTOS/Source/stream_buffer.c **** 			less than sbBYTES_TO_STORE_MESSAGE_LENGTH the only other valid
 847:Middlewares/Third_Party/FreeRTOS/Source/stream_buffer.c **** 			value is 0. */
 848:Middlewares/Third_Party/FreeRTOS/Source/stream_buffer.c **** 			configASSERT( xBytesAvailable == 0 );
 849:Middlewares/Third_Party/FreeRTOS/Source/stream_buffer.c **** 			xReturn = 0;
 850:Middlewares/Third_Party/FreeRTOS/Source/stream_buffer.c **** 		}
 851:Middlewares/Third_Party/FreeRTOS/Source/stream_buffer.c **** 	}
 852:Middlewares/Third_Party/FreeRTOS/Source/stream_buffer.c **** 	else
 853:Middlewares/Third_Party/FreeRTOS/Source/stream_buffer.c **** 	{
 854:Middlewares/Third_Party/FreeRTOS/Source/stream_buffer.c **** 		xReturn = 0;
 855:Middlewares/Third_Party/FreeRTOS/Source/stream_buffer.c **** 	}
 856:Middlewares/Third_Party/FreeRTOS/Source/stream_buffer.c **** 
 857:Middlewares/Third_Party/FreeRTOS/Source/stream_buffer.c **** 	return xReturn;
 858:Middlewares/Third_Party/FreeRTOS/Source/stream_buffer.c **** }
 859:Middlewares/Third_Party/FreeRTOS/Source/stream_buffer.c **** /*-----------------------------------------------------------*/
 860:Middlewares/Third_Party/FreeRTOS/Source/stream_buffer.c **** 
 861:Middlewares/Third_Party/FreeRTOS/Source/stream_buffer.c **** size_t xStreamBufferReceiveFromISR( StreamBufferHandle_t xStreamBuffer,
 862:Middlewares/Third_Party/FreeRTOS/Source/stream_buffer.c **** 									void *pvRxData,
 863:Middlewares/Third_Party/FreeRTOS/Source/stream_buffer.c **** 									size_t xBufferLengthBytes,
 864:Middlewares/Third_Party/FreeRTOS/Source/stream_buffer.c **** 									BaseType_t * const pxHigherPriorityTaskWoken )
 865:Middlewares/Third_Party/FreeRTOS/Source/stream_buffer.c **** {
 866:Middlewares/Third_Party/FreeRTOS/Source/stream_buffer.c **** StreamBuffer_t * const pxStreamBuffer = xStreamBuffer;
 867:Middlewares/Third_Party/FreeRTOS/Source/stream_buffer.c **** size_t xReceivedLength = 0, xBytesAvailable, xBytesToStoreMessageLength;
 868:Middlewares/Third_Party/FreeRTOS/Source/stream_buffer.c **** 
 869:Middlewares/Third_Party/FreeRTOS/Source/stream_buffer.c **** 	configASSERT( pvRxData );
 870:Middlewares/Third_Party/FreeRTOS/Source/stream_buffer.c **** 	configASSERT( pxStreamBuffer );
 871:Middlewares/Third_Party/FreeRTOS/Source/stream_buffer.c **** 
 872:Middlewares/Third_Party/FreeRTOS/Source/stream_buffer.c **** 	/* This receive function is used by both message buffers, which store
 873:Middlewares/Third_Party/FreeRTOS/Source/stream_buffer.c **** 	discrete messages, and stream buffers, which store a continuous stream of
 874:Middlewares/Third_Party/FreeRTOS/Source/stream_buffer.c **** 	bytes.  Discrete messages include an additional
 875:Middlewares/Third_Party/FreeRTOS/Source/stream_buffer.c **** 	sbBYTES_TO_STORE_MESSAGE_LENGTH bytes that hold the length of the
 876:Middlewares/Third_Party/FreeRTOS/Source/stream_buffer.c **** 	message. */
 877:Middlewares/Third_Party/FreeRTOS/Source/stream_buffer.c **** 	if( ( pxStreamBuffer->ucFlags & sbFLAGS_IS_MESSAGE_BUFFER ) != ( uint8_t ) 0 )
 878:Middlewares/Third_Party/FreeRTOS/Source/stream_buffer.c **** 	{
 879:Middlewares/Third_Party/FreeRTOS/Source/stream_buffer.c **** 		xBytesToStoreMessageLength = sbBYTES_TO_STORE_MESSAGE_LENGTH;
 880:Middlewares/Third_Party/FreeRTOS/Source/stream_buffer.c **** 	}
 881:Middlewares/Third_Party/FreeRTOS/Source/stream_buffer.c **** 	else
 882:Middlewares/Third_Party/FreeRTOS/Source/stream_buffer.c **** 	{
 883:Middlewares/Third_Party/FreeRTOS/Source/stream_buffer.c **** 		xBytesToStoreMessageLength = 0;
 884:Middlewares/Third_Party/FreeRTOS/Source/stream_buffer.c **** 	}
 885:Middlewares/Third_Party/FreeRTOS/Source/stream_buffer.c **** 
 886:Middlewares/Third_Party/FreeRTOS/Source/stream_buffer.c **** 	xBytesAvailable = prvBytesInBuffer( pxStreamBuffer );
ARM GAS  C:\Users\jason\AppData\Local\Temp\ccFJFDwG.s 			page 17


 887:Middlewares/Third_Party/FreeRTOS/Source/stream_buffer.c **** 
 888:Middlewares/Third_Party/FreeRTOS/Source/stream_buffer.c **** 	/* Whether receiving a discrete message (where xBytesToStoreMessageLength
 889:Middlewares/Third_Party/FreeRTOS/Source/stream_buffer.c **** 	holds the number of bytes used to store the message length) or a stream of
 890:Middlewares/Third_Party/FreeRTOS/Source/stream_buffer.c **** 	bytes (where xBytesToStoreMessageLength is zero), the number of bytes
 891:Middlewares/Third_Party/FreeRTOS/Source/stream_buffer.c **** 	available must be greater than xBytesToStoreMessageLength to be able to
 892:Middlewares/Third_Party/FreeRTOS/Source/stream_buffer.c **** 	read bytes from the buffer. */
 893:Middlewares/Third_Party/FreeRTOS/Source/stream_buffer.c **** 	if( xBytesAvailable > xBytesToStoreMessageLength )
 894:Middlewares/Third_Party/FreeRTOS/Source/stream_buffer.c **** 	{
 895:Middlewares/Third_Party/FreeRTOS/Source/stream_buffer.c **** 		xReceivedLength = prvReadMessageFromBuffer( pxStreamBuffer, pvRxData, xBufferLengthBytes, xBytesA
 896:Middlewares/Third_Party/FreeRTOS/Source/stream_buffer.c **** 
 897:Middlewares/Third_Party/FreeRTOS/Source/stream_buffer.c **** 		/* Was a task waiting for space in the buffer? */
 898:Middlewares/Third_Party/FreeRTOS/Source/stream_buffer.c **** 		if( xReceivedLength != ( size_t ) 0 )
 899:Middlewares/Third_Party/FreeRTOS/Source/stream_buffer.c **** 		{
 900:Middlewares/Third_Party/FreeRTOS/Source/stream_buffer.c **** 			sbRECEIVE_COMPLETED_FROM_ISR( pxStreamBuffer, pxHigherPriorityTaskWoken );
 901:Middlewares/Third_Party/FreeRTOS/Source/stream_buffer.c **** 		}
 902:Middlewares/Third_Party/FreeRTOS/Source/stream_buffer.c **** 		else
 903:Middlewares/Third_Party/FreeRTOS/Source/stream_buffer.c **** 		{
 904:Middlewares/Third_Party/FreeRTOS/Source/stream_buffer.c **** 			mtCOVERAGE_TEST_MARKER();
 905:Middlewares/Third_Party/FreeRTOS/Source/stream_buffer.c **** 		}
 906:Middlewares/Third_Party/FreeRTOS/Source/stream_buffer.c **** 	}
 907:Middlewares/Third_Party/FreeRTOS/Source/stream_buffer.c **** 	else
 908:Middlewares/Third_Party/FreeRTOS/Source/stream_buffer.c **** 	{
 909:Middlewares/Third_Party/FreeRTOS/Source/stream_buffer.c **** 		mtCOVERAGE_TEST_MARKER();
 910:Middlewares/Third_Party/FreeRTOS/Source/stream_buffer.c **** 	}
 911:Middlewares/Third_Party/FreeRTOS/Source/stream_buffer.c **** 
 912:Middlewares/Third_Party/FreeRTOS/Source/stream_buffer.c **** 	traceSTREAM_BUFFER_RECEIVE_FROM_ISR( xStreamBuffer, xReceivedLength );
 913:Middlewares/Third_Party/FreeRTOS/Source/stream_buffer.c **** 
 914:Middlewares/Third_Party/FreeRTOS/Source/stream_buffer.c **** 	return xReceivedLength;
 915:Middlewares/Third_Party/FreeRTOS/Source/stream_buffer.c **** }
 916:Middlewares/Third_Party/FreeRTOS/Source/stream_buffer.c **** /*-----------------------------------------------------------*/
 917:Middlewares/Third_Party/FreeRTOS/Source/stream_buffer.c **** 
 918:Middlewares/Third_Party/FreeRTOS/Source/stream_buffer.c **** static size_t prvReadMessageFromBuffer( StreamBuffer_t *pxStreamBuffer,
 919:Middlewares/Third_Party/FreeRTOS/Source/stream_buffer.c **** 										void *pvRxData,
 920:Middlewares/Third_Party/FreeRTOS/Source/stream_buffer.c **** 										size_t xBufferLengthBytes,
 921:Middlewares/Third_Party/FreeRTOS/Source/stream_buffer.c **** 										size_t xBytesAvailable,
 922:Middlewares/Third_Party/FreeRTOS/Source/stream_buffer.c **** 										size_t xBytesToStoreMessageLength )
 923:Middlewares/Third_Party/FreeRTOS/Source/stream_buffer.c **** {
 924:Middlewares/Third_Party/FreeRTOS/Source/stream_buffer.c **** size_t xOriginalTail, xReceivedLength, xNextMessageLength;
 925:Middlewares/Third_Party/FreeRTOS/Source/stream_buffer.c **** configMESSAGE_BUFFER_LENGTH_TYPE xTempNextMessageLength;
 926:Middlewares/Third_Party/FreeRTOS/Source/stream_buffer.c **** 
 927:Middlewares/Third_Party/FreeRTOS/Source/stream_buffer.c **** 	if( xBytesToStoreMessageLength != ( size_t ) 0 )
 928:Middlewares/Third_Party/FreeRTOS/Source/stream_buffer.c **** 	{
 929:Middlewares/Third_Party/FreeRTOS/Source/stream_buffer.c **** 		/* A discrete message is being received.  First receive the length
 930:Middlewares/Third_Party/FreeRTOS/Source/stream_buffer.c **** 		of the message.  A copy of the tail is stored so the buffer can be
 931:Middlewares/Third_Party/FreeRTOS/Source/stream_buffer.c **** 		returned to its prior state if the length of the message is too
 932:Middlewares/Third_Party/FreeRTOS/Source/stream_buffer.c **** 		large for the provided buffer. */
 933:Middlewares/Third_Party/FreeRTOS/Source/stream_buffer.c **** 		xOriginalTail = pxStreamBuffer->xTail;
 934:Middlewares/Third_Party/FreeRTOS/Source/stream_buffer.c **** 		( void ) prvReadBytesFromBuffer( pxStreamBuffer, ( uint8_t * ) &xTempNextMessageLength, xBytesToS
 935:Middlewares/Third_Party/FreeRTOS/Source/stream_buffer.c **** 		xNextMessageLength = ( size_t ) xTempNextMessageLength;
 936:Middlewares/Third_Party/FreeRTOS/Source/stream_buffer.c **** 
 937:Middlewares/Third_Party/FreeRTOS/Source/stream_buffer.c **** 		/* Reduce the number of bytes available by the number of bytes just
 938:Middlewares/Third_Party/FreeRTOS/Source/stream_buffer.c **** 		read out. */
 939:Middlewares/Third_Party/FreeRTOS/Source/stream_buffer.c **** 		xBytesAvailable -= xBytesToStoreMessageLength;
 940:Middlewares/Third_Party/FreeRTOS/Source/stream_buffer.c **** 
 941:Middlewares/Third_Party/FreeRTOS/Source/stream_buffer.c **** 		/* Check there is enough space in the buffer provided by the
 942:Middlewares/Third_Party/FreeRTOS/Source/stream_buffer.c **** 		user. */
 943:Middlewares/Third_Party/FreeRTOS/Source/stream_buffer.c **** 		if( xNextMessageLength > xBufferLengthBytes )
ARM GAS  C:\Users\jason\AppData\Local\Temp\ccFJFDwG.s 			page 18


 944:Middlewares/Third_Party/FreeRTOS/Source/stream_buffer.c **** 		{
 945:Middlewares/Third_Party/FreeRTOS/Source/stream_buffer.c **** 			/* The user has provided insufficient space to read the message
 946:Middlewares/Third_Party/FreeRTOS/Source/stream_buffer.c **** 			so return the buffer to its previous state (so the length of
 947:Middlewares/Third_Party/FreeRTOS/Source/stream_buffer.c **** 			the message is in the buffer again). */
 948:Middlewares/Third_Party/FreeRTOS/Source/stream_buffer.c **** 			pxStreamBuffer->xTail = xOriginalTail;
 949:Middlewares/Third_Party/FreeRTOS/Source/stream_buffer.c **** 			xNextMessageLength = 0;
 950:Middlewares/Third_Party/FreeRTOS/Source/stream_buffer.c **** 		}
 951:Middlewares/Third_Party/FreeRTOS/Source/stream_buffer.c **** 		else
 952:Middlewares/Third_Party/FreeRTOS/Source/stream_buffer.c **** 		{
 953:Middlewares/Third_Party/FreeRTOS/Source/stream_buffer.c **** 			mtCOVERAGE_TEST_MARKER();
 954:Middlewares/Third_Party/FreeRTOS/Source/stream_buffer.c **** 		}
 955:Middlewares/Third_Party/FreeRTOS/Source/stream_buffer.c **** 	}
 956:Middlewares/Third_Party/FreeRTOS/Source/stream_buffer.c **** 	else
 957:Middlewares/Third_Party/FreeRTOS/Source/stream_buffer.c **** 	{
 958:Middlewares/Third_Party/FreeRTOS/Source/stream_buffer.c **** 		/* A stream of bytes is being received (as opposed to a discrete
 959:Middlewares/Third_Party/FreeRTOS/Source/stream_buffer.c **** 		message), so read as many bytes as possible. */
 960:Middlewares/Third_Party/FreeRTOS/Source/stream_buffer.c **** 		xNextMessageLength = xBufferLengthBytes;
 961:Middlewares/Third_Party/FreeRTOS/Source/stream_buffer.c **** 	}
 962:Middlewares/Third_Party/FreeRTOS/Source/stream_buffer.c **** 
 963:Middlewares/Third_Party/FreeRTOS/Source/stream_buffer.c **** 	/* Read the actual data. */
 964:Middlewares/Third_Party/FreeRTOS/Source/stream_buffer.c **** 	xReceivedLength = prvReadBytesFromBuffer( pxStreamBuffer, ( uint8_t * ) pvRxData, xNextMessageLeng
 965:Middlewares/Third_Party/FreeRTOS/Source/stream_buffer.c **** 
 966:Middlewares/Third_Party/FreeRTOS/Source/stream_buffer.c **** 	return xReceivedLength;
 967:Middlewares/Third_Party/FreeRTOS/Source/stream_buffer.c **** }
 968:Middlewares/Third_Party/FreeRTOS/Source/stream_buffer.c **** /*-----------------------------------------------------------*/
 969:Middlewares/Third_Party/FreeRTOS/Source/stream_buffer.c **** 
 970:Middlewares/Third_Party/FreeRTOS/Source/stream_buffer.c **** BaseType_t xStreamBufferIsEmpty( StreamBufferHandle_t xStreamBuffer )
 971:Middlewares/Third_Party/FreeRTOS/Source/stream_buffer.c **** {
 972:Middlewares/Third_Party/FreeRTOS/Source/stream_buffer.c **** const StreamBuffer_t * const pxStreamBuffer = xStreamBuffer;
 973:Middlewares/Third_Party/FreeRTOS/Source/stream_buffer.c **** BaseType_t xReturn;
 974:Middlewares/Third_Party/FreeRTOS/Source/stream_buffer.c **** size_t xTail;
 975:Middlewares/Third_Party/FreeRTOS/Source/stream_buffer.c **** 
 976:Middlewares/Third_Party/FreeRTOS/Source/stream_buffer.c **** 	configASSERT( pxStreamBuffer );
 977:Middlewares/Third_Party/FreeRTOS/Source/stream_buffer.c **** 
 978:Middlewares/Third_Party/FreeRTOS/Source/stream_buffer.c **** 	/* True if no bytes are available. */
 979:Middlewares/Third_Party/FreeRTOS/Source/stream_buffer.c **** 	xTail = pxStreamBuffer->xTail;
 980:Middlewares/Third_Party/FreeRTOS/Source/stream_buffer.c **** 	if( pxStreamBuffer->xHead == xTail )
 981:Middlewares/Third_Party/FreeRTOS/Source/stream_buffer.c **** 	{
 982:Middlewares/Third_Party/FreeRTOS/Source/stream_buffer.c **** 		xReturn = pdTRUE;
 983:Middlewares/Third_Party/FreeRTOS/Source/stream_buffer.c **** 	}
 984:Middlewares/Third_Party/FreeRTOS/Source/stream_buffer.c **** 	else
 985:Middlewares/Third_Party/FreeRTOS/Source/stream_buffer.c **** 	{
 986:Middlewares/Third_Party/FreeRTOS/Source/stream_buffer.c **** 		xReturn = pdFALSE;
 987:Middlewares/Third_Party/FreeRTOS/Source/stream_buffer.c **** 	}
 988:Middlewares/Third_Party/FreeRTOS/Source/stream_buffer.c **** 
 989:Middlewares/Third_Party/FreeRTOS/Source/stream_buffer.c **** 	return xReturn;
 990:Middlewares/Third_Party/FreeRTOS/Source/stream_buffer.c **** }
 991:Middlewares/Third_Party/FreeRTOS/Source/stream_buffer.c **** /*-----------------------------------------------------------*/
 992:Middlewares/Third_Party/FreeRTOS/Source/stream_buffer.c **** 
 993:Middlewares/Third_Party/FreeRTOS/Source/stream_buffer.c **** BaseType_t xStreamBufferIsFull( StreamBufferHandle_t xStreamBuffer )
 994:Middlewares/Third_Party/FreeRTOS/Source/stream_buffer.c **** {
 995:Middlewares/Third_Party/FreeRTOS/Source/stream_buffer.c **** BaseType_t xReturn;
 996:Middlewares/Third_Party/FreeRTOS/Source/stream_buffer.c **** size_t xBytesToStoreMessageLength;
 997:Middlewares/Third_Party/FreeRTOS/Source/stream_buffer.c **** const StreamBuffer_t * const pxStreamBuffer = xStreamBuffer;
 998:Middlewares/Third_Party/FreeRTOS/Source/stream_buffer.c **** 
 999:Middlewares/Third_Party/FreeRTOS/Source/stream_buffer.c **** 	configASSERT( pxStreamBuffer );
1000:Middlewares/Third_Party/FreeRTOS/Source/stream_buffer.c **** 
ARM GAS  C:\Users\jason\AppData\Local\Temp\ccFJFDwG.s 			page 19


1001:Middlewares/Third_Party/FreeRTOS/Source/stream_buffer.c **** 	/* This generic version of the receive function is used by both message
1002:Middlewares/Third_Party/FreeRTOS/Source/stream_buffer.c **** 	buffers, which store discrete messages, and stream buffers, which store a
1003:Middlewares/Third_Party/FreeRTOS/Source/stream_buffer.c **** 	continuous stream of bytes.  Discrete messages include an additional
1004:Middlewares/Third_Party/FreeRTOS/Source/stream_buffer.c **** 	sbBYTES_TO_STORE_MESSAGE_LENGTH bytes that hold the length of the message. */
1005:Middlewares/Third_Party/FreeRTOS/Source/stream_buffer.c **** 	if( ( pxStreamBuffer->ucFlags & sbFLAGS_IS_MESSAGE_BUFFER ) != ( uint8_t ) 0 )
1006:Middlewares/Third_Party/FreeRTOS/Source/stream_buffer.c **** 	{
1007:Middlewares/Third_Party/FreeRTOS/Source/stream_buffer.c **** 		xBytesToStoreMessageLength = sbBYTES_TO_STORE_MESSAGE_LENGTH;
1008:Middlewares/Third_Party/FreeRTOS/Source/stream_buffer.c **** 	}
1009:Middlewares/Third_Party/FreeRTOS/Source/stream_buffer.c **** 	else
1010:Middlewares/Third_Party/FreeRTOS/Source/stream_buffer.c **** 	{
1011:Middlewares/Third_Party/FreeRTOS/Source/stream_buffer.c **** 		xBytesToStoreMessageLength = 0;
1012:Middlewares/Third_Party/FreeRTOS/Source/stream_buffer.c **** 	}
1013:Middlewares/Third_Party/FreeRTOS/Source/stream_buffer.c **** 
1014:Middlewares/Third_Party/FreeRTOS/Source/stream_buffer.c **** 	/* True if the available space equals zero. */
1015:Middlewares/Third_Party/FreeRTOS/Source/stream_buffer.c **** 	if( xStreamBufferSpacesAvailable( xStreamBuffer ) <= xBytesToStoreMessageLength )
1016:Middlewares/Third_Party/FreeRTOS/Source/stream_buffer.c **** 	{
1017:Middlewares/Third_Party/FreeRTOS/Source/stream_buffer.c **** 		xReturn = pdTRUE;
1018:Middlewares/Third_Party/FreeRTOS/Source/stream_buffer.c **** 	}
1019:Middlewares/Third_Party/FreeRTOS/Source/stream_buffer.c **** 	else
1020:Middlewares/Third_Party/FreeRTOS/Source/stream_buffer.c **** 	{
1021:Middlewares/Third_Party/FreeRTOS/Source/stream_buffer.c **** 		xReturn = pdFALSE;
1022:Middlewares/Third_Party/FreeRTOS/Source/stream_buffer.c **** 	}
1023:Middlewares/Third_Party/FreeRTOS/Source/stream_buffer.c **** 
1024:Middlewares/Third_Party/FreeRTOS/Source/stream_buffer.c **** 	return xReturn;
1025:Middlewares/Third_Party/FreeRTOS/Source/stream_buffer.c **** }
1026:Middlewares/Third_Party/FreeRTOS/Source/stream_buffer.c **** /*-----------------------------------------------------------*/
1027:Middlewares/Third_Party/FreeRTOS/Source/stream_buffer.c **** 
1028:Middlewares/Third_Party/FreeRTOS/Source/stream_buffer.c **** BaseType_t xStreamBufferSendCompletedFromISR( StreamBufferHandle_t xStreamBuffer, BaseType_t *pxHig
1029:Middlewares/Third_Party/FreeRTOS/Source/stream_buffer.c **** {
1030:Middlewares/Third_Party/FreeRTOS/Source/stream_buffer.c **** StreamBuffer_t * const pxStreamBuffer = xStreamBuffer;
1031:Middlewares/Third_Party/FreeRTOS/Source/stream_buffer.c **** BaseType_t xReturn;
1032:Middlewares/Third_Party/FreeRTOS/Source/stream_buffer.c **** UBaseType_t uxSavedInterruptStatus;
1033:Middlewares/Third_Party/FreeRTOS/Source/stream_buffer.c **** 
1034:Middlewares/Third_Party/FreeRTOS/Source/stream_buffer.c **** 	configASSERT( pxStreamBuffer );
1035:Middlewares/Third_Party/FreeRTOS/Source/stream_buffer.c **** 
1036:Middlewares/Third_Party/FreeRTOS/Source/stream_buffer.c **** 	uxSavedInterruptStatus = ( UBaseType_t ) portSET_INTERRUPT_MASK_FROM_ISR();
1037:Middlewares/Third_Party/FreeRTOS/Source/stream_buffer.c **** 	{
1038:Middlewares/Third_Party/FreeRTOS/Source/stream_buffer.c **** 		if( ( pxStreamBuffer )->xTaskWaitingToReceive != NULL )
1039:Middlewares/Third_Party/FreeRTOS/Source/stream_buffer.c **** 		{
1040:Middlewares/Third_Party/FreeRTOS/Source/stream_buffer.c **** 			( void ) xTaskNotifyFromISR( ( pxStreamBuffer )->xTaskWaitingToReceive,
1041:Middlewares/Third_Party/FreeRTOS/Source/stream_buffer.c **** 										 ( uint32_t ) 0,
1042:Middlewares/Third_Party/FreeRTOS/Source/stream_buffer.c **** 										 eNoAction,
1043:Middlewares/Third_Party/FreeRTOS/Source/stream_buffer.c **** 										 pxHigherPriorityTaskWoken );
1044:Middlewares/Third_Party/FreeRTOS/Source/stream_buffer.c **** 			( pxStreamBuffer )->xTaskWaitingToReceive = NULL;
1045:Middlewares/Third_Party/FreeRTOS/Source/stream_buffer.c **** 			xReturn = pdTRUE;
1046:Middlewares/Third_Party/FreeRTOS/Source/stream_buffer.c **** 		}
1047:Middlewares/Third_Party/FreeRTOS/Source/stream_buffer.c **** 		else
1048:Middlewares/Third_Party/FreeRTOS/Source/stream_buffer.c **** 		{
1049:Middlewares/Third_Party/FreeRTOS/Source/stream_buffer.c **** 			xReturn = pdFALSE;
1050:Middlewares/Third_Party/FreeRTOS/Source/stream_buffer.c **** 		}
1051:Middlewares/Third_Party/FreeRTOS/Source/stream_buffer.c **** 	}
1052:Middlewares/Third_Party/FreeRTOS/Source/stream_buffer.c **** 	portCLEAR_INTERRUPT_MASK_FROM_ISR( uxSavedInterruptStatus );
1053:Middlewares/Third_Party/FreeRTOS/Source/stream_buffer.c **** 
1054:Middlewares/Third_Party/FreeRTOS/Source/stream_buffer.c **** 	return xReturn;
1055:Middlewares/Third_Party/FreeRTOS/Source/stream_buffer.c **** }
1056:Middlewares/Third_Party/FreeRTOS/Source/stream_buffer.c **** /*-----------------------------------------------------------*/
1057:Middlewares/Third_Party/FreeRTOS/Source/stream_buffer.c **** 
ARM GAS  C:\Users\jason\AppData\Local\Temp\ccFJFDwG.s 			page 20


1058:Middlewares/Third_Party/FreeRTOS/Source/stream_buffer.c **** BaseType_t xStreamBufferReceiveCompletedFromISR( StreamBufferHandle_t xStreamBuffer, BaseType_t *px
1059:Middlewares/Third_Party/FreeRTOS/Source/stream_buffer.c **** {
1060:Middlewares/Third_Party/FreeRTOS/Source/stream_buffer.c **** StreamBuffer_t * const pxStreamBuffer = xStreamBuffer;
1061:Middlewares/Third_Party/FreeRTOS/Source/stream_buffer.c **** BaseType_t xReturn;
1062:Middlewares/Third_Party/FreeRTOS/Source/stream_buffer.c **** UBaseType_t uxSavedInterruptStatus;
1063:Middlewares/Third_Party/FreeRTOS/Source/stream_buffer.c **** 
1064:Middlewares/Third_Party/FreeRTOS/Source/stream_buffer.c **** 	configASSERT( pxStreamBuffer );
1065:Middlewares/Third_Party/FreeRTOS/Source/stream_buffer.c **** 
1066:Middlewares/Third_Party/FreeRTOS/Source/stream_buffer.c **** 	uxSavedInterruptStatus = ( UBaseType_t ) portSET_INTERRUPT_MASK_FROM_ISR();
1067:Middlewares/Third_Party/FreeRTOS/Source/stream_buffer.c **** 	{
1068:Middlewares/Third_Party/FreeRTOS/Source/stream_buffer.c **** 		if( ( pxStreamBuffer )->xTaskWaitingToSend != NULL )
1069:Middlewares/Third_Party/FreeRTOS/Source/stream_buffer.c **** 		{
1070:Middlewares/Third_Party/FreeRTOS/Source/stream_buffer.c **** 			( void ) xTaskNotifyFromISR( ( pxStreamBuffer )->xTaskWaitingToSend,
1071:Middlewares/Third_Party/FreeRTOS/Source/stream_buffer.c **** 										 ( uint32_t ) 0,
1072:Middlewares/Third_Party/FreeRTOS/Source/stream_buffer.c **** 										 eNoAction,
1073:Middlewares/Third_Party/FreeRTOS/Source/stream_buffer.c **** 										 pxHigherPriorityTaskWoken );
1074:Middlewares/Third_Party/FreeRTOS/Source/stream_buffer.c **** 			( pxStreamBuffer )->xTaskWaitingToSend = NULL;
1075:Middlewares/Third_Party/FreeRTOS/Source/stream_buffer.c **** 			xReturn = pdTRUE;
1076:Middlewares/Third_Party/FreeRTOS/Source/stream_buffer.c **** 		}
1077:Middlewares/Third_Party/FreeRTOS/Source/stream_buffer.c **** 		else
1078:Middlewares/Third_Party/FreeRTOS/Source/stream_buffer.c **** 		{
1079:Middlewares/Third_Party/FreeRTOS/Source/stream_buffer.c **** 			xReturn = pdFALSE;
1080:Middlewares/Third_Party/FreeRTOS/Source/stream_buffer.c **** 		}
1081:Middlewares/Third_Party/FreeRTOS/Source/stream_buffer.c **** 	}
1082:Middlewares/Third_Party/FreeRTOS/Source/stream_buffer.c **** 	portCLEAR_INTERRUPT_MASK_FROM_ISR( uxSavedInterruptStatus );
1083:Middlewares/Third_Party/FreeRTOS/Source/stream_buffer.c **** 
1084:Middlewares/Third_Party/FreeRTOS/Source/stream_buffer.c **** 	return xReturn;
1085:Middlewares/Third_Party/FreeRTOS/Source/stream_buffer.c **** }
1086:Middlewares/Third_Party/FreeRTOS/Source/stream_buffer.c **** /*-----------------------------------------------------------*/
1087:Middlewares/Third_Party/FreeRTOS/Source/stream_buffer.c **** 
1088:Middlewares/Third_Party/FreeRTOS/Source/stream_buffer.c **** static size_t prvWriteBytesToBuffer( StreamBuffer_t * const pxStreamBuffer, const uint8_t *pucData,
1089:Middlewares/Third_Party/FreeRTOS/Source/stream_buffer.c **** {
1090:Middlewares/Third_Party/FreeRTOS/Source/stream_buffer.c **** size_t xNextHead, xFirstLength;
1091:Middlewares/Third_Party/FreeRTOS/Source/stream_buffer.c **** 
1092:Middlewares/Third_Party/FreeRTOS/Source/stream_buffer.c **** 	configASSERT( xCount > ( size_t ) 0 );
1093:Middlewares/Third_Party/FreeRTOS/Source/stream_buffer.c **** 
1094:Middlewares/Third_Party/FreeRTOS/Source/stream_buffer.c **** 	xNextHead = pxStreamBuffer->xHead;
1095:Middlewares/Third_Party/FreeRTOS/Source/stream_buffer.c **** 
1096:Middlewares/Third_Party/FreeRTOS/Source/stream_buffer.c **** 	/* Calculate the number of bytes that can be added in the first write -
1097:Middlewares/Third_Party/FreeRTOS/Source/stream_buffer.c **** 	which may be less than the total number of bytes that need to be added if
1098:Middlewares/Third_Party/FreeRTOS/Source/stream_buffer.c **** 	the buffer will wrap back to the beginning. */
1099:Middlewares/Third_Party/FreeRTOS/Source/stream_buffer.c **** 	xFirstLength = configMIN( pxStreamBuffer->xLength - xNextHead, xCount );
1100:Middlewares/Third_Party/FreeRTOS/Source/stream_buffer.c **** 
1101:Middlewares/Third_Party/FreeRTOS/Source/stream_buffer.c **** 	/* Write as many bytes as can be written in the first write. */
1102:Middlewares/Third_Party/FreeRTOS/Source/stream_buffer.c **** 	configASSERT( ( xNextHead + xFirstLength ) <= pxStreamBuffer->xLength );
1103:Middlewares/Third_Party/FreeRTOS/Source/stream_buffer.c **** 	( void ) memcpy( ( void* ) ( &( pxStreamBuffer->pucBuffer[ xNextHead ] ) ), ( const void * ) pucDa
1104:Middlewares/Third_Party/FreeRTOS/Source/stream_buffer.c **** 
1105:Middlewares/Third_Party/FreeRTOS/Source/stream_buffer.c **** 	/* If the number of bytes written was less than the number that could be
1106:Middlewares/Third_Party/FreeRTOS/Source/stream_buffer.c **** 	written in the first write... */
1107:Middlewares/Third_Party/FreeRTOS/Source/stream_buffer.c **** 	if( xCount > xFirstLength )
1108:Middlewares/Third_Party/FreeRTOS/Source/stream_buffer.c **** 	{
1109:Middlewares/Third_Party/FreeRTOS/Source/stream_buffer.c **** 		/* ...then write the remaining bytes to the start of the buffer. */
1110:Middlewares/Third_Party/FreeRTOS/Source/stream_buffer.c **** 		configASSERT( ( xCount - xFirstLength ) <= pxStreamBuffer->xLength );
1111:Middlewares/Third_Party/FreeRTOS/Source/stream_buffer.c **** 		( void ) memcpy( ( void * ) pxStreamBuffer->pucBuffer, ( const void * ) &( pucData[ xFirstLength 
1112:Middlewares/Third_Party/FreeRTOS/Source/stream_buffer.c **** 	}
1113:Middlewares/Third_Party/FreeRTOS/Source/stream_buffer.c **** 	else
1114:Middlewares/Third_Party/FreeRTOS/Source/stream_buffer.c **** 	{
ARM GAS  C:\Users\jason\AppData\Local\Temp\ccFJFDwG.s 			page 21


1115:Middlewares/Third_Party/FreeRTOS/Source/stream_buffer.c **** 		mtCOVERAGE_TEST_MARKER();
1116:Middlewares/Third_Party/FreeRTOS/Source/stream_buffer.c **** 	}
1117:Middlewares/Third_Party/FreeRTOS/Source/stream_buffer.c **** 
1118:Middlewares/Third_Party/FreeRTOS/Source/stream_buffer.c **** 	xNextHead += xCount;
1119:Middlewares/Third_Party/FreeRTOS/Source/stream_buffer.c **** 	if( xNextHead >= pxStreamBuffer->xLength )
1120:Middlewares/Third_Party/FreeRTOS/Source/stream_buffer.c **** 	{
1121:Middlewares/Third_Party/FreeRTOS/Source/stream_buffer.c **** 		xNextHead -= pxStreamBuffer->xLength;
1122:Middlewares/Third_Party/FreeRTOS/Source/stream_buffer.c **** 	}
1123:Middlewares/Third_Party/FreeRTOS/Source/stream_buffer.c **** 	else
1124:Middlewares/Third_Party/FreeRTOS/Source/stream_buffer.c **** 	{
1125:Middlewares/Third_Party/FreeRTOS/Source/stream_buffer.c **** 		mtCOVERAGE_TEST_MARKER();
1126:Middlewares/Third_Party/FreeRTOS/Source/stream_buffer.c **** 	}
1127:Middlewares/Third_Party/FreeRTOS/Source/stream_buffer.c **** 
1128:Middlewares/Third_Party/FreeRTOS/Source/stream_buffer.c **** 	pxStreamBuffer->xHead = xNextHead;
1129:Middlewares/Third_Party/FreeRTOS/Source/stream_buffer.c **** 
1130:Middlewares/Third_Party/FreeRTOS/Source/stream_buffer.c **** 	return xCount;
1131:Middlewares/Third_Party/FreeRTOS/Source/stream_buffer.c **** }
1132:Middlewares/Third_Party/FreeRTOS/Source/stream_buffer.c **** /*-----------------------------------------------------------*/
1133:Middlewares/Third_Party/FreeRTOS/Source/stream_buffer.c **** 
1134:Middlewares/Third_Party/FreeRTOS/Source/stream_buffer.c **** static size_t prvReadBytesFromBuffer( StreamBuffer_t *pxStreamBuffer, uint8_t *pucData, size_t xMax
1135:Middlewares/Third_Party/FreeRTOS/Source/stream_buffer.c **** {
1136:Middlewares/Third_Party/FreeRTOS/Source/stream_buffer.c **** size_t xCount, xFirstLength, xNextTail;
1137:Middlewares/Third_Party/FreeRTOS/Source/stream_buffer.c **** 
1138:Middlewares/Third_Party/FreeRTOS/Source/stream_buffer.c **** 	/* Use the minimum of the wanted bytes and the available bytes. */
1139:Middlewares/Third_Party/FreeRTOS/Source/stream_buffer.c **** 	xCount = configMIN( xBytesAvailable, xMaxCount );
1140:Middlewares/Third_Party/FreeRTOS/Source/stream_buffer.c **** 
1141:Middlewares/Third_Party/FreeRTOS/Source/stream_buffer.c **** 	if( xCount > ( size_t ) 0 )
1142:Middlewares/Third_Party/FreeRTOS/Source/stream_buffer.c **** 	{
1143:Middlewares/Third_Party/FreeRTOS/Source/stream_buffer.c **** 		xNextTail = pxStreamBuffer->xTail;
1144:Middlewares/Third_Party/FreeRTOS/Source/stream_buffer.c **** 
1145:Middlewares/Third_Party/FreeRTOS/Source/stream_buffer.c **** 		/* Calculate the number of bytes that can be read - which may be
1146:Middlewares/Third_Party/FreeRTOS/Source/stream_buffer.c **** 		less than the number wanted if the data wraps around to the start of
1147:Middlewares/Third_Party/FreeRTOS/Source/stream_buffer.c **** 		the buffer. */
1148:Middlewares/Third_Party/FreeRTOS/Source/stream_buffer.c **** 		xFirstLength = configMIN( pxStreamBuffer->xLength - xNextTail, xCount );
1149:Middlewares/Third_Party/FreeRTOS/Source/stream_buffer.c **** 
1150:Middlewares/Third_Party/FreeRTOS/Source/stream_buffer.c **** 		/* Obtain the number of bytes it is possible to obtain in the first
1151:Middlewares/Third_Party/FreeRTOS/Source/stream_buffer.c **** 		read.  Asserts check bounds of read and write. */
1152:Middlewares/Third_Party/FreeRTOS/Source/stream_buffer.c **** 		configASSERT( xFirstLength <= xMaxCount );
1153:Middlewares/Third_Party/FreeRTOS/Source/stream_buffer.c **** 		configASSERT( ( xNextTail + xFirstLength ) <= pxStreamBuffer->xLength );
1154:Middlewares/Third_Party/FreeRTOS/Source/stream_buffer.c **** 		( void ) memcpy( ( void * ) pucData, ( const void * ) &( pxStreamBuffer->pucBuffer[ xNextTail ] )
1155:Middlewares/Third_Party/FreeRTOS/Source/stream_buffer.c **** 
1156:Middlewares/Third_Party/FreeRTOS/Source/stream_buffer.c **** 		/* If the total number of wanted bytes is greater than the number
1157:Middlewares/Third_Party/FreeRTOS/Source/stream_buffer.c **** 		that could be read in the first read... */
1158:Middlewares/Third_Party/FreeRTOS/Source/stream_buffer.c **** 		if( xCount > xFirstLength )
1159:Middlewares/Third_Party/FreeRTOS/Source/stream_buffer.c **** 		{
1160:Middlewares/Third_Party/FreeRTOS/Source/stream_buffer.c **** 			/*...then read the remaining bytes from the start of the buffer. */
1161:Middlewares/Third_Party/FreeRTOS/Source/stream_buffer.c **** 			configASSERT( xCount <= xMaxCount );
1162:Middlewares/Third_Party/FreeRTOS/Source/stream_buffer.c **** 			( void ) memcpy( ( void * ) &( pucData[ xFirstLength ] ), ( void * ) ( pxStreamBuffer->pucBuffer
1163:Middlewares/Third_Party/FreeRTOS/Source/stream_buffer.c **** 		}
1164:Middlewares/Third_Party/FreeRTOS/Source/stream_buffer.c **** 		else
1165:Middlewares/Third_Party/FreeRTOS/Source/stream_buffer.c **** 		{
1166:Middlewares/Third_Party/FreeRTOS/Source/stream_buffer.c **** 			mtCOVERAGE_TEST_MARKER();
1167:Middlewares/Third_Party/FreeRTOS/Source/stream_buffer.c **** 		}
1168:Middlewares/Third_Party/FreeRTOS/Source/stream_buffer.c **** 
1169:Middlewares/Third_Party/FreeRTOS/Source/stream_buffer.c **** 		/* Move the tail pointer to effectively remove the data read from
1170:Middlewares/Third_Party/FreeRTOS/Source/stream_buffer.c **** 		the buffer. */
1171:Middlewares/Third_Party/FreeRTOS/Source/stream_buffer.c **** 		xNextTail += xCount;
ARM GAS  C:\Users\jason\AppData\Local\Temp\ccFJFDwG.s 			page 22


1172:Middlewares/Third_Party/FreeRTOS/Source/stream_buffer.c **** 
1173:Middlewares/Third_Party/FreeRTOS/Source/stream_buffer.c **** 		if( xNextTail >= pxStreamBuffer->xLength )
1174:Middlewares/Third_Party/FreeRTOS/Source/stream_buffer.c **** 		{
1175:Middlewares/Third_Party/FreeRTOS/Source/stream_buffer.c **** 			xNextTail -= pxStreamBuffer->xLength;
1176:Middlewares/Third_Party/FreeRTOS/Source/stream_buffer.c **** 		}
1177:Middlewares/Third_Party/FreeRTOS/Source/stream_buffer.c **** 
1178:Middlewares/Third_Party/FreeRTOS/Source/stream_buffer.c **** 		pxStreamBuffer->xTail = xNextTail;
1179:Middlewares/Third_Party/FreeRTOS/Source/stream_buffer.c **** 	}
1180:Middlewares/Third_Party/FreeRTOS/Source/stream_buffer.c **** 	else
1181:Middlewares/Third_Party/FreeRTOS/Source/stream_buffer.c **** 	{
1182:Middlewares/Third_Party/FreeRTOS/Source/stream_buffer.c **** 		mtCOVERAGE_TEST_MARKER();
1183:Middlewares/Third_Party/FreeRTOS/Source/stream_buffer.c **** 	}
1184:Middlewares/Third_Party/FreeRTOS/Source/stream_buffer.c **** 
1185:Middlewares/Third_Party/FreeRTOS/Source/stream_buffer.c **** 	return xCount;
1186:Middlewares/Third_Party/FreeRTOS/Source/stream_buffer.c **** }
1187:Middlewares/Third_Party/FreeRTOS/Source/stream_buffer.c **** /*-----------------------------------------------------------*/
1188:Middlewares/Third_Party/FreeRTOS/Source/stream_buffer.c **** 
1189:Middlewares/Third_Party/FreeRTOS/Source/stream_buffer.c **** static size_t prvBytesInBuffer( const StreamBuffer_t * const pxStreamBuffer )
1190:Middlewares/Third_Party/FreeRTOS/Source/stream_buffer.c **** {
  28              		.loc 1 1190 1 view -0
  29              		.cfi_startproc
  30              		@ args = 0, pretend = 0, frame = 0
  31              		@ frame_needed = 0, uses_anonymous_args = 0
  32              		@ link register save eliminated.
1191:Middlewares/Third_Party/FreeRTOS/Source/stream_buffer.c **** /* Returns the distance between xTail and xHead. */
1192:Middlewares/Third_Party/FreeRTOS/Source/stream_buffer.c **** size_t xCount;
  33              		.loc 1 1192 1 view .LVU1
1193:Middlewares/Third_Party/FreeRTOS/Source/stream_buffer.c **** 
1194:Middlewares/Third_Party/FreeRTOS/Source/stream_buffer.c **** 	xCount = pxStreamBuffer->xLength + pxStreamBuffer->xHead;
  34              		.loc 1 1194 2 view .LVU2
  35              		.loc 1 1194 25 is_stmt 0 view .LVU3
  36 0000 8268     		ldr	r2, [r0, #8]
  37              		.loc 1 1194 51 view .LVU4
  38 0002 4368     		ldr	r3, [r0, #4]
  39              		.loc 1 1194 9 view .LVU5
  40 0004 1344     		add	r3, r3, r2
  41              	.LVL1:
1195:Middlewares/Third_Party/FreeRTOS/Source/stream_buffer.c **** 	xCount -= pxStreamBuffer->xTail;
  42              		.loc 1 1195 2 is_stmt 1 view .LVU6
  43              		.loc 1 1195 26 is_stmt 0 view .LVU7
  44 0006 0068     		ldr	r0, [r0]
  45              	.LVL2:
  46              		.loc 1 1195 9 view .LVU8
  47 0008 181A     		subs	r0, r3, r0
  48              	.LVL3:
1196:Middlewares/Third_Party/FreeRTOS/Source/stream_buffer.c **** 	if ( xCount >= pxStreamBuffer->xLength )
  49              		.loc 1 1196 2 is_stmt 1 view .LVU9
  50              		.loc 1 1196 5 is_stmt 0 view .LVU10
  51 000a 8242     		cmp	r2, r0
  52 000c 00D8     		bhi	.L1
1197:Middlewares/Third_Party/FreeRTOS/Source/stream_buffer.c **** 	{
1198:Middlewares/Third_Party/FreeRTOS/Source/stream_buffer.c **** 		xCount -= pxStreamBuffer->xLength;
  53              		.loc 1 1198 3 is_stmt 1 view .LVU11
  54              		.loc 1 1198 10 is_stmt 0 view .LVU12
  55 000e 801A     		subs	r0, r0, r2
  56              	.LVL4:
1199:Middlewares/Third_Party/FreeRTOS/Source/stream_buffer.c **** 	}
ARM GAS  C:\Users\jason\AppData\Local\Temp\ccFJFDwG.s 			page 23


1200:Middlewares/Third_Party/FreeRTOS/Source/stream_buffer.c **** 	else
1201:Middlewares/Third_Party/FreeRTOS/Source/stream_buffer.c **** 	{
1202:Middlewares/Third_Party/FreeRTOS/Source/stream_buffer.c **** 		mtCOVERAGE_TEST_MARKER();
  57              		.loc 1 1202 27 is_stmt 1 view .LVU13
1203:Middlewares/Third_Party/FreeRTOS/Source/stream_buffer.c **** 	}
1204:Middlewares/Third_Party/FreeRTOS/Source/stream_buffer.c **** 
1205:Middlewares/Third_Party/FreeRTOS/Source/stream_buffer.c **** 	return xCount;
  58              		.loc 1 1205 2 view .LVU14
  59              	.L1:
1206:Middlewares/Third_Party/FreeRTOS/Source/stream_buffer.c **** }
  60              		.loc 1 1206 1 is_stmt 0 view .LVU15
  61 0010 7047     		bx	lr
  62              		.cfi_endproc
  63              	.LFE24:
  65              		.section	.text.prvInitialiseNewStreamBuffer,"ax",%progbits
  66              		.align	1
  67              		.syntax unified
  68              		.thumb
  69              		.thumb_func
  71              	prvInitialiseNewStreamBuffer:
  72              	.LVL5:
  73              	.LFB25:
1207:Middlewares/Third_Party/FreeRTOS/Source/stream_buffer.c **** /*-----------------------------------------------------------*/
1208:Middlewares/Third_Party/FreeRTOS/Source/stream_buffer.c **** 
1209:Middlewares/Third_Party/FreeRTOS/Source/stream_buffer.c **** static void prvInitialiseNewStreamBuffer( StreamBuffer_t * const pxStreamBuffer,
1210:Middlewares/Third_Party/FreeRTOS/Source/stream_buffer.c **** 										  uint8_t * const pucBuffer,
1211:Middlewares/Third_Party/FreeRTOS/Source/stream_buffer.c **** 										  size_t xBufferSizeBytes,
1212:Middlewares/Third_Party/FreeRTOS/Source/stream_buffer.c **** 										  size_t xTriggerLevelBytes,
1213:Middlewares/Third_Party/FreeRTOS/Source/stream_buffer.c **** 										  uint8_t ucFlags )
1214:Middlewares/Third_Party/FreeRTOS/Source/stream_buffer.c **** {
  74              		.loc 1 1214 1 is_stmt 1 view -0
  75              		.cfi_startproc
  76              		@ args = 4, pretend = 0, frame = 0
  77              		@ frame_needed = 0, uses_anonymous_args = 0
  78              		.loc 1 1214 1 is_stmt 0 view .LVU17
  79 0000 F8B5     		push	{r3, r4, r5, r6, r7, lr}
  80              		.cfi_def_cfa_offset 24
  81              		.cfi_offset 3, -24
  82              		.cfi_offset 4, -20
  83              		.cfi_offset 5, -16
  84              		.cfi_offset 6, -12
  85              		.cfi_offset 7, -8
  86              		.cfi_offset 14, -4
  87 0002 0546     		mov	r5, r0
  88 0004 0C46     		mov	r4, r1
  89 0006 1646     		mov	r6, r2
  90 0008 1F46     		mov	r7, r3
  91              	.LBB96:
1215:Middlewares/Third_Party/FreeRTOS/Source/stream_buffer.c **** 	/* Assert here is deliberately writing to the entire buffer to ensure it can
1216:Middlewares/Third_Party/FreeRTOS/Source/stream_buffer.c **** 	be written to without generating exceptions, and is setting the buffer to a
1217:Middlewares/Third_Party/FreeRTOS/Source/stream_buffer.c **** 	known value to assist in development/debugging. */
1218:Middlewares/Third_Party/FreeRTOS/Source/stream_buffer.c **** 	#if( configASSERT_DEFINED == 1 )
1219:Middlewares/Third_Party/FreeRTOS/Source/stream_buffer.c **** 	{
1220:Middlewares/Third_Party/FreeRTOS/Source/stream_buffer.c **** 		/* The value written just has to be identifiable when looking at the
1221:Middlewares/Third_Party/FreeRTOS/Source/stream_buffer.c **** 		memory.  Don't use 0xA5 as that is the stack fill value and could
1222:Middlewares/Third_Party/FreeRTOS/Source/stream_buffer.c **** 		result in confusion as to what is actually being observed. */
1223:Middlewares/Third_Party/FreeRTOS/Source/stream_buffer.c **** 		const BaseType_t xWriteValue = 0x55;
ARM GAS  C:\Users\jason\AppData\Local\Temp\ccFJFDwG.s 			page 24


  92              		.loc 1 1223 3 is_stmt 1 view .LVU18
  93              	.LVL6:
1224:Middlewares/Third_Party/FreeRTOS/Source/stream_buffer.c **** 		configASSERT( memset( pucBuffer, ( int ) xWriteValue, xBufferSizeBytes ) == pucBuffer );
  94              		.loc 1 1224 3 view .LVU19
  95 000a 5521     		movs	r1, #85
  96              	.LVL7:
  97              		.loc 1 1224 3 is_stmt 0 view .LVU20
  98 000c 2046     		mov	r0, r4
  99              	.LVL8:
 100              		.loc 1 1224 3 view .LVU21
 101 000e FFF7FEFF 		bl	memset
 102              	.LVL9:
 103              		.loc 1 1224 3 discriminator 1 view .LVU22
 104 0012 A042     		cmp	r0, r4
 105 0014 08D0     		beq	.L4
 106              		.loc 1 1224 3 is_stmt 1 discriminator 2 view .LVU23
 107              	.LBB97:
 108              	.LBI97:
 109              		.file 2 "Middlewares/Third_Party/FreeRTOS/Source/portable/GCC/ARM_CM4F/portmacro.h"
   1:Middlewares/Third_Party/FreeRTOS/Source/portable/GCC/ARM_CM4F/portmacro.h **** /*
   2:Middlewares/Third_Party/FreeRTOS/Source/portable/GCC/ARM_CM4F/portmacro.h ****  * FreeRTOS Kernel V10.3.1
   3:Middlewares/Third_Party/FreeRTOS/Source/portable/GCC/ARM_CM4F/portmacro.h ****  * Copyright (C) 2020 Amazon.com, Inc. or its affiliates.  All Rights Reserved.
   4:Middlewares/Third_Party/FreeRTOS/Source/portable/GCC/ARM_CM4F/portmacro.h ****  *
   5:Middlewares/Third_Party/FreeRTOS/Source/portable/GCC/ARM_CM4F/portmacro.h ****  * Permission is hereby granted, free of charge, to any person obtaining a copy of
   6:Middlewares/Third_Party/FreeRTOS/Source/portable/GCC/ARM_CM4F/portmacro.h ****  * this software and associated documentation files (the "Software"), to deal in
   7:Middlewares/Third_Party/FreeRTOS/Source/portable/GCC/ARM_CM4F/portmacro.h ****  * the Software without restriction, including without limitation the rights to
   8:Middlewares/Third_Party/FreeRTOS/Source/portable/GCC/ARM_CM4F/portmacro.h ****  * use, copy, modify, merge, publish, distribute, sublicense, and/or sell copies of
   9:Middlewares/Third_Party/FreeRTOS/Source/portable/GCC/ARM_CM4F/portmacro.h ****  * the Software, and to permit persons to whom the Software is furnished to do so,
  10:Middlewares/Third_Party/FreeRTOS/Source/portable/GCC/ARM_CM4F/portmacro.h ****  * subject to the following conditions:
  11:Middlewares/Third_Party/FreeRTOS/Source/portable/GCC/ARM_CM4F/portmacro.h ****  *
  12:Middlewares/Third_Party/FreeRTOS/Source/portable/GCC/ARM_CM4F/portmacro.h ****  * The above copyright notice and this permission notice shall be included in all
  13:Middlewares/Third_Party/FreeRTOS/Source/portable/GCC/ARM_CM4F/portmacro.h ****  * copies or substantial portions of the Software.
  14:Middlewares/Third_Party/FreeRTOS/Source/portable/GCC/ARM_CM4F/portmacro.h ****  *
  15:Middlewares/Third_Party/FreeRTOS/Source/portable/GCC/ARM_CM4F/portmacro.h ****  * THE SOFTWARE IS PROVIDED "AS IS", WITHOUT WARRANTY OF ANY KIND, EXPRESS OR
  16:Middlewares/Third_Party/FreeRTOS/Source/portable/GCC/ARM_CM4F/portmacro.h ****  * IMPLIED, INCLUDING BUT NOT LIMITED TO THE WARRANTIES OF MERCHANTABILITY, FITNESS
  17:Middlewares/Third_Party/FreeRTOS/Source/portable/GCC/ARM_CM4F/portmacro.h ****  * FOR A PARTICULAR PURPOSE AND NONINFRINGEMENT. IN NO EVENT SHALL THE AUTHORS OR
  18:Middlewares/Third_Party/FreeRTOS/Source/portable/GCC/ARM_CM4F/portmacro.h ****  * COPYRIGHT HOLDERS BE LIABLE FOR ANY CLAIM, DAMAGES OR OTHER LIABILITY, WHETHER
  19:Middlewares/Third_Party/FreeRTOS/Source/portable/GCC/ARM_CM4F/portmacro.h ****  * IN AN ACTION OF CONTRACT, TORT OR OTHERWISE, ARISING FROM, OUT OF OR IN
  20:Middlewares/Third_Party/FreeRTOS/Source/portable/GCC/ARM_CM4F/portmacro.h ****  * CONNECTION WITH THE SOFTWARE OR THE USE OR OTHER DEALINGS IN THE SOFTWARE.
  21:Middlewares/Third_Party/FreeRTOS/Source/portable/GCC/ARM_CM4F/portmacro.h ****  *
  22:Middlewares/Third_Party/FreeRTOS/Source/portable/GCC/ARM_CM4F/portmacro.h ****  * http://www.FreeRTOS.org
  23:Middlewares/Third_Party/FreeRTOS/Source/portable/GCC/ARM_CM4F/portmacro.h ****  * http://aws.amazon.com/freertos
  24:Middlewares/Third_Party/FreeRTOS/Source/portable/GCC/ARM_CM4F/portmacro.h ****  *
  25:Middlewares/Third_Party/FreeRTOS/Source/portable/GCC/ARM_CM4F/portmacro.h ****  * 1 tab == 4 spaces!
  26:Middlewares/Third_Party/FreeRTOS/Source/portable/GCC/ARM_CM4F/portmacro.h ****  */
  27:Middlewares/Third_Party/FreeRTOS/Source/portable/GCC/ARM_CM4F/portmacro.h **** 
  28:Middlewares/Third_Party/FreeRTOS/Source/portable/GCC/ARM_CM4F/portmacro.h **** 
  29:Middlewares/Third_Party/FreeRTOS/Source/portable/GCC/ARM_CM4F/portmacro.h **** #ifndef PORTMACRO_H
  30:Middlewares/Third_Party/FreeRTOS/Source/portable/GCC/ARM_CM4F/portmacro.h **** #define PORTMACRO_H
  31:Middlewares/Third_Party/FreeRTOS/Source/portable/GCC/ARM_CM4F/portmacro.h **** 
  32:Middlewares/Third_Party/FreeRTOS/Source/portable/GCC/ARM_CM4F/portmacro.h **** #ifdef __cplusplus
  33:Middlewares/Third_Party/FreeRTOS/Source/portable/GCC/ARM_CM4F/portmacro.h **** extern "C" {
  34:Middlewares/Third_Party/FreeRTOS/Source/portable/GCC/ARM_CM4F/portmacro.h **** #endif
  35:Middlewares/Third_Party/FreeRTOS/Source/portable/GCC/ARM_CM4F/portmacro.h **** 
  36:Middlewares/Third_Party/FreeRTOS/Source/portable/GCC/ARM_CM4F/portmacro.h **** /*-----------------------------------------------------------
  37:Middlewares/Third_Party/FreeRTOS/Source/portable/GCC/ARM_CM4F/portmacro.h ****  * Port specific definitions.
  38:Middlewares/Third_Party/FreeRTOS/Source/portable/GCC/ARM_CM4F/portmacro.h ****  *
ARM GAS  C:\Users\jason\AppData\Local\Temp\ccFJFDwG.s 			page 25


  39:Middlewares/Third_Party/FreeRTOS/Source/portable/GCC/ARM_CM4F/portmacro.h ****  * The settings in this file configure FreeRTOS correctly for the
  40:Middlewares/Third_Party/FreeRTOS/Source/portable/GCC/ARM_CM4F/portmacro.h ****  * given hardware and compiler.
  41:Middlewares/Third_Party/FreeRTOS/Source/portable/GCC/ARM_CM4F/portmacro.h ****  *
  42:Middlewares/Third_Party/FreeRTOS/Source/portable/GCC/ARM_CM4F/portmacro.h ****  * These settings should not be altered.
  43:Middlewares/Third_Party/FreeRTOS/Source/portable/GCC/ARM_CM4F/portmacro.h ****  *-----------------------------------------------------------
  44:Middlewares/Third_Party/FreeRTOS/Source/portable/GCC/ARM_CM4F/portmacro.h ****  */
  45:Middlewares/Third_Party/FreeRTOS/Source/portable/GCC/ARM_CM4F/portmacro.h **** 
  46:Middlewares/Third_Party/FreeRTOS/Source/portable/GCC/ARM_CM4F/portmacro.h **** /* Type definitions. */
  47:Middlewares/Third_Party/FreeRTOS/Source/portable/GCC/ARM_CM4F/portmacro.h **** #define portCHAR		char
  48:Middlewares/Third_Party/FreeRTOS/Source/portable/GCC/ARM_CM4F/portmacro.h **** #define portFLOAT		float
  49:Middlewares/Third_Party/FreeRTOS/Source/portable/GCC/ARM_CM4F/portmacro.h **** #define portDOUBLE		double
  50:Middlewares/Third_Party/FreeRTOS/Source/portable/GCC/ARM_CM4F/portmacro.h **** #define portLONG		long
  51:Middlewares/Third_Party/FreeRTOS/Source/portable/GCC/ARM_CM4F/portmacro.h **** #define portSHORT		short
  52:Middlewares/Third_Party/FreeRTOS/Source/portable/GCC/ARM_CM4F/portmacro.h **** #define portSTACK_TYPE	uint32_t
  53:Middlewares/Third_Party/FreeRTOS/Source/portable/GCC/ARM_CM4F/portmacro.h **** #define portBASE_TYPE	long
  54:Middlewares/Third_Party/FreeRTOS/Source/portable/GCC/ARM_CM4F/portmacro.h **** 
  55:Middlewares/Third_Party/FreeRTOS/Source/portable/GCC/ARM_CM4F/portmacro.h **** typedef portSTACK_TYPE StackType_t;
  56:Middlewares/Third_Party/FreeRTOS/Source/portable/GCC/ARM_CM4F/portmacro.h **** typedef long BaseType_t;
  57:Middlewares/Third_Party/FreeRTOS/Source/portable/GCC/ARM_CM4F/portmacro.h **** typedef unsigned long UBaseType_t;
  58:Middlewares/Third_Party/FreeRTOS/Source/portable/GCC/ARM_CM4F/portmacro.h **** 
  59:Middlewares/Third_Party/FreeRTOS/Source/portable/GCC/ARM_CM4F/portmacro.h **** #if( configUSE_16_BIT_TICKS == 1 )
  60:Middlewares/Third_Party/FreeRTOS/Source/portable/GCC/ARM_CM4F/portmacro.h **** 	typedef uint16_t TickType_t;
  61:Middlewares/Third_Party/FreeRTOS/Source/portable/GCC/ARM_CM4F/portmacro.h **** 	#define portMAX_DELAY ( TickType_t ) 0xffff
  62:Middlewares/Third_Party/FreeRTOS/Source/portable/GCC/ARM_CM4F/portmacro.h **** #else
  63:Middlewares/Third_Party/FreeRTOS/Source/portable/GCC/ARM_CM4F/portmacro.h **** 	typedef uint32_t TickType_t;
  64:Middlewares/Third_Party/FreeRTOS/Source/portable/GCC/ARM_CM4F/portmacro.h **** 	#define portMAX_DELAY ( TickType_t ) 0xffffffffUL
  65:Middlewares/Third_Party/FreeRTOS/Source/portable/GCC/ARM_CM4F/portmacro.h **** 
  66:Middlewares/Third_Party/FreeRTOS/Source/portable/GCC/ARM_CM4F/portmacro.h **** 	/* 32-bit tick type on a 32-bit architecture, so reads of the tick count do
  67:Middlewares/Third_Party/FreeRTOS/Source/portable/GCC/ARM_CM4F/portmacro.h **** 	not need to be guarded with a critical section. */
  68:Middlewares/Third_Party/FreeRTOS/Source/portable/GCC/ARM_CM4F/portmacro.h **** 	#define portTICK_TYPE_IS_ATOMIC 1
  69:Middlewares/Third_Party/FreeRTOS/Source/portable/GCC/ARM_CM4F/portmacro.h **** #endif
  70:Middlewares/Third_Party/FreeRTOS/Source/portable/GCC/ARM_CM4F/portmacro.h **** /*-----------------------------------------------------------*/
  71:Middlewares/Third_Party/FreeRTOS/Source/portable/GCC/ARM_CM4F/portmacro.h **** 
  72:Middlewares/Third_Party/FreeRTOS/Source/portable/GCC/ARM_CM4F/portmacro.h **** /* Architecture specifics. */
  73:Middlewares/Third_Party/FreeRTOS/Source/portable/GCC/ARM_CM4F/portmacro.h **** #define portSTACK_GROWTH			( -1 )
  74:Middlewares/Third_Party/FreeRTOS/Source/portable/GCC/ARM_CM4F/portmacro.h **** #define portTICK_PERIOD_MS			( ( TickType_t ) 1000 / configTICK_RATE_HZ )
  75:Middlewares/Third_Party/FreeRTOS/Source/portable/GCC/ARM_CM4F/portmacro.h **** #define portBYTE_ALIGNMENT			8
  76:Middlewares/Third_Party/FreeRTOS/Source/portable/GCC/ARM_CM4F/portmacro.h **** /*-----------------------------------------------------------*/
  77:Middlewares/Third_Party/FreeRTOS/Source/portable/GCC/ARM_CM4F/portmacro.h **** 
  78:Middlewares/Third_Party/FreeRTOS/Source/portable/GCC/ARM_CM4F/portmacro.h **** /* Scheduler utilities. */
  79:Middlewares/Third_Party/FreeRTOS/Source/portable/GCC/ARM_CM4F/portmacro.h **** #define portYIELD() 															\
  80:Middlewares/Third_Party/FreeRTOS/Source/portable/GCC/ARM_CM4F/portmacro.h **** {																				\
  81:Middlewares/Third_Party/FreeRTOS/Source/portable/GCC/ARM_CM4F/portmacro.h **** 	/* Set a PendSV to request a context switch. */								\
  82:Middlewares/Third_Party/FreeRTOS/Source/portable/GCC/ARM_CM4F/portmacro.h **** 	portNVIC_INT_CTRL_REG = portNVIC_PENDSVSET_BIT;								\
  83:Middlewares/Third_Party/FreeRTOS/Source/portable/GCC/ARM_CM4F/portmacro.h **** 																				\
  84:Middlewares/Third_Party/FreeRTOS/Source/portable/GCC/ARM_CM4F/portmacro.h **** 	/* Barriers are normally not required but do ensure the code is completely	\
  85:Middlewares/Third_Party/FreeRTOS/Source/portable/GCC/ARM_CM4F/portmacro.h **** 	within the specified behaviour for the architecture. */						\
  86:Middlewares/Third_Party/FreeRTOS/Source/portable/GCC/ARM_CM4F/portmacro.h **** 	__asm volatile( "dsb" ::: "memory" );										\
  87:Middlewares/Third_Party/FreeRTOS/Source/portable/GCC/ARM_CM4F/portmacro.h **** 	__asm volatile( "isb" );													\
  88:Middlewares/Third_Party/FreeRTOS/Source/portable/GCC/ARM_CM4F/portmacro.h **** }
  89:Middlewares/Third_Party/FreeRTOS/Source/portable/GCC/ARM_CM4F/portmacro.h **** 
  90:Middlewares/Third_Party/FreeRTOS/Source/portable/GCC/ARM_CM4F/portmacro.h **** #define portNVIC_INT_CTRL_REG		( * ( ( volatile uint32_t * ) 0xe000ed04 ) )
  91:Middlewares/Third_Party/FreeRTOS/Source/portable/GCC/ARM_CM4F/portmacro.h **** #define portNVIC_PENDSVSET_BIT		( 1UL << 28UL )
  92:Middlewares/Third_Party/FreeRTOS/Source/portable/GCC/ARM_CM4F/portmacro.h **** #define portEND_SWITCHING_ISR( xSwitchRequired ) if( xSwitchRequired != pdFALSE ) portYIELD()
  93:Middlewares/Third_Party/FreeRTOS/Source/portable/GCC/ARM_CM4F/portmacro.h **** #define portYIELD_FROM_ISR( x ) portEND_SWITCHING_ISR( x )
  94:Middlewares/Third_Party/FreeRTOS/Source/portable/GCC/ARM_CM4F/portmacro.h **** /*-----------------------------------------------------------*/
  95:Middlewares/Third_Party/FreeRTOS/Source/portable/GCC/ARM_CM4F/portmacro.h **** 
ARM GAS  C:\Users\jason\AppData\Local\Temp\ccFJFDwG.s 			page 26


  96:Middlewares/Third_Party/FreeRTOS/Source/portable/GCC/ARM_CM4F/portmacro.h **** /* Critical section management. */
  97:Middlewares/Third_Party/FreeRTOS/Source/portable/GCC/ARM_CM4F/portmacro.h **** extern void vPortEnterCritical( void );
  98:Middlewares/Third_Party/FreeRTOS/Source/portable/GCC/ARM_CM4F/portmacro.h **** extern void vPortExitCritical( void );
  99:Middlewares/Third_Party/FreeRTOS/Source/portable/GCC/ARM_CM4F/portmacro.h **** #define portSET_INTERRUPT_MASK_FROM_ISR()		ulPortRaiseBASEPRI()
 100:Middlewares/Third_Party/FreeRTOS/Source/portable/GCC/ARM_CM4F/portmacro.h **** #define portCLEAR_INTERRUPT_MASK_FROM_ISR(x)	vPortSetBASEPRI(x)
 101:Middlewares/Third_Party/FreeRTOS/Source/portable/GCC/ARM_CM4F/portmacro.h **** #define portDISABLE_INTERRUPTS()				vPortRaiseBASEPRI()
 102:Middlewares/Third_Party/FreeRTOS/Source/portable/GCC/ARM_CM4F/portmacro.h **** #define portENABLE_INTERRUPTS()					vPortSetBASEPRI(0)
 103:Middlewares/Third_Party/FreeRTOS/Source/portable/GCC/ARM_CM4F/portmacro.h **** #define portENTER_CRITICAL()					vPortEnterCritical()
 104:Middlewares/Third_Party/FreeRTOS/Source/portable/GCC/ARM_CM4F/portmacro.h **** #define portEXIT_CRITICAL()						vPortExitCritical()
 105:Middlewares/Third_Party/FreeRTOS/Source/portable/GCC/ARM_CM4F/portmacro.h **** 
 106:Middlewares/Third_Party/FreeRTOS/Source/portable/GCC/ARM_CM4F/portmacro.h **** /*-----------------------------------------------------------*/
 107:Middlewares/Third_Party/FreeRTOS/Source/portable/GCC/ARM_CM4F/portmacro.h **** 
 108:Middlewares/Third_Party/FreeRTOS/Source/portable/GCC/ARM_CM4F/portmacro.h **** /* Task function macros as described on the FreeRTOS.org WEB site.  These are
 109:Middlewares/Third_Party/FreeRTOS/Source/portable/GCC/ARM_CM4F/portmacro.h **** not necessary for to use this port.  They are defined so the common demo files
 110:Middlewares/Third_Party/FreeRTOS/Source/portable/GCC/ARM_CM4F/portmacro.h **** (which build with all the ports) will build. */
 111:Middlewares/Third_Party/FreeRTOS/Source/portable/GCC/ARM_CM4F/portmacro.h **** #define portTASK_FUNCTION_PROTO( vFunction, pvParameters ) void vFunction( void *pvParameters )
 112:Middlewares/Third_Party/FreeRTOS/Source/portable/GCC/ARM_CM4F/portmacro.h **** #define portTASK_FUNCTION( vFunction, pvParameters ) void vFunction( void *pvParameters )
 113:Middlewares/Third_Party/FreeRTOS/Source/portable/GCC/ARM_CM4F/portmacro.h **** /*-----------------------------------------------------------*/
 114:Middlewares/Third_Party/FreeRTOS/Source/portable/GCC/ARM_CM4F/portmacro.h **** 
 115:Middlewares/Third_Party/FreeRTOS/Source/portable/GCC/ARM_CM4F/portmacro.h **** /* Tickless idle/low power functionality. */
 116:Middlewares/Third_Party/FreeRTOS/Source/portable/GCC/ARM_CM4F/portmacro.h **** #ifndef portSUPPRESS_TICKS_AND_SLEEP
 117:Middlewares/Third_Party/FreeRTOS/Source/portable/GCC/ARM_CM4F/portmacro.h **** 	extern void vPortSuppressTicksAndSleep( TickType_t xExpectedIdleTime );
 118:Middlewares/Third_Party/FreeRTOS/Source/portable/GCC/ARM_CM4F/portmacro.h **** 	#define portSUPPRESS_TICKS_AND_SLEEP( xExpectedIdleTime ) vPortSuppressTicksAndSleep( xExpectedIdl
 119:Middlewares/Third_Party/FreeRTOS/Source/portable/GCC/ARM_CM4F/portmacro.h **** #endif
 120:Middlewares/Third_Party/FreeRTOS/Source/portable/GCC/ARM_CM4F/portmacro.h **** /*-----------------------------------------------------------*/
 121:Middlewares/Third_Party/FreeRTOS/Source/portable/GCC/ARM_CM4F/portmacro.h **** 
 122:Middlewares/Third_Party/FreeRTOS/Source/portable/GCC/ARM_CM4F/portmacro.h **** /* Architecture specific optimisations. */
 123:Middlewares/Third_Party/FreeRTOS/Source/portable/GCC/ARM_CM4F/portmacro.h **** #ifndef configUSE_PORT_OPTIMISED_TASK_SELECTION
 124:Middlewares/Third_Party/FreeRTOS/Source/portable/GCC/ARM_CM4F/portmacro.h **** 	#define configUSE_PORT_OPTIMISED_TASK_SELECTION 1
 125:Middlewares/Third_Party/FreeRTOS/Source/portable/GCC/ARM_CM4F/portmacro.h **** #endif
 126:Middlewares/Third_Party/FreeRTOS/Source/portable/GCC/ARM_CM4F/portmacro.h **** 
 127:Middlewares/Third_Party/FreeRTOS/Source/portable/GCC/ARM_CM4F/portmacro.h **** #if configUSE_PORT_OPTIMISED_TASK_SELECTION == 1
 128:Middlewares/Third_Party/FreeRTOS/Source/portable/GCC/ARM_CM4F/portmacro.h **** 
 129:Middlewares/Third_Party/FreeRTOS/Source/portable/GCC/ARM_CM4F/portmacro.h **** 	/* Generic helper function. */
 130:Middlewares/Third_Party/FreeRTOS/Source/portable/GCC/ARM_CM4F/portmacro.h **** 	__attribute__( ( always_inline ) ) static inline uint8_t ucPortCountLeadingZeros( uint32_t ulBitma
 131:Middlewares/Third_Party/FreeRTOS/Source/portable/GCC/ARM_CM4F/portmacro.h **** 	{
 132:Middlewares/Third_Party/FreeRTOS/Source/portable/GCC/ARM_CM4F/portmacro.h **** 	uint8_t ucReturn;
 133:Middlewares/Third_Party/FreeRTOS/Source/portable/GCC/ARM_CM4F/portmacro.h **** 
 134:Middlewares/Third_Party/FreeRTOS/Source/portable/GCC/ARM_CM4F/portmacro.h **** 		__asm volatile ( "clz %0, %1" : "=r" ( ucReturn ) : "r" ( ulBitmap ) : "memory" );
 135:Middlewares/Third_Party/FreeRTOS/Source/portable/GCC/ARM_CM4F/portmacro.h **** 		return ucReturn;
 136:Middlewares/Third_Party/FreeRTOS/Source/portable/GCC/ARM_CM4F/portmacro.h **** 	}
 137:Middlewares/Third_Party/FreeRTOS/Source/portable/GCC/ARM_CM4F/portmacro.h **** 
 138:Middlewares/Third_Party/FreeRTOS/Source/portable/GCC/ARM_CM4F/portmacro.h **** 	/* Check the configuration. */
 139:Middlewares/Third_Party/FreeRTOS/Source/portable/GCC/ARM_CM4F/portmacro.h **** 	#if( configMAX_PRIORITIES > 32 )
 140:Middlewares/Third_Party/FreeRTOS/Source/portable/GCC/ARM_CM4F/portmacro.h **** 		#error configUSE_PORT_OPTIMISED_TASK_SELECTION can only be set to 1 when configMAX_PRIORITIES is 
 141:Middlewares/Third_Party/FreeRTOS/Source/portable/GCC/ARM_CM4F/portmacro.h **** 	#endif
 142:Middlewares/Third_Party/FreeRTOS/Source/portable/GCC/ARM_CM4F/portmacro.h **** 
 143:Middlewares/Third_Party/FreeRTOS/Source/portable/GCC/ARM_CM4F/portmacro.h **** 	/* Store/clear the ready priorities in a bit map. */
 144:Middlewares/Third_Party/FreeRTOS/Source/portable/GCC/ARM_CM4F/portmacro.h **** 	#define portRECORD_READY_PRIORITY( uxPriority, uxReadyPriorities ) ( uxReadyPriorities ) |= ( 1UL 
 145:Middlewares/Third_Party/FreeRTOS/Source/portable/GCC/ARM_CM4F/portmacro.h **** 	#define portRESET_READY_PRIORITY( uxPriority, uxReadyPriorities ) ( uxReadyPriorities ) &= ~( 1UL 
 146:Middlewares/Third_Party/FreeRTOS/Source/portable/GCC/ARM_CM4F/portmacro.h **** 
 147:Middlewares/Third_Party/FreeRTOS/Source/portable/GCC/ARM_CM4F/portmacro.h **** 	/*-----------------------------------------------------------*/
 148:Middlewares/Third_Party/FreeRTOS/Source/portable/GCC/ARM_CM4F/portmacro.h **** 
 149:Middlewares/Third_Party/FreeRTOS/Source/portable/GCC/ARM_CM4F/portmacro.h **** 	#define portGET_HIGHEST_PRIORITY( uxTopPriority, uxReadyPriorities ) uxTopPriority = ( 31UL - ( ui
 150:Middlewares/Third_Party/FreeRTOS/Source/portable/GCC/ARM_CM4F/portmacro.h **** 
 151:Middlewares/Third_Party/FreeRTOS/Source/portable/GCC/ARM_CM4F/portmacro.h **** #endif /* configUSE_PORT_OPTIMISED_TASK_SELECTION */
 152:Middlewares/Third_Party/FreeRTOS/Source/portable/GCC/ARM_CM4F/portmacro.h **** 
ARM GAS  C:\Users\jason\AppData\Local\Temp\ccFJFDwG.s 			page 27


 153:Middlewares/Third_Party/FreeRTOS/Source/portable/GCC/ARM_CM4F/portmacro.h **** /*-----------------------------------------------------------*/
 154:Middlewares/Third_Party/FreeRTOS/Source/portable/GCC/ARM_CM4F/portmacro.h **** 
 155:Middlewares/Third_Party/FreeRTOS/Source/portable/GCC/ARM_CM4F/portmacro.h **** #ifdef configASSERT
 156:Middlewares/Third_Party/FreeRTOS/Source/portable/GCC/ARM_CM4F/portmacro.h **** 	void vPortValidateInterruptPriority( void );
 157:Middlewares/Third_Party/FreeRTOS/Source/portable/GCC/ARM_CM4F/portmacro.h **** 	#define portASSERT_IF_INTERRUPT_PRIORITY_INVALID() 	vPortValidateInterruptPriority()
 158:Middlewares/Third_Party/FreeRTOS/Source/portable/GCC/ARM_CM4F/portmacro.h **** #endif
 159:Middlewares/Third_Party/FreeRTOS/Source/portable/GCC/ARM_CM4F/portmacro.h **** 
 160:Middlewares/Third_Party/FreeRTOS/Source/portable/GCC/ARM_CM4F/portmacro.h **** /* portNOP() is not required by this port. */
 161:Middlewares/Third_Party/FreeRTOS/Source/portable/GCC/ARM_CM4F/portmacro.h **** #define portNOP()
 162:Middlewares/Third_Party/FreeRTOS/Source/portable/GCC/ARM_CM4F/portmacro.h **** 
 163:Middlewares/Third_Party/FreeRTOS/Source/portable/GCC/ARM_CM4F/portmacro.h **** #define portINLINE	__inline
 164:Middlewares/Third_Party/FreeRTOS/Source/portable/GCC/ARM_CM4F/portmacro.h **** 
 165:Middlewares/Third_Party/FreeRTOS/Source/portable/GCC/ARM_CM4F/portmacro.h **** #ifndef portFORCE_INLINE
 166:Middlewares/Third_Party/FreeRTOS/Source/portable/GCC/ARM_CM4F/portmacro.h **** 	#define portFORCE_INLINE inline __attribute__(( always_inline))
 167:Middlewares/Third_Party/FreeRTOS/Source/portable/GCC/ARM_CM4F/portmacro.h **** #endif
 168:Middlewares/Third_Party/FreeRTOS/Source/portable/GCC/ARM_CM4F/portmacro.h **** 
 169:Middlewares/Third_Party/FreeRTOS/Source/portable/GCC/ARM_CM4F/portmacro.h **** portFORCE_INLINE static BaseType_t xPortIsInsideInterrupt( void )
 170:Middlewares/Third_Party/FreeRTOS/Source/portable/GCC/ARM_CM4F/portmacro.h **** {
 171:Middlewares/Third_Party/FreeRTOS/Source/portable/GCC/ARM_CM4F/portmacro.h **** uint32_t ulCurrentInterrupt;
 172:Middlewares/Third_Party/FreeRTOS/Source/portable/GCC/ARM_CM4F/portmacro.h **** BaseType_t xReturn;
 173:Middlewares/Third_Party/FreeRTOS/Source/portable/GCC/ARM_CM4F/portmacro.h **** 
 174:Middlewares/Third_Party/FreeRTOS/Source/portable/GCC/ARM_CM4F/portmacro.h **** 	/* Obtain the number of the currently executing interrupt. */
 175:Middlewares/Third_Party/FreeRTOS/Source/portable/GCC/ARM_CM4F/portmacro.h **** 	__asm volatile( "mrs %0, ipsr" : "=r"( ulCurrentInterrupt ) :: "memory" );
 176:Middlewares/Third_Party/FreeRTOS/Source/portable/GCC/ARM_CM4F/portmacro.h **** 
 177:Middlewares/Third_Party/FreeRTOS/Source/portable/GCC/ARM_CM4F/portmacro.h **** 	if( ulCurrentInterrupt == 0 )
 178:Middlewares/Third_Party/FreeRTOS/Source/portable/GCC/ARM_CM4F/portmacro.h **** 	{
 179:Middlewares/Third_Party/FreeRTOS/Source/portable/GCC/ARM_CM4F/portmacro.h **** 		xReturn = pdFALSE;
 180:Middlewares/Third_Party/FreeRTOS/Source/portable/GCC/ARM_CM4F/portmacro.h **** 	}
 181:Middlewares/Third_Party/FreeRTOS/Source/portable/GCC/ARM_CM4F/portmacro.h **** 	else
 182:Middlewares/Third_Party/FreeRTOS/Source/portable/GCC/ARM_CM4F/portmacro.h **** 	{
 183:Middlewares/Third_Party/FreeRTOS/Source/portable/GCC/ARM_CM4F/portmacro.h **** 		xReturn = pdTRUE;
 184:Middlewares/Third_Party/FreeRTOS/Source/portable/GCC/ARM_CM4F/portmacro.h **** 	}
 185:Middlewares/Third_Party/FreeRTOS/Source/portable/GCC/ARM_CM4F/portmacro.h **** 
 186:Middlewares/Third_Party/FreeRTOS/Source/portable/GCC/ARM_CM4F/portmacro.h **** 	return xReturn;
 187:Middlewares/Third_Party/FreeRTOS/Source/portable/GCC/ARM_CM4F/portmacro.h **** }
 188:Middlewares/Third_Party/FreeRTOS/Source/portable/GCC/ARM_CM4F/portmacro.h **** 
 189:Middlewares/Third_Party/FreeRTOS/Source/portable/GCC/ARM_CM4F/portmacro.h **** /*-----------------------------------------------------------*/
 190:Middlewares/Third_Party/FreeRTOS/Source/portable/GCC/ARM_CM4F/portmacro.h **** 
 191:Middlewares/Third_Party/FreeRTOS/Source/portable/GCC/ARM_CM4F/portmacro.h **** portFORCE_INLINE static void vPortRaiseBASEPRI( void )
 110              		.loc 2 191 30 view .LVU24
 111              	.LBB98:
 192:Middlewares/Third_Party/FreeRTOS/Source/portable/GCC/ARM_CM4F/portmacro.h **** {
 193:Middlewares/Third_Party/FreeRTOS/Source/portable/GCC/ARM_CM4F/portmacro.h **** uint32_t ulNewBASEPRI;
 112              		.loc 2 193 1 view .LVU25
 194:Middlewares/Third_Party/FreeRTOS/Source/portable/GCC/ARM_CM4F/portmacro.h **** 
 195:Middlewares/Third_Party/FreeRTOS/Source/portable/GCC/ARM_CM4F/portmacro.h **** 	__asm volatile
 113              		.loc 2 195 2 view .LVU26
 114              		.syntax unified
 115              	@ 195 "Middlewares/Third_Party/FreeRTOS/Source/portable/GCC/ARM_CM4F/portmacro.h" 1
 116 0016 4FF05003 			mov r3, #80												
 117 001a 83F31188 		msr basepri, r3											
 118 001e BFF36F8F 		isb														
 119 0022 BFF34F8F 		dsb														
 120              	
 121              	@ 0 "" 2
 122              		.thumb
 123              		.syntax unified
ARM GAS  C:\Users\jason\AppData\Local\Temp\ccFJFDwG.s 			page 28


 124              	.L5:
 125              	.LBE98:
 126              	.LBE97:
 127              		.loc 1 1224 3 view .LVU27
 128 0026 FEE7     		b	.L5
 129              	.L4:
 130              		.loc 1 1224 90 view .LVU28
 131              	.LBE96:
1225:Middlewares/Third_Party/FreeRTOS/Source/stream_buffer.c **** 	} /*lint !e529 !e438 xWriteValue is only used if configASSERT() is defined. */
1226:Middlewares/Third_Party/FreeRTOS/Source/stream_buffer.c **** 	#endif
1227:Middlewares/Third_Party/FreeRTOS/Source/stream_buffer.c **** 
1228:Middlewares/Third_Party/FreeRTOS/Source/stream_buffer.c **** 	( void ) memset( ( void * ) pxStreamBuffer, 0x00, sizeof( StreamBuffer_t ) ); /*lint !e9087 memset
 132              		.loc 1 1228 2 view .LVU29
 133              		.loc 1 1228 11 is_stmt 0 view .LVU30
 134 0028 2422     		movs	r2, #36
 135 002a 0021     		movs	r1, #0
 136 002c 2846     		mov	r0, r5
 137 002e FFF7FEFF 		bl	memset
 138              	.LVL10:
1229:Middlewares/Third_Party/FreeRTOS/Source/stream_buffer.c **** 	pxStreamBuffer->pucBuffer = pucBuffer;
 139              		.loc 1 1229 2 is_stmt 1 view .LVU31
 140              		.loc 1 1229 28 is_stmt 0 view .LVU32
 141 0032 AC61     		str	r4, [r5, #24]
1230:Middlewares/Third_Party/FreeRTOS/Source/stream_buffer.c **** 	pxStreamBuffer->xLength = xBufferSizeBytes;
 142              		.loc 1 1230 2 is_stmt 1 view .LVU33
 143              		.loc 1 1230 26 is_stmt 0 view .LVU34
 144 0034 AE60     		str	r6, [r5, #8]
1231:Middlewares/Third_Party/FreeRTOS/Source/stream_buffer.c **** 	pxStreamBuffer->xTriggerLevelBytes = xTriggerLevelBytes;
 145              		.loc 1 1231 2 is_stmt 1 view .LVU35
 146              		.loc 1 1231 37 is_stmt 0 view .LVU36
 147 0036 EF60     		str	r7, [r5, #12]
1232:Middlewares/Third_Party/FreeRTOS/Source/stream_buffer.c **** 	pxStreamBuffer->ucFlags = ucFlags;
 148              		.loc 1 1232 2 is_stmt 1 view .LVU37
 149              		.loc 1 1232 26 is_stmt 0 view .LVU38
 150 0038 9DF81830 		ldrb	r3, [sp, #24]	@ zero_extendqisi2
 151 003c 2B77     		strb	r3, [r5, #28]
1233:Middlewares/Third_Party/FreeRTOS/Source/stream_buffer.c **** }
 152              		.loc 1 1233 1 view .LVU39
 153 003e F8BD     		pop	{r3, r4, r5, r6, r7, pc}
 154              		.loc 1 1233 1 view .LVU40
 155              		.cfi_endproc
 156              	.LFE25:
 158              		.section	.text.prvWriteBytesToBuffer,"ax",%progbits
 159              		.align	1
 160              		.syntax unified
 161              		.thumb
 162              		.thumb_func
 164              	prvWriteBytesToBuffer:
 165              	.LVL11:
 166              	.LFB22:
1089:Middlewares/Third_Party/FreeRTOS/Source/stream_buffer.c **** size_t xNextHead, xFirstLength;
 167              		.loc 1 1089 1 is_stmt 1 view -0
 168              		.cfi_startproc
 169              		@ args = 0, pretend = 0, frame = 0
 170              		@ frame_needed = 0, uses_anonymous_args = 0
1089:Middlewares/Third_Party/FreeRTOS/Source/stream_buffer.c **** size_t xNextHead, xFirstLength;
 171              		.loc 1 1089 1 is_stmt 0 view .LVU42
ARM GAS  C:\Users\jason\AppData\Local\Temp\ccFJFDwG.s 			page 29


 172 0000 2DE9F843 		push	{r3, r4, r5, r6, r7, r8, r9, lr}
 173              		.cfi_def_cfa_offset 32
 174              		.cfi_offset 3, -32
 175              		.cfi_offset 4, -28
 176              		.cfi_offset 5, -24
 177              		.cfi_offset 6, -20
 178              		.cfi_offset 7, -16
 179              		.cfi_offset 8, -12
 180              		.cfi_offset 9, -8
 181              		.cfi_offset 14, -4
1090:Middlewares/Third_Party/FreeRTOS/Source/stream_buffer.c **** 
 182              		.loc 1 1090 1 is_stmt 1 view .LVU43
1092:Middlewares/Third_Party/FreeRTOS/Source/stream_buffer.c **** 
 183              		.loc 1 1092 2 view .LVU44
 184 0004 42B9     		cbnz	r2, .L8
1092:Middlewares/Third_Party/FreeRTOS/Source/stream_buffer.c **** 
 185              		.loc 1 1092 2 discriminator 1 view .LVU45
 186              	.LBB99:
 187              	.LBI99:
 191:Middlewares/Third_Party/FreeRTOS/Source/portable/GCC/ARM_CM4F/portmacro.h **** {
 188              		.loc 2 191 30 view .LVU46
 189              	.LBB100:
 193:Middlewares/Third_Party/FreeRTOS/Source/portable/GCC/ARM_CM4F/portmacro.h **** 
 190              		.loc 2 193 1 view .LVU47
 191              		.loc 2 195 2 view .LVU48
 192              		.syntax unified
 193              	@ 195 "Middlewares/Third_Party/FreeRTOS/Source/portable/GCC/ARM_CM4F/portmacro.h" 1
 194 0006 4FF05003 			mov r3, #80												
 195 000a 83F31188 		msr basepri, r3											
 196 000e BFF36F8F 		isb														
 197 0012 BFF34F8F 		dsb														
 198              	
 199              	@ 0 "" 2
 200              		.thumb
 201              		.syntax unified
 202              	.L9:
 203              	.LBE100:
 204              	.LBE99:
1092:Middlewares/Third_Party/FreeRTOS/Source/stream_buffer.c **** 
 205              		.loc 1 1092 2 view .LVU49
 206 0016 FEE7     		b	.L9
 207              	.L8:
 208 0018 0446     		mov	r4, r0
 209 001a 8946     		mov	r9, r1
 210 001c 9046     		mov	r8, r2
1092:Middlewares/Third_Party/FreeRTOS/Source/stream_buffer.c **** 
 211              		.loc 1 1092 39 view .LVU50
1094:Middlewares/Third_Party/FreeRTOS/Source/stream_buffer.c **** 
 212              		.loc 1 1094 2 view .LVU51
1094:Middlewares/Third_Party/FreeRTOS/Source/stream_buffer.c **** 
 213              		.loc 1 1094 12 is_stmt 0 view .LVU52
 214 001e 4568     		ldr	r5, [r0, #4]
 215              	.LVL12:
1099:Middlewares/Third_Party/FreeRTOS/Source/stream_buffer.c **** 
 216              		.loc 1 1099 2 is_stmt 1 view .LVU53
1099:Middlewares/Third_Party/FreeRTOS/Source/stream_buffer.c **** 
 217              		.loc 1 1099 17 is_stmt 0 view .LVU54
ARM GAS  C:\Users\jason\AppData\Local\Temp\ccFJFDwG.s 			page 30


 218 0020 8368     		ldr	r3, [r0, #8]
 219 0022 5F1B     		subs	r7, r3, r5
1099:Middlewares/Third_Party/FreeRTOS/Source/stream_buffer.c **** 
 220              		.loc 1 1099 15 view .LVU55
 221 0024 1646     		mov	r6, r2
 222 0026 BA42     		cmp	r2, r7
 223 0028 28BF     		it	cs
 224 002a 3E46     		movcs	r6, r7
 225              	.LVL13:
1102:Middlewares/Third_Party/FreeRTOS/Source/stream_buffer.c **** 	( void ) memcpy( ( void* ) ( &( pxStreamBuffer->pucBuffer[ xNextHead ] ) ), ( const void * ) pucDa
 226              		.loc 1 1102 2 is_stmt 1 view .LVU56
 227 002c AA19     		adds	r2, r5, r6
 228              	.LVL14:
1102:Middlewares/Third_Party/FreeRTOS/Source/stream_buffer.c **** 	( void ) memcpy( ( void* ) ( &( pxStreamBuffer->pucBuffer[ xNextHead ] ) ), ( const void * ) pucDa
 229              		.loc 1 1102 2 is_stmt 0 view .LVU57
 230 002e 9342     		cmp	r3, r2
 231 0030 08D2     		bcs	.L10
1102:Middlewares/Third_Party/FreeRTOS/Source/stream_buffer.c **** 	( void ) memcpy( ( void* ) ( &( pxStreamBuffer->pucBuffer[ xNextHead ] ) ), ( const void * ) pucDa
 232              		.loc 1 1102 2 is_stmt 1 discriminator 1 view .LVU58
 233              	.LBB101:
 234              	.LBI101:
 191:Middlewares/Third_Party/FreeRTOS/Source/portable/GCC/ARM_CM4F/portmacro.h **** {
 235              		.loc 2 191 30 view .LVU59
 236              	.LBB102:
 193:Middlewares/Third_Party/FreeRTOS/Source/portable/GCC/ARM_CM4F/portmacro.h **** 
 237              		.loc 2 193 1 view .LVU60
 238              		.loc 2 195 2 view .LVU61
 239              		.syntax unified
 240              	@ 195 "Middlewares/Third_Party/FreeRTOS/Source/portable/GCC/ARM_CM4F/portmacro.h" 1
 241 0032 4FF05003 			mov r3, #80												
 242 0036 83F31188 		msr basepri, r3											
 243 003a BFF36F8F 		isb														
 244 003e BFF34F8F 		dsb														
 245              	
 246              	@ 0 "" 2
 247              		.thumb
 248              		.syntax unified
 249              	.L11:
 250              	.LBE102:
 251              	.LBE101:
1102:Middlewares/Third_Party/FreeRTOS/Source/stream_buffer.c **** 	( void ) memcpy( ( void* ) ( &( pxStreamBuffer->pucBuffer[ xNextHead ] ) ), ( const void * ) pucDa
 252              		.loc 1 1102 2 view .LVU62
 253 0042 FEE7     		b	.L11
 254              	.L10:
1102:Middlewares/Third_Party/FreeRTOS/Source/stream_buffer.c **** 	( void ) memcpy( ( void* ) ( &( pxStreamBuffer->pucBuffer[ xNextHead ] ) ), ( const void * ) pucDa
 255              		.loc 1 1102 73 view .LVU63
1103:Middlewares/Third_Party/FreeRTOS/Source/stream_buffer.c **** 
 256              		.loc 1 1103 2 view .LVU64
1103:Middlewares/Third_Party/FreeRTOS/Source/stream_buffer.c **** 
 257              		.loc 1 1103 48 is_stmt 0 view .LVU65
 258 0044 8069     		ldr	r0, [r0, #24]
 259              	.LVL15:
1103:Middlewares/Third_Party/FreeRTOS/Source/stream_buffer.c **** 
 260              		.loc 1 1103 11 view .LVU66
 261 0046 3246     		mov	r2, r6
 262 0048 2844     		add	r0, r0, r5
 263 004a FFF7FEFF 		bl	memcpy
ARM GAS  C:\Users\jason\AppData\Local\Temp\ccFJFDwG.s 			page 31


 264              	.LVL16:
1107:Middlewares/Third_Party/FreeRTOS/Source/stream_buffer.c **** 	{
 265              		.loc 1 1107 2 is_stmt 1 view .LVU67
1107:Middlewares/Third_Party/FreeRTOS/Source/stream_buffer.c **** 	{
 266              		.loc 1 1107 4 is_stmt 0 view .LVU68
 267 004e 4346     		mov	r3, r8
 268 0050 4745     		cmp	r7, r8
 269 0052 11D2     		bcs	.L12
 270              	.LVL17:
1110:Middlewares/Third_Party/FreeRTOS/Source/stream_buffer.c **** 		( void ) memcpy( ( void * ) pxStreamBuffer->pucBuffer, ( const void * ) &( pucData[ xFirstLength 
 271              		.loc 1 1110 3 is_stmt 1 view .LVU69
 272 0054 9A1B     		subs	r2, r3, r6
 273 0056 A368     		ldr	r3, [r4, #8]
 274              	.LVL18:
1110:Middlewares/Third_Party/FreeRTOS/Source/stream_buffer.c **** 		( void ) memcpy( ( void * ) pxStreamBuffer->pucBuffer, ( const void * ) &( pucData[ xFirstLength 
 275              		.loc 1 1110 3 is_stmt 0 view .LVU70
 276 0058 9A42     		cmp	r2, r3
 277 005a 08D9     		bls	.L13
1110:Middlewares/Third_Party/FreeRTOS/Source/stream_buffer.c **** 		( void ) memcpy( ( void * ) pxStreamBuffer->pucBuffer, ( const void * ) &( pucData[ xFirstLength 
 278              		.loc 1 1110 3 is_stmt 1 discriminator 1 view .LVU71
 279              	.LBB103:
 280              	.LBI103:
 191:Middlewares/Third_Party/FreeRTOS/Source/portable/GCC/ARM_CM4F/portmacro.h **** {
 281              		.loc 2 191 30 view .LVU72
 282              	.LBB104:
 193:Middlewares/Third_Party/FreeRTOS/Source/portable/GCC/ARM_CM4F/portmacro.h **** 
 283              		.loc 2 193 1 view .LVU73
 284              		.loc 2 195 2 view .LVU74
 285              		.syntax unified
 286              	@ 195 "Middlewares/Third_Party/FreeRTOS/Source/portable/GCC/ARM_CM4F/portmacro.h" 1
 287 005c 4FF05003 			mov r3, #80												
 288 0060 83F31188 		msr basepri, r3											
 289 0064 BFF36F8F 		isb														
 290 0068 BFF34F8F 		dsb														
 291              	
 292              	@ 0 "" 2
 293              		.thumb
 294              		.syntax unified
 295              	.L14:
 296              	.LBE104:
 297              	.LBE103:
1110:Middlewares/Third_Party/FreeRTOS/Source/stream_buffer.c **** 		( void ) memcpy( ( void * ) pxStreamBuffer->pucBuffer, ( const void * ) &( pucData[ xFirstLength 
 298              		.loc 1 1110 3 view .LVU75
 299 006c FEE7     		b	.L14
 300              	.L13:
1110:Middlewares/Third_Party/FreeRTOS/Source/stream_buffer.c **** 		( void ) memcpy( ( void * ) pxStreamBuffer->pucBuffer, ( const void * ) &( pucData[ xFirstLength 
 301              		.loc 1 1110 71 view .LVU76
1111:Middlewares/Third_Party/FreeRTOS/Source/stream_buffer.c **** 	}
 302              		.loc 1 1111 3 view .LVU77
1111:Middlewares/Third_Party/FreeRTOS/Source/stream_buffer.c **** 	}
 303              		.loc 1 1111 12 is_stmt 0 view .LVU78
 304 006e 4946     		mov	r1, r9
 305 0070 3144     		add	r1, r1, r6
 306 0072 A069     		ldr	r0, [r4, #24]
 307 0074 FFF7FEFF 		bl	memcpy
 308              	.LVL19:
 309              	.L12:
ARM GAS  C:\Users\jason\AppData\Local\Temp\ccFJFDwG.s 			page 32


1115:Middlewares/Third_Party/FreeRTOS/Source/stream_buffer.c **** 	}
 310              		.loc 1 1115 27 is_stmt 1 view .LVU79
1118:Middlewares/Third_Party/FreeRTOS/Source/stream_buffer.c **** 	if( xNextHead >= pxStreamBuffer->xLength )
 311              		.loc 1 1118 2 view .LVU80
1118:Middlewares/Third_Party/FreeRTOS/Source/stream_buffer.c **** 	if( xNextHead >= pxStreamBuffer->xLength )
 312              		.loc 1 1118 12 is_stmt 0 view .LVU81
 313 0078 4544     		add	r5, r5, r8
 314              	.LVL20:
1119:Middlewares/Third_Party/FreeRTOS/Source/stream_buffer.c **** 	{
 315              		.loc 1 1119 2 is_stmt 1 view .LVU82
1119:Middlewares/Third_Party/FreeRTOS/Source/stream_buffer.c **** 	{
 316              		.loc 1 1119 33 is_stmt 0 view .LVU83
 317 007a A368     		ldr	r3, [r4, #8]
1119:Middlewares/Third_Party/FreeRTOS/Source/stream_buffer.c **** 	{
 318              		.loc 1 1119 4 view .LVU84
 319 007c AB42     		cmp	r3, r5
 320 007e 00D8     		bhi	.L15
1121:Middlewares/Third_Party/FreeRTOS/Source/stream_buffer.c **** 	}
 321              		.loc 1 1121 3 is_stmt 1 view .LVU85
1121:Middlewares/Third_Party/FreeRTOS/Source/stream_buffer.c **** 	}
 322              		.loc 1 1121 13 is_stmt 0 view .LVU86
 323 0080 ED1A     		subs	r5, r5, r3
 324              	.LVL21:
 325              	.L15:
1125:Middlewares/Third_Party/FreeRTOS/Source/stream_buffer.c **** 	}
 326              		.loc 1 1125 27 is_stmt 1 view .LVU87
1128:Middlewares/Third_Party/FreeRTOS/Source/stream_buffer.c **** 
 327              		.loc 1 1128 2 view .LVU88
1128:Middlewares/Third_Party/FreeRTOS/Source/stream_buffer.c **** 
 328              		.loc 1 1128 24 is_stmt 0 view .LVU89
 329 0082 6560     		str	r5, [r4, #4]
1130:Middlewares/Third_Party/FreeRTOS/Source/stream_buffer.c **** }
 330              		.loc 1 1130 2 is_stmt 1 view .LVU90
1131:Middlewares/Third_Party/FreeRTOS/Source/stream_buffer.c **** /*-----------------------------------------------------------*/
 331              		.loc 1 1131 1 is_stmt 0 view .LVU91
 332 0084 4046     		mov	r0, r8
 333 0086 BDE8F883 		pop	{r3, r4, r5, r6, r7, r8, r9, pc}
1131:Middlewares/Third_Party/FreeRTOS/Source/stream_buffer.c **** /*-----------------------------------------------------------*/
 334              		.loc 1 1131 1 view .LVU92
 335              		.cfi_endproc
 336              	.LFE22:
 338              		.section	.text.prvWriteMessageToBuffer,"ax",%progbits
 339              		.align	1
 340              		.syntax unified
 341              		.thumb
 342              		.thumb_func
 344              	prvWriteMessageToBuffer:
 345              	.LVL22:
 346              	.LFB13:
 666:Middlewares/Third_Party/FreeRTOS/Source/stream_buffer.c **** 	BaseType_t xShouldWrite;
 347              		.loc 1 666 1 is_stmt 1 view -0
 348              		.cfi_startproc
 349              		@ args = 4, pretend = 0, frame = 8
 350              		@ frame_needed = 0, uses_anonymous_args = 0
 666:Middlewares/Third_Party/FreeRTOS/Source/stream_buffer.c **** 	BaseType_t xShouldWrite;
 351              		.loc 1 666 1 is_stmt 0 view .LVU94
 352 0000 30B5     		push	{r4, r5, lr}
ARM GAS  C:\Users\jason\AppData\Local\Temp\ccFJFDwG.s 			page 33


 353              		.cfi_def_cfa_offset 12
 354              		.cfi_offset 4, -12
 355              		.cfi_offset 5, -8
 356              		.cfi_offset 14, -4
 357 0002 83B0     		sub	sp, sp, #12
 358              		.cfi_def_cfa_offset 24
 359 0004 8446     		mov	ip, r0
 360 0006 0446     		mov	r4, r0
 361 0008 0192     		str	r2, [sp, #4]
 667:Middlewares/Third_Party/FreeRTOS/Source/stream_buffer.c **** 	size_t xReturn;
 362              		.loc 1 667 2 is_stmt 1 view .LVU95
 668:Middlewares/Third_Party/FreeRTOS/Source/stream_buffer.c **** 
 363              		.loc 1 668 2 view .LVU96
 670:Middlewares/Third_Party/FreeRTOS/Source/stream_buffer.c **** 	{
 364              		.loc 1 670 2 view .LVU97
 670:Middlewares/Third_Party/FreeRTOS/Source/stream_buffer.c **** 	{
 365              		.loc 1 670 4 is_stmt 0 view .LVU98
 366 000a 1846     		mov	r0, r3
 367              	.LVL23:
 670:Middlewares/Third_Party/FreeRTOS/Source/stream_buffer.c **** 	{
 368              		.loc 1 670 4 view .LVU99
 369 000c 73B1     		cbz	r3, .L18
 370 000e 0D46     		mov	r5, r1
 676:Middlewares/Third_Party/FreeRTOS/Source/stream_buffer.c **** 	{
 371              		.loc 1 676 7 is_stmt 1 view .LVU100
 676:Middlewares/Third_Party/FreeRTOS/Source/stream_buffer.c **** 	{
 372              		.loc 1 676 27 is_stmt 0 view .LVU101
 373 0010 9CF81C30 		ldrb	r3, [ip, #28]	@ zero_extendqisi2
 374              	.LVL24:
 676:Middlewares/Third_Party/FreeRTOS/Source/stream_buffer.c **** 	{
 375              		.loc 1 676 9 view .LVU102
 376 0014 13F0010F 		tst	r3, #1
 377 0018 0AD1     		bne	.L19
 681:Middlewares/Third_Party/FreeRTOS/Source/stream_buffer.c **** 		xDataLengthBytes = configMIN( xDataLengthBytes, xSpace );
 378              		.loc 1 681 3 is_stmt 1 view .LVU103
 379              	.LVL25:
 682:Middlewares/Third_Party/FreeRTOS/Source/stream_buffer.c **** 	}
 380              		.loc 1 682 3 view .LVU104
 682:Middlewares/Third_Party/FreeRTOS/Source/stream_buffer.c **** 	}
 381              		.loc 1 682 22 is_stmt 0 view .LVU105
 382 001a 9042     		cmp	r0, r2
 383 001c 28BF     		it	cs
 384 001e 1046     		movcs	r0, r2
 385              	.LVL26:
 682:Middlewares/Third_Party/FreeRTOS/Source/stream_buffer.c **** 	}
 386              		.loc 1 682 20 view .LVU106
 387 0020 0190     		str	r0, [sp, #4]
 699:Middlewares/Third_Party/FreeRTOS/Source/stream_buffer.c **** 	{
 388              		.loc 1 699 2 is_stmt 1 view .LVU107
 389              	.LVL27:
 390              	.L20:
 702:Middlewares/Third_Party/FreeRTOS/Source/stream_buffer.c **** 	}
 391              		.loc 1 702 3 view .LVU108
 702:Middlewares/Third_Party/FreeRTOS/Source/stream_buffer.c **** 	}
 392              		.loc 1 702 13 is_stmt 0 view .LVU109
 393 0022 019A     		ldr	r2, [sp, #4]
 394 0024 2946     		mov	r1, r5
ARM GAS  C:\Users\jason\AppData\Local\Temp\ccFJFDwG.s 			page 34


 395 0026 2046     		mov	r0, r4
 396 0028 FFF7FEFF 		bl	prvWriteBytesToBuffer
 397              	.LVL28:
 398              	.L18:
 709:Middlewares/Third_Party/FreeRTOS/Source/stream_buffer.c **** }
 399              		.loc 1 709 2 is_stmt 1 view .LVU110
 710:Middlewares/Third_Party/FreeRTOS/Source/stream_buffer.c **** /*-----------------------------------------------------------*/
 400              		.loc 1 710 1 is_stmt 0 view .LVU111
 401 002c 03B0     		add	sp, sp, #12
 402              		.cfi_remember_state
 403              		.cfi_def_cfa_offset 12
 404              		@ sp needed
 405 002e 30BD     		pop	{r4, r5, pc}
 406              	.LVL29:
 407              	.L19:
 408              		.cfi_restore_state
 684:Middlewares/Third_Party/FreeRTOS/Source/stream_buffer.c **** 	{
 409              		.loc 1 684 7 is_stmt 1 view .LVU112
 684:Middlewares/Third_Party/FreeRTOS/Source/stream_buffer.c **** 	{
 410              		.loc 1 684 9 is_stmt 0 view .LVU113
 411 0030 069B     		ldr	r3, [sp, #24]
 412 0032 9842     		cmp	r0, r3
 413 0034 01D2     		bcs	.L23
 706:Middlewares/Third_Party/FreeRTOS/Source/stream_buffer.c **** 	}
 414              		.loc 1 706 11 view .LVU114
 415 0036 0020     		movs	r0, #0
 416              	.LVL30:
 706:Middlewares/Third_Party/FreeRTOS/Source/stream_buffer.c **** 	}
 417              		.loc 1 706 11 view .LVU115
 418 0038 F8E7     		b	.L18
 419              	.LVL31:
 420              	.L23:
 690:Middlewares/Third_Party/FreeRTOS/Source/stream_buffer.c **** 		( void ) prvWriteBytesToBuffer( pxStreamBuffer, ( const uint8_t * ) &( xDataLengthBytes ), sbBYTE
 421              		.loc 1 690 3 is_stmt 1 view .LVU116
 691:Middlewares/Third_Party/FreeRTOS/Source/stream_buffer.c **** 	}
 422              		.loc 1 691 3 view .LVU117
 691:Middlewares/Third_Party/FreeRTOS/Source/stream_buffer.c **** 	}
 423              		.loc 1 691 12 is_stmt 0 view .LVU118
 424 003a 0422     		movs	r2, #4
 425              	.LVL32:
 691:Middlewares/Third_Party/FreeRTOS/Source/stream_buffer.c **** 	}
 426              		.loc 1 691 12 view .LVU119
 427 003c 0DEB0201 		add	r1, sp, r2
 428              	.LVL33:
 691:Middlewares/Third_Party/FreeRTOS/Source/stream_buffer.c **** 	}
 429              		.loc 1 691 12 view .LVU120
 430 0040 6046     		mov	r0, ip
 431              	.LVL34:
 691:Middlewares/Third_Party/FreeRTOS/Source/stream_buffer.c **** 	}
 432              		.loc 1 691 12 view .LVU121
 433 0042 FFF7FEFF 		bl	prvWriteBytesToBuffer
 434              	.LVL35:
 699:Middlewares/Third_Party/FreeRTOS/Source/stream_buffer.c **** 	{
 435              		.loc 1 699 2 is_stmt 1 view .LVU122
 436 0046 ECE7     		b	.L20
 437              		.cfi_endproc
 438              	.LFE13:
ARM GAS  C:\Users\jason\AppData\Local\Temp\ccFJFDwG.s 			page 35


 440              		.section	.text.prvReadBytesFromBuffer,"ax",%progbits
 441              		.align	1
 442              		.syntax unified
 443              		.thumb
 444              		.thumb_func
 446              	prvReadBytesFromBuffer:
 447              	.LVL36:
 448              	.LFB23:
1135:Middlewares/Third_Party/FreeRTOS/Source/stream_buffer.c **** size_t xCount, xFirstLength, xNextTail;
 449              		.loc 1 1135 1 view -0
 450              		.cfi_startproc
 451              		@ args = 0, pretend = 0, frame = 0
 452              		@ frame_needed = 0, uses_anonymous_args = 0
1135:Middlewares/Third_Party/FreeRTOS/Source/stream_buffer.c **** size_t xCount, xFirstLength, xNextTail;
 453              		.loc 1 1135 1 is_stmt 0 view .LVU124
 454 0000 2DE9F843 		push	{r3, r4, r5, r6, r7, r8, r9, lr}
 455              		.cfi_def_cfa_offset 32
 456              		.cfi_offset 3, -32
 457              		.cfi_offset 4, -28
 458              		.cfi_offset 5, -24
 459              		.cfi_offset 6, -20
 460              		.cfi_offset 7, -16
 461              		.cfi_offset 8, -12
 462              		.cfi_offset 9, -8
 463              		.cfi_offset 14, -4
1136:Middlewares/Third_Party/FreeRTOS/Source/stream_buffer.c **** 
 464              		.loc 1 1136 1 is_stmt 1 view .LVU125
1139:Middlewares/Third_Party/FreeRTOS/Source/stream_buffer.c **** 
 465              		.loc 1 1139 2 view .LVU126
1139:Middlewares/Third_Party/FreeRTOS/Source/stream_buffer.c **** 
 466              		.loc 1 1139 9 is_stmt 0 view .LVU127
 467 0004 1C46     		mov	r4, r3
 468 0006 9342     		cmp	r3, r2
 469 0008 28BF     		it	cs
 470 000a 1446     		movcs	r4, r2
 471              	.LVL37:
1141:Middlewares/Third_Party/FreeRTOS/Source/stream_buffer.c **** 	{
 472              		.loc 1 1141 2 is_stmt 1 view .LVU128
1141:Middlewares/Third_Party/FreeRTOS/Source/stream_buffer.c **** 	{
 473              		.loc 1 1141 4 is_stmt 0 view .LVU129
 474 000c 8CB3     		cbz	r4, .L24
 475 000e 0546     		mov	r5, r0
 476 0010 0E46     		mov	r6, r1
1143:Middlewares/Third_Party/FreeRTOS/Source/stream_buffer.c **** 
 477              		.loc 1 1143 3 is_stmt 1 view .LVU130
1143:Middlewares/Third_Party/FreeRTOS/Source/stream_buffer.c **** 
 478              		.loc 1 1143 13 is_stmt 0 view .LVU131
 479 0012 0168     		ldr	r1, [r0]
 480              	.LVL38:
1143:Middlewares/Third_Party/FreeRTOS/Source/stream_buffer.c **** 
 481              		.loc 1 1143 13 view .LVU132
 482 0014 0F46     		mov	r7, r1
 483              	.LVL39:
1148:Middlewares/Third_Party/FreeRTOS/Source/stream_buffer.c **** 
 484              		.loc 1 1148 3 is_stmt 1 view .LVU133
1148:Middlewares/Third_Party/FreeRTOS/Source/stream_buffer.c **** 
 485              		.loc 1 1148 18 is_stmt 0 view .LVU134
ARM GAS  C:\Users\jason\AppData\Local\Temp\ccFJFDwG.s 			page 36


 486 0016 8368     		ldr	r3, [r0, #8]
 487              	.LVL40:
1148:Middlewares/Third_Party/FreeRTOS/Source/stream_buffer.c **** 
 488              		.loc 1 1148 18 view .LVU135
 489 0018 591A     		subs	r1, r3, r1
 490              	.LVL41:
1148:Middlewares/Third_Party/FreeRTOS/Source/stream_buffer.c **** 
 491              		.loc 1 1148 18 view .LVU136
 492 001a 8946     		mov	r9, r1
1148:Middlewares/Third_Party/FreeRTOS/Source/stream_buffer.c **** 
 493              		.loc 1 1148 16 view .LVU137
 494 001c A142     		cmp	r1, r4
 495 001e 28BF     		it	cs
 496 0020 2146     		movcs	r1, r4
 497 0022 8846     		mov	r8, r1
 498              	.LVL42:
1152:Middlewares/Third_Party/FreeRTOS/Source/stream_buffer.c **** 		configASSERT( ( xNextTail + xFirstLength ) <= pxStreamBuffer->xLength );
 499              		.loc 1 1152 3 is_stmt 1 view .LVU138
 500 0024 8A42     		cmp	r2, r1
 501 0026 08D2     		bcs	.L26
1152:Middlewares/Third_Party/FreeRTOS/Source/stream_buffer.c **** 		configASSERT( ( xNextTail + xFirstLength ) <= pxStreamBuffer->xLength );
 502              		.loc 1 1152 3 discriminator 1 view .LVU139
 503              	.LBB105:
 504              	.LBI105:
 191:Middlewares/Third_Party/FreeRTOS/Source/portable/GCC/ARM_CM4F/portmacro.h **** {
 505              		.loc 2 191 30 view .LVU140
 506              	.LBB106:
 193:Middlewares/Third_Party/FreeRTOS/Source/portable/GCC/ARM_CM4F/portmacro.h **** 
 507              		.loc 2 193 1 view .LVU141
 508              		.loc 2 195 2 view .LVU142
 509              		.syntax unified
 510              	@ 195 "Middlewares/Third_Party/FreeRTOS/Source/portable/GCC/ARM_CM4F/portmacro.h" 1
 511 0028 4FF05003 			mov r3, #80												
 512 002c 83F31188 		msr basepri, r3											
 513 0030 BFF36F8F 		isb														
 514 0034 BFF34F8F 		dsb														
 515              	
 516              	@ 0 "" 2
 517              		.thumb
 518              		.syntax unified
 519              	.L27:
 520              	.LBE106:
 521              	.LBE105:
1152:Middlewares/Third_Party/FreeRTOS/Source/stream_buffer.c **** 		configASSERT( ( xNextTail + xFirstLength ) <= pxStreamBuffer->xLength );
 522              		.loc 1 1152 3 view .LVU143
 523 0038 FEE7     		b	.L27
 524              	.L26:
1152:Middlewares/Third_Party/FreeRTOS/Source/stream_buffer.c **** 		configASSERT( ( xNextTail + xFirstLength ) <= pxStreamBuffer->xLength );
 525              		.loc 1 1152 44 view .LVU144
1153:Middlewares/Third_Party/FreeRTOS/Source/stream_buffer.c **** 		( void ) memcpy( ( void * ) pucData, ( const void * ) &( pxStreamBuffer->pucBuffer[ xNextTail ] )
 526              		.loc 1 1153 3 view .LVU145
 527 003a 3A46     		mov	r2, r7
 528              	.LVL43:
1153:Middlewares/Third_Party/FreeRTOS/Source/stream_buffer.c **** 		( void ) memcpy( ( void * ) pucData, ( const void * ) &( pxStreamBuffer->pucBuffer[ xNextTail ] )
 529              		.loc 1 1153 3 is_stmt 0 view .LVU146
 530 003c 0A44     		add	r2, r2, r1
 531 003e 9342     		cmp	r3, r2
ARM GAS  C:\Users\jason\AppData\Local\Temp\ccFJFDwG.s 			page 37


 532 0040 08D2     		bcs	.L28
1153:Middlewares/Third_Party/FreeRTOS/Source/stream_buffer.c **** 		( void ) memcpy( ( void * ) pucData, ( const void * ) &( pxStreamBuffer->pucBuffer[ xNextTail ] )
 533              		.loc 1 1153 3 is_stmt 1 discriminator 1 view .LVU147
 534              	.LBB107:
 535              	.LBI107:
 191:Middlewares/Third_Party/FreeRTOS/Source/portable/GCC/ARM_CM4F/portmacro.h **** {
 536              		.loc 2 191 30 view .LVU148
 537              	.LBB108:
 193:Middlewares/Third_Party/FreeRTOS/Source/portable/GCC/ARM_CM4F/portmacro.h **** 
 538              		.loc 2 193 1 view .LVU149
 539              		.loc 2 195 2 view .LVU150
 540              		.syntax unified
 541              	@ 195 "Middlewares/Third_Party/FreeRTOS/Source/portable/GCC/ARM_CM4F/portmacro.h" 1
 542 0042 4FF05003 			mov r3, #80												
 543 0046 83F31188 		msr basepri, r3											
 544 004a BFF36F8F 		isb														
 545 004e BFF34F8F 		dsb														
 546              	
 547              	@ 0 "" 2
 548              		.thumb
 549              		.syntax unified
 550              	.L29:
 551              	.LBE108:
 552              	.LBE107:
1153:Middlewares/Third_Party/FreeRTOS/Source/stream_buffer.c **** 		( void ) memcpy( ( void * ) pucData, ( const void * ) &( pxStreamBuffer->pucBuffer[ xNextTail ] )
 553              		.loc 1 1153 3 view .LVU151
 554 0052 FEE7     		b	.L29
 555              	.L28:
1153:Middlewares/Third_Party/FreeRTOS/Source/stream_buffer.c **** 		( void ) memcpy( ( void * ) pucData, ( const void * ) &( pxStreamBuffer->pucBuffer[ xNextTail ] )
 556              		.loc 1 1153 74 view .LVU152
1154:Middlewares/Third_Party/FreeRTOS/Source/stream_buffer.c **** 
 557              		.loc 1 1154 3 view .LVU153
1154:Middlewares/Third_Party/FreeRTOS/Source/stream_buffer.c **** 
 558              		.loc 1 1154 74 is_stmt 0 view .LVU154
 559 0054 8169     		ldr	r1, [r0, #24]
 560              	.LVL44:
1154:Middlewares/Third_Party/FreeRTOS/Source/stream_buffer.c **** 
 561              		.loc 1 1154 12 view .LVU155
 562 0056 4246     		mov	r2, r8
 563 0058 3944     		add	r1, r1, r7
 564 005a 3046     		mov	r0, r6
 565              	.LVL45:
1154:Middlewares/Third_Party/FreeRTOS/Source/stream_buffer.c **** 
 566              		.loc 1 1154 12 view .LVU156
 567 005c FFF7FEFF 		bl	memcpy
 568              	.LVL46:
1158:Middlewares/Third_Party/FreeRTOS/Source/stream_buffer.c **** 		{
 569              		.loc 1 1158 3 is_stmt 1 view .LVU157
1158:Middlewares/Third_Party/FreeRTOS/Source/stream_buffer.c **** 		{
 570              		.loc 1 1158 5 is_stmt 0 view .LVU158
 571 0060 A145     		cmp	r9, r4
 572 0062 09D3     		bcc	.L33
 573              	.L30:
1166:Middlewares/Third_Party/FreeRTOS/Source/stream_buffer.c **** 		}
 574              		.loc 1 1166 28 is_stmt 1 view .LVU159
1171:Middlewares/Third_Party/FreeRTOS/Source/stream_buffer.c **** 
 575              		.loc 1 1171 3 view .LVU160
ARM GAS  C:\Users\jason\AppData\Local\Temp\ccFJFDwG.s 			page 38


1171:Middlewares/Third_Party/FreeRTOS/Source/stream_buffer.c **** 
 576              		.loc 1 1171 13 is_stmt 0 view .LVU161
 577 0064 3B46     		mov	r3, r7
 578 0066 2344     		add	r3, r3, r4
 579              	.LVL47:
1173:Middlewares/Third_Party/FreeRTOS/Source/stream_buffer.c **** 		{
 580              		.loc 1 1173 3 is_stmt 1 view .LVU162
1173:Middlewares/Third_Party/FreeRTOS/Source/stream_buffer.c **** 		{
 581              		.loc 1 1173 34 is_stmt 0 view .LVU163
 582 0068 AA68     		ldr	r2, [r5, #8]
1173:Middlewares/Third_Party/FreeRTOS/Source/stream_buffer.c **** 		{
 583              		.loc 1 1173 5 view .LVU164
 584 006a 9A42     		cmp	r2, r3
 585 006c 00D8     		bhi	.L31
1175:Middlewares/Third_Party/FreeRTOS/Source/stream_buffer.c **** 		}
 586              		.loc 1 1175 4 is_stmt 1 view .LVU165
1175:Middlewares/Third_Party/FreeRTOS/Source/stream_buffer.c **** 		}
 587              		.loc 1 1175 14 is_stmt 0 view .LVU166
 588 006e 9B1A     		subs	r3, r3, r2
 589              	.LVL48:
 590              	.L31:
1178:Middlewares/Third_Party/FreeRTOS/Source/stream_buffer.c **** 	}
 591              		.loc 1 1178 3 is_stmt 1 view .LVU167
1178:Middlewares/Third_Party/FreeRTOS/Source/stream_buffer.c **** 	}
 592              		.loc 1 1178 25 is_stmt 0 view .LVU168
 593 0070 2B60     		str	r3, [r5]
1182:Middlewares/Third_Party/FreeRTOS/Source/stream_buffer.c **** 	}
 594              		.loc 1 1182 27 is_stmt 1 view .LVU169
1185:Middlewares/Third_Party/FreeRTOS/Source/stream_buffer.c **** }
 595              		.loc 1 1185 2 view .LVU170
 596              	.LVL49:
 597              	.L24:
1186:Middlewares/Third_Party/FreeRTOS/Source/stream_buffer.c **** /*-----------------------------------------------------------*/
 598              		.loc 1 1186 1 is_stmt 0 view .LVU171
 599 0072 2046     		mov	r0, r4
 600 0074 BDE8F883 		pop	{r3, r4, r5, r6, r7, r8, r9, pc}
 601              	.LVL50:
 602              	.L33:
1161:Middlewares/Third_Party/FreeRTOS/Source/stream_buffer.c **** 			( void ) memcpy( ( void * ) &( pucData[ xFirstLength ] ), ( void * ) ( pxStreamBuffer->pucBuffer
 603              		.loc 1 1161 4 is_stmt 1 view .LVU172
1161:Middlewares/Third_Party/FreeRTOS/Source/stream_buffer.c **** 			( void ) memcpy( ( void * ) &( pucData[ xFirstLength ] ), ( void * ) ( pxStreamBuffer->pucBuffer
 604              		.loc 1 1161 39 view .LVU173
1162:Middlewares/Third_Party/FreeRTOS/Source/stream_buffer.c **** 		}
 605              		.loc 1 1162 4 view .LVU174
1162:Middlewares/Third_Party/FreeRTOS/Source/stream_buffer.c **** 		}
 606              		.loc 1 1162 13 is_stmt 0 view .LVU175
 607 0078 4346     		mov	r3, r8
 608 007a E21A     		subs	r2, r4, r3
 609 007c A969     		ldr	r1, [r5, #24]
 610 007e 3046     		mov	r0, r6
 611 0080 4044     		add	r0, r0, r8
 612 0082 FFF7FEFF 		bl	memcpy
 613              	.LVL51:
 614 0086 EDE7     		b	.L30
 615              		.cfi_endproc
 616              	.LFE23:
 618              		.section	.text.prvReadMessageFromBuffer,"ax",%progbits
ARM GAS  C:\Users\jason\AppData\Local\Temp\ccFJFDwG.s 			page 39


 619              		.align	1
 620              		.syntax unified
 621              		.thumb
 622              		.thumb_func
 624              	prvReadMessageFromBuffer:
 625              	.LVL52:
 626              	.LFB17:
 923:Middlewares/Third_Party/FreeRTOS/Source/stream_buffer.c **** size_t xOriginalTail, xReceivedLength, xNextMessageLength;
 627              		.loc 1 923 1 is_stmt 1 view -0
 628              		.cfi_startproc
 629              		@ args = 4, pretend = 0, frame = 8
 630              		@ frame_needed = 0, uses_anonymous_args = 0
 923:Middlewares/Third_Party/FreeRTOS/Source/stream_buffer.c **** size_t xOriginalTail, xReceivedLength, xNextMessageLength;
 631              		.loc 1 923 1 is_stmt 0 view .LVU177
 632 0000 2DE9F041 		push	{r4, r5, r6, r7, r8, lr}
 633              		.cfi_def_cfa_offset 24
 634              		.cfi_offset 4, -24
 635              		.cfi_offset 5, -20
 636              		.cfi_offset 6, -16
 637              		.cfi_offset 7, -12
 638              		.cfi_offset 8, -8
 639              		.cfi_offset 14, -4
 640 0004 82B0     		sub	sp, sp, #8
 641              		.cfi_def_cfa_offset 32
 642 0006 0646     		mov	r6, r0
 643 0008 8846     		mov	r8, r1
 644 000a 1746     		mov	r7, r2
 645 000c 1946     		mov	r1, r3
 646              	.LVL53:
 924:Middlewares/Third_Party/FreeRTOS/Source/stream_buffer.c **** configMESSAGE_BUFFER_LENGTH_TYPE xTempNextMessageLength;
 647              		.loc 1 924 1 is_stmt 1 view .LVU178
 925:Middlewares/Third_Party/FreeRTOS/Source/stream_buffer.c **** 
 648              		.loc 1 925 1 view .LVU179
 927:Middlewares/Third_Party/FreeRTOS/Source/stream_buffer.c **** 	{
 649              		.loc 1 927 2 view .LVU180
 927:Middlewares/Third_Party/FreeRTOS/Source/stream_buffer.c **** 	{
 650              		.loc 1 927 4 is_stmt 0 view .LVU181
 651 000e 089B     		ldr	r3, [sp, #32]
 652              	.LVL54:
 927:Middlewares/Third_Party/FreeRTOS/Source/stream_buffer.c **** 	{
 653              		.loc 1 927 4 view .LVU182
 654 0010 43B9     		cbnz	r3, .L38
 655              	.LVL55:
 656              	.L35:
 964:Middlewares/Third_Party/FreeRTOS/Source/stream_buffer.c **** 
 657              		.loc 1 964 2 is_stmt 1 view .LVU183
 964:Middlewares/Third_Party/FreeRTOS/Source/stream_buffer.c **** 
 658              		.loc 1 964 20 is_stmt 0 view .LVU184
 659 0012 0B46     		mov	r3, r1
 660 0014 3A46     		mov	r2, r7
 661 0016 4146     		mov	r1, r8
 662              	.LVL56:
 964:Middlewares/Third_Party/FreeRTOS/Source/stream_buffer.c **** 
 663              		.loc 1 964 20 view .LVU185
 664 0018 3046     		mov	r0, r6
 665 001a FFF7FEFF 		bl	prvReadBytesFromBuffer
 666              	.LVL57:
ARM GAS  C:\Users\jason\AppData\Local\Temp\ccFJFDwG.s 			page 40


 966:Middlewares/Third_Party/FreeRTOS/Source/stream_buffer.c **** }
 667              		.loc 1 966 2 is_stmt 1 view .LVU186
 967:Middlewares/Third_Party/FreeRTOS/Source/stream_buffer.c **** /*-----------------------------------------------------------*/
 668              		.loc 1 967 1 is_stmt 0 view .LVU187
 669 001e 02B0     		add	sp, sp, #8
 670              		.cfi_remember_state
 671              		.cfi_def_cfa_offset 24
 672              		@ sp needed
 673 0020 BDE8F081 		pop	{r4, r5, r6, r7, r8, pc}
 674              	.LVL58:
 675              	.L38:
 676              		.cfi_restore_state
 933:Middlewares/Third_Party/FreeRTOS/Source/stream_buffer.c **** 		( void ) prvReadBytesFromBuffer( pxStreamBuffer, ( uint8_t * ) &xTempNextMessageLength, xBytesToS
 677              		.loc 1 933 3 is_stmt 1 view .LVU188
 933:Middlewares/Third_Party/FreeRTOS/Source/stream_buffer.c **** 		( void ) prvReadBytesFromBuffer( pxStreamBuffer, ( uint8_t * ) &xTempNextMessageLength, xBytesToS
 678              		.loc 1 933 17 is_stmt 0 view .LVU189
 679 0024 0468     		ldr	r4, [r0]
 680              	.LVL59:
 934:Middlewares/Third_Party/FreeRTOS/Source/stream_buffer.c **** 		xNextMessageLength = ( size_t ) xTempNextMessageLength;
 681              		.loc 1 934 3 is_stmt 1 view .LVU190
 934:Middlewares/Third_Party/FreeRTOS/Source/stream_buffer.c **** 		xNextMessageLength = ( size_t ) xTempNextMessageLength;
 682              		.loc 1 934 12 is_stmt 0 view .LVU191
 683 0026 0D46     		mov	r5, r1
 684 0028 0B46     		mov	r3, r1
 685 002a 089A     		ldr	r2, [sp, #32]
 686              	.LVL60:
 934:Middlewares/Third_Party/FreeRTOS/Source/stream_buffer.c **** 		xNextMessageLength = ( size_t ) xTempNextMessageLength;
 687              		.loc 1 934 12 view .LVU192
 688 002c 01A9     		add	r1, sp, #4
 689              	.LVL61:
 934:Middlewares/Third_Party/FreeRTOS/Source/stream_buffer.c **** 		xNextMessageLength = ( size_t ) xTempNextMessageLength;
 690              		.loc 1 934 12 view .LVU193
 691 002e FFF7FEFF 		bl	prvReadBytesFromBuffer
 692              	.LVL62:
 935:Middlewares/Third_Party/FreeRTOS/Source/stream_buffer.c **** 
 693              		.loc 1 935 3 is_stmt 1 view .LVU194
 935:Middlewares/Third_Party/FreeRTOS/Source/stream_buffer.c **** 
 694              		.loc 1 935 22 is_stmt 0 view .LVU195
 695 0032 019B     		ldr	r3, [sp, #4]
 696              	.LVL63:
 939:Middlewares/Third_Party/FreeRTOS/Source/stream_buffer.c **** 
 697              		.loc 1 939 3 is_stmt 1 view .LVU196
 939:Middlewares/Third_Party/FreeRTOS/Source/stream_buffer.c **** 
 698              		.loc 1 939 19 is_stmt 0 view .LVU197
 699 0034 0899     		ldr	r1, [sp, #32]
 700 0036 6A1A     		subs	r2, r5, r1
 701 0038 1146     		mov	r1, r2
 702              	.LVL64:
 943:Middlewares/Third_Party/FreeRTOS/Source/stream_buffer.c **** 		{
 703              		.loc 1 943 3 is_stmt 1 view .LVU198
 943:Middlewares/Third_Party/FreeRTOS/Source/stream_buffer.c **** 		{
 704              		.loc 1 943 5 is_stmt 0 view .LVU199
 705 003a 9F42     		cmp	r7, r3
 706 003c 03D2     		bcs	.L36
 948:Middlewares/Third_Party/FreeRTOS/Source/stream_buffer.c **** 			xNextMessageLength = 0;
 707              		.loc 1 948 4 is_stmt 1 view .LVU200
 948:Middlewares/Third_Party/FreeRTOS/Source/stream_buffer.c **** 			xNextMessageLength = 0;
ARM GAS  C:\Users\jason\AppData\Local\Temp\ccFJFDwG.s 			page 41


 708              		.loc 1 948 26 is_stmt 0 view .LVU201
 709 003e 3460     		str	r4, [r6]
 949:Middlewares/Third_Party/FreeRTOS/Source/stream_buffer.c **** 		}
 710              		.loc 1 949 4 is_stmt 1 view .LVU202
 711              	.LVL65:
 949:Middlewares/Third_Party/FreeRTOS/Source/stream_buffer.c **** 		}
 712              		.loc 1 949 23 is_stmt 0 view .LVU203
 713 0040 0023     		movs	r3, #0
 714 0042 1F46     		mov	r7, r3
 715              	.LVL66:
 949:Middlewares/Third_Party/FreeRTOS/Source/stream_buffer.c **** 		}
 716              		.loc 1 949 23 view .LVU204
 717 0044 E5E7     		b	.L35
 718              	.LVL67:
 719              	.L36:
 935:Middlewares/Third_Party/FreeRTOS/Source/stream_buffer.c **** 
 720              		.loc 1 935 22 view .LVU205
 721 0046 1F46     		mov	r7, r3
 722              	.LVL68:
 935:Middlewares/Third_Party/FreeRTOS/Source/stream_buffer.c **** 
 723              		.loc 1 935 22 view .LVU206
 724 0048 E3E7     		b	.L35
 725              		.cfi_endproc
 726              	.LFE17:
 728              		.section	.text.xStreamBufferGenericCreate,"ax",%progbits
 729              		.align	1
 730              		.global	xStreamBufferGenericCreate
 731              		.syntax unified
 732              		.thumb
 733              		.thumb_func
 735              	xStreamBufferGenericCreate:
 736              	.LVL69:
 737              	.LFB4:
 220:Middlewares/Third_Party/FreeRTOS/Source/stream_buffer.c **** 	uint8_t *pucAllocatedMemory;
 738              		.loc 1 220 2 is_stmt 1 view -0
 739              		.cfi_startproc
 740              		@ args = 0, pretend = 0, frame = 0
 741              		@ frame_needed = 0, uses_anonymous_args = 0
 220:Middlewares/Third_Party/FreeRTOS/Source/stream_buffer.c **** 	uint8_t *pucAllocatedMemory;
 742              		.loc 1 220 2 is_stmt 0 view .LVU208
 743 0000 F0B5     		push	{r4, r5, r6, r7, lr}
 744              		.cfi_def_cfa_offset 20
 745              		.cfi_offset 4, -20
 746              		.cfi_offset 5, -16
 747              		.cfi_offset 6, -12
 748              		.cfi_offset 7, -8
 749              		.cfi_offset 14, -4
 750 0002 83B0     		sub	sp, sp, #12
 751              		.cfi_def_cfa_offset 32
 752 0004 0D46     		mov	r5, r1
 221:Middlewares/Third_Party/FreeRTOS/Source/stream_buffer.c **** 	uint8_t ucFlags;
 753              		.loc 1 221 2 is_stmt 1 view .LVU209
 222:Middlewares/Third_Party/FreeRTOS/Source/stream_buffer.c **** 
 754              		.loc 1 222 2 view .LVU210
 228:Middlewares/Third_Party/FreeRTOS/Source/stream_buffer.c **** 		{
 755              		.loc 1 228 3 view .LVU211
 228:Middlewares/Third_Party/FreeRTOS/Source/stream_buffer.c **** 		{
ARM GAS  C:\Users\jason\AppData\Local\Temp\ccFJFDwG.s 			page 42


 756              		.loc 1 228 5 is_stmt 0 view .LVU212
 757 0006 012A     		cmp	r2, #1
 758 0008 09D0     		beq	.L52
 237:Middlewares/Third_Party/FreeRTOS/Source/stream_buffer.c **** 			configASSERT( xBufferSizeBytes > 0 );
 759              		.loc 1 237 4 is_stmt 1 view .LVU213
 760              	.LVL70:
 238:Middlewares/Third_Party/FreeRTOS/Source/stream_buffer.c **** 		}
 761              		.loc 1 238 4 view .LVU214
 762 000a B0B9     		cbnz	r0, .L49
 238:Middlewares/Third_Party/FreeRTOS/Source/stream_buffer.c **** 		}
 763              		.loc 1 238 4 discriminator 1 view .LVU215
 764              	.LBB109:
 765              	.LBI109:
 191:Middlewares/Third_Party/FreeRTOS/Source/portable/GCC/ARM_CM4F/portmacro.h **** {
 766              		.loc 2 191 30 view .LVU216
 767              	.LBB110:
 193:Middlewares/Third_Party/FreeRTOS/Source/portable/GCC/ARM_CM4F/portmacro.h **** 
 768              		.loc 2 193 1 view .LVU217
 769              		.loc 2 195 2 view .LVU218
 770              		.syntax unified
 771              	@ 195 "Middlewares/Third_Party/FreeRTOS/Source/portable/GCC/ARM_CM4F/portmacro.h" 1
 772 000c 4FF05003 			mov r3, #80												
 773 0010 83F31188 		msr basepri, r3											
 774 0014 BFF36F8F 		isb														
 775 0018 BFF34F8F 		dsb														
 776              	
 777              	@ 0 "" 2
 778              		.thumb
 779              		.syntax unified
 780              	.L43:
 781              	.LBE110:
 782              	.LBE109:
 238:Middlewares/Third_Party/FreeRTOS/Source/stream_buffer.c **** 		}
 783              		.loc 1 238 4 view .LVU219
 784 001c FEE7     		b	.L43
 785              	.LVL71:
 786              	.L52:
 231:Middlewares/Third_Party/FreeRTOS/Source/stream_buffer.c **** 			configASSERT( xBufferSizeBytes > sbBYTES_TO_STORE_MESSAGE_LENGTH );
 787              		.loc 1 231 4 view .LVU220
 232:Middlewares/Third_Party/FreeRTOS/Source/stream_buffer.c **** 		}
 788              		.loc 1 232 4 view .LVU221
 789 001e 0428     		cmp	r0, #4
 790 0020 08D8     		bhi	.L48
 232:Middlewares/Third_Party/FreeRTOS/Source/stream_buffer.c **** 		}
 791              		.loc 1 232 4 discriminator 1 view .LVU222
 792              	.LBB111:
 793              	.LBI111:
 191:Middlewares/Third_Party/FreeRTOS/Source/portable/GCC/ARM_CM4F/portmacro.h **** {
 794              		.loc 2 191 30 view .LVU223
 795              	.LBB112:
 193:Middlewares/Third_Party/FreeRTOS/Source/portable/GCC/ARM_CM4F/portmacro.h **** 
 796              		.loc 2 193 1 view .LVU224
 797              		.loc 2 195 2 view .LVU225
 798              		.syntax unified
 799              	@ 195 "Middlewares/Third_Party/FreeRTOS/Source/portable/GCC/ARM_CM4F/portmacro.h" 1
 800 0022 4FF05003 			mov r3, #80												
 801 0026 83F31188 		msr basepri, r3											
ARM GAS  C:\Users\jason\AppData\Local\Temp\ccFJFDwG.s 			page 43


 802 002a BFF36F8F 		isb														
 803 002e BFF34F8F 		dsb														
 804              	
 805              	@ 0 "" 2
 806              		.thumb
 807              		.syntax unified
 808              	.L42:
 809              	.LBE112:
 810              	.LBE111:
 232:Middlewares/Third_Party/FreeRTOS/Source/stream_buffer.c **** 		}
 811              		.loc 1 232 4 view .LVU226
 812 0032 FEE7     		b	.L42
 813              	.L48:
 231:Middlewares/Third_Party/FreeRTOS/Source/stream_buffer.c **** 			configASSERT( xBufferSizeBytes > sbBYTES_TO_STORE_MESSAGE_LENGTH );
 814              		.loc 1 231 12 is_stmt 0 view .LVU227
 815 0034 0123     		movs	r3, #1
 816 0036 1E46     		mov	r6, r3
 817 0038 01E0     		b	.L41
 818              	.LVL72:
 819              	.L49:
 237:Middlewares/Third_Party/FreeRTOS/Source/stream_buffer.c **** 			configASSERT( xBufferSizeBytes > 0 );
 820              		.loc 1 237 12 view .LVU228
 821 003a 0023     		movs	r3, #0
 822 003c 1E46     		mov	r6, r3
 823              	.LVL73:
 824              	.L41:
 238:Middlewares/Third_Party/FreeRTOS/Source/stream_buffer.c **** 		}
 825              		.loc 1 238 40 is_stmt 1 view .LVU229
 240:Middlewares/Third_Party/FreeRTOS/Source/stream_buffer.c **** 
 826              		.loc 1 240 3 view .LVU230
 827 003e A842     		cmp	r0, r5
 828 0040 08D2     		bcs	.L44
 240:Middlewares/Third_Party/FreeRTOS/Source/stream_buffer.c **** 
 829              		.loc 1 240 3 discriminator 1 view .LVU231
 830              	.LBB113:
 831              	.LBI113:
 191:Middlewares/Third_Party/FreeRTOS/Source/portable/GCC/ARM_CM4F/portmacro.h **** {
 832              		.loc 2 191 30 view .LVU232
 833              	.LBB114:
 193:Middlewares/Third_Party/FreeRTOS/Source/portable/GCC/ARM_CM4F/portmacro.h **** 
 834              		.loc 2 193 1 view .LVU233
 835              		.loc 2 195 2 view .LVU234
 836              		.syntax unified
 837              	@ 195 "Middlewares/Third_Party/FreeRTOS/Source/portable/GCC/ARM_CM4F/portmacro.h" 1
 838 0042 4FF05003 			mov r3, #80												
 839 0046 83F31188 		msr basepri, r3											
 840 004a BFF36F8F 		isb														
 841 004e BFF34F8F 		dsb														
 842              	
 843              	@ 0 "" 2
 844              		.thumb
 845              		.syntax unified
 846              	.L45:
 847              	.LBE114:
 848              	.LBE113:
 240:Middlewares/Third_Party/FreeRTOS/Source/stream_buffer.c **** 
 849              		.loc 1 240 3 view .LVU235
ARM GAS  C:\Users\jason\AppData\Local\Temp\ccFJFDwG.s 			page 44


 850 0052 FEE7     		b	.L45
 851              	.L44:
 240:Middlewares/Third_Party/FreeRTOS/Source/stream_buffer.c **** 
 852              		.loc 1 240 57 view .LVU236
 244:Middlewares/Third_Party/FreeRTOS/Source/stream_buffer.c **** 		{
 853              		.loc 1 244 3 view .LVU237
 244:Middlewares/Third_Party/FreeRTOS/Source/stream_buffer.c **** 		{
 854              		.loc 1 244 5 is_stmt 0 view .LVU238
 855 0054 0DB9     		cbnz	r5, .L46
 246:Middlewares/Third_Party/FreeRTOS/Source/stream_buffer.c **** 		}
 856              		.loc 1 246 23 view .LVU239
 857 0056 0123     		movs	r3, #1
 858 0058 1D46     		mov	r5, r3
 859              	.L46:
 860              	.LVL74:
 257:Middlewares/Third_Party/FreeRTOS/Source/stream_buffer.c **** 		pucAllocatedMemory = ( uint8_t * ) pvPortMalloc( xBufferSizeBytes + sizeof( StreamBuffer_t ) ); /
 861              		.loc 1 257 3 is_stmt 1 view .LVU240
 257:Middlewares/Third_Party/FreeRTOS/Source/stream_buffer.c **** 		pucAllocatedMemory = ( uint8_t * ) pvPortMalloc( xBufferSizeBytes + sizeof( StreamBuffer_t ) ); /
 862              		.loc 1 257 19 is_stmt 0 view .LVU241
 863 005a 441C     		adds	r4, r0, #1
 864              	.LVL75:
 258:Middlewares/Third_Party/FreeRTOS/Source/stream_buffer.c **** 
 865              		.loc 1 258 3 is_stmt 1 view .LVU242
 258:Middlewares/Third_Party/FreeRTOS/Source/stream_buffer.c **** 
 866              		.loc 1 258 38 is_stmt 0 view .LVU243
 867 005c 2530     		adds	r0, r0, #37
 868 005e FFF7FEFF 		bl	pvPortMalloc
 869              	.LVL76:
 260:Middlewares/Third_Party/FreeRTOS/Source/stream_buffer.c **** 		{
 870              		.loc 1 260 3 is_stmt 1 view .LVU244
 260:Middlewares/Third_Party/FreeRTOS/Source/stream_buffer.c **** 		{
 871              		.loc 1 260 5 is_stmt 0 view .LVU245
 872 0062 0146     		mov	r1, r0
 873 0064 0746     		mov	r7, r0
 874 0066 28B1     		cbz	r0, .L39
 262:Middlewares/Third_Party/FreeRTOS/Source/stream_buffer.c **** 										   pucAllocatedMemory + sizeof( StreamBuffer_t ),  /* Storage area follows. */ /*lint !e9
 875              		.loc 1 262 4 is_stmt 1 view .LVU246
 876 0068 0096     		str	r6, [sp]
 877 006a 2B46     		mov	r3, r5
 878 006c 2246     		mov	r2, r4
 879 006e 2431     		adds	r1, r1, #36
 880 0070 FFF7FEFF 		bl	prvInitialiseNewStreamBuffer
 881              	.LVL77:
 268:Middlewares/Third_Party/FreeRTOS/Source/stream_buffer.c **** 		}
 882              		.loc 1 268 94 view .LVU247
 272:Middlewares/Third_Party/FreeRTOS/Source/stream_buffer.c **** 		}
 883              		.loc 1 272 56 view .LVU248
 275:Middlewares/Third_Party/FreeRTOS/Source/stream_buffer.c **** 	}
 884              		.loc 1 275 3 view .LVU249
 885              	.L39:
 276:Middlewares/Third_Party/FreeRTOS/Source/stream_buffer.c **** 
 886              		.loc 1 276 2 is_stmt 0 view .LVU250
 887 0074 3846     		mov	r0, r7
 888 0076 03B0     		add	sp, sp, #12
 889              		.cfi_def_cfa_offset 20
 890              		@ sp needed
 891 0078 F0BD     		pop	{r4, r5, r6, r7, pc}
ARM GAS  C:\Users\jason\AppData\Local\Temp\ccFJFDwG.s 			page 45


 276:Middlewares/Third_Party/FreeRTOS/Source/stream_buffer.c **** 
 892              		.loc 1 276 2 view .LVU251
 893              		.cfi_endproc
 894              	.LFE4:
 896              		.section	.text.xStreamBufferGenericCreateStatic,"ax",%progbits
 897              		.align	1
 898              		.global	xStreamBufferGenericCreateStatic
 899              		.syntax unified
 900              		.thumb
 901              		.thumb_func
 903              	xStreamBufferGenericCreateStatic:
 904              	.LVL78:
 905              	.LFB5:
 288:Middlewares/Third_Party/FreeRTOS/Source/stream_buffer.c **** 	StreamBuffer_t * const pxStreamBuffer = ( StreamBuffer_t * ) pxStaticStreamBuffer; /*lint !e740 !e
 906              		.loc 1 288 2 is_stmt 1 view -0
 907              		.cfi_startproc
 908              		@ args = 4, pretend = 0, frame = 8
 909              		@ frame_needed = 0, uses_anonymous_args = 0
 289:Middlewares/Third_Party/FreeRTOS/Source/stream_buffer.c **** 	StreamBufferHandle_t xReturn;
 910              		.loc 1 289 2 view .LVU253
 290:Middlewares/Third_Party/FreeRTOS/Source/stream_buffer.c **** 	uint8_t ucFlags;
 911              		.loc 1 290 2 view .LVU254
 291:Middlewares/Third_Party/FreeRTOS/Source/stream_buffer.c **** 
 912              		.loc 1 291 2 view .LVU255
 293:Middlewares/Third_Party/FreeRTOS/Source/stream_buffer.c **** 		configASSERT( pxStaticStreamBuffer );
 913              		.loc 1 293 3 view .LVU256
 914 0000 7BB1     		cbz	r3, .L70
 288:Middlewares/Third_Party/FreeRTOS/Source/stream_buffer.c **** 	StreamBuffer_t * const pxStreamBuffer = ( StreamBuffer_t * ) pxStaticStreamBuffer; /*lint !e740 !e
 915              		.loc 1 288 2 is_stmt 0 view .LVU257
 916 0002 00B5     		push	{lr}
 917              		.cfi_def_cfa_offset 4
 918              		.cfi_offset 14, -4
 919 0004 85B0     		sub	sp, sp, #20
 920              		.cfi_def_cfa_offset 24
 921 0006 9C46     		mov	ip, r3
 293:Middlewares/Third_Party/FreeRTOS/Source/stream_buffer.c **** 		configASSERT( pxStaticStreamBuffer );
 922              		.loc 1 293 45 is_stmt 1 view .LVU258
 294:Middlewares/Third_Party/FreeRTOS/Source/stream_buffer.c **** 		configASSERT( xTriggerLevelBytes <= xBufferSizeBytes );
 923              		.loc 1 294 3 view .LVU259
 924 0008 069B     		ldr	r3, [sp, #24]
 925              	.LVL79:
 294:Middlewares/Third_Party/FreeRTOS/Source/stream_buffer.c **** 		configASSERT( xTriggerLevelBytes <= xBufferSizeBytes );
 926              		.loc 1 294 3 is_stmt 0 view .LVU260
 927 000a 9BB1     		cbz	r3, .L71
 294:Middlewares/Third_Party/FreeRTOS/Source/stream_buffer.c **** 		configASSERT( xTriggerLevelBytes <= xBufferSizeBytes );
 928              		.loc 1 294 39 is_stmt 1 view .LVU261
 295:Middlewares/Third_Party/FreeRTOS/Source/stream_buffer.c **** 
 929              		.loc 1 295 3 view .LVU262
 930 000c 8142     		cmp	r1, r0
 931 000e 1AD9     		bls	.L58
 295:Middlewares/Third_Party/FreeRTOS/Source/stream_buffer.c **** 
 932              		.loc 1 295 3 discriminator 1 view .LVU263
 933              	.LBB115:
 934              	.LBI115:
 191:Middlewares/Third_Party/FreeRTOS/Source/portable/GCC/ARM_CM4F/portmacro.h **** {
 935              		.loc 2 191 30 view .LVU264
 936              	.LBB116:
ARM GAS  C:\Users\jason\AppData\Local\Temp\ccFJFDwG.s 			page 46


 193:Middlewares/Third_Party/FreeRTOS/Source/portable/GCC/ARM_CM4F/portmacro.h **** 
 937              		.loc 2 193 1 view .LVU265
 938              		.loc 2 195 2 view .LVU266
 939              		.syntax unified
 940              	@ 195 "Middlewares/Third_Party/FreeRTOS/Source/portable/GCC/ARM_CM4F/portmacro.h" 1
 941 0010 4FF05003 			mov r3, #80												
 942 0014 83F31188 		msr basepri, r3											
 943 0018 BFF36F8F 		isb														
 944 001c BFF34F8F 		dsb														
 945              	
 946              	@ 0 "" 2
 947              		.thumb
 948              		.syntax unified
 949              	.L59:
 950              	.LBE116:
 951              	.LBE115:
 295:Middlewares/Third_Party/FreeRTOS/Source/stream_buffer.c **** 
 952              		.loc 1 295 3 view .LVU267
 953 0020 FEE7     		b	.L59
 954              	.LVL80:
 955              	.L70:
 956              		.cfi_def_cfa_offset 0
 957              		.cfi_restore 14
 293:Middlewares/Third_Party/FreeRTOS/Source/stream_buffer.c **** 		configASSERT( pxStaticStreamBuffer );
 958              		.loc 1 293 3 discriminator 1 view .LVU268
 959              	.LBB117:
 960              	.LBI117:
 191:Middlewares/Third_Party/FreeRTOS/Source/portable/GCC/ARM_CM4F/portmacro.h **** {
 961              		.loc 2 191 30 view .LVU269
 962              	.LBB118:
 193:Middlewares/Third_Party/FreeRTOS/Source/portable/GCC/ARM_CM4F/portmacro.h **** 
 963              		.loc 2 193 1 view .LVU270
 964              		.loc 2 195 2 view .LVU271
 965              		.syntax unified
 966              	@ 195 "Middlewares/Third_Party/FreeRTOS/Source/portable/GCC/ARM_CM4F/portmacro.h" 1
 967 0022 4FF05003 			mov r3, #80												
 968 0026 83F31188 		msr basepri, r3											
 969 002a BFF36F8F 		isb														
 970 002e BFF34F8F 		dsb														
 971              	
 972              	@ 0 "" 2
 973              	.LVL81:
 974              		.thumb
 975              		.syntax unified
 976              	.L55:
 977              		.loc 2 195 2 is_stmt 0 view .LVU272
 978              	.LBE118:
 979              	.LBE117:
 293:Middlewares/Third_Party/FreeRTOS/Source/stream_buffer.c **** 		configASSERT( pxStaticStreamBuffer );
 980              		.loc 1 293 3 is_stmt 1 view .LVU273
 981 0032 FEE7     		b	.L55
 982              	.LVL82:
 983              	.L71:
 984              		.cfi_def_cfa_offset 24
 985              		.cfi_offset 14, -4
 294:Middlewares/Third_Party/FreeRTOS/Source/stream_buffer.c **** 		configASSERT( xTriggerLevelBytes <= xBufferSizeBytes );
 986              		.loc 1 294 3 discriminator 1 view .LVU274
ARM GAS  C:\Users\jason\AppData\Local\Temp\ccFJFDwG.s 			page 47


 987              	.LBB119:
 988              	.LBI119:
 191:Middlewares/Third_Party/FreeRTOS/Source/portable/GCC/ARM_CM4F/portmacro.h **** {
 989              		.loc 2 191 30 view .LVU275
 990              	.LBB120:
 193:Middlewares/Third_Party/FreeRTOS/Source/portable/GCC/ARM_CM4F/portmacro.h **** 
 991              		.loc 2 193 1 view .LVU276
 992              		.loc 2 195 2 view .LVU277
 993              		.syntax unified
 994              	@ 195 "Middlewares/Third_Party/FreeRTOS/Source/portable/GCC/ARM_CM4F/portmacro.h" 1
 995 0034 4FF05003 			mov r3, #80												
 996 0038 83F31188 		msr basepri, r3											
 997 003c BFF36F8F 		isb														
 998 0040 BFF34F8F 		dsb														
 999              	
 1000              	@ 0 "" 2
 1001              		.thumb
 1002              		.syntax unified
 1003              	.L57:
 1004              	.LBE120:
 1005              	.LBE119:
 294:Middlewares/Third_Party/FreeRTOS/Source/stream_buffer.c **** 		configASSERT( xTriggerLevelBytes <= xBufferSizeBytes );
 1006              		.loc 1 294 3 view .LVU278
 1007 0044 FEE7     		b	.L57
 1008              	.L58:
 295:Middlewares/Third_Party/FreeRTOS/Source/stream_buffer.c **** 
 1009              		.loc 1 295 57 view .LVU279
 299:Middlewares/Third_Party/FreeRTOS/Source/stream_buffer.c **** 		{
 1010              		.loc 1 299 3 view .LVU280
 299:Middlewares/Third_Party/FreeRTOS/Source/stream_buffer.c **** 		{
 1011              		.loc 1 299 5 is_stmt 0 view .LVU281
 1012 0046 01B9     		cbnz	r1, .L60
 301:Middlewares/Third_Party/FreeRTOS/Source/stream_buffer.c **** 		}
 1013              		.loc 1 301 23 view .LVU282
 1014 0048 0121     		movs	r1, #1
 1015              	.LVL83:
 1016              	.L60:
 304:Middlewares/Third_Party/FreeRTOS/Source/stream_buffer.c **** 		{
 1017              		.loc 1 304 3 is_stmt 1 view .LVU283
 304:Middlewares/Third_Party/FreeRTOS/Source/stream_buffer.c **** 		{
 1018              		.loc 1 304 5 is_stmt 0 view .LVU284
 1019 004a 5AB1     		cbz	r2, .L67
 307:Middlewares/Third_Party/FreeRTOS/Source/stream_buffer.c **** 		}
 1020              		.loc 1 307 12 view .LVU285
 1021 004c 0323     		movs	r3, #3
 1022              	.L61:
 1023              	.LVL84:
 319:Middlewares/Third_Party/FreeRTOS/Source/stream_buffer.c **** 
 1024              		.loc 1 319 3 is_stmt 1 view .LVU286
 1025 004e 0428     		cmp	r0, #4
 1026 0050 0AD8     		bhi	.L62
 319:Middlewares/Third_Party/FreeRTOS/Source/stream_buffer.c **** 
 1027              		.loc 1 319 3 discriminator 1 view .LVU287
 1028              	.LBB121:
 1029              	.LBI121:
 191:Middlewares/Third_Party/FreeRTOS/Source/portable/GCC/ARM_CM4F/portmacro.h **** {
 1030              		.loc 2 191 30 view .LVU288
ARM GAS  C:\Users\jason\AppData\Local\Temp\ccFJFDwG.s 			page 48


 1031              	.LBB122:
 193:Middlewares/Third_Party/FreeRTOS/Source/portable/GCC/ARM_CM4F/portmacro.h **** 
 1032              		.loc 2 193 1 view .LVU289
 1033              		.loc 2 195 2 view .LVU290
 1034              		.syntax unified
 1035              	@ 195 "Middlewares/Third_Party/FreeRTOS/Source/portable/GCC/ARM_CM4F/portmacro.h" 1
 1036 0052 4FF05003 			mov r3, #80												
 1037 0056 83F31188 		msr basepri, r3											
 1038 005a BFF36F8F 		isb														
 1039 005e BFF34F8F 		dsb														
 1040              	
 1041              	@ 0 "" 2
 1042              	.LVL85:
 1043              		.thumb
 1044              		.syntax unified
 1045              	.L63:
 1046              		.loc 2 195 2 is_stmt 0 view .LVU291
 1047              	.LBE122:
 1048              	.LBE121:
 319:Middlewares/Third_Party/FreeRTOS/Source/stream_buffer.c **** 
 1049              		.loc 1 319 3 is_stmt 1 view .LVU292
 1050 0062 FEE7     		b	.L63
 1051              	.LVL86:
 1052              	.L67:
 312:Middlewares/Third_Party/FreeRTOS/Source/stream_buffer.c **** 		}
 1053              		.loc 1 312 12 is_stmt 0 view .LVU293
 1054 0064 0223     		movs	r3, #2
 1055 0066 F2E7     		b	.L61
 1056              	.LVL87:
 1057              	.L62:
 319:Middlewares/Third_Party/FreeRTOS/Source/stream_buffer.c **** 
 1058              		.loc 1 319 69 is_stmt 1 view .LVU294
 1059              	.LBB123:
 326:Middlewares/Third_Party/FreeRTOS/Source/stream_buffer.c **** 			configASSERT( xSize == sizeof( StreamBuffer_t ) );
 1060              		.loc 1 326 4 view .LVU295
 326:Middlewares/Third_Party/FreeRTOS/Source/stream_buffer.c **** 			configASSERT( xSize == sizeof( StreamBuffer_t ) );
 1061              		.loc 1 326 20 is_stmt 0 view .LVU296
 1062 0068 2422     		movs	r2, #36
 1063              	.LVL88:
 326:Middlewares/Third_Party/FreeRTOS/Source/stream_buffer.c **** 			configASSERT( xSize == sizeof( StreamBuffer_t ) );
 1064              		.loc 1 326 20 view .LVU297
 1065 006a 0392     		str	r2, [sp, #12]
 327:Middlewares/Third_Party/FreeRTOS/Source/stream_buffer.c **** 		} /*lint !e529 xSize is referenced is configASSERT() is defined. */
 1066              		.loc 1 327 4 is_stmt 1 view .LVU298
 1067 006c 039A     		ldr	r2, [sp, #12]
 1068 006e 242A     		cmp	r2, #36
 1069 0070 08D0     		beq	.L64
 327:Middlewares/Third_Party/FreeRTOS/Source/stream_buffer.c **** 		} /*lint !e529 xSize is referenced is configASSERT() is defined. */
 1070              		.loc 1 327 4 discriminator 1 view .LVU299
 1071              	.LBB124:
 1072              	.LBI124:
 191:Middlewares/Third_Party/FreeRTOS/Source/portable/GCC/ARM_CM4F/portmacro.h **** {
 1073              		.loc 2 191 30 view .LVU300
 1074              	.LBB125:
 193:Middlewares/Third_Party/FreeRTOS/Source/portable/GCC/ARM_CM4F/portmacro.h **** 
 1075              		.loc 2 193 1 view .LVU301
 1076              		.loc 2 195 2 view .LVU302
ARM GAS  C:\Users\jason\AppData\Local\Temp\ccFJFDwG.s 			page 49


 1077              		.syntax unified
 1078              	@ 195 "Middlewares/Third_Party/FreeRTOS/Source/portable/GCC/ARM_CM4F/portmacro.h" 1
 1079 0072 4FF05003 			mov r3, #80												
 1080 0076 83F31188 		msr basepri, r3											
 1081 007a BFF36F8F 		isb														
 1082 007e BFF34F8F 		dsb														
 1083              	
 1084              	@ 0 "" 2
 1085              	.LVL89:
 1086              		.thumb
 1087              		.syntax unified
 1088              	.L65:
 1089              		.loc 2 195 2 is_stmt 0 view .LVU303
 1090              	.LBE125:
 1091              	.LBE124:
 327:Middlewares/Third_Party/FreeRTOS/Source/stream_buffer.c **** 		} /*lint !e529 xSize is referenced is configASSERT() is defined. */
 1092              		.loc 1 327 4 is_stmt 1 view .LVU304
 1093 0082 FEE7     		b	.L65
 1094              	.LVL90:
 1095              	.L64:
 327:Middlewares/Third_Party/FreeRTOS/Source/stream_buffer.c **** 		} /*lint !e529 xSize is referenced is configASSERT() is defined. */
 1096              		.loc 1 327 53 view .LVU305
 1097              	.LBE123:
 331:Middlewares/Third_Party/FreeRTOS/Source/stream_buffer.c **** 		{
 1098              		.loc 1 331 3 view .LVU306
 333:Middlewares/Third_Party/FreeRTOS/Source/stream_buffer.c **** 										  pucStreamBufferStorageArea,
 1099              		.loc 1 333 4 view .LVU307
 1100 0084 0093     		str	r3, [sp]
 1101 0086 0B46     		mov	r3, r1
 1102              	.LVL91:
 333:Middlewares/Third_Party/FreeRTOS/Source/stream_buffer.c **** 										  pucStreamBufferStorageArea,
 1103              		.loc 1 333 4 is_stmt 0 view .LVU308
 1104 0088 0246     		mov	r2, r0
 1105 008a 6146     		mov	r1, ip
 1106              	.LVL92:
 333:Middlewares/Third_Party/FreeRTOS/Source/stream_buffer.c **** 										  pucStreamBufferStorageArea,
 1107              		.loc 1 333 4 view .LVU309
 1108 008c 0698     		ldr	r0, [sp, #24]
 1109              	.LVL93:
 333:Middlewares/Third_Party/FreeRTOS/Source/stream_buffer.c **** 										  pucStreamBufferStorageArea,
 1110              		.loc 1 333 4 view .LVU310
 1111 008e FFF7FEFF 		bl	prvInitialiseNewStreamBuffer
 1112              	.LVL94:
 341:Middlewares/Third_Party/FreeRTOS/Source/stream_buffer.c **** 
 1113              		.loc 1 341 4 is_stmt 1 view .LVU311
 341:Middlewares/Third_Party/FreeRTOS/Source/stream_buffer.c **** 
 1114              		.loc 1 341 18 is_stmt 0 view .LVU312
 1115 0092 069B     		ldr	r3, [sp, #24]
 1116 0094 1B7F     		ldrb	r3, [r3, #28]	@ zero_extendqisi2
 341:Middlewares/Third_Party/FreeRTOS/Source/stream_buffer.c **** 
 1117              		.loc 1 341 28 view .LVU313
 1118 0096 43F00203 		orr	r3, r3, #2
 1119 009a 069A     		ldr	r2, [sp, #24]
 1120 009c 1377     		strb	r3, [r2, #28]
 343:Middlewares/Third_Party/FreeRTOS/Source/stream_buffer.c **** 
 1121              		.loc 1 343 65 is_stmt 1 view .LVU314
 345:Middlewares/Third_Party/FreeRTOS/Source/stream_buffer.c **** 		}
ARM GAS  C:\Users\jason\AppData\Local\Temp\ccFJFDwG.s 			page 50


 1122              		.loc 1 345 4 view .LVU315
 1123              	.LVL95:
 350:Middlewares/Third_Party/FreeRTOS/Source/stream_buffer.c **** 		}
 1124              		.loc 1 350 72 view .LVU316
 353:Middlewares/Third_Party/FreeRTOS/Source/stream_buffer.c **** 	}
 1125              		.loc 1 353 3 view .LVU317
 354:Middlewares/Third_Party/FreeRTOS/Source/stream_buffer.c **** 
 1126              		.loc 1 354 2 is_stmt 0 view .LVU318
 1127 009e 1046     		mov	r0, r2
 1128 00a0 05B0     		add	sp, sp, #20
 1129              		.cfi_def_cfa_offset 4
 1130              		@ sp needed
 1131 00a2 00BD     		pop	{pc}
 354:Middlewares/Third_Party/FreeRTOS/Source/stream_buffer.c **** 
 1132              		.loc 1 354 2 view .LVU319
 1133              		.cfi_endproc
 1134              	.LFE5:
 1136              		.section	.text.vStreamBufferDelete,"ax",%progbits
 1137              		.align	1
 1138              		.global	vStreamBufferDelete
 1139              		.syntax unified
 1140              		.thumb
 1141              		.thumb_func
 1143              	vStreamBufferDelete:
 1144              	.LVL96:
 1145              	.LFB6:
 360:Middlewares/Third_Party/FreeRTOS/Source/stream_buffer.c **** StreamBuffer_t * pxStreamBuffer = xStreamBuffer;
 1146              		.loc 1 360 1 is_stmt 1 view -0
 1147              		.cfi_startproc
 1148              		@ args = 0, pretend = 0, frame = 0
 1149              		@ frame_needed = 0, uses_anonymous_args = 0
 360:Middlewares/Third_Party/FreeRTOS/Source/stream_buffer.c **** StreamBuffer_t * pxStreamBuffer = xStreamBuffer;
 1150              		.loc 1 360 1 is_stmt 0 view .LVU321
 1151 0000 08B5     		push	{r3, lr}
 1152              		.cfi_def_cfa_offset 8
 1153              		.cfi_offset 3, -8
 1154              		.cfi_offset 14, -4
 361:Middlewares/Third_Party/FreeRTOS/Source/stream_buffer.c **** 
 1155              		.loc 1 361 1 is_stmt 1 view .LVU322
 1156              	.LVL97:
 363:Middlewares/Third_Party/FreeRTOS/Source/stream_buffer.c **** 
 1157              		.loc 1 363 2 view .LVU323
 1158 0002 30B1     		cbz	r0, .L78
 363:Middlewares/Third_Party/FreeRTOS/Source/stream_buffer.c **** 
 1159              		.loc 1 363 32 view .LVU324
 365:Middlewares/Third_Party/FreeRTOS/Source/stream_buffer.c **** 
 1160              		.loc 1 365 44 view .LVU325
 367:Middlewares/Third_Party/FreeRTOS/Source/stream_buffer.c **** 	{
 1161              		.loc 1 367 2 view .LVU326
 367:Middlewares/Third_Party/FreeRTOS/Source/stream_buffer.c **** 	{
 1162              		.loc 1 367 22 is_stmt 0 view .LVU327
 1163 0004 027F     		ldrb	r2, [r0, #28]	@ zero_extendqisi2
 367:Middlewares/Third_Party/FreeRTOS/Source/stream_buffer.c **** 	{
 1164              		.loc 1 367 4 view .LVU328
 1165 0006 12F0020F 		tst	r2, #2
 1166 000a 0BD1     		bne	.L75
 373:Middlewares/Third_Party/FreeRTOS/Source/stream_buffer.c **** 		}
ARM GAS  C:\Users\jason\AppData\Local\Temp\ccFJFDwG.s 			page 51


 1167              		.loc 1 373 4 is_stmt 1 view .LVU329
 1168 000c FFF7FEFF 		bl	vPortFree
 1169              	.LVL98:
 1170              	.L72:
 389:Middlewares/Third_Party/FreeRTOS/Source/stream_buffer.c **** /*-----------------------------------------------------------*/
 1171              		.loc 1 389 1 is_stmt 0 view .LVU330
 1172 0010 08BD     		pop	{r3, pc}
 1173              	.LVL99:
 1174              	.L78:
 363:Middlewares/Third_Party/FreeRTOS/Source/stream_buffer.c **** 
 1175              		.loc 1 363 2 is_stmt 1 discriminator 1 view .LVU331
 1176              	.LBB126:
 1177              	.LBI126:
 191:Middlewares/Third_Party/FreeRTOS/Source/portable/GCC/ARM_CM4F/portmacro.h **** {
 1178              		.loc 2 191 30 view .LVU332
 1179              	.LBB127:
 193:Middlewares/Third_Party/FreeRTOS/Source/portable/GCC/ARM_CM4F/portmacro.h **** 
 1180              		.loc 2 193 1 view .LVU333
 1181              		.loc 2 195 2 view .LVU334
 1182              		.syntax unified
 1183              	@ 195 "Middlewares/Third_Party/FreeRTOS/Source/portable/GCC/ARM_CM4F/portmacro.h" 1
 1184 0012 4FF05003 			mov r3, #80												
 1185 0016 83F31188 		msr basepri, r3											
 1186 001a BFF36F8F 		isb														
 1187 001e BFF34F8F 		dsb														
 1188              	
 1189              	@ 0 "" 2
 1190              		.thumb
 1191              		.syntax unified
 1192              	.L74:
 1193              	.LBE127:
 1194              	.LBE126:
 363:Middlewares/Third_Party/FreeRTOS/Source/stream_buffer.c **** 
 1195              		.loc 1 363 2 view .LVU335
 1196 0022 FEE7     		b	.L74
 1197              	.L75:
 387:Middlewares/Third_Party/FreeRTOS/Source/stream_buffer.c **** 	}
 1198              		.loc 1 387 3 view .LVU336
 387:Middlewares/Third_Party/FreeRTOS/Source/stream_buffer.c **** 	}
 1199              		.loc 1 387 12 is_stmt 0 view .LVU337
 1200 0024 2422     		movs	r2, #36
 1201 0026 0021     		movs	r1, #0
 1202 0028 FFF7FEFF 		bl	memset
 1203              	.LVL100:
 389:Middlewares/Third_Party/FreeRTOS/Source/stream_buffer.c **** /*-----------------------------------------------------------*/
 1204              		.loc 1 389 1 view .LVU338
 1205 002c F0E7     		b	.L72
 1206              		.cfi_endproc
 1207              	.LFE6:
 1209              		.section	.text.xStreamBufferReset,"ax",%progbits
 1210              		.align	1
 1211              		.global	xStreamBufferReset
 1212              		.syntax unified
 1213              		.thumb
 1214              		.thumb_func
 1216              	xStreamBufferReset:
 1217              	.LVL101:
ARM GAS  C:\Users\jason\AppData\Local\Temp\ccFJFDwG.s 			page 52


 1218              	.LFB7:
 393:Middlewares/Third_Party/FreeRTOS/Source/stream_buffer.c **** StreamBuffer_t * const pxStreamBuffer = xStreamBuffer;
 1219              		.loc 1 393 1 is_stmt 1 view -0
 1220              		.cfi_startproc
 1221              		@ args = 0, pretend = 0, frame = 0
 1222              		@ frame_needed = 0, uses_anonymous_args = 0
 394:Middlewares/Third_Party/FreeRTOS/Source/stream_buffer.c **** BaseType_t xReturn = pdFAIL;
 1223              		.loc 1 394 1 view .LVU340
 395:Middlewares/Third_Party/FreeRTOS/Source/stream_buffer.c **** 
 1224              		.loc 1 395 1 view .LVU341
 398:Middlewares/Third_Party/FreeRTOS/Source/stream_buffer.c **** #endif
 1225              		.loc 1 398 2 view .LVU342
 401:Middlewares/Third_Party/FreeRTOS/Source/stream_buffer.c **** 
 1226              		.loc 1 401 2 view .LVU343
 1227 0000 70B1     		cbz	r0, .L87
 393:Middlewares/Third_Party/FreeRTOS/Source/stream_buffer.c **** StreamBuffer_t * const pxStreamBuffer = xStreamBuffer;
 1228              		.loc 1 393 1 is_stmt 0 view .LVU344
 1229 0002 30B5     		push	{r4, r5, lr}
 1230              		.cfi_def_cfa_offset 12
 1231              		.cfi_offset 4, -12
 1232              		.cfi_offset 5, -8
 1233              		.cfi_offset 14, -4
 1234 0004 83B0     		sub	sp, sp, #12
 1235              		.cfi_def_cfa_offset 24
 1236 0006 0446     		mov	r4, r0
 401:Middlewares/Third_Party/FreeRTOS/Source/stream_buffer.c **** 
 1237              		.loc 1 401 32 is_stmt 1 view .LVU345
 407:Middlewares/Third_Party/FreeRTOS/Source/stream_buffer.c **** 	}
 1238              		.loc 1 407 3 view .LVU346
 407:Middlewares/Third_Party/FreeRTOS/Source/stream_buffer.c **** 	}
 1239              		.loc 1 407 24 is_stmt 0 view .LVU347
 1240 0008 036A     		ldr	r3, [r0, #32]
 1241 000a 1D46     		mov	r5, r3
 1242              	.LVL102:
 412:Middlewares/Third_Party/FreeRTOS/Source/stream_buffer.c **** 	{
 1243              		.loc 1 412 2 is_stmt 1 view .LVU348
 1244 000c FFF7FEFF 		bl	vPortEnterCritical
 1245              	.LVL103:
 414:Middlewares/Third_Party/FreeRTOS/Source/stream_buffer.c **** 		{
 1246              		.loc 1 414 3 view .LVU349
 414:Middlewares/Third_Party/FreeRTOS/Source/stream_buffer.c **** 		{
 1247              		.loc 1 414 21 is_stmt 0 view .LVU350
 1248 0010 2369     		ldr	r3, [r4, #16]
 414:Middlewares/Third_Party/FreeRTOS/Source/stream_buffer.c **** 		{
 1249              		.loc 1 414 5 view .LVU351
 1250 0012 73B1     		cbz	r3, .L88
 395:Middlewares/Third_Party/FreeRTOS/Source/stream_buffer.c **** 
 1251              		.loc 1 395 12 view .LVU352
 1252 0014 0024     		movs	r4, #0
 1253              	.LVL104:
 1254              	.L82:
 431:Middlewares/Third_Party/FreeRTOS/Source/stream_buffer.c **** 			}
 1255              		.loc 1 431 46 is_stmt 1 view .LVU353
 435:Middlewares/Third_Party/FreeRTOS/Source/stream_buffer.c **** 
 1256              		.loc 1 435 2 view .LVU354
 1257 0016 FFF7FEFF 		bl	vPortExitCritical
 1258              	.LVL105:
ARM GAS  C:\Users\jason\AppData\Local\Temp\ccFJFDwG.s 			page 53


 437:Middlewares/Third_Party/FreeRTOS/Source/stream_buffer.c **** }
 1259              		.loc 1 437 2 view .LVU355
 438:Middlewares/Third_Party/FreeRTOS/Source/stream_buffer.c **** /*-----------------------------------------------------------*/
 1260              		.loc 1 438 1 is_stmt 0 view .LVU356
 1261 001a 2046     		mov	r0, r4
 1262 001c 03B0     		add	sp, sp, #12
 1263              		.cfi_def_cfa_offset 12
 1264              		@ sp needed
 1265 001e 30BD     		pop	{r4, r5, pc}
 1266              	.LVL106:
 1267              	.L87:
 1268              		.cfi_def_cfa_offset 0
 1269              		.cfi_restore 4
 1270              		.cfi_restore 5
 1271              		.cfi_restore 14
 401:Middlewares/Third_Party/FreeRTOS/Source/stream_buffer.c **** 
 1272              		.loc 1 401 2 is_stmt 1 discriminator 1 view .LVU357
 1273              	.LBB128:
 1274              	.LBI128:
 191:Middlewares/Third_Party/FreeRTOS/Source/portable/GCC/ARM_CM4F/portmacro.h **** {
 1275              		.loc 2 191 30 view .LVU358
 1276              	.LBB129:
 193:Middlewares/Third_Party/FreeRTOS/Source/portable/GCC/ARM_CM4F/portmacro.h **** 
 1277              		.loc 2 193 1 view .LVU359
 1278              		.loc 2 195 2 view .LVU360
 1279              		.syntax unified
 1280              	@ 195 "Middlewares/Third_Party/FreeRTOS/Source/portable/GCC/ARM_CM4F/portmacro.h" 1
 1281 0020 4FF05003 			mov r3, #80												
 1282 0024 83F31188 		msr basepri, r3											
 1283 0028 BFF36F8F 		isb														
 1284 002c BFF34F8F 		dsb														
 1285              	
 1286              	@ 0 "" 2
 1287              		.thumb
 1288              		.syntax unified
 1289              	.L81:
 1290              	.LBE129:
 1291              	.LBE128:
 401:Middlewares/Third_Party/FreeRTOS/Source/stream_buffer.c **** 
 1292              		.loc 1 401 2 view .LVU361
 1293 0030 FEE7     		b	.L81
 1294              	.LVL107:
 1295              	.L88:
 1296              		.cfi_def_cfa_offset 24
 1297              		.cfi_offset 4, -12
 1298              		.cfi_offset 5, -8
 1299              		.cfi_offset 14, -4
 416:Middlewares/Third_Party/FreeRTOS/Source/stream_buffer.c **** 			{
 1300              		.loc 1 416 4 view .LVU362
 416:Middlewares/Third_Party/FreeRTOS/Source/stream_buffer.c **** 			{
 1301              		.loc 1 416 22 is_stmt 0 view .LVU363
 1302 0032 6369     		ldr	r3, [r4, #20]
 416:Middlewares/Third_Party/FreeRTOS/Source/stream_buffer.c **** 			{
 1303              		.loc 1 416 6 view .LVU364
 1304 0034 0BB1     		cbz	r3, .L89
 395:Middlewares/Third_Party/FreeRTOS/Source/stream_buffer.c **** 
 1305              		.loc 1 395 12 view .LVU365
ARM GAS  C:\Users\jason\AppData\Local\Temp\ccFJFDwG.s 			page 54


 1306 0036 0024     		movs	r4, #0
 1307              	.LVL108:
 395:Middlewares/Third_Party/FreeRTOS/Source/stream_buffer.c **** 
 1308              		.loc 1 395 12 view .LVU366
 1309 0038 EDE7     		b	.L82
 1310              	.LVL109:
 1311              	.L89:
 418:Middlewares/Third_Party/FreeRTOS/Source/stream_buffer.c **** 											  pxStreamBuffer->pucBuffer,
 1312              		.loc 1 418 5 is_stmt 1 view .LVU367
 1313 003a 237F     		ldrb	r3, [r4, #28]	@ zero_extendqisi2
 1314 003c 0093     		str	r3, [sp]
 1315 003e E368     		ldr	r3, [r4, #12]
 1316 0040 A268     		ldr	r2, [r4, #8]
 1317 0042 A169     		ldr	r1, [r4, #24]
 1318 0044 2046     		mov	r0, r4
 1319 0046 FFF7FEFF 		bl	prvInitialiseNewStreamBuffer
 1320              	.LVL110:
 423:Middlewares/Third_Party/FreeRTOS/Source/stream_buffer.c **** 
 1321              		.loc 1 423 5 view .LVU368
 427:Middlewares/Third_Party/FreeRTOS/Source/stream_buffer.c **** 				}
 1322              		.loc 1 427 6 view .LVU369
 427:Middlewares/Third_Party/FreeRTOS/Source/stream_buffer.c **** 				}
 1323              		.loc 1 427 43 is_stmt 0 view .LVU370
 1324 004a 2562     		str	r5, [r4, #32]
 423:Middlewares/Third_Party/FreeRTOS/Source/stream_buffer.c **** 
 1325              		.loc 1 423 13 view .LVU371
 1326 004c 0124     		movs	r4, #1
 1327              	.LVL111:
 423:Middlewares/Third_Party/FreeRTOS/Source/stream_buffer.c **** 
 1328              		.loc 1 423 13 view .LVU372
 1329 004e E2E7     		b	.L82
 1330              		.cfi_endproc
 1331              	.LFE7:
 1333              		.section	.text.xStreamBufferSetTriggerLevel,"ax",%progbits
 1334              		.align	1
 1335              		.global	xStreamBufferSetTriggerLevel
 1336              		.syntax unified
 1337              		.thumb
 1338              		.thumb_func
 1340              	xStreamBufferSetTriggerLevel:
 1341              	.LVL112:
 1342              	.LFB8:
 442:Middlewares/Third_Party/FreeRTOS/Source/stream_buffer.c **** StreamBuffer_t * const pxStreamBuffer = xStreamBuffer;
 1343              		.loc 1 442 1 is_stmt 1 view -0
 1344              		.cfi_startproc
 1345              		@ args = 0, pretend = 0, frame = 0
 1346              		@ frame_needed = 0, uses_anonymous_args = 0
 1347              		@ link register save eliminated.
 443:Middlewares/Third_Party/FreeRTOS/Source/stream_buffer.c **** BaseType_t xReturn;
 1348              		.loc 1 443 1 view .LVU374
 444:Middlewares/Third_Party/FreeRTOS/Source/stream_buffer.c **** 
 1349              		.loc 1 444 1 view .LVU375
 446:Middlewares/Third_Party/FreeRTOS/Source/stream_buffer.c **** 
 1350              		.loc 1 446 2 view .LVU376
 1351 0000 0346     		mov	r3, r0
 1352 0002 38B1     		cbz	r0, .L97
 446:Middlewares/Third_Party/FreeRTOS/Source/stream_buffer.c **** 
ARM GAS  C:\Users\jason\AppData\Local\Temp\ccFJFDwG.s 			page 55


 1353              		.loc 1 446 32 view .LVU377
 449:Middlewares/Third_Party/FreeRTOS/Source/stream_buffer.c **** 	{
 1354              		.loc 1 449 2 view .LVU378
 449:Middlewares/Third_Party/FreeRTOS/Source/stream_buffer.c **** 	{
 1355              		.loc 1 449 4 is_stmt 0 view .LVU379
 1356 0004 01B9     		cbnz	r1, .L93
 451:Middlewares/Third_Party/FreeRTOS/Source/stream_buffer.c **** 	}
 1357              		.loc 1 451 17 view .LVU380
 1358 0006 0121     		movs	r1, #1
 1359              	.LVL113:
 1360              	.L93:
 456:Middlewares/Third_Party/FreeRTOS/Source/stream_buffer.c **** 	{
 1361              		.loc 1 456 2 is_stmt 1 view .LVU381
 456:Middlewares/Third_Party/FreeRTOS/Source/stream_buffer.c **** 	{
 1362              		.loc 1 456 37 is_stmt 0 view .LVU382
 1363 0008 9A68     		ldr	r2, [r3, #8]
 456:Middlewares/Third_Party/FreeRTOS/Source/stream_buffer.c **** 	{
 1364              		.loc 1 456 4 view .LVU383
 1365 000a 8A42     		cmp	r2, r1
 1366 000c 0BD3     		bcc	.L96
 458:Middlewares/Third_Party/FreeRTOS/Source/stream_buffer.c **** 		xReturn = pdPASS;
 1367              		.loc 1 458 3 is_stmt 1 view .LVU384
 458:Middlewares/Third_Party/FreeRTOS/Source/stream_buffer.c **** 		xReturn = pdPASS;
 1368              		.loc 1 458 38 is_stmt 0 view .LVU385
 1369 000e D960     		str	r1, [r3, #12]
 459:Middlewares/Third_Party/FreeRTOS/Source/stream_buffer.c **** 	}
 1370              		.loc 1 459 3 is_stmt 1 view .LVU386
 1371              	.LVL114:
 459:Middlewares/Third_Party/FreeRTOS/Source/stream_buffer.c **** 	}
 1372              		.loc 1 459 11 is_stmt 0 view .LVU387
 1373 0010 0120     		movs	r0, #1
 1374              	.LVL115:
 459:Middlewares/Third_Party/FreeRTOS/Source/stream_buffer.c **** 	}
 1375              		.loc 1 459 11 view .LVU388
 1376 0012 7047     		bx	lr
 1377              	.LVL116:
 1378              	.L97:
 446:Middlewares/Third_Party/FreeRTOS/Source/stream_buffer.c **** 
 1379              		.loc 1 446 2 is_stmt 1 discriminator 1 view .LVU389
 1380              	.LBB130:
 1381              	.LBI130:
 191:Middlewares/Third_Party/FreeRTOS/Source/portable/GCC/ARM_CM4F/portmacro.h **** {
 1382              		.loc 2 191 30 view .LVU390
 1383              	.LBB131:
 193:Middlewares/Third_Party/FreeRTOS/Source/portable/GCC/ARM_CM4F/portmacro.h **** 
 1384              		.loc 2 193 1 view .LVU391
 1385              		.loc 2 195 2 view .LVU392
 1386              		.syntax unified
 1387              	@ 195 "Middlewares/Third_Party/FreeRTOS/Source/portable/GCC/ARM_CM4F/portmacro.h" 1
 1388 0014 4FF05003 			mov r3, #80												
 1389 0018 83F31188 		msr basepri, r3											
 1390 001c BFF36F8F 		isb														
 1391 0020 BFF34F8F 		dsb														
 1392              	
 1393              	@ 0 "" 2
 1394              		.thumb
 1395              		.syntax unified
ARM GAS  C:\Users\jason\AppData\Local\Temp\ccFJFDwG.s 			page 56


 1396              	.L92:
 1397              	.LBE131:
 1398              	.LBE130:
 446:Middlewares/Third_Party/FreeRTOS/Source/stream_buffer.c **** 
 1399              		.loc 1 446 2 view .LVU393
 1400 0024 FEE7     		b	.L92
 1401              	.L96:
 463:Middlewares/Third_Party/FreeRTOS/Source/stream_buffer.c **** 	}
 1402              		.loc 1 463 11 is_stmt 0 view .LVU394
 1403 0026 0020     		movs	r0, #0
 1404              	.LVL117:
 466:Middlewares/Third_Party/FreeRTOS/Source/stream_buffer.c **** }
 1405              		.loc 1 466 2 is_stmt 1 view .LVU395
 467:Middlewares/Third_Party/FreeRTOS/Source/stream_buffer.c **** /*-----------------------------------------------------------*/
 1406              		.loc 1 467 1 is_stmt 0 view .LVU396
 1407 0028 7047     		bx	lr
 1408              		.cfi_endproc
 1409              	.LFE8:
 1411              		.section	.text.xStreamBufferSpacesAvailable,"ax",%progbits
 1412              		.align	1
 1413              		.global	xStreamBufferSpacesAvailable
 1414              		.syntax unified
 1415              		.thumb
 1416              		.thumb_func
 1418              	xStreamBufferSpacesAvailable:
 1419              	.LVL118:
 1420              	.LFB9:
 471:Middlewares/Third_Party/FreeRTOS/Source/stream_buffer.c **** const StreamBuffer_t * const pxStreamBuffer = xStreamBuffer;
 1421              		.loc 1 471 1 is_stmt 1 view -0
 1422              		.cfi_startproc
 1423              		@ args = 0, pretend = 0, frame = 0
 1424              		@ frame_needed = 0, uses_anonymous_args = 0
 1425              		@ link register save eliminated.
 472:Middlewares/Third_Party/FreeRTOS/Source/stream_buffer.c **** size_t xSpace;
 1426              		.loc 1 472 1 view .LVU398
 473:Middlewares/Third_Party/FreeRTOS/Source/stream_buffer.c **** 
 1427              		.loc 1 473 1 view .LVU399
 475:Middlewares/Third_Party/FreeRTOS/Source/stream_buffer.c **** 
 1428              		.loc 1 475 2 view .LVU400
 1429 0000 0346     		mov	r3, r0
 1430 0002 48B1     		cbz	r0, .L102
 475:Middlewares/Third_Party/FreeRTOS/Source/stream_buffer.c **** 
 1431              		.loc 1 475 32 view .LVU401
 477:Middlewares/Third_Party/FreeRTOS/Source/stream_buffer.c **** 	xSpace -= pxStreamBuffer->xHead;
 1432              		.loc 1 477 2 view .LVU402
 477:Middlewares/Third_Party/FreeRTOS/Source/stream_buffer.c **** 	xSpace -= pxStreamBuffer->xHead;
 1433              		.loc 1 477 25 is_stmt 0 view .LVU403
 1434 0004 8268     		ldr	r2, [r0, #8]
 477:Middlewares/Third_Party/FreeRTOS/Source/stream_buffer.c **** 	xSpace -= pxStreamBuffer->xHead;
 1435              		.loc 1 477 51 view .LVU404
 1436 0006 0068     		ldr	r0, [r0]
 1437              	.LVL119:
 477:Middlewares/Third_Party/FreeRTOS/Source/stream_buffer.c **** 	xSpace -= pxStreamBuffer->xHead;
 1438              		.loc 1 477 9 view .LVU405
 1439 0008 1044     		add	r0, r0, r2
 1440              	.LVL120:
 478:Middlewares/Third_Party/FreeRTOS/Source/stream_buffer.c **** 	xSpace -= ( size_t ) 1;
ARM GAS  C:\Users\jason\AppData\Local\Temp\ccFJFDwG.s 			page 57


 1441              		.loc 1 478 2 is_stmt 1 view .LVU406
 478:Middlewares/Third_Party/FreeRTOS/Source/stream_buffer.c **** 	xSpace -= ( size_t ) 1;
 1442              		.loc 1 478 26 is_stmt 0 view .LVU407
 1443 000a 5B68     		ldr	r3, [r3, #4]
 1444              	.LVL121:
 478:Middlewares/Third_Party/FreeRTOS/Source/stream_buffer.c **** 	xSpace -= ( size_t ) 1;
 1445              		.loc 1 478 9 view .LVU408
 1446 000c C01A     		subs	r0, r0, r3
 1447              	.LVL122:
 479:Middlewares/Third_Party/FreeRTOS/Source/stream_buffer.c **** 
 1448              		.loc 1 479 2 is_stmt 1 view .LVU409
 479:Middlewares/Third_Party/FreeRTOS/Source/stream_buffer.c **** 
 1449              		.loc 1 479 9 is_stmt 0 view .LVU410
 1450 000e 0138     		subs	r0, r0, #1
 1451              	.LVL123:
 481:Middlewares/Third_Party/FreeRTOS/Source/stream_buffer.c **** 	{
 1452              		.loc 1 481 2 is_stmt 1 view .LVU411
 481:Middlewares/Third_Party/FreeRTOS/Source/stream_buffer.c **** 	{
 1453              		.loc 1 481 4 is_stmt 0 view .LVU412
 1454 0010 8242     		cmp	r2, r0
 1455 0012 00D8     		bhi	.L98
 483:Middlewares/Third_Party/FreeRTOS/Source/stream_buffer.c **** 	}
 1456              		.loc 1 483 3 is_stmt 1 view .LVU413
 483:Middlewares/Third_Party/FreeRTOS/Source/stream_buffer.c **** 	}
 1457              		.loc 1 483 10 is_stmt 0 view .LVU414
 1458 0014 801A     		subs	r0, r0, r2
 1459              	.LVL124:
 487:Middlewares/Third_Party/FreeRTOS/Source/stream_buffer.c **** 	}
 1460              		.loc 1 487 27 is_stmt 1 view .LVU415
 490:Middlewares/Third_Party/FreeRTOS/Source/stream_buffer.c **** }
 1461              		.loc 1 490 2 view .LVU416
 1462              	.L98:
 491:Middlewares/Third_Party/FreeRTOS/Source/stream_buffer.c **** /*-----------------------------------------------------------*/
 1463              		.loc 1 491 1 is_stmt 0 view .LVU417
 1464 0016 7047     		bx	lr
 1465              	.LVL125:
 1466              	.L102:
 475:Middlewares/Third_Party/FreeRTOS/Source/stream_buffer.c **** 
 1467              		.loc 1 475 2 is_stmt 1 discriminator 1 view .LVU418
 1468              	.LBB132:
 1469              	.LBI132:
 191:Middlewares/Third_Party/FreeRTOS/Source/portable/GCC/ARM_CM4F/portmacro.h **** {
 1470              		.loc 2 191 30 view .LVU419
 1471              	.LBB133:
 193:Middlewares/Third_Party/FreeRTOS/Source/portable/GCC/ARM_CM4F/portmacro.h **** 
 1472              		.loc 2 193 1 view .LVU420
 1473              		.loc 2 195 2 view .LVU421
 1474              		.syntax unified
 1475              	@ 195 "Middlewares/Third_Party/FreeRTOS/Source/portable/GCC/ARM_CM4F/portmacro.h" 1
 1476 0018 4FF05003 			mov r3, #80												
 1477 001c 83F31188 		msr basepri, r3											
 1478 0020 BFF36F8F 		isb														
 1479 0024 BFF34F8F 		dsb														
 1480              	
 1481              	@ 0 "" 2
 1482              		.thumb
 1483              		.syntax unified
ARM GAS  C:\Users\jason\AppData\Local\Temp\ccFJFDwG.s 			page 58


 1484              	.L100:
 1485              	.LBE133:
 1486              	.LBE132:
 475:Middlewares/Third_Party/FreeRTOS/Source/stream_buffer.c **** 
 1487              		.loc 1 475 2 view .LVU422
 1488 0028 FEE7     		b	.L100
 1489              		.cfi_endproc
 1490              	.LFE9:
 1492              		.section	.text.xStreamBufferBytesAvailable,"ax",%progbits
 1493              		.align	1
 1494              		.global	xStreamBufferBytesAvailable
 1495              		.syntax unified
 1496              		.thumb
 1497              		.thumb_func
 1499              	xStreamBufferBytesAvailable:
 1500              	.LVL126:
 1501              	.LFB10:
 495:Middlewares/Third_Party/FreeRTOS/Source/stream_buffer.c **** const StreamBuffer_t * const pxStreamBuffer = xStreamBuffer;
 1502              		.loc 1 495 1 view -0
 1503              		.cfi_startproc
 1504              		@ args = 0, pretend = 0, frame = 0
 1505              		@ frame_needed = 0, uses_anonymous_args = 0
 495:Middlewares/Third_Party/FreeRTOS/Source/stream_buffer.c **** const StreamBuffer_t * const pxStreamBuffer = xStreamBuffer;
 1506              		.loc 1 495 1 is_stmt 0 view .LVU424
 1507 0000 08B5     		push	{r3, lr}
 1508              		.cfi_def_cfa_offset 8
 1509              		.cfi_offset 3, -8
 1510              		.cfi_offset 14, -4
 496:Middlewares/Third_Party/FreeRTOS/Source/stream_buffer.c **** size_t xReturn;
 1511              		.loc 1 496 1 is_stmt 1 view .LVU425
 1512              	.LVL127:
 497:Middlewares/Third_Party/FreeRTOS/Source/stream_buffer.c **** 
 1513              		.loc 1 497 1 view .LVU426
 499:Middlewares/Third_Party/FreeRTOS/Source/stream_buffer.c **** 
 1514              		.loc 1 499 2 view .LVU427
 1515 0002 10B1     		cbz	r0, .L107
 499:Middlewares/Third_Party/FreeRTOS/Source/stream_buffer.c **** 
 1516              		.loc 1 499 32 view .LVU428
 501:Middlewares/Third_Party/FreeRTOS/Source/stream_buffer.c **** 	return xReturn;
 1517              		.loc 1 501 2 view .LVU429
 501:Middlewares/Third_Party/FreeRTOS/Source/stream_buffer.c **** 	return xReturn;
 1518              		.loc 1 501 12 is_stmt 0 view .LVU430
 1519 0004 FFF7FEFF 		bl	prvBytesInBuffer
 1520              	.LVL128:
 502:Middlewares/Third_Party/FreeRTOS/Source/stream_buffer.c **** }
 1521              		.loc 1 502 2 is_stmt 1 view .LVU431
 503:Middlewares/Third_Party/FreeRTOS/Source/stream_buffer.c **** /*-----------------------------------------------------------*/
 1522              		.loc 1 503 1 is_stmt 0 view .LVU432
 1523 0008 08BD     		pop	{r3, pc}
 1524              	.LVL129:
 1525              	.L107:
 499:Middlewares/Third_Party/FreeRTOS/Source/stream_buffer.c **** 
 1526              		.loc 1 499 2 is_stmt 1 discriminator 1 view .LVU433
 1527              	.LBB134:
 1528              	.LBI134:
 191:Middlewares/Third_Party/FreeRTOS/Source/portable/GCC/ARM_CM4F/portmacro.h **** {
 1529              		.loc 2 191 30 view .LVU434
ARM GAS  C:\Users\jason\AppData\Local\Temp\ccFJFDwG.s 			page 59


 1530              	.LBB135:
 193:Middlewares/Third_Party/FreeRTOS/Source/portable/GCC/ARM_CM4F/portmacro.h **** 
 1531              		.loc 2 193 1 view .LVU435
 1532              		.loc 2 195 2 view .LVU436
 1533              		.syntax unified
 1534              	@ 195 "Middlewares/Third_Party/FreeRTOS/Source/portable/GCC/ARM_CM4F/portmacro.h" 1
 1535 000a 4FF05003 			mov r3, #80												
 1536 000e 83F31188 		msr basepri, r3											
 1537 0012 BFF36F8F 		isb														
 1538 0016 BFF34F8F 		dsb														
 1539              	
 1540              	@ 0 "" 2
 1541              		.thumb
 1542              		.syntax unified
 1543              	.L105:
 1544              	.LBE135:
 1545              	.LBE134:
 499:Middlewares/Third_Party/FreeRTOS/Source/stream_buffer.c **** 
 1546              		.loc 1 499 2 view .LVU437
 1547 001a FEE7     		b	.L105
 1548              		.cfi_endproc
 1549              	.LFE10:
 1551              		.section	.text.xStreamBufferSend,"ax",%progbits
 1552              		.align	1
 1553              		.global	xStreamBufferSend
 1554              		.syntax unified
 1555              		.thumb
 1556              		.thumb_func
 1558              	xStreamBufferSend:
 1559              	.LVL130:
 1560              	.LFB11:
 510:Middlewares/Third_Party/FreeRTOS/Source/stream_buffer.c **** StreamBuffer_t * const pxStreamBuffer = xStreamBuffer;
 1561              		.loc 1 510 1 view -0
 1562              		.cfi_startproc
 1563              		@ args = 0, pretend = 0, frame = 16
 1564              		@ frame_needed = 0, uses_anonymous_args = 0
 510:Middlewares/Third_Party/FreeRTOS/Source/stream_buffer.c **** StreamBuffer_t * const pxStreamBuffer = xStreamBuffer;
 1565              		.loc 1 510 1 is_stmt 0 view .LVU439
 1566 0000 2DE9F041 		push	{r4, r5, r6, r7, r8, lr}
 1567              		.cfi_def_cfa_offset 24
 1568              		.cfi_offset 4, -24
 1569              		.cfi_offset 5, -20
 1570              		.cfi_offset 6, -16
 1571              		.cfi_offset 7, -12
 1572              		.cfi_offset 8, -8
 1573              		.cfi_offset 14, -4
 1574 0004 86B0     		sub	sp, sp, #24
 1575              		.cfi_def_cfa_offset 48
 1576 0006 0393     		str	r3, [sp, #12]
 511:Middlewares/Third_Party/FreeRTOS/Source/stream_buffer.c **** size_t xReturn, xSpace = 0;
 1577              		.loc 1 511 1 is_stmt 1 view .LVU440
 1578              	.LVL131:
 512:Middlewares/Third_Party/FreeRTOS/Source/stream_buffer.c **** size_t xRequiredSpace = xDataLengthBytes;
 1579              		.loc 1 512 1 view .LVU441
 513:Middlewares/Third_Party/FreeRTOS/Source/stream_buffer.c **** TimeOut_t xTimeOut;
 1580              		.loc 1 513 1 view .LVU442
 514:Middlewares/Third_Party/FreeRTOS/Source/stream_buffer.c **** 
ARM GAS  C:\Users\jason\AppData\Local\Temp\ccFJFDwG.s 			page 60


 1581              		.loc 1 514 1 view .LVU443
 516:Middlewares/Third_Party/FreeRTOS/Source/stream_buffer.c **** 	configASSERT( pxStreamBuffer );
 1582              		.loc 1 516 2 view .LVU444
 1583 0008 99B1     		cbz	r1, .L126
 1584 000a 0446     		mov	r4, r0
 1585 000c 1746     		mov	r7, r2
 1586 000e 8846     		mov	r8, r1
 516:Middlewares/Third_Party/FreeRTOS/Source/stream_buffer.c **** 	configASSERT( pxStreamBuffer );
 1587              		.loc 1 516 26 view .LVU445
 517:Middlewares/Third_Party/FreeRTOS/Source/stream_buffer.c **** 
 1588              		.loc 1 517 2 view .LVU446
 1589 0010 C0B1     		cbz	r0, .L127
 517:Middlewares/Third_Party/FreeRTOS/Source/stream_buffer.c **** 
 1590              		.loc 1 517 32 view .LVU447
 523:Middlewares/Third_Party/FreeRTOS/Source/stream_buffer.c **** 	{
 1591              		.loc 1 523 2 view .LVU448
 523:Middlewares/Third_Party/FreeRTOS/Source/stream_buffer.c **** 	{
 1592              		.loc 1 523 22 is_stmt 0 view .LVU449
 1593 0012 037F     		ldrb	r3, [r0, #28]	@ zero_extendqisi2
 1594              	.LVL132:
 523:Middlewares/Third_Party/FreeRTOS/Source/stream_buffer.c **** 	{
 1595              		.loc 1 523 4 view .LVU450
 1596 0014 13F0010F 		tst	r3, #1
 1597 0018 1DD0     		beq	.L124
 525:Middlewares/Third_Party/FreeRTOS/Source/stream_buffer.c **** 
 1598              		.loc 1 525 3 is_stmt 1 view .LVU451
 525:Middlewares/Third_Party/FreeRTOS/Source/stream_buffer.c **** 
 1599              		.loc 1 525 18 is_stmt 0 view .LVU452
 1600 001a 161D     		adds	r6, r2, #4
 1601              	.LVL133:
 528:Middlewares/Third_Party/FreeRTOS/Source/stream_buffer.c **** 	}
 1602              		.loc 1 528 3 is_stmt 1 view .LVU453
 1603 001c B242     		cmp	r2, r6
 1604 001e 1BD3     		bcc	.L113
 528:Middlewares/Third_Party/FreeRTOS/Source/stream_buffer.c **** 	}
 1605              		.loc 1 528 3 discriminator 1 view .LVU454
 1606              	.LBB136:
 1607              	.LBI136:
 191:Middlewares/Third_Party/FreeRTOS/Source/portable/GCC/ARM_CM4F/portmacro.h **** {
 1608              		.loc 2 191 30 view .LVU455
 1609              	.LBB137:
 193:Middlewares/Third_Party/FreeRTOS/Source/portable/GCC/ARM_CM4F/portmacro.h **** 
 1610              		.loc 2 193 1 view .LVU456
 1611              		.loc 2 195 2 view .LVU457
 1612              		.syntax unified
 1613              	@ 195 "Middlewares/Third_Party/FreeRTOS/Source/portable/GCC/ARM_CM4F/portmacro.h" 1
 1614 0020 4FF05003 			mov r3, #80												
 1615 0024 83F31188 		msr basepri, r3											
 1616 0028 BFF36F8F 		isb														
 1617 002c BFF34F8F 		dsb														
 1618              	
 1619              	@ 0 "" 2
 1620              		.thumb
 1621              		.syntax unified
 1622              	.L114:
 1623              	.LBE137:
 1624              	.LBE136:
ARM GAS  C:\Users\jason\AppData\Local\Temp\ccFJFDwG.s 			page 61


 528:Middlewares/Third_Party/FreeRTOS/Source/stream_buffer.c **** 	}
 1625              		.loc 1 528 3 view .LVU458
 1626 0030 FEE7     		b	.L114
 1627              	.LVL134:
 1628              	.L126:
 516:Middlewares/Third_Party/FreeRTOS/Source/stream_buffer.c **** 	configASSERT( pxStreamBuffer );
 1629              		.loc 1 516 2 discriminator 1 view .LVU459
 1630              	.LBB138:
 1631              	.LBI138:
 191:Middlewares/Third_Party/FreeRTOS/Source/portable/GCC/ARM_CM4F/portmacro.h **** {
 1632              		.loc 2 191 30 view .LVU460
 1633              	.LBB139:
 193:Middlewares/Third_Party/FreeRTOS/Source/portable/GCC/ARM_CM4F/portmacro.h **** 
 1634              		.loc 2 193 1 view .LVU461
 1635              		.loc 2 195 2 view .LVU462
 1636              		.syntax unified
 1637              	@ 195 "Middlewares/Third_Party/FreeRTOS/Source/portable/GCC/ARM_CM4F/portmacro.h" 1
 1638 0032 4FF05003 			mov r3, #80												
 1639 0036 83F31188 		msr basepri, r3											
 1640 003a BFF36F8F 		isb														
 1641 003e BFF34F8F 		dsb														
 1642              	
 1643              	@ 0 "" 2
 1644              	.LVL135:
 1645              		.thumb
 1646              		.syntax unified
 1647              	.L110:
 1648              		.loc 2 195 2 is_stmt 0 view .LVU463
 1649              	.LBE139:
 1650              	.LBE138:
 516:Middlewares/Third_Party/FreeRTOS/Source/stream_buffer.c **** 	configASSERT( pxStreamBuffer );
 1651              		.loc 1 516 2 is_stmt 1 view .LVU464
 1652 0042 FEE7     		b	.L110
 1653              	.LVL136:
 1654              	.L127:
 517:Middlewares/Third_Party/FreeRTOS/Source/stream_buffer.c **** 
 1655              		.loc 1 517 2 discriminator 1 view .LVU465
 1656              	.LBB140:
 1657              	.LBI140:
 191:Middlewares/Third_Party/FreeRTOS/Source/portable/GCC/ARM_CM4F/portmacro.h **** {
 1658              		.loc 2 191 30 view .LVU466
 1659              	.LBB141:
 193:Middlewares/Third_Party/FreeRTOS/Source/portable/GCC/ARM_CM4F/portmacro.h **** 
 1660              		.loc 2 193 1 view .LVU467
 1661              		.loc 2 195 2 view .LVU468
 1662              		.syntax unified
 1663              	@ 195 "Middlewares/Third_Party/FreeRTOS/Source/portable/GCC/ARM_CM4F/portmacro.h" 1
 1664 0044 4FF05003 			mov r3, #80												
 1665 0048 83F31188 		msr basepri, r3											
 1666 004c BFF36F8F 		isb														
 1667 0050 BFF34F8F 		dsb														
 1668              	
 1669              	@ 0 "" 2
 1670              	.LVL137:
 1671              		.thumb
 1672              		.syntax unified
 1673              	.L112:
ARM GAS  C:\Users\jason\AppData\Local\Temp\ccFJFDwG.s 			page 62


 1674              		.loc 2 195 2 is_stmt 0 view .LVU469
 1675              	.LBE141:
 1676              	.LBE140:
 517:Middlewares/Third_Party/FreeRTOS/Source/stream_buffer.c **** 
 1677              		.loc 1 517 2 is_stmt 1 view .LVU470
 1678 0054 FEE7     		b	.L112
 1679              	.L124:
 513:Middlewares/Third_Party/FreeRTOS/Source/stream_buffer.c **** TimeOut_t xTimeOut;
 1680              		.loc 1 513 8 is_stmt 0 view .LVU471
 1681 0056 1646     		mov	r6, r2
 1682              	.LVL138:
 1683              	.L113:
 532:Middlewares/Third_Party/FreeRTOS/Source/stream_buffer.c **** 	}
 1684              		.loc 1 532 27 is_stmt 1 view .LVU472
 535:Middlewares/Third_Party/FreeRTOS/Source/stream_buffer.c **** 	{
 1685              		.loc 1 535 2 view .LVU473
 535:Middlewares/Third_Party/FreeRTOS/Source/stream_buffer.c **** 	{
 1686              		.loc 1 535 19 is_stmt 0 view .LVU474
 1687 0058 039B     		ldr	r3, [sp, #12]
 535:Middlewares/Third_Party/FreeRTOS/Source/stream_buffer.c **** 	{
 1688              		.loc 1 535 4 view .LVU475
 1689 005a 7BB3     		cbz	r3, .L115
 537:Middlewares/Third_Party/FreeRTOS/Source/stream_buffer.c **** 
 1690              		.loc 1 537 3 is_stmt 1 view .LVU476
 1691 005c 04A8     		add	r0, sp, #16
 1692              	.LVL139:
 537:Middlewares/Third_Party/FreeRTOS/Source/stream_buffer.c **** 
 1693              		.loc 1 537 3 is_stmt 0 view .LVU477
 1694 005e FFF7FEFF 		bl	vTaskSetTimeOutState
 1695              	.LVL140:
 1696              	.L119:
 539:Middlewares/Third_Party/FreeRTOS/Source/stream_buffer.c **** 		{
 1697              		.loc 1 539 3 is_stmt 1 view .LVU478
 543:Middlewares/Third_Party/FreeRTOS/Source/stream_buffer.c **** 			{
 1698              		.loc 1 543 4 view .LVU479
 1699 0062 FFF7FEFF 		bl	vPortEnterCritical
 1700              	.LVL141:
 545:Middlewares/Third_Party/FreeRTOS/Source/stream_buffer.c **** 
 1701              		.loc 1 545 5 view .LVU480
 545:Middlewares/Third_Party/FreeRTOS/Source/stream_buffer.c **** 
 1702              		.loc 1 545 14 is_stmt 0 view .LVU481
 1703 0066 2046     		mov	r0, r4
 1704 0068 FFF7FEFF 		bl	xStreamBufferSpacesAvailable
 1705              	.LVL142:
 1706 006c 0546     		mov	r5, r0
 1707              	.LVL143:
 547:Middlewares/Third_Party/FreeRTOS/Source/stream_buffer.c **** 				{
 1708              		.loc 1 547 5 is_stmt 1 view .LVU482
 547:Middlewares/Third_Party/FreeRTOS/Source/stream_buffer.c **** 				{
 1709              		.loc 1 547 7 is_stmt 0 view .LVU483
 1710 006e 8642     		cmp	r6, r0
 1711 0070 21D9     		bls	.L116
 550:Middlewares/Third_Party/FreeRTOS/Source/stream_buffer.c **** 
 1712              		.loc 1 550 6 is_stmt 1 view .LVU484
 550:Middlewares/Third_Party/FreeRTOS/Source/stream_buffer.c **** 
 1713              		.loc 1 550 15 is_stmt 0 view .LVU485
 1714 0072 0020     		movs	r0, #0
ARM GAS  C:\Users\jason\AppData\Local\Temp\ccFJFDwG.s 			page 63


 1715              	.LVL144:
 550:Middlewares/Third_Party/FreeRTOS/Source/stream_buffer.c **** 
 1716              		.loc 1 550 15 view .LVU486
 1717 0074 FFF7FEFF 		bl	xTaskNotifyStateClear
 1718              	.LVL145:
 553:Middlewares/Third_Party/FreeRTOS/Source/stream_buffer.c **** 					pxStreamBuffer->xTaskWaitingToSend = xTaskGetCurrentTaskHandle();
 1719              		.loc 1 553 6 is_stmt 1 view .LVU487
 1720 0078 6369     		ldr	r3, [r4, #20]
 1721 007a 9BB9     		cbnz	r3, .L128
 553:Middlewares/Third_Party/FreeRTOS/Source/stream_buffer.c **** 					pxStreamBuffer->xTaskWaitingToSend = xTaskGetCurrentTaskHandle();
 1722              		.loc 1 553 64 view .LVU488
 554:Middlewares/Third_Party/FreeRTOS/Source/stream_buffer.c **** 				}
 1723              		.loc 1 554 6 view .LVU489
 554:Middlewares/Third_Party/FreeRTOS/Source/stream_buffer.c **** 				}
 1724              		.loc 1 554 43 is_stmt 0 view .LVU490
 1725 007c FFF7FEFF 		bl	xTaskGetCurrentTaskHandle
 1726              	.LVL146:
 554:Middlewares/Third_Party/FreeRTOS/Source/stream_buffer.c **** 				}
 1727              		.loc 1 554 41 discriminator 1 view .LVU491
 1728 0080 6061     		str	r0, [r4, #20]
 562:Middlewares/Third_Party/FreeRTOS/Source/stream_buffer.c **** 
 1729              		.loc 1 562 4 is_stmt 1 view .LVU492
 1730 0082 FFF7FEFF 		bl	vPortExitCritical
 1731              	.LVL147:
 564:Middlewares/Third_Party/FreeRTOS/Source/stream_buffer.c **** 			( void ) xTaskNotifyWait( ( uint32_t ) 0, ( uint32_t ) 0, NULL, xTicksToWait );
 1732              		.loc 1 564 56 view .LVU493
 565:Middlewares/Third_Party/FreeRTOS/Source/stream_buffer.c **** 			pxStreamBuffer->xTaskWaitingToSend = NULL;
 1733              		.loc 1 565 4 view .LVU494
 565:Middlewares/Third_Party/FreeRTOS/Source/stream_buffer.c **** 			pxStreamBuffer->xTaskWaitingToSend = NULL;
 1734              		.loc 1 565 13 is_stmt 0 view .LVU495
 1735 0086 039B     		ldr	r3, [sp, #12]
 1736 0088 0022     		movs	r2, #0
 1737 008a 1146     		mov	r1, r2
 1738 008c 1046     		mov	r0, r2
 1739 008e FFF7FEFF 		bl	xTaskNotifyWait
 1740              	.LVL148:
 566:Middlewares/Third_Party/FreeRTOS/Source/stream_buffer.c **** 
 1741              		.loc 1 566 4 is_stmt 1 view .LVU496
 566:Middlewares/Third_Party/FreeRTOS/Source/stream_buffer.c **** 
 1742              		.loc 1 566 39 is_stmt 0 view .LVU497
 1743 0092 0023     		movs	r3, #0
 1744 0094 6361     		str	r3, [r4, #20]
 568:Middlewares/Third_Party/FreeRTOS/Source/stream_buffer.c **** 	}
 1745              		.loc 1 568 61 is_stmt 1 view .LVU498
 568:Middlewares/Third_Party/FreeRTOS/Source/stream_buffer.c **** 	}
 1746              		.loc 1 568 12 is_stmt 0 view .LVU499
 1747 0096 03A9     		add	r1, sp, #12
 1748 0098 04A8     		add	r0, sp, #16
 1749 009a FFF7FEFF 		bl	xTaskCheckForTimeOut
 1750              	.LVL149:
 568:Middlewares/Third_Party/FreeRTOS/Source/stream_buffer.c **** 	}
 1751              		.loc 1 568 61 discriminator 1 view .LVU500
 1752 009e 0028     		cmp	r0, #0
 1753 00a0 DFD0     		beq	.L119
 1754 00a2 0AE0     		b	.L120
 1755              	.L128:
 553:Middlewares/Third_Party/FreeRTOS/Source/stream_buffer.c **** 					pxStreamBuffer->xTaskWaitingToSend = xTaskGetCurrentTaskHandle();
ARM GAS  C:\Users\jason\AppData\Local\Temp\ccFJFDwG.s 			page 64


 1756              		.loc 1 553 6 is_stmt 1 discriminator 1 view .LVU501
 1757              	.LBB142:
 1758              	.LBI142:
 191:Middlewares/Third_Party/FreeRTOS/Source/portable/GCC/ARM_CM4F/portmacro.h **** {
 1759              		.loc 2 191 30 view .LVU502
 1760              	.LBB143:
 193:Middlewares/Third_Party/FreeRTOS/Source/portable/GCC/ARM_CM4F/portmacro.h **** 
 1761              		.loc 2 193 1 view .LVU503
 1762              		.loc 2 195 2 view .LVU504
 1763              		.syntax unified
 1764              	@ 195 "Middlewares/Third_Party/FreeRTOS/Source/portable/GCC/ARM_CM4F/portmacro.h" 1
 1765 00a4 4FF05003 			mov r3, #80												
 1766 00a8 83F31188 		msr basepri, r3											
 1767 00ac BFF36F8F 		isb														
 1768 00b0 BFF34F8F 		dsb														
 1769              	
 1770              	@ 0 "" 2
 1771              		.thumb
 1772              		.syntax unified
 1773              	.L118:
 1774              	.LBE143:
 1775              	.LBE142:
 553:Middlewares/Third_Party/FreeRTOS/Source/stream_buffer.c **** 					pxStreamBuffer->xTaskWaitingToSend = xTaskGetCurrentTaskHandle();
 1776              		.loc 1 553 6 view .LVU505
 1777 00b4 FEE7     		b	.L118
 1778              	.LVL150:
 1779              	.L116:
 558:Middlewares/Third_Party/FreeRTOS/Source/stream_buffer.c **** 					break;
 1780              		.loc 1 558 6 view .LVU506
 1781 00b6 FFF7FEFF 		bl	vPortExitCritical
 1782              	.LVL151:
 559:Middlewares/Third_Party/FreeRTOS/Source/stream_buffer.c **** 				}
 1783              		.loc 1 559 6 view .LVU507
 1784              	.L120:
 572:Middlewares/Third_Party/FreeRTOS/Source/stream_buffer.c **** 	}
 1785              		.loc 1 572 27 view .LVU508
 575:Middlewares/Third_Party/FreeRTOS/Source/stream_buffer.c **** 	{
 1786              		.loc 1 575 2 view .LVU509
 575:Middlewares/Third_Party/FreeRTOS/Source/stream_buffer.c **** 	{
 1787              		.loc 1 575 4 is_stmt 0 view .LVU510
 1788 00ba 1DB9     		cbnz	r5, .L121
 1789              	.LVL152:
 1790              	.L115:
 577:Middlewares/Third_Party/FreeRTOS/Source/stream_buffer.c **** 	}
 1791              		.loc 1 577 3 is_stmt 1 view .LVU511
 577:Middlewares/Third_Party/FreeRTOS/Source/stream_buffer.c **** 	}
 1792              		.loc 1 577 12 is_stmt 0 view .LVU512
 1793 00bc 2046     		mov	r0, r4
 1794 00be FFF7FEFF 		bl	xStreamBufferSpacesAvailable
 1795              	.LVL153:
 1796 00c2 0546     		mov	r5, r0
 1797              	.L121:
 1798              	.LVL154:
 581:Middlewares/Third_Party/FreeRTOS/Source/stream_buffer.c **** 	}
 1799              		.loc 1 581 27 is_stmt 1 view .LVU513
 584:Middlewares/Third_Party/FreeRTOS/Source/stream_buffer.c **** 
 1800              		.loc 1 584 2 view .LVU514
ARM GAS  C:\Users\jason\AppData\Local\Temp\ccFJFDwG.s 			page 65


 584:Middlewares/Third_Party/FreeRTOS/Source/stream_buffer.c **** 
 1801              		.loc 1 584 12 is_stmt 0 view .LVU515
 1802 00c4 0096     		str	r6, [sp]
 1803 00c6 2B46     		mov	r3, r5
 1804 00c8 3A46     		mov	r2, r7
 1805 00ca 4146     		mov	r1, r8
 1806 00cc 2046     		mov	r0, r4
 1807 00ce FFF7FEFF 		bl	prvWriteMessageToBuffer
 1808              	.LVL155:
 586:Middlewares/Third_Party/FreeRTOS/Source/stream_buffer.c **** 	{
 1809              		.loc 1 586 2 is_stmt 1 view .LVU516
 586:Middlewares/Third_Party/FreeRTOS/Source/stream_buffer.c **** 	{
 1810              		.loc 1 586 4 is_stmt 0 view .LVU517
 1811 00d2 0546     		mov	r5, r0
 1812              	.LVL156:
 586:Middlewares/Third_Party/FreeRTOS/Source/stream_buffer.c **** 	{
 1813              		.loc 1 586 4 view .LVU518
 1814 00d4 18B9     		cbnz	r0, .L129
 1815              	.LVL157:
 1816              	.L108:
 607:Middlewares/Third_Party/FreeRTOS/Source/stream_buffer.c **** /*-----------------------------------------------------------*/
 1817              		.loc 1 607 1 view .LVU519
 1818 00d6 2846     		mov	r0, r5
 1819 00d8 06B0     		add	sp, sp, #24
 1820              		.cfi_remember_state
 1821              		.cfi_def_cfa_offset 24
 1822              		@ sp needed
 1823 00da BDE8F081 		pop	{r4, r5, r6, r7, r8, pc}
 1824              	.LVL158:
 1825              	.L129:
 1826              		.cfi_restore_state
 588:Middlewares/Third_Party/FreeRTOS/Source/stream_buffer.c **** 
 1827              		.loc 1 588 52 is_stmt 1 view .LVU520
 591:Middlewares/Third_Party/FreeRTOS/Source/stream_buffer.c **** 		{
 1828              		.loc 1 591 3 view .LVU521
 591:Middlewares/Third_Party/FreeRTOS/Source/stream_buffer.c **** 		{
 1829              		.loc 1 591 7 is_stmt 0 view .LVU522
 1830 00de 2046     		mov	r0, r4
 1831              	.LVL159:
 591:Middlewares/Third_Party/FreeRTOS/Source/stream_buffer.c **** 		{
 1832              		.loc 1 591 7 view .LVU523
 1833 00e0 FFF7FEFF 		bl	prvBytesInBuffer
 1834              	.LVL160:
 591:Middlewares/Third_Party/FreeRTOS/Source/stream_buffer.c **** 		{
 1835              		.loc 1 591 59 discriminator 1 view .LVU524
 1836 00e4 E368     		ldr	r3, [r4, #12]
 591:Middlewares/Third_Party/FreeRTOS/Source/stream_buffer.c **** 		{
 1837              		.loc 1 591 5 discriminator 1 view .LVU525
 1838 00e6 9842     		cmp	r0, r3
 1839 00e8 F5D3     		bcc	.L108
 593:Middlewares/Third_Party/FreeRTOS/Source/stream_buffer.c **** 		}
 1840              		.loc 1 593 4 is_stmt 1 view .LVU526
 1841 00ea FFF7FEFF 		bl	vTaskSuspendAll
 1842              	.LVL161:
 593:Middlewares/Third_Party/FreeRTOS/Source/stream_buffer.c **** 		}
 1843              		.loc 1 593 4 discriminator 1 view .LVU527
 1844 00ee 2369     		ldr	r3, [r4, #16]
ARM GAS  C:\Users\jason\AppData\Local\Temp\ccFJFDwG.s 			page 66


 1845 00f0 3BB1     		cbz	r3, .L123
 593:Middlewares/Third_Party/FreeRTOS/Source/stream_buffer.c **** 		}
 1846              		.loc 1 593 4 discriminator 2 view .LVU528
 1847 00f2 2069     		ldr	r0, [r4, #16]
 1848 00f4 0023     		movs	r3, #0
 1849 00f6 1A46     		mov	r2, r3
 1850 00f8 1946     		mov	r1, r3
 1851 00fa FFF7FEFF 		bl	xTaskGenericNotify
 1852              	.LVL162:
 593:Middlewares/Third_Party/FreeRTOS/Source/stream_buffer.c **** 		}
 1853              		.loc 1 593 4 discriminator 4 view .LVU529
 1854 00fe 0023     		movs	r3, #0
 1855 0100 2361     		str	r3, [r4, #16]
 1856              	.L123:
 593:Middlewares/Third_Party/FreeRTOS/Source/stream_buffer.c **** 		}
 1857              		.loc 1 593 4 discriminator 5 view .LVU530
 1858 0102 FFF7FEFF 		bl	xTaskResumeAll
 1859              	.LVL163:
 593:Middlewares/Third_Party/FreeRTOS/Source/stream_buffer.c **** 		}
 1860              		.loc 1 593 38 discriminator 6 view .LVU531
 602:Middlewares/Third_Party/FreeRTOS/Source/stream_buffer.c **** 		traceSTREAM_BUFFER_SEND_FAILED( xStreamBuffer );
 1861              		.loc 1 602 27 view .LVU532
 603:Middlewares/Third_Party/FreeRTOS/Source/stream_buffer.c **** 	}
 1862              		.loc 1 603 50 view .LVU533
 606:Middlewares/Third_Party/FreeRTOS/Source/stream_buffer.c **** }
 1863              		.loc 1 606 2 view .LVU534
 606:Middlewares/Third_Party/FreeRTOS/Source/stream_buffer.c **** }
 1864              		.loc 1 606 9 is_stmt 0 view .LVU535
 1865 0106 E6E7     		b	.L108
 1866              		.cfi_endproc
 1867              	.LFE11:
 1869              		.section	.text.xStreamBufferSendFromISR,"ax",%progbits
 1870              		.align	1
 1871              		.global	xStreamBufferSendFromISR
 1872              		.syntax unified
 1873              		.thumb
 1874              		.thumb_func
 1876              	xStreamBufferSendFromISR:
 1877              	.LVL164:
 1878              	.LFB12:
 614:Middlewares/Third_Party/FreeRTOS/Source/stream_buffer.c **** StreamBuffer_t * const pxStreamBuffer = xStreamBuffer;
 1879              		.loc 1 614 1 is_stmt 1 view -0
 1880              		.cfi_startproc
 1881              		@ args = 0, pretend = 0, frame = 0
 1882              		@ frame_needed = 0, uses_anonymous_args = 0
 615:Middlewares/Third_Party/FreeRTOS/Source/stream_buffer.c **** size_t xReturn, xSpace;
 1883              		.loc 1 615 1 view .LVU537
 616:Middlewares/Third_Party/FreeRTOS/Source/stream_buffer.c **** size_t xRequiredSpace = xDataLengthBytes;
 1884              		.loc 1 616 1 view .LVU538
 617:Middlewares/Third_Party/FreeRTOS/Source/stream_buffer.c **** 
 1885              		.loc 1 617 1 view .LVU539
 619:Middlewares/Third_Party/FreeRTOS/Source/stream_buffer.c **** 	configASSERT( pxStreamBuffer );
 1886              		.loc 1 619 2 view .LVU540
 1887 0000 F9B1     		cbz	r1, .L141
 614:Middlewares/Third_Party/FreeRTOS/Source/stream_buffer.c **** StreamBuffer_t * const pxStreamBuffer = xStreamBuffer;
 1888              		.loc 1 614 1 is_stmt 0 view .LVU541
 1889 0002 2DE9F041 		push	{r4, r5, r6, r7, r8, lr}
ARM GAS  C:\Users\jason\AppData\Local\Temp\ccFJFDwG.s 			page 67


 1890              		.cfi_def_cfa_offset 24
 1891              		.cfi_offset 4, -24
 1892              		.cfi_offset 5, -20
 1893              		.cfi_offset 6, -16
 1894              		.cfi_offset 7, -12
 1895              		.cfi_offset 8, -8
 1896              		.cfi_offset 14, -4
 1897 0006 82B0     		sub	sp, sp, #8
 1898              		.cfi_def_cfa_offset 32
 1899 0008 0446     		mov	r4, r0
 1900 000a 1546     		mov	r5, r2
 1901 000c 1F46     		mov	r7, r3
 1902 000e 0E46     		mov	r6, r1
 619:Middlewares/Third_Party/FreeRTOS/Source/stream_buffer.c **** 	configASSERT( pxStreamBuffer );
 1903              		.loc 1 619 26 is_stmt 1 view .LVU542
 620:Middlewares/Third_Party/FreeRTOS/Source/stream_buffer.c **** 
 1904              		.loc 1 620 2 view .LVU543
 1905 0010 00B3     		cbz	r0, .L142
 620:Middlewares/Third_Party/FreeRTOS/Source/stream_buffer.c **** 
 1906              		.loc 1 620 32 view .LVU544
 626:Middlewares/Third_Party/FreeRTOS/Source/stream_buffer.c **** 	{
 1907              		.loc 1 626 2 view .LVU545
 626:Middlewares/Third_Party/FreeRTOS/Source/stream_buffer.c **** 	{
 1908              		.loc 1 626 22 is_stmt 0 view .LVU546
 1909 0012 037F     		ldrb	r3, [r0, #28]	@ zero_extendqisi2
 1910              	.LVL165:
 626:Middlewares/Third_Party/FreeRTOS/Source/stream_buffer.c **** 	{
 1911              		.loc 1 626 4 view .LVU547
 1912 0014 13F0010F 		tst	r3, #1
 1913 0018 25D0     		beq	.L138
 628:Middlewares/Third_Party/FreeRTOS/Source/stream_buffer.c **** 	}
 1914              		.loc 1 628 3 is_stmt 1 view .LVU548
 628:Middlewares/Third_Party/FreeRTOS/Source/stream_buffer.c **** 	}
 1915              		.loc 1 628 18 is_stmt 0 view .LVU549
 1916 001a 1346     		mov	r3, r2
 1917 001c 0433     		adds	r3, r3, #4
 1918 001e 9846     		mov	r8, r3
 1919              	.LVL166:
 1920              	.L135:
 632:Middlewares/Third_Party/FreeRTOS/Source/stream_buffer.c **** 	}
 1921              		.loc 1 632 27 is_stmt 1 view .LVU550
 635:Middlewares/Third_Party/FreeRTOS/Source/stream_buffer.c **** 	xReturn = prvWriteMessageToBuffer( pxStreamBuffer, pvTxData, xDataLengthBytes, xSpace, xRequiredSp
 1922              		.loc 1 635 2 view .LVU551
 635:Middlewares/Third_Party/FreeRTOS/Source/stream_buffer.c **** 	xReturn = prvWriteMessageToBuffer( pxStreamBuffer, pvTxData, xDataLengthBytes, xSpace, xRequiredSp
 1923              		.loc 1 635 11 is_stmt 0 view .LVU552
 1924 0020 2046     		mov	r0, r4
 1925              	.LVL167:
 635:Middlewares/Third_Party/FreeRTOS/Source/stream_buffer.c **** 	xReturn = prvWriteMessageToBuffer( pxStreamBuffer, pvTxData, xDataLengthBytes, xSpace, xRequiredSp
 1926              		.loc 1 635 11 view .LVU553
 1927 0022 FFF7FEFF 		bl	xStreamBufferSpacesAvailable
 1928              	.LVL168:
 635:Middlewares/Third_Party/FreeRTOS/Source/stream_buffer.c **** 	xReturn = prvWriteMessageToBuffer( pxStreamBuffer, pvTxData, xDataLengthBytes, xSpace, xRequiredSp
 1929              		.loc 1 635 11 view .LVU554
 1930 0026 0346     		mov	r3, r0
 1931              	.LVL169:
 636:Middlewares/Third_Party/FreeRTOS/Source/stream_buffer.c **** 
 1932              		.loc 1 636 2 is_stmt 1 view .LVU555
ARM GAS  C:\Users\jason\AppData\Local\Temp\ccFJFDwG.s 			page 68


 636:Middlewares/Third_Party/FreeRTOS/Source/stream_buffer.c **** 
 1933              		.loc 1 636 12 is_stmt 0 view .LVU556
 1934 0028 CDF80080 		str	r8, [sp]
 1935 002c 2A46     		mov	r2, r5
 1936 002e 3146     		mov	r1, r6
 1937 0030 2046     		mov	r0, r4
 1938              	.LVL170:
 636:Middlewares/Third_Party/FreeRTOS/Source/stream_buffer.c **** 
 1939              		.loc 1 636 12 view .LVU557
 1940 0032 FFF7FEFF 		bl	prvWriteMessageToBuffer
 1941              	.LVL171:
 638:Middlewares/Third_Party/FreeRTOS/Source/stream_buffer.c **** 	{
 1942              		.loc 1 638 2 is_stmt 1 view .LVU558
 638:Middlewares/Third_Party/FreeRTOS/Source/stream_buffer.c **** 	{
 1943              		.loc 1 638 4 is_stmt 0 view .LVU559
 1944 0036 0546     		mov	r5, r0
 1945              	.LVL172:
 638:Middlewares/Third_Party/FreeRTOS/Source/stream_buffer.c **** 	{
 1946              		.loc 1 638 4 view .LVU560
 1947 0038 B8B9     		cbnz	r0, .L143
 1948              	.LVL173:
 1949              	.L130:
 658:Middlewares/Third_Party/FreeRTOS/Source/stream_buffer.c **** /*-----------------------------------------------------------*/
 1950              		.loc 1 658 1 view .LVU561
 1951 003a 2846     		mov	r0, r5
 1952 003c 02B0     		add	sp, sp, #8
 1953              		.cfi_def_cfa_offset 24
 1954              		@ sp needed
 1955 003e BDE8F081 		pop	{r4, r5, r6, r7, r8, pc}
 1956              	.LVL174:
 1957              	.L141:
 1958              		.cfi_def_cfa_offset 0
 1959              		.cfi_restore 4
 1960              		.cfi_restore 5
 1961              		.cfi_restore 6
 1962              		.cfi_restore 7
 1963              		.cfi_restore 8
 1964              		.cfi_restore 14
 619:Middlewares/Third_Party/FreeRTOS/Source/stream_buffer.c **** 	configASSERT( pxStreamBuffer );
 1965              		.loc 1 619 2 is_stmt 1 discriminator 1 view .LVU562
 1966              	.LBB144:
 1967              	.LBI144:
 191:Middlewares/Third_Party/FreeRTOS/Source/portable/GCC/ARM_CM4F/portmacro.h **** {
 1968              		.loc 2 191 30 view .LVU563
 1969              	.LBB145:
 193:Middlewares/Third_Party/FreeRTOS/Source/portable/GCC/ARM_CM4F/portmacro.h **** 
 1970              		.loc 2 193 1 view .LVU564
 1971              		.loc 2 195 2 view .LVU565
 1972              		.syntax unified
 1973              	@ 195 "Middlewares/Third_Party/FreeRTOS/Source/portable/GCC/ARM_CM4F/portmacro.h" 1
 1974 0042 4FF05003 			mov r3, #80												
 1975 0046 83F31188 		msr basepri, r3											
 1976 004a BFF36F8F 		isb														
 1977 004e BFF34F8F 		dsb														
 1978              	
 1979              	@ 0 "" 2
 1980              	.LVL175:
ARM GAS  C:\Users\jason\AppData\Local\Temp\ccFJFDwG.s 			page 69


 1981              		.thumb
 1982              		.syntax unified
 1983              	.L132:
 1984              		.loc 2 195 2 is_stmt 0 view .LVU566
 1985              	.LBE145:
 1986              	.LBE144:
 619:Middlewares/Third_Party/FreeRTOS/Source/stream_buffer.c **** 	configASSERT( pxStreamBuffer );
 1987              		.loc 1 619 2 is_stmt 1 view .LVU567
 1988 0052 FEE7     		b	.L132
 1989              	.LVL176:
 1990              	.L142:
 1991              		.cfi_def_cfa_offset 32
 1992              		.cfi_offset 4, -24
 1993              		.cfi_offset 5, -20
 1994              		.cfi_offset 6, -16
 1995              		.cfi_offset 7, -12
 1996              		.cfi_offset 8, -8
 1997              		.cfi_offset 14, -4
 620:Middlewares/Third_Party/FreeRTOS/Source/stream_buffer.c **** 
 1998              		.loc 1 620 2 discriminator 1 view .LVU568
 1999              	.LBB146:
 2000              	.LBI146:
 191:Middlewares/Third_Party/FreeRTOS/Source/portable/GCC/ARM_CM4F/portmacro.h **** {
 2001              		.loc 2 191 30 view .LVU569
 2002              	.LBB147:
 193:Middlewares/Third_Party/FreeRTOS/Source/portable/GCC/ARM_CM4F/portmacro.h **** 
 2003              		.loc 2 193 1 view .LVU570
 2004              		.loc 2 195 2 view .LVU571
 2005              		.syntax unified
 2006              	@ 195 "Middlewares/Third_Party/FreeRTOS/Source/portable/GCC/ARM_CM4F/portmacro.h" 1
 2007 0054 4FF05003 			mov r3, #80												
 2008 0058 83F31188 		msr basepri, r3											
 2009 005c BFF36F8F 		isb														
 2010 0060 BFF34F8F 		dsb														
 2011              	
 2012              	@ 0 "" 2
 2013              	.LVL177:
 2014              		.thumb
 2015              		.syntax unified
 2016              	.L134:
 2017              		.loc 2 195 2 is_stmt 0 view .LVU572
 2018              	.LBE147:
 2019              	.LBE146:
 620:Middlewares/Third_Party/FreeRTOS/Source/stream_buffer.c **** 
 2020              		.loc 1 620 2 is_stmt 1 view .LVU573
 2021 0064 FEE7     		b	.L134
 2022              	.L138:
 617:Middlewares/Third_Party/FreeRTOS/Source/stream_buffer.c **** 
 2023              		.loc 1 617 8 is_stmt 0 view .LVU574
 2024 0066 9046     		mov	r8, r2
 2025 0068 DAE7     		b	.L135
 2026              	.LVL178:
 2027              	.L143:
 641:Middlewares/Third_Party/FreeRTOS/Source/stream_buffer.c **** 		{
 2028              		.loc 1 641 3 is_stmt 1 view .LVU575
 641:Middlewares/Third_Party/FreeRTOS/Source/stream_buffer.c **** 		{
 2029              		.loc 1 641 7 is_stmt 0 view .LVU576
ARM GAS  C:\Users\jason\AppData\Local\Temp\ccFJFDwG.s 			page 70


 2030 006a 2046     		mov	r0, r4
 2031              	.LVL179:
 641:Middlewares/Third_Party/FreeRTOS/Source/stream_buffer.c **** 		{
 2032              		.loc 1 641 7 view .LVU577
 2033 006c FFF7FEFF 		bl	prvBytesInBuffer
 2034              	.LVL180:
 641:Middlewares/Third_Party/FreeRTOS/Source/stream_buffer.c **** 		{
 2035              		.loc 1 641 59 discriminator 1 view .LVU578
 2036 0070 E368     		ldr	r3, [r4, #12]
 641:Middlewares/Third_Party/FreeRTOS/Source/stream_buffer.c **** 		{
 2037              		.loc 1 641 5 discriminator 1 view .LVU579
 2038 0072 9842     		cmp	r0, r3
 2039 0074 E1D3     		bcc	.L130
 2040              	.LBB148:
 643:Middlewares/Third_Party/FreeRTOS/Source/stream_buffer.c **** 		}
 2041              		.loc 1 643 4 is_stmt 1 view .LVU580
 643:Middlewares/Third_Party/FreeRTOS/Source/stream_buffer.c **** 		}
 2042              		.loc 1 643 4 view .LVU581
 2043              	.LBB149:
 2044              	.LBI149:
 196:Middlewares/Third_Party/FreeRTOS/Source/portable/GCC/ARM_CM4F/portmacro.h **** 	(
 197:Middlewares/Third_Party/FreeRTOS/Source/portable/GCC/ARM_CM4F/portmacro.h **** 		"	mov %0, %1												\n"	\
 198:Middlewares/Third_Party/FreeRTOS/Source/portable/GCC/ARM_CM4F/portmacro.h **** 		"	msr basepri, %0											\n" \
 199:Middlewares/Third_Party/FreeRTOS/Source/portable/GCC/ARM_CM4F/portmacro.h **** 		"	isb														\n" \
 200:Middlewares/Third_Party/FreeRTOS/Source/portable/GCC/ARM_CM4F/portmacro.h **** 		"	dsb														\n" \
 201:Middlewares/Third_Party/FreeRTOS/Source/portable/GCC/ARM_CM4F/portmacro.h **** 		:"=r" (ulNewBASEPRI) : "i" ( configMAX_SYSCALL_INTERRUPT_PRIORITY ) : "memory"
 202:Middlewares/Third_Party/FreeRTOS/Source/portable/GCC/ARM_CM4F/portmacro.h **** 	);
 203:Middlewares/Third_Party/FreeRTOS/Source/portable/GCC/ARM_CM4F/portmacro.h **** }
 204:Middlewares/Third_Party/FreeRTOS/Source/portable/GCC/ARM_CM4F/portmacro.h **** 
 205:Middlewares/Third_Party/FreeRTOS/Source/portable/GCC/ARM_CM4F/portmacro.h **** /*-----------------------------------------------------------*/
 206:Middlewares/Third_Party/FreeRTOS/Source/portable/GCC/ARM_CM4F/portmacro.h **** 
 207:Middlewares/Third_Party/FreeRTOS/Source/portable/GCC/ARM_CM4F/portmacro.h **** portFORCE_INLINE static uint32_t ulPortRaiseBASEPRI( void )
 2045              		.loc 2 207 34 view .LVU582
 2046              	.LBB150:
 208:Middlewares/Third_Party/FreeRTOS/Source/portable/GCC/ARM_CM4F/portmacro.h **** {
 209:Middlewares/Third_Party/FreeRTOS/Source/portable/GCC/ARM_CM4F/portmacro.h **** uint32_t ulOriginalBASEPRI, ulNewBASEPRI;
 2047              		.loc 2 209 1 view .LVU583
 210:Middlewares/Third_Party/FreeRTOS/Source/portable/GCC/ARM_CM4F/portmacro.h **** 
 211:Middlewares/Third_Party/FreeRTOS/Source/portable/GCC/ARM_CM4F/portmacro.h **** 	__asm volatile
 2048              		.loc 2 211 2 view .LVU584
 2049              		.syntax unified
 2050              	@ 211 "Middlewares/Third_Party/FreeRTOS/Source/portable/GCC/ARM_CM4F/portmacro.h" 1
 2051 0076 EFF31183 			mrs r3, basepri											
 2052 007a 4FF05002 		mov r2, #80												
 2053 007e 82F31188 		msr basepri, r2											
 2054 0082 BFF36F8F 		isb														
 2055 0086 BFF34F8F 		dsb														
 2056              	
 2057              	@ 0 "" 2
 2058              		.thumb
 2059              		.syntax unified
 2060 008a 1E46     		mov	r6, r3
 2061              	.LVL181:
 212:Middlewares/Third_Party/FreeRTOS/Source/portable/GCC/ARM_CM4F/portmacro.h **** 	(
 213:Middlewares/Third_Party/FreeRTOS/Source/portable/GCC/ARM_CM4F/portmacro.h **** 		"	mrs %0, basepri											\n" \
 214:Middlewares/Third_Party/FreeRTOS/Source/portable/GCC/ARM_CM4F/portmacro.h **** 		"	mov %1, %2												\n"	\
 215:Middlewares/Third_Party/FreeRTOS/Source/portable/GCC/ARM_CM4F/portmacro.h **** 		"	msr basepri, %1											\n" \
ARM GAS  C:\Users\jason\AppData\Local\Temp\ccFJFDwG.s 			page 71


 216:Middlewares/Third_Party/FreeRTOS/Source/portable/GCC/ARM_CM4F/portmacro.h **** 		"	isb														\n" \
 217:Middlewares/Third_Party/FreeRTOS/Source/portable/GCC/ARM_CM4F/portmacro.h **** 		"	dsb														\n" \
 218:Middlewares/Third_Party/FreeRTOS/Source/portable/GCC/ARM_CM4F/portmacro.h **** 		:"=r" (ulOriginalBASEPRI), "=r" (ulNewBASEPRI) : "i" ( configMAX_SYSCALL_INTERRUPT_PRIORITY ) : "
 219:Middlewares/Third_Party/FreeRTOS/Source/portable/GCC/ARM_CM4F/portmacro.h **** 	);
 220:Middlewares/Third_Party/FreeRTOS/Source/portable/GCC/ARM_CM4F/portmacro.h **** 
 221:Middlewares/Third_Party/FreeRTOS/Source/portable/GCC/ARM_CM4F/portmacro.h **** 	/* This return will not be reached but is necessary to prevent compiler
 222:Middlewares/Third_Party/FreeRTOS/Source/portable/GCC/ARM_CM4F/portmacro.h **** 	warnings. */
 223:Middlewares/Third_Party/FreeRTOS/Source/portable/GCC/ARM_CM4F/portmacro.h **** 	return ulOriginalBASEPRI;
 2062              		.loc 2 223 2 view .LVU585
 2063              		.loc 2 223 2 is_stmt 0 view .LVU586
 2064              	.LBE150:
 2065              	.LBE149:
 643:Middlewares/Third_Party/FreeRTOS/Source/stream_buffer.c **** 		}
 2066              		.loc 1 643 4 is_stmt 1 discriminator 1 view .LVU587
 2067 008c 2369     		ldr	r3, [r4, #16]
 2068              	.LVL182:
 643:Middlewares/Third_Party/FreeRTOS/Source/stream_buffer.c **** 		}
 2069              		.loc 1 643 4 is_stmt 0 discriminator 1 view .LVU588
 2070 008e 43B1     		cbz	r3, .L137
 643:Middlewares/Third_Party/FreeRTOS/Source/stream_buffer.c **** 		}
 2071              		.loc 1 643 4 is_stmt 1 discriminator 2 view .LVU589
 2072 0090 2069     		ldr	r0, [r4, #16]
 2073 0092 0097     		str	r7, [sp]
 2074 0094 0023     		movs	r3, #0
 2075 0096 1A46     		mov	r2, r3
 2076 0098 1946     		mov	r1, r3
 2077 009a FFF7FEFF 		bl	xTaskGenericNotifyFromISR
 2078              	.LVL183:
 643:Middlewares/Third_Party/FreeRTOS/Source/stream_buffer.c **** 		}
 2079              		.loc 1 643 4 discriminator 4 view .LVU590
 2080 009e 0023     		movs	r3, #0
 2081 00a0 2361     		str	r3, [r4, #16]
 2082              	.L137:
 643:Middlewares/Third_Party/FreeRTOS/Source/stream_buffer.c **** 		}
 2083              		.loc 1 643 4 discriminator 5 view .LVU591
 2084              	.LBB151:
 2085              	.LBI151:
 224:Middlewares/Third_Party/FreeRTOS/Source/portable/GCC/ARM_CM4F/portmacro.h **** }
 225:Middlewares/Third_Party/FreeRTOS/Source/portable/GCC/ARM_CM4F/portmacro.h **** /*-----------------------------------------------------------*/
 226:Middlewares/Third_Party/FreeRTOS/Source/portable/GCC/ARM_CM4F/portmacro.h **** 
 227:Middlewares/Third_Party/FreeRTOS/Source/portable/GCC/ARM_CM4F/portmacro.h **** portFORCE_INLINE static void vPortSetBASEPRI( uint32_t ulNewMaskValue )
 2086              		.loc 2 227 30 view .LVU592
 2087              	.LBB152:
 228:Middlewares/Third_Party/FreeRTOS/Source/portable/GCC/ARM_CM4F/portmacro.h **** {
 229:Middlewares/Third_Party/FreeRTOS/Source/portable/GCC/ARM_CM4F/portmacro.h **** 	__asm volatile
 2088              		.loc 2 229 2 view .LVU593
 2089              		.syntax unified
 2090              	@ 229 "Middlewares/Third_Party/FreeRTOS/Source/portable/GCC/ARM_CM4F/portmacro.h" 1
 2091 00a2 86F31188 			msr basepri, r6	
 2092              	@ 0 "" 2
 2093              		.thumb
 2094              		.syntax unified
 2095              	.LBE152:
 2096              	.LBE151:
 2097              	.LBE148:
 643:Middlewares/Third_Party/FreeRTOS/Source/stream_buffer.c **** 		}
 2098              		.loc 1 643 73 discriminator 6 view .LVU594
ARM GAS  C:\Users\jason\AppData\Local\Temp\ccFJFDwG.s 			page 72


 652:Middlewares/Third_Party/FreeRTOS/Source/stream_buffer.c **** 	}
 2099              		.loc 1 652 27 view .LVU595
 655:Middlewares/Third_Party/FreeRTOS/Source/stream_buffer.c **** 
 2100              		.loc 1 655 60 view .LVU596
 657:Middlewares/Third_Party/FreeRTOS/Source/stream_buffer.c **** }
 2101              		.loc 1 657 2 view .LVU597
 657:Middlewares/Third_Party/FreeRTOS/Source/stream_buffer.c **** }
 2102              		.loc 1 657 9 is_stmt 0 view .LVU598
 2103 00a6 C8E7     		b	.L130
 2104              		.cfi_endproc
 2105              	.LFE12:
 2107              		.section	.text.xStreamBufferReceive,"ax",%progbits
 2108              		.align	1
 2109              		.global	xStreamBufferReceive
 2110              		.syntax unified
 2111              		.thumb
 2112              		.thumb_func
 2114              	xStreamBufferReceive:
 2115              	.LVL184:
 2116              	.LFB14:
 717:Middlewares/Third_Party/FreeRTOS/Source/stream_buffer.c **** StreamBuffer_t * const pxStreamBuffer = xStreamBuffer;
 2117              		.loc 1 717 1 is_stmt 1 view -0
 2118              		.cfi_startproc
 2119              		@ args = 0, pretend = 0, frame = 0
 2120              		@ frame_needed = 0, uses_anonymous_args = 0
 718:Middlewares/Third_Party/FreeRTOS/Source/stream_buffer.c **** size_t xReceivedLength = 0, xBytesAvailable, xBytesToStoreMessageLength;
 2121              		.loc 1 718 1 view .LVU600
 719:Middlewares/Third_Party/FreeRTOS/Source/stream_buffer.c **** 
 2122              		.loc 1 719 1 view .LVU601
 721:Middlewares/Third_Party/FreeRTOS/Source/stream_buffer.c **** 	configASSERT( pxStreamBuffer );
 2123              		.loc 1 721 2 view .LVU602
 2124 0000 29B3     		cbz	r1, .L161
 717:Middlewares/Third_Party/FreeRTOS/Source/stream_buffer.c **** StreamBuffer_t * const pxStreamBuffer = xStreamBuffer;
 2125              		.loc 1 717 1 is_stmt 0 view .LVU603
 2126 0002 2DE9F043 		push	{r4, r5, r6, r7, r8, r9, lr}
 2127              		.cfi_def_cfa_offset 28
 2128              		.cfi_offset 4, -28
 2129              		.cfi_offset 5, -24
 2130              		.cfi_offset 6, -20
 2131              		.cfi_offset 7, -16
 2132              		.cfi_offset 8, -12
 2133              		.cfi_offset 9, -8
 2134              		.cfi_offset 14, -4
 2135 0006 83B0     		sub	sp, sp, #12
 2136              		.cfi_def_cfa_offset 40
 2137 0008 0446     		mov	r4, r0
 2138 000a 9146     		mov	r9, r2
 2139 000c 1D46     		mov	r5, r3
 2140 000e 8846     		mov	r8, r1
 721:Middlewares/Third_Party/FreeRTOS/Source/stream_buffer.c **** 	configASSERT( pxStreamBuffer );
 2141              		.loc 1 721 26 is_stmt 1 view .LVU604
 722:Middlewares/Third_Party/FreeRTOS/Source/stream_buffer.c **** 
 2142              		.loc 1 722 2 view .LVU605
 2143 0010 30B3     		cbz	r0, .L162
 722:Middlewares/Third_Party/FreeRTOS/Source/stream_buffer.c **** 
 2144              		.loc 1 722 32 view .LVU606
 729:Middlewares/Third_Party/FreeRTOS/Source/stream_buffer.c **** 	{
ARM GAS  C:\Users\jason\AppData\Local\Temp\ccFJFDwG.s 			page 73


 2145              		.loc 1 729 2 view .LVU607
 729:Middlewares/Third_Party/FreeRTOS/Source/stream_buffer.c **** 	{
 2146              		.loc 1 729 22 is_stmt 0 view .LVU608
 2147 0012 037F     		ldrb	r3, [r0, #28]	@ zero_extendqisi2
 2148              	.LVL185:
 729:Middlewares/Third_Party/FreeRTOS/Source/stream_buffer.c **** 	{
 2149              		.loc 1 729 4 view .LVU609
 2150 0014 13F0010F 		tst	r3, #1
 2151 0018 2BD0     		beq	.L157
 731:Middlewares/Third_Party/FreeRTOS/Source/stream_buffer.c **** 	}
 2152              		.loc 1 731 30 view .LVU610
 2153 001a 0423     		movs	r3, #4
 2154 001c 1E46     		mov	r6, r3
 2155              	.L149:
 2156              	.LVL186:
 738:Middlewares/Third_Party/FreeRTOS/Source/stream_buffer.c **** 	{
 2157              		.loc 1 738 2 is_stmt 1 view .LVU611
 738:Middlewares/Third_Party/FreeRTOS/Source/stream_buffer.c **** 	{
 2158              		.loc 1 738 4 is_stmt 0 view .LVU612
 2159 001e 002D     		cmp	r5, #0
 2160 0020 3ED0     		beq	.L150
 742:Middlewares/Third_Party/FreeRTOS/Source/stream_buffer.c **** 		{
 2161              		.loc 1 742 3 is_stmt 1 view .LVU613
 2162 0022 FFF7FEFF 		bl	vPortEnterCritical
 2163              	.LVL187:
 744:Middlewares/Third_Party/FreeRTOS/Source/stream_buffer.c **** 
 2164              		.loc 1 744 4 view .LVU614
 744:Middlewares/Third_Party/FreeRTOS/Source/stream_buffer.c **** 
 2165              		.loc 1 744 22 is_stmt 0 view .LVU615
 2166 0026 2046     		mov	r0, r4
 2167 0028 FFF7FEFF 		bl	prvBytesInBuffer
 2168              	.LVL188:
 2169 002c 0746     		mov	r7, r0
 2170              	.LVL189:
 751:Middlewares/Third_Party/FreeRTOS/Source/stream_buffer.c **** 			{
 2171              		.loc 1 751 4 is_stmt 1 view .LVU616
 751:Middlewares/Third_Party/FreeRTOS/Source/stream_buffer.c **** 			{
 2172              		.loc 1 751 6 is_stmt 0 view .LVU617
 2173 002e 8642     		cmp	r6, r0
 2174 0030 25D3     		bcc	.L151
 754:Middlewares/Third_Party/FreeRTOS/Source/stream_buffer.c **** 
 2175              		.loc 1 754 5 is_stmt 1 view .LVU618
 754:Middlewares/Third_Party/FreeRTOS/Source/stream_buffer.c **** 
 2176              		.loc 1 754 14 is_stmt 0 view .LVU619
 2177 0032 0020     		movs	r0, #0
 2178              	.LVL190:
 754:Middlewares/Third_Party/FreeRTOS/Source/stream_buffer.c **** 
 2179              		.loc 1 754 14 view .LVU620
 2180 0034 FFF7FEFF 		bl	xTaskNotifyStateClear
 2181              	.LVL191:
 757:Middlewares/Third_Party/FreeRTOS/Source/stream_buffer.c **** 				pxStreamBuffer->xTaskWaitingToReceive = xTaskGetCurrentTaskHandle();
 2182              		.loc 1 757 5 is_stmt 1 view .LVU621
 2183 0038 2369     		ldr	r3, [r4, #16]
 2184 003a EBB1     		cbz	r3, .L152
 757:Middlewares/Third_Party/FreeRTOS/Source/stream_buffer.c **** 				pxStreamBuffer->xTaskWaitingToReceive = xTaskGetCurrentTaskHandle();
 2185              		.loc 1 757 5 discriminator 1 view .LVU622
 2186              	.LBB153:
ARM GAS  C:\Users\jason\AppData\Local\Temp\ccFJFDwG.s 			page 74


 2187              	.LBI153:
 191:Middlewares/Third_Party/FreeRTOS/Source/portable/GCC/ARM_CM4F/portmacro.h **** {
 2188              		.loc 2 191 30 view .LVU623
 2189              	.LBB154:
 193:Middlewares/Third_Party/FreeRTOS/Source/portable/GCC/ARM_CM4F/portmacro.h **** 
 2190              		.loc 2 193 1 view .LVU624
 195:Middlewares/Third_Party/FreeRTOS/Source/portable/GCC/ARM_CM4F/portmacro.h **** 	(
 2191              		.loc 2 195 2 view .LVU625
 2192              		.syntax unified
 2193              	@ 195 "Middlewares/Third_Party/FreeRTOS/Source/portable/GCC/ARM_CM4F/portmacro.h" 1
 2194 003c 4FF05003 			mov r3, #80												
 2195 0040 83F31188 		msr basepri, r3											
 2196 0044 BFF36F8F 		isb														
 2197 0048 BFF34F8F 		dsb														
 2198              	
 2199              	@ 0 "" 2
 2200              		.thumb
 2201              		.syntax unified
 2202              	.L153:
 2203              	.LBE154:
 2204              	.LBE153:
 757:Middlewares/Third_Party/FreeRTOS/Source/stream_buffer.c **** 				pxStreamBuffer->xTaskWaitingToReceive = xTaskGetCurrentTaskHandle();
 2205              		.loc 1 757 5 view .LVU626
 2206 004c FEE7     		b	.L153
 2207              	.LVL192:
 2208              	.L161:
 2209              		.cfi_def_cfa_offset 0
 2210              		.cfi_restore 4
 2211              		.cfi_restore 5
 2212              		.cfi_restore 6
 2213              		.cfi_restore 7
 2214              		.cfi_restore 8
 2215              		.cfi_restore 9
 2216              		.cfi_restore 14
 721:Middlewares/Third_Party/FreeRTOS/Source/stream_buffer.c **** 	configASSERT( pxStreamBuffer );
 2217              		.loc 1 721 2 discriminator 1 view .LVU627
 2218              	.LBB155:
 2219              	.LBI155:
 191:Middlewares/Third_Party/FreeRTOS/Source/portable/GCC/ARM_CM4F/portmacro.h **** {
 2220              		.loc 2 191 30 view .LVU628
 2221              	.LBB156:
 193:Middlewares/Third_Party/FreeRTOS/Source/portable/GCC/ARM_CM4F/portmacro.h **** 
 2222              		.loc 2 193 1 view .LVU629
 195:Middlewares/Third_Party/FreeRTOS/Source/portable/GCC/ARM_CM4F/portmacro.h **** 	(
 2223              		.loc 2 195 2 view .LVU630
 2224              		.syntax unified
 2225              	@ 195 "Middlewares/Third_Party/FreeRTOS/Source/portable/GCC/ARM_CM4F/portmacro.h" 1
 2226 004e 4FF05003 			mov r3, #80												
 2227 0052 83F31188 		msr basepri, r3											
 2228 0056 BFF36F8F 		isb														
 2229 005a BFF34F8F 		dsb														
 2230              	
 2231              	@ 0 "" 2
 2232              	.LVL193:
 2233              		.thumb
 2234              		.syntax unified
 2235              	.L146:
ARM GAS  C:\Users\jason\AppData\Local\Temp\ccFJFDwG.s 			page 75


 195:Middlewares/Third_Party/FreeRTOS/Source/portable/GCC/ARM_CM4F/portmacro.h **** 	(
 2236              		.loc 2 195 2 is_stmt 0 view .LVU631
 2237              	.LBE156:
 2238              	.LBE155:
 721:Middlewares/Third_Party/FreeRTOS/Source/stream_buffer.c **** 	configASSERT( pxStreamBuffer );
 2239              		.loc 1 721 2 is_stmt 1 view .LVU632
 2240 005e FEE7     		b	.L146
 2241              	.LVL194:
 2242              	.L162:
 2243              		.cfi_def_cfa_offset 40
 2244              		.cfi_offset 4, -28
 2245              		.cfi_offset 5, -24
 2246              		.cfi_offset 6, -20
 2247              		.cfi_offset 7, -16
 2248              		.cfi_offset 8, -12
 2249              		.cfi_offset 9, -8
 2250              		.cfi_offset 14, -4
 722:Middlewares/Third_Party/FreeRTOS/Source/stream_buffer.c **** 
 2251              		.loc 1 722 2 discriminator 1 view .LVU633
 2252              	.LBB157:
 2253              	.LBI157:
 191:Middlewares/Third_Party/FreeRTOS/Source/portable/GCC/ARM_CM4F/portmacro.h **** {
 2254              		.loc 2 191 30 view .LVU634
 2255              	.LBB158:
 193:Middlewares/Third_Party/FreeRTOS/Source/portable/GCC/ARM_CM4F/portmacro.h **** 
 2256              		.loc 2 193 1 view .LVU635
 195:Middlewares/Third_Party/FreeRTOS/Source/portable/GCC/ARM_CM4F/portmacro.h **** 	(
 2257              		.loc 2 195 2 view .LVU636
 2258              		.syntax unified
 2259              	@ 195 "Middlewares/Third_Party/FreeRTOS/Source/portable/GCC/ARM_CM4F/portmacro.h" 1
 2260 0060 4FF05003 			mov r3, #80												
 2261 0064 83F31188 		msr basepri, r3											
 2262 0068 BFF36F8F 		isb														
 2263 006c BFF34F8F 		dsb														
 2264              	
 2265              	@ 0 "" 2
 2266              	.LVL195:
 2267              		.thumb
 2268              		.syntax unified
 2269              	.L148:
 195:Middlewares/Third_Party/FreeRTOS/Source/portable/GCC/ARM_CM4F/portmacro.h **** 	(
 2270              		.loc 2 195 2 is_stmt 0 view .LVU637
 2271              	.LBE158:
 2272              	.LBE157:
 722:Middlewares/Third_Party/FreeRTOS/Source/stream_buffer.c **** 
 2273              		.loc 1 722 2 is_stmt 1 view .LVU638
 2274 0070 FEE7     		b	.L148
 2275              	.L157:
 735:Middlewares/Third_Party/FreeRTOS/Source/stream_buffer.c **** 	}
 2276              		.loc 1 735 30 is_stmt 0 view .LVU639
 2277 0072 0023     		movs	r3, #0
 2278 0074 1E46     		mov	r6, r3
 2279 0076 D2E7     		b	.L149
 2280              	.LVL196:
 2281              	.L152:
 757:Middlewares/Third_Party/FreeRTOS/Source/stream_buffer.c **** 				pxStreamBuffer->xTaskWaitingToReceive = xTaskGetCurrentTaskHandle();
 2282              		.loc 1 757 66 is_stmt 1 view .LVU640
ARM GAS  C:\Users\jason\AppData\Local\Temp\ccFJFDwG.s 			page 76


 758:Middlewares/Third_Party/FreeRTOS/Source/stream_buffer.c **** 			}
 2283              		.loc 1 758 5 view .LVU641
 758:Middlewares/Third_Party/FreeRTOS/Source/stream_buffer.c **** 			}
 2284              		.loc 1 758 45 is_stmt 0 view .LVU642
 2285 0078 FFF7FEFF 		bl	xTaskGetCurrentTaskHandle
 2286              	.LVL197:
 758:Middlewares/Third_Party/FreeRTOS/Source/stream_buffer.c **** 			}
 2287              		.loc 1 758 43 discriminator 1 view .LVU643
 2288 007c 2061     		str	r0, [r4, #16]
 2289              	.L151:
 762:Middlewares/Third_Party/FreeRTOS/Source/stream_buffer.c **** 			}
 2290              		.loc 1 762 29 is_stmt 1 view .LVU644
 765:Middlewares/Third_Party/FreeRTOS/Source/stream_buffer.c **** 
 2291              		.loc 1 765 3 view .LVU645
 2292 007e FFF7FEFF 		bl	vPortExitCritical
 2293              	.LVL198:
 767:Middlewares/Third_Party/FreeRTOS/Source/stream_buffer.c **** 		{
 2294              		.loc 1 767 3 view .LVU646
 767:Middlewares/Third_Party/FreeRTOS/Source/stream_buffer.c **** 		{
 2295              		.loc 1 767 5 is_stmt 0 view .LVU647
 2296 0082 BE42     		cmp	r6, r7
 2297 0084 10D3     		bcc	.L154
 770:Middlewares/Third_Party/FreeRTOS/Source/stream_buffer.c **** 			( void ) xTaskNotifyWait( ( uint32_t ) 0, ( uint32_t ) 0, NULL, xTicksToWait );
 2298              		.loc 1 770 59 is_stmt 1 view .LVU648
 771:Middlewares/Third_Party/FreeRTOS/Source/stream_buffer.c **** 			pxStreamBuffer->xTaskWaitingToReceive = NULL;
 2299              		.loc 1 771 4 view .LVU649
 771:Middlewares/Third_Party/FreeRTOS/Source/stream_buffer.c **** 			pxStreamBuffer->xTaskWaitingToReceive = NULL;
 2300              		.loc 1 771 13 is_stmt 0 view .LVU650
 2301 0086 2B46     		mov	r3, r5
 2302 0088 0022     		movs	r2, #0
 2303 008a 1146     		mov	r1, r2
 2304 008c 1046     		mov	r0, r2
 2305 008e FFF7FEFF 		bl	xTaskNotifyWait
 2306              	.LVL199:
 772:Middlewares/Third_Party/FreeRTOS/Source/stream_buffer.c **** 
 2307              		.loc 1 772 4 is_stmt 1 view .LVU651
 772:Middlewares/Third_Party/FreeRTOS/Source/stream_buffer.c **** 
 2308              		.loc 1 772 42 is_stmt 0 view .LVU652
 2309 0092 0023     		movs	r3, #0
 2310 0094 2361     		str	r3, [r4, #16]
 775:Middlewares/Third_Party/FreeRTOS/Source/stream_buffer.c **** 		}
 2311              		.loc 1 775 4 is_stmt 1 view .LVU653
 775:Middlewares/Third_Party/FreeRTOS/Source/stream_buffer.c **** 		}
 2312              		.loc 1 775 22 is_stmt 0 view .LVU654
 2313 0096 2046     		mov	r0, r4
 2314 0098 FFF7FEFF 		bl	prvBytesInBuffer
 2315              	.LVL200:
 2316 009c 0746     		mov	r7, r0
 2317              	.LVL201:
 775:Middlewares/Third_Party/FreeRTOS/Source/stream_buffer.c **** 		}
 2318              		.loc 1 775 22 view .LVU655
 2319 009e 03E0     		b	.L154
 2320              	.LVL202:
 2321              	.L150:
 784:Middlewares/Third_Party/FreeRTOS/Source/stream_buffer.c **** 	}
 2322              		.loc 1 784 3 is_stmt 1 view .LVU656
 784:Middlewares/Third_Party/FreeRTOS/Source/stream_buffer.c **** 	}
ARM GAS  C:\Users\jason\AppData\Local\Temp\ccFJFDwG.s 			page 77


 2323              		.loc 1 784 21 is_stmt 0 view .LVU657
 2324 00a0 2046     		mov	r0, r4
 2325              	.LVL203:
 784:Middlewares/Third_Party/FreeRTOS/Source/stream_buffer.c **** 	}
 2326              		.loc 1 784 21 view .LVU658
 2327 00a2 FFF7FEFF 		bl	prvBytesInBuffer
 2328              	.LVL204:
 784:Middlewares/Third_Party/FreeRTOS/Source/stream_buffer.c **** 	}
 2329              		.loc 1 784 21 view .LVU659
 2330 00a6 0746     		mov	r7, r0
 2331              	.L154:
 2332              	.LVL205:
 792:Middlewares/Third_Party/FreeRTOS/Source/stream_buffer.c **** 	{
 2333              		.loc 1 792 2 is_stmt 1 view .LVU660
 792:Middlewares/Third_Party/FreeRTOS/Source/stream_buffer.c **** 	{
 2334              		.loc 1 792 4 is_stmt 0 view .LVU661
 2335 00a8 B742     		cmp	r7, r6
 2336 00aa 05D8     		bhi	.L163
 719:Middlewares/Third_Party/FreeRTOS/Source/stream_buffer.c **** 
 2337              		.loc 1 719 8 view .LVU662
 2338 00ac 0023     		movs	r3, #0
 2339 00ae 1D46     		mov	r5, r3
 2340              	.LVL206:
 809:Middlewares/Third_Party/FreeRTOS/Source/stream_buffer.c **** 		mtCOVERAGE_TEST_MARKER();
 2341              		.loc 1 809 53 is_stmt 1 view .LVU663
 810:Middlewares/Third_Party/FreeRTOS/Source/stream_buffer.c **** 	}
 2342              		.loc 1 810 27 view .LVU664
 813:Middlewares/Third_Party/FreeRTOS/Source/stream_buffer.c **** }
 2343              		.loc 1 813 2 view .LVU665
 2344              	.L144:
 814:Middlewares/Third_Party/FreeRTOS/Source/stream_buffer.c **** /*-----------------------------------------------------------*/
 2345              		.loc 1 814 1 is_stmt 0 view .LVU666
 2346 00b0 2846     		mov	r0, r5
 2347 00b2 03B0     		add	sp, sp, #12
 2348              		.cfi_remember_state
 2349              		.cfi_def_cfa_offset 28
 2350              		@ sp needed
 2351 00b4 BDE8F083 		pop	{r4, r5, r6, r7, r8, r9, pc}
 2352              	.LVL207:
 2353              	.L163:
 2354              		.cfi_restore_state
 794:Middlewares/Third_Party/FreeRTOS/Source/stream_buffer.c **** 
 2355              		.loc 1 794 3 is_stmt 1 view .LVU667
 794:Middlewares/Third_Party/FreeRTOS/Source/stream_buffer.c **** 
 2356              		.loc 1 794 21 is_stmt 0 view .LVU668
 2357 00b8 0096     		str	r6, [sp]
 2358 00ba 3B46     		mov	r3, r7
 2359 00bc 4A46     		mov	r2, r9
 2360 00be 4146     		mov	r1, r8
 2361 00c0 2046     		mov	r0, r4
 2362 00c2 FFF7FEFF 		bl	prvReadMessageFromBuffer
 2363              	.LVL208:
 797:Middlewares/Third_Party/FreeRTOS/Source/stream_buffer.c **** 		{
 2364              		.loc 1 797 3 is_stmt 1 view .LVU669
 797:Middlewares/Third_Party/FreeRTOS/Source/stream_buffer.c **** 		{
 2365              		.loc 1 797 5 is_stmt 0 view .LVU670
 2366 00c6 0546     		mov	r5, r0
ARM GAS  C:\Users\jason\AppData\Local\Temp\ccFJFDwG.s 			page 78


 2367              	.LVL209:
 797:Middlewares/Third_Party/FreeRTOS/Source/stream_buffer.c **** 		{
 2368              		.loc 1 797 5 view .LVU671
 2369 00c8 0028     		cmp	r0, #0
 2370 00ca F1D0     		beq	.L144
 799:Middlewares/Third_Party/FreeRTOS/Source/stream_buffer.c **** 			sbRECEIVE_COMPLETED( pxStreamBuffer );
 2371              		.loc 1 799 64 is_stmt 1 view .LVU672
 800:Middlewares/Third_Party/FreeRTOS/Source/stream_buffer.c **** 		}
 2372              		.loc 1 800 4 view .LVU673
 2373 00cc FFF7FEFF 		bl	vTaskSuspendAll
 2374              	.LVL210:
 800:Middlewares/Third_Party/FreeRTOS/Source/stream_buffer.c **** 		}
 2375              		.loc 1 800 4 discriminator 1 view .LVU674
 2376 00d0 6369     		ldr	r3, [r4, #20]
 2377 00d2 3BB1     		cbz	r3, .L156
 800:Middlewares/Third_Party/FreeRTOS/Source/stream_buffer.c **** 		}
 2378              		.loc 1 800 4 discriminator 2 view .LVU675
 2379 00d4 6069     		ldr	r0, [r4, #20]
 2380 00d6 0023     		movs	r3, #0
 2381 00d8 1A46     		mov	r2, r3
 2382 00da 1946     		mov	r1, r3
 2383 00dc FFF7FEFF 		bl	xTaskGenericNotify
 2384              	.LVL211:
 800:Middlewares/Third_Party/FreeRTOS/Source/stream_buffer.c **** 		}
 2385              		.loc 1 800 4 discriminator 4 view .LVU676
 2386 00e0 0023     		movs	r3, #0
 2387 00e2 6361     		str	r3, [r4, #20]
 2388              	.L156:
 800:Middlewares/Third_Party/FreeRTOS/Source/stream_buffer.c **** 		}
 2389              		.loc 1 800 4 discriminator 5 view .LVU677
 2390 00e4 FFF7FEFF 		bl	xTaskResumeAll
 2391              	.LVL212:
 800:Middlewares/Third_Party/FreeRTOS/Source/stream_buffer.c **** 		}
 2392              		.loc 1 800 41 discriminator 6 view .LVU678
 2393 00e8 E2E7     		b	.L144
 2394              		.cfi_endproc
 2395              	.LFE14:
 2397              		.section	.text.xStreamBufferNextMessageLengthBytes,"ax",%progbits
 2398              		.align	1
 2399              		.global	xStreamBufferNextMessageLengthBytes
 2400              		.syntax unified
 2401              		.thumb
 2402              		.thumb_func
 2404              	xStreamBufferNextMessageLengthBytes:
 2405              	.LVL213:
 2406              	.LFB15:
 818:Middlewares/Third_Party/FreeRTOS/Source/stream_buffer.c **** StreamBuffer_t * const pxStreamBuffer = xStreamBuffer;
 2407              		.loc 1 818 1 view -0
 2408              		.cfi_startproc
 2409              		@ args = 0, pretend = 0, frame = 8
 2410              		@ frame_needed = 0, uses_anonymous_args = 0
 819:Middlewares/Third_Party/FreeRTOS/Source/stream_buffer.c **** size_t xReturn, xBytesAvailable, xOriginalTail;
 2411              		.loc 1 819 1 view .LVU680
 820:Middlewares/Third_Party/FreeRTOS/Source/stream_buffer.c **** configMESSAGE_BUFFER_LENGTH_TYPE xTempReturn;
 2412              		.loc 1 820 1 view .LVU681
 821:Middlewares/Third_Party/FreeRTOS/Source/stream_buffer.c **** 
 2413              		.loc 1 821 1 view .LVU682
ARM GAS  C:\Users\jason\AppData\Local\Temp\ccFJFDwG.s 			page 79


 823:Middlewares/Third_Party/FreeRTOS/Source/stream_buffer.c **** 
 2414              		.loc 1 823 2 view .LVU683
 2415 0000 48B1     		cbz	r0, .L173
 818:Middlewares/Third_Party/FreeRTOS/Source/stream_buffer.c **** StreamBuffer_t * const pxStreamBuffer = xStreamBuffer;
 2416              		.loc 1 818 1 is_stmt 0 view .LVU684
 2417 0002 30B5     		push	{r4, r5, lr}
 2418              		.cfi_def_cfa_offset 12
 2419              		.cfi_offset 4, -12
 2420              		.cfi_offset 5, -8
 2421              		.cfi_offset 14, -4
 2422 0004 83B0     		sub	sp, sp, #12
 2423              		.cfi_def_cfa_offset 24
 2424 0006 0446     		mov	r4, r0
 823:Middlewares/Third_Party/FreeRTOS/Source/stream_buffer.c **** 
 2425              		.loc 1 823 32 is_stmt 1 view .LVU685
 826:Middlewares/Third_Party/FreeRTOS/Source/stream_buffer.c **** 	{
 2426              		.loc 1 826 2 view .LVU686
 826:Middlewares/Third_Party/FreeRTOS/Source/stream_buffer.c **** 	{
 2427              		.loc 1 826 22 is_stmt 0 view .LVU687
 2428 0008 037F     		ldrb	r3, [r0, #28]	@ zero_extendqisi2
 826:Middlewares/Third_Party/FreeRTOS/Source/stream_buffer.c **** 	{
 2429              		.loc 1 826 4 view .LVU688
 2430 000a 13F0010F 		tst	r3, #1
 2431 000e 0BD1     		bne	.L174
 854:Middlewares/Third_Party/FreeRTOS/Source/stream_buffer.c **** 	}
 2432              		.loc 1 854 11 view .LVU689
 2433 0010 0020     		movs	r0, #0
 2434              	.LVL214:
 857:Middlewares/Third_Party/FreeRTOS/Source/stream_buffer.c **** }
 2435              		.loc 1 857 2 is_stmt 1 view .LVU690
 2436              	.L164:
 858:Middlewares/Third_Party/FreeRTOS/Source/stream_buffer.c **** /*-----------------------------------------------------------*/
 2437              		.loc 1 858 1 is_stmt 0 view .LVU691
 2438 0012 03B0     		add	sp, sp, #12
 2439              		.cfi_def_cfa_offset 12
 2440              		@ sp needed
 2441 0014 30BD     		pop	{r4, r5, pc}
 2442              	.LVL215:
 2443              	.L173:
 2444              		.cfi_def_cfa_offset 0
 2445              		.cfi_restore 4
 2446              		.cfi_restore 5
 2447              		.cfi_restore 14
 823:Middlewares/Third_Party/FreeRTOS/Source/stream_buffer.c **** 
 2448              		.loc 1 823 2 is_stmt 1 discriminator 1 view .LVU692
 2449              	.LBB159:
 2450              	.LBI159:
 191:Middlewares/Third_Party/FreeRTOS/Source/portable/GCC/ARM_CM4F/portmacro.h **** {
 2451              		.loc 2 191 30 view .LVU693
 2452              	.LBB160:
 193:Middlewares/Third_Party/FreeRTOS/Source/portable/GCC/ARM_CM4F/portmacro.h **** 
 2453              		.loc 2 193 1 view .LVU694
 195:Middlewares/Third_Party/FreeRTOS/Source/portable/GCC/ARM_CM4F/portmacro.h **** 	(
 2454              		.loc 2 195 2 view .LVU695
 2455              		.syntax unified
 2456              	@ 195 "Middlewares/Third_Party/FreeRTOS/Source/portable/GCC/ARM_CM4F/portmacro.h" 1
 2457 0016 4FF05003 			mov r3, #80												
ARM GAS  C:\Users\jason\AppData\Local\Temp\ccFJFDwG.s 			page 80


 2458 001a 83F31188 		msr basepri, r3											
 2459 001e BFF36F8F 		isb														
 2460 0022 BFF34F8F 		dsb														
 2461              	
 2462              	@ 0 "" 2
 2463              		.thumb
 2464              		.syntax unified
 2465              	.L166:
 2466              	.LBE160:
 2467              	.LBE159:
 823:Middlewares/Third_Party/FreeRTOS/Source/stream_buffer.c **** 
 2468              		.loc 1 823 2 view .LVU696
 2469 0026 FEE7     		b	.L166
 2470              	.L174:
 2471              		.cfi_def_cfa_offset 24
 2472              		.cfi_offset 4, -12
 2473              		.cfi_offset 5, -8
 2474              		.cfi_offset 14, -4
 828:Middlewares/Third_Party/FreeRTOS/Source/stream_buffer.c **** 		if( xBytesAvailable > sbBYTES_TO_STORE_MESSAGE_LENGTH )
 2475              		.loc 1 828 3 view .LVU697
 828:Middlewares/Third_Party/FreeRTOS/Source/stream_buffer.c **** 		if( xBytesAvailable > sbBYTES_TO_STORE_MESSAGE_LENGTH )
 2476              		.loc 1 828 21 is_stmt 0 view .LVU698
 2477 0028 FFF7FEFF 		bl	prvBytesInBuffer
 2478              	.LVL216:
 829:Middlewares/Third_Party/FreeRTOS/Source/stream_buffer.c **** 		{
 2479              		.loc 1 829 3 is_stmt 1 view .LVU699
 829:Middlewares/Third_Party/FreeRTOS/Source/stream_buffer.c **** 		{
 2480              		.loc 1 829 5 is_stmt 0 view .LVU700
 2481 002c 0428     		cmp	r0, #4
 2482 002e 0AD8     		bhi	.L175
 848:Middlewares/Third_Party/FreeRTOS/Source/stream_buffer.c **** 			xReturn = 0;
 2483              		.loc 1 848 4 is_stmt 1 view .LVU701
 2484 0030 0028     		cmp	r0, #0
 2485 0032 EED0     		beq	.L164
 848:Middlewares/Third_Party/FreeRTOS/Source/stream_buffer.c **** 			xReturn = 0;
 2486              		.loc 1 848 4 discriminator 1 view .LVU702
 2487              	.LBB161:
 2488              	.LBI161:
 191:Middlewares/Third_Party/FreeRTOS/Source/portable/GCC/ARM_CM4F/portmacro.h **** {
 2489              		.loc 2 191 30 view .LVU703
 2490              	.LBB162:
 193:Middlewares/Third_Party/FreeRTOS/Source/portable/GCC/ARM_CM4F/portmacro.h **** 
 2491              		.loc 2 193 1 view .LVU704
 195:Middlewares/Third_Party/FreeRTOS/Source/portable/GCC/ARM_CM4F/portmacro.h **** 	(
 2492              		.loc 2 195 2 view .LVU705
 2493              		.syntax unified
 2494              	@ 195 "Middlewares/Third_Party/FreeRTOS/Source/portable/GCC/ARM_CM4F/portmacro.h" 1
 2495 0034 4FF05003 			mov r3, #80												
 2496 0038 83F31188 		msr basepri, r3											
 2497 003c BFF36F8F 		isb														
 2498 0040 BFF34F8F 		dsb														
 2499              	
 2500              	@ 0 "" 2
 2501              		.thumb
 2502              		.syntax unified
 2503              	.L169:
 2504              	.LBE162:
ARM GAS  C:\Users\jason\AppData\Local\Temp\ccFJFDwG.s 			page 81


 2505              	.LBE161:
 848:Middlewares/Third_Party/FreeRTOS/Source/stream_buffer.c **** 			xReturn = 0;
 2506              		.loc 1 848 4 view .LVU706
 2507 0044 FEE7     		b	.L169
 2508              	.L175:
 837:Middlewares/Third_Party/FreeRTOS/Source/stream_buffer.c **** 			( void ) prvReadBytesFromBuffer( pxStreamBuffer, ( uint8_t * ) &xTempReturn, sbBYTES_TO_STORE_ME
 2509              		.loc 1 837 4 view .LVU707
 837:Middlewares/Third_Party/FreeRTOS/Source/stream_buffer.c **** 			( void ) prvReadBytesFromBuffer( pxStreamBuffer, ( uint8_t * ) &xTempReturn, sbBYTES_TO_STORE_ME
 2510              		.loc 1 837 18 is_stmt 0 view .LVU708
 2511 0046 2568     		ldr	r5, [r4]
 2512              	.LVL217:
 838:Middlewares/Third_Party/FreeRTOS/Source/stream_buffer.c **** 			xReturn = ( size_t ) xTempReturn;
 2513              		.loc 1 838 4 is_stmt 1 view .LVU709
 838:Middlewares/Third_Party/FreeRTOS/Source/stream_buffer.c **** 			xReturn = ( size_t ) xTempReturn;
 2514              		.loc 1 838 13 is_stmt 0 view .LVU710
 2515 0048 0346     		mov	r3, r0
 2516 004a 0422     		movs	r2, #4
 2517 004c 0DEB0201 		add	r1, sp, r2
 2518 0050 2046     		mov	r0, r4
 2519              	.LVL218:
 838:Middlewares/Third_Party/FreeRTOS/Source/stream_buffer.c **** 			xReturn = ( size_t ) xTempReturn;
 2520              		.loc 1 838 13 view .LVU711
 2521 0052 FFF7FEFF 		bl	prvReadBytesFromBuffer
 2522              	.LVL219:
 839:Middlewares/Third_Party/FreeRTOS/Source/stream_buffer.c **** 			pxStreamBuffer->xTail = xOriginalTail;
 2523              		.loc 1 839 4 is_stmt 1 view .LVU712
 839:Middlewares/Third_Party/FreeRTOS/Source/stream_buffer.c **** 			pxStreamBuffer->xTail = xOriginalTail;
 2524              		.loc 1 839 12 is_stmt 0 view .LVU713
 2525 0056 0198     		ldr	r0, [sp, #4]
 2526              	.LVL220:
 840:Middlewares/Third_Party/FreeRTOS/Source/stream_buffer.c **** 		}
 2527              		.loc 1 840 4 is_stmt 1 view .LVU714
 840:Middlewares/Third_Party/FreeRTOS/Source/stream_buffer.c **** 		}
 2528              		.loc 1 840 26 is_stmt 0 view .LVU715
 2529 0058 2560     		str	r5, [r4]
 2530 005a DAE7     		b	.L164
 2531              		.cfi_endproc
 2532              	.LFE15:
 2534              		.section	.text.xStreamBufferReceiveFromISR,"ax",%progbits
 2535              		.align	1
 2536              		.global	xStreamBufferReceiveFromISR
 2537              		.syntax unified
 2538              		.thumb
 2539              		.thumb_func
 2541              	xStreamBufferReceiveFromISR:
 2542              	.LVL221:
 2543              	.LFB16:
 865:Middlewares/Third_Party/FreeRTOS/Source/stream_buffer.c **** StreamBuffer_t * const pxStreamBuffer = xStreamBuffer;
 2544              		.loc 1 865 1 is_stmt 1 view -0
 2545              		.cfi_startproc
 2546              		@ args = 0, pretend = 0, frame = 0
 2547              		@ frame_needed = 0, uses_anonymous_args = 0
 866:Middlewares/Third_Party/FreeRTOS/Source/stream_buffer.c **** size_t xReceivedLength = 0, xBytesAvailable, xBytesToStoreMessageLength;
 2548              		.loc 1 866 1 view .LVU717
 867:Middlewares/Third_Party/FreeRTOS/Source/stream_buffer.c **** 
 2549              		.loc 1 867 1 view .LVU718
 869:Middlewares/Third_Party/FreeRTOS/Source/stream_buffer.c **** 	configASSERT( pxStreamBuffer );
ARM GAS  C:\Users\jason\AppData\Local\Temp\ccFJFDwG.s 			page 82


 2550              		.loc 1 869 2 view .LVU719
 2551 0000 C1B1     		cbz	r1, .L188
 865:Middlewares/Third_Party/FreeRTOS/Source/stream_buffer.c **** StreamBuffer_t * const pxStreamBuffer = xStreamBuffer;
 2552              		.loc 1 865 1 is_stmt 0 view .LVU720
 2553 0002 2DE9F041 		push	{r4, r5, r6, r7, r8, lr}
 2554              		.cfi_def_cfa_offset 24
 2555              		.cfi_offset 4, -24
 2556              		.cfi_offset 5, -20
 2557              		.cfi_offset 6, -16
 2558              		.cfi_offset 7, -12
 2559              		.cfi_offset 8, -8
 2560              		.cfi_offset 14, -4
 2561 0006 82B0     		sub	sp, sp, #8
 2562              		.cfi_def_cfa_offset 32
 2563 0008 0446     		mov	r4, r0
 2564 000a 1646     		mov	r6, r2
 2565 000c 9846     		mov	r8, r3
 2566 000e 0D46     		mov	r5, r1
 869:Middlewares/Third_Party/FreeRTOS/Source/stream_buffer.c **** 	configASSERT( pxStreamBuffer );
 2567              		.loc 1 869 26 is_stmt 1 view .LVU721
 870:Middlewares/Third_Party/FreeRTOS/Source/stream_buffer.c **** 
 2568              		.loc 1 870 2 view .LVU722
 2569 0010 C8B1     		cbz	r0, .L189
 870:Middlewares/Third_Party/FreeRTOS/Source/stream_buffer.c **** 
 2570              		.loc 1 870 32 view .LVU723
 877:Middlewares/Third_Party/FreeRTOS/Source/stream_buffer.c **** 	{
 2571              		.loc 1 877 2 view .LVU724
 877:Middlewares/Third_Party/FreeRTOS/Source/stream_buffer.c **** 	{
 2572              		.loc 1 877 22 is_stmt 0 view .LVU725
 2573 0012 037F     		ldrb	r3, [r0, #28]	@ zero_extendqisi2
 2574              	.LVL222:
 877:Middlewares/Third_Party/FreeRTOS/Source/stream_buffer.c **** 	{
 2575              		.loc 1 877 4 view .LVU726
 2576 0014 13F0010F 		tst	r3, #1
 2577 0018 1ED0     		beq	.L184
 879:Middlewares/Third_Party/FreeRTOS/Source/stream_buffer.c **** 	}
 2578              		.loc 1 879 30 view .LVU727
 2579 001a 0423     		movs	r3, #4
 2580 001c 1F46     		mov	r7, r3
 2581              	.L181:
 2582              	.LVL223:
 886:Middlewares/Third_Party/FreeRTOS/Source/stream_buffer.c **** 
 2583              		.loc 1 886 2 is_stmt 1 view .LVU728
 886:Middlewares/Third_Party/FreeRTOS/Source/stream_buffer.c **** 
 2584              		.loc 1 886 20 is_stmt 0 view .LVU729
 2585 001e 2046     		mov	r0, r4
 2586              	.LVL224:
 886:Middlewares/Third_Party/FreeRTOS/Source/stream_buffer.c **** 
 2587              		.loc 1 886 20 view .LVU730
 2588 0020 FFF7FEFF 		bl	prvBytesInBuffer
 2589              	.LVL225:
 893:Middlewares/Third_Party/FreeRTOS/Source/stream_buffer.c **** 	{
 2590              		.loc 1 893 2 is_stmt 1 view .LVU731
 893:Middlewares/Third_Party/FreeRTOS/Source/stream_buffer.c **** 	{
 2591              		.loc 1 893 4 is_stmt 0 view .LVU732
 2592 0024 8742     		cmp	r7, r0
 2593 0026 1AD3     		bcc	.L190
ARM GAS  C:\Users\jason\AppData\Local\Temp\ccFJFDwG.s 			page 83


 867:Middlewares/Third_Party/FreeRTOS/Source/stream_buffer.c **** 
 2594              		.loc 1 867 8 view .LVU733
 2595 0028 0023     		movs	r3, #0
 2596 002a 1D46     		mov	r5, r3
 2597              	.LVL226:
 909:Middlewares/Third_Party/FreeRTOS/Source/stream_buffer.c **** 	}
 2598              		.loc 1 909 27 is_stmt 1 view .LVU734
 912:Middlewares/Third_Party/FreeRTOS/Source/stream_buffer.c **** 
 2599              		.loc 1 912 71 view .LVU735
 914:Middlewares/Third_Party/FreeRTOS/Source/stream_buffer.c **** }
 2600              		.loc 1 914 2 view .LVU736
 2601              	.L176:
 915:Middlewares/Third_Party/FreeRTOS/Source/stream_buffer.c **** /*-----------------------------------------------------------*/
 2602              		.loc 1 915 1 is_stmt 0 view .LVU737
 2603 002c 2846     		mov	r0, r5
 2604 002e 02B0     		add	sp, sp, #8
 2605              		.cfi_def_cfa_offset 24
 2606              		@ sp needed
 2607 0030 BDE8F081 		pop	{r4, r5, r6, r7, r8, pc}
 2608              	.LVL227:
 2609              	.L188:
 2610              		.cfi_def_cfa_offset 0
 2611              		.cfi_restore 4
 2612              		.cfi_restore 5
 2613              		.cfi_restore 6
 2614              		.cfi_restore 7
 2615              		.cfi_restore 8
 2616              		.cfi_restore 14
 869:Middlewares/Third_Party/FreeRTOS/Source/stream_buffer.c **** 	configASSERT( pxStreamBuffer );
 2617              		.loc 1 869 2 is_stmt 1 discriminator 1 view .LVU738
 2618              	.LBB163:
 2619              	.LBI163:
 191:Middlewares/Third_Party/FreeRTOS/Source/portable/GCC/ARM_CM4F/portmacro.h **** {
 2620              		.loc 2 191 30 view .LVU739
 2621              	.LBB164:
 193:Middlewares/Third_Party/FreeRTOS/Source/portable/GCC/ARM_CM4F/portmacro.h **** 
 2622              		.loc 2 193 1 view .LVU740
 195:Middlewares/Third_Party/FreeRTOS/Source/portable/GCC/ARM_CM4F/portmacro.h **** 	(
 2623              		.loc 2 195 2 view .LVU741
 2624              		.syntax unified
 2625              	@ 195 "Middlewares/Third_Party/FreeRTOS/Source/portable/GCC/ARM_CM4F/portmacro.h" 1
 2626 0034 4FF05003 			mov r3, #80												
 2627 0038 83F31188 		msr basepri, r3											
 2628 003c BFF36F8F 		isb														
 2629 0040 BFF34F8F 		dsb														
 2630              	
 2631              	@ 0 "" 2
 2632              	.LVL228:
 2633              		.thumb
 2634              		.syntax unified
 2635              	.L178:
 195:Middlewares/Third_Party/FreeRTOS/Source/portable/GCC/ARM_CM4F/portmacro.h **** 	(
 2636              		.loc 2 195 2 is_stmt 0 view .LVU742
 2637              	.LBE164:
 2638              	.LBE163:
 869:Middlewares/Third_Party/FreeRTOS/Source/stream_buffer.c **** 	configASSERT( pxStreamBuffer );
 2639              		.loc 1 869 2 is_stmt 1 view .LVU743
ARM GAS  C:\Users\jason\AppData\Local\Temp\ccFJFDwG.s 			page 84


 2640 0044 FEE7     		b	.L178
 2641              	.LVL229:
 2642              	.L189:
 2643              		.cfi_def_cfa_offset 32
 2644              		.cfi_offset 4, -24
 2645              		.cfi_offset 5, -20
 2646              		.cfi_offset 6, -16
 2647              		.cfi_offset 7, -12
 2648              		.cfi_offset 8, -8
 2649              		.cfi_offset 14, -4
 870:Middlewares/Third_Party/FreeRTOS/Source/stream_buffer.c **** 
 2650              		.loc 1 870 2 discriminator 1 view .LVU744
 2651              	.LBB165:
 2652              	.LBI165:
 191:Middlewares/Third_Party/FreeRTOS/Source/portable/GCC/ARM_CM4F/portmacro.h **** {
 2653              		.loc 2 191 30 view .LVU745
 2654              	.LBB166:
 193:Middlewares/Third_Party/FreeRTOS/Source/portable/GCC/ARM_CM4F/portmacro.h **** 
 2655              		.loc 2 193 1 view .LVU746
 195:Middlewares/Third_Party/FreeRTOS/Source/portable/GCC/ARM_CM4F/portmacro.h **** 	(
 2656              		.loc 2 195 2 view .LVU747
 2657              		.syntax unified
 2658              	@ 195 "Middlewares/Third_Party/FreeRTOS/Source/portable/GCC/ARM_CM4F/portmacro.h" 1
 2659 0046 4FF05003 			mov r3, #80												
 2660 004a 83F31188 		msr basepri, r3											
 2661 004e BFF36F8F 		isb														
 2662 0052 BFF34F8F 		dsb														
 2663              	
 2664              	@ 0 "" 2
 2665              	.LVL230:
 2666              		.thumb
 2667              		.syntax unified
 2668              	.L180:
 195:Middlewares/Third_Party/FreeRTOS/Source/portable/GCC/ARM_CM4F/portmacro.h **** 	(
 2669              		.loc 2 195 2 is_stmt 0 view .LVU748
 2670              	.LBE166:
 2671              	.LBE165:
 870:Middlewares/Third_Party/FreeRTOS/Source/stream_buffer.c **** 
 2672              		.loc 1 870 2 is_stmt 1 view .LVU749
 2673 0056 FEE7     		b	.L180
 2674              	.L184:
 883:Middlewares/Third_Party/FreeRTOS/Source/stream_buffer.c **** 	}
 2675              		.loc 1 883 30 is_stmt 0 view .LVU750
 2676 0058 0023     		movs	r3, #0
 2677 005a 1F46     		mov	r7, r3
 2678 005c DFE7     		b	.L181
 2679              	.LVL231:
 2680              	.L190:
 895:Middlewares/Third_Party/FreeRTOS/Source/stream_buffer.c **** 
 2681              		.loc 1 895 3 is_stmt 1 view .LVU751
 895:Middlewares/Third_Party/FreeRTOS/Source/stream_buffer.c **** 
 2682              		.loc 1 895 21 is_stmt 0 view .LVU752
 2683 005e 0097     		str	r7, [sp]
 2684 0060 0346     		mov	r3, r0
 2685 0062 3246     		mov	r2, r6
 2686 0064 2946     		mov	r1, r5
 2687 0066 2046     		mov	r0, r4
ARM GAS  C:\Users\jason\AppData\Local\Temp\ccFJFDwG.s 			page 85


 2688              	.LVL232:
 895:Middlewares/Third_Party/FreeRTOS/Source/stream_buffer.c **** 
 2689              		.loc 1 895 21 view .LVU753
 2690 0068 FFF7FEFF 		bl	prvReadMessageFromBuffer
 2691              	.LVL233:
 898:Middlewares/Third_Party/FreeRTOS/Source/stream_buffer.c **** 		{
 2692              		.loc 1 898 3 is_stmt 1 view .LVU754
 898:Middlewares/Third_Party/FreeRTOS/Source/stream_buffer.c **** 		{
 2693              		.loc 1 898 5 is_stmt 0 view .LVU755
 2694 006c 0546     		mov	r5, r0
 2695              	.LVL234:
 898:Middlewares/Third_Party/FreeRTOS/Source/stream_buffer.c **** 		{
 2696              		.loc 1 898 5 view .LVU756
 2697 006e 0028     		cmp	r0, #0
 2698 0070 DCD0     		beq	.L176
 2699              	.LBB167:
 900:Middlewares/Third_Party/FreeRTOS/Source/stream_buffer.c **** 		}
 2700              		.loc 1 900 4 is_stmt 1 view .LVU757
 900:Middlewares/Third_Party/FreeRTOS/Source/stream_buffer.c **** 		}
 2701              		.loc 1 900 4 view .LVU758
 2702              	.LBB168:
 2703              	.LBI168:
 207:Middlewares/Third_Party/FreeRTOS/Source/portable/GCC/ARM_CM4F/portmacro.h **** {
 2704              		.loc 2 207 34 view .LVU759
 2705              	.LBB169:
 209:Middlewares/Third_Party/FreeRTOS/Source/portable/GCC/ARM_CM4F/portmacro.h **** 
 2706              		.loc 2 209 1 view .LVU760
 211:Middlewares/Third_Party/FreeRTOS/Source/portable/GCC/ARM_CM4F/portmacro.h **** 	(
 2707              		.loc 2 211 2 view .LVU761
 2708              		.syntax unified
 2709              	@ 211 "Middlewares/Third_Party/FreeRTOS/Source/portable/GCC/ARM_CM4F/portmacro.h" 1
 2710 0072 EFF31183 			mrs r3, basepri											
 2711 0076 4FF05002 		mov r2, #80												
 2712 007a 82F31188 		msr basepri, r2											
 2713 007e BFF36F8F 		isb														
 2714 0082 BFF34F8F 		dsb														
 2715              	
 2716              	@ 0 "" 2
 2717              		.thumb
 2718              		.syntax unified
 2719 0086 1E46     		mov	r6, r3
 2720              	.LVL235:
 223:Middlewares/Third_Party/FreeRTOS/Source/portable/GCC/ARM_CM4F/portmacro.h **** }
 2721              		.loc 2 223 2 view .LVU762
 223:Middlewares/Third_Party/FreeRTOS/Source/portable/GCC/ARM_CM4F/portmacro.h **** }
 2722              		.loc 2 223 2 is_stmt 0 view .LVU763
 2723              	.LBE169:
 2724              	.LBE168:
 900:Middlewares/Third_Party/FreeRTOS/Source/stream_buffer.c **** 		}
 2725              		.loc 1 900 4 is_stmt 1 discriminator 1 view .LVU764
 2726 0088 6369     		ldr	r3, [r4, #20]
 2727              	.LVL236:
 900:Middlewares/Third_Party/FreeRTOS/Source/stream_buffer.c **** 		}
 2728              		.loc 1 900 4 is_stmt 0 discriminator 1 view .LVU765
 2729 008a 4BB1     		cbz	r3, .L183
 900:Middlewares/Third_Party/FreeRTOS/Source/stream_buffer.c **** 		}
 2730              		.loc 1 900 4 is_stmt 1 discriminator 2 view .LVU766
ARM GAS  C:\Users\jason\AppData\Local\Temp\ccFJFDwG.s 			page 86


 2731 008c 6069     		ldr	r0, [r4, #20]
 2732              	.LVL237:
 900:Middlewares/Third_Party/FreeRTOS/Source/stream_buffer.c **** 		}
 2733              		.loc 1 900 4 is_stmt 0 discriminator 2 view .LVU767
 2734 008e CDF80080 		str	r8, [sp]
 2735 0092 0023     		movs	r3, #0
 2736 0094 1A46     		mov	r2, r3
 2737 0096 1946     		mov	r1, r3
 2738 0098 FFF7FEFF 		bl	xTaskGenericNotifyFromISR
 2739              	.LVL238:
 900:Middlewares/Third_Party/FreeRTOS/Source/stream_buffer.c **** 		}
 2740              		.loc 1 900 4 is_stmt 1 discriminator 4 view .LVU768
 2741 009c 0023     		movs	r3, #0
 2742 009e 6361     		str	r3, [r4, #20]
 2743              	.L183:
 900:Middlewares/Third_Party/FreeRTOS/Source/stream_buffer.c **** 		}
 2744              		.loc 1 900 4 discriminator 5 view .LVU769
 2745              	.LBB170:
 2746              	.LBI170:
 227:Middlewares/Third_Party/FreeRTOS/Source/portable/GCC/ARM_CM4F/portmacro.h **** {
 2747              		.loc 2 227 30 view .LVU770
 2748              	.LBB171:
 2749              		.loc 2 229 2 view .LVU771
 2750              		.syntax unified
 2751              	@ 229 "Middlewares/Third_Party/FreeRTOS/Source/portable/GCC/ARM_CM4F/portmacro.h" 1
 2752 00a0 86F31188 			msr basepri, r6	
 2753              	@ 0 "" 2
 2754              		.thumb
 2755              		.syntax unified
 2756              	.LBE171:
 2757              	.LBE170:
 2758              	.LBE167:
 900:Middlewares/Third_Party/FreeRTOS/Source/stream_buffer.c **** 		}
 2759              		.loc 1 900 77 discriminator 6 view .LVU772
 2760              	.LBB174:
 2761              	.LBB173:
 2762              	.LBB172:
 230:Middlewares/Third_Party/FreeRTOS/Source/portable/GCC/ARM_CM4F/portmacro.h **** 	(
 231:Middlewares/Third_Party/FreeRTOS/Source/portable/GCC/ARM_CM4F/portmacro.h **** 		"	msr basepri, %0	" :: "r" ( ulNewMaskValue ) : "memory"
 232:Middlewares/Third_Party/FreeRTOS/Source/portable/GCC/ARM_CM4F/portmacro.h **** 	);
 233:Middlewares/Third_Party/FreeRTOS/Source/portable/GCC/ARM_CM4F/portmacro.h **** }
 2763              		.loc 2 233 1 is_stmt 0 view .LVU773
 2764 00a4 C2E7     		b	.L176
 2765              	.LBE172:
 2766              	.LBE173:
 2767              	.LBE174:
 2768              		.cfi_endproc
 2769              	.LFE16:
 2771              		.section	.text.xStreamBufferIsEmpty,"ax",%progbits
 2772              		.align	1
 2773              		.global	xStreamBufferIsEmpty
 2774              		.syntax unified
 2775              		.thumb
 2776              		.thumb_func
 2778              	xStreamBufferIsEmpty:
 2779              	.LVL239:
 2780              	.LFB18:
ARM GAS  C:\Users\jason\AppData\Local\Temp\ccFJFDwG.s 			page 87


 971:Middlewares/Third_Party/FreeRTOS/Source/stream_buffer.c **** const StreamBuffer_t * const pxStreamBuffer = xStreamBuffer;
 2781              		.loc 1 971 1 is_stmt 1 view -0
 2782              		.cfi_startproc
 2783              		@ args = 0, pretend = 0, frame = 0
 2784              		@ frame_needed = 0, uses_anonymous_args = 0
 2785              		@ link register save eliminated.
 972:Middlewares/Third_Party/FreeRTOS/Source/stream_buffer.c **** BaseType_t xReturn;
 2786              		.loc 1 972 1 view .LVU775
 973:Middlewares/Third_Party/FreeRTOS/Source/stream_buffer.c **** size_t xTail;
 2787              		.loc 1 973 1 view .LVU776
 974:Middlewares/Third_Party/FreeRTOS/Source/stream_buffer.c **** 
 2788              		.loc 1 974 1 view .LVU777
 976:Middlewares/Third_Party/FreeRTOS/Source/stream_buffer.c **** 
 2789              		.loc 1 976 2 view .LVU778
 2790 0000 28B1     		cbz	r0, .L196
 976:Middlewares/Third_Party/FreeRTOS/Source/stream_buffer.c **** 
 2791              		.loc 1 976 32 view .LVU779
 979:Middlewares/Third_Party/FreeRTOS/Source/stream_buffer.c **** 	if( pxStreamBuffer->xHead == xTail )
 2792              		.loc 1 979 2 view .LVU780
 979:Middlewares/Third_Party/FreeRTOS/Source/stream_buffer.c **** 	if( pxStreamBuffer->xHead == xTail )
 2793              		.loc 1 979 8 is_stmt 0 view .LVU781
 2794 0002 0268     		ldr	r2, [r0]
 2795              	.LVL240:
 980:Middlewares/Third_Party/FreeRTOS/Source/stream_buffer.c **** 	{
 2796              		.loc 1 980 2 is_stmt 1 view .LVU782
 980:Middlewares/Third_Party/FreeRTOS/Source/stream_buffer.c **** 	{
 2797              		.loc 1 980 20 is_stmt 0 view .LVU783
 2798 0004 4368     		ldr	r3, [r0, #4]
 980:Middlewares/Third_Party/FreeRTOS/Source/stream_buffer.c **** 	{
 2799              		.loc 1 980 4 view .LVU784
 2800 0006 9342     		cmp	r3, r2
 2801 0008 0AD0     		beq	.L197
 986:Middlewares/Third_Party/FreeRTOS/Source/stream_buffer.c **** 	}
 2802              		.loc 1 986 11 view .LVU785
 2803 000a 0020     		movs	r0, #0
 2804              	.LVL241:
 989:Middlewares/Third_Party/FreeRTOS/Source/stream_buffer.c **** }
 2805              		.loc 1 989 2 is_stmt 1 view .LVU786
 990:Middlewares/Third_Party/FreeRTOS/Source/stream_buffer.c **** /*-----------------------------------------------------------*/
 2806              		.loc 1 990 1 is_stmt 0 view .LVU787
 2807 000c 7047     		bx	lr
 2808              	.LVL242:
 2809              	.L196:
 976:Middlewares/Third_Party/FreeRTOS/Source/stream_buffer.c **** 
 2810              		.loc 1 976 2 is_stmt 1 discriminator 1 view .LVU788
 2811              	.LBB175:
 2812              	.LBI175:
 191:Middlewares/Third_Party/FreeRTOS/Source/portable/GCC/ARM_CM4F/portmacro.h **** {
 2813              		.loc 2 191 30 view .LVU789
 2814              	.LBB176:
 193:Middlewares/Third_Party/FreeRTOS/Source/portable/GCC/ARM_CM4F/portmacro.h **** 
 2815              		.loc 2 193 1 view .LVU790
 195:Middlewares/Third_Party/FreeRTOS/Source/portable/GCC/ARM_CM4F/portmacro.h **** 	(
 2816              		.loc 2 195 2 view .LVU791
 2817              		.syntax unified
 2818              	@ 195 "Middlewares/Third_Party/FreeRTOS/Source/portable/GCC/ARM_CM4F/portmacro.h" 1
 2819 000e 4FF05003 			mov r3, #80												
ARM GAS  C:\Users\jason\AppData\Local\Temp\ccFJFDwG.s 			page 88


 2820 0012 83F31188 		msr basepri, r3											
 2821 0016 BFF36F8F 		isb														
 2822 001a BFF34F8F 		dsb														
 2823              	
 2824              	@ 0 "" 2
 2825              		.thumb
 2826              		.syntax unified
 2827              	.L193:
 2828              	.LBE176:
 2829              	.LBE175:
 976:Middlewares/Third_Party/FreeRTOS/Source/stream_buffer.c **** 
 2830              		.loc 1 976 2 view .LVU792
 2831 001e FEE7     		b	.L193
 2832              	.LVL243:
 2833              	.L197:
 982:Middlewares/Third_Party/FreeRTOS/Source/stream_buffer.c **** 	}
 2834              		.loc 1 982 11 is_stmt 0 view .LVU793
 2835 0020 0120     		movs	r0, #1
 2836              	.LVL244:
 982:Middlewares/Third_Party/FreeRTOS/Source/stream_buffer.c **** 	}
 2837              		.loc 1 982 11 view .LVU794
 2838 0022 7047     		bx	lr
 2839              		.cfi_endproc
 2840              	.LFE18:
 2842              		.section	.text.xStreamBufferIsFull,"ax",%progbits
 2843              		.align	1
 2844              		.global	xStreamBufferIsFull
 2845              		.syntax unified
 2846              		.thumb
 2847              		.thumb_func
 2849              	xStreamBufferIsFull:
 2850              	.LVL245:
 2851              	.LFB19:
 994:Middlewares/Third_Party/FreeRTOS/Source/stream_buffer.c **** BaseType_t xReturn;
 2852              		.loc 1 994 1 is_stmt 1 view -0
 2853              		.cfi_startproc
 2854              		@ args = 0, pretend = 0, frame = 0
 2855              		@ frame_needed = 0, uses_anonymous_args = 0
 995:Middlewares/Third_Party/FreeRTOS/Source/stream_buffer.c **** size_t xBytesToStoreMessageLength;
 2856              		.loc 1 995 1 view .LVU796
 996:Middlewares/Third_Party/FreeRTOS/Source/stream_buffer.c **** const StreamBuffer_t * const pxStreamBuffer = xStreamBuffer;
 2857              		.loc 1 996 1 view .LVU797
 997:Middlewares/Third_Party/FreeRTOS/Source/stream_buffer.c **** 
 2858              		.loc 1 997 1 view .LVU798
 999:Middlewares/Third_Party/FreeRTOS/Source/stream_buffer.c **** 
 2859              		.loc 1 999 2 view .LVU799
 2860 0000 70B1     		cbz	r0, .L207
 994:Middlewares/Third_Party/FreeRTOS/Source/stream_buffer.c **** BaseType_t xReturn;
 2861              		.loc 1 994 1 is_stmt 0 view .LVU800
 2862 0002 10B5     		push	{r4, lr}
 2863              		.cfi_def_cfa_offset 8
 2864              		.cfi_offset 4, -8
 2865              		.cfi_offset 14, -4
 2866 0004 0346     		mov	r3, r0
 999:Middlewares/Third_Party/FreeRTOS/Source/stream_buffer.c **** 
 2867              		.loc 1 999 32 is_stmt 1 view .LVU801
1005:Middlewares/Third_Party/FreeRTOS/Source/stream_buffer.c **** 	{
ARM GAS  C:\Users\jason\AppData\Local\Temp\ccFJFDwG.s 			page 89


 2868              		.loc 1 1005 2 view .LVU802
1005:Middlewares/Third_Party/FreeRTOS/Source/stream_buffer.c **** 	{
 2869              		.loc 1 1005 22 is_stmt 0 view .LVU803
 2870 0006 027F     		ldrb	r2, [r0, #28]	@ zero_extendqisi2
1005:Middlewares/Third_Party/FreeRTOS/Source/stream_buffer.c **** 	{
 2871              		.loc 1 1005 4 view .LVU804
 2872 0008 12F0010F 		tst	r2, #1
 2873 000c 11D0     		beq	.L203
1007:Middlewares/Third_Party/FreeRTOS/Source/stream_buffer.c **** 	}
 2874              		.loc 1 1007 30 view .LVU805
 2875 000e 0422     		movs	r2, #4
 2876 0010 1446     		mov	r4, r2
 2877              	.L201:
 2878              	.LVL246:
1015:Middlewares/Third_Party/FreeRTOS/Source/stream_buffer.c **** 	{
 2879              		.loc 1 1015 2 is_stmt 1 view .LVU806
1015:Middlewares/Third_Party/FreeRTOS/Source/stream_buffer.c **** 	{
 2880              		.loc 1 1015 6 is_stmt 0 view .LVU807
 2881 0012 1846     		mov	r0, r3
 2882              	.LVL247:
1015:Middlewares/Third_Party/FreeRTOS/Source/stream_buffer.c **** 	{
 2883              		.loc 1 1015 6 view .LVU808
 2884 0014 FFF7FEFF 		bl	xStreamBufferSpacesAvailable
 2885              	.LVL248:
1015:Middlewares/Third_Party/FreeRTOS/Source/stream_buffer.c **** 	{
 2886              		.loc 1 1015 4 discriminator 1 view .LVU809
 2887 0018 A042     		cmp	r0, r4
 2888 001a 0DD8     		bhi	.L204
1017:Middlewares/Third_Party/FreeRTOS/Source/stream_buffer.c **** 	}
 2889              		.loc 1 1017 11 view .LVU810
 2890 001c 0120     		movs	r0, #1
 2891              	.L198:
1025:Middlewares/Third_Party/FreeRTOS/Source/stream_buffer.c **** /*-----------------------------------------------------------*/
 2892              		.loc 1 1025 1 view .LVU811
 2893 001e 10BD     		pop	{r4, pc}
 2894              	.LVL249:
 2895              	.L207:
 2896              		.cfi_def_cfa_offset 0
 2897              		.cfi_restore 4
 2898              		.cfi_restore 14
 999:Middlewares/Third_Party/FreeRTOS/Source/stream_buffer.c **** 
 2899              		.loc 1 999 2 is_stmt 1 discriminator 1 view .LVU812
 2900              	.LBB177:
 2901              	.LBI177:
 191:Middlewares/Third_Party/FreeRTOS/Source/portable/GCC/ARM_CM4F/portmacro.h **** {
 2902              		.loc 2 191 30 view .LVU813
 2903              	.LBB178:
 193:Middlewares/Third_Party/FreeRTOS/Source/portable/GCC/ARM_CM4F/portmacro.h **** 
 2904              		.loc 2 193 1 view .LVU814
 195:Middlewares/Third_Party/FreeRTOS/Source/portable/GCC/ARM_CM4F/portmacro.h **** 	(
 2905              		.loc 2 195 2 view .LVU815
 2906              		.syntax unified
 2907              	@ 195 "Middlewares/Third_Party/FreeRTOS/Source/portable/GCC/ARM_CM4F/portmacro.h" 1
 2908 0020 4FF05003 			mov r3, #80												
 2909 0024 83F31188 		msr basepri, r3											
 2910 0028 BFF36F8F 		isb														
 2911 002c BFF34F8F 		dsb														
ARM GAS  C:\Users\jason\AppData\Local\Temp\ccFJFDwG.s 			page 90


 2912              	
 2913              	@ 0 "" 2
 2914              		.thumb
 2915              		.syntax unified
 2916              	.L200:
 2917              	.LBE178:
 2918              	.LBE177:
 999:Middlewares/Third_Party/FreeRTOS/Source/stream_buffer.c **** 
 2919              		.loc 1 999 2 view .LVU816
 2920 0030 FEE7     		b	.L200
 2921              	.L203:
 2922              		.cfi_def_cfa_offset 8
 2923              		.cfi_offset 4, -8
 2924              		.cfi_offset 14, -4
1011:Middlewares/Third_Party/FreeRTOS/Source/stream_buffer.c **** 	}
 2925              		.loc 1 1011 30 is_stmt 0 view .LVU817
 2926 0032 0022     		movs	r2, #0
 2927 0034 1446     		mov	r4, r2
 2928 0036 ECE7     		b	.L201
 2929              	.LVL250:
 2930              	.L204:
1021:Middlewares/Third_Party/FreeRTOS/Source/stream_buffer.c **** 	}
 2931              		.loc 1 1021 11 view .LVU818
 2932 0038 0020     		movs	r0, #0
 2933              	.LVL251:
1024:Middlewares/Third_Party/FreeRTOS/Source/stream_buffer.c **** }
 2934              		.loc 1 1024 2 is_stmt 1 view .LVU819
1024:Middlewares/Third_Party/FreeRTOS/Source/stream_buffer.c **** }
 2935              		.loc 1 1024 9 is_stmt 0 view .LVU820
 2936 003a F0E7     		b	.L198
 2937              		.cfi_endproc
 2938              	.LFE19:
 2940              		.section	.text.xStreamBufferSendCompletedFromISR,"ax",%progbits
 2941              		.align	1
 2942              		.global	xStreamBufferSendCompletedFromISR
 2943              		.syntax unified
 2944              		.thumb
 2945              		.thumb_func
 2947              	xStreamBufferSendCompletedFromISR:
 2948              	.LVL252:
 2949              	.LFB20:
1029:Middlewares/Third_Party/FreeRTOS/Source/stream_buffer.c **** StreamBuffer_t * const pxStreamBuffer = xStreamBuffer;
 2950              		.loc 1 1029 1 is_stmt 1 view -0
 2951              		.cfi_startproc
 2952              		@ args = 0, pretend = 0, frame = 0
 2953              		@ frame_needed = 0, uses_anonymous_args = 0
1030:Middlewares/Third_Party/FreeRTOS/Source/stream_buffer.c **** BaseType_t xReturn;
 2954              		.loc 1 1030 1 view .LVU822
1031:Middlewares/Third_Party/FreeRTOS/Source/stream_buffer.c **** UBaseType_t uxSavedInterruptStatus;
 2955              		.loc 1 1031 1 view .LVU823
1032:Middlewares/Third_Party/FreeRTOS/Source/stream_buffer.c **** 
 2956              		.loc 1 1032 1 view .LVU824
1034:Middlewares/Third_Party/FreeRTOS/Source/stream_buffer.c **** 
 2957              		.loc 1 1034 2 view .LVU825
 2958 0000 E8B1     		cbz	r0, .L215
1029:Middlewares/Third_Party/FreeRTOS/Source/stream_buffer.c **** StreamBuffer_t * const pxStreamBuffer = xStreamBuffer;
 2959              		.loc 1 1029 1 is_stmt 0 view .LVU826
ARM GAS  C:\Users\jason\AppData\Local\Temp\ccFJFDwG.s 			page 91


 2960 0002 30B5     		push	{r4, r5, lr}
 2961              		.cfi_def_cfa_offset 12
 2962              		.cfi_offset 4, -12
 2963              		.cfi_offset 5, -8
 2964              		.cfi_offset 14, -4
 2965 0004 83B0     		sub	sp, sp, #12
 2966              		.cfi_def_cfa_offset 24
 2967 0006 0446     		mov	r4, r0
1034:Middlewares/Third_Party/FreeRTOS/Source/stream_buffer.c **** 
 2968              		.loc 1 1034 32 is_stmt 1 view .LVU827
1036:Middlewares/Third_Party/FreeRTOS/Source/stream_buffer.c **** 	{
 2969              		.loc 1 1036 2 view .LVU828
 2970              	.LBB179:
 2971              	.LBI179:
 207:Middlewares/Third_Party/FreeRTOS/Source/portable/GCC/ARM_CM4F/portmacro.h **** {
 2972              		.loc 2 207 34 view .LVU829
 2973              	.LBB180:
 209:Middlewares/Third_Party/FreeRTOS/Source/portable/GCC/ARM_CM4F/portmacro.h **** 
 2974              		.loc 2 209 1 view .LVU830
 211:Middlewares/Third_Party/FreeRTOS/Source/portable/GCC/ARM_CM4F/portmacro.h **** 	(
 2975              		.loc 2 211 2 view .LVU831
 2976              		.syntax unified
 2977              	@ 211 "Middlewares/Third_Party/FreeRTOS/Source/portable/GCC/ARM_CM4F/portmacro.h" 1
 2978 0008 EFF31183 			mrs r3, basepri											
 2979 000c 4FF05002 		mov r2, #80												
 2980 0010 82F31188 		msr basepri, r2											
 2981 0014 BFF36F8F 		isb														
 2982 0018 BFF34F8F 		dsb														
 2983              	
 2984              	@ 0 "" 2
 2985              		.thumb
 2986              		.syntax unified
 2987 001c 1D46     		mov	r5, r3
 223:Middlewares/Third_Party/FreeRTOS/Source/portable/GCC/ARM_CM4F/portmacro.h **** }
 2988              		.loc 2 223 2 view .LVU832
 2989              	.LVL253:
 223:Middlewares/Third_Party/FreeRTOS/Source/portable/GCC/ARM_CM4F/portmacro.h **** }
 2990              		.loc 2 223 2 is_stmt 0 view .LVU833
 2991              	.LBE180:
 2992              	.LBE179:
1038:Middlewares/Third_Party/FreeRTOS/Source/stream_buffer.c **** 		{
 2993              		.loc 1 1038 3 is_stmt 1 view .LVU834
1038:Middlewares/Third_Party/FreeRTOS/Source/stream_buffer.c **** 		{
 2994              		.loc 1 1038 25 is_stmt 0 view .LVU835
 2995 001e 0369     		ldr	r3, [r0, #16]
 2996              	.LVL254:
1038:Middlewares/Third_Party/FreeRTOS/Source/stream_buffer.c **** 		{
 2997              		.loc 1 1038 5 view .LVU836
 2998 0020 B3B1     		cbz	r3, .L212
1040:Middlewares/Third_Party/FreeRTOS/Source/stream_buffer.c **** 										 ( uint32_t ) 0,
 2999              		.loc 1 1040 4 is_stmt 1 view .LVU837
1040:Middlewares/Third_Party/FreeRTOS/Source/stream_buffer.c **** 										 ( uint32_t ) 0,
 3000              		.loc 1 1040 13 is_stmt 0 view .LVU838
 3001 0022 0069     		ldr	r0, [r0, #16]
 3002              	.LVL255:
1040:Middlewares/Third_Party/FreeRTOS/Source/stream_buffer.c **** 										 ( uint32_t ) 0,
 3003              		.loc 1 1040 13 view .LVU839
ARM GAS  C:\Users\jason\AppData\Local\Temp\ccFJFDwG.s 			page 92


 3004 0024 0091     		str	r1, [sp]
 3005 0026 0023     		movs	r3, #0
 3006 0028 1A46     		mov	r2, r3
 3007 002a 1946     		mov	r1, r3
 3008              	.LVL256:
1040:Middlewares/Third_Party/FreeRTOS/Source/stream_buffer.c **** 										 ( uint32_t ) 0,
 3009              		.loc 1 1040 13 view .LVU840
 3010 002c FFF7FEFF 		bl	xTaskGenericNotifyFromISR
 3011              	.LVL257:
1044:Middlewares/Third_Party/FreeRTOS/Source/stream_buffer.c **** 			xReturn = pdTRUE;
 3012              		.loc 1 1044 4 is_stmt 1 view .LVU841
1044:Middlewares/Third_Party/FreeRTOS/Source/stream_buffer.c **** 			xReturn = pdTRUE;
 3013              		.loc 1 1044 46 is_stmt 0 view .LVU842
 3014 0030 0023     		movs	r3, #0
 3015 0032 2361     		str	r3, [r4, #16]
1045:Middlewares/Third_Party/FreeRTOS/Source/stream_buffer.c **** 		}
 3016              		.loc 1 1045 4 is_stmt 1 view .LVU843
 3017              	.LVL258:
1045:Middlewares/Third_Party/FreeRTOS/Source/stream_buffer.c **** 		}
 3018              		.loc 1 1045 12 is_stmt 0 view .LVU844
 3019 0034 0120     		movs	r0, #1
 3020              	.LVL259:
 3021              	.L211:
1052:Middlewares/Third_Party/FreeRTOS/Source/stream_buffer.c **** 
 3022              		.loc 1 1052 2 is_stmt 1 view .LVU845
 3023              	.LBB181:
 3024              	.LBI181:
 227:Middlewares/Third_Party/FreeRTOS/Source/portable/GCC/ARM_CM4F/portmacro.h **** {
 3025              		.loc 2 227 30 view .LVU846
 3026              	.LBB182:
 229:Middlewares/Third_Party/FreeRTOS/Source/portable/GCC/ARM_CM4F/portmacro.h **** 	(
 3027              		.loc 2 229 2 view .LVU847
 3028              		.syntax unified
 3029              	@ 229 "Middlewares/Third_Party/FreeRTOS/Source/portable/GCC/ARM_CM4F/portmacro.h" 1
 3030 0036 85F31188 			msr basepri, r5	
 3031              	@ 0 "" 2
 3032              		.thumb
 3033              		.syntax unified
 3034              	.LBE182:
 3035              	.LBE181:
1054:Middlewares/Third_Party/FreeRTOS/Source/stream_buffer.c **** }
 3036              		.loc 1 1054 2 view .LVU848
1055:Middlewares/Third_Party/FreeRTOS/Source/stream_buffer.c **** /*-----------------------------------------------------------*/
 3037              		.loc 1 1055 1 is_stmt 0 view .LVU849
 3038 003a 03B0     		add	sp, sp, #12
 3039              		.cfi_def_cfa_offset 12
 3040              		@ sp needed
 3041 003c 30BD     		pop	{r4, r5, pc}
 3042              	.LVL260:
 3043              	.L215:
 3044              		.cfi_def_cfa_offset 0
 3045              		.cfi_restore 4
 3046              		.cfi_restore 5
 3047              		.cfi_restore 14
1034:Middlewares/Third_Party/FreeRTOS/Source/stream_buffer.c **** 
 3048              		.loc 1 1034 2 is_stmt 1 discriminator 1 view .LVU850
 3049              	.LBB183:
ARM GAS  C:\Users\jason\AppData\Local\Temp\ccFJFDwG.s 			page 93


 3050              	.LBI183:
 191:Middlewares/Third_Party/FreeRTOS/Source/portable/GCC/ARM_CM4F/portmacro.h **** {
 3051              		.loc 2 191 30 view .LVU851
 3052              	.LBB184:
 193:Middlewares/Third_Party/FreeRTOS/Source/portable/GCC/ARM_CM4F/portmacro.h **** 
 3053              		.loc 2 193 1 view .LVU852
 195:Middlewares/Third_Party/FreeRTOS/Source/portable/GCC/ARM_CM4F/portmacro.h **** 	(
 3054              		.loc 2 195 2 view .LVU853
 3055              		.syntax unified
 3056              	@ 195 "Middlewares/Third_Party/FreeRTOS/Source/portable/GCC/ARM_CM4F/portmacro.h" 1
 3057 003e 4FF05003 			mov r3, #80												
 3058 0042 83F31188 		msr basepri, r3											
 3059 0046 BFF36F8F 		isb														
 3060 004a BFF34F8F 		dsb														
 3061              	
 3062              	@ 0 "" 2
 3063              		.thumb
 3064              		.syntax unified
 3065              	.L210:
 3066              	.LBE184:
 3067              	.LBE183:
1034:Middlewares/Third_Party/FreeRTOS/Source/stream_buffer.c **** 
 3068              		.loc 1 1034 2 view .LVU854
 3069 004e FEE7     		b	.L210
 3070              	.LVL261:
 3071              	.L212:
 3072              		.cfi_def_cfa_offset 24
 3073              		.cfi_offset 4, -12
 3074              		.cfi_offset 5, -8
 3075              		.cfi_offset 14, -4
1049:Middlewares/Third_Party/FreeRTOS/Source/stream_buffer.c **** 		}
 3076              		.loc 1 1049 12 is_stmt 0 view .LVU855
 3077 0050 1846     		mov	r0, r3
 3078              	.LVL262:
1049:Middlewares/Third_Party/FreeRTOS/Source/stream_buffer.c **** 		}
 3079              		.loc 1 1049 12 view .LVU856
 3080 0052 F0E7     		b	.L211
 3081              		.cfi_endproc
 3082              	.LFE20:
 3084              		.section	.text.xStreamBufferReceiveCompletedFromISR,"ax",%progbits
 3085              		.align	1
 3086              		.global	xStreamBufferReceiveCompletedFromISR
 3087              		.syntax unified
 3088              		.thumb
 3089              		.thumb_func
 3091              	xStreamBufferReceiveCompletedFromISR:
 3092              	.LVL263:
 3093              	.LFB21:
1059:Middlewares/Third_Party/FreeRTOS/Source/stream_buffer.c **** StreamBuffer_t * const pxStreamBuffer = xStreamBuffer;
 3094              		.loc 1 1059 1 is_stmt 1 view -0
 3095              		.cfi_startproc
 3096              		@ args = 0, pretend = 0, frame = 0
 3097              		@ frame_needed = 0, uses_anonymous_args = 0
1060:Middlewares/Third_Party/FreeRTOS/Source/stream_buffer.c **** BaseType_t xReturn;
 3098              		.loc 1 1060 1 view .LVU858
1061:Middlewares/Third_Party/FreeRTOS/Source/stream_buffer.c **** UBaseType_t uxSavedInterruptStatus;
 3099              		.loc 1 1061 1 view .LVU859
ARM GAS  C:\Users\jason\AppData\Local\Temp\ccFJFDwG.s 			page 94


1062:Middlewares/Third_Party/FreeRTOS/Source/stream_buffer.c **** 
 3100              		.loc 1 1062 1 view .LVU860
1064:Middlewares/Third_Party/FreeRTOS/Source/stream_buffer.c **** 
 3101              		.loc 1 1064 2 view .LVU861
 3102 0000 E8B1     		cbz	r0, .L223
1059:Middlewares/Third_Party/FreeRTOS/Source/stream_buffer.c **** StreamBuffer_t * const pxStreamBuffer = xStreamBuffer;
 3103              		.loc 1 1059 1 is_stmt 0 view .LVU862
 3104 0002 30B5     		push	{r4, r5, lr}
 3105              		.cfi_def_cfa_offset 12
 3106              		.cfi_offset 4, -12
 3107              		.cfi_offset 5, -8
 3108              		.cfi_offset 14, -4
 3109 0004 83B0     		sub	sp, sp, #12
 3110              		.cfi_def_cfa_offset 24
 3111 0006 0446     		mov	r4, r0
1064:Middlewares/Third_Party/FreeRTOS/Source/stream_buffer.c **** 
 3112              		.loc 1 1064 32 is_stmt 1 view .LVU863
1066:Middlewares/Third_Party/FreeRTOS/Source/stream_buffer.c **** 	{
 3113              		.loc 1 1066 2 view .LVU864
 3114              	.LBB185:
 3115              	.LBI185:
 207:Middlewares/Third_Party/FreeRTOS/Source/portable/GCC/ARM_CM4F/portmacro.h **** {
 3116              		.loc 2 207 34 view .LVU865
 3117              	.LBB186:
 209:Middlewares/Third_Party/FreeRTOS/Source/portable/GCC/ARM_CM4F/portmacro.h **** 
 3118              		.loc 2 209 1 view .LVU866
 211:Middlewares/Third_Party/FreeRTOS/Source/portable/GCC/ARM_CM4F/portmacro.h **** 	(
 3119              		.loc 2 211 2 view .LVU867
 3120              		.syntax unified
 3121              	@ 211 "Middlewares/Third_Party/FreeRTOS/Source/portable/GCC/ARM_CM4F/portmacro.h" 1
 3122 0008 EFF31183 			mrs r3, basepri											
 3123 000c 4FF05002 		mov r2, #80												
 3124 0010 82F31188 		msr basepri, r2											
 3125 0014 BFF36F8F 		isb														
 3126 0018 BFF34F8F 		dsb														
 3127              	
 3128              	@ 0 "" 2
 3129              		.thumb
 3130              		.syntax unified
 3131 001c 1D46     		mov	r5, r3
 223:Middlewares/Third_Party/FreeRTOS/Source/portable/GCC/ARM_CM4F/portmacro.h **** }
 3132              		.loc 2 223 2 view .LVU868
 3133              	.LVL264:
 223:Middlewares/Third_Party/FreeRTOS/Source/portable/GCC/ARM_CM4F/portmacro.h **** }
 3134              		.loc 2 223 2 is_stmt 0 view .LVU869
 3135              	.LBE186:
 3136              	.LBE185:
1068:Middlewares/Third_Party/FreeRTOS/Source/stream_buffer.c **** 		{
 3137              		.loc 1 1068 3 is_stmt 1 view .LVU870
1068:Middlewares/Third_Party/FreeRTOS/Source/stream_buffer.c **** 		{
 3138              		.loc 1 1068 25 is_stmt 0 view .LVU871
 3139 001e 4369     		ldr	r3, [r0, #20]
 3140              	.LVL265:
1068:Middlewares/Third_Party/FreeRTOS/Source/stream_buffer.c **** 		{
 3141              		.loc 1 1068 5 view .LVU872
 3142 0020 B3B1     		cbz	r3, .L220
1070:Middlewares/Third_Party/FreeRTOS/Source/stream_buffer.c **** 										 ( uint32_t ) 0,
ARM GAS  C:\Users\jason\AppData\Local\Temp\ccFJFDwG.s 			page 95


 3143              		.loc 1 1070 4 is_stmt 1 view .LVU873
1070:Middlewares/Third_Party/FreeRTOS/Source/stream_buffer.c **** 										 ( uint32_t ) 0,
 3144              		.loc 1 1070 13 is_stmt 0 view .LVU874
 3145 0022 4069     		ldr	r0, [r0, #20]
 3146              	.LVL266:
1070:Middlewares/Third_Party/FreeRTOS/Source/stream_buffer.c **** 										 ( uint32_t ) 0,
 3147              		.loc 1 1070 13 view .LVU875
 3148 0024 0091     		str	r1, [sp]
 3149 0026 0023     		movs	r3, #0
 3150 0028 1A46     		mov	r2, r3
 3151 002a 1946     		mov	r1, r3
 3152              	.LVL267:
1070:Middlewares/Third_Party/FreeRTOS/Source/stream_buffer.c **** 										 ( uint32_t ) 0,
 3153              		.loc 1 1070 13 view .LVU876
 3154 002c FFF7FEFF 		bl	xTaskGenericNotifyFromISR
 3155              	.LVL268:
1074:Middlewares/Third_Party/FreeRTOS/Source/stream_buffer.c **** 			xReturn = pdTRUE;
 3156              		.loc 1 1074 4 is_stmt 1 view .LVU877
1074:Middlewares/Third_Party/FreeRTOS/Source/stream_buffer.c **** 			xReturn = pdTRUE;
 3157              		.loc 1 1074 43 is_stmt 0 view .LVU878
 3158 0030 0023     		movs	r3, #0
 3159 0032 6361     		str	r3, [r4, #20]
1075:Middlewares/Third_Party/FreeRTOS/Source/stream_buffer.c **** 		}
 3160              		.loc 1 1075 4 is_stmt 1 view .LVU879
 3161              	.LVL269:
1075:Middlewares/Third_Party/FreeRTOS/Source/stream_buffer.c **** 		}
 3162              		.loc 1 1075 12 is_stmt 0 view .LVU880
 3163 0034 0120     		movs	r0, #1
 3164              	.LVL270:
 3165              	.L219:
1082:Middlewares/Third_Party/FreeRTOS/Source/stream_buffer.c **** 
 3166              		.loc 1 1082 2 is_stmt 1 view .LVU881
 3167              	.LBB187:
 3168              	.LBI187:
 227:Middlewares/Third_Party/FreeRTOS/Source/portable/GCC/ARM_CM4F/portmacro.h **** {
 3169              		.loc 2 227 30 view .LVU882
 3170              	.LBB188:
 229:Middlewares/Third_Party/FreeRTOS/Source/portable/GCC/ARM_CM4F/portmacro.h **** 	(
 3171              		.loc 2 229 2 view .LVU883
 3172              		.syntax unified
 3173              	@ 229 "Middlewares/Third_Party/FreeRTOS/Source/portable/GCC/ARM_CM4F/portmacro.h" 1
 3174 0036 85F31188 			msr basepri, r5	
 3175              	@ 0 "" 2
 3176              		.thumb
 3177              		.syntax unified
 3178              	.LBE188:
 3179              	.LBE187:
1084:Middlewares/Third_Party/FreeRTOS/Source/stream_buffer.c **** }
 3180              		.loc 1 1084 2 view .LVU884
1085:Middlewares/Third_Party/FreeRTOS/Source/stream_buffer.c **** /*-----------------------------------------------------------*/
 3181              		.loc 1 1085 1 is_stmt 0 view .LVU885
 3182 003a 03B0     		add	sp, sp, #12
 3183              		.cfi_def_cfa_offset 12
 3184              		@ sp needed
 3185 003c 30BD     		pop	{r4, r5, pc}
 3186              	.LVL271:
 3187              	.L223:
ARM GAS  C:\Users\jason\AppData\Local\Temp\ccFJFDwG.s 			page 96


 3188              		.cfi_def_cfa_offset 0
 3189              		.cfi_restore 4
 3190              		.cfi_restore 5
 3191              		.cfi_restore 14
1064:Middlewares/Third_Party/FreeRTOS/Source/stream_buffer.c **** 
 3192              		.loc 1 1064 2 is_stmt 1 discriminator 1 view .LVU886
 3193              	.LBB189:
 3194              	.LBI189:
 191:Middlewares/Third_Party/FreeRTOS/Source/portable/GCC/ARM_CM4F/portmacro.h **** {
 3195              		.loc 2 191 30 view .LVU887
 3196              	.LBB190:
 193:Middlewares/Third_Party/FreeRTOS/Source/portable/GCC/ARM_CM4F/portmacro.h **** 
 3197              		.loc 2 193 1 view .LVU888
 195:Middlewares/Third_Party/FreeRTOS/Source/portable/GCC/ARM_CM4F/portmacro.h **** 	(
 3198              		.loc 2 195 2 view .LVU889
 3199              		.syntax unified
 3200              	@ 195 "Middlewares/Third_Party/FreeRTOS/Source/portable/GCC/ARM_CM4F/portmacro.h" 1
 3201 003e 4FF05003 			mov r3, #80												
 3202 0042 83F31188 		msr basepri, r3											
 3203 0046 BFF36F8F 		isb														
 3204 004a BFF34F8F 		dsb														
 3205              	
 3206              	@ 0 "" 2
 3207              		.thumb
 3208              		.syntax unified
 3209              	.L218:
 3210              	.LBE190:
 3211              	.LBE189:
1064:Middlewares/Third_Party/FreeRTOS/Source/stream_buffer.c **** 
 3212              		.loc 1 1064 2 view .LVU890
 3213 004e FEE7     		b	.L218
 3214              	.LVL272:
 3215              	.L220:
 3216              		.cfi_def_cfa_offset 24
 3217              		.cfi_offset 4, -12
 3218              		.cfi_offset 5, -8
 3219              		.cfi_offset 14, -4
1079:Middlewares/Third_Party/FreeRTOS/Source/stream_buffer.c **** 		}
 3220              		.loc 1 1079 12 is_stmt 0 view .LVU891
 3221 0050 1846     		mov	r0, r3
 3222              	.LVL273:
1079:Middlewares/Third_Party/FreeRTOS/Source/stream_buffer.c **** 		}
 3223              		.loc 1 1079 12 view .LVU892
 3224 0052 F0E7     		b	.L219
 3225              		.cfi_endproc
 3226              	.LFE21:
 3228              		.section	.text.uxStreamBufferGetStreamBufferNumber,"ax",%progbits
 3229              		.align	1
 3230              		.global	uxStreamBufferGetStreamBufferNumber
 3231              		.syntax unified
 3232              		.thumb
 3233              		.thumb_func
 3235              	uxStreamBufferGetStreamBufferNumber:
 3236              	.LVL274:
 3237              	.LFB26:
1234:Middlewares/Third_Party/FreeRTOS/Source/stream_buffer.c **** 
1235:Middlewares/Third_Party/FreeRTOS/Source/stream_buffer.c **** #if ( configUSE_TRACE_FACILITY == 1 )
ARM GAS  C:\Users\jason\AppData\Local\Temp\ccFJFDwG.s 			page 97


1236:Middlewares/Third_Party/FreeRTOS/Source/stream_buffer.c **** 
1237:Middlewares/Third_Party/FreeRTOS/Source/stream_buffer.c **** 	UBaseType_t uxStreamBufferGetStreamBufferNumber( StreamBufferHandle_t xStreamBuffer )
1238:Middlewares/Third_Party/FreeRTOS/Source/stream_buffer.c **** 	{
 3238              		.loc 1 1238 2 is_stmt 1 view -0
 3239              		.cfi_startproc
 3240              		@ args = 0, pretend = 0, frame = 0
 3241              		@ frame_needed = 0, uses_anonymous_args = 0
 3242              		@ link register save eliminated.
1239:Middlewares/Third_Party/FreeRTOS/Source/stream_buffer.c **** 		return xStreamBuffer->uxStreamBufferNumber;
 3243              		.loc 1 1239 3 view .LVU894
1240:Middlewares/Third_Party/FreeRTOS/Source/stream_buffer.c **** 	}
 3244              		.loc 1 1240 2 is_stmt 0 view .LVU895
 3245 0000 006A     		ldr	r0, [r0, #32]
 3246              	.LVL275:
 3247              		.loc 1 1240 2 view .LVU896
 3248 0002 7047     		bx	lr
 3249              		.cfi_endproc
 3250              	.LFE26:
 3252              		.section	.text.vStreamBufferSetStreamBufferNumber,"ax",%progbits
 3253              		.align	1
 3254              		.global	vStreamBufferSetStreamBufferNumber
 3255              		.syntax unified
 3256              		.thumb
 3257              		.thumb_func
 3259              	vStreamBufferSetStreamBufferNumber:
 3260              	.LVL276:
 3261              	.LFB27:
1241:Middlewares/Third_Party/FreeRTOS/Source/stream_buffer.c **** 
1242:Middlewares/Third_Party/FreeRTOS/Source/stream_buffer.c **** #endif /* configUSE_TRACE_FACILITY */
1243:Middlewares/Third_Party/FreeRTOS/Source/stream_buffer.c **** /*-----------------------------------------------------------*/
1244:Middlewares/Third_Party/FreeRTOS/Source/stream_buffer.c **** 
1245:Middlewares/Third_Party/FreeRTOS/Source/stream_buffer.c **** #if ( configUSE_TRACE_FACILITY == 1 )
1246:Middlewares/Third_Party/FreeRTOS/Source/stream_buffer.c **** 
1247:Middlewares/Third_Party/FreeRTOS/Source/stream_buffer.c **** 	void vStreamBufferSetStreamBufferNumber( StreamBufferHandle_t xStreamBuffer, UBaseType_t uxStreamB
1248:Middlewares/Third_Party/FreeRTOS/Source/stream_buffer.c **** 	{
 3262              		.loc 1 1248 2 is_stmt 1 view -0
 3263              		.cfi_startproc
 3264              		@ args = 0, pretend = 0, frame = 0
 3265              		@ frame_needed = 0, uses_anonymous_args = 0
 3266              		@ link register save eliminated.
1249:Middlewares/Third_Party/FreeRTOS/Source/stream_buffer.c **** 		xStreamBuffer->uxStreamBufferNumber = uxStreamBufferNumber;
 3267              		.loc 1 1249 3 view .LVU898
 3268              		.loc 1 1249 39 is_stmt 0 view .LVU899
 3269 0000 0162     		str	r1, [r0, #32]
1250:Middlewares/Third_Party/FreeRTOS/Source/stream_buffer.c **** 	}
 3270              		.loc 1 1250 2 view .LVU900
 3271 0002 7047     		bx	lr
 3272              		.cfi_endproc
 3273              	.LFE27:
 3275              		.section	.text.ucStreamBufferGetStreamBufferType,"ax",%progbits
 3276              		.align	1
 3277              		.global	ucStreamBufferGetStreamBufferType
 3278              		.syntax unified
 3279              		.thumb
 3280              		.thumb_func
 3282              	ucStreamBufferGetStreamBufferType:
 3283              	.LVL277:
ARM GAS  C:\Users\jason\AppData\Local\Temp\ccFJFDwG.s 			page 98


 3284              	.LFB28:
1251:Middlewares/Third_Party/FreeRTOS/Source/stream_buffer.c **** 
1252:Middlewares/Third_Party/FreeRTOS/Source/stream_buffer.c **** #endif /* configUSE_TRACE_FACILITY */
1253:Middlewares/Third_Party/FreeRTOS/Source/stream_buffer.c **** /*-----------------------------------------------------------*/
1254:Middlewares/Third_Party/FreeRTOS/Source/stream_buffer.c **** 
1255:Middlewares/Third_Party/FreeRTOS/Source/stream_buffer.c **** #if ( configUSE_TRACE_FACILITY == 1 )
1256:Middlewares/Third_Party/FreeRTOS/Source/stream_buffer.c **** 
1257:Middlewares/Third_Party/FreeRTOS/Source/stream_buffer.c **** 	uint8_t ucStreamBufferGetStreamBufferType( StreamBufferHandle_t xStreamBuffer )
1258:Middlewares/Third_Party/FreeRTOS/Source/stream_buffer.c **** 	{
 3285              		.loc 1 1258 2 is_stmt 1 view -0
 3286              		.cfi_startproc
 3287              		@ args = 0, pretend = 0, frame = 0
 3288              		@ frame_needed = 0, uses_anonymous_args = 0
 3289              		@ link register save eliminated.
1259:Middlewares/Third_Party/FreeRTOS/Source/stream_buffer.c **** 		return ( xStreamBuffer->ucFlags & sbFLAGS_IS_MESSAGE_BUFFER );
 3290              		.loc 1 1259 3 view .LVU902
 3291              		.loc 1 1259 25 is_stmt 0 view .LVU903
 3292 0000 007F     		ldrb	r0, [r0, #28]	@ zero_extendqisi2
 3293              	.LVL278:
1260:Middlewares/Third_Party/FreeRTOS/Source/stream_buffer.c **** 	}
 3294              		.loc 1 1260 2 view .LVU904
 3295 0002 00F00100 		and	r0, r0, #1
 3296 0006 7047     		bx	lr
 3297              		.cfi_endproc
 3298              	.LFE28:
 3300              		.text
 3301              	.Letext0:
 3302              		.file 3 "C:/Users/jason/AppData/Roaming/Code/User/globalStorage/bmd.stm32-for-vscode/@xpack-dev-to
 3303              		.file 4 "C:/Users/jason/AppData/Roaming/Code/User/globalStorage/bmd.stm32-for-vscode/@xpack-dev-to
 3304              		.file 5 "C:/Users/jason/AppData/Roaming/Code/User/globalStorage/bmd.stm32-for-vscode/@xpack-dev-to
 3305              		.file 6 "Middlewares/Third_Party/FreeRTOS/Source/include/FreeRTOS.h"
 3306              		.file 7 "Middlewares/Third_Party/FreeRTOS/Source/include/task.h"
 3307              		.file 8 "Middlewares/Third_Party/FreeRTOS/Source/include/stream_buffer.h"
 3308              		.file 9 "C:/Users/jason/AppData/Roaming/Code/User/globalStorage/bmd.stm32-for-vscode/@xpack-dev-to
 3309              		.file 10 "Middlewares/Third_Party/FreeRTOS/Source/include/portable.h"
 3310              		.file 11 "<built-in>"
ARM GAS  C:\Users\jason\AppData\Local\Temp\ccFJFDwG.s 			page 99


DEFINED SYMBOLS
                            *ABS*:00000000 stream_buffer.c
C:\Users\jason\AppData\Local\Temp\ccFJFDwG.s:20     .text.prvBytesInBuffer:00000000 $t
C:\Users\jason\AppData\Local\Temp\ccFJFDwG.s:25     .text.prvBytesInBuffer:00000000 prvBytesInBuffer
C:\Users\jason\AppData\Local\Temp\ccFJFDwG.s:66     .text.prvInitialiseNewStreamBuffer:00000000 $t
C:\Users\jason\AppData\Local\Temp\ccFJFDwG.s:71     .text.prvInitialiseNewStreamBuffer:00000000 prvInitialiseNewStreamBuffer
C:\Users\jason\AppData\Local\Temp\ccFJFDwG.s:159    .text.prvWriteBytesToBuffer:00000000 $t
C:\Users\jason\AppData\Local\Temp\ccFJFDwG.s:164    .text.prvWriteBytesToBuffer:00000000 prvWriteBytesToBuffer
C:\Users\jason\AppData\Local\Temp\ccFJFDwG.s:339    .text.prvWriteMessageToBuffer:00000000 $t
C:\Users\jason\AppData\Local\Temp\ccFJFDwG.s:344    .text.prvWriteMessageToBuffer:00000000 prvWriteMessageToBuffer
C:\Users\jason\AppData\Local\Temp\ccFJFDwG.s:441    .text.prvReadBytesFromBuffer:00000000 $t
C:\Users\jason\AppData\Local\Temp\ccFJFDwG.s:446    .text.prvReadBytesFromBuffer:00000000 prvReadBytesFromBuffer
C:\Users\jason\AppData\Local\Temp\ccFJFDwG.s:619    .text.prvReadMessageFromBuffer:00000000 $t
C:\Users\jason\AppData\Local\Temp\ccFJFDwG.s:624    .text.prvReadMessageFromBuffer:00000000 prvReadMessageFromBuffer
C:\Users\jason\AppData\Local\Temp\ccFJFDwG.s:729    .text.xStreamBufferGenericCreate:00000000 $t
C:\Users\jason\AppData\Local\Temp\ccFJFDwG.s:735    .text.xStreamBufferGenericCreate:00000000 xStreamBufferGenericCreate
C:\Users\jason\AppData\Local\Temp\ccFJFDwG.s:897    .text.xStreamBufferGenericCreateStatic:00000000 $t
C:\Users\jason\AppData\Local\Temp\ccFJFDwG.s:903    .text.xStreamBufferGenericCreateStatic:00000000 xStreamBufferGenericCreateStatic
C:\Users\jason\AppData\Local\Temp\ccFJFDwG.s:1137   .text.vStreamBufferDelete:00000000 $t
C:\Users\jason\AppData\Local\Temp\ccFJFDwG.s:1143   .text.vStreamBufferDelete:00000000 vStreamBufferDelete
C:\Users\jason\AppData\Local\Temp\ccFJFDwG.s:1210   .text.xStreamBufferReset:00000000 $t
C:\Users\jason\AppData\Local\Temp\ccFJFDwG.s:1216   .text.xStreamBufferReset:00000000 xStreamBufferReset
C:\Users\jason\AppData\Local\Temp\ccFJFDwG.s:1334   .text.xStreamBufferSetTriggerLevel:00000000 $t
C:\Users\jason\AppData\Local\Temp\ccFJFDwG.s:1340   .text.xStreamBufferSetTriggerLevel:00000000 xStreamBufferSetTriggerLevel
C:\Users\jason\AppData\Local\Temp\ccFJFDwG.s:1412   .text.xStreamBufferSpacesAvailable:00000000 $t
C:\Users\jason\AppData\Local\Temp\ccFJFDwG.s:1418   .text.xStreamBufferSpacesAvailable:00000000 xStreamBufferSpacesAvailable
C:\Users\jason\AppData\Local\Temp\ccFJFDwG.s:1493   .text.xStreamBufferBytesAvailable:00000000 $t
C:\Users\jason\AppData\Local\Temp\ccFJFDwG.s:1499   .text.xStreamBufferBytesAvailable:00000000 xStreamBufferBytesAvailable
C:\Users\jason\AppData\Local\Temp\ccFJFDwG.s:1552   .text.xStreamBufferSend:00000000 $t
C:\Users\jason\AppData\Local\Temp\ccFJFDwG.s:1558   .text.xStreamBufferSend:00000000 xStreamBufferSend
C:\Users\jason\AppData\Local\Temp\ccFJFDwG.s:1870   .text.xStreamBufferSendFromISR:00000000 $t
C:\Users\jason\AppData\Local\Temp\ccFJFDwG.s:1876   .text.xStreamBufferSendFromISR:00000000 xStreamBufferSendFromISR
C:\Users\jason\AppData\Local\Temp\ccFJFDwG.s:2108   .text.xStreamBufferReceive:00000000 $t
C:\Users\jason\AppData\Local\Temp\ccFJFDwG.s:2114   .text.xStreamBufferReceive:00000000 xStreamBufferReceive
C:\Users\jason\AppData\Local\Temp\ccFJFDwG.s:2398   .text.xStreamBufferNextMessageLengthBytes:00000000 $t
C:\Users\jason\AppData\Local\Temp\ccFJFDwG.s:2404   .text.xStreamBufferNextMessageLengthBytes:00000000 xStreamBufferNextMessageLengthBytes
C:\Users\jason\AppData\Local\Temp\ccFJFDwG.s:2535   .text.xStreamBufferReceiveFromISR:00000000 $t
C:\Users\jason\AppData\Local\Temp\ccFJFDwG.s:2541   .text.xStreamBufferReceiveFromISR:00000000 xStreamBufferReceiveFromISR
C:\Users\jason\AppData\Local\Temp\ccFJFDwG.s:2772   .text.xStreamBufferIsEmpty:00000000 $t
C:\Users\jason\AppData\Local\Temp\ccFJFDwG.s:2778   .text.xStreamBufferIsEmpty:00000000 xStreamBufferIsEmpty
C:\Users\jason\AppData\Local\Temp\ccFJFDwG.s:2843   .text.xStreamBufferIsFull:00000000 $t
C:\Users\jason\AppData\Local\Temp\ccFJFDwG.s:2849   .text.xStreamBufferIsFull:00000000 xStreamBufferIsFull
C:\Users\jason\AppData\Local\Temp\ccFJFDwG.s:2941   .text.xStreamBufferSendCompletedFromISR:00000000 $t
C:\Users\jason\AppData\Local\Temp\ccFJFDwG.s:2947   .text.xStreamBufferSendCompletedFromISR:00000000 xStreamBufferSendCompletedFromISR
C:\Users\jason\AppData\Local\Temp\ccFJFDwG.s:3085   .text.xStreamBufferReceiveCompletedFromISR:00000000 $t
C:\Users\jason\AppData\Local\Temp\ccFJFDwG.s:3091   .text.xStreamBufferReceiveCompletedFromISR:00000000 xStreamBufferReceiveCompletedFromISR
C:\Users\jason\AppData\Local\Temp\ccFJFDwG.s:3229   .text.uxStreamBufferGetStreamBufferNumber:00000000 $t
C:\Users\jason\AppData\Local\Temp\ccFJFDwG.s:3235   .text.uxStreamBufferGetStreamBufferNumber:00000000 uxStreamBufferGetStreamBufferNumber
C:\Users\jason\AppData\Local\Temp\ccFJFDwG.s:3253   .text.vStreamBufferSetStreamBufferNumber:00000000 $t
C:\Users\jason\AppData\Local\Temp\ccFJFDwG.s:3259   .text.vStreamBufferSetStreamBufferNumber:00000000 vStreamBufferSetStreamBufferNumber
C:\Users\jason\AppData\Local\Temp\ccFJFDwG.s:3276   .text.ucStreamBufferGetStreamBufferType:00000000 $t
C:\Users\jason\AppData\Local\Temp\ccFJFDwG.s:3282   .text.ucStreamBufferGetStreamBufferType:00000000 ucStreamBufferGetStreamBufferType

UNDEFINED SYMBOLS
memset
memcpy
pvPortMalloc
ARM GAS  C:\Users\jason\AppData\Local\Temp\ccFJFDwG.s 			page 100


vPortFree
vPortEnterCritical
vPortExitCritical
vTaskSetTimeOutState
xTaskNotifyStateClear
xTaskGetCurrentTaskHandle
xTaskNotifyWait
xTaskCheckForTimeOut
vTaskSuspendAll
xTaskGenericNotify
xTaskResumeAll
xTaskGenericNotifyFromISR
