ARM GAS  C:\Users\jason\AppData\Local\Temp\ccaXxPCU.s 			page 1


   1              		.cpu cortex-m7
   2              		.arch armv7e-m
   3              		.fpu fpv5-d16
   4              		.eabi_attribute 28, 1
   5              		.eabi_attribute 20, 1
   6              		.eabi_attribute 21, 1
   7              		.eabi_attribute 23, 3
   8              		.eabi_attribute 24, 1
   9              		.eabi_attribute 25, 1
  10              		.eabi_attribute 26, 1
  11              		.eabi_attribute 30, 1
  12              		.eabi_attribute 34, 1
  13              		.eabi_attribute 18, 4
  14              		.file	"tasks.c"
  15              		.text
  16              	.Ltext0:
  17              		.cfi_sections	.debug_frame
  18              		.file 1 "Middlewares/Third_Party/FreeRTOS/Source/tasks.c"
  19              		.section	.text.prvTaskIsTaskSuspended,"ax",%progbits
  20              		.align	1
  21              		.syntax unified
  22              		.thumb
  23              		.thumb_func
  25              	prvTaskIsTaskSuspended:
  26              	.LVL0:
  27              	.LFB16:
   1:Middlewares/Third_Party/FreeRTOS/Source/tasks.c **** /*
   2:Middlewares/Third_Party/FreeRTOS/Source/tasks.c ****  * FreeRTOS Kernel V10.3.1
   3:Middlewares/Third_Party/FreeRTOS/Source/tasks.c ****  * Copyright (C) 2020 Amazon.com, Inc. or its affiliates.  All Rights Reserved.
   4:Middlewares/Third_Party/FreeRTOS/Source/tasks.c ****  *
   5:Middlewares/Third_Party/FreeRTOS/Source/tasks.c ****  * Permission is hereby granted, free of charge, to any person obtaining a copy of
   6:Middlewares/Third_Party/FreeRTOS/Source/tasks.c ****  * this software and associated documentation files (the "Software"), to deal in
   7:Middlewares/Third_Party/FreeRTOS/Source/tasks.c ****  * the Software without restriction, including without limitation the rights to
   8:Middlewares/Third_Party/FreeRTOS/Source/tasks.c ****  * use, copy, modify, merge, publish, distribute, sublicense, and/or sell copies of
   9:Middlewares/Third_Party/FreeRTOS/Source/tasks.c ****  * the Software, and to permit persons to whom the Software is furnished to do so,
  10:Middlewares/Third_Party/FreeRTOS/Source/tasks.c ****  * subject to the following conditions:
  11:Middlewares/Third_Party/FreeRTOS/Source/tasks.c ****  *
  12:Middlewares/Third_Party/FreeRTOS/Source/tasks.c ****  * The above copyright notice and this permission notice shall be included in all
  13:Middlewares/Third_Party/FreeRTOS/Source/tasks.c ****  * copies or substantial portions of the Software.
  14:Middlewares/Third_Party/FreeRTOS/Source/tasks.c ****  *
  15:Middlewares/Third_Party/FreeRTOS/Source/tasks.c ****  * THE SOFTWARE IS PROVIDED "AS IS", WITHOUT WARRANTY OF ANY KIND, EXPRESS OR
  16:Middlewares/Third_Party/FreeRTOS/Source/tasks.c ****  * IMPLIED, INCLUDING BUT NOT LIMITED TO THE WARRANTIES OF MERCHANTABILITY, FITNESS
  17:Middlewares/Third_Party/FreeRTOS/Source/tasks.c ****  * FOR A PARTICULAR PURPOSE AND NONINFRINGEMENT. IN NO EVENT SHALL THE AUTHORS OR
  18:Middlewares/Third_Party/FreeRTOS/Source/tasks.c ****  * COPYRIGHT HOLDERS BE LIABLE FOR ANY CLAIM, DAMAGES OR OTHER LIABILITY, WHETHER
  19:Middlewares/Third_Party/FreeRTOS/Source/tasks.c ****  * IN AN ACTION OF CONTRACT, TORT OR OTHERWISE, ARISING FROM, OUT OF OR IN
  20:Middlewares/Third_Party/FreeRTOS/Source/tasks.c ****  * CONNECTION WITH THE SOFTWARE OR THE USE OR OTHER DEALINGS IN THE SOFTWARE.
  21:Middlewares/Third_Party/FreeRTOS/Source/tasks.c ****  *
  22:Middlewares/Third_Party/FreeRTOS/Source/tasks.c ****  * http://www.FreeRTOS.org
  23:Middlewares/Third_Party/FreeRTOS/Source/tasks.c ****  * http://aws.amazon.com/freertos
  24:Middlewares/Third_Party/FreeRTOS/Source/tasks.c ****  *
  25:Middlewares/Third_Party/FreeRTOS/Source/tasks.c ****  * 1 tab == 4 spaces!
  26:Middlewares/Third_Party/FreeRTOS/Source/tasks.c ****  */
  27:Middlewares/Third_Party/FreeRTOS/Source/tasks.c **** 
  28:Middlewares/Third_Party/FreeRTOS/Source/tasks.c **** /* Standard includes. */
  29:Middlewares/Third_Party/FreeRTOS/Source/tasks.c **** #include <stdlib.h>
  30:Middlewares/Third_Party/FreeRTOS/Source/tasks.c **** #include <string.h>
  31:Middlewares/Third_Party/FreeRTOS/Source/tasks.c **** 
ARM GAS  C:\Users\jason\AppData\Local\Temp\ccaXxPCU.s 			page 2


  32:Middlewares/Third_Party/FreeRTOS/Source/tasks.c **** /* Defining MPU_WRAPPERS_INCLUDED_FROM_API_FILE prevents task.h from redefining
  33:Middlewares/Third_Party/FreeRTOS/Source/tasks.c **** all the API functions to use the MPU wrappers.  That should only be done when
  34:Middlewares/Third_Party/FreeRTOS/Source/tasks.c **** task.h is included from an application file. */
  35:Middlewares/Third_Party/FreeRTOS/Source/tasks.c **** #define MPU_WRAPPERS_INCLUDED_FROM_API_FILE
  36:Middlewares/Third_Party/FreeRTOS/Source/tasks.c **** 
  37:Middlewares/Third_Party/FreeRTOS/Source/tasks.c **** /* FreeRTOS includes. */
  38:Middlewares/Third_Party/FreeRTOS/Source/tasks.c **** #include "FreeRTOS.h"
  39:Middlewares/Third_Party/FreeRTOS/Source/tasks.c **** #include "task.h"
  40:Middlewares/Third_Party/FreeRTOS/Source/tasks.c **** #include "timers.h"
  41:Middlewares/Third_Party/FreeRTOS/Source/tasks.c **** #include "stack_macros.h"
  42:Middlewares/Third_Party/FreeRTOS/Source/tasks.c **** 
  43:Middlewares/Third_Party/FreeRTOS/Source/tasks.c **** /* Lint e9021, e961 and e750 are suppressed as a MISRA exception justified
  44:Middlewares/Third_Party/FreeRTOS/Source/tasks.c **** because the MPU ports require MPU_WRAPPERS_INCLUDED_FROM_API_FILE to be defined
  45:Middlewares/Third_Party/FreeRTOS/Source/tasks.c **** for the header files above, but not in this file, in order to generate the
  46:Middlewares/Third_Party/FreeRTOS/Source/tasks.c **** correct privileged Vs unprivileged linkage and placement. */
  47:Middlewares/Third_Party/FreeRTOS/Source/tasks.c **** #undef MPU_WRAPPERS_INCLUDED_FROM_API_FILE /*lint !e961 !e750 !e9021. */
  48:Middlewares/Third_Party/FreeRTOS/Source/tasks.c **** 
  49:Middlewares/Third_Party/FreeRTOS/Source/tasks.c **** /* Set configUSE_STATS_FORMATTING_FUNCTIONS to 2 to include the stats formatting
  50:Middlewares/Third_Party/FreeRTOS/Source/tasks.c **** functions but without including stdio.h here. */
  51:Middlewares/Third_Party/FreeRTOS/Source/tasks.c **** #if ( configUSE_STATS_FORMATTING_FUNCTIONS == 1 )
  52:Middlewares/Third_Party/FreeRTOS/Source/tasks.c **** 	/* At the bottom of this file are two optional functions that can be used
  53:Middlewares/Third_Party/FreeRTOS/Source/tasks.c **** 	to generate human readable text from the raw data generated by the
  54:Middlewares/Third_Party/FreeRTOS/Source/tasks.c **** 	uxTaskGetSystemState() function.  Note the formatting functions are provided
  55:Middlewares/Third_Party/FreeRTOS/Source/tasks.c **** 	for convenience only, and are NOT considered part of the kernel. */
  56:Middlewares/Third_Party/FreeRTOS/Source/tasks.c **** 	#include <stdio.h>
  57:Middlewares/Third_Party/FreeRTOS/Source/tasks.c **** #endif /* configUSE_STATS_FORMATTING_FUNCTIONS == 1 ) */
  58:Middlewares/Third_Party/FreeRTOS/Source/tasks.c **** 
  59:Middlewares/Third_Party/FreeRTOS/Source/tasks.c **** #if( configUSE_PREEMPTION == 0 )
  60:Middlewares/Third_Party/FreeRTOS/Source/tasks.c **** 	/* If the cooperative scheduler is being used then a yield should not be
  61:Middlewares/Third_Party/FreeRTOS/Source/tasks.c **** 	performed just because a higher priority task has been woken. */
  62:Middlewares/Third_Party/FreeRTOS/Source/tasks.c **** 	#define taskYIELD_IF_USING_PREEMPTION()
  63:Middlewares/Third_Party/FreeRTOS/Source/tasks.c **** #else
  64:Middlewares/Third_Party/FreeRTOS/Source/tasks.c **** 	#define taskYIELD_IF_USING_PREEMPTION() portYIELD_WITHIN_API()
  65:Middlewares/Third_Party/FreeRTOS/Source/tasks.c **** #endif
  66:Middlewares/Third_Party/FreeRTOS/Source/tasks.c **** 
  67:Middlewares/Third_Party/FreeRTOS/Source/tasks.c **** /* Values that can be assigned to the ucNotifyState member of the TCB. */
  68:Middlewares/Third_Party/FreeRTOS/Source/tasks.c **** #define taskNOT_WAITING_NOTIFICATION	( ( uint8_t ) 0 )
  69:Middlewares/Third_Party/FreeRTOS/Source/tasks.c **** #define taskWAITING_NOTIFICATION		( ( uint8_t ) 1 )
  70:Middlewares/Third_Party/FreeRTOS/Source/tasks.c **** #define taskNOTIFICATION_RECEIVED		( ( uint8_t ) 2 )
  71:Middlewares/Third_Party/FreeRTOS/Source/tasks.c **** 
  72:Middlewares/Third_Party/FreeRTOS/Source/tasks.c **** /*
  73:Middlewares/Third_Party/FreeRTOS/Source/tasks.c ****  * The value used to fill the stack of a task when the task is created.  This
  74:Middlewares/Third_Party/FreeRTOS/Source/tasks.c ****  * is used purely for checking the high water mark for tasks.
  75:Middlewares/Third_Party/FreeRTOS/Source/tasks.c ****  */
  76:Middlewares/Third_Party/FreeRTOS/Source/tasks.c **** #define tskSTACK_FILL_BYTE	( 0xa5U )
  77:Middlewares/Third_Party/FreeRTOS/Source/tasks.c **** 
  78:Middlewares/Third_Party/FreeRTOS/Source/tasks.c **** /* Bits used to recored how a task's stack and TCB were allocated. */
  79:Middlewares/Third_Party/FreeRTOS/Source/tasks.c **** #define tskDYNAMICALLY_ALLOCATED_STACK_AND_TCB 		( ( uint8_t ) 0 )
  80:Middlewares/Third_Party/FreeRTOS/Source/tasks.c **** #define tskSTATICALLY_ALLOCATED_STACK_ONLY 			( ( uint8_t ) 1 )
  81:Middlewares/Third_Party/FreeRTOS/Source/tasks.c **** #define tskSTATICALLY_ALLOCATED_STACK_AND_TCB		( ( uint8_t ) 2 )
  82:Middlewares/Third_Party/FreeRTOS/Source/tasks.c **** 
  83:Middlewares/Third_Party/FreeRTOS/Source/tasks.c **** /* If any of the following are set then task stacks are filled with a known
  84:Middlewares/Third_Party/FreeRTOS/Source/tasks.c **** value so the high water mark can be determined.  If none of the following are
  85:Middlewares/Third_Party/FreeRTOS/Source/tasks.c **** set then don't fill the stack so there is no unnecessary dependency on memset. */
  86:Middlewares/Third_Party/FreeRTOS/Source/tasks.c **** #if( ( configCHECK_FOR_STACK_OVERFLOW > 1 ) || ( configUSE_TRACE_FACILITY == 1 ) || ( INCLUDE_uxTas
  87:Middlewares/Third_Party/FreeRTOS/Source/tasks.c **** 	#define tskSET_NEW_STACKS_TO_KNOWN_VALUE	1
  88:Middlewares/Third_Party/FreeRTOS/Source/tasks.c **** #else
ARM GAS  C:\Users\jason\AppData\Local\Temp\ccaXxPCU.s 			page 3


  89:Middlewares/Third_Party/FreeRTOS/Source/tasks.c **** 	#define tskSET_NEW_STACKS_TO_KNOWN_VALUE	0
  90:Middlewares/Third_Party/FreeRTOS/Source/tasks.c **** #endif
  91:Middlewares/Third_Party/FreeRTOS/Source/tasks.c **** 
  92:Middlewares/Third_Party/FreeRTOS/Source/tasks.c **** /*
  93:Middlewares/Third_Party/FreeRTOS/Source/tasks.c ****  * Macros used by vListTask to indicate which state a task is in.
  94:Middlewares/Third_Party/FreeRTOS/Source/tasks.c ****  */
  95:Middlewares/Third_Party/FreeRTOS/Source/tasks.c **** #define tskRUNNING_CHAR		( 'X' )
  96:Middlewares/Third_Party/FreeRTOS/Source/tasks.c **** #define tskBLOCKED_CHAR		( 'B' )
  97:Middlewares/Third_Party/FreeRTOS/Source/tasks.c **** #define tskREADY_CHAR		( 'R' )
  98:Middlewares/Third_Party/FreeRTOS/Source/tasks.c **** #define tskDELETED_CHAR		( 'D' )
  99:Middlewares/Third_Party/FreeRTOS/Source/tasks.c **** #define tskSUSPENDED_CHAR	( 'S' )
 100:Middlewares/Third_Party/FreeRTOS/Source/tasks.c **** 
 101:Middlewares/Third_Party/FreeRTOS/Source/tasks.c **** /*
 102:Middlewares/Third_Party/FreeRTOS/Source/tasks.c ****  * Some kernel aware debuggers require the data the debugger needs access to be
 103:Middlewares/Third_Party/FreeRTOS/Source/tasks.c ****  * global, rather than file scope.
 104:Middlewares/Third_Party/FreeRTOS/Source/tasks.c ****  */
 105:Middlewares/Third_Party/FreeRTOS/Source/tasks.c **** #ifdef portREMOVE_STATIC_QUALIFIER
 106:Middlewares/Third_Party/FreeRTOS/Source/tasks.c **** 	#define static
 107:Middlewares/Third_Party/FreeRTOS/Source/tasks.c **** #endif
 108:Middlewares/Third_Party/FreeRTOS/Source/tasks.c **** 
 109:Middlewares/Third_Party/FreeRTOS/Source/tasks.c **** /* The name allocated to the Idle task.  This can be overridden by defining
 110:Middlewares/Third_Party/FreeRTOS/Source/tasks.c **** configIDLE_TASK_NAME in FreeRTOSConfig.h. */
 111:Middlewares/Third_Party/FreeRTOS/Source/tasks.c **** #ifndef configIDLE_TASK_NAME
 112:Middlewares/Third_Party/FreeRTOS/Source/tasks.c **** 	#define configIDLE_TASK_NAME "IDLE"
 113:Middlewares/Third_Party/FreeRTOS/Source/tasks.c **** #endif
 114:Middlewares/Third_Party/FreeRTOS/Source/tasks.c **** 
 115:Middlewares/Third_Party/FreeRTOS/Source/tasks.c **** #if ( configUSE_PORT_OPTIMISED_TASK_SELECTION == 0 )
 116:Middlewares/Third_Party/FreeRTOS/Source/tasks.c **** 
 117:Middlewares/Third_Party/FreeRTOS/Source/tasks.c **** 	/* If configUSE_PORT_OPTIMISED_TASK_SELECTION is 0 then task selection is
 118:Middlewares/Third_Party/FreeRTOS/Source/tasks.c **** 	performed in a generic way that is not optimised to any particular
 119:Middlewares/Third_Party/FreeRTOS/Source/tasks.c **** 	microcontroller architecture. */
 120:Middlewares/Third_Party/FreeRTOS/Source/tasks.c **** 
 121:Middlewares/Third_Party/FreeRTOS/Source/tasks.c **** 	/* uxTopReadyPriority holds the priority of the highest priority ready
 122:Middlewares/Third_Party/FreeRTOS/Source/tasks.c **** 	state task. */
 123:Middlewares/Third_Party/FreeRTOS/Source/tasks.c **** 	#define taskRECORD_READY_PRIORITY( uxPriority )														\
 124:Middlewares/Third_Party/FreeRTOS/Source/tasks.c **** 	{																									\
 125:Middlewares/Third_Party/FreeRTOS/Source/tasks.c **** 		if( ( uxPriority ) > uxTopReadyPriority )														\
 126:Middlewares/Third_Party/FreeRTOS/Source/tasks.c **** 		{																								\
 127:Middlewares/Third_Party/FreeRTOS/Source/tasks.c **** 			uxTopReadyPriority = ( uxPriority );														\
 128:Middlewares/Third_Party/FreeRTOS/Source/tasks.c **** 		}																								\
 129:Middlewares/Third_Party/FreeRTOS/Source/tasks.c **** 	} /* taskRECORD_READY_PRIORITY */
 130:Middlewares/Third_Party/FreeRTOS/Source/tasks.c **** 
 131:Middlewares/Third_Party/FreeRTOS/Source/tasks.c **** 	/*-----------------------------------------------------------*/
 132:Middlewares/Third_Party/FreeRTOS/Source/tasks.c **** 
 133:Middlewares/Third_Party/FreeRTOS/Source/tasks.c **** 	#define taskSELECT_HIGHEST_PRIORITY_TASK()															\
 134:Middlewares/Third_Party/FreeRTOS/Source/tasks.c **** 	{																									\
 135:Middlewares/Third_Party/FreeRTOS/Source/tasks.c **** 	UBaseType_t uxTopPriority = uxTopReadyPriority;														\
 136:Middlewares/Third_Party/FreeRTOS/Source/tasks.c **** 																										\
 137:Middlewares/Third_Party/FreeRTOS/Source/tasks.c **** 		/* Find the highest priority queue that contains ready tasks. */								\
 138:Middlewares/Third_Party/FreeRTOS/Source/tasks.c **** 		while( listLIST_IS_EMPTY( &( pxReadyTasksLists[ uxTopPriority ] ) ) )							\
 139:Middlewares/Third_Party/FreeRTOS/Source/tasks.c **** 		{																								\
 140:Middlewares/Third_Party/FreeRTOS/Source/tasks.c **** 			configASSERT( uxTopPriority );																\
 141:Middlewares/Third_Party/FreeRTOS/Source/tasks.c **** 			--uxTopPriority;																			\
 142:Middlewares/Third_Party/FreeRTOS/Source/tasks.c **** 		}																								\
 143:Middlewares/Third_Party/FreeRTOS/Source/tasks.c **** 																										\
 144:Middlewares/Third_Party/FreeRTOS/Source/tasks.c **** 		/* listGET_OWNER_OF_NEXT_ENTRY indexes through the list, so the tasks of						\
 145:Middlewares/Third_Party/FreeRTOS/Source/tasks.c **** 		the	same priority get an equal share of the processor time. */									\
ARM GAS  C:\Users\jason\AppData\Local\Temp\ccaXxPCU.s 			page 4


 146:Middlewares/Third_Party/FreeRTOS/Source/tasks.c **** 		listGET_OWNER_OF_NEXT_ENTRY( pxCurrentTCB, &( pxReadyTasksLists[ uxTopPriority ] ) );			\
 147:Middlewares/Third_Party/FreeRTOS/Source/tasks.c **** 		uxTopReadyPriority = uxTopPriority;																\
 148:Middlewares/Third_Party/FreeRTOS/Source/tasks.c **** 	} /* taskSELECT_HIGHEST_PRIORITY_TASK */
 149:Middlewares/Third_Party/FreeRTOS/Source/tasks.c **** 
 150:Middlewares/Third_Party/FreeRTOS/Source/tasks.c **** 	/*-----------------------------------------------------------*/
 151:Middlewares/Third_Party/FreeRTOS/Source/tasks.c **** 
 152:Middlewares/Third_Party/FreeRTOS/Source/tasks.c **** 	/* Define away taskRESET_READY_PRIORITY() and portRESET_READY_PRIORITY() as
 153:Middlewares/Third_Party/FreeRTOS/Source/tasks.c **** 	they are only required when a port optimised method of task selection is
 154:Middlewares/Third_Party/FreeRTOS/Source/tasks.c **** 	being used. */
 155:Middlewares/Third_Party/FreeRTOS/Source/tasks.c **** 	#define taskRESET_READY_PRIORITY( uxPriority )
 156:Middlewares/Third_Party/FreeRTOS/Source/tasks.c **** 	#define portRESET_READY_PRIORITY( uxPriority, uxTopReadyPriority )
 157:Middlewares/Third_Party/FreeRTOS/Source/tasks.c **** 
 158:Middlewares/Third_Party/FreeRTOS/Source/tasks.c **** #else /* configUSE_PORT_OPTIMISED_TASK_SELECTION */
 159:Middlewares/Third_Party/FreeRTOS/Source/tasks.c **** 
 160:Middlewares/Third_Party/FreeRTOS/Source/tasks.c **** 	/* If configUSE_PORT_OPTIMISED_TASK_SELECTION is 1 then task selection is
 161:Middlewares/Third_Party/FreeRTOS/Source/tasks.c **** 	performed in a way that is tailored to the particular microcontroller
 162:Middlewares/Third_Party/FreeRTOS/Source/tasks.c **** 	architecture being used. */
 163:Middlewares/Third_Party/FreeRTOS/Source/tasks.c **** 
 164:Middlewares/Third_Party/FreeRTOS/Source/tasks.c **** 	/* A port optimised version is provided.  Call the port defined macros. */
 165:Middlewares/Third_Party/FreeRTOS/Source/tasks.c **** 	#define taskRECORD_READY_PRIORITY( uxPriority )	portRECORD_READY_PRIORITY( uxPriority, uxTopReadyP
 166:Middlewares/Third_Party/FreeRTOS/Source/tasks.c **** 
 167:Middlewares/Third_Party/FreeRTOS/Source/tasks.c **** 	/*-----------------------------------------------------------*/
 168:Middlewares/Third_Party/FreeRTOS/Source/tasks.c **** 
 169:Middlewares/Third_Party/FreeRTOS/Source/tasks.c **** 	#define taskSELECT_HIGHEST_PRIORITY_TASK()														\
 170:Middlewares/Third_Party/FreeRTOS/Source/tasks.c **** 	{																								\
 171:Middlewares/Third_Party/FreeRTOS/Source/tasks.c **** 	UBaseType_t uxTopPriority;																		\
 172:Middlewares/Third_Party/FreeRTOS/Source/tasks.c **** 																									\
 173:Middlewares/Third_Party/FreeRTOS/Source/tasks.c **** 		/* Find the highest priority list that contains ready tasks. */								\
 174:Middlewares/Third_Party/FreeRTOS/Source/tasks.c **** 		portGET_HIGHEST_PRIORITY( uxTopPriority, uxTopReadyPriority );								\
 175:Middlewares/Third_Party/FreeRTOS/Source/tasks.c **** 		configASSERT( listCURRENT_LIST_LENGTH( &( pxReadyTasksLists[ uxTopPriority ] ) ) > 0 );		\
 176:Middlewares/Third_Party/FreeRTOS/Source/tasks.c **** 		listGET_OWNER_OF_NEXT_ENTRY( pxCurrentTCB, &( pxReadyTasksLists[ uxTopPriority ] ) );		\
 177:Middlewares/Third_Party/FreeRTOS/Source/tasks.c **** 	} /* taskSELECT_HIGHEST_PRIORITY_TASK() */
 178:Middlewares/Third_Party/FreeRTOS/Source/tasks.c **** 
 179:Middlewares/Third_Party/FreeRTOS/Source/tasks.c **** 	/*-----------------------------------------------------------*/
 180:Middlewares/Third_Party/FreeRTOS/Source/tasks.c **** 
 181:Middlewares/Third_Party/FreeRTOS/Source/tasks.c **** 	/* A port optimised version is provided, call it only if the TCB being reset
 182:Middlewares/Third_Party/FreeRTOS/Source/tasks.c **** 	is being referenced from a ready list.  If it is referenced from a delayed
 183:Middlewares/Third_Party/FreeRTOS/Source/tasks.c **** 	or suspended list then it won't be in a ready list. */
 184:Middlewares/Third_Party/FreeRTOS/Source/tasks.c **** 	#define taskRESET_READY_PRIORITY( uxPriority )														\
 185:Middlewares/Third_Party/FreeRTOS/Source/tasks.c **** 	{																									\
 186:Middlewares/Third_Party/FreeRTOS/Source/tasks.c **** 		if( listCURRENT_LIST_LENGTH( &( pxReadyTasksLists[ ( uxPriority ) ] ) ) == ( UBaseType_t ) 0 )	\
 187:Middlewares/Third_Party/FreeRTOS/Source/tasks.c **** 		{																								\
 188:Middlewares/Third_Party/FreeRTOS/Source/tasks.c **** 			portRESET_READY_PRIORITY( ( uxPriority ), ( uxTopReadyPriority ) );							\
 189:Middlewares/Third_Party/FreeRTOS/Source/tasks.c **** 		}																								\
 190:Middlewares/Third_Party/FreeRTOS/Source/tasks.c **** 	}
 191:Middlewares/Third_Party/FreeRTOS/Source/tasks.c **** 
 192:Middlewares/Third_Party/FreeRTOS/Source/tasks.c **** #endif /* configUSE_PORT_OPTIMISED_TASK_SELECTION */
 193:Middlewares/Third_Party/FreeRTOS/Source/tasks.c **** 
 194:Middlewares/Third_Party/FreeRTOS/Source/tasks.c **** /*-----------------------------------------------------------*/
 195:Middlewares/Third_Party/FreeRTOS/Source/tasks.c **** 
 196:Middlewares/Third_Party/FreeRTOS/Source/tasks.c **** /* pxDelayedTaskList and pxOverflowDelayedTaskList are switched when the tick
 197:Middlewares/Third_Party/FreeRTOS/Source/tasks.c **** count overflows. */
 198:Middlewares/Third_Party/FreeRTOS/Source/tasks.c **** #define taskSWITCH_DELAYED_LISTS()																	\
 199:Middlewares/Third_Party/FreeRTOS/Source/tasks.c **** {																									\
 200:Middlewares/Third_Party/FreeRTOS/Source/tasks.c **** 	List_t *pxTemp;																					\
 201:Middlewares/Third_Party/FreeRTOS/Source/tasks.c **** 																									\
 202:Middlewares/Third_Party/FreeRTOS/Source/tasks.c **** 	/* The delayed tasks list should be empty when the lists are switched. */						\
ARM GAS  C:\Users\jason\AppData\Local\Temp\ccaXxPCU.s 			page 5


 203:Middlewares/Third_Party/FreeRTOS/Source/tasks.c **** 	configASSERT( ( listLIST_IS_EMPTY( pxDelayedTaskList ) ) );										\
 204:Middlewares/Third_Party/FreeRTOS/Source/tasks.c **** 																									\
 205:Middlewares/Third_Party/FreeRTOS/Source/tasks.c **** 	pxTemp = pxDelayedTaskList;																		\
 206:Middlewares/Third_Party/FreeRTOS/Source/tasks.c **** 	pxDelayedTaskList = pxOverflowDelayedTaskList;													\
 207:Middlewares/Third_Party/FreeRTOS/Source/tasks.c **** 	pxOverflowDelayedTaskList = pxTemp;																\
 208:Middlewares/Third_Party/FreeRTOS/Source/tasks.c **** 	xNumOfOverflows++;																				\
 209:Middlewares/Third_Party/FreeRTOS/Source/tasks.c **** 	prvResetNextTaskUnblockTime();																	\
 210:Middlewares/Third_Party/FreeRTOS/Source/tasks.c **** }
 211:Middlewares/Third_Party/FreeRTOS/Source/tasks.c **** 
 212:Middlewares/Third_Party/FreeRTOS/Source/tasks.c **** /*-----------------------------------------------------------*/
 213:Middlewares/Third_Party/FreeRTOS/Source/tasks.c **** 
 214:Middlewares/Third_Party/FreeRTOS/Source/tasks.c **** /*
 215:Middlewares/Third_Party/FreeRTOS/Source/tasks.c ****  * Place the task represented by pxTCB into the appropriate ready list for
 216:Middlewares/Third_Party/FreeRTOS/Source/tasks.c ****  * the task.  It is inserted at the end of the list.
 217:Middlewares/Third_Party/FreeRTOS/Source/tasks.c ****  */
 218:Middlewares/Third_Party/FreeRTOS/Source/tasks.c **** #define prvAddTaskToReadyList( pxTCB )																\
 219:Middlewares/Third_Party/FreeRTOS/Source/tasks.c **** 	traceMOVED_TASK_TO_READY_STATE( pxTCB );														\
 220:Middlewares/Third_Party/FreeRTOS/Source/tasks.c **** 	taskRECORD_READY_PRIORITY( ( pxTCB )->uxPriority );												\
 221:Middlewares/Third_Party/FreeRTOS/Source/tasks.c **** 	vListInsertEnd( &( pxReadyTasksLists[ ( pxTCB )->uxPriority ] ), &( ( pxTCB )->xStateListItem ) );
 222:Middlewares/Third_Party/FreeRTOS/Source/tasks.c **** 	tracePOST_MOVED_TASK_TO_READY_STATE( pxTCB )
 223:Middlewares/Third_Party/FreeRTOS/Source/tasks.c **** /*-----------------------------------------------------------*/
 224:Middlewares/Third_Party/FreeRTOS/Source/tasks.c **** 
 225:Middlewares/Third_Party/FreeRTOS/Source/tasks.c **** /*
 226:Middlewares/Third_Party/FreeRTOS/Source/tasks.c ****  * Several functions take an TaskHandle_t parameter that can optionally be NULL,
 227:Middlewares/Third_Party/FreeRTOS/Source/tasks.c ****  * where NULL is used to indicate that the handle of the currently executing
 228:Middlewares/Third_Party/FreeRTOS/Source/tasks.c ****  * task should be used in place of the parameter.  This macro simply checks to
 229:Middlewares/Third_Party/FreeRTOS/Source/tasks.c ****  * see if the parameter is NULL and returns a pointer to the appropriate TCB.
 230:Middlewares/Third_Party/FreeRTOS/Source/tasks.c ****  */
 231:Middlewares/Third_Party/FreeRTOS/Source/tasks.c **** #define prvGetTCBFromHandle( pxHandle ) ( ( ( pxHandle ) == NULL ) ? pxCurrentTCB : ( pxHandle ) )
 232:Middlewares/Third_Party/FreeRTOS/Source/tasks.c **** 
 233:Middlewares/Third_Party/FreeRTOS/Source/tasks.c **** /* The item value of the event list item is normally used to hold the priority
 234:Middlewares/Third_Party/FreeRTOS/Source/tasks.c **** of the task to which it belongs (coded to allow it to be held in reverse
 235:Middlewares/Third_Party/FreeRTOS/Source/tasks.c **** priority order).  However, it is occasionally borrowed for other purposes.  It
 236:Middlewares/Third_Party/FreeRTOS/Source/tasks.c **** is important its value is not updated due to a task priority change while it is
 237:Middlewares/Third_Party/FreeRTOS/Source/tasks.c **** being used for another purpose.  The following bit definition is used to inform
 238:Middlewares/Third_Party/FreeRTOS/Source/tasks.c **** the scheduler that the value should not be changed - in which case it is the
 239:Middlewares/Third_Party/FreeRTOS/Source/tasks.c **** responsibility of whichever module is using the value to ensure it gets set back
 240:Middlewares/Third_Party/FreeRTOS/Source/tasks.c **** to its original value when it is released. */
 241:Middlewares/Third_Party/FreeRTOS/Source/tasks.c **** #if( configUSE_16_BIT_TICKS == 1 )
 242:Middlewares/Third_Party/FreeRTOS/Source/tasks.c **** 	#define taskEVENT_LIST_ITEM_VALUE_IN_USE	0x8000U
 243:Middlewares/Third_Party/FreeRTOS/Source/tasks.c **** #else
 244:Middlewares/Third_Party/FreeRTOS/Source/tasks.c **** 	#define taskEVENT_LIST_ITEM_VALUE_IN_USE	0x80000000UL
 245:Middlewares/Third_Party/FreeRTOS/Source/tasks.c **** #endif
 246:Middlewares/Third_Party/FreeRTOS/Source/tasks.c **** 
 247:Middlewares/Third_Party/FreeRTOS/Source/tasks.c **** /*
 248:Middlewares/Third_Party/FreeRTOS/Source/tasks.c ****  * Task control block.  A task control block (TCB) is allocated for each task,
 249:Middlewares/Third_Party/FreeRTOS/Source/tasks.c ****  * and stores task state information, including a pointer to the task's context
 250:Middlewares/Third_Party/FreeRTOS/Source/tasks.c ****  * (the task's run time environment, including register values)
 251:Middlewares/Third_Party/FreeRTOS/Source/tasks.c ****  */
 252:Middlewares/Third_Party/FreeRTOS/Source/tasks.c **** typedef struct tskTaskControlBlock 			/* The old naming convention is used to prevent breaking kern
 253:Middlewares/Third_Party/FreeRTOS/Source/tasks.c **** {
 254:Middlewares/Third_Party/FreeRTOS/Source/tasks.c **** 	volatile StackType_t	*pxTopOfStack;	/*< Points to the location of the last item placed on the task
 255:Middlewares/Third_Party/FreeRTOS/Source/tasks.c **** 
 256:Middlewares/Third_Party/FreeRTOS/Source/tasks.c **** 	#if ( portUSING_MPU_WRAPPERS == 1 )
 257:Middlewares/Third_Party/FreeRTOS/Source/tasks.c **** 		xMPU_SETTINGS	xMPUSettings;		/*< The MPU settings are defined as part of the port layer.  THIS MU
 258:Middlewares/Third_Party/FreeRTOS/Source/tasks.c **** 	#endif
 259:Middlewares/Third_Party/FreeRTOS/Source/tasks.c **** 
ARM GAS  C:\Users\jason\AppData\Local\Temp\ccaXxPCU.s 			page 6


 260:Middlewares/Third_Party/FreeRTOS/Source/tasks.c **** 	ListItem_t			xStateListItem;	/*< The list that the state list item of a task is reference from den
 261:Middlewares/Third_Party/FreeRTOS/Source/tasks.c **** 	ListItem_t			xEventListItem;		/*< Used to reference a task from an event list. */
 262:Middlewares/Third_Party/FreeRTOS/Source/tasks.c **** 	UBaseType_t			uxPriority;			/*< The priority of the task.  0 is the lowest priority. */
 263:Middlewares/Third_Party/FreeRTOS/Source/tasks.c **** 	StackType_t			*pxStack;			/*< Points to the start of the stack. */
 264:Middlewares/Third_Party/FreeRTOS/Source/tasks.c **** 	char				pcTaskName[ configMAX_TASK_NAME_LEN ];/*< Descriptive name given to the task when created.
 265:Middlewares/Third_Party/FreeRTOS/Source/tasks.c **** 
 266:Middlewares/Third_Party/FreeRTOS/Source/tasks.c **** 	#if ( ( portSTACK_GROWTH > 0 ) || ( configRECORD_STACK_HIGH_ADDRESS == 1 ) )
 267:Middlewares/Third_Party/FreeRTOS/Source/tasks.c **** 		StackType_t		*pxEndOfStack;		/*< Points to the highest valid address for the stack. */
 268:Middlewares/Third_Party/FreeRTOS/Source/tasks.c **** 	#endif
 269:Middlewares/Third_Party/FreeRTOS/Source/tasks.c **** 
 270:Middlewares/Third_Party/FreeRTOS/Source/tasks.c **** 	#if ( portCRITICAL_NESTING_IN_TCB == 1 )
 271:Middlewares/Third_Party/FreeRTOS/Source/tasks.c **** 		UBaseType_t		uxCriticalNesting;	/*< Holds the critical section nesting depth for ports that do no
 272:Middlewares/Third_Party/FreeRTOS/Source/tasks.c **** 	#endif
 273:Middlewares/Third_Party/FreeRTOS/Source/tasks.c **** 
 274:Middlewares/Third_Party/FreeRTOS/Source/tasks.c **** 	#if ( configUSE_TRACE_FACILITY == 1 )
 275:Middlewares/Third_Party/FreeRTOS/Source/tasks.c **** 		UBaseType_t		uxTCBNumber;		/*< Stores a number that increments each time a TCB is created.  It al
 276:Middlewares/Third_Party/FreeRTOS/Source/tasks.c **** 		UBaseType_t		uxTaskNumber;		/*< Stores a number specifically for use by third party trace code. *
 277:Middlewares/Third_Party/FreeRTOS/Source/tasks.c **** 	#endif
 278:Middlewares/Third_Party/FreeRTOS/Source/tasks.c **** 
 279:Middlewares/Third_Party/FreeRTOS/Source/tasks.c **** 	#if ( configUSE_MUTEXES == 1 )
 280:Middlewares/Third_Party/FreeRTOS/Source/tasks.c **** 		UBaseType_t		uxBasePriority;		/*< The priority last assigned to the task - used by the priority i
 281:Middlewares/Third_Party/FreeRTOS/Source/tasks.c **** 		UBaseType_t		uxMutexesHeld;
 282:Middlewares/Third_Party/FreeRTOS/Source/tasks.c **** 	#endif
 283:Middlewares/Third_Party/FreeRTOS/Source/tasks.c **** 
 284:Middlewares/Third_Party/FreeRTOS/Source/tasks.c **** 	#if ( configUSE_APPLICATION_TASK_TAG == 1 )
 285:Middlewares/Third_Party/FreeRTOS/Source/tasks.c **** 		TaskHookFunction_t pxTaskTag;
 286:Middlewares/Third_Party/FreeRTOS/Source/tasks.c **** 	#endif
 287:Middlewares/Third_Party/FreeRTOS/Source/tasks.c **** 
 288:Middlewares/Third_Party/FreeRTOS/Source/tasks.c **** 	#if( configNUM_THREAD_LOCAL_STORAGE_POINTERS > 0 )
 289:Middlewares/Third_Party/FreeRTOS/Source/tasks.c **** 		void			*pvThreadLocalStoragePointers[ configNUM_THREAD_LOCAL_STORAGE_POINTERS ];
 290:Middlewares/Third_Party/FreeRTOS/Source/tasks.c **** 	#endif
 291:Middlewares/Third_Party/FreeRTOS/Source/tasks.c **** 
 292:Middlewares/Third_Party/FreeRTOS/Source/tasks.c **** 	#if( configGENERATE_RUN_TIME_STATS == 1 )
 293:Middlewares/Third_Party/FreeRTOS/Source/tasks.c **** 		uint32_t		ulRunTimeCounter;	/*< Stores the amount of time the task has spent in the Running state
 294:Middlewares/Third_Party/FreeRTOS/Source/tasks.c **** 	#endif
 295:Middlewares/Third_Party/FreeRTOS/Source/tasks.c **** 
 296:Middlewares/Third_Party/FreeRTOS/Source/tasks.c **** 	#if ( configUSE_NEWLIB_REENTRANT == 1 )
 297:Middlewares/Third_Party/FreeRTOS/Source/tasks.c **** 		/* Allocate a Newlib reent structure that is specific to this task.
 298:Middlewares/Third_Party/FreeRTOS/Source/tasks.c **** 		Note Newlib support has been included by popular demand, but is not
 299:Middlewares/Third_Party/FreeRTOS/Source/tasks.c **** 		used by the FreeRTOS maintainers themselves.  FreeRTOS is not
 300:Middlewares/Third_Party/FreeRTOS/Source/tasks.c **** 		responsible for resulting newlib operation.  User must be familiar with
 301:Middlewares/Third_Party/FreeRTOS/Source/tasks.c **** 		newlib and must provide system-wide implementations of the necessary
 302:Middlewares/Third_Party/FreeRTOS/Source/tasks.c **** 		stubs. Be warned that (at the time of writing) the current newlib design
 303:Middlewares/Third_Party/FreeRTOS/Source/tasks.c **** 		implements a system-wide malloc() that must be provided with locks.
 304:Middlewares/Third_Party/FreeRTOS/Source/tasks.c **** 
 305:Middlewares/Third_Party/FreeRTOS/Source/tasks.c **** 		See the third party link http://www.nadler.com/embedded/newlibAndFreeRTOS.html
 306:Middlewares/Third_Party/FreeRTOS/Source/tasks.c **** 		for additional information. */
 307:Middlewares/Third_Party/FreeRTOS/Source/tasks.c **** 		struct	_reent xNewLib_reent;
 308:Middlewares/Third_Party/FreeRTOS/Source/tasks.c **** 	#endif
 309:Middlewares/Third_Party/FreeRTOS/Source/tasks.c **** 
 310:Middlewares/Third_Party/FreeRTOS/Source/tasks.c **** 	#if( configUSE_TASK_NOTIFICATIONS == 1 )
 311:Middlewares/Third_Party/FreeRTOS/Source/tasks.c **** 		volatile uint32_t ulNotifiedValue;
 312:Middlewares/Third_Party/FreeRTOS/Source/tasks.c **** 		volatile uint8_t ucNotifyState;
 313:Middlewares/Third_Party/FreeRTOS/Source/tasks.c **** 	#endif
 314:Middlewares/Third_Party/FreeRTOS/Source/tasks.c **** 
 315:Middlewares/Third_Party/FreeRTOS/Source/tasks.c **** 	/* See the comments in FreeRTOS.h with the definition of
 316:Middlewares/Third_Party/FreeRTOS/Source/tasks.c **** 	tskSTATIC_AND_DYNAMIC_ALLOCATION_POSSIBLE. */
ARM GAS  C:\Users\jason\AppData\Local\Temp\ccaXxPCU.s 			page 7


 317:Middlewares/Third_Party/FreeRTOS/Source/tasks.c **** 	#if( tskSTATIC_AND_DYNAMIC_ALLOCATION_POSSIBLE != 0 ) /*lint !e731 !e9029 Macro has been consolida
 318:Middlewares/Third_Party/FreeRTOS/Source/tasks.c **** 		uint8_t	ucStaticallyAllocated; 		/*< Set to pdTRUE if the task is a statically allocated to ensur
 319:Middlewares/Third_Party/FreeRTOS/Source/tasks.c **** 	#endif
 320:Middlewares/Third_Party/FreeRTOS/Source/tasks.c **** 
 321:Middlewares/Third_Party/FreeRTOS/Source/tasks.c **** 	#if( INCLUDE_xTaskAbortDelay == 1 )
 322:Middlewares/Third_Party/FreeRTOS/Source/tasks.c **** 		uint8_t ucDelayAborted;
 323:Middlewares/Third_Party/FreeRTOS/Source/tasks.c **** 	#endif
 324:Middlewares/Third_Party/FreeRTOS/Source/tasks.c **** 
 325:Middlewares/Third_Party/FreeRTOS/Source/tasks.c **** 	#if( configUSE_POSIX_ERRNO == 1 )
 326:Middlewares/Third_Party/FreeRTOS/Source/tasks.c **** 		int iTaskErrno;
 327:Middlewares/Third_Party/FreeRTOS/Source/tasks.c **** 	#endif
 328:Middlewares/Third_Party/FreeRTOS/Source/tasks.c **** 
 329:Middlewares/Third_Party/FreeRTOS/Source/tasks.c **** } tskTCB;
 330:Middlewares/Third_Party/FreeRTOS/Source/tasks.c **** 
 331:Middlewares/Third_Party/FreeRTOS/Source/tasks.c **** /* The old tskTCB name is maintained above then typedefed to the new TCB_t name
 332:Middlewares/Third_Party/FreeRTOS/Source/tasks.c **** below to enable the use of older kernel aware debuggers. */
 333:Middlewares/Third_Party/FreeRTOS/Source/tasks.c **** typedef tskTCB TCB_t;
 334:Middlewares/Third_Party/FreeRTOS/Source/tasks.c **** 
 335:Middlewares/Third_Party/FreeRTOS/Source/tasks.c **** /*lint -save -e956 A manual analysis and inspection has been used to determine
 336:Middlewares/Third_Party/FreeRTOS/Source/tasks.c **** which static variables must be declared volatile. */
 337:Middlewares/Third_Party/FreeRTOS/Source/tasks.c **** PRIVILEGED_DATA TCB_t * volatile pxCurrentTCB = NULL;
 338:Middlewares/Third_Party/FreeRTOS/Source/tasks.c **** 
 339:Middlewares/Third_Party/FreeRTOS/Source/tasks.c **** /* Lists for ready and blocked tasks. --------------------
 340:Middlewares/Third_Party/FreeRTOS/Source/tasks.c **** xDelayedTaskList1 and xDelayedTaskList2 could be move to function scople but
 341:Middlewares/Third_Party/FreeRTOS/Source/tasks.c **** doing so breaks some kernel aware debuggers and debuggers that rely on removing
 342:Middlewares/Third_Party/FreeRTOS/Source/tasks.c **** the static qualifier. */
 343:Middlewares/Third_Party/FreeRTOS/Source/tasks.c **** PRIVILEGED_DATA static List_t pxReadyTasksLists[ configMAX_PRIORITIES ];/*< Prioritised ready tasks
 344:Middlewares/Third_Party/FreeRTOS/Source/tasks.c **** PRIVILEGED_DATA static List_t xDelayedTaskList1;						/*< Delayed tasks. */
 345:Middlewares/Third_Party/FreeRTOS/Source/tasks.c **** PRIVILEGED_DATA static List_t xDelayedTaskList2;						/*< Delayed tasks (two lists are used - one f
 346:Middlewares/Third_Party/FreeRTOS/Source/tasks.c **** PRIVILEGED_DATA static List_t * volatile pxDelayedTaskList;				/*< Points to the delayed task list 
 347:Middlewares/Third_Party/FreeRTOS/Source/tasks.c **** PRIVILEGED_DATA static List_t * volatile pxOverflowDelayedTaskList;		/*< Points to the delayed task
 348:Middlewares/Third_Party/FreeRTOS/Source/tasks.c **** PRIVILEGED_DATA static List_t xPendingReadyList;						/*< Tasks that have been readied while the sc
 349:Middlewares/Third_Party/FreeRTOS/Source/tasks.c **** 
 350:Middlewares/Third_Party/FreeRTOS/Source/tasks.c **** #if( INCLUDE_vTaskDelete == 1 )
 351:Middlewares/Third_Party/FreeRTOS/Source/tasks.c **** 
 352:Middlewares/Third_Party/FreeRTOS/Source/tasks.c **** 	PRIVILEGED_DATA static List_t xTasksWaitingTermination;				/*< Tasks that have been deleted - but 
 353:Middlewares/Third_Party/FreeRTOS/Source/tasks.c **** 	PRIVILEGED_DATA static volatile UBaseType_t uxDeletedTasksWaitingCleanUp = ( UBaseType_t ) 0U;
 354:Middlewares/Third_Party/FreeRTOS/Source/tasks.c **** 
 355:Middlewares/Third_Party/FreeRTOS/Source/tasks.c **** #endif
 356:Middlewares/Third_Party/FreeRTOS/Source/tasks.c **** 
 357:Middlewares/Third_Party/FreeRTOS/Source/tasks.c **** #if ( INCLUDE_vTaskSuspend == 1 )
 358:Middlewares/Third_Party/FreeRTOS/Source/tasks.c **** 
 359:Middlewares/Third_Party/FreeRTOS/Source/tasks.c **** 	PRIVILEGED_DATA static List_t xSuspendedTaskList;					/*< Tasks that are currently suspended. */
 360:Middlewares/Third_Party/FreeRTOS/Source/tasks.c **** 
 361:Middlewares/Third_Party/FreeRTOS/Source/tasks.c **** #endif
 362:Middlewares/Third_Party/FreeRTOS/Source/tasks.c **** 
 363:Middlewares/Third_Party/FreeRTOS/Source/tasks.c **** /* Global POSIX errno. Its value is changed upon context switching to match
 364:Middlewares/Third_Party/FreeRTOS/Source/tasks.c **** the errno of the currently running task. */
 365:Middlewares/Third_Party/FreeRTOS/Source/tasks.c **** #if ( configUSE_POSIX_ERRNO == 1 )
 366:Middlewares/Third_Party/FreeRTOS/Source/tasks.c **** 	int FreeRTOS_errno = 0;
 367:Middlewares/Third_Party/FreeRTOS/Source/tasks.c **** #endif
 368:Middlewares/Third_Party/FreeRTOS/Source/tasks.c **** 
 369:Middlewares/Third_Party/FreeRTOS/Source/tasks.c **** /* Other file private variables. --------------------------------*/
 370:Middlewares/Third_Party/FreeRTOS/Source/tasks.c **** PRIVILEGED_DATA static volatile UBaseType_t uxCurrentNumberOfTasks 	= ( UBaseType_t ) 0U;
 371:Middlewares/Third_Party/FreeRTOS/Source/tasks.c **** PRIVILEGED_DATA static volatile TickType_t xTickCount 				= ( TickType_t ) configINITIAL_TICK_COUNT
 372:Middlewares/Third_Party/FreeRTOS/Source/tasks.c **** PRIVILEGED_DATA static volatile UBaseType_t uxTopReadyPriority 		= tskIDLE_PRIORITY;
 373:Middlewares/Third_Party/FreeRTOS/Source/tasks.c **** PRIVILEGED_DATA static volatile BaseType_t xSchedulerRunning 		= pdFALSE;
ARM GAS  C:\Users\jason\AppData\Local\Temp\ccaXxPCU.s 			page 8


 374:Middlewares/Third_Party/FreeRTOS/Source/tasks.c **** PRIVILEGED_DATA static volatile TickType_t xPendedTicks 			= ( TickType_t ) 0U;
 375:Middlewares/Third_Party/FreeRTOS/Source/tasks.c **** PRIVILEGED_DATA static volatile BaseType_t xYieldPending 			= pdFALSE;
 376:Middlewares/Third_Party/FreeRTOS/Source/tasks.c **** PRIVILEGED_DATA static volatile BaseType_t xNumOfOverflows 			= ( BaseType_t ) 0;
 377:Middlewares/Third_Party/FreeRTOS/Source/tasks.c **** PRIVILEGED_DATA static UBaseType_t uxTaskNumber 					= ( UBaseType_t ) 0U;
 378:Middlewares/Third_Party/FreeRTOS/Source/tasks.c **** PRIVILEGED_DATA static volatile TickType_t xNextTaskUnblockTime		= ( TickType_t ) 0U; /* Initialise
 379:Middlewares/Third_Party/FreeRTOS/Source/tasks.c **** PRIVILEGED_DATA static TaskHandle_t xIdleTaskHandle					= NULL;			/*< Holds the handle of the idle 
 380:Middlewares/Third_Party/FreeRTOS/Source/tasks.c **** 
 381:Middlewares/Third_Party/FreeRTOS/Source/tasks.c **** /* Context switches are held pending while the scheduler is suspended.  Also,
 382:Middlewares/Third_Party/FreeRTOS/Source/tasks.c **** interrupts must not manipulate the xStateListItem of a TCB, or any of the
 383:Middlewares/Third_Party/FreeRTOS/Source/tasks.c **** lists the xStateListItem can be referenced from, if the scheduler is suspended.
 384:Middlewares/Third_Party/FreeRTOS/Source/tasks.c **** If an interrupt needs to unblock a task while the scheduler is suspended then it
 385:Middlewares/Third_Party/FreeRTOS/Source/tasks.c **** moves the task's event list item into the xPendingReadyList, ready for the
 386:Middlewares/Third_Party/FreeRTOS/Source/tasks.c **** kernel to move the task from the pending ready list into the real ready list
 387:Middlewares/Third_Party/FreeRTOS/Source/tasks.c **** when the scheduler is unsuspended.  The pending ready list itself can only be
 388:Middlewares/Third_Party/FreeRTOS/Source/tasks.c **** accessed from a critical section. */
 389:Middlewares/Third_Party/FreeRTOS/Source/tasks.c **** PRIVILEGED_DATA static volatile UBaseType_t uxSchedulerSuspended	= ( UBaseType_t ) pdFALSE;
 390:Middlewares/Third_Party/FreeRTOS/Source/tasks.c **** 
 391:Middlewares/Third_Party/FreeRTOS/Source/tasks.c **** #if ( configGENERATE_RUN_TIME_STATS == 1 )
 392:Middlewares/Third_Party/FreeRTOS/Source/tasks.c **** 
 393:Middlewares/Third_Party/FreeRTOS/Source/tasks.c **** 	/* Do not move these variables to function scope as doing so prevents the
 394:Middlewares/Third_Party/FreeRTOS/Source/tasks.c **** 	code working with debuggers that need to remove the static qualifier. */
 395:Middlewares/Third_Party/FreeRTOS/Source/tasks.c **** 	PRIVILEGED_DATA static uint32_t ulTaskSwitchedInTime = 0UL;	/*< Holds the value of a timer/counter
 396:Middlewares/Third_Party/FreeRTOS/Source/tasks.c **** 	PRIVILEGED_DATA static uint32_t ulTotalRunTime = 0UL;		/*< Holds the total amount of execution tim
 397:Middlewares/Third_Party/FreeRTOS/Source/tasks.c **** 
 398:Middlewares/Third_Party/FreeRTOS/Source/tasks.c **** #endif
 399:Middlewares/Third_Party/FreeRTOS/Source/tasks.c **** 
 400:Middlewares/Third_Party/FreeRTOS/Source/tasks.c **** /*lint -restore */
 401:Middlewares/Third_Party/FreeRTOS/Source/tasks.c **** 
 402:Middlewares/Third_Party/FreeRTOS/Source/tasks.c **** /*-----------------------------------------------------------*/
 403:Middlewares/Third_Party/FreeRTOS/Source/tasks.c **** 
 404:Middlewares/Third_Party/FreeRTOS/Source/tasks.c **** /* Callback function prototypes. --------------------------*/
 405:Middlewares/Third_Party/FreeRTOS/Source/tasks.c **** #if(  configCHECK_FOR_STACK_OVERFLOW > 0 )
 406:Middlewares/Third_Party/FreeRTOS/Source/tasks.c **** 
 407:Middlewares/Third_Party/FreeRTOS/Source/tasks.c **** 	extern void vApplicationStackOverflowHook( TaskHandle_t xTask, char *pcTaskName );
 408:Middlewares/Third_Party/FreeRTOS/Source/tasks.c **** 
 409:Middlewares/Third_Party/FreeRTOS/Source/tasks.c **** #endif
 410:Middlewares/Third_Party/FreeRTOS/Source/tasks.c **** 
 411:Middlewares/Third_Party/FreeRTOS/Source/tasks.c **** #if( configUSE_TICK_HOOK > 0 )
 412:Middlewares/Third_Party/FreeRTOS/Source/tasks.c **** 
 413:Middlewares/Third_Party/FreeRTOS/Source/tasks.c **** 	extern void vApplicationTickHook( void ); /*lint !e526 Symbol not defined as it is an application 
 414:Middlewares/Third_Party/FreeRTOS/Source/tasks.c **** 
 415:Middlewares/Third_Party/FreeRTOS/Source/tasks.c **** #endif
 416:Middlewares/Third_Party/FreeRTOS/Source/tasks.c **** 
 417:Middlewares/Third_Party/FreeRTOS/Source/tasks.c **** #if( configSUPPORT_STATIC_ALLOCATION == 1 )
 418:Middlewares/Third_Party/FreeRTOS/Source/tasks.c **** 
 419:Middlewares/Third_Party/FreeRTOS/Source/tasks.c **** 	extern void vApplicationGetIdleTaskMemory( StaticTask_t **ppxIdleTaskTCBBuffer, StackType_t **ppxI
 420:Middlewares/Third_Party/FreeRTOS/Source/tasks.c **** 
 421:Middlewares/Third_Party/FreeRTOS/Source/tasks.c **** #endif
 422:Middlewares/Third_Party/FreeRTOS/Source/tasks.c **** 
 423:Middlewares/Third_Party/FreeRTOS/Source/tasks.c **** /* File private functions. --------------------------------*/
 424:Middlewares/Third_Party/FreeRTOS/Source/tasks.c **** 
 425:Middlewares/Third_Party/FreeRTOS/Source/tasks.c **** /**
 426:Middlewares/Third_Party/FreeRTOS/Source/tasks.c ****  * Utility task that simply returns pdTRUE if the task referenced by xTask is
 427:Middlewares/Third_Party/FreeRTOS/Source/tasks.c ****  * currently in the Suspended state, or pdFALSE if the task referenced by xTask
 428:Middlewares/Third_Party/FreeRTOS/Source/tasks.c ****  * is in any other state.
 429:Middlewares/Third_Party/FreeRTOS/Source/tasks.c ****  */
 430:Middlewares/Third_Party/FreeRTOS/Source/tasks.c **** #if ( INCLUDE_vTaskSuspend == 1 )
ARM GAS  C:\Users\jason\AppData\Local\Temp\ccaXxPCU.s 			page 9


 431:Middlewares/Third_Party/FreeRTOS/Source/tasks.c **** 
 432:Middlewares/Third_Party/FreeRTOS/Source/tasks.c **** 	static BaseType_t prvTaskIsTaskSuspended( const TaskHandle_t xTask ) PRIVILEGED_FUNCTION;
 433:Middlewares/Third_Party/FreeRTOS/Source/tasks.c **** 
 434:Middlewares/Third_Party/FreeRTOS/Source/tasks.c **** #endif /* INCLUDE_vTaskSuspend */
 435:Middlewares/Third_Party/FreeRTOS/Source/tasks.c **** 
 436:Middlewares/Third_Party/FreeRTOS/Source/tasks.c **** /*
 437:Middlewares/Third_Party/FreeRTOS/Source/tasks.c ****  * Utility to ready all the lists used by the scheduler.  This is called
 438:Middlewares/Third_Party/FreeRTOS/Source/tasks.c ****  * automatically upon the creation of the first task.
 439:Middlewares/Third_Party/FreeRTOS/Source/tasks.c ****  */
 440:Middlewares/Third_Party/FreeRTOS/Source/tasks.c **** static void prvInitialiseTaskLists( void ) PRIVILEGED_FUNCTION;
 441:Middlewares/Third_Party/FreeRTOS/Source/tasks.c **** 
 442:Middlewares/Third_Party/FreeRTOS/Source/tasks.c **** /*
 443:Middlewares/Third_Party/FreeRTOS/Source/tasks.c ****  * The idle task, which as all tasks is implemented as a never ending loop.
 444:Middlewares/Third_Party/FreeRTOS/Source/tasks.c ****  * The idle task is automatically created and added to the ready lists upon
 445:Middlewares/Third_Party/FreeRTOS/Source/tasks.c ****  * creation of the first user task.
 446:Middlewares/Third_Party/FreeRTOS/Source/tasks.c ****  *
 447:Middlewares/Third_Party/FreeRTOS/Source/tasks.c ****  * The portTASK_FUNCTION_PROTO() macro is used to allow port/compiler specific
 448:Middlewares/Third_Party/FreeRTOS/Source/tasks.c ****  * language extensions.  The equivalent prototype for this function is:
 449:Middlewares/Third_Party/FreeRTOS/Source/tasks.c ****  *
 450:Middlewares/Third_Party/FreeRTOS/Source/tasks.c ****  * void prvIdleTask( void *pvParameters );
 451:Middlewares/Third_Party/FreeRTOS/Source/tasks.c ****  *
 452:Middlewares/Third_Party/FreeRTOS/Source/tasks.c ****  */
 453:Middlewares/Third_Party/FreeRTOS/Source/tasks.c **** static portTASK_FUNCTION_PROTO( prvIdleTask, pvParameters );
 454:Middlewares/Third_Party/FreeRTOS/Source/tasks.c **** 
 455:Middlewares/Third_Party/FreeRTOS/Source/tasks.c **** /*
 456:Middlewares/Third_Party/FreeRTOS/Source/tasks.c ****  * Utility to free all memory allocated by the scheduler to hold a TCB,
 457:Middlewares/Third_Party/FreeRTOS/Source/tasks.c ****  * including the stack pointed to by the TCB.
 458:Middlewares/Third_Party/FreeRTOS/Source/tasks.c ****  *
 459:Middlewares/Third_Party/FreeRTOS/Source/tasks.c ****  * This does not free memory allocated by the task itself (i.e. memory
 460:Middlewares/Third_Party/FreeRTOS/Source/tasks.c ****  * allocated by calls to pvPortMalloc from within the tasks application code).
 461:Middlewares/Third_Party/FreeRTOS/Source/tasks.c ****  */
 462:Middlewares/Third_Party/FreeRTOS/Source/tasks.c **** #if ( INCLUDE_vTaskDelete == 1 )
 463:Middlewares/Third_Party/FreeRTOS/Source/tasks.c **** 
 464:Middlewares/Third_Party/FreeRTOS/Source/tasks.c **** 	static void prvDeleteTCB( TCB_t *pxTCB ) PRIVILEGED_FUNCTION;
 465:Middlewares/Third_Party/FreeRTOS/Source/tasks.c **** 
 466:Middlewares/Third_Party/FreeRTOS/Source/tasks.c **** #endif
 467:Middlewares/Third_Party/FreeRTOS/Source/tasks.c **** 
 468:Middlewares/Third_Party/FreeRTOS/Source/tasks.c **** /*
 469:Middlewares/Third_Party/FreeRTOS/Source/tasks.c ****  * Used only by the idle task.  This checks to see if anything has been placed
 470:Middlewares/Third_Party/FreeRTOS/Source/tasks.c ****  * in the list of tasks waiting to be deleted.  If so the task is cleaned up
 471:Middlewares/Third_Party/FreeRTOS/Source/tasks.c ****  * and its TCB deleted.
 472:Middlewares/Third_Party/FreeRTOS/Source/tasks.c ****  */
 473:Middlewares/Third_Party/FreeRTOS/Source/tasks.c **** static void prvCheckTasksWaitingTermination( void ) PRIVILEGED_FUNCTION;
 474:Middlewares/Third_Party/FreeRTOS/Source/tasks.c **** 
 475:Middlewares/Third_Party/FreeRTOS/Source/tasks.c **** /*
 476:Middlewares/Third_Party/FreeRTOS/Source/tasks.c ****  * The currently executing task is entering the Blocked state.  Add the task to
 477:Middlewares/Third_Party/FreeRTOS/Source/tasks.c ****  * either the current or the overflow delayed task list.
 478:Middlewares/Third_Party/FreeRTOS/Source/tasks.c ****  */
 479:Middlewares/Third_Party/FreeRTOS/Source/tasks.c **** static void prvAddCurrentTaskToDelayedList( TickType_t xTicksToWait, const BaseType_t xCanBlockInde
 480:Middlewares/Third_Party/FreeRTOS/Source/tasks.c **** 
 481:Middlewares/Third_Party/FreeRTOS/Source/tasks.c **** /*
 482:Middlewares/Third_Party/FreeRTOS/Source/tasks.c ****  * Fills an TaskStatus_t structure with information on each task that is
 483:Middlewares/Third_Party/FreeRTOS/Source/tasks.c ****  * referenced from the pxList list (which may be a ready list, a delayed list,
 484:Middlewares/Third_Party/FreeRTOS/Source/tasks.c ****  * a suspended list, etc.).
 485:Middlewares/Third_Party/FreeRTOS/Source/tasks.c ****  *
 486:Middlewares/Third_Party/FreeRTOS/Source/tasks.c ****  * THIS FUNCTION IS INTENDED FOR DEBUGGING ONLY, AND SHOULD NOT BE CALLED FROM
 487:Middlewares/Third_Party/FreeRTOS/Source/tasks.c ****  * NORMAL APPLICATION CODE.
ARM GAS  C:\Users\jason\AppData\Local\Temp\ccaXxPCU.s 			page 10


 488:Middlewares/Third_Party/FreeRTOS/Source/tasks.c ****  */
 489:Middlewares/Third_Party/FreeRTOS/Source/tasks.c **** #if ( configUSE_TRACE_FACILITY == 1 )
 490:Middlewares/Third_Party/FreeRTOS/Source/tasks.c **** 
 491:Middlewares/Third_Party/FreeRTOS/Source/tasks.c **** 	static UBaseType_t prvListTasksWithinSingleList( TaskStatus_t *pxTaskStatusArray, List_t *pxList, 
 492:Middlewares/Third_Party/FreeRTOS/Source/tasks.c **** 
 493:Middlewares/Third_Party/FreeRTOS/Source/tasks.c **** #endif
 494:Middlewares/Third_Party/FreeRTOS/Source/tasks.c **** 
 495:Middlewares/Third_Party/FreeRTOS/Source/tasks.c **** /*
 496:Middlewares/Third_Party/FreeRTOS/Source/tasks.c ****  * Searches pxList for a task with name pcNameToQuery - returning a handle to
 497:Middlewares/Third_Party/FreeRTOS/Source/tasks.c ****  * the task if it is found, or NULL if the task is not found.
 498:Middlewares/Third_Party/FreeRTOS/Source/tasks.c ****  */
 499:Middlewares/Third_Party/FreeRTOS/Source/tasks.c **** #if ( INCLUDE_xTaskGetHandle == 1 )
 500:Middlewares/Third_Party/FreeRTOS/Source/tasks.c **** 
 501:Middlewares/Third_Party/FreeRTOS/Source/tasks.c **** 	static TCB_t *prvSearchForNameWithinSingleList( List_t *pxList, const char pcNameToQuery[] ) PRIVI
 502:Middlewares/Third_Party/FreeRTOS/Source/tasks.c **** 
 503:Middlewares/Third_Party/FreeRTOS/Source/tasks.c **** #endif
 504:Middlewares/Third_Party/FreeRTOS/Source/tasks.c **** 
 505:Middlewares/Third_Party/FreeRTOS/Source/tasks.c **** /*
 506:Middlewares/Third_Party/FreeRTOS/Source/tasks.c ****  * When a task is created, the stack of the task is filled with a known value.
 507:Middlewares/Third_Party/FreeRTOS/Source/tasks.c ****  * This function determines the 'high water mark' of the task stack by
 508:Middlewares/Third_Party/FreeRTOS/Source/tasks.c ****  * determining how much of the stack remains at the original preset value.
 509:Middlewares/Third_Party/FreeRTOS/Source/tasks.c ****  */
 510:Middlewares/Third_Party/FreeRTOS/Source/tasks.c **** #if ( ( configUSE_TRACE_FACILITY == 1 ) || ( INCLUDE_uxTaskGetStackHighWaterMark == 1 ) || ( INCLUD
 511:Middlewares/Third_Party/FreeRTOS/Source/tasks.c **** 
 512:Middlewares/Third_Party/FreeRTOS/Source/tasks.c **** 	static configSTACK_DEPTH_TYPE prvTaskCheckFreeStackSpace( const uint8_t * pucStackByte ) PRIVILEGE
 513:Middlewares/Third_Party/FreeRTOS/Source/tasks.c **** 
 514:Middlewares/Third_Party/FreeRTOS/Source/tasks.c **** #endif
 515:Middlewares/Third_Party/FreeRTOS/Source/tasks.c **** 
 516:Middlewares/Third_Party/FreeRTOS/Source/tasks.c **** /*
 517:Middlewares/Third_Party/FreeRTOS/Source/tasks.c ****  * Return the amount of time, in ticks, that will pass before the kernel will
 518:Middlewares/Third_Party/FreeRTOS/Source/tasks.c ****  * next move a task from the Blocked state to the Running state.
 519:Middlewares/Third_Party/FreeRTOS/Source/tasks.c ****  *
 520:Middlewares/Third_Party/FreeRTOS/Source/tasks.c ****  * This conditional compilation should use inequality to 0, not equality to 1.
 521:Middlewares/Third_Party/FreeRTOS/Source/tasks.c ****  * This is to ensure portSUPPRESS_TICKS_AND_SLEEP() can be called when user
 522:Middlewares/Third_Party/FreeRTOS/Source/tasks.c ****  * defined low power mode implementations require configUSE_TICKLESS_IDLE to be
 523:Middlewares/Third_Party/FreeRTOS/Source/tasks.c ****  * set to a value other than 1.
 524:Middlewares/Third_Party/FreeRTOS/Source/tasks.c ****  */
 525:Middlewares/Third_Party/FreeRTOS/Source/tasks.c **** #if ( configUSE_TICKLESS_IDLE != 0 )
 526:Middlewares/Third_Party/FreeRTOS/Source/tasks.c **** 
 527:Middlewares/Third_Party/FreeRTOS/Source/tasks.c **** 	static TickType_t prvGetExpectedIdleTime( void ) PRIVILEGED_FUNCTION;
 528:Middlewares/Third_Party/FreeRTOS/Source/tasks.c **** 
 529:Middlewares/Third_Party/FreeRTOS/Source/tasks.c **** #endif
 530:Middlewares/Third_Party/FreeRTOS/Source/tasks.c **** 
 531:Middlewares/Third_Party/FreeRTOS/Source/tasks.c **** /*
 532:Middlewares/Third_Party/FreeRTOS/Source/tasks.c ****  * Set xNextTaskUnblockTime to the time at which the next Blocked state task
 533:Middlewares/Third_Party/FreeRTOS/Source/tasks.c ****  * will exit the Blocked state.
 534:Middlewares/Third_Party/FreeRTOS/Source/tasks.c ****  */
 535:Middlewares/Third_Party/FreeRTOS/Source/tasks.c **** static void prvResetNextTaskUnblockTime( void );
 536:Middlewares/Third_Party/FreeRTOS/Source/tasks.c **** 
 537:Middlewares/Third_Party/FreeRTOS/Source/tasks.c **** #if ( ( configUSE_TRACE_FACILITY == 1 ) && ( configUSE_STATS_FORMATTING_FUNCTIONS > 0 ) )
 538:Middlewares/Third_Party/FreeRTOS/Source/tasks.c **** 
 539:Middlewares/Third_Party/FreeRTOS/Source/tasks.c **** 	/*
 540:Middlewares/Third_Party/FreeRTOS/Source/tasks.c **** 	 * Helper function used to pad task names with spaces when printing out
 541:Middlewares/Third_Party/FreeRTOS/Source/tasks.c **** 	 * human readable tables of task information.
 542:Middlewares/Third_Party/FreeRTOS/Source/tasks.c **** 	 */
 543:Middlewares/Third_Party/FreeRTOS/Source/tasks.c **** 	static char *prvWriteNameToBuffer( char *pcBuffer, const char *pcTaskName ) PRIVILEGED_FUNCTION;
 544:Middlewares/Third_Party/FreeRTOS/Source/tasks.c **** 
ARM GAS  C:\Users\jason\AppData\Local\Temp\ccaXxPCU.s 			page 11


 545:Middlewares/Third_Party/FreeRTOS/Source/tasks.c **** #endif
 546:Middlewares/Third_Party/FreeRTOS/Source/tasks.c **** 
 547:Middlewares/Third_Party/FreeRTOS/Source/tasks.c **** /*
 548:Middlewares/Third_Party/FreeRTOS/Source/tasks.c ****  * Called after a Task_t structure has been allocated either statically or
 549:Middlewares/Third_Party/FreeRTOS/Source/tasks.c ****  * dynamically to fill in the structure's members.
 550:Middlewares/Third_Party/FreeRTOS/Source/tasks.c ****  */
 551:Middlewares/Third_Party/FreeRTOS/Source/tasks.c **** static void prvInitialiseNewTask( 	TaskFunction_t pxTaskCode,
 552:Middlewares/Third_Party/FreeRTOS/Source/tasks.c **** 									const char * const pcName, 		/*lint !e971 Unqualified char types are allowed for strings a
 553:Middlewares/Third_Party/FreeRTOS/Source/tasks.c **** 									const uint32_t ulStackDepth,
 554:Middlewares/Third_Party/FreeRTOS/Source/tasks.c **** 									void * const pvParameters,
 555:Middlewares/Third_Party/FreeRTOS/Source/tasks.c **** 									UBaseType_t uxPriority,
 556:Middlewares/Third_Party/FreeRTOS/Source/tasks.c **** 									TaskHandle_t * const pxCreatedTask,
 557:Middlewares/Third_Party/FreeRTOS/Source/tasks.c **** 									TCB_t *pxNewTCB,
 558:Middlewares/Third_Party/FreeRTOS/Source/tasks.c **** 									const MemoryRegion_t * const xRegions ) PRIVILEGED_FUNCTION;
 559:Middlewares/Third_Party/FreeRTOS/Source/tasks.c **** 
 560:Middlewares/Third_Party/FreeRTOS/Source/tasks.c **** /*
 561:Middlewares/Third_Party/FreeRTOS/Source/tasks.c ****  * Called after a new task has been created and initialised to place the task
 562:Middlewares/Third_Party/FreeRTOS/Source/tasks.c ****  * under the control of the scheduler.
 563:Middlewares/Third_Party/FreeRTOS/Source/tasks.c ****  */
 564:Middlewares/Third_Party/FreeRTOS/Source/tasks.c **** static void prvAddNewTaskToReadyList( TCB_t *pxNewTCB ) PRIVILEGED_FUNCTION;
 565:Middlewares/Third_Party/FreeRTOS/Source/tasks.c **** 
 566:Middlewares/Third_Party/FreeRTOS/Source/tasks.c **** /*
 567:Middlewares/Third_Party/FreeRTOS/Source/tasks.c ****  * freertos_tasks_c_additions_init() should only be called if the user definable
 568:Middlewares/Third_Party/FreeRTOS/Source/tasks.c ****  * macro FREERTOS_TASKS_C_ADDITIONS_INIT() is defined, as that is the only macro
 569:Middlewares/Third_Party/FreeRTOS/Source/tasks.c ****  * called by the function.
 570:Middlewares/Third_Party/FreeRTOS/Source/tasks.c ****  */
 571:Middlewares/Third_Party/FreeRTOS/Source/tasks.c **** #ifdef FREERTOS_TASKS_C_ADDITIONS_INIT
 572:Middlewares/Third_Party/FreeRTOS/Source/tasks.c **** 
 573:Middlewares/Third_Party/FreeRTOS/Source/tasks.c **** 	static void freertos_tasks_c_additions_init( void ) PRIVILEGED_FUNCTION;
 574:Middlewares/Third_Party/FreeRTOS/Source/tasks.c **** 
 575:Middlewares/Third_Party/FreeRTOS/Source/tasks.c **** #endif
 576:Middlewares/Third_Party/FreeRTOS/Source/tasks.c **** 
 577:Middlewares/Third_Party/FreeRTOS/Source/tasks.c **** /*-----------------------------------------------------------*/
 578:Middlewares/Third_Party/FreeRTOS/Source/tasks.c **** 
 579:Middlewares/Third_Party/FreeRTOS/Source/tasks.c **** #if( configSUPPORT_STATIC_ALLOCATION == 1 )
 580:Middlewares/Third_Party/FreeRTOS/Source/tasks.c **** 
 581:Middlewares/Third_Party/FreeRTOS/Source/tasks.c **** 	TaskHandle_t xTaskCreateStatic(	TaskFunction_t pxTaskCode,
 582:Middlewares/Third_Party/FreeRTOS/Source/tasks.c **** 									const char * const pcName,		/*lint !e971 Unqualified char types are allowed for strings an
 583:Middlewares/Third_Party/FreeRTOS/Source/tasks.c **** 									const uint32_t ulStackDepth,
 584:Middlewares/Third_Party/FreeRTOS/Source/tasks.c **** 									void * const pvParameters,
 585:Middlewares/Third_Party/FreeRTOS/Source/tasks.c **** 									UBaseType_t uxPriority,
 586:Middlewares/Third_Party/FreeRTOS/Source/tasks.c **** 									StackType_t * const puxStackBuffer,
 587:Middlewares/Third_Party/FreeRTOS/Source/tasks.c **** 									StaticTask_t * const pxTaskBuffer )
 588:Middlewares/Third_Party/FreeRTOS/Source/tasks.c **** 	{
 589:Middlewares/Third_Party/FreeRTOS/Source/tasks.c **** 	TCB_t *pxNewTCB;
 590:Middlewares/Third_Party/FreeRTOS/Source/tasks.c **** 	TaskHandle_t xReturn;
 591:Middlewares/Third_Party/FreeRTOS/Source/tasks.c **** 
 592:Middlewares/Third_Party/FreeRTOS/Source/tasks.c **** 		configASSERT( puxStackBuffer != NULL );
 593:Middlewares/Third_Party/FreeRTOS/Source/tasks.c **** 		configASSERT( pxTaskBuffer != NULL );
 594:Middlewares/Third_Party/FreeRTOS/Source/tasks.c **** 
 595:Middlewares/Third_Party/FreeRTOS/Source/tasks.c **** 		#if( configASSERT_DEFINED == 1 )
 596:Middlewares/Third_Party/FreeRTOS/Source/tasks.c **** 		{
 597:Middlewares/Third_Party/FreeRTOS/Source/tasks.c **** 			/* Sanity check that the size of the structure used to declare a
 598:Middlewares/Third_Party/FreeRTOS/Source/tasks.c **** 			variable of type StaticTask_t equals the size of the real task
 599:Middlewares/Third_Party/FreeRTOS/Source/tasks.c **** 			structure. */
 600:Middlewares/Third_Party/FreeRTOS/Source/tasks.c **** 			volatile size_t xSize = sizeof( StaticTask_t );
 601:Middlewares/Third_Party/FreeRTOS/Source/tasks.c **** 			configASSERT( xSize == sizeof( TCB_t ) );
ARM GAS  C:\Users\jason\AppData\Local\Temp\ccaXxPCU.s 			page 12


 602:Middlewares/Third_Party/FreeRTOS/Source/tasks.c **** 			( void ) xSize; /* Prevent lint warning when configASSERT() is not used. */
 603:Middlewares/Third_Party/FreeRTOS/Source/tasks.c **** 		}
 604:Middlewares/Third_Party/FreeRTOS/Source/tasks.c **** 		#endif /* configASSERT_DEFINED */
 605:Middlewares/Third_Party/FreeRTOS/Source/tasks.c **** 
 606:Middlewares/Third_Party/FreeRTOS/Source/tasks.c **** 
 607:Middlewares/Third_Party/FreeRTOS/Source/tasks.c **** 		if( ( pxTaskBuffer != NULL ) && ( puxStackBuffer != NULL ) )
 608:Middlewares/Third_Party/FreeRTOS/Source/tasks.c **** 		{
 609:Middlewares/Third_Party/FreeRTOS/Source/tasks.c **** 			/* The memory used for the task's TCB and stack are passed into this
 610:Middlewares/Third_Party/FreeRTOS/Source/tasks.c **** 			function - use them. */
 611:Middlewares/Third_Party/FreeRTOS/Source/tasks.c **** 			pxNewTCB = ( TCB_t * ) pxTaskBuffer; /*lint !e740 !e9087 Unusual cast is ok as the structures ar
 612:Middlewares/Third_Party/FreeRTOS/Source/tasks.c **** 			pxNewTCB->pxStack = ( StackType_t * ) puxStackBuffer;
 613:Middlewares/Third_Party/FreeRTOS/Source/tasks.c **** 
 614:Middlewares/Third_Party/FreeRTOS/Source/tasks.c **** 			#if( tskSTATIC_AND_DYNAMIC_ALLOCATION_POSSIBLE != 0 ) /*lint !e731 !e9029 Macro has been consoli
 615:Middlewares/Third_Party/FreeRTOS/Source/tasks.c **** 			{
 616:Middlewares/Third_Party/FreeRTOS/Source/tasks.c **** 				/* Tasks can be created statically or dynamically, so note this
 617:Middlewares/Third_Party/FreeRTOS/Source/tasks.c **** 				task was created statically in case the task is later deleted. */
 618:Middlewares/Third_Party/FreeRTOS/Source/tasks.c **** 				pxNewTCB->ucStaticallyAllocated = tskSTATICALLY_ALLOCATED_STACK_AND_TCB;
 619:Middlewares/Third_Party/FreeRTOS/Source/tasks.c **** 			}
 620:Middlewares/Third_Party/FreeRTOS/Source/tasks.c **** 			#endif /* tskSTATIC_AND_DYNAMIC_ALLOCATION_POSSIBLE */
 621:Middlewares/Third_Party/FreeRTOS/Source/tasks.c **** 
 622:Middlewares/Third_Party/FreeRTOS/Source/tasks.c **** 			prvInitialiseNewTask( pxTaskCode, pcName, ulStackDepth, pvParameters, uxPriority, &xReturn, pxNe
 623:Middlewares/Third_Party/FreeRTOS/Source/tasks.c **** 			prvAddNewTaskToReadyList( pxNewTCB );
 624:Middlewares/Third_Party/FreeRTOS/Source/tasks.c **** 		}
 625:Middlewares/Third_Party/FreeRTOS/Source/tasks.c **** 		else
 626:Middlewares/Third_Party/FreeRTOS/Source/tasks.c **** 		{
 627:Middlewares/Third_Party/FreeRTOS/Source/tasks.c **** 			xReturn = NULL;
 628:Middlewares/Third_Party/FreeRTOS/Source/tasks.c **** 		}
 629:Middlewares/Third_Party/FreeRTOS/Source/tasks.c **** 
 630:Middlewares/Third_Party/FreeRTOS/Source/tasks.c **** 		return xReturn;
 631:Middlewares/Third_Party/FreeRTOS/Source/tasks.c **** 	}
 632:Middlewares/Third_Party/FreeRTOS/Source/tasks.c **** 
 633:Middlewares/Third_Party/FreeRTOS/Source/tasks.c **** #endif /* SUPPORT_STATIC_ALLOCATION */
 634:Middlewares/Third_Party/FreeRTOS/Source/tasks.c **** /*-----------------------------------------------------------*/
 635:Middlewares/Third_Party/FreeRTOS/Source/tasks.c **** 
 636:Middlewares/Third_Party/FreeRTOS/Source/tasks.c **** #if( ( portUSING_MPU_WRAPPERS == 1 ) && ( configSUPPORT_STATIC_ALLOCATION == 1 ) )
 637:Middlewares/Third_Party/FreeRTOS/Source/tasks.c **** 
 638:Middlewares/Third_Party/FreeRTOS/Source/tasks.c **** 	BaseType_t xTaskCreateRestrictedStatic( const TaskParameters_t * const pxTaskDefinition, TaskHandl
 639:Middlewares/Third_Party/FreeRTOS/Source/tasks.c **** 	{
 640:Middlewares/Third_Party/FreeRTOS/Source/tasks.c **** 	TCB_t *pxNewTCB;
 641:Middlewares/Third_Party/FreeRTOS/Source/tasks.c **** 	BaseType_t xReturn = errCOULD_NOT_ALLOCATE_REQUIRED_MEMORY;
 642:Middlewares/Third_Party/FreeRTOS/Source/tasks.c **** 
 643:Middlewares/Third_Party/FreeRTOS/Source/tasks.c **** 		configASSERT( pxTaskDefinition->puxStackBuffer != NULL );
 644:Middlewares/Third_Party/FreeRTOS/Source/tasks.c **** 		configASSERT( pxTaskDefinition->pxTaskBuffer != NULL );
 645:Middlewares/Third_Party/FreeRTOS/Source/tasks.c **** 
 646:Middlewares/Third_Party/FreeRTOS/Source/tasks.c **** 		if( ( pxTaskDefinition->puxStackBuffer != NULL ) && ( pxTaskDefinition->pxTaskBuffer != NULL ) )
 647:Middlewares/Third_Party/FreeRTOS/Source/tasks.c **** 		{
 648:Middlewares/Third_Party/FreeRTOS/Source/tasks.c **** 			/* Allocate space for the TCB.  Where the memory comes from depends
 649:Middlewares/Third_Party/FreeRTOS/Source/tasks.c **** 			on the implementation of the port malloc function and whether or
 650:Middlewares/Third_Party/FreeRTOS/Source/tasks.c **** 			not static allocation is being used. */
 651:Middlewares/Third_Party/FreeRTOS/Source/tasks.c **** 			pxNewTCB = ( TCB_t * ) pxTaskDefinition->pxTaskBuffer;
 652:Middlewares/Third_Party/FreeRTOS/Source/tasks.c **** 
 653:Middlewares/Third_Party/FreeRTOS/Source/tasks.c **** 			/* Store the stack location in the TCB. */
 654:Middlewares/Third_Party/FreeRTOS/Source/tasks.c **** 			pxNewTCB->pxStack = pxTaskDefinition->puxStackBuffer;
 655:Middlewares/Third_Party/FreeRTOS/Source/tasks.c **** 
 656:Middlewares/Third_Party/FreeRTOS/Source/tasks.c **** 			#if( tskSTATIC_AND_DYNAMIC_ALLOCATION_POSSIBLE != 0 )
 657:Middlewares/Third_Party/FreeRTOS/Source/tasks.c **** 			{
 658:Middlewares/Third_Party/FreeRTOS/Source/tasks.c **** 				/* Tasks can be created statically or dynamically, so note this
ARM GAS  C:\Users\jason\AppData\Local\Temp\ccaXxPCU.s 			page 13


 659:Middlewares/Third_Party/FreeRTOS/Source/tasks.c **** 				task was created statically in case the task is later deleted. */
 660:Middlewares/Third_Party/FreeRTOS/Source/tasks.c **** 				pxNewTCB->ucStaticallyAllocated = tskSTATICALLY_ALLOCATED_STACK_AND_TCB;
 661:Middlewares/Third_Party/FreeRTOS/Source/tasks.c **** 			}
 662:Middlewares/Third_Party/FreeRTOS/Source/tasks.c **** 			#endif /* tskSTATIC_AND_DYNAMIC_ALLOCATION_POSSIBLE */
 663:Middlewares/Third_Party/FreeRTOS/Source/tasks.c **** 
 664:Middlewares/Third_Party/FreeRTOS/Source/tasks.c **** 			prvInitialiseNewTask(	pxTaskDefinition->pvTaskCode,
 665:Middlewares/Third_Party/FreeRTOS/Source/tasks.c **** 									pxTaskDefinition->pcName,
 666:Middlewares/Third_Party/FreeRTOS/Source/tasks.c **** 									( uint32_t ) pxTaskDefinition->usStackDepth,
 667:Middlewares/Third_Party/FreeRTOS/Source/tasks.c **** 									pxTaskDefinition->pvParameters,
 668:Middlewares/Third_Party/FreeRTOS/Source/tasks.c **** 									pxTaskDefinition->uxPriority,
 669:Middlewares/Third_Party/FreeRTOS/Source/tasks.c **** 									pxCreatedTask, pxNewTCB,
 670:Middlewares/Third_Party/FreeRTOS/Source/tasks.c **** 									pxTaskDefinition->xRegions );
 671:Middlewares/Third_Party/FreeRTOS/Source/tasks.c **** 
 672:Middlewares/Third_Party/FreeRTOS/Source/tasks.c **** 			prvAddNewTaskToReadyList( pxNewTCB );
 673:Middlewares/Third_Party/FreeRTOS/Source/tasks.c **** 			xReturn = pdPASS;
 674:Middlewares/Third_Party/FreeRTOS/Source/tasks.c **** 		}
 675:Middlewares/Third_Party/FreeRTOS/Source/tasks.c **** 
 676:Middlewares/Third_Party/FreeRTOS/Source/tasks.c **** 		return xReturn;
 677:Middlewares/Third_Party/FreeRTOS/Source/tasks.c **** 	}
 678:Middlewares/Third_Party/FreeRTOS/Source/tasks.c **** 
 679:Middlewares/Third_Party/FreeRTOS/Source/tasks.c **** #endif /* ( portUSING_MPU_WRAPPERS == 1 ) && ( configSUPPORT_STATIC_ALLOCATION == 1 ) */
 680:Middlewares/Third_Party/FreeRTOS/Source/tasks.c **** /*-----------------------------------------------------------*/
 681:Middlewares/Third_Party/FreeRTOS/Source/tasks.c **** 
 682:Middlewares/Third_Party/FreeRTOS/Source/tasks.c **** #if( ( portUSING_MPU_WRAPPERS == 1 ) && ( configSUPPORT_DYNAMIC_ALLOCATION == 1 ) )
 683:Middlewares/Third_Party/FreeRTOS/Source/tasks.c **** 
 684:Middlewares/Third_Party/FreeRTOS/Source/tasks.c **** 	BaseType_t xTaskCreateRestricted( const TaskParameters_t * const pxTaskDefinition, TaskHandle_t *p
 685:Middlewares/Third_Party/FreeRTOS/Source/tasks.c **** 	{
 686:Middlewares/Third_Party/FreeRTOS/Source/tasks.c **** 	TCB_t *pxNewTCB;
 687:Middlewares/Third_Party/FreeRTOS/Source/tasks.c **** 	BaseType_t xReturn = errCOULD_NOT_ALLOCATE_REQUIRED_MEMORY;
 688:Middlewares/Third_Party/FreeRTOS/Source/tasks.c **** 
 689:Middlewares/Third_Party/FreeRTOS/Source/tasks.c **** 		configASSERT( pxTaskDefinition->puxStackBuffer );
 690:Middlewares/Third_Party/FreeRTOS/Source/tasks.c **** 
 691:Middlewares/Third_Party/FreeRTOS/Source/tasks.c **** 		if( pxTaskDefinition->puxStackBuffer != NULL )
 692:Middlewares/Third_Party/FreeRTOS/Source/tasks.c **** 		{
 693:Middlewares/Third_Party/FreeRTOS/Source/tasks.c **** 			/* Allocate space for the TCB.  Where the memory comes from depends
 694:Middlewares/Third_Party/FreeRTOS/Source/tasks.c **** 			on the implementation of the port malloc function and whether or
 695:Middlewares/Third_Party/FreeRTOS/Source/tasks.c **** 			not static allocation is being used. */
 696:Middlewares/Third_Party/FreeRTOS/Source/tasks.c **** 			pxNewTCB = ( TCB_t * ) pvPortMalloc( sizeof( TCB_t ) );
 697:Middlewares/Third_Party/FreeRTOS/Source/tasks.c **** 
 698:Middlewares/Third_Party/FreeRTOS/Source/tasks.c **** 			if( pxNewTCB != NULL )
 699:Middlewares/Third_Party/FreeRTOS/Source/tasks.c **** 			{
 700:Middlewares/Third_Party/FreeRTOS/Source/tasks.c **** 				/* Store the stack location in the TCB. */
 701:Middlewares/Third_Party/FreeRTOS/Source/tasks.c **** 				pxNewTCB->pxStack = pxTaskDefinition->puxStackBuffer;
 702:Middlewares/Third_Party/FreeRTOS/Source/tasks.c **** 
 703:Middlewares/Third_Party/FreeRTOS/Source/tasks.c **** 				#if( tskSTATIC_AND_DYNAMIC_ALLOCATION_POSSIBLE != 0 )
 704:Middlewares/Third_Party/FreeRTOS/Source/tasks.c **** 				{
 705:Middlewares/Third_Party/FreeRTOS/Source/tasks.c **** 					/* Tasks can be created statically or dynamically, so note
 706:Middlewares/Third_Party/FreeRTOS/Source/tasks.c **** 					this task had a statically allocated stack in case it is
 707:Middlewares/Third_Party/FreeRTOS/Source/tasks.c **** 					later deleted.  The TCB was allocated dynamically. */
 708:Middlewares/Third_Party/FreeRTOS/Source/tasks.c **** 					pxNewTCB->ucStaticallyAllocated = tskSTATICALLY_ALLOCATED_STACK_ONLY;
 709:Middlewares/Third_Party/FreeRTOS/Source/tasks.c **** 				}
 710:Middlewares/Third_Party/FreeRTOS/Source/tasks.c **** 				#endif /* tskSTATIC_AND_DYNAMIC_ALLOCATION_POSSIBLE */
 711:Middlewares/Third_Party/FreeRTOS/Source/tasks.c **** 
 712:Middlewares/Third_Party/FreeRTOS/Source/tasks.c **** 				prvInitialiseNewTask(	pxTaskDefinition->pvTaskCode,
 713:Middlewares/Third_Party/FreeRTOS/Source/tasks.c **** 										pxTaskDefinition->pcName,
 714:Middlewares/Third_Party/FreeRTOS/Source/tasks.c **** 										( uint32_t ) pxTaskDefinition->usStackDepth,
 715:Middlewares/Third_Party/FreeRTOS/Source/tasks.c **** 										pxTaskDefinition->pvParameters,
ARM GAS  C:\Users\jason\AppData\Local\Temp\ccaXxPCU.s 			page 14


 716:Middlewares/Third_Party/FreeRTOS/Source/tasks.c **** 										pxTaskDefinition->uxPriority,
 717:Middlewares/Third_Party/FreeRTOS/Source/tasks.c **** 										pxCreatedTask, pxNewTCB,
 718:Middlewares/Third_Party/FreeRTOS/Source/tasks.c **** 										pxTaskDefinition->xRegions );
 719:Middlewares/Third_Party/FreeRTOS/Source/tasks.c **** 
 720:Middlewares/Third_Party/FreeRTOS/Source/tasks.c **** 				prvAddNewTaskToReadyList( pxNewTCB );
 721:Middlewares/Third_Party/FreeRTOS/Source/tasks.c **** 				xReturn = pdPASS;
 722:Middlewares/Third_Party/FreeRTOS/Source/tasks.c **** 			}
 723:Middlewares/Third_Party/FreeRTOS/Source/tasks.c **** 		}
 724:Middlewares/Third_Party/FreeRTOS/Source/tasks.c **** 
 725:Middlewares/Third_Party/FreeRTOS/Source/tasks.c **** 		return xReturn;
 726:Middlewares/Third_Party/FreeRTOS/Source/tasks.c **** 	}
 727:Middlewares/Third_Party/FreeRTOS/Source/tasks.c **** 
 728:Middlewares/Third_Party/FreeRTOS/Source/tasks.c **** #endif /* portUSING_MPU_WRAPPERS */
 729:Middlewares/Third_Party/FreeRTOS/Source/tasks.c **** /*-----------------------------------------------------------*/
 730:Middlewares/Third_Party/FreeRTOS/Source/tasks.c **** 
 731:Middlewares/Third_Party/FreeRTOS/Source/tasks.c **** #if( configSUPPORT_DYNAMIC_ALLOCATION == 1 )
 732:Middlewares/Third_Party/FreeRTOS/Source/tasks.c **** 
 733:Middlewares/Third_Party/FreeRTOS/Source/tasks.c **** 	BaseType_t xTaskCreate(	TaskFunction_t pxTaskCode,
 734:Middlewares/Third_Party/FreeRTOS/Source/tasks.c **** 							const char * const pcName,		/*lint !e971 Unqualified char types are allowed for strings and 
 735:Middlewares/Third_Party/FreeRTOS/Source/tasks.c **** 							const configSTACK_DEPTH_TYPE usStackDepth,
 736:Middlewares/Third_Party/FreeRTOS/Source/tasks.c **** 							void * const pvParameters,
 737:Middlewares/Third_Party/FreeRTOS/Source/tasks.c **** 							UBaseType_t uxPriority,
 738:Middlewares/Third_Party/FreeRTOS/Source/tasks.c **** 							TaskHandle_t * const pxCreatedTask )
 739:Middlewares/Third_Party/FreeRTOS/Source/tasks.c **** 	{
 740:Middlewares/Third_Party/FreeRTOS/Source/tasks.c **** 	TCB_t *pxNewTCB;
 741:Middlewares/Third_Party/FreeRTOS/Source/tasks.c **** 	BaseType_t xReturn;
 742:Middlewares/Third_Party/FreeRTOS/Source/tasks.c **** 
 743:Middlewares/Third_Party/FreeRTOS/Source/tasks.c **** 		/* If the stack grows down then allocate the stack then the TCB so the stack
 744:Middlewares/Third_Party/FreeRTOS/Source/tasks.c **** 		does not grow into the TCB.  Likewise if the stack grows up then allocate
 745:Middlewares/Third_Party/FreeRTOS/Source/tasks.c **** 		the TCB then the stack. */
 746:Middlewares/Third_Party/FreeRTOS/Source/tasks.c **** 		#if( portSTACK_GROWTH > 0 )
 747:Middlewares/Third_Party/FreeRTOS/Source/tasks.c **** 		{
 748:Middlewares/Third_Party/FreeRTOS/Source/tasks.c **** 			/* Allocate space for the TCB.  Where the memory comes from depends on
 749:Middlewares/Third_Party/FreeRTOS/Source/tasks.c **** 			the implementation of the port malloc function and whether or not static
 750:Middlewares/Third_Party/FreeRTOS/Source/tasks.c **** 			allocation is being used. */
 751:Middlewares/Third_Party/FreeRTOS/Source/tasks.c **** 			pxNewTCB = ( TCB_t * ) pvPortMalloc( sizeof( TCB_t ) );
 752:Middlewares/Third_Party/FreeRTOS/Source/tasks.c **** 
 753:Middlewares/Third_Party/FreeRTOS/Source/tasks.c **** 			if( pxNewTCB != NULL )
 754:Middlewares/Third_Party/FreeRTOS/Source/tasks.c **** 			{
 755:Middlewares/Third_Party/FreeRTOS/Source/tasks.c **** 				/* Allocate space for the stack used by the task being created.
 756:Middlewares/Third_Party/FreeRTOS/Source/tasks.c **** 				The base of the stack memory stored in the TCB so the task can
 757:Middlewares/Third_Party/FreeRTOS/Source/tasks.c **** 				be deleted later if required. */
 758:Middlewares/Third_Party/FreeRTOS/Source/tasks.c **** 				pxNewTCB->pxStack = ( StackType_t * ) pvPortMalloc( ( ( ( size_t ) usStackDepth ) * sizeof( Sta
 759:Middlewares/Third_Party/FreeRTOS/Source/tasks.c **** 
 760:Middlewares/Third_Party/FreeRTOS/Source/tasks.c **** 				if( pxNewTCB->pxStack == NULL )
 761:Middlewares/Third_Party/FreeRTOS/Source/tasks.c **** 				{
 762:Middlewares/Third_Party/FreeRTOS/Source/tasks.c **** 					/* Could not allocate the stack.  Delete the allocated TCB. */
 763:Middlewares/Third_Party/FreeRTOS/Source/tasks.c **** 					vPortFree( pxNewTCB );
 764:Middlewares/Third_Party/FreeRTOS/Source/tasks.c **** 					pxNewTCB = NULL;
 765:Middlewares/Third_Party/FreeRTOS/Source/tasks.c **** 				}
 766:Middlewares/Third_Party/FreeRTOS/Source/tasks.c **** 			}
 767:Middlewares/Third_Party/FreeRTOS/Source/tasks.c **** 		}
 768:Middlewares/Third_Party/FreeRTOS/Source/tasks.c **** 		#else /* portSTACK_GROWTH */
 769:Middlewares/Third_Party/FreeRTOS/Source/tasks.c **** 		{
 770:Middlewares/Third_Party/FreeRTOS/Source/tasks.c **** 		StackType_t *pxStack;
 771:Middlewares/Third_Party/FreeRTOS/Source/tasks.c **** 
 772:Middlewares/Third_Party/FreeRTOS/Source/tasks.c **** 			/* Allocate space for the stack used by the task being created. */
ARM GAS  C:\Users\jason\AppData\Local\Temp\ccaXxPCU.s 			page 15


 773:Middlewares/Third_Party/FreeRTOS/Source/tasks.c **** 			pxStack = pvPortMalloc( ( ( ( size_t ) usStackDepth ) * sizeof( StackType_t ) ) ); /*lint !e9079
 774:Middlewares/Third_Party/FreeRTOS/Source/tasks.c **** 
 775:Middlewares/Third_Party/FreeRTOS/Source/tasks.c **** 			if( pxStack != NULL )
 776:Middlewares/Third_Party/FreeRTOS/Source/tasks.c **** 			{
 777:Middlewares/Third_Party/FreeRTOS/Source/tasks.c **** 				/* Allocate space for the TCB. */
 778:Middlewares/Third_Party/FreeRTOS/Source/tasks.c **** 				pxNewTCB = ( TCB_t * ) pvPortMalloc( sizeof( TCB_t ) ); /*lint !e9087 !e9079 All values returne
 779:Middlewares/Third_Party/FreeRTOS/Source/tasks.c **** 
 780:Middlewares/Third_Party/FreeRTOS/Source/tasks.c **** 				if( pxNewTCB != NULL )
 781:Middlewares/Third_Party/FreeRTOS/Source/tasks.c **** 				{
 782:Middlewares/Third_Party/FreeRTOS/Source/tasks.c **** 					/* Store the stack location in the TCB. */
 783:Middlewares/Third_Party/FreeRTOS/Source/tasks.c **** 					pxNewTCB->pxStack = pxStack;
 784:Middlewares/Third_Party/FreeRTOS/Source/tasks.c **** 				}
 785:Middlewares/Third_Party/FreeRTOS/Source/tasks.c **** 				else
 786:Middlewares/Third_Party/FreeRTOS/Source/tasks.c **** 				{
 787:Middlewares/Third_Party/FreeRTOS/Source/tasks.c **** 					/* The stack cannot be used as the TCB was not created.  Free
 788:Middlewares/Third_Party/FreeRTOS/Source/tasks.c **** 					it again. */
 789:Middlewares/Third_Party/FreeRTOS/Source/tasks.c **** 					vPortFree( pxStack );
 790:Middlewares/Third_Party/FreeRTOS/Source/tasks.c **** 				}
 791:Middlewares/Third_Party/FreeRTOS/Source/tasks.c **** 			}
 792:Middlewares/Third_Party/FreeRTOS/Source/tasks.c **** 			else
 793:Middlewares/Third_Party/FreeRTOS/Source/tasks.c **** 			{
 794:Middlewares/Third_Party/FreeRTOS/Source/tasks.c **** 				pxNewTCB = NULL;
 795:Middlewares/Third_Party/FreeRTOS/Source/tasks.c **** 			}
 796:Middlewares/Third_Party/FreeRTOS/Source/tasks.c **** 		}
 797:Middlewares/Third_Party/FreeRTOS/Source/tasks.c **** 		#endif /* portSTACK_GROWTH */
 798:Middlewares/Third_Party/FreeRTOS/Source/tasks.c **** 
 799:Middlewares/Third_Party/FreeRTOS/Source/tasks.c **** 		if( pxNewTCB != NULL )
 800:Middlewares/Third_Party/FreeRTOS/Source/tasks.c **** 		{
 801:Middlewares/Third_Party/FreeRTOS/Source/tasks.c **** 			#if( tskSTATIC_AND_DYNAMIC_ALLOCATION_POSSIBLE != 0 ) /*lint !e9029 !e731 Macro has been consoli
 802:Middlewares/Third_Party/FreeRTOS/Source/tasks.c **** 			{
 803:Middlewares/Third_Party/FreeRTOS/Source/tasks.c **** 				/* Tasks can be created statically or dynamically, so note this
 804:Middlewares/Third_Party/FreeRTOS/Source/tasks.c **** 				task was created dynamically in case it is later deleted. */
 805:Middlewares/Third_Party/FreeRTOS/Source/tasks.c **** 				pxNewTCB->ucStaticallyAllocated = tskDYNAMICALLY_ALLOCATED_STACK_AND_TCB;
 806:Middlewares/Third_Party/FreeRTOS/Source/tasks.c **** 			}
 807:Middlewares/Third_Party/FreeRTOS/Source/tasks.c **** 			#endif /* tskSTATIC_AND_DYNAMIC_ALLOCATION_POSSIBLE */
 808:Middlewares/Third_Party/FreeRTOS/Source/tasks.c **** 
 809:Middlewares/Third_Party/FreeRTOS/Source/tasks.c **** 			prvInitialiseNewTask( pxTaskCode, pcName, ( uint32_t ) usStackDepth, pvParameters, uxPriority, p
 810:Middlewares/Third_Party/FreeRTOS/Source/tasks.c **** 			prvAddNewTaskToReadyList( pxNewTCB );
 811:Middlewares/Third_Party/FreeRTOS/Source/tasks.c **** 			xReturn = pdPASS;
 812:Middlewares/Third_Party/FreeRTOS/Source/tasks.c **** 		}
 813:Middlewares/Third_Party/FreeRTOS/Source/tasks.c **** 		else
 814:Middlewares/Third_Party/FreeRTOS/Source/tasks.c **** 		{
 815:Middlewares/Third_Party/FreeRTOS/Source/tasks.c **** 			xReturn = errCOULD_NOT_ALLOCATE_REQUIRED_MEMORY;
 816:Middlewares/Third_Party/FreeRTOS/Source/tasks.c **** 		}
 817:Middlewares/Third_Party/FreeRTOS/Source/tasks.c **** 
 818:Middlewares/Third_Party/FreeRTOS/Source/tasks.c **** 		return xReturn;
 819:Middlewares/Third_Party/FreeRTOS/Source/tasks.c **** 	}
 820:Middlewares/Third_Party/FreeRTOS/Source/tasks.c **** 
 821:Middlewares/Third_Party/FreeRTOS/Source/tasks.c **** #endif /* configSUPPORT_DYNAMIC_ALLOCATION */
 822:Middlewares/Third_Party/FreeRTOS/Source/tasks.c **** /*-----------------------------------------------------------*/
 823:Middlewares/Third_Party/FreeRTOS/Source/tasks.c **** 
 824:Middlewares/Third_Party/FreeRTOS/Source/tasks.c **** static void prvInitialiseNewTask( 	TaskFunction_t pxTaskCode,
 825:Middlewares/Third_Party/FreeRTOS/Source/tasks.c **** 									const char * const pcName,		/*lint !e971 Unqualified char types are allowed for strings an
 826:Middlewares/Third_Party/FreeRTOS/Source/tasks.c **** 									const uint32_t ulStackDepth,
 827:Middlewares/Third_Party/FreeRTOS/Source/tasks.c **** 									void * const pvParameters,
 828:Middlewares/Third_Party/FreeRTOS/Source/tasks.c **** 									UBaseType_t uxPriority,
 829:Middlewares/Third_Party/FreeRTOS/Source/tasks.c **** 									TaskHandle_t * const pxCreatedTask,
ARM GAS  C:\Users\jason\AppData\Local\Temp\ccaXxPCU.s 			page 16


 830:Middlewares/Third_Party/FreeRTOS/Source/tasks.c **** 									TCB_t *pxNewTCB,
 831:Middlewares/Third_Party/FreeRTOS/Source/tasks.c **** 									const MemoryRegion_t * const xRegions )
 832:Middlewares/Third_Party/FreeRTOS/Source/tasks.c **** {
 833:Middlewares/Third_Party/FreeRTOS/Source/tasks.c **** StackType_t *pxTopOfStack;
 834:Middlewares/Third_Party/FreeRTOS/Source/tasks.c **** UBaseType_t x;
 835:Middlewares/Third_Party/FreeRTOS/Source/tasks.c **** 
 836:Middlewares/Third_Party/FreeRTOS/Source/tasks.c **** 	#if( portUSING_MPU_WRAPPERS == 1 )
 837:Middlewares/Third_Party/FreeRTOS/Source/tasks.c **** 		/* Should the task be created in privileged mode? */
 838:Middlewares/Third_Party/FreeRTOS/Source/tasks.c **** 		BaseType_t xRunPrivileged;
 839:Middlewares/Third_Party/FreeRTOS/Source/tasks.c **** 		if( ( uxPriority & portPRIVILEGE_BIT ) != 0U )
 840:Middlewares/Third_Party/FreeRTOS/Source/tasks.c **** 		{
 841:Middlewares/Third_Party/FreeRTOS/Source/tasks.c **** 			xRunPrivileged = pdTRUE;
 842:Middlewares/Third_Party/FreeRTOS/Source/tasks.c **** 		}
 843:Middlewares/Third_Party/FreeRTOS/Source/tasks.c **** 		else
 844:Middlewares/Third_Party/FreeRTOS/Source/tasks.c **** 		{
 845:Middlewares/Third_Party/FreeRTOS/Source/tasks.c **** 			xRunPrivileged = pdFALSE;
 846:Middlewares/Third_Party/FreeRTOS/Source/tasks.c **** 		}
 847:Middlewares/Third_Party/FreeRTOS/Source/tasks.c **** 		uxPriority &= ~portPRIVILEGE_BIT;
 848:Middlewares/Third_Party/FreeRTOS/Source/tasks.c **** 	#endif /* portUSING_MPU_WRAPPERS == 1 */
 849:Middlewares/Third_Party/FreeRTOS/Source/tasks.c **** 
 850:Middlewares/Third_Party/FreeRTOS/Source/tasks.c **** 	/* Avoid dependency on memset() if it is not required. */
 851:Middlewares/Third_Party/FreeRTOS/Source/tasks.c **** 	#if( tskSET_NEW_STACKS_TO_KNOWN_VALUE == 1 )
 852:Middlewares/Third_Party/FreeRTOS/Source/tasks.c **** 	{
 853:Middlewares/Third_Party/FreeRTOS/Source/tasks.c **** 		/* Fill the stack with a known value to assist debugging. */
 854:Middlewares/Third_Party/FreeRTOS/Source/tasks.c **** 		( void ) memset( pxNewTCB->pxStack, ( int ) tskSTACK_FILL_BYTE, ( size_t ) ulStackDepth * sizeof(
 855:Middlewares/Third_Party/FreeRTOS/Source/tasks.c **** 	}
 856:Middlewares/Third_Party/FreeRTOS/Source/tasks.c **** 	#endif /* tskSET_NEW_STACKS_TO_KNOWN_VALUE */
 857:Middlewares/Third_Party/FreeRTOS/Source/tasks.c **** 
 858:Middlewares/Third_Party/FreeRTOS/Source/tasks.c **** 	/* Calculate the top of stack address.  This depends on whether the stack
 859:Middlewares/Third_Party/FreeRTOS/Source/tasks.c **** 	grows from high memory to low (as per the 80x86) or vice versa.
 860:Middlewares/Third_Party/FreeRTOS/Source/tasks.c **** 	portSTACK_GROWTH is used to make the result positive or negative as required
 861:Middlewares/Third_Party/FreeRTOS/Source/tasks.c **** 	by the port. */
 862:Middlewares/Third_Party/FreeRTOS/Source/tasks.c **** 	#if( portSTACK_GROWTH < 0 )
 863:Middlewares/Third_Party/FreeRTOS/Source/tasks.c **** 	{
 864:Middlewares/Third_Party/FreeRTOS/Source/tasks.c **** 		pxTopOfStack = &( pxNewTCB->pxStack[ ulStackDepth - ( uint32_t ) 1 ] );
 865:Middlewares/Third_Party/FreeRTOS/Source/tasks.c **** 		pxTopOfStack = ( StackType_t * ) ( ( ( portPOINTER_SIZE_TYPE ) pxTopOfStack ) & ( ~( ( portPOINTE
 866:Middlewares/Third_Party/FreeRTOS/Source/tasks.c **** 
 867:Middlewares/Third_Party/FreeRTOS/Source/tasks.c **** 		/* Check the alignment of the calculated top of stack is correct. */
 868:Middlewares/Third_Party/FreeRTOS/Source/tasks.c **** 		configASSERT( ( ( ( portPOINTER_SIZE_TYPE ) pxTopOfStack & ( portPOINTER_SIZE_TYPE ) portBYTE_ALI
 869:Middlewares/Third_Party/FreeRTOS/Source/tasks.c **** 
 870:Middlewares/Third_Party/FreeRTOS/Source/tasks.c **** 		#if( configRECORD_STACK_HIGH_ADDRESS == 1 )
 871:Middlewares/Third_Party/FreeRTOS/Source/tasks.c **** 		{
 872:Middlewares/Third_Party/FreeRTOS/Source/tasks.c **** 			/* Also record the stack's high address, which may assist
 873:Middlewares/Third_Party/FreeRTOS/Source/tasks.c **** 			debugging. */
 874:Middlewares/Third_Party/FreeRTOS/Source/tasks.c **** 			pxNewTCB->pxEndOfStack = pxTopOfStack;
 875:Middlewares/Third_Party/FreeRTOS/Source/tasks.c **** 		}
 876:Middlewares/Third_Party/FreeRTOS/Source/tasks.c **** 		#endif /* configRECORD_STACK_HIGH_ADDRESS */
 877:Middlewares/Third_Party/FreeRTOS/Source/tasks.c **** 	}
 878:Middlewares/Third_Party/FreeRTOS/Source/tasks.c **** 	#else /* portSTACK_GROWTH */
 879:Middlewares/Third_Party/FreeRTOS/Source/tasks.c **** 	{
 880:Middlewares/Third_Party/FreeRTOS/Source/tasks.c **** 		pxTopOfStack = pxNewTCB->pxStack;
 881:Middlewares/Third_Party/FreeRTOS/Source/tasks.c **** 
 882:Middlewares/Third_Party/FreeRTOS/Source/tasks.c **** 		/* Check the alignment of the stack buffer is correct. */
 883:Middlewares/Third_Party/FreeRTOS/Source/tasks.c **** 		configASSERT( ( ( ( portPOINTER_SIZE_TYPE ) pxNewTCB->pxStack & ( portPOINTER_SIZE_TYPE ) portBYT
 884:Middlewares/Third_Party/FreeRTOS/Source/tasks.c **** 
 885:Middlewares/Third_Party/FreeRTOS/Source/tasks.c **** 		/* The other extreme of the stack space is required if stack checking is
 886:Middlewares/Third_Party/FreeRTOS/Source/tasks.c **** 		performed. */
ARM GAS  C:\Users\jason\AppData\Local\Temp\ccaXxPCU.s 			page 17


 887:Middlewares/Third_Party/FreeRTOS/Source/tasks.c **** 		pxNewTCB->pxEndOfStack = pxNewTCB->pxStack + ( ulStackDepth - ( uint32_t ) 1 );
 888:Middlewares/Third_Party/FreeRTOS/Source/tasks.c **** 	}
 889:Middlewares/Third_Party/FreeRTOS/Source/tasks.c **** 	#endif /* portSTACK_GROWTH */
 890:Middlewares/Third_Party/FreeRTOS/Source/tasks.c **** 
 891:Middlewares/Third_Party/FreeRTOS/Source/tasks.c **** 	/* Store the task name in the TCB. */
 892:Middlewares/Third_Party/FreeRTOS/Source/tasks.c **** 	if( pcName != NULL )
 893:Middlewares/Third_Party/FreeRTOS/Source/tasks.c **** 	{
 894:Middlewares/Third_Party/FreeRTOS/Source/tasks.c **** 		for( x = ( UBaseType_t ) 0; x < ( UBaseType_t ) configMAX_TASK_NAME_LEN; x++ )
 895:Middlewares/Third_Party/FreeRTOS/Source/tasks.c **** 		{
 896:Middlewares/Third_Party/FreeRTOS/Source/tasks.c **** 			pxNewTCB->pcTaskName[ x ] = pcName[ x ];
 897:Middlewares/Third_Party/FreeRTOS/Source/tasks.c **** 
 898:Middlewares/Third_Party/FreeRTOS/Source/tasks.c **** 			/* Don't copy all configMAX_TASK_NAME_LEN if the string is shorter than
 899:Middlewares/Third_Party/FreeRTOS/Source/tasks.c **** 			configMAX_TASK_NAME_LEN characters just in case the memory after the
 900:Middlewares/Third_Party/FreeRTOS/Source/tasks.c **** 			string is not accessible (extremely unlikely). */
 901:Middlewares/Third_Party/FreeRTOS/Source/tasks.c **** 			if( pcName[ x ] == ( char ) 0x00 )
 902:Middlewares/Third_Party/FreeRTOS/Source/tasks.c **** 			{
 903:Middlewares/Third_Party/FreeRTOS/Source/tasks.c **** 				break;
 904:Middlewares/Third_Party/FreeRTOS/Source/tasks.c **** 			}
 905:Middlewares/Third_Party/FreeRTOS/Source/tasks.c **** 			else
 906:Middlewares/Third_Party/FreeRTOS/Source/tasks.c **** 			{
 907:Middlewares/Third_Party/FreeRTOS/Source/tasks.c **** 				mtCOVERAGE_TEST_MARKER();
 908:Middlewares/Third_Party/FreeRTOS/Source/tasks.c **** 			}
 909:Middlewares/Third_Party/FreeRTOS/Source/tasks.c **** 		}
 910:Middlewares/Third_Party/FreeRTOS/Source/tasks.c **** 
 911:Middlewares/Third_Party/FreeRTOS/Source/tasks.c **** 		/* Ensure the name string is terminated in the case that the string length
 912:Middlewares/Third_Party/FreeRTOS/Source/tasks.c **** 		was greater or equal to configMAX_TASK_NAME_LEN. */
 913:Middlewares/Third_Party/FreeRTOS/Source/tasks.c **** 		pxNewTCB->pcTaskName[ configMAX_TASK_NAME_LEN - 1 ] = '\0';
 914:Middlewares/Third_Party/FreeRTOS/Source/tasks.c **** 	}
 915:Middlewares/Third_Party/FreeRTOS/Source/tasks.c **** 	else
 916:Middlewares/Third_Party/FreeRTOS/Source/tasks.c **** 	{
 917:Middlewares/Third_Party/FreeRTOS/Source/tasks.c **** 		/* The task has not been given a name, so just ensure there is a NULL
 918:Middlewares/Third_Party/FreeRTOS/Source/tasks.c **** 		terminator when it is read out. */
 919:Middlewares/Third_Party/FreeRTOS/Source/tasks.c **** 		pxNewTCB->pcTaskName[ 0 ] = 0x00;
 920:Middlewares/Third_Party/FreeRTOS/Source/tasks.c **** 	}
 921:Middlewares/Third_Party/FreeRTOS/Source/tasks.c **** 
 922:Middlewares/Third_Party/FreeRTOS/Source/tasks.c **** 	/* This is used as an array index so must ensure it's not too large.  First
 923:Middlewares/Third_Party/FreeRTOS/Source/tasks.c **** 	remove the privilege bit if one is present. */
 924:Middlewares/Third_Party/FreeRTOS/Source/tasks.c **** 	if( uxPriority >= ( UBaseType_t ) configMAX_PRIORITIES )
 925:Middlewares/Third_Party/FreeRTOS/Source/tasks.c **** 	{
 926:Middlewares/Third_Party/FreeRTOS/Source/tasks.c **** 		uxPriority = ( UBaseType_t ) configMAX_PRIORITIES - ( UBaseType_t ) 1U;
 927:Middlewares/Third_Party/FreeRTOS/Source/tasks.c **** 	}
 928:Middlewares/Third_Party/FreeRTOS/Source/tasks.c **** 	else
 929:Middlewares/Third_Party/FreeRTOS/Source/tasks.c **** 	{
 930:Middlewares/Third_Party/FreeRTOS/Source/tasks.c **** 		mtCOVERAGE_TEST_MARKER();
 931:Middlewares/Third_Party/FreeRTOS/Source/tasks.c **** 	}
 932:Middlewares/Third_Party/FreeRTOS/Source/tasks.c **** 
 933:Middlewares/Third_Party/FreeRTOS/Source/tasks.c **** 	pxNewTCB->uxPriority = uxPriority;
 934:Middlewares/Third_Party/FreeRTOS/Source/tasks.c **** 	#if ( configUSE_MUTEXES == 1 )
 935:Middlewares/Third_Party/FreeRTOS/Source/tasks.c **** 	{
 936:Middlewares/Third_Party/FreeRTOS/Source/tasks.c **** 		pxNewTCB->uxBasePriority = uxPriority;
 937:Middlewares/Third_Party/FreeRTOS/Source/tasks.c **** 		pxNewTCB->uxMutexesHeld = 0;
 938:Middlewares/Third_Party/FreeRTOS/Source/tasks.c **** 	}
 939:Middlewares/Third_Party/FreeRTOS/Source/tasks.c **** 	#endif /* configUSE_MUTEXES */
 940:Middlewares/Third_Party/FreeRTOS/Source/tasks.c **** 
 941:Middlewares/Third_Party/FreeRTOS/Source/tasks.c **** 	vListInitialiseItem( &( pxNewTCB->xStateListItem ) );
 942:Middlewares/Third_Party/FreeRTOS/Source/tasks.c **** 	vListInitialiseItem( &( pxNewTCB->xEventListItem ) );
 943:Middlewares/Third_Party/FreeRTOS/Source/tasks.c **** 
ARM GAS  C:\Users\jason\AppData\Local\Temp\ccaXxPCU.s 			page 18


 944:Middlewares/Third_Party/FreeRTOS/Source/tasks.c **** 	/* Set the pxNewTCB as a link back from the ListItem_t.  This is so we can get
 945:Middlewares/Third_Party/FreeRTOS/Source/tasks.c **** 	back to	the containing TCB from a generic item in a list. */
 946:Middlewares/Third_Party/FreeRTOS/Source/tasks.c **** 	listSET_LIST_ITEM_OWNER( &( pxNewTCB->xStateListItem ), pxNewTCB );
 947:Middlewares/Third_Party/FreeRTOS/Source/tasks.c **** 
 948:Middlewares/Third_Party/FreeRTOS/Source/tasks.c **** 	/* Event lists are always in priority order. */
 949:Middlewares/Third_Party/FreeRTOS/Source/tasks.c **** 	listSET_LIST_ITEM_VALUE( &( pxNewTCB->xEventListItem ), ( TickType_t ) configMAX_PRIORITIES - ( Ti
 950:Middlewares/Third_Party/FreeRTOS/Source/tasks.c **** 	listSET_LIST_ITEM_OWNER( &( pxNewTCB->xEventListItem ), pxNewTCB );
 951:Middlewares/Third_Party/FreeRTOS/Source/tasks.c **** 
 952:Middlewares/Third_Party/FreeRTOS/Source/tasks.c **** 	#if ( portCRITICAL_NESTING_IN_TCB == 1 )
 953:Middlewares/Third_Party/FreeRTOS/Source/tasks.c **** 	{
 954:Middlewares/Third_Party/FreeRTOS/Source/tasks.c **** 		pxNewTCB->uxCriticalNesting = ( UBaseType_t ) 0U;
 955:Middlewares/Third_Party/FreeRTOS/Source/tasks.c **** 	}
 956:Middlewares/Third_Party/FreeRTOS/Source/tasks.c **** 	#endif /* portCRITICAL_NESTING_IN_TCB */
 957:Middlewares/Third_Party/FreeRTOS/Source/tasks.c **** 
 958:Middlewares/Third_Party/FreeRTOS/Source/tasks.c **** 	#if ( configUSE_APPLICATION_TASK_TAG == 1 )
 959:Middlewares/Third_Party/FreeRTOS/Source/tasks.c **** 	{
 960:Middlewares/Third_Party/FreeRTOS/Source/tasks.c **** 		pxNewTCB->pxTaskTag = NULL;
 961:Middlewares/Third_Party/FreeRTOS/Source/tasks.c **** 	}
 962:Middlewares/Third_Party/FreeRTOS/Source/tasks.c **** 	#endif /* configUSE_APPLICATION_TASK_TAG */
 963:Middlewares/Third_Party/FreeRTOS/Source/tasks.c **** 
 964:Middlewares/Third_Party/FreeRTOS/Source/tasks.c **** 	#if ( configGENERATE_RUN_TIME_STATS == 1 )
 965:Middlewares/Third_Party/FreeRTOS/Source/tasks.c **** 	{
 966:Middlewares/Third_Party/FreeRTOS/Source/tasks.c **** 		pxNewTCB->ulRunTimeCounter = 0UL;
 967:Middlewares/Third_Party/FreeRTOS/Source/tasks.c **** 	}
 968:Middlewares/Third_Party/FreeRTOS/Source/tasks.c **** 	#endif /* configGENERATE_RUN_TIME_STATS */
 969:Middlewares/Third_Party/FreeRTOS/Source/tasks.c **** 
 970:Middlewares/Third_Party/FreeRTOS/Source/tasks.c **** 	#if ( portUSING_MPU_WRAPPERS == 1 )
 971:Middlewares/Third_Party/FreeRTOS/Source/tasks.c **** 	{
 972:Middlewares/Third_Party/FreeRTOS/Source/tasks.c **** 		vPortStoreTaskMPUSettings( &( pxNewTCB->xMPUSettings ), xRegions, pxNewTCB->pxStack, ulStackDepth
 973:Middlewares/Third_Party/FreeRTOS/Source/tasks.c **** 	}
 974:Middlewares/Third_Party/FreeRTOS/Source/tasks.c **** 	#else
 975:Middlewares/Third_Party/FreeRTOS/Source/tasks.c **** 	{
 976:Middlewares/Third_Party/FreeRTOS/Source/tasks.c **** 		/* Avoid compiler warning about unreferenced parameter. */
 977:Middlewares/Third_Party/FreeRTOS/Source/tasks.c **** 		( void ) xRegions;
 978:Middlewares/Third_Party/FreeRTOS/Source/tasks.c **** 	}
 979:Middlewares/Third_Party/FreeRTOS/Source/tasks.c **** 	#endif
 980:Middlewares/Third_Party/FreeRTOS/Source/tasks.c **** 
 981:Middlewares/Third_Party/FreeRTOS/Source/tasks.c **** 	#if( configNUM_THREAD_LOCAL_STORAGE_POINTERS != 0 )
 982:Middlewares/Third_Party/FreeRTOS/Source/tasks.c **** 	{
 983:Middlewares/Third_Party/FreeRTOS/Source/tasks.c **** 		for( x = 0; x < ( UBaseType_t ) configNUM_THREAD_LOCAL_STORAGE_POINTERS; x++ )
 984:Middlewares/Third_Party/FreeRTOS/Source/tasks.c **** 		{
 985:Middlewares/Third_Party/FreeRTOS/Source/tasks.c **** 			pxNewTCB->pvThreadLocalStoragePointers[ x ] = NULL;
 986:Middlewares/Third_Party/FreeRTOS/Source/tasks.c **** 		}
 987:Middlewares/Third_Party/FreeRTOS/Source/tasks.c **** 	}
 988:Middlewares/Third_Party/FreeRTOS/Source/tasks.c **** 	#endif
 989:Middlewares/Third_Party/FreeRTOS/Source/tasks.c **** 
 990:Middlewares/Third_Party/FreeRTOS/Source/tasks.c **** 	#if ( configUSE_TASK_NOTIFICATIONS == 1 )
 991:Middlewares/Third_Party/FreeRTOS/Source/tasks.c **** 	{
 992:Middlewares/Third_Party/FreeRTOS/Source/tasks.c **** 		pxNewTCB->ulNotifiedValue = 0;
 993:Middlewares/Third_Party/FreeRTOS/Source/tasks.c **** 		pxNewTCB->ucNotifyState = taskNOT_WAITING_NOTIFICATION;
 994:Middlewares/Third_Party/FreeRTOS/Source/tasks.c **** 	}
 995:Middlewares/Third_Party/FreeRTOS/Source/tasks.c **** 	#endif
 996:Middlewares/Third_Party/FreeRTOS/Source/tasks.c **** 
 997:Middlewares/Third_Party/FreeRTOS/Source/tasks.c **** 	#if ( configUSE_NEWLIB_REENTRANT == 1 )
 998:Middlewares/Third_Party/FreeRTOS/Source/tasks.c **** 	{
 999:Middlewares/Third_Party/FreeRTOS/Source/tasks.c **** 		/* Initialise this task's Newlib reent structure.
1000:Middlewares/Third_Party/FreeRTOS/Source/tasks.c **** 		See the third party link http://www.nadler.com/embedded/newlibAndFreeRTOS.html
ARM GAS  C:\Users\jason\AppData\Local\Temp\ccaXxPCU.s 			page 19


1001:Middlewares/Third_Party/FreeRTOS/Source/tasks.c **** 		for additional information. */
1002:Middlewares/Third_Party/FreeRTOS/Source/tasks.c **** 		_REENT_INIT_PTR( ( &( pxNewTCB->xNewLib_reent ) ) );
1003:Middlewares/Third_Party/FreeRTOS/Source/tasks.c **** 	}
1004:Middlewares/Third_Party/FreeRTOS/Source/tasks.c **** 	#endif
1005:Middlewares/Third_Party/FreeRTOS/Source/tasks.c **** 
1006:Middlewares/Third_Party/FreeRTOS/Source/tasks.c **** 	#if( INCLUDE_xTaskAbortDelay == 1 )
1007:Middlewares/Third_Party/FreeRTOS/Source/tasks.c **** 	{
1008:Middlewares/Third_Party/FreeRTOS/Source/tasks.c **** 		pxNewTCB->ucDelayAborted = pdFALSE;
1009:Middlewares/Third_Party/FreeRTOS/Source/tasks.c **** 	}
1010:Middlewares/Third_Party/FreeRTOS/Source/tasks.c **** 	#endif
1011:Middlewares/Third_Party/FreeRTOS/Source/tasks.c **** 
1012:Middlewares/Third_Party/FreeRTOS/Source/tasks.c **** 	/* Initialize the TCB stack to look as if the task was already running,
1013:Middlewares/Third_Party/FreeRTOS/Source/tasks.c **** 	but had been interrupted by the scheduler.  The return address is set
1014:Middlewares/Third_Party/FreeRTOS/Source/tasks.c **** 	to the start of the task function. Once the stack has been initialised
1015:Middlewares/Third_Party/FreeRTOS/Source/tasks.c **** 	the top of stack variable is updated. */
1016:Middlewares/Third_Party/FreeRTOS/Source/tasks.c **** 	#if( portUSING_MPU_WRAPPERS == 1 )
1017:Middlewares/Third_Party/FreeRTOS/Source/tasks.c **** 	{
1018:Middlewares/Third_Party/FreeRTOS/Source/tasks.c **** 		/* If the port has capability to detect stack overflow,
1019:Middlewares/Third_Party/FreeRTOS/Source/tasks.c **** 		pass the stack end address to the stack initialization
1020:Middlewares/Third_Party/FreeRTOS/Source/tasks.c **** 		function as well. */
1021:Middlewares/Third_Party/FreeRTOS/Source/tasks.c **** 		#if( portHAS_STACK_OVERFLOW_CHECKING == 1 )
1022:Middlewares/Third_Party/FreeRTOS/Source/tasks.c **** 		{
1023:Middlewares/Third_Party/FreeRTOS/Source/tasks.c **** 			#if( portSTACK_GROWTH < 0 )
1024:Middlewares/Third_Party/FreeRTOS/Source/tasks.c **** 			{
1025:Middlewares/Third_Party/FreeRTOS/Source/tasks.c **** 				pxNewTCB->pxTopOfStack = pxPortInitialiseStack( pxTopOfStack, pxNewTCB->pxStack, pxTaskCode, pv
1026:Middlewares/Third_Party/FreeRTOS/Source/tasks.c **** 			}
1027:Middlewares/Third_Party/FreeRTOS/Source/tasks.c **** 			#else /* portSTACK_GROWTH */
1028:Middlewares/Third_Party/FreeRTOS/Source/tasks.c **** 			{
1029:Middlewares/Third_Party/FreeRTOS/Source/tasks.c **** 				pxNewTCB->pxTopOfStack = pxPortInitialiseStack( pxTopOfStack, pxNewTCB->pxEndOfStack, pxTaskCod
1030:Middlewares/Third_Party/FreeRTOS/Source/tasks.c **** 			}
1031:Middlewares/Third_Party/FreeRTOS/Source/tasks.c **** 			#endif /* portSTACK_GROWTH */
1032:Middlewares/Third_Party/FreeRTOS/Source/tasks.c **** 		}
1033:Middlewares/Third_Party/FreeRTOS/Source/tasks.c **** 		#else /* portHAS_STACK_OVERFLOW_CHECKING */
1034:Middlewares/Third_Party/FreeRTOS/Source/tasks.c **** 		{
1035:Middlewares/Third_Party/FreeRTOS/Source/tasks.c **** 			pxNewTCB->pxTopOfStack = pxPortInitialiseStack( pxTopOfStack, pxTaskCode, pvParameters, xRunPriv
1036:Middlewares/Third_Party/FreeRTOS/Source/tasks.c **** 		}
1037:Middlewares/Third_Party/FreeRTOS/Source/tasks.c **** 		#endif /* portHAS_STACK_OVERFLOW_CHECKING */
1038:Middlewares/Third_Party/FreeRTOS/Source/tasks.c **** 	}
1039:Middlewares/Third_Party/FreeRTOS/Source/tasks.c **** 	#else /* portUSING_MPU_WRAPPERS */
1040:Middlewares/Third_Party/FreeRTOS/Source/tasks.c **** 	{
1041:Middlewares/Third_Party/FreeRTOS/Source/tasks.c **** 		/* If the port has capability to detect stack overflow,
1042:Middlewares/Third_Party/FreeRTOS/Source/tasks.c **** 		pass the stack end address to the stack initialization
1043:Middlewares/Third_Party/FreeRTOS/Source/tasks.c **** 		function as well. */
1044:Middlewares/Third_Party/FreeRTOS/Source/tasks.c **** 		#if( portHAS_STACK_OVERFLOW_CHECKING == 1 )
1045:Middlewares/Third_Party/FreeRTOS/Source/tasks.c **** 		{
1046:Middlewares/Third_Party/FreeRTOS/Source/tasks.c **** 			#if( portSTACK_GROWTH < 0 )
1047:Middlewares/Third_Party/FreeRTOS/Source/tasks.c **** 			{
1048:Middlewares/Third_Party/FreeRTOS/Source/tasks.c **** 				pxNewTCB->pxTopOfStack = pxPortInitialiseStack( pxTopOfStack, pxNewTCB->pxStack, pxTaskCode, pv
1049:Middlewares/Third_Party/FreeRTOS/Source/tasks.c **** 			}
1050:Middlewares/Third_Party/FreeRTOS/Source/tasks.c **** 			#else /* portSTACK_GROWTH */
1051:Middlewares/Third_Party/FreeRTOS/Source/tasks.c **** 			{
1052:Middlewares/Third_Party/FreeRTOS/Source/tasks.c **** 				pxNewTCB->pxTopOfStack = pxPortInitialiseStack( pxTopOfStack, pxNewTCB->pxEndOfStack, pxTaskCod
1053:Middlewares/Third_Party/FreeRTOS/Source/tasks.c **** 			}
1054:Middlewares/Third_Party/FreeRTOS/Source/tasks.c **** 			#endif /* portSTACK_GROWTH */
1055:Middlewares/Third_Party/FreeRTOS/Source/tasks.c **** 		}
1056:Middlewares/Third_Party/FreeRTOS/Source/tasks.c **** 		#else /* portHAS_STACK_OVERFLOW_CHECKING */
1057:Middlewares/Third_Party/FreeRTOS/Source/tasks.c **** 		{
ARM GAS  C:\Users\jason\AppData\Local\Temp\ccaXxPCU.s 			page 20


1058:Middlewares/Third_Party/FreeRTOS/Source/tasks.c **** 			pxNewTCB->pxTopOfStack = pxPortInitialiseStack( pxTopOfStack, pxTaskCode, pvParameters );
1059:Middlewares/Third_Party/FreeRTOS/Source/tasks.c **** 		}
1060:Middlewares/Third_Party/FreeRTOS/Source/tasks.c **** 		#endif /* portHAS_STACK_OVERFLOW_CHECKING */
1061:Middlewares/Third_Party/FreeRTOS/Source/tasks.c **** 	}
1062:Middlewares/Third_Party/FreeRTOS/Source/tasks.c **** 	#endif /* portUSING_MPU_WRAPPERS */
1063:Middlewares/Third_Party/FreeRTOS/Source/tasks.c **** 
1064:Middlewares/Third_Party/FreeRTOS/Source/tasks.c **** 	if( pxCreatedTask != NULL )
1065:Middlewares/Third_Party/FreeRTOS/Source/tasks.c **** 	{
1066:Middlewares/Third_Party/FreeRTOS/Source/tasks.c **** 		/* Pass the handle out in an anonymous way.  The handle can be used to
1067:Middlewares/Third_Party/FreeRTOS/Source/tasks.c **** 		change the created task's priority, delete the created task, etc.*/
1068:Middlewares/Third_Party/FreeRTOS/Source/tasks.c **** 		*pxCreatedTask = ( TaskHandle_t ) pxNewTCB;
1069:Middlewares/Third_Party/FreeRTOS/Source/tasks.c **** 	}
1070:Middlewares/Third_Party/FreeRTOS/Source/tasks.c **** 	else
1071:Middlewares/Third_Party/FreeRTOS/Source/tasks.c **** 	{
1072:Middlewares/Third_Party/FreeRTOS/Source/tasks.c **** 		mtCOVERAGE_TEST_MARKER();
1073:Middlewares/Third_Party/FreeRTOS/Source/tasks.c **** 	}
1074:Middlewares/Third_Party/FreeRTOS/Source/tasks.c **** }
1075:Middlewares/Third_Party/FreeRTOS/Source/tasks.c **** /*-----------------------------------------------------------*/
1076:Middlewares/Third_Party/FreeRTOS/Source/tasks.c **** 
1077:Middlewares/Third_Party/FreeRTOS/Source/tasks.c **** static void prvAddNewTaskToReadyList( TCB_t *pxNewTCB )
1078:Middlewares/Third_Party/FreeRTOS/Source/tasks.c **** {
1079:Middlewares/Third_Party/FreeRTOS/Source/tasks.c **** 	/* Ensure interrupts don't access the task lists while the lists are being
1080:Middlewares/Third_Party/FreeRTOS/Source/tasks.c **** 	updated. */
1081:Middlewares/Third_Party/FreeRTOS/Source/tasks.c **** 	taskENTER_CRITICAL();
1082:Middlewares/Third_Party/FreeRTOS/Source/tasks.c **** 	{
1083:Middlewares/Third_Party/FreeRTOS/Source/tasks.c **** 		uxCurrentNumberOfTasks++;
1084:Middlewares/Third_Party/FreeRTOS/Source/tasks.c **** 		if( pxCurrentTCB == NULL )
1085:Middlewares/Third_Party/FreeRTOS/Source/tasks.c **** 		{
1086:Middlewares/Third_Party/FreeRTOS/Source/tasks.c **** 			/* There are no other tasks, or all the other tasks are in
1087:Middlewares/Third_Party/FreeRTOS/Source/tasks.c **** 			the suspended state - make this the current task. */
1088:Middlewares/Third_Party/FreeRTOS/Source/tasks.c **** 			pxCurrentTCB = pxNewTCB;
1089:Middlewares/Third_Party/FreeRTOS/Source/tasks.c **** 
1090:Middlewares/Third_Party/FreeRTOS/Source/tasks.c **** 			if( uxCurrentNumberOfTasks == ( UBaseType_t ) 1 )
1091:Middlewares/Third_Party/FreeRTOS/Source/tasks.c **** 			{
1092:Middlewares/Third_Party/FreeRTOS/Source/tasks.c **** 				/* This is the first task to be created so do the preliminary
1093:Middlewares/Third_Party/FreeRTOS/Source/tasks.c **** 				initialisation required.  We will not recover if this call
1094:Middlewares/Third_Party/FreeRTOS/Source/tasks.c **** 				fails, but we will report the failure. */
1095:Middlewares/Third_Party/FreeRTOS/Source/tasks.c **** 				prvInitialiseTaskLists();
1096:Middlewares/Third_Party/FreeRTOS/Source/tasks.c **** 			}
1097:Middlewares/Third_Party/FreeRTOS/Source/tasks.c **** 			else
1098:Middlewares/Third_Party/FreeRTOS/Source/tasks.c **** 			{
1099:Middlewares/Third_Party/FreeRTOS/Source/tasks.c **** 				mtCOVERAGE_TEST_MARKER();
1100:Middlewares/Third_Party/FreeRTOS/Source/tasks.c **** 			}
1101:Middlewares/Third_Party/FreeRTOS/Source/tasks.c **** 		}
1102:Middlewares/Third_Party/FreeRTOS/Source/tasks.c **** 		else
1103:Middlewares/Third_Party/FreeRTOS/Source/tasks.c **** 		{
1104:Middlewares/Third_Party/FreeRTOS/Source/tasks.c **** 			/* If the scheduler is not already running, make this task the
1105:Middlewares/Third_Party/FreeRTOS/Source/tasks.c **** 			current task if it is the highest priority task to be created
1106:Middlewares/Third_Party/FreeRTOS/Source/tasks.c **** 			so far. */
1107:Middlewares/Third_Party/FreeRTOS/Source/tasks.c **** 			if( xSchedulerRunning == pdFALSE )
1108:Middlewares/Third_Party/FreeRTOS/Source/tasks.c **** 			{
1109:Middlewares/Third_Party/FreeRTOS/Source/tasks.c **** 				if( pxCurrentTCB->uxPriority <= pxNewTCB->uxPriority )
1110:Middlewares/Third_Party/FreeRTOS/Source/tasks.c **** 				{
1111:Middlewares/Third_Party/FreeRTOS/Source/tasks.c **** 					pxCurrentTCB = pxNewTCB;
1112:Middlewares/Third_Party/FreeRTOS/Source/tasks.c **** 				}
1113:Middlewares/Third_Party/FreeRTOS/Source/tasks.c **** 				else
1114:Middlewares/Third_Party/FreeRTOS/Source/tasks.c **** 				{
ARM GAS  C:\Users\jason\AppData\Local\Temp\ccaXxPCU.s 			page 21


1115:Middlewares/Third_Party/FreeRTOS/Source/tasks.c **** 					mtCOVERAGE_TEST_MARKER();
1116:Middlewares/Third_Party/FreeRTOS/Source/tasks.c **** 				}
1117:Middlewares/Third_Party/FreeRTOS/Source/tasks.c **** 			}
1118:Middlewares/Third_Party/FreeRTOS/Source/tasks.c **** 			else
1119:Middlewares/Third_Party/FreeRTOS/Source/tasks.c **** 			{
1120:Middlewares/Third_Party/FreeRTOS/Source/tasks.c **** 				mtCOVERAGE_TEST_MARKER();
1121:Middlewares/Third_Party/FreeRTOS/Source/tasks.c **** 			}
1122:Middlewares/Third_Party/FreeRTOS/Source/tasks.c **** 		}
1123:Middlewares/Third_Party/FreeRTOS/Source/tasks.c **** 
1124:Middlewares/Third_Party/FreeRTOS/Source/tasks.c **** 		uxTaskNumber++;
1125:Middlewares/Third_Party/FreeRTOS/Source/tasks.c **** 
1126:Middlewares/Third_Party/FreeRTOS/Source/tasks.c **** 		#if ( configUSE_TRACE_FACILITY == 1 )
1127:Middlewares/Third_Party/FreeRTOS/Source/tasks.c **** 		{
1128:Middlewares/Third_Party/FreeRTOS/Source/tasks.c **** 			/* Add a counter into the TCB for tracing only. */
1129:Middlewares/Third_Party/FreeRTOS/Source/tasks.c **** 			pxNewTCB->uxTCBNumber = uxTaskNumber;
1130:Middlewares/Third_Party/FreeRTOS/Source/tasks.c **** 		}
1131:Middlewares/Third_Party/FreeRTOS/Source/tasks.c **** 		#endif /* configUSE_TRACE_FACILITY */
1132:Middlewares/Third_Party/FreeRTOS/Source/tasks.c **** 		traceTASK_CREATE( pxNewTCB );
1133:Middlewares/Third_Party/FreeRTOS/Source/tasks.c **** 
1134:Middlewares/Third_Party/FreeRTOS/Source/tasks.c **** 		prvAddTaskToReadyList( pxNewTCB );
1135:Middlewares/Third_Party/FreeRTOS/Source/tasks.c **** 
1136:Middlewares/Third_Party/FreeRTOS/Source/tasks.c **** 		portSETUP_TCB( pxNewTCB );
1137:Middlewares/Third_Party/FreeRTOS/Source/tasks.c **** 	}
1138:Middlewares/Third_Party/FreeRTOS/Source/tasks.c **** 	taskEXIT_CRITICAL();
1139:Middlewares/Third_Party/FreeRTOS/Source/tasks.c **** 
1140:Middlewares/Third_Party/FreeRTOS/Source/tasks.c **** 	if( xSchedulerRunning != pdFALSE )
1141:Middlewares/Third_Party/FreeRTOS/Source/tasks.c **** 	{
1142:Middlewares/Third_Party/FreeRTOS/Source/tasks.c **** 		/* If the created task is of a higher priority than the current task
1143:Middlewares/Third_Party/FreeRTOS/Source/tasks.c **** 		then it should run now. */
1144:Middlewares/Third_Party/FreeRTOS/Source/tasks.c **** 		if( pxCurrentTCB->uxPriority < pxNewTCB->uxPriority )
1145:Middlewares/Third_Party/FreeRTOS/Source/tasks.c **** 		{
1146:Middlewares/Third_Party/FreeRTOS/Source/tasks.c **** 			taskYIELD_IF_USING_PREEMPTION();
1147:Middlewares/Third_Party/FreeRTOS/Source/tasks.c **** 		}
1148:Middlewares/Third_Party/FreeRTOS/Source/tasks.c **** 		else
1149:Middlewares/Third_Party/FreeRTOS/Source/tasks.c **** 		{
1150:Middlewares/Third_Party/FreeRTOS/Source/tasks.c **** 			mtCOVERAGE_TEST_MARKER();
1151:Middlewares/Third_Party/FreeRTOS/Source/tasks.c **** 		}
1152:Middlewares/Third_Party/FreeRTOS/Source/tasks.c **** 	}
1153:Middlewares/Third_Party/FreeRTOS/Source/tasks.c **** 	else
1154:Middlewares/Third_Party/FreeRTOS/Source/tasks.c **** 	{
1155:Middlewares/Third_Party/FreeRTOS/Source/tasks.c **** 		mtCOVERAGE_TEST_MARKER();
1156:Middlewares/Third_Party/FreeRTOS/Source/tasks.c **** 	}
1157:Middlewares/Third_Party/FreeRTOS/Source/tasks.c **** }
1158:Middlewares/Third_Party/FreeRTOS/Source/tasks.c **** /*-----------------------------------------------------------*/
1159:Middlewares/Third_Party/FreeRTOS/Source/tasks.c **** 
1160:Middlewares/Third_Party/FreeRTOS/Source/tasks.c **** #if ( INCLUDE_vTaskDelete == 1 )
1161:Middlewares/Third_Party/FreeRTOS/Source/tasks.c **** 
1162:Middlewares/Third_Party/FreeRTOS/Source/tasks.c **** 	void vTaskDelete( TaskHandle_t xTaskToDelete )
1163:Middlewares/Third_Party/FreeRTOS/Source/tasks.c **** 	{
1164:Middlewares/Third_Party/FreeRTOS/Source/tasks.c **** 	TCB_t *pxTCB;
1165:Middlewares/Third_Party/FreeRTOS/Source/tasks.c **** 
1166:Middlewares/Third_Party/FreeRTOS/Source/tasks.c **** 		taskENTER_CRITICAL();
1167:Middlewares/Third_Party/FreeRTOS/Source/tasks.c **** 		{
1168:Middlewares/Third_Party/FreeRTOS/Source/tasks.c **** 			/* If null is passed in here then it is the calling task that is
1169:Middlewares/Third_Party/FreeRTOS/Source/tasks.c **** 			being deleted. */
1170:Middlewares/Third_Party/FreeRTOS/Source/tasks.c **** 			pxTCB = prvGetTCBFromHandle( xTaskToDelete );
1171:Middlewares/Third_Party/FreeRTOS/Source/tasks.c **** 
ARM GAS  C:\Users\jason\AppData\Local\Temp\ccaXxPCU.s 			page 22


1172:Middlewares/Third_Party/FreeRTOS/Source/tasks.c **** 			/* Remove task from the ready/delayed list. */
1173:Middlewares/Third_Party/FreeRTOS/Source/tasks.c **** 			if( uxListRemove( &( pxTCB->xStateListItem ) ) == ( UBaseType_t ) 0 )
1174:Middlewares/Third_Party/FreeRTOS/Source/tasks.c **** 			{
1175:Middlewares/Third_Party/FreeRTOS/Source/tasks.c **** 				taskRESET_READY_PRIORITY( pxTCB->uxPriority );
1176:Middlewares/Third_Party/FreeRTOS/Source/tasks.c **** 			}
1177:Middlewares/Third_Party/FreeRTOS/Source/tasks.c **** 			else
1178:Middlewares/Third_Party/FreeRTOS/Source/tasks.c **** 			{
1179:Middlewares/Third_Party/FreeRTOS/Source/tasks.c **** 				mtCOVERAGE_TEST_MARKER();
1180:Middlewares/Third_Party/FreeRTOS/Source/tasks.c **** 			}
1181:Middlewares/Third_Party/FreeRTOS/Source/tasks.c **** 
1182:Middlewares/Third_Party/FreeRTOS/Source/tasks.c **** 			/* Is the task waiting on an event also? */
1183:Middlewares/Third_Party/FreeRTOS/Source/tasks.c **** 			if( listLIST_ITEM_CONTAINER( &( pxTCB->xEventListItem ) ) != NULL )
1184:Middlewares/Third_Party/FreeRTOS/Source/tasks.c **** 			{
1185:Middlewares/Third_Party/FreeRTOS/Source/tasks.c **** 				( void ) uxListRemove( &( pxTCB->xEventListItem ) );
1186:Middlewares/Third_Party/FreeRTOS/Source/tasks.c **** 			}
1187:Middlewares/Third_Party/FreeRTOS/Source/tasks.c **** 			else
1188:Middlewares/Third_Party/FreeRTOS/Source/tasks.c **** 			{
1189:Middlewares/Third_Party/FreeRTOS/Source/tasks.c **** 				mtCOVERAGE_TEST_MARKER();
1190:Middlewares/Third_Party/FreeRTOS/Source/tasks.c **** 			}
1191:Middlewares/Third_Party/FreeRTOS/Source/tasks.c **** 
1192:Middlewares/Third_Party/FreeRTOS/Source/tasks.c **** 			/* Increment the uxTaskNumber also so kernel aware debuggers can
1193:Middlewares/Third_Party/FreeRTOS/Source/tasks.c **** 			detect that the task lists need re-generating.  This is done before
1194:Middlewares/Third_Party/FreeRTOS/Source/tasks.c **** 			portPRE_TASK_DELETE_HOOK() as in the Windows port that macro will
1195:Middlewares/Third_Party/FreeRTOS/Source/tasks.c **** 			not return. */
1196:Middlewares/Third_Party/FreeRTOS/Source/tasks.c **** 			uxTaskNumber++;
1197:Middlewares/Third_Party/FreeRTOS/Source/tasks.c **** 
1198:Middlewares/Third_Party/FreeRTOS/Source/tasks.c **** 			if( pxTCB == pxCurrentTCB )
1199:Middlewares/Third_Party/FreeRTOS/Source/tasks.c **** 			{
1200:Middlewares/Third_Party/FreeRTOS/Source/tasks.c **** 				/* A task is deleting itself.  This cannot complete within the
1201:Middlewares/Third_Party/FreeRTOS/Source/tasks.c **** 				task itself, as a context switch to another task is required.
1202:Middlewares/Third_Party/FreeRTOS/Source/tasks.c **** 				Place the task in the termination list.  The idle task will
1203:Middlewares/Third_Party/FreeRTOS/Source/tasks.c **** 				check the termination list and free up any memory allocated by
1204:Middlewares/Third_Party/FreeRTOS/Source/tasks.c **** 				the scheduler for the TCB and stack of the deleted task. */
1205:Middlewares/Third_Party/FreeRTOS/Source/tasks.c **** 				vListInsertEnd( &xTasksWaitingTermination, &( pxTCB->xStateListItem ) );
1206:Middlewares/Third_Party/FreeRTOS/Source/tasks.c **** 
1207:Middlewares/Third_Party/FreeRTOS/Source/tasks.c **** 				/* Increment the ucTasksDeleted variable so the idle task knows
1208:Middlewares/Third_Party/FreeRTOS/Source/tasks.c **** 				there is a task that has been deleted and that it should therefore
1209:Middlewares/Third_Party/FreeRTOS/Source/tasks.c **** 				check the xTasksWaitingTermination list. */
1210:Middlewares/Third_Party/FreeRTOS/Source/tasks.c **** 				++uxDeletedTasksWaitingCleanUp;
1211:Middlewares/Third_Party/FreeRTOS/Source/tasks.c **** 
1212:Middlewares/Third_Party/FreeRTOS/Source/tasks.c **** 				/* Call the delete hook before portPRE_TASK_DELETE_HOOK() as
1213:Middlewares/Third_Party/FreeRTOS/Source/tasks.c **** 				portPRE_TASK_DELETE_HOOK() does not return in the Win32 port. */
1214:Middlewares/Third_Party/FreeRTOS/Source/tasks.c **** 				traceTASK_DELETE( pxTCB );
1215:Middlewares/Third_Party/FreeRTOS/Source/tasks.c **** 
1216:Middlewares/Third_Party/FreeRTOS/Source/tasks.c **** 				/* The pre-delete hook is primarily for the Windows simulator,
1217:Middlewares/Third_Party/FreeRTOS/Source/tasks.c **** 				in which Windows specific clean up operations are performed,
1218:Middlewares/Third_Party/FreeRTOS/Source/tasks.c **** 				after which it is not possible to yield away from this task -
1219:Middlewares/Third_Party/FreeRTOS/Source/tasks.c **** 				hence xYieldPending is used to latch that a context switch is
1220:Middlewares/Third_Party/FreeRTOS/Source/tasks.c **** 				required. */
1221:Middlewares/Third_Party/FreeRTOS/Source/tasks.c **** 				portPRE_TASK_DELETE_HOOK( pxTCB, &xYieldPending );
1222:Middlewares/Third_Party/FreeRTOS/Source/tasks.c **** 			}
1223:Middlewares/Third_Party/FreeRTOS/Source/tasks.c **** 			else
1224:Middlewares/Third_Party/FreeRTOS/Source/tasks.c **** 			{
1225:Middlewares/Third_Party/FreeRTOS/Source/tasks.c **** 				--uxCurrentNumberOfTasks;
1226:Middlewares/Third_Party/FreeRTOS/Source/tasks.c **** 				traceTASK_DELETE( pxTCB );
1227:Middlewares/Third_Party/FreeRTOS/Source/tasks.c **** 				prvDeleteTCB( pxTCB );
1228:Middlewares/Third_Party/FreeRTOS/Source/tasks.c **** 
ARM GAS  C:\Users\jason\AppData\Local\Temp\ccaXxPCU.s 			page 23


1229:Middlewares/Third_Party/FreeRTOS/Source/tasks.c **** 				/* Reset the next expected unblock time in case it referred to
1230:Middlewares/Third_Party/FreeRTOS/Source/tasks.c **** 				the task that has just been deleted. */
1231:Middlewares/Third_Party/FreeRTOS/Source/tasks.c **** 				prvResetNextTaskUnblockTime();
1232:Middlewares/Third_Party/FreeRTOS/Source/tasks.c **** 			}
1233:Middlewares/Third_Party/FreeRTOS/Source/tasks.c **** 		}
1234:Middlewares/Third_Party/FreeRTOS/Source/tasks.c **** 		taskEXIT_CRITICAL();
1235:Middlewares/Third_Party/FreeRTOS/Source/tasks.c **** 
1236:Middlewares/Third_Party/FreeRTOS/Source/tasks.c **** 		/* Force a reschedule if it is the currently running task that has just
1237:Middlewares/Third_Party/FreeRTOS/Source/tasks.c **** 		been deleted. */
1238:Middlewares/Third_Party/FreeRTOS/Source/tasks.c **** 		if( xSchedulerRunning != pdFALSE )
1239:Middlewares/Third_Party/FreeRTOS/Source/tasks.c **** 		{
1240:Middlewares/Third_Party/FreeRTOS/Source/tasks.c **** 			if( pxTCB == pxCurrentTCB )
1241:Middlewares/Third_Party/FreeRTOS/Source/tasks.c **** 			{
1242:Middlewares/Third_Party/FreeRTOS/Source/tasks.c **** 				configASSERT( uxSchedulerSuspended == 0 );
1243:Middlewares/Third_Party/FreeRTOS/Source/tasks.c **** 				portYIELD_WITHIN_API();
1244:Middlewares/Third_Party/FreeRTOS/Source/tasks.c **** 			}
1245:Middlewares/Third_Party/FreeRTOS/Source/tasks.c **** 			else
1246:Middlewares/Third_Party/FreeRTOS/Source/tasks.c **** 			{
1247:Middlewares/Third_Party/FreeRTOS/Source/tasks.c **** 				mtCOVERAGE_TEST_MARKER();
1248:Middlewares/Third_Party/FreeRTOS/Source/tasks.c **** 			}
1249:Middlewares/Third_Party/FreeRTOS/Source/tasks.c **** 		}
1250:Middlewares/Third_Party/FreeRTOS/Source/tasks.c **** 	}
1251:Middlewares/Third_Party/FreeRTOS/Source/tasks.c **** 
1252:Middlewares/Third_Party/FreeRTOS/Source/tasks.c **** #endif /* INCLUDE_vTaskDelete */
1253:Middlewares/Third_Party/FreeRTOS/Source/tasks.c **** /*-----------------------------------------------------------*/
1254:Middlewares/Third_Party/FreeRTOS/Source/tasks.c **** 
1255:Middlewares/Third_Party/FreeRTOS/Source/tasks.c **** #if ( INCLUDE_vTaskDelayUntil == 1 )
1256:Middlewares/Third_Party/FreeRTOS/Source/tasks.c **** 
1257:Middlewares/Third_Party/FreeRTOS/Source/tasks.c **** 	void vTaskDelayUntil( TickType_t * const pxPreviousWakeTime, const TickType_t xTimeIncrement )
1258:Middlewares/Third_Party/FreeRTOS/Source/tasks.c **** 	{
1259:Middlewares/Third_Party/FreeRTOS/Source/tasks.c **** 	TickType_t xTimeToWake;
1260:Middlewares/Third_Party/FreeRTOS/Source/tasks.c **** 	BaseType_t xAlreadyYielded, xShouldDelay = pdFALSE;
1261:Middlewares/Third_Party/FreeRTOS/Source/tasks.c **** 
1262:Middlewares/Third_Party/FreeRTOS/Source/tasks.c **** 		configASSERT( pxPreviousWakeTime );
1263:Middlewares/Third_Party/FreeRTOS/Source/tasks.c **** 		configASSERT( ( xTimeIncrement > 0U ) );
1264:Middlewares/Third_Party/FreeRTOS/Source/tasks.c **** 		configASSERT( uxSchedulerSuspended == 0 );
1265:Middlewares/Third_Party/FreeRTOS/Source/tasks.c **** 
1266:Middlewares/Third_Party/FreeRTOS/Source/tasks.c **** 		vTaskSuspendAll();
1267:Middlewares/Third_Party/FreeRTOS/Source/tasks.c **** 		{
1268:Middlewares/Third_Party/FreeRTOS/Source/tasks.c **** 			/* Minor optimisation.  The tick count cannot change in this
1269:Middlewares/Third_Party/FreeRTOS/Source/tasks.c **** 			block. */
1270:Middlewares/Third_Party/FreeRTOS/Source/tasks.c **** 			const TickType_t xConstTickCount = xTickCount;
1271:Middlewares/Third_Party/FreeRTOS/Source/tasks.c **** 
1272:Middlewares/Third_Party/FreeRTOS/Source/tasks.c **** 			/* Generate the tick time at which the task wants to wake. */
1273:Middlewares/Third_Party/FreeRTOS/Source/tasks.c **** 			xTimeToWake = *pxPreviousWakeTime + xTimeIncrement;
1274:Middlewares/Third_Party/FreeRTOS/Source/tasks.c **** 
1275:Middlewares/Third_Party/FreeRTOS/Source/tasks.c **** 			if( xConstTickCount < *pxPreviousWakeTime )
1276:Middlewares/Third_Party/FreeRTOS/Source/tasks.c **** 			{
1277:Middlewares/Third_Party/FreeRTOS/Source/tasks.c **** 				/* The tick count has overflowed since this function was
1278:Middlewares/Third_Party/FreeRTOS/Source/tasks.c **** 				lasted called.  In this case the only time we should ever
1279:Middlewares/Third_Party/FreeRTOS/Source/tasks.c **** 				actually delay is if the wake time has also	overflowed,
1280:Middlewares/Third_Party/FreeRTOS/Source/tasks.c **** 				and the wake time is greater than the tick time.  When this
1281:Middlewares/Third_Party/FreeRTOS/Source/tasks.c **** 				is the case it is as if neither time had overflowed. */
1282:Middlewares/Third_Party/FreeRTOS/Source/tasks.c **** 				if( ( xTimeToWake < *pxPreviousWakeTime ) && ( xTimeToWake > xConstTickCount ) )
1283:Middlewares/Third_Party/FreeRTOS/Source/tasks.c **** 				{
1284:Middlewares/Third_Party/FreeRTOS/Source/tasks.c **** 					xShouldDelay = pdTRUE;
1285:Middlewares/Third_Party/FreeRTOS/Source/tasks.c **** 				}
ARM GAS  C:\Users\jason\AppData\Local\Temp\ccaXxPCU.s 			page 24


1286:Middlewares/Third_Party/FreeRTOS/Source/tasks.c **** 				else
1287:Middlewares/Third_Party/FreeRTOS/Source/tasks.c **** 				{
1288:Middlewares/Third_Party/FreeRTOS/Source/tasks.c **** 					mtCOVERAGE_TEST_MARKER();
1289:Middlewares/Third_Party/FreeRTOS/Source/tasks.c **** 				}
1290:Middlewares/Third_Party/FreeRTOS/Source/tasks.c **** 			}
1291:Middlewares/Third_Party/FreeRTOS/Source/tasks.c **** 			else
1292:Middlewares/Third_Party/FreeRTOS/Source/tasks.c **** 			{
1293:Middlewares/Third_Party/FreeRTOS/Source/tasks.c **** 				/* The tick time has not overflowed.  In this case we will
1294:Middlewares/Third_Party/FreeRTOS/Source/tasks.c **** 				delay if either the wake time has overflowed, and/or the
1295:Middlewares/Third_Party/FreeRTOS/Source/tasks.c **** 				tick time is less than the wake time. */
1296:Middlewares/Third_Party/FreeRTOS/Source/tasks.c **** 				if( ( xTimeToWake < *pxPreviousWakeTime ) || ( xTimeToWake > xConstTickCount ) )
1297:Middlewares/Third_Party/FreeRTOS/Source/tasks.c **** 				{
1298:Middlewares/Third_Party/FreeRTOS/Source/tasks.c **** 					xShouldDelay = pdTRUE;
1299:Middlewares/Third_Party/FreeRTOS/Source/tasks.c **** 				}
1300:Middlewares/Third_Party/FreeRTOS/Source/tasks.c **** 				else
1301:Middlewares/Third_Party/FreeRTOS/Source/tasks.c **** 				{
1302:Middlewares/Third_Party/FreeRTOS/Source/tasks.c **** 					mtCOVERAGE_TEST_MARKER();
1303:Middlewares/Third_Party/FreeRTOS/Source/tasks.c **** 				}
1304:Middlewares/Third_Party/FreeRTOS/Source/tasks.c **** 			}
1305:Middlewares/Third_Party/FreeRTOS/Source/tasks.c **** 
1306:Middlewares/Third_Party/FreeRTOS/Source/tasks.c **** 			/* Update the wake time ready for the next call. */
1307:Middlewares/Third_Party/FreeRTOS/Source/tasks.c **** 			*pxPreviousWakeTime = xTimeToWake;
1308:Middlewares/Third_Party/FreeRTOS/Source/tasks.c **** 
1309:Middlewares/Third_Party/FreeRTOS/Source/tasks.c **** 			if( xShouldDelay != pdFALSE )
1310:Middlewares/Third_Party/FreeRTOS/Source/tasks.c **** 			{
1311:Middlewares/Third_Party/FreeRTOS/Source/tasks.c **** 				traceTASK_DELAY_UNTIL( xTimeToWake );
1312:Middlewares/Third_Party/FreeRTOS/Source/tasks.c **** 
1313:Middlewares/Third_Party/FreeRTOS/Source/tasks.c **** 				/* prvAddCurrentTaskToDelayedList() needs the block time, not
1314:Middlewares/Third_Party/FreeRTOS/Source/tasks.c **** 				the time to wake, so subtract the current tick count. */
1315:Middlewares/Third_Party/FreeRTOS/Source/tasks.c **** 				prvAddCurrentTaskToDelayedList( xTimeToWake - xConstTickCount, pdFALSE );
1316:Middlewares/Third_Party/FreeRTOS/Source/tasks.c **** 			}
1317:Middlewares/Third_Party/FreeRTOS/Source/tasks.c **** 			else
1318:Middlewares/Third_Party/FreeRTOS/Source/tasks.c **** 			{
1319:Middlewares/Third_Party/FreeRTOS/Source/tasks.c **** 				mtCOVERAGE_TEST_MARKER();
1320:Middlewares/Third_Party/FreeRTOS/Source/tasks.c **** 			}
1321:Middlewares/Third_Party/FreeRTOS/Source/tasks.c **** 		}
1322:Middlewares/Third_Party/FreeRTOS/Source/tasks.c **** 		xAlreadyYielded = xTaskResumeAll();
1323:Middlewares/Third_Party/FreeRTOS/Source/tasks.c **** 
1324:Middlewares/Third_Party/FreeRTOS/Source/tasks.c **** 		/* Force a reschedule if xTaskResumeAll has not already done so, we may
1325:Middlewares/Third_Party/FreeRTOS/Source/tasks.c **** 		have put ourselves to sleep. */
1326:Middlewares/Third_Party/FreeRTOS/Source/tasks.c **** 		if( xAlreadyYielded == pdFALSE )
1327:Middlewares/Third_Party/FreeRTOS/Source/tasks.c **** 		{
1328:Middlewares/Third_Party/FreeRTOS/Source/tasks.c **** 			portYIELD_WITHIN_API();
1329:Middlewares/Third_Party/FreeRTOS/Source/tasks.c **** 		}
1330:Middlewares/Third_Party/FreeRTOS/Source/tasks.c **** 		else
1331:Middlewares/Third_Party/FreeRTOS/Source/tasks.c **** 		{
1332:Middlewares/Third_Party/FreeRTOS/Source/tasks.c **** 			mtCOVERAGE_TEST_MARKER();
1333:Middlewares/Third_Party/FreeRTOS/Source/tasks.c **** 		}
1334:Middlewares/Third_Party/FreeRTOS/Source/tasks.c **** 	}
1335:Middlewares/Third_Party/FreeRTOS/Source/tasks.c **** 
1336:Middlewares/Third_Party/FreeRTOS/Source/tasks.c **** #endif /* INCLUDE_vTaskDelayUntil */
1337:Middlewares/Third_Party/FreeRTOS/Source/tasks.c **** /*-----------------------------------------------------------*/
1338:Middlewares/Third_Party/FreeRTOS/Source/tasks.c **** 
1339:Middlewares/Third_Party/FreeRTOS/Source/tasks.c **** #if ( INCLUDE_vTaskDelay == 1 )
1340:Middlewares/Third_Party/FreeRTOS/Source/tasks.c **** 
1341:Middlewares/Third_Party/FreeRTOS/Source/tasks.c **** 	void vTaskDelay( const TickType_t xTicksToDelay )
1342:Middlewares/Third_Party/FreeRTOS/Source/tasks.c **** 	{
ARM GAS  C:\Users\jason\AppData\Local\Temp\ccaXxPCU.s 			page 25


1343:Middlewares/Third_Party/FreeRTOS/Source/tasks.c **** 	BaseType_t xAlreadyYielded = pdFALSE;
1344:Middlewares/Third_Party/FreeRTOS/Source/tasks.c **** 
1345:Middlewares/Third_Party/FreeRTOS/Source/tasks.c **** 		/* A delay time of zero just forces a reschedule. */
1346:Middlewares/Third_Party/FreeRTOS/Source/tasks.c **** 		if( xTicksToDelay > ( TickType_t ) 0U )
1347:Middlewares/Third_Party/FreeRTOS/Source/tasks.c **** 		{
1348:Middlewares/Third_Party/FreeRTOS/Source/tasks.c **** 			configASSERT( uxSchedulerSuspended == 0 );
1349:Middlewares/Third_Party/FreeRTOS/Source/tasks.c **** 			vTaskSuspendAll();
1350:Middlewares/Third_Party/FreeRTOS/Source/tasks.c **** 			{
1351:Middlewares/Third_Party/FreeRTOS/Source/tasks.c **** 				traceTASK_DELAY();
1352:Middlewares/Third_Party/FreeRTOS/Source/tasks.c **** 
1353:Middlewares/Third_Party/FreeRTOS/Source/tasks.c **** 				/* A task that is removed from the event list while the
1354:Middlewares/Third_Party/FreeRTOS/Source/tasks.c **** 				scheduler is suspended will not get placed in the ready
1355:Middlewares/Third_Party/FreeRTOS/Source/tasks.c **** 				list or removed from the blocked list until the scheduler
1356:Middlewares/Third_Party/FreeRTOS/Source/tasks.c **** 				is resumed.
1357:Middlewares/Third_Party/FreeRTOS/Source/tasks.c **** 
1358:Middlewares/Third_Party/FreeRTOS/Source/tasks.c **** 				This task cannot be in an event list as it is the currently
1359:Middlewares/Third_Party/FreeRTOS/Source/tasks.c **** 				executing task. */
1360:Middlewares/Third_Party/FreeRTOS/Source/tasks.c **** 				prvAddCurrentTaskToDelayedList( xTicksToDelay, pdFALSE );
1361:Middlewares/Third_Party/FreeRTOS/Source/tasks.c **** 			}
1362:Middlewares/Third_Party/FreeRTOS/Source/tasks.c **** 			xAlreadyYielded = xTaskResumeAll();
1363:Middlewares/Third_Party/FreeRTOS/Source/tasks.c **** 		}
1364:Middlewares/Third_Party/FreeRTOS/Source/tasks.c **** 		else
1365:Middlewares/Third_Party/FreeRTOS/Source/tasks.c **** 		{
1366:Middlewares/Third_Party/FreeRTOS/Source/tasks.c **** 			mtCOVERAGE_TEST_MARKER();
1367:Middlewares/Third_Party/FreeRTOS/Source/tasks.c **** 		}
1368:Middlewares/Third_Party/FreeRTOS/Source/tasks.c **** 
1369:Middlewares/Third_Party/FreeRTOS/Source/tasks.c **** 		/* Force a reschedule if xTaskResumeAll has not already done so, we may
1370:Middlewares/Third_Party/FreeRTOS/Source/tasks.c **** 		have put ourselves to sleep. */
1371:Middlewares/Third_Party/FreeRTOS/Source/tasks.c **** 		if( xAlreadyYielded == pdFALSE )
1372:Middlewares/Third_Party/FreeRTOS/Source/tasks.c **** 		{
1373:Middlewares/Third_Party/FreeRTOS/Source/tasks.c **** 			portYIELD_WITHIN_API();
1374:Middlewares/Third_Party/FreeRTOS/Source/tasks.c **** 		}
1375:Middlewares/Third_Party/FreeRTOS/Source/tasks.c **** 		else
1376:Middlewares/Third_Party/FreeRTOS/Source/tasks.c **** 		{
1377:Middlewares/Third_Party/FreeRTOS/Source/tasks.c **** 			mtCOVERAGE_TEST_MARKER();
1378:Middlewares/Third_Party/FreeRTOS/Source/tasks.c **** 		}
1379:Middlewares/Third_Party/FreeRTOS/Source/tasks.c **** 	}
1380:Middlewares/Third_Party/FreeRTOS/Source/tasks.c **** 
1381:Middlewares/Third_Party/FreeRTOS/Source/tasks.c **** #endif /* INCLUDE_vTaskDelay */
1382:Middlewares/Third_Party/FreeRTOS/Source/tasks.c **** /*-----------------------------------------------------------*/
1383:Middlewares/Third_Party/FreeRTOS/Source/tasks.c **** 
1384:Middlewares/Third_Party/FreeRTOS/Source/tasks.c **** #if( ( INCLUDE_eTaskGetState == 1 ) || ( configUSE_TRACE_FACILITY == 1 ) || ( INCLUDE_xTaskAbortDel
1385:Middlewares/Third_Party/FreeRTOS/Source/tasks.c **** 
1386:Middlewares/Third_Party/FreeRTOS/Source/tasks.c **** 	eTaskState eTaskGetState( TaskHandle_t xTask )
1387:Middlewares/Third_Party/FreeRTOS/Source/tasks.c **** 	{
1388:Middlewares/Third_Party/FreeRTOS/Source/tasks.c **** 	eTaskState eReturn;
1389:Middlewares/Third_Party/FreeRTOS/Source/tasks.c **** 	List_t const * pxStateList, *pxDelayedList, *pxOverflowedDelayedList;
1390:Middlewares/Third_Party/FreeRTOS/Source/tasks.c **** 	const TCB_t * const pxTCB = xTask;
1391:Middlewares/Third_Party/FreeRTOS/Source/tasks.c **** 
1392:Middlewares/Third_Party/FreeRTOS/Source/tasks.c **** 		configASSERT( pxTCB );
1393:Middlewares/Third_Party/FreeRTOS/Source/tasks.c **** 
1394:Middlewares/Third_Party/FreeRTOS/Source/tasks.c **** 		if( pxTCB == pxCurrentTCB )
1395:Middlewares/Third_Party/FreeRTOS/Source/tasks.c **** 		{
1396:Middlewares/Third_Party/FreeRTOS/Source/tasks.c **** 			/* The task calling this function is querying its own state. */
1397:Middlewares/Third_Party/FreeRTOS/Source/tasks.c **** 			eReturn = eRunning;
1398:Middlewares/Third_Party/FreeRTOS/Source/tasks.c **** 		}
1399:Middlewares/Third_Party/FreeRTOS/Source/tasks.c **** 		else
ARM GAS  C:\Users\jason\AppData\Local\Temp\ccaXxPCU.s 			page 26


1400:Middlewares/Third_Party/FreeRTOS/Source/tasks.c **** 		{
1401:Middlewares/Third_Party/FreeRTOS/Source/tasks.c **** 			taskENTER_CRITICAL();
1402:Middlewares/Third_Party/FreeRTOS/Source/tasks.c **** 			{
1403:Middlewares/Third_Party/FreeRTOS/Source/tasks.c **** 				pxStateList = listLIST_ITEM_CONTAINER( &( pxTCB->xStateListItem ) );
1404:Middlewares/Third_Party/FreeRTOS/Source/tasks.c **** 				pxDelayedList = pxDelayedTaskList;
1405:Middlewares/Third_Party/FreeRTOS/Source/tasks.c **** 				pxOverflowedDelayedList = pxOverflowDelayedTaskList;
1406:Middlewares/Third_Party/FreeRTOS/Source/tasks.c **** 			}
1407:Middlewares/Third_Party/FreeRTOS/Source/tasks.c **** 			taskEXIT_CRITICAL();
1408:Middlewares/Third_Party/FreeRTOS/Source/tasks.c **** 
1409:Middlewares/Third_Party/FreeRTOS/Source/tasks.c **** 			if( ( pxStateList == pxDelayedList ) || ( pxStateList == pxOverflowedDelayedList ) )
1410:Middlewares/Third_Party/FreeRTOS/Source/tasks.c **** 			{
1411:Middlewares/Third_Party/FreeRTOS/Source/tasks.c **** 				/* The task being queried is referenced from one of the Blocked
1412:Middlewares/Third_Party/FreeRTOS/Source/tasks.c **** 				lists. */
1413:Middlewares/Third_Party/FreeRTOS/Source/tasks.c **** 				eReturn = eBlocked;
1414:Middlewares/Third_Party/FreeRTOS/Source/tasks.c **** 			}
1415:Middlewares/Third_Party/FreeRTOS/Source/tasks.c **** 
1416:Middlewares/Third_Party/FreeRTOS/Source/tasks.c **** 			#if ( INCLUDE_vTaskSuspend == 1 )
1417:Middlewares/Third_Party/FreeRTOS/Source/tasks.c **** 				else if( pxStateList == &xSuspendedTaskList )
1418:Middlewares/Third_Party/FreeRTOS/Source/tasks.c **** 				{
1419:Middlewares/Third_Party/FreeRTOS/Source/tasks.c **** 					/* The task being queried is referenced from the suspended
1420:Middlewares/Third_Party/FreeRTOS/Source/tasks.c **** 					list.  Is it genuinely suspended or is it blocked
1421:Middlewares/Third_Party/FreeRTOS/Source/tasks.c **** 					indefinitely? */
1422:Middlewares/Third_Party/FreeRTOS/Source/tasks.c **** 					if( listLIST_ITEM_CONTAINER( &( pxTCB->xEventListItem ) ) == NULL )
1423:Middlewares/Third_Party/FreeRTOS/Source/tasks.c **** 					{
1424:Middlewares/Third_Party/FreeRTOS/Source/tasks.c **** 						#if( configUSE_TASK_NOTIFICATIONS == 1 )
1425:Middlewares/Third_Party/FreeRTOS/Source/tasks.c **** 						{
1426:Middlewares/Third_Party/FreeRTOS/Source/tasks.c **** 							/* The task does not appear on the event list item of
1427:Middlewares/Third_Party/FreeRTOS/Source/tasks.c **** 							and of the RTOS objects, but could still be in the
1428:Middlewares/Third_Party/FreeRTOS/Source/tasks.c **** 							blocked state if it is waiting on its notification
1429:Middlewares/Third_Party/FreeRTOS/Source/tasks.c **** 							rather than waiting on an object. */
1430:Middlewares/Third_Party/FreeRTOS/Source/tasks.c **** 							if( pxTCB->ucNotifyState == taskWAITING_NOTIFICATION )
1431:Middlewares/Third_Party/FreeRTOS/Source/tasks.c **** 							{
1432:Middlewares/Third_Party/FreeRTOS/Source/tasks.c **** 								eReturn = eBlocked;
1433:Middlewares/Third_Party/FreeRTOS/Source/tasks.c **** 							}
1434:Middlewares/Third_Party/FreeRTOS/Source/tasks.c **** 							else
1435:Middlewares/Third_Party/FreeRTOS/Source/tasks.c **** 							{
1436:Middlewares/Third_Party/FreeRTOS/Source/tasks.c **** 								eReturn = eSuspended;
1437:Middlewares/Third_Party/FreeRTOS/Source/tasks.c **** 							}
1438:Middlewares/Third_Party/FreeRTOS/Source/tasks.c **** 						}
1439:Middlewares/Third_Party/FreeRTOS/Source/tasks.c **** 						#else
1440:Middlewares/Third_Party/FreeRTOS/Source/tasks.c **** 						{
1441:Middlewares/Third_Party/FreeRTOS/Source/tasks.c **** 							eReturn = eSuspended;
1442:Middlewares/Third_Party/FreeRTOS/Source/tasks.c **** 						}
1443:Middlewares/Third_Party/FreeRTOS/Source/tasks.c **** 						#endif
1444:Middlewares/Third_Party/FreeRTOS/Source/tasks.c **** 					}
1445:Middlewares/Third_Party/FreeRTOS/Source/tasks.c **** 					else
1446:Middlewares/Third_Party/FreeRTOS/Source/tasks.c **** 					{
1447:Middlewares/Third_Party/FreeRTOS/Source/tasks.c **** 						eReturn = eBlocked;
1448:Middlewares/Third_Party/FreeRTOS/Source/tasks.c **** 					}
1449:Middlewares/Third_Party/FreeRTOS/Source/tasks.c **** 				}
1450:Middlewares/Third_Party/FreeRTOS/Source/tasks.c **** 			#endif
1451:Middlewares/Third_Party/FreeRTOS/Source/tasks.c **** 
1452:Middlewares/Third_Party/FreeRTOS/Source/tasks.c **** 			#if ( INCLUDE_vTaskDelete == 1 )
1453:Middlewares/Third_Party/FreeRTOS/Source/tasks.c **** 				else if( ( pxStateList == &xTasksWaitingTermination ) || ( pxStateList == NULL ) )
1454:Middlewares/Third_Party/FreeRTOS/Source/tasks.c **** 				{
1455:Middlewares/Third_Party/FreeRTOS/Source/tasks.c **** 					/* The task being queried is referenced from the deleted
1456:Middlewares/Third_Party/FreeRTOS/Source/tasks.c **** 					tasks list, or it is not referenced from any lists at
ARM GAS  C:\Users\jason\AppData\Local\Temp\ccaXxPCU.s 			page 27


1457:Middlewares/Third_Party/FreeRTOS/Source/tasks.c **** 					all. */
1458:Middlewares/Third_Party/FreeRTOS/Source/tasks.c **** 					eReturn = eDeleted;
1459:Middlewares/Third_Party/FreeRTOS/Source/tasks.c **** 				}
1460:Middlewares/Third_Party/FreeRTOS/Source/tasks.c **** 			#endif
1461:Middlewares/Third_Party/FreeRTOS/Source/tasks.c **** 
1462:Middlewares/Third_Party/FreeRTOS/Source/tasks.c **** 			else /*lint !e525 Negative indentation is intended to make use of pre-processor clearer. */
1463:Middlewares/Third_Party/FreeRTOS/Source/tasks.c **** 			{
1464:Middlewares/Third_Party/FreeRTOS/Source/tasks.c **** 				/* If the task is not in any other state, it must be in the
1465:Middlewares/Third_Party/FreeRTOS/Source/tasks.c **** 				Ready (including pending ready) state. */
1466:Middlewares/Third_Party/FreeRTOS/Source/tasks.c **** 				eReturn = eReady;
1467:Middlewares/Third_Party/FreeRTOS/Source/tasks.c **** 			}
1468:Middlewares/Third_Party/FreeRTOS/Source/tasks.c **** 		}
1469:Middlewares/Third_Party/FreeRTOS/Source/tasks.c **** 
1470:Middlewares/Third_Party/FreeRTOS/Source/tasks.c **** 		return eReturn;
1471:Middlewares/Third_Party/FreeRTOS/Source/tasks.c **** 	} /*lint !e818 xTask cannot be a pointer to const because it is a typedef. */
1472:Middlewares/Third_Party/FreeRTOS/Source/tasks.c **** 
1473:Middlewares/Third_Party/FreeRTOS/Source/tasks.c **** #endif /* INCLUDE_eTaskGetState */
1474:Middlewares/Third_Party/FreeRTOS/Source/tasks.c **** /*-----------------------------------------------------------*/
1475:Middlewares/Third_Party/FreeRTOS/Source/tasks.c **** 
1476:Middlewares/Third_Party/FreeRTOS/Source/tasks.c **** #if ( INCLUDE_uxTaskPriorityGet == 1 )
1477:Middlewares/Third_Party/FreeRTOS/Source/tasks.c **** 
1478:Middlewares/Third_Party/FreeRTOS/Source/tasks.c **** 	UBaseType_t uxTaskPriorityGet( const TaskHandle_t xTask )
1479:Middlewares/Third_Party/FreeRTOS/Source/tasks.c **** 	{
1480:Middlewares/Third_Party/FreeRTOS/Source/tasks.c **** 	TCB_t const *pxTCB;
1481:Middlewares/Third_Party/FreeRTOS/Source/tasks.c **** 	UBaseType_t uxReturn;
1482:Middlewares/Third_Party/FreeRTOS/Source/tasks.c **** 
1483:Middlewares/Third_Party/FreeRTOS/Source/tasks.c **** 		taskENTER_CRITICAL();
1484:Middlewares/Third_Party/FreeRTOS/Source/tasks.c **** 		{
1485:Middlewares/Third_Party/FreeRTOS/Source/tasks.c **** 			/* If null is passed in here then it is the priority of the task
1486:Middlewares/Third_Party/FreeRTOS/Source/tasks.c **** 			that called uxTaskPriorityGet() that is being queried. */
1487:Middlewares/Third_Party/FreeRTOS/Source/tasks.c **** 			pxTCB = prvGetTCBFromHandle( xTask );
1488:Middlewares/Third_Party/FreeRTOS/Source/tasks.c **** 			uxReturn = pxTCB->uxPriority;
1489:Middlewares/Third_Party/FreeRTOS/Source/tasks.c **** 		}
1490:Middlewares/Third_Party/FreeRTOS/Source/tasks.c **** 		taskEXIT_CRITICAL();
1491:Middlewares/Third_Party/FreeRTOS/Source/tasks.c **** 
1492:Middlewares/Third_Party/FreeRTOS/Source/tasks.c **** 		return uxReturn;
1493:Middlewares/Third_Party/FreeRTOS/Source/tasks.c **** 	}
1494:Middlewares/Third_Party/FreeRTOS/Source/tasks.c **** 
1495:Middlewares/Third_Party/FreeRTOS/Source/tasks.c **** #endif /* INCLUDE_uxTaskPriorityGet */
1496:Middlewares/Third_Party/FreeRTOS/Source/tasks.c **** /*-----------------------------------------------------------*/
1497:Middlewares/Third_Party/FreeRTOS/Source/tasks.c **** 
1498:Middlewares/Third_Party/FreeRTOS/Source/tasks.c **** #if ( INCLUDE_uxTaskPriorityGet == 1 )
1499:Middlewares/Third_Party/FreeRTOS/Source/tasks.c **** 
1500:Middlewares/Third_Party/FreeRTOS/Source/tasks.c **** 	UBaseType_t uxTaskPriorityGetFromISR( const TaskHandle_t xTask )
1501:Middlewares/Third_Party/FreeRTOS/Source/tasks.c **** 	{
1502:Middlewares/Third_Party/FreeRTOS/Source/tasks.c **** 	TCB_t const *pxTCB;
1503:Middlewares/Third_Party/FreeRTOS/Source/tasks.c **** 	UBaseType_t uxReturn, uxSavedInterruptState;
1504:Middlewares/Third_Party/FreeRTOS/Source/tasks.c **** 
1505:Middlewares/Third_Party/FreeRTOS/Source/tasks.c **** 		/* RTOS ports that support interrupt nesting have the concept of a
1506:Middlewares/Third_Party/FreeRTOS/Source/tasks.c **** 		maximum	system call (or maximum API call) interrupt priority.
1507:Middlewares/Third_Party/FreeRTOS/Source/tasks.c **** 		Interrupts that are	above the maximum system call priority are keep
1508:Middlewares/Third_Party/FreeRTOS/Source/tasks.c **** 		permanently enabled, even when the RTOS kernel is in a critical section,
1509:Middlewares/Third_Party/FreeRTOS/Source/tasks.c **** 		but cannot make any calls to FreeRTOS API functions.  If configASSERT()
1510:Middlewares/Third_Party/FreeRTOS/Source/tasks.c **** 		is defined in FreeRTOSConfig.h then
1511:Middlewares/Third_Party/FreeRTOS/Source/tasks.c **** 		portASSERT_IF_INTERRUPT_PRIORITY_INVALID() will result in an assertion
1512:Middlewares/Third_Party/FreeRTOS/Source/tasks.c **** 		failure if a FreeRTOS API function is called from an interrupt that has
1513:Middlewares/Third_Party/FreeRTOS/Source/tasks.c **** 		been assigned a priority above the configured maximum system call
ARM GAS  C:\Users\jason\AppData\Local\Temp\ccaXxPCU.s 			page 28


1514:Middlewares/Third_Party/FreeRTOS/Source/tasks.c **** 		priority.  Only FreeRTOS functions that end in FromISR can be called
1515:Middlewares/Third_Party/FreeRTOS/Source/tasks.c **** 		from interrupts	that have been assigned a priority at or (logically)
1516:Middlewares/Third_Party/FreeRTOS/Source/tasks.c **** 		below the maximum system call interrupt priority.  FreeRTOS maintains a
1517:Middlewares/Third_Party/FreeRTOS/Source/tasks.c **** 		separate interrupt safe API to ensure interrupt entry is as fast and as
1518:Middlewares/Third_Party/FreeRTOS/Source/tasks.c **** 		simple as possible.  More information (albeit Cortex-M specific) is
1519:Middlewares/Third_Party/FreeRTOS/Source/tasks.c **** 		provided on the following link:
1520:Middlewares/Third_Party/FreeRTOS/Source/tasks.c **** 		https://www.freertos.org/RTOS-Cortex-M3-M4.html */
1521:Middlewares/Third_Party/FreeRTOS/Source/tasks.c **** 		portASSERT_IF_INTERRUPT_PRIORITY_INVALID();
1522:Middlewares/Third_Party/FreeRTOS/Source/tasks.c **** 
1523:Middlewares/Third_Party/FreeRTOS/Source/tasks.c **** 		uxSavedInterruptState = portSET_INTERRUPT_MASK_FROM_ISR();
1524:Middlewares/Third_Party/FreeRTOS/Source/tasks.c **** 		{
1525:Middlewares/Third_Party/FreeRTOS/Source/tasks.c **** 			/* If null is passed in here then it is the priority of the calling
1526:Middlewares/Third_Party/FreeRTOS/Source/tasks.c **** 			task that is being queried. */
1527:Middlewares/Third_Party/FreeRTOS/Source/tasks.c **** 			pxTCB = prvGetTCBFromHandle( xTask );
1528:Middlewares/Third_Party/FreeRTOS/Source/tasks.c **** 			uxReturn = pxTCB->uxPriority;
1529:Middlewares/Third_Party/FreeRTOS/Source/tasks.c **** 		}
1530:Middlewares/Third_Party/FreeRTOS/Source/tasks.c **** 		portCLEAR_INTERRUPT_MASK_FROM_ISR( uxSavedInterruptState );
1531:Middlewares/Third_Party/FreeRTOS/Source/tasks.c **** 
1532:Middlewares/Third_Party/FreeRTOS/Source/tasks.c **** 		return uxReturn;
1533:Middlewares/Third_Party/FreeRTOS/Source/tasks.c **** 	}
1534:Middlewares/Third_Party/FreeRTOS/Source/tasks.c **** 
1535:Middlewares/Third_Party/FreeRTOS/Source/tasks.c **** #endif /* INCLUDE_uxTaskPriorityGet */
1536:Middlewares/Third_Party/FreeRTOS/Source/tasks.c **** /*-----------------------------------------------------------*/
1537:Middlewares/Third_Party/FreeRTOS/Source/tasks.c **** 
1538:Middlewares/Third_Party/FreeRTOS/Source/tasks.c **** #if ( INCLUDE_vTaskPrioritySet == 1 )
1539:Middlewares/Third_Party/FreeRTOS/Source/tasks.c **** 
1540:Middlewares/Third_Party/FreeRTOS/Source/tasks.c **** 	void vTaskPrioritySet( TaskHandle_t xTask, UBaseType_t uxNewPriority )
1541:Middlewares/Third_Party/FreeRTOS/Source/tasks.c **** 	{
1542:Middlewares/Third_Party/FreeRTOS/Source/tasks.c **** 	TCB_t *pxTCB;
1543:Middlewares/Third_Party/FreeRTOS/Source/tasks.c **** 	UBaseType_t uxCurrentBasePriority, uxPriorityUsedOnEntry;
1544:Middlewares/Third_Party/FreeRTOS/Source/tasks.c **** 	BaseType_t xYieldRequired = pdFALSE;
1545:Middlewares/Third_Party/FreeRTOS/Source/tasks.c **** 
1546:Middlewares/Third_Party/FreeRTOS/Source/tasks.c **** 		configASSERT( ( uxNewPriority < configMAX_PRIORITIES ) );
1547:Middlewares/Third_Party/FreeRTOS/Source/tasks.c **** 
1548:Middlewares/Third_Party/FreeRTOS/Source/tasks.c **** 		/* Ensure the new priority is valid. */
1549:Middlewares/Third_Party/FreeRTOS/Source/tasks.c **** 		if( uxNewPriority >= ( UBaseType_t ) configMAX_PRIORITIES )
1550:Middlewares/Third_Party/FreeRTOS/Source/tasks.c **** 		{
1551:Middlewares/Third_Party/FreeRTOS/Source/tasks.c **** 			uxNewPriority = ( UBaseType_t ) configMAX_PRIORITIES - ( UBaseType_t ) 1U;
1552:Middlewares/Third_Party/FreeRTOS/Source/tasks.c **** 		}
1553:Middlewares/Third_Party/FreeRTOS/Source/tasks.c **** 		else
1554:Middlewares/Third_Party/FreeRTOS/Source/tasks.c **** 		{
1555:Middlewares/Third_Party/FreeRTOS/Source/tasks.c **** 			mtCOVERAGE_TEST_MARKER();
1556:Middlewares/Third_Party/FreeRTOS/Source/tasks.c **** 		}
1557:Middlewares/Third_Party/FreeRTOS/Source/tasks.c **** 
1558:Middlewares/Third_Party/FreeRTOS/Source/tasks.c **** 		taskENTER_CRITICAL();
1559:Middlewares/Third_Party/FreeRTOS/Source/tasks.c **** 		{
1560:Middlewares/Third_Party/FreeRTOS/Source/tasks.c **** 			/* If null is passed in here then it is the priority of the calling
1561:Middlewares/Third_Party/FreeRTOS/Source/tasks.c **** 			task that is being changed. */
1562:Middlewares/Third_Party/FreeRTOS/Source/tasks.c **** 			pxTCB = prvGetTCBFromHandle( xTask );
1563:Middlewares/Third_Party/FreeRTOS/Source/tasks.c **** 
1564:Middlewares/Third_Party/FreeRTOS/Source/tasks.c **** 			traceTASK_PRIORITY_SET( pxTCB, uxNewPriority );
1565:Middlewares/Third_Party/FreeRTOS/Source/tasks.c **** 
1566:Middlewares/Third_Party/FreeRTOS/Source/tasks.c **** 			#if ( configUSE_MUTEXES == 1 )
1567:Middlewares/Third_Party/FreeRTOS/Source/tasks.c **** 			{
1568:Middlewares/Third_Party/FreeRTOS/Source/tasks.c **** 				uxCurrentBasePriority = pxTCB->uxBasePriority;
1569:Middlewares/Third_Party/FreeRTOS/Source/tasks.c **** 			}
1570:Middlewares/Third_Party/FreeRTOS/Source/tasks.c **** 			#else
ARM GAS  C:\Users\jason\AppData\Local\Temp\ccaXxPCU.s 			page 29


1571:Middlewares/Third_Party/FreeRTOS/Source/tasks.c **** 			{
1572:Middlewares/Third_Party/FreeRTOS/Source/tasks.c **** 				uxCurrentBasePriority = pxTCB->uxPriority;
1573:Middlewares/Third_Party/FreeRTOS/Source/tasks.c **** 			}
1574:Middlewares/Third_Party/FreeRTOS/Source/tasks.c **** 			#endif
1575:Middlewares/Third_Party/FreeRTOS/Source/tasks.c **** 
1576:Middlewares/Third_Party/FreeRTOS/Source/tasks.c **** 			if( uxCurrentBasePriority != uxNewPriority )
1577:Middlewares/Third_Party/FreeRTOS/Source/tasks.c **** 			{
1578:Middlewares/Third_Party/FreeRTOS/Source/tasks.c **** 				/* The priority change may have readied a task of higher
1579:Middlewares/Third_Party/FreeRTOS/Source/tasks.c **** 				priority than the calling task. */
1580:Middlewares/Third_Party/FreeRTOS/Source/tasks.c **** 				if( uxNewPriority > uxCurrentBasePriority )
1581:Middlewares/Third_Party/FreeRTOS/Source/tasks.c **** 				{
1582:Middlewares/Third_Party/FreeRTOS/Source/tasks.c **** 					if( pxTCB != pxCurrentTCB )
1583:Middlewares/Third_Party/FreeRTOS/Source/tasks.c **** 					{
1584:Middlewares/Third_Party/FreeRTOS/Source/tasks.c **** 						/* The priority of a task other than the currently
1585:Middlewares/Third_Party/FreeRTOS/Source/tasks.c **** 						running task is being raised.  Is the priority being
1586:Middlewares/Third_Party/FreeRTOS/Source/tasks.c **** 						raised above that of the running task? */
1587:Middlewares/Third_Party/FreeRTOS/Source/tasks.c **** 						if( uxNewPriority >= pxCurrentTCB->uxPriority )
1588:Middlewares/Third_Party/FreeRTOS/Source/tasks.c **** 						{
1589:Middlewares/Third_Party/FreeRTOS/Source/tasks.c **** 							xYieldRequired = pdTRUE;
1590:Middlewares/Third_Party/FreeRTOS/Source/tasks.c **** 						}
1591:Middlewares/Third_Party/FreeRTOS/Source/tasks.c **** 						else
1592:Middlewares/Third_Party/FreeRTOS/Source/tasks.c **** 						{
1593:Middlewares/Third_Party/FreeRTOS/Source/tasks.c **** 							mtCOVERAGE_TEST_MARKER();
1594:Middlewares/Third_Party/FreeRTOS/Source/tasks.c **** 						}
1595:Middlewares/Third_Party/FreeRTOS/Source/tasks.c **** 					}
1596:Middlewares/Third_Party/FreeRTOS/Source/tasks.c **** 					else
1597:Middlewares/Third_Party/FreeRTOS/Source/tasks.c **** 					{
1598:Middlewares/Third_Party/FreeRTOS/Source/tasks.c **** 						/* The priority of the running task is being raised,
1599:Middlewares/Third_Party/FreeRTOS/Source/tasks.c **** 						but the running task must already be the highest
1600:Middlewares/Third_Party/FreeRTOS/Source/tasks.c **** 						priority task able to run so no yield is required. */
1601:Middlewares/Third_Party/FreeRTOS/Source/tasks.c **** 					}
1602:Middlewares/Third_Party/FreeRTOS/Source/tasks.c **** 				}
1603:Middlewares/Third_Party/FreeRTOS/Source/tasks.c **** 				else if( pxTCB == pxCurrentTCB )
1604:Middlewares/Third_Party/FreeRTOS/Source/tasks.c **** 				{
1605:Middlewares/Third_Party/FreeRTOS/Source/tasks.c **** 					/* Setting the priority of the running task down means
1606:Middlewares/Third_Party/FreeRTOS/Source/tasks.c **** 					there may now be another task of higher priority that
1607:Middlewares/Third_Party/FreeRTOS/Source/tasks.c **** 					is ready to execute. */
1608:Middlewares/Third_Party/FreeRTOS/Source/tasks.c **** 					xYieldRequired = pdTRUE;
1609:Middlewares/Third_Party/FreeRTOS/Source/tasks.c **** 				}
1610:Middlewares/Third_Party/FreeRTOS/Source/tasks.c **** 				else
1611:Middlewares/Third_Party/FreeRTOS/Source/tasks.c **** 				{
1612:Middlewares/Third_Party/FreeRTOS/Source/tasks.c **** 					/* Setting the priority of any other task down does not
1613:Middlewares/Third_Party/FreeRTOS/Source/tasks.c **** 					require a yield as the running task must be above the
1614:Middlewares/Third_Party/FreeRTOS/Source/tasks.c **** 					new priority of the task being modified. */
1615:Middlewares/Third_Party/FreeRTOS/Source/tasks.c **** 				}
1616:Middlewares/Third_Party/FreeRTOS/Source/tasks.c **** 
1617:Middlewares/Third_Party/FreeRTOS/Source/tasks.c **** 				/* Remember the ready list the task might be referenced from
1618:Middlewares/Third_Party/FreeRTOS/Source/tasks.c **** 				before its uxPriority member is changed so the
1619:Middlewares/Third_Party/FreeRTOS/Source/tasks.c **** 				taskRESET_READY_PRIORITY() macro can function correctly. */
1620:Middlewares/Third_Party/FreeRTOS/Source/tasks.c **** 				uxPriorityUsedOnEntry = pxTCB->uxPriority;
1621:Middlewares/Third_Party/FreeRTOS/Source/tasks.c **** 
1622:Middlewares/Third_Party/FreeRTOS/Source/tasks.c **** 				#if ( configUSE_MUTEXES == 1 )
1623:Middlewares/Third_Party/FreeRTOS/Source/tasks.c **** 				{
1624:Middlewares/Third_Party/FreeRTOS/Source/tasks.c **** 					/* Only change the priority being used if the task is not
1625:Middlewares/Third_Party/FreeRTOS/Source/tasks.c **** 					currently using an inherited priority. */
1626:Middlewares/Third_Party/FreeRTOS/Source/tasks.c **** 					if( pxTCB->uxBasePriority == pxTCB->uxPriority )
1627:Middlewares/Third_Party/FreeRTOS/Source/tasks.c **** 					{
ARM GAS  C:\Users\jason\AppData\Local\Temp\ccaXxPCU.s 			page 30


1628:Middlewares/Third_Party/FreeRTOS/Source/tasks.c **** 						pxTCB->uxPriority = uxNewPriority;
1629:Middlewares/Third_Party/FreeRTOS/Source/tasks.c **** 					}
1630:Middlewares/Third_Party/FreeRTOS/Source/tasks.c **** 					else
1631:Middlewares/Third_Party/FreeRTOS/Source/tasks.c **** 					{
1632:Middlewares/Third_Party/FreeRTOS/Source/tasks.c **** 						mtCOVERAGE_TEST_MARKER();
1633:Middlewares/Third_Party/FreeRTOS/Source/tasks.c **** 					}
1634:Middlewares/Third_Party/FreeRTOS/Source/tasks.c **** 
1635:Middlewares/Third_Party/FreeRTOS/Source/tasks.c **** 					/* The base priority gets set whatever. */
1636:Middlewares/Third_Party/FreeRTOS/Source/tasks.c **** 					pxTCB->uxBasePriority = uxNewPriority;
1637:Middlewares/Third_Party/FreeRTOS/Source/tasks.c **** 				}
1638:Middlewares/Third_Party/FreeRTOS/Source/tasks.c **** 				#else
1639:Middlewares/Third_Party/FreeRTOS/Source/tasks.c **** 				{
1640:Middlewares/Third_Party/FreeRTOS/Source/tasks.c **** 					pxTCB->uxPriority = uxNewPriority;
1641:Middlewares/Third_Party/FreeRTOS/Source/tasks.c **** 				}
1642:Middlewares/Third_Party/FreeRTOS/Source/tasks.c **** 				#endif
1643:Middlewares/Third_Party/FreeRTOS/Source/tasks.c **** 
1644:Middlewares/Third_Party/FreeRTOS/Source/tasks.c **** 				/* Only reset the event list item value if the value is not
1645:Middlewares/Third_Party/FreeRTOS/Source/tasks.c **** 				being used for anything else. */
1646:Middlewares/Third_Party/FreeRTOS/Source/tasks.c **** 				if( ( listGET_LIST_ITEM_VALUE( &( pxTCB->xEventListItem ) ) & taskEVENT_LIST_ITEM_VALUE_IN_USE 
1647:Middlewares/Third_Party/FreeRTOS/Source/tasks.c **** 				{
1648:Middlewares/Third_Party/FreeRTOS/Source/tasks.c **** 					listSET_LIST_ITEM_VALUE( &( pxTCB->xEventListItem ), ( ( TickType_t ) configMAX_PRIORITIES - (
1649:Middlewares/Third_Party/FreeRTOS/Source/tasks.c **** 				}
1650:Middlewares/Third_Party/FreeRTOS/Source/tasks.c **** 				else
1651:Middlewares/Third_Party/FreeRTOS/Source/tasks.c **** 				{
1652:Middlewares/Third_Party/FreeRTOS/Source/tasks.c **** 					mtCOVERAGE_TEST_MARKER();
1653:Middlewares/Third_Party/FreeRTOS/Source/tasks.c **** 				}
1654:Middlewares/Third_Party/FreeRTOS/Source/tasks.c **** 
1655:Middlewares/Third_Party/FreeRTOS/Source/tasks.c **** 				/* If the task is in the blocked or suspended list we need do
1656:Middlewares/Third_Party/FreeRTOS/Source/tasks.c **** 				nothing more than change its priority variable. However, if
1657:Middlewares/Third_Party/FreeRTOS/Source/tasks.c **** 				the task is in a ready list it needs to be removed and placed
1658:Middlewares/Third_Party/FreeRTOS/Source/tasks.c **** 				in the list appropriate to its new priority. */
1659:Middlewares/Third_Party/FreeRTOS/Source/tasks.c **** 				if( listIS_CONTAINED_WITHIN( &( pxReadyTasksLists[ uxPriorityUsedOnEntry ] ), &( pxTCB->xStateL
1660:Middlewares/Third_Party/FreeRTOS/Source/tasks.c **** 				{
1661:Middlewares/Third_Party/FreeRTOS/Source/tasks.c **** 					/* The task is currently in its ready list - remove before
1662:Middlewares/Third_Party/FreeRTOS/Source/tasks.c **** 					adding it to it's new ready list.  As we are in a critical
1663:Middlewares/Third_Party/FreeRTOS/Source/tasks.c **** 					section we can do this even if the scheduler is suspended. */
1664:Middlewares/Third_Party/FreeRTOS/Source/tasks.c **** 					if( uxListRemove( &( pxTCB->xStateListItem ) ) == ( UBaseType_t ) 0 )
1665:Middlewares/Third_Party/FreeRTOS/Source/tasks.c **** 					{
1666:Middlewares/Third_Party/FreeRTOS/Source/tasks.c **** 						/* It is known that the task is in its ready list so
1667:Middlewares/Third_Party/FreeRTOS/Source/tasks.c **** 						there is no need to check again and the port level
1668:Middlewares/Third_Party/FreeRTOS/Source/tasks.c **** 						reset macro can be called directly. */
1669:Middlewares/Third_Party/FreeRTOS/Source/tasks.c **** 						portRESET_READY_PRIORITY( uxPriorityUsedOnEntry, uxTopReadyPriority );
1670:Middlewares/Third_Party/FreeRTOS/Source/tasks.c **** 					}
1671:Middlewares/Third_Party/FreeRTOS/Source/tasks.c **** 					else
1672:Middlewares/Third_Party/FreeRTOS/Source/tasks.c **** 					{
1673:Middlewares/Third_Party/FreeRTOS/Source/tasks.c **** 						mtCOVERAGE_TEST_MARKER();
1674:Middlewares/Third_Party/FreeRTOS/Source/tasks.c **** 					}
1675:Middlewares/Third_Party/FreeRTOS/Source/tasks.c **** 					prvAddTaskToReadyList( pxTCB );
1676:Middlewares/Third_Party/FreeRTOS/Source/tasks.c **** 				}
1677:Middlewares/Third_Party/FreeRTOS/Source/tasks.c **** 				else
1678:Middlewares/Third_Party/FreeRTOS/Source/tasks.c **** 				{
1679:Middlewares/Third_Party/FreeRTOS/Source/tasks.c **** 					mtCOVERAGE_TEST_MARKER();
1680:Middlewares/Third_Party/FreeRTOS/Source/tasks.c **** 				}
1681:Middlewares/Third_Party/FreeRTOS/Source/tasks.c **** 
1682:Middlewares/Third_Party/FreeRTOS/Source/tasks.c **** 				if( xYieldRequired != pdFALSE )
1683:Middlewares/Third_Party/FreeRTOS/Source/tasks.c **** 				{
1684:Middlewares/Third_Party/FreeRTOS/Source/tasks.c **** 					taskYIELD_IF_USING_PREEMPTION();
ARM GAS  C:\Users\jason\AppData\Local\Temp\ccaXxPCU.s 			page 31


1685:Middlewares/Third_Party/FreeRTOS/Source/tasks.c **** 				}
1686:Middlewares/Third_Party/FreeRTOS/Source/tasks.c **** 				else
1687:Middlewares/Third_Party/FreeRTOS/Source/tasks.c **** 				{
1688:Middlewares/Third_Party/FreeRTOS/Source/tasks.c **** 					mtCOVERAGE_TEST_MARKER();
1689:Middlewares/Third_Party/FreeRTOS/Source/tasks.c **** 				}
1690:Middlewares/Third_Party/FreeRTOS/Source/tasks.c **** 
1691:Middlewares/Third_Party/FreeRTOS/Source/tasks.c **** 				/* Remove compiler warning about unused variables when the port
1692:Middlewares/Third_Party/FreeRTOS/Source/tasks.c **** 				optimised task selection is not being used. */
1693:Middlewares/Third_Party/FreeRTOS/Source/tasks.c **** 				( void ) uxPriorityUsedOnEntry;
1694:Middlewares/Third_Party/FreeRTOS/Source/tasks.c **** 			}
1695:Middlewares/Third_Party/FreeRTOS/Source/tasks.c **** 		}
1696:Middlewares/Third_Party/FreeRTOS/Source/tasks.c **** 		taskEXIT_CRITICAL();
1697:Middlewares/Third_Party/FreeRTOS/Source/tasks.c **** 	}
1698:Middlewares/Third_Party/FreeRTOS/Source/tasks.c **** 
1699:Middlewares/Third_Party/FreeRTOS/Source/tasks.c **** #endif /* INCLUDE_vTaskPrioritySet */
1700:Middlewares/Third_Party/FreeRTOS/Source/tasks.c **** /*-----------------------------------------------------------*/
1701:Middlewares/Third_Party/FreeRTOS/Source/tasks.c **** 
1702:Middlewares/Third_Party/FreeRTOS/Source/tasks.c **** #if ( INCLUDE_vTaskSuspend == 1 )
1703:Middlewares/Third_Party/FreeRTOS/Source/tasks.c **** 
1704:Middlewares/Third_Party/FreeRTOS/Source/tasks.c **** 	void vTaskSuspend( TaskHandle_t xTaskToSuspend )
1705:Middlewares/Third_Party/FreeRTOS/Source/tasks.c **** 	{
1706:Middlewares/Third_Party/FreeRTOS/Source/tasks.c **** 	TCB_t *pxTCB;
1707:Middlewares/Third_Party/FreeRTOS/Source/tasks.c **** 
1708:Middlewares/Third_Party/FreeRTOS/Source/tasks.c **** 		taskENTER_CRITICAL();
1709:Middlewares/Third_Party/FreeRTOS/Source/tasks.c **** 		{
1710:Middlewares/Third_Party/FreeRTOS/Source/tasks.c **** 			/* If null is passed in here then it is the running task that is
1711:Middlewares/Third_Party/FreeRTOS/Source/tasks.c **** 			being suspended. */
1712:Middlewares/Third_Party/FreeRTOS/Source/tasks.c **** 			pxTCB = prvGetTCBFromHandle( xTaskToSuspend );
1713:Middlewares/Third_Party/FreeRTOS/Source/tasks.c **** 
1714:Middlewares/Third_Party/FreeRTOS/Source/tasks.c **** 			traceTASK_SUSPEND( pxTCB );
1715:Middlewares/Third_Party/FreeRTOS/Source/tasks.c **** 
1716:Middlewares/Third_Party/FreeRTOS/Source/tasks.c **** 			/* Remove task from the ready/delayed list and place in the
1717:Middlewares/Third_Party/FreeRTOS/Source/tasks.c **** 			suspended list. */
1718:Middlewares/Third_Party/FreeRTOS/Source/tasks.c **** 			if( uxListRemove( &( pxTCB->xStateListItem ) ) == ( UBaseType_t ) 0 )
1719:Middlewares/Third_Party/FreeRTOS/Source/tasks.c **** 			{
1720:Middlewares/Third_Party/FreeRTOS/Source/tasks.c **** 				taskRESET_READY_PRIORITY( pxTCB->uxPriority );
1721:Middlewares/Third_Party/FreeRTOS/Source/tasks.c **** 			}
1722:Middlewares/Third_Party/FreeRTOS/Source/tasks.c **** 			else
1723:Middlewares/Third_Party/FreeRTOS/Source/tasks.c **** 			{
1724:Middlewares/Third_Party/FreeRTOS/Source/tasks.c **** 				mtCOVERAGE_TEST_MARKER();
1725:Middlewares/Third_Party/FreeRTOS/Source/tasks.c **** 			}
1726:Middlewares/Third_Party/FreeRTOS/Source/tasks.c **** 
1727:Middlewares/Third_Party/FreeRTOS/Source/tasks.c **** 			/* Is the task waiting on an event also? */
1728:Middlewares/Third_Party/FreeRTOS/Source/tasks.c **** 			if( listLIST_ITEM_CONTAINER( &( pxTCB->xEventListItem ) ) != NULL )
1729:Middlewares/Third_Party/FreeRTOS/Source/tasks.c **** 			{
1730:Middlewares/Third_Party/FreeRTOS/Source/tasks.c **** 				( void ) uxListRemove( &( pxTCB->xEventListItem ) );
1731:Middlewares/Third_Party/FreeRTOS/Source/tasks.c **** 			}
1732:Middlewares/Third_Party/FreeRTOS/Source/tasks.c **** 			else
1733:Middlewares/Third_Party/FreeRTOS/Source/tasks.c **** 			{
1734:Middlewares/Third_Party/FreeRTOS/Source/tasks.c **** 				mtCOVERAGE_TEST_MARKER();
1735:Middlewares/Third_Party/FreeRTOS/Source/tasks.c **** 			}
1736:Middlewares/Third_Party/FreeRTOS/Source/tasks.c **** 
1737:Middlewares/Third_Party/FreeRTOS/Source/tasks.c **** 			vListInsertEnd( &xSuspendedTaskList, &( pxTCB->xStateListItem ) );
1738:Middlewares/Third_Party/FreeRTOS/Source/tasks.c **** 
1739:Middlewares/Third_Party/FreeRTOS/Source/tasks.c **** 			#if( configUSE_TASK_NOTIFICATIONS == 1 )
1740:Middlewares/Third_Party/FreeRTOS/Source/tasks.c **** 			{
1741:Middlewares/Third_Party/FreeRTOS/Source/tasks.c **** 				if( pxTCB->ucNotifyState == taskWAITING_NOTIFICATION )
ARM GAS  C:\Users\jason\AppData\Local\Temp\ccaXxPCU.s 			page 32


1742:Middlewares/Third_Party/FreeRTOS/Source/tasks.c **** 				{
1743:Middlewares/Third_Party/FreeRTOS/Source/tasks.c **** 					/* The task was blocked to wait for a notification, but is
1744:Middlewares/Third_Party/FreeRTOS/Source/tasks.c **** 					now suspended, so no notification was received. */
1745:Middlewares/Third_Party/FreeRTOS/Source/tasks.c **** 					pxTCB->ucNotifyState = taskNOT_WAITING_NOTIFICATION;
1746:Middlewares/Third_Party/FreeRTOS/Source/tasks.c **** 				}
1747:Middlewares/Third_Party/FreeRTOS/Source/tasks.c **** 			}
1748:Middlewares/Third_Party/FreeRTOS/Source/tasks.c **** 			#endif
1749:Middlewares/Third_Party/FreeRTOS/Source/tasks.c **** 		}
1750:Middlewares/Third_Party/FreeRTOS/Source/tasks.c **** 		taskEXIT_CRITICAL();
1751:Middlewares/Third_Party/FreeRTOS/Source/tasks.c **** 
1752:Middlewares/Third_Party/FreeRTOS/Source/tasks.c **** 		if( xSchedulerRunning != pdFALSE )
1753:Middlewares/Third_Party/FreeRTOS/Source/tasks.c **** 		{
1754:Middlewares/Third_Party/FreeRTOS/Source/tasks.c **** 			/* Reset the next expected unblock time in case it referred to the
1755:Middlewares/Third_Party/FreeRTOS/Source/tasks.c **** 			task that is now in the Suspended state. */
1756:Middlewares/Third_Party/FreeRTOS/Source/tasks.c **** 			taskENTER_CRITICAL();
1757:Middlewares/Third_Party/FreeRTOS/Source/tasks.c **** 			{
1758:Middlewares/Third_Party/FreeRTOS/Source/tasks.c **** 				prvResetNextTaskUnblockTime();
1759:Middlewares/Third_Party/FreeRTOS/Source/tasks.c **** 			}
1760:Middlewares/Third_Party/FreeRTOS/Source/tasks.c **** 			taskEXIT_CRITICAL();
1761:Middlewares/Third_Party/FreeRTOS/Source/tasks.c **** 		}
1762:Middlewares/Third_Party/FreeRTOS/Source/tasks.c **** 		else
1763:Middlewares/Third_Party/FreeRTOS/Source/tasks.c **** 		{
1764:Middlewares/Third_Party/FreeRTOS/Source/tasks.c **** 			mtCOVERAGE_TEST_MARKER();
1765:Middlewares/Third_Party/FreeRTOS/Source/tasks.c **** 		}
1766:Middlewares/Third_Party/FreeRTOS/Source/tasks.c **** 
1767:Middlewares/Third_Party/FreeRTOS/Source/tasks.c **** 		if( pxTCB == pxCurrentTCB )
1768:Middlewares/Third_Party/FreeRTOS/Source/tasks.c **** 		{
1769:Middlewares/Third_Party/FreeRTOS/Source/tasks.c **** 			if( xSchedulerRunning != pdFALSE )
1770:Middlewares/Third_Party/FreeRTOS/Source/tasks.c **** 			{
1771:Middlewares/Third_Party/FreeRTOS/Source/tasks.c **** 				/* The current task has just been suspended. */
1772:Middlewares/Third_Party/FreeRTOS/Source/tasks.c **** 				configASSERT( uxSchedulerSuspended == 0 );
1773:Middlewares/Third_Party/FreeRTOS/Source/tasks.c **** 				portYIELD_WITHIN_API();
1774:Middlewares/Third_Party/FreeRTOS/Source/tasks.c **** 			}
1775:Middlewares/Third_Party/FreeRTOS/Source/tasks.c **** 			else
1776:Middlewares/Third_Party/FreeRTOS/Source/tasks.c **** 			{
1777:Middlewares/Third_Party/FreeRTOS/Source/tasks.c **** 				/* The scheduler is not running, but the task that was pointed
1778:Middlewares/Third_Party/FreeRTOS/Source/tasks.c **** 				to by pxCurrentTCB has just been suspended and pxCurrentTCB
1779:Middlewares/Third_Party/FreeRTOS/Source/tasks.c **** 				must be adjusted to point to a different task. */
1780:Middlewares/Third_Party/FreeRTOS/Source/tasks.c **** 				if( listCURRENT_LIST_LENGTH( &xSuspendedTaskList ) == uxCurrentNumberOfTasks ) /*lint !e931 Rig
1781:Middlewares/Third_Party/FreeRTOS/Source/tasks.c **** 				{
1782:Middlewares/Third_Party/FreeRTOS/Source/tasks.c **** 					/* No other tasks are ready, so set pxCurrentTCB back to
1783:Middlewares/Third_Party/FreeRTOS/Source/tasks.c **** 					NULL so when the next task is created pxCurrentTCB will
1784:Middlewares/Third_Party/FreeRTOS/Source/tasks.c **** 					be set to point to it no matter what its relative priority
1785:Middlewares/Third_Party/FreeRTOS/Source/tasks.c **** 					is. */
1786:Middlewares/Third_Party/FreeRTOS/Source/tasks.c **** 					pxCurrentTCB = NULL;
1787:Middlewares/Third_Party/FreeRTOS/Source/tasks.c **** 				}
1788:Middlewares/Third_Party/FreeRTOS/Source/tasks.c **** 				else
1789:Middlewares/Third_Party/FreeRTOS/Source/tasks.c **** 				{
1790:Middlewares/Third_Party/FreeRTOS/Source/tasks.c **** 					vTaskSwitchContext();
1791:Middlewares/Third_Party/FreeRTOS/Source/tasks.c **** 				}
1792:Middlewares/Third_Party/FreeRTOS/Source/tasks.c **** 			}
1793:Middlewares/Third_Party/FreeRTOS/Source/tasks.c **** 		}
1794:Middlewares/Third_Party/FreeRTOS/Source/tasks.c **** 		else
1795:Middlewares/Third_Party/FreeRTOS/Source/tasks.c **** 		{
1796:Middlewares/Third_Party/FreeRTOS/Source/tasks.c **** 			mtCOVERAGE_TEST_MARKER();
1797:Middlewares/Third_Party/FreeRTOS/Source/tasks.c **** 		}
1798:Middlewares/Third_Party/FreeRTOS/Source/tasks.c **** 	}
ARM GAS  C:\Users\jason\AppData\Local\Temp\ccaXxPCU.s 			page 33


1799:Middlewares/Third_Party/FreeRTOS/Source/tasks.c **** 
1800:Middlewares/Third_Party/FreeRTOS/Source/tasks.c **** #endif /* INCLUDE_vTaskSuspend */
1801:Middlewares/Third_Party/FreeRTOS/Source/tasks.c **** /*-----------------------------------------------------------*/
1802:Middlewares/Third_Party/FreeRTOS/Source/tasks.c **** 
1803:Middlewares/Third_Party/FreeRTOS/Source/tasks.c **** #if ( INCLUDE_vTaskSuspend == 1 )
1804:Middlewares/Third_Party/FreeRTOS/Source/tasks.c **** 
1805:Middlewares/Third_Party/FreeRTOS/Source/tasks.c **** 	static BaseType_t prvTaskIsTaskSuspended( const TaskHandle_t xTask )
1806:Middlewares/Third_Party/FreeRTOS/Source/tasks.c **** 	{
  28              		.loc 1 1806 2 view -0
  29              		.cfi_startproc
  30              		@ args = 0, pretend = 0, frame = 0
  31              		@ frame_needed = 0, uses_anonymous_args = 0
  32              		@ link register save eliminated.
1807:Middlewares/Third_Party/FreeRTOS/Source/tasks.c **** 	BaseType_t xReturn = pdFALSE;
  33              		.loc 1 1807 2 view .LVU1
1808:Middlewares/Third_Party/FreeRTOS/Source/tasks.c **** 	const TCB_t * const pxTCB = xTask;
  34              		.loc 1 1808 2 view .LVU2
1809:Middlewares/Third_Party/FreeRTOS/Source/tasks.c **** 
1810:Middlewares/Third_Party/FreeRTOS/Source/tasks.c **** 		/* Accesses xPendingReadyList so must be called from a critical
1811:Middlewares/Third_Party/FreeRTOS/Source/tasks.c **** 		section. */
1812:Middlewares/Third_Party/FreeRTOS/Source/tasks.c **** 
1813:Middlewares/Third_Party/FreeRTOS/Source/tasks.c **** 		/* It does not make sense to check if the calling task is suspended. */
1814:Middlewares/Third_Party/FreeRTOS/Source/tasks.c **** 		configASSERT( xTask );
  35              		.loc 1 1814 3 view .LVU3
  36 0000 28B1     		cbz	r0, .L8
  37              		.loc 1 1814 24 view .LVU4
1815:Middlewares/Third_Party/FreeRTOS/Source/tasks.c **** 
1816:Middlewares/Third_Party/FreeRTOS/Source/tasks.c **** 		/* Is the task being resumed actually in the suspended list? */
1817:Middlewares/Third_Party/FreeRTOS/Source/tasks.c **** 		if( listIS_CONTAINED_WITHIN( &xSuspendedTaskList, &( pxTCB->xStateListItem ) ) != pdFALSE )
  38              		.loc 1 1817 3 view .LVU5
  39              		.loc 1 1817 7 is_stmt 0 view .LVU6
  40 0002 4169     		ldr	r1, [r0, #20]
  41              		.loc 1 1817 5 view .LVU7
  42 0004 0C4A     		ldr	r2, .L10
  43 0006 9142     		cmp	r1, r2
  44 0008 0AD0     		beq	.L9
1807:Middlewares/Third_Party/FreeRTOS/Source/tasks.c **** 	const TCB_t * const pxTCB = xTask;
  45              		.loc 1 1807 13 view .LVU8
  46 000a 0020     		movs	r0, #0
  47              	.LVL1:
1807:Middlewares/Third_Party/FreeRTOS/Source/tasks.c **** 	const TCB_t * const pxTCB = xTask;
  48              		.loc 1 1807 13 view .LVU9
  49 000c 7047     		bx	lr
  50              	.LVL2:
  51              	.L8:
1814:Middlewares/Third_Party/FreeRTOS/Source/tasks.c **** 
  52              		.loc 1 1814 3 is_stmt 1 discriminator 1 view .LVU10
  53              	.LBB120:
  54              	.LBI120:
  55              		.file 2 "Middlewares/Third_Party/FreeRTOS/Source/portable/GCC/ARM_CM4F/portmacro.h"
   1:Middlewares/Third_Party/FreeRTOS/Source/portable/GCC/ARM_CM4F/portmacro.h **** /*
   2:Middlewares/Third_Party/FreeRTOS/Source/portable/GCC/ARM_CM4F/portmacro.h ****  * FreeRTOS Kernel V10.3.1
   3:Middlewares/Third_Party/FreeRTOS/Source/portable/GCC/ARM_CM4F/portmacro.h ****  * Copyright (C) 2020 Amazon.com, Inc. or its affiliates.  All Rights Reserved.
   4:Middlewares/Third_Party/FreeRTOS/Source/portable/GCC/ARM_CM4F/portmacro.h ****  *
   5:Middlewares/Third_Party/FreeRTOS/Source/portable/GCC/ARM_CM4F/portmacro.h ****  * Permission is hereby granted, free of charge, to any person obtaining a copy of
   6:Middlewares/Third_Party/FreeRTOS/Source/portable/GCC/ARM_CM4F/portmacro.h ****  * this software and associated documentation files (the "Software"), to deal in
   7:Middlewares/Third_Party/FreeRTOS/Source/portable/GCC/ARM_CM4F/portmacro.h ****  * the Software without restriction, including without limitation the rights to
ARM GAS  C:\Users\jason\AppData\Local\Temp\ccaXxPCU.s 			page 34


   8:Middlewares/Third_Party/FreeRTOS/Source/portable/GCC/ARM_CM4F/portmacro.h ****  * use, copy, modify, merge, publish, distribute, sublicense, and/or sell copies of
   9:Middlewares/Third_Party/FreeRTOS/Source/portable/GCC/ARM_CM4F/portmacro.h ****  * the Software, and to permit persons to whom the Software is furnished to do so,
  10:Middlewares/Third_Party/FreeRTOS/Source/portable/GCC/ARM_CM4F/portmacro.h ****  * subject to the following conditions:
  11:Middlewares/Third_Party/FreeRTOS/Source/portable/GCC/ARM_CM4F/portmacro.h ****  *
  12:Middlewares/Third_Party/FreeRTOS/Source/portable/GCC/ARM_CM4F/portmacro.h ****  * The above copyright notice and this permission notice shall be included in all
  13:Middlewares/Third_Party/FreeRTOS/Source/portable/GCC/ARM_CM4F/portmacro.h ****  * copies or substantial portions of the Software.
  14:Middlewares/Third_Party/FreeRTOS/Source/portable/GCC/ARM_CM4F/portmacro.h ****  *
  15:Middlewares/Third_Party/FreeRTOS/Source/portable/GCC/ARM_CM4F/portmacro.h ****  * THE SOFTWARE IS PROVIDED "AS IS", WITHOUT WARRANTY OF ANY KIND, EXPRESS OR
  16:Middlewares/Third_Party/FreeRTOS/Source/portable/GCC/ARM_CM4F/portmacro.h ****  * IMPLIED, INCLUDING BUT NOT LIMITED TO THE WARRANTIES OF MERCHANTABILITY, FITNESS
  17:Middlewares/Third_Party/FreeRTOS/Source/portable/GCC/ARM_CM4F/portmacro.h ****  * FOR A PARTICULAR PURPOSE AND NONINFRINGEMENT. IN NO EVENT SHALL THE AUTHORS OR
  18:Middlewares/Third_Party/FreeRTOS/Source/portable/GCC/ARM_CM4F/portmacro.h ****  * COPYRIGHT HOLDERS BE LIABLE FOR ANY CLAIM, DAMAGES OR OTHER LIABILITY, WHETHER
  19:Middlewares/Third_Party/FreeRTOS/Source/portable/GCC/ARM_CM4F/portmacro.h ****  * IN AN ACTION OF CONTRACT, TORT OR OTHERWISE, ARISING FROM, OUT OF OR IN
  20:Middlewares/Third_Party/FreeRTOS/Source/portable/GCC/ARM_CM4F/portmacro.h ****  * CONNECTION WITH THE SOFTWARE OR THE USE OR OTHER DEALINGS IN THE SOFTWARE.
  21:Middlewares/Third_Party/FreeRTOS/Source/portable/GCC/ARM_CM4F/portmacro.h ****  *
  22:Middlewares/Third_Party/FreeRTOS/Source/portable/GCC/ARM_CM4F/portmacro.h ****  * http://www.FreeRTOS.org
  23:Middlewares/Third_Party/FreeRTOS/Source/portable/GCC/ARM_CM4F/portmacro.h ****  * http://aws.amazon.com/freertos
  24:Middlewares/Third_Party/FreeRTOS/Source/portable/GCC/ARM_CM4F/portmacro.h ****  *
  25:Middlewares/Third_Party/FreeRTOS/Source/portable/GCC/ARM_CM4F/portmacro.h ****  * 1 tab == 4 spaces!
  26:Middlewares/Third_Party/FreeRTOS/Source/portable/GCC/ARM_CM4F/portmacro.h ****  */
  27:Middlewares/Third_Party/FreeRTOS/Source/portable/GCC/ARM_CM4F/portmacro.h **** 
  28:Middlewares/Third_Party/FreeRTOS/Source/portable/GCC/ARM_CM4F/portmacro.h **** 
  29:Middlewares/Third_Party/FreeRTOS/Source/portable/GCC/ARM_CM4F/portmacro.h **** #ifndef PORTMACRO_H
  30:Middlewares/Third_Party/FreeRTOS/Source/portable/GCC/ARM_CM4F/portmacro.h **** #define PORTMACRO_H
  31:Middlewares/Third_Party/FreeRTOS/Source/portable/GCC/ARM_CM4F/portmacro.h **** 
  32:Middlewares/Third_Party/FreeRTOS/Source/portable/GCC/ARM_CM4F/portmacro.h **** #ifdef __cplusplus
  33:Middlewares/Third_Party/FreeRTOS/Source/portable/GCC/ARM_CM4F/portmacro.h **** extern "C" {
  34:Middlewares/Third_Party/FreeRTOS/Source/portable/GCC/ARM_CM4F/portmacro.h **** #endif
  35:Middlewares/Third_Party/FreeRTOS/Source/portable/GCC/ARM_CM4F/portmacro.h **** 
  36:Middlewares/Third_Party/FreeRTOS/Source/portable/GCC/ARM_CM4F/portmacro.h **** /*-----------------------------------------------------------
  37:Middlewares/Third_Party/FreeRTOS/Source/portable/GCC/ARM_CM4F/portmacro.h ****  * Port specific definitions.
  38:Middlewares/Third_Party/FreeRTOS/Source/portable/GCC/ARM_CM4F/portmacro.h ****  *
  39:Middlewares/Third_Party/FreeRTOS/Source/portable/GCC/ARM_CM4F/portmacro.h ****  * The settings in this file configure FreeRTOS correctly for the
  40:Middlewares/Third_Party/FreeRTOS/Source/portable/GCC/ARM_CM4F/portmacro.h ****  * given hardware and compiler.
  41:Middlewares/Third_Party/FreeRTOS/Source/portable/GCC/ARM_CM4F/portmacro.h ****  *
  42:Middlewares/Third_Party/FreeRTOS/Source/portable/GCC/ARM_CM4F/portmacro.h ****  * These settings should not be altered.
  43:Middlewares/Third_Party/FreeRTOS/Source/portable/GCC/ARM_CM4F/portmacro.h ****  *-----------------------------------------------------------
  44:Middlewares/Third_Party/FreeRTOS/Source/portable/GCC/ARM_CM4F/portmacro.h ****  */
  45:Middlewares/Third_Party/FreeRTOS/Source/portable/GCC/ARM_CM4F/portmacro.h **** 
  46:Middlewares/Third_Party/FreeRTOS/Source/portable/GCC/ARM_CM4F/portmacro.h **** /* Type definitions. */
  47:Middlewares/Third_Party/FreeRTOS/Source/portable/GCC/ARM_CM4F/portmacro.h **** #define portCHAR		char
  48:Middlewares/Third_Party/FreeRTOS/Source/portable/GCC/ARM_CM4F/portmacro.h **** #define portFLOAT		float
  49:Middlewares/Third_Party/FreeRTOS/Source/portable/GCC/ARM_CM4F/portmacro.h **** #define portDOUBLE		double
  50:Middlewares/Third_Party/FreeRTOS/Source/portable/GCC/ARM_CM4F/portmacro.h **** #define portLONG		long
  51:Middlewares/Third_Party/FreeRTOS/Source/portable/GCC/ARM_CM4F/portmacro.h **** #define portSHORT		short
  52:Middlewares/Third_Party/FreeRTOS/Source/portable/GCC/ARM_CM4F/portmacro.h **** #define portSTACK_TYPE	uint32_t
  53:Middlewares/Third_Party/FreeRTOS/Source/portable/GCC/ARM_CM4F/portmacro.h **** #define portBASE_TYPE	long
  54:Middlewares/Third_Party/FreeRTOS/Source/portable/GCC/ARM_CM4F/portmacro.h **** 
  55:Middlewares/Third_Party/FreeRTOS/Source/portable/GCC/ARM_CM4F/portmacro.h **** typedef portSTACK_TYPE StackType_t;
  56:Middlewares/Third_Party/FreeRTOS/Source/portable/GCC/ARM_CM4F/portmacro.h **** typedef long BaseType_t;
  57:Middlewares/Third_Party/FreeRTOS/Source/portable/GCC/ARM_CM4F/portmacro.h **** typedef unsigned long UBaseType_t;
  58:Middlewares/Third_Party/FreeRTOS/Source/portable/GCC/ARM_CM4F/portmacro.h **** 
  59:Middlewares/Third_Party/FreeRTOS/Source/portable/GCC/ARM_CM4F/portmacro.h **** #if( configUSE_16_BIT_TICKS == 1 )
  60:Middlewares/Third_Party/FreeRTOS/Source/portable/GCC/ARM_CM4F/portmacro.h **** 	typedef uint16_t TickType_t;
  61:Middlewares/Third_Party/FreeRTOS/Source/portable/GCC/ARM_CM4F/portmacro.h **** 	#define portMAX_DELAY ( TickType_t ) 0xffff
  62:Middlewares/Third_Party/FreeRTOS/Source/portable/GCC/ARM_CM4F/portmacro.h **** #else
  63:Middlewares/Third_Party/FreeRTOS/Source/portable/GCC/ARM_CM4F/portmacro.h **** 	typedef uint32_t TickType_t;
  64:Middlewares/Third_Party/FreeRTOS/Source/portable/GCC/ARM_CM4F/portmacro.h **** 	#define portMAX_DELAY ( TickType_t ) 0xffffffffUL
ARM GAS  C:\Users\jason\AppData\Local\Temp\ccaXxPCU.s 			page 35


  65:Middlewares/Third_Party/FreeRTOS/Source/portable/GCC/ARM_CM4F/portmacro.h **** 
  66:Middlewares/Third_Party/FreeRTOS/Source/portable/GCC/ARM_CM4F/portmacro.h **** 	/* 32-bit tick type on a 32-bit architecture, so reads of the tick count do
  67:Middlewares/Third_Party/FreeRTOS/Source/portable/GCC/ARM_CM4F/portmacro.h **** 	not need to be guarded with a critical section. */
  68:Middlewares/Third_Party/FreeRTOS/Source/portable/GCC/ARM_CM4F/portmacro.h **** 	#define portTICK_TYPE_IS_ATOMIC 1
  69:Middlewares/Third_Party/FreeRTOS/Source/portable/GCC/ARM_CM4F/portmacro.h **** #endif
  70:Middlewares/Third_Party/FreeRTOS/Source/portable/GCC/ARM_CM4F/portmacro.h **** /*-----------------------------------------------------------*/
  71:Middlewares/Third_Party/FreeRTOS/Source/portable/GCC/ARM_CM4F/portmacro.h **** 
  72:Middlewares/Third_Party/FreeRTOS/Source/portable/GCC/ARM_CM4F/portmacro.h **** /* Architecture specifics. */
  73:Middlewares/Third_Party/FreeRTOS/Source/portable/GCC/ARM_CM4F/portmacro.h **** #define portSTACK_GROWTH			( -1 )
  74:Middlewares/Third_Party/FreeRTOS/Source/portable/GCC/ARM_CM4F/portmacro.h **** #define portTICK_PERIOD_MS			( ( TickType_t ) 1000 / configTICK_RATE_HZ )
  75:Middlewares/Third_Party/FreeRTOS/Source/portable/GCC/ARM_CM4F/portmacro.h **** #define portBYTE_ALIGNMENT			8
  76:Middlewares/Third_Party/FreeRTOS/Source/portable/GCC/ARM_CM4F/portmacro.h **** /*-----------------------------------------------------------*/
  77:Middlewares/Third_Party/FreeRTOS/Source/portable/GCC/ARM_CM4F/portmacro.h **** 
  78:Middlewares/Third_Party/FreeRTOS/Source/portable/GCC/ARM_CM4F/portmacro.h **** /* Scheduler utilities. */
  79:Middlewares/Third_Party/FreeRTOS/Source/portable/GCC/ARM_CM4F/portmacro.h **** #define portYIELD() 															\
  80:Middlewares/Third_Party/FreeRTOS/Source/portable/GCC/ARM_CM4F/portmacro.h **** {																				\
  81:Middlewares/Third_Party/FreeRTOS/Source/portable/GCC/ARM_CM4F/portmacro.h **** 	/* Set a PendSV to request a context switch. */								\
  82:Middlewares/Third_Party/FreeRTOS/Source/portable/GCC/ARM_CM4F/portmacro.h **** 	portNVIC_INT_CTRL_REG = portNVIC_PENDSVSET_BIT;								\
  83:Middlewares/Third_Party/FreeRTOS/Source/portable/GCC/ARM_CM4F/portmacro.h **** 																				\
  84:Middlewares/Third_Party/FreeRTOS/Source/portable/GCC/ARM_CM4F/portmacro.h **** 	/* Barriers are normally not required but do ensure the code is completely	\
  85:Middlewares/Third_Party/FreeRTOS/Source/portable/GCC/ARM_CM4F/portmacro.h **** 	within the specified behaviour for the architecture. */						\
  86:Middlewares/Third_Party/FreeRTOS/Source/portable/GCC/ARM_CM4F/portmacro.h **** 	__asm volatile( "dsb" ::: "memory" );										\
  87:Middlewares/Third_Party/FreeRTOS/Source/portable/GCC/ARM_CM4F/portmacro.h **** 	__asm volatile( "isb" );													\
  88:Middlewares/Third_Party/FreeRTOS/Source/portable/GCC/ARM_CM4F/portmacro.h **** }
  89:Middlewares/Third_Party/FreeRTOS/Source/portable/GCC/ARM_CM4F/portmacro.h **** 
  90:Middlewares/Third_Party/FreeRTOS/Source/portable/GCC/ARM_CM4F/portmacro.h **** #define portNVIC_INT_CTRL_REG		( * ( ( volatile uint32_t * ) 0xe000ed04 ) )
  91:Middlewares/Third_Party/FreeRTOS/Source/portable/GCC/ARM_CM4F/portmacro.h **** #define portNVIC_PENDSVSET_BIT		( 1UL << 28UL )
  92:Middlewares/Third_Party/FreeRTOS/Source/portable/GCC/ARM_CM4F/portmacro.h **** #define portEND_SWITCHING_ISR( xSwitchRequired ) if( xSwitchRequired != pdFALSE ) portYIELD()
  93:Middlewares/Third_Party/FreeRTOS/Source/portable/GCC/ARM_CM4F/portmacro.h **** #define portYIELD_FROM_ISR( x ) portEND_SWITCHING_ISR( x )
  94:Middlewares/Third_Party/FreeRTOS/Source/portable/GCC/ARM_CM4F/portmacro.h **** /*-----------------------------------------------------------*/
  95:Middlewares/Third_Party/FreeRTOS/Source/portable/GCC/ARM_CM4F/portmacro.h **** 
  96:Middlewares/Third_Party/FreeRTOS/Source/portable/GCC/ARM_CM4F/portmacro.h **** /* Critical section management. */
  97:Middlewares/Third_Party/FreeRTOS/Source/portable/GCC/ARM_CM4F/portmacro.h **** extern void vPortEnterCritical( void );
  98:Middlewares/Third_Party/FreeRTOS/Source/portable/GCC/ARM_CM4F/portmacro.h **** extern void vPortExitCritical( void );
  99:Middlewares/Third_Party/FreeRTOS/Source/portable/GCC/ARM_CM4F/portmacro.h **** #define portSET_INTERRUPT_MASK_FROM_ISR()		ulPortRaiseBASEPRI()
 100:Middlewares/Third_Party/FreeRTOS/Source/portable/GCC/ARM_CM4F/portmacro.h **** #define portCLEAR_INTERRUPT_MASK_FROM_ISR(x)	vPortSetBASEPRI(x)
 101:Middlewares/Third_Party/FreeRTOS/Source/portable/GCC/ARM_CM4F/portmacro.h **** #define portDISABLE_INTERRUPTS()				vPortRaiseBASEPRI()
 102:Middlewares/Third_Party/FreeRTOS/Source/portable/GCC/ARM_CM4F/portmacro.h **** #define portENABLE_INTERRUPTS()					vPortSetBASEPRI(0)
 103:Middlewares/Third_Party/FreeRTOS/Source/portable/GCC/ARM_CM4F/portmacro.h **** #define portENTER_CRITICAL()					vPortEnterCritical()
 104:Middlewares/Third_Party/FreeRTOS/Source/portable/GCC/ARM_CM4F/portmacro.h **** #define portEXIT_CRITICAL()						vPortExitCritical()
 105:Middlewares/Third_Party/FreeRTOS/Source/portable/GCC/ARM_CM4F/portmacro.h **** 
 106:Middlewares/Third_Party/FreeRTOS/Source/portable/GCC/ARM_CM4F/portmacro.h **** /*-----------------------------------------------------------*/
 107:Middlewares/Third_Party/FreeRTOS/Source/portable/GCC/ARM_CM4F/portmacro.h **** 
 108:Middlewares/Third_Party/FreeRTOS/Source/portable/GCC/ARM_CM4F/portmacro.h **** /* Task function macros as described on the FreeRTOS.org WEB site.  These are
 109:Middlewares/Third_Party/FreeRTOS/Source/portable/GCC/ARM_CM4F/portmacro.h **** not necessary for to use this port.  They are defined so the common demo files
 110:Middlewares/Third_Party/FreeRTOS/Source/portable/GCC/ARM_CM4F/portmacro.h **** (which build with all the ports) will build. */
 111:Middlewares/Third_Party/FreeRTOS/Source/portable/GCC/ARM_CM4F/portmacro.h **** #define portTASK_FUNCTION_PROTO( vFunction, pvParameters ) void vFunction( void *pvParameters )
 112:Middlewares/Third_Party/FreeRTOS/Source/portable/GCC/ARM_CM4F/portmacro.h **** #define portTASK_FUNCTION( vFunction, pvParameters ) void vFunction( void *pvParameters )
 113:Middlewares/Third_Party/FreeRTOS/Source/portable/GCC/ARM_CM4F/portmacro.h **** /*-----------------------------------------------------------*/
 114:Middlewares/Third_Party/FreeRTOS/Source/portable/GCC/ARM_CM4F/portmacro.h **** 
 115:Middlewares/Third_Party/FreeRTOS/Source/portable/GCC/ARM_CM4F/portmacro.h **** /* Tickless idle/low power functionality. */
 116:Middlewares/Third_Party/FreeRTOS/Source/portable/GCC/ARM_CM4F/portmacro.h **** #ifndef portSUPPRESS_TICKS_AND_SLEEP
 117:Middlewares/Third_Party/FreeRTOS/Source/portable/GCC/ARM_CM4F/portmacro.h **** 	extern void vPortSuppressTicksAndSleep( TickType_t xExpectedIdleTime );
 118:Middlewares/Third_Party/FreeRTOS/Source/portable/GCC/ARM_CM4F/portmacro.h **** 	#define portSUPPRESS_TICKS_AND_SLEEP( xExpectedIdleTime ) vPortSuppressTicksAndSleep( xExpectedIdl
 119:Middlewares/Third_Party/FreeRTOS/Source/portable/GCC/ARM_CM4F/portmacro.h **** #endif
 120:Middlewares/Third_Party/FreeRTOS/Source/portable/GCC/ARM_CM4F/portmacro.h **** /*-----------------------------------------------------------*/
 121:Middlewares/Third_Party/FreeRTOS/Source/portable/GCC/ARM_CM4F/portmacro.h **** 
ARM GAS  C:\Users\jason\AppData\Local\Temp\ccaXxPCU.s 			page 36


 122:Middlewares/Third_Party/FreeRTOS/Source/portable/GCC/ARM_CM4F/portmacro.h **** /* Architecture specific optimisations. */
 123:Middlewares/Third_Party/FreeRTOS/Source/portable/GCC/ARM_CM4F/portmacro.h **** #ifndef configUSE_PORT_OPTIMISED_TASK_SELECTION
 124:Middlewares/Third_Party/FreeRTOS/Source/portable/GCC/ARM_CM4F/portmacro.h **** 	#define configUSE_PORT_OPTIMISED_TASK_SELECTION 1
 125:Middlewares/Third_Party/FreeRTOS/Source/portable/GCC/ARM_CM4F/portmacro.h **** #endif
 126:Middlewares/Third_Party/FreeRTOS/Source/portable/GCC/ARM_CM4F/portmacro.h **** 
 127:Middlewares/Third_Party/FreeRTOS/Source/portable/GCC/ARM_CM4F/portmacro.h **** #if configUSE_PORT_OPTIMISED_TASK_SELECTION == 1
 128:Middlewares/Third_Party/FreeRTOS/Source/portable/GCC/ARM_CM4F/portmacro.h **** 
 129:Middlewares/Third_Party/FreeRTOS/Source/portable/GCC/ARM_CM4F/portmacro.h **** 	/* Generic helper function. */
 130:Middlewares/Third_Party/FreeRTOS/Source/portable/GCC/ARM_CM4F/portmacro.h **** 	__attribute__( ( always_inline ) ) static inline uint8_t ucPortCountLeadingZeros( uint32_t ulBitma
 131:Middlewares/Third_Party/FreeRTOS/Source/portable/GCC/ARM_CM4F/portmacro.h **** 	{
 132:Middlewares/Third_Party/FreeRTOS/Source/portable/GCC/ARM_CM4F/portmacro.h **** 	uint8_t ucReturn;
 133:Middlewares/Third_Party/FreeRTOS/Source/portable/GCC/ARM_CM4F/portmacro.h **** 
 134:Middlewares/Third_Party/FreeRTOS/Source/portable/GCC/ARM_CM4F/portmacro.h **** 		__asm volatile ( "clz %0, %1" : "=r" ( ucReturn ) : "r" ( ulBitmap ) : "memory" );
 135:Middlewares/Third_Party/FreeRTOS/Source/portable/GCC/ARM_CM4F/portmacro.h **** 		return ucReturn;
 136:Middlewares/Third_Party/FreeRTOS/Source/portable/GCC/ARM_CM4F/portmacro.h **** 	}
 137:Middlewares/Third_Party/FreeRTOS/Source/portable/GCC/ARM_CM4F/portmacro.h **** 
 138:Middlewares/Third_Party/FreeRTOS/Source/portable/GCC/ARM_CM4F/portmacro.h **** 	/* Check the configuration. */
 139:Middlewares/Third_Party/FreeRTOS/Source/portable/GCC/ARM_CM4F/portmacro.h **** 	#if( configMAX_PRIORITIES > 32 )
 140:Middlewares/Third_Party/FreeRTOS/Source/portable/GCC/ARM_CM4F/portmacro.h **** 		#error configUSE_PORT_OPTIMISED_TASK_SELECTION can only be set to 1 when configMAX_PRIORITIES is 
 141:Middlewares/Third_Party/FreeRTOS/Source/portable/GCC/ARM_CM4F/portmacro.h **** 	#endif
 142:Middlewares/Third_Party/FreeRTOS/Source/portable/GCC/ARM_CM4F/portmacro.h **** 
 143:Middlewares/Third_Party/FreeRTOS/Source/portable/GCC/ARM_CM4F/portmacro.h **** 	/* Store/clear the ready priorities in a bit map. */
 144:Middlewares/Third_Party/FreeRTOS/Source/portable/GCC/ARM_CM4F/portmacro.h **** 	#define portRECORD_READY_PRIORITY( uxPriority, uxReadyPriorities ) ( uxReadyPriorities ) |= ( 1UL 
 145:Middlewares/Third_Party/FreeRTOS/Source/portable/GCC/ARM_CM4F/portmacro.h **** 	#define portRESET_READY_PRIORITY( uxPriority, uxReadyPriorities ) ( uxReadyPriorities ) &= ~( 1UL 
 146:Middlewares/Third_Party/FreeRTOS/Source/portable/GCC/ARM_CM4F/portmacro.h **** 
 147:Middlewares/Third_Party/FreeRTOS/Source/portable/GCC/ARM_CM4F/portmacro.h **** 	/*-----------------------------------------------------------*/
 148:Middlewares/Third_Party/FreeRTOS/Source/portable/GCC/ARM_CM4F/portmacro.h **** 
 149:Middlewares/Third_Party/FreeRTOS/Source/portable/GCC/ARM_CM4F/portmacro.h **** 	#define portGET_HIGHEST_PRIORITY( uxTopPriority, uxReadyPriorities ) uxTopPriority = ( 31UL - ( ui
 150:Middlewares/Third_Party/FreeRTOS/Source/portable/GCC/ARM_CM4F/portmacro.h **** 
 151:Middlewares/Third_Party/FreeRTOS/Source/portable/GCC/ARM_CM4F/portmacro.h **** #endif /* configUSE_PORT_OPTIMISED_TASK_SELECTION */
 152:Middlewares/Third_Party/FreeRTOS/Source/portable/GCC/ARM_CM4F/portmacro.h **** 
 153:Middlewares/Third_Party/FreeRTOS/Source/portable/GCC/ARM_CM4F/portmacro.h **** /*-----------------------------------------------------------*/
 154:Middlewares/Third_Party/FreeRTOS/Source/portable/GCC/ARM_CM4F/portmacro.h **** 
 155:Middlewares/Third_Party/FreeRTOS/Source/portable/GCC/ARM_CM4F/portmacro.h **** #ifdef configASSERT
 156:Middlewares/Third_Party/FreeRTOS/Source/portable/GCC/ARM_CM4F/portmacro.h **** 	void vPortValidateInterruptPriority( void );
 157:Middlewares/Third_Party/FreeRTOS/Source/portable/GCC/ARM_CM4F/portmacro.h **** 	#define portASSERT_IF_INTERRUPT_PRIORITY_INVALID() 	vPortValidateInterruptPriority()
 158:Middlewares/Third_Party/FreeRTOS/Source/portable/GCC/ARM_CM4F/portmacro.h **** #endif
 159:Middlewares/Third_Party/FreeRTOS/Source/portable/GCC/ARM_CM4F/portmacro.h **** 
 160:Middlewares/Third_Party/FreeRTOS/Source/portable/GCC/ARM_CM4F/portmacro.h **** /* portNOP() is not required by this port. */
 161:Middlewares/Third_Party/FreeRTOS/Source/portable/GCC/ARM_CM4F/portmacro.h **** #define portNOP()
 162:Middlewares/Third_Party/FreeRTOS/Source/portable/GCC/ARM_CM4F/portmacro.h **** 
 163:Middlewares/Third_Party/FreeRTOS/Source/portable/GCC/ARM_CM4F/portmacro.h **** #define portINLINE	__inline
 164:Middlewares/Third_Party/FreeRTOS/Source/portable/GCC/ARM_CM4F/portmacro.h **** 
 165:Middlewares/Third_Party/FreeRTOS/Source/portable/GCC/ARM_CM4F/portmacro.h **** #ifndef portFORCE_INLINE
 166:Middlewares/Third_Party/FreeRTOS/Source/portable/GCC/ARM_CM4F/portmacro.h **** 	#define portFORCE_INLINE inline __attribute__(( always_inline))
 167:Middlewares/Third_Party/FreeRTOS/Source/portable/GCC/ARM_CM4F/portmacro.h **** #endif
 168:Middlewares/Third_Party/FreeRTOS/Source/portable/GCC/ARM_CM4F/portmacro.h **** 
 169:Middlewares/Third_Party/FreeRTOS/Source/portable/GCC/ARM_CM4F/portmacro.h **** portFORCE_INLINE static BaseType_t xPortIsInsideInterrupt( void )
 170:Middlewares/Third_Party/FreeRTOS/Source/portable/GCC/ARM_CM4F/portmacro.h **** {
 171:Middlewares/Third_Party/FreeRTOS/Source/portable/GCC/ARM_CM4F/portmacro.h **** uint32_t ulCurrentInterrupt;
 172:Middlewares/Third_Party/FreeRTOS/Source/portable/GCC/ARM_CM4F/portmacro.h **** BaseType_t xReturn;
 173:Middlewares/Third_Party/FreeRTOS/Source/portable/GCC/ARM_CM4F/portmacro.h **** 
 174:Middlewares/Third_Party/FreeRTOS/Source/portable/GCC/ARM_CM4F/portmacro.h **** 	/* Obtain the number of the currently executing interrupt. */
 175:Middlewares/Third_Party/FreeRTOS/Source/portable/GCC/ARM_CM4F/portmacro.h **** 	__asm volatile( "mrs %0, ipsr" : "=r"( ulCurrentInterrupt ) :: "memory" );
 176:Middlewares/Third_Party/FreeRTOS/Source/portable/GCC/ARM_CM4F/portmacro.h **** 
 177:Middlewares/Third_Party/FreeRTOS/Source/portable/GCC/ARM_CM4F/portmacro.h **** 	if( ulCurrentInterrupt == 0 )
 178:Middlewares/Third_Party/FreeRTOS/Source/portable/GCC/ARM_CM4F/portmacro.h **** 	{
ARM GAS  C:\Users\jason\AppData\Local\Temp\ccaXxPCU.s 			page 37


 179:Middlewares/Third_Party/FreeRTOS/Source/portable/GCC/ARM_CM4F/portmacro.h **** 		xReturn = pdFALSE;
 180:Middlewares/Third_Party/FreeRTOS/Source/portable/GCC/ARM_CM4F/portmacro.h **** 	}
 181:Middlewares/Third_Party/FreeRTOS/Source/portable/GCC/ARM_CM4F/portmacro.h **** 	else
 182:Middlewares/Third_Party/FreeRTOS/Source/portable/GCC/ARM_CM4F/portmacro.h **** 	{
 183:Middlewares/Third_Party/FreeRTOS/Source/portable/GCC/ARM_CM4F/portmacro.h **** 		xReturn = pdTRUE;
 184:Middlewares/Third_Party/FreeRTOS/Source/portable/GCC/ARM_CM4F/portmacro.h **** 	}
 185:Middlewares/Third_Party/FreeRTOS/Source/portable/GCC/ARM_CM4F/portmacro.h **** 
 186:Middlewares/Third_Party/FreeRTOS/Source/portable/GCC/ARM_CM4F/portmacro.h **** 	return xReturn;
 187:Middlewares/Third_Party/FreeRTOS/Source/portable/GCC/ARM_CM4F/portmacro.h **** }
 188:Middlewares/Third_Party/FreeRTOS/Source/portable/GCC/ARM_CM4F/portmacro.h **** 
 189:Middlewares/Third_Party/FreeRTOS/Source/portable/GCC/ARM_CM4F/portmacro.h **** /*-----------------------------------------------------------*/
 190:Middlewares/Third_Party/FreeRTOS/Source/portable/GCC/ARM_CM4F/portmacro.h **** 
 191:Middlewares/Third_Party/FreeRTOS/Source/portable/GCC/ARM_CM4F/portmacro.h **** portFORCE_INLINE static void vPortRaiseBASEPRI( void )
  56              		.loc 2 191 30 view .LVU11
  57              	.LBB121:
 192:Middlewares/Third_Party/FreeRTOS/Source/portable/GCC/ARM_CM4F/portmacro.h **** {
 193:Middlewares/Third_Party/FreeRTOS/Source/portable/GCC/ARM_CM4F/portmacro.h **** uint32_t ulNewBASEPRI;
  58              		.loc 2 193 1 view .LVU12
 194:Middlewares/Third_Party/FreeRTOS/Source/portable/GCC/ARM_CM4F/portmacro.h **** 
 195:Middlewares/Third_Party/FreeRTOS/Source/portable/GCC/ARM_CM4F/portmacro.h **** 	__asm volatile
  59              		.loc 2 195 2 view .LVU13
  60              		.syntax unified
  61              	@ 195 "Middlewares/Third_Party/FreeRTOS/Source/portable/GCC/ARM_CM4F/portmacro.h" 1
  62 000e 4FF05003 			mov r3, #80												
  63 0012 83F31188 		msr basepri, r3											
  64 0016 BFF36F8F 		isb														
  65 001a BFF34F8F 		dsb														
  66              	
  67              	@ 0 "" 2
  68              		.thumb
  69              		.syntax unified
  70              	.L3:
  71              	.LBE121:
  72              	.LBE120:
1814:Middlewares/Third_Party/FreeRTOS/Source/tasks.c **** 
  73              		.loc 1 1814 3 view .LVU14
  74 001e FEE7     		b	.L3
  75              	.L9:
1818:Middlewares/Third_Party/FreeRTOS/Source/tasks.c **** 		{
1819:Middlewares/Third_Party/FreeRTOS/Source/tasks.c **** 			/* Has the task already been resumed from within an ISR? */
1820:Middlewares/Third_Party/FreeRTOS/Source/tasks.c **** 			if( listIS_CONTAINED_WITHIN( &xPendingReadyList, &( pxTCB->xEventListItem ) ) == pdFALSE )
  76              		.loc 1 1820 4 view .LVU15
  77              		.loc 1 1820 8 is_stmt 0 view .LVU16
  78 0020 836A     		ldr	r3, [r0, #40]
  79              		.loc 1 1820 6 view .LVU17
  80 0022 064A     		ldr	r2, .L10+4
  81 0024 9342     		cmp	r3, r2
  82 0026 02D0     		beq	.L6
1821:Middlewares/Third_Party/FreeRTOS/Source/tasks.c **** 			{
1822:Middlewares/Third_Party/FreeRTOS/Source/tasks.c **** 				/* Is it in the suspended list because it is in the	Suspended
1823:Middlewares/Third_Party/FreeRTOS/Source/tasks.c **** 				state, or because is is blocked with no timeout? */
1824:Middlewares/Third_Party/FreeRTOS/Source/tasks.c **** 				if( listIS_CONTAINED_WITHIN( NULL, &( pxTCB->xEventListItem ) ) != pdFALSE ) /*lint !e961.  The
  83              		.loc 1 1824 5 is_stmt 1 view .LVU18
  84              		.loc 1 1824 7 is_stmt 0 view .LVU19
  85 0028 1BB1     		cbz	r3, .L7
1807:Middlewares/Third_Party/FreeRTOS/Source/tasks.c **** 	const TCB_t * const pxTCB = xTask;
  86              		.loc 1 1807 13 view .LVU20
ARM GAS  C:\Users\jason\AppData\Local\Temp\ccaXxPCU.s 			page 38


  87 002a 0020     		movs	r0, #0
  88              	.LVL3:
1807:Middlewares/Third_Party/FreeRTOS/Source/tasks.c **** 	const TCB_t * const pxTCB = xTask;
  89              		.loc 1 1807 13 view .LVU21
  90 002c 7047     		bx	lr
  91              	.LVL4:
  92              	.L6:
1807:Middlewares/Third_Party/FreeRTOS/Source/tasks.c **** 	const TCB_t * const pxTCB = xTask;
  93              		.loc 1 1807 13 view .LVU22
  94 002e 0020     		movs	r0, #0
  95              	.LVL5:
1807:Middlewares/Third_Party/FreeRTOS/Source/tasks.c **** 	const TCB_t * const pxTCB = xTask;
  96              		.loc 1 1807 13 view .LVU23
  97 0030 7047     		bx	lr
  98              	.LVL6:
  99              	.L7:
1825:Middlewares/Third_Party/FreeRTOS/Source/tasks.c **** 				{
1826:Middlewares/Third_Party/FreeRTOS/Source/tasks.c **** 					xReturn = pdTRUE;
 100              		.loc 1 1826 14 view .LVU24
 101 0032 0120     		movs	r0, #1
 102              	.LVL7:
1827:Middlewares/Third_Party/FreeRTOS/Source/tasks.c **** 				}
1828:Middlewares/Third_Party/FreeRTOS/Source/tasks.c **** 				else
1829:Middlewares/Third_Party/FreeRTOS/Source/tasks.c **** 				{
1830:Middlewares/Third_Party/FreeRTOS/Source/tasks.c **** 					mtCOVERAGE_TEST_MARKER();
1831:Middlewares/Third_Party/FreeRTOS/Source/tasks.c **** 				}
1832:Middlewares/Third_Party/FreeRTOS/Source/tasks.c **** 			}
1833:Middlewares/Third_Party/FreeRTOS/Source/tasks.c **** 			else
1834:Middlewares/Third_Party/FreeRTOS/Source/tasks.c **** 			{
1835:Middlewares/Third_Party/FreeRTOS/Source/tasks.c **** 				mtCOVERAGE_TEST_MARKER();
1836:Middlewares/Third_Party/FreeRTOS/Source/tasks.c **** 			}
1837:Middlewares/Third_Party/FreeRTOS/Source/tasks.c **** 		}
1838:Middlewares/Third_Party/FreeRTOS/Source/tasks.c **** 		else
1839:Middlewares/Third_Party/FreeRTOS/Source/tasks.c **** 		{
1840:Middlewares/Third_Party/FreeRTOS/Source/tasks.c **** 			mtCOVERAGE_TEST_MARKER();
 103              		.loc 1 1840 28 is_stmt 1 view .LVU25
1841:Middlewares/Third_Party/FreeRTOS/Source/tasks.c **** 		}
1842:Middlewares/Third_Party/FreeRTOS/Source/tasks.c **** 
1843:Middlewares/Third_Party/FreeRTOS/Source/tasks.c **** 		return xReturn;
 104              		.loc 1 1843 3 view .LVU26
1844:Middlewares/Third_Party/FreeRTOS/Source/tasks.c **** 	} /*lint !e818 xTask cannot be a pointer to const because it is a typedef. */
 105              		.loc 1 1844 2 is_stmt 0 view .LVU27
 106 0034 7047     		bx	lr
 107              	.L11:
 108 0036 00BF     		.align	2
 109              	.L10:
 110 0038 00000000 		.word	xSuspendedTaskList
 111 003c 00000000 		.word	xPendingReadyList
 112              		.cfi_endproc
 113              	.LFE16:
 115              		.section	.text.prvTaskCheckFreeStackSpace,"ax",%progbits
 116              		.align	1
 117              		.syntax unified
 118              		.thumb
 119              		.thumb_func
 121              	prvTaskCheckFreeStackSpace:
 122              	.LVL8:
ARM GAS  C:\Users\jason\AppData\Local\Temp\ccaXxPCU.s 			page 39


 123              	.LFB47:
1845:Middlewares/Third_Party/FreeRTOS/Source/tasks.c **** 
1846:Middlewares/Third_Party/FreeRTOS/Source/tasks.c **** #endif /* INCLUDE_vTaskSuspend */
1847:Middlewares/Third_Party/FreeRTOS/Source/tasks.c **** /*-----------------------------------------------------------*/
1848:Middlewares/Third_Party/FreeRTOS/Source/tasks.c **** 
1849:Middlewares/Third_Party/FreeRTOS/Source/tasks.c **** #if ( INCLUDE_vTaskSuspend == 1 )
1850:Middlewares/Third_Party/FreeRTOS/Source/tasks.c **** 
1851:Middlewares/Third_Party/FreeRTOS/Source/tasks.c **** 	void vTaskResume( TaskHandle_t xTaskToResume )
1852:Middlewares/Third_Party/FreeRTOS/Source/tasks.c **** 	{
1853:Middlewares/Third_Party/FreeRTOS/Source/tasks.c **** 	TCB_t * const pxTCB = xTaskToResume;
1854:Middlewares/Third_Party/FreeRTOS/Source/tasks.c **** 
1855:Middlewares/Third_Party/FreeRTOS/Source/tasks.c **** 		/* It does not make sense to resume the calling task. */
1856:Middlewares/Third_Party/FreeRTOS/Source/tasks.c **** 		configASSERT( xTaskToResume );
1857:Middlewares/Third_Party/FreeRTOS/Source/tasks.c **** 
1858:Middlewares/Third_Party/FreeRTOS/Source/tasks.c **** 		/* The parameter cannot be NULL as it is impossible to resume the
1859:Middlewares/Third_Party/FreeRTOS/Source/tasks.c **** 		currently executing task. */
1860:Middlewares/Third_Party/FreeRTOS/Source/tasks.c **** 		if( ( pxTCB != pxCurrentTCB ) && ( pxTCB != NULL ) )
1861:Middlewares/Third_Party/FreeRTOS/Source/tasks.c **** 		{
1862:Middlewares/Third_Party/FreeRTOS/Source/tasks.c **** 			taskENTER_CRITICAL();
1863:Middlewares/Third_Party/FreeRTOS/Source/tasks.c **** 			{
1864:Middlewares/Third_Party/FreeRTOS/Source/tasks.c **** 				if( prvTaskIsTaskSuspended( pxTCB ) != pdFALSE )
1865:Middlewares/Third_Party/FreeRTOS/Source/tasks.c **** 				{
1866:Middlewares/Third_Party/FreeRTOS/Source/tasks.c **** 					traceTASK_RESUME( pxTCB );
1867:Middlewares/Third_Party/FreeRTOS/Source/tasks.c **** 
1868:Middlewares/Third_Party/FreeRTOS/Source/tasks.c **** 					/* The ready list can be accessed even if the scheduler is
1869:Middlewares/Third_Party/FreeRTOS/Source/tasks.c **** 					suspended because this is inside a critical section. */
1870:Middlewares/Third_Party/FreeRTOS/Source/tasks.c **** 					( void ) uxListRemove(  &( pxTCB->xStateListItem ) );
1871:Middlewares/Third_Party/FreeRTOS/Source/tasks.c **** 					prvAddTaskToReadyList( pxTCB );
1872:Middlewares/Third_Party/FreeRTOS/Source/tasks.c **** 
1873:Middlewares/Third_Party/FreeRTOS/Source/tasks.c **** 					/* A higher priority task may have just been resumed. */
1874:Middlewares/Third_Party/FreeRTOS/Source/tasks.c **** 					if( pxTCB->uxPriority >= pxCurrentTCB->uxPriority )
1875:Middlewares/Third_Party/FreeRTOS/Source/tasks.c **** 					{
1876:Middlewares/Third_Party/FreeRTOS/Source/tasks.c **** 						/* This yield may not cause the task just resumed to run,
1877:Middlewares/Third_Party/FreeRTOS/Source/tasks.c **** 						but will leave the lists in the correct state for the
1878:Middlewares/Third_Party/FreeRTOS/Source/tasks.c **** 						next yield. */
1879:Middlewares/Third_Party/FreeRTOS/Source/tasks.c **** 						taskYIELD_IF_USING_PREEMPTION();
1880:Middlewares/Third_Party/FreeRTOS/Source/tasks.c **** 					}
1881:Middlewares/Third_Party/FreeRTOS/Source/tasks.c **** 					else
1882:Middlewares/Third_Party/FreeRTOS/Source/tasks.c **** 					{
1883:Middlewares/Third_Party/FreeRTOS/Source/tasks.c **** 						mtCOVERAGE_TEST_MARKER();
1884:Middlewares/Third_Party/FreeRTOS/Source/tasks.c **** 					}
1885:Middlewares/Third_Party/FreeRTOS/Source/tasks.c **** 				}
1886:Middlewares/Third_Party/FreeRTOS/Source/tasks.c **** 				else
1887:Middlewares/Third_Party/FreeRTOS/Source/tasks.c **** 				{
1888:Middlewares/Third_Party/FreeRTOS/Source/tasks.c **** 					mtCOVERAGE_TEST_MARKER();
1889:Middlewares/Third_Party/FreeRTOS/Source/tasks.c **** 				}
1890:Middlewares/Third_Party/FreeRTOS/Source/tasks.c **** 			}
1891:Middlewares/Third_Party/FreeRTOS/Source/tasks.c **** 			taskEXIT_CRITICAL();
1892:Middlewares/Third_Party/FreeRTOS/Source/tasks.c **** 		}
1893:Middlewares/Third_Party/FreeRTOS/Source/tasks.c **** 		else
1894:Middlewares/Third_Party/FreeRTOS/Source/tasks.c **** 		{
1895:Middlewares/Third_Party/FreeRTOS/Source/tasks.c **** 			mtCOVERAGE_TEST_MARKER();
1896:Middlewares/Third_Party/FreeRTOS/Source/tasks.c **** 		}
1897:Middlewares/Third_Party/FreeRTOS/Source/tasks.c **** 	}
1898:Middlewares/Third_Party/FreeRTOS/Source/tasks.c **** 
1899:Middlewares/Third_Party/FreeRTOS/Source/tasks.c **** #endif /* INCLUDE_vTaskSuspend */
1900:Middlewares/Third_Party/FreeRTOS/Source/tasks.c **** 
ARM GAS  C:\Users\jason\AppData\Local\Temp\ccaXxPCU.s 			page 40


1901:Middlewares/Third_Party/FreeRTOS/Source/tasks.c **** /*-----------------------------------------------------------*/
1902:Middlewares/Third_Party/FreeRTOS/Source/tasks.c **** 
1903:Middlewares/Third_Party/FreeRTOS/Source/tasks.c **** #if ( ( INCLUDE_xTaskResumeFromISR == 1 ) && ( INCLUDE_vTaskSuspend == 1 ) )
1904:Middlewares/Third_Party/FreeRTOS/Source/tasks.c **** 
1905:Middlewares/Third_Party/FreeRTOS/Source/tasks.c **** 	BaseType_t xTaskResumeFromISR( TaskHandle_t xTaskToResume )
1906:Middlewares/Third_Party/FreeRTOS/Source/tasks.c **** 	{
1907:Middlewares/Third_Party/FreeRTOS/Source/tasks.c **** 	BaseType_t xYieldRequired = pdFALSE;
1908:Middlewares/Third_Party/FreeRTOS/Source/tasks.c **** 	TCB_t * const pxTCB = xTaskToResume;
1909:Middlewares/Third_Party/FreeRTOS/Source/tasks.c **** 	UBaseType_t uxSavedInterruptStatus;
1910:Middlewares/Third_Party/FreeRTOS/Source/tasks.c **** 
1911:Middlewares/Third_Party/FreeRTOS/Source/tasks.c **** 		configASSERT( xTaskToResume );
1912:Middlewares/Third_Party/FreeRTOS/Source/tasks.c **** 
1913:Middlewares/Third_Party/FreeRTOS/Source/tasks.c **** 		/* RTOS ports that support interrupt nesting have the concept of a
1914:Middlewares/Third_Party/FreeRTOS/Source/tasks.c **** 		maximum	system call (or maximum API call) interrupt priority.
1915:Middlewares/Third_Party/FreeRTOS/Source/tasks.c **** 		Interrupts that are	above the maximum system call priority are keep
1916:Middlewares/Third_Party/FreeRTOS/Source/tasks.c **** 		permanently enabled, even when the RTOS kernel is in a critical section,
1917:Middlewares/Third_Party/FreeRTOS/Source/tasks.c **** 		but cannot make any calls to FreeRTOS API functions.  If configASSERT()
1918:Middlewares/Third_Party/FreeRTOS/Source/tasks.c **** 		is defined in FreeRTOSConfig.h then
1919:Middlewares/Third_Party/FreeRTOS/Source/tasks.c **** 		portASSERT_IF_INTERRUPT_PRIORITY_INVALID() will result in an assertion
1920:Middlewares/Third_Party/FreeRTOS/Source/tasks.c **** 		failure if a FreeRTOS API function is called from an interrupt that has
1921:Middlewares/Third_Party/FreeRTOS/Source/tasks.c **** 		been assigned a priority above the configured maximum system call
1922:Middlewares/Third_Party/FreeRTOS/Source/tasks.c **** 		priority.  Only FreeRTOS functions that end in FromISR can be called
1923:Middlewares/Third_Party/FreeRTOS/Source/tasks.c **** 		from interrupts	that have been assigned a priority at or (logically)
1924:Middlewares/Third_Party/FreeRTOS/Source/tasks.c **** 		below the maximum system call interrupt priority.  FreeRTOS maintains a
1925:Middlewares/Third_Party/FreeRTOS/Source/tasks.c **** 		separate interrupt safe API to ensure interrupt entry is as fast and as
1926:Middlewares/Third_Party/FreeRTOS/Source/tasks.c **** 		simple as possible.  More information (albeit Cortex-M specific) is
1927:Middlewares/Third_Party/FreeRTOS/Source/tasks.c **** 		provided on the following link:
1928:Middlewares/Third_Party/FreeRTOS/Source/tasks.c **** 		https://www.freertos.org/RTOS-Cortex-M3-M4.html */
1929:Middlewares/Third_Party/FreeRTOS/Source/tasks.c **** 		portASSERT_IF_INTERRUPT_PRIORITY_INVALID();
1930:Middlewares/Third_Party/FreeRTOS/Source/tasks.c **** 
1931:Middlewares/Third_Party/FreeRTOS/Source/tasks.c **** 		uxSavedInterruptStatus = portSET_INTERRUPT_MASK_FROM_ISR();
1932:Middlewares/Third_Party/FreeRTOS/Source/tasks.c **** 		{
1933:Middlewares/Third_Party/FreeRTOS/Source/tasks.c **** 			if( prvTaskIsTaskSuspended( pxTCB ) != pdFALSE )
1934:Middlewares/Third_Party/FreeRTOS/Source/tasks.c **** 			{
1935:Middlewares/Third_Party/FreeRTOS/Source/tasks.c **** 				traceTASK_RESUME_FROM_ISR( pxTCB );
1936:Middlewares/Third_Party/FreeRTOS/Source/tasks.c **** 
1937:Middlewares/Third_Party/FreeRTOS/Source/tasks.c **** 				/* Check the ready lists can be accessed. */
1938:Middlewares/Third_Party/FreeRTOS/Source/tasks.c **** 				if( uxSchedulerSuspended == ( UBaseType_t ) pdFALSE )
1939:Middlewares/Third_Party/FreeRTOS/Source/tasks.c **** 				{
1940:Middlewares/Third_Party/FreeRTOS/Source/tasks.c **** 					/* Ready lists can be accessed so move the task from the
1941:Middlewares/Third_Party/FreeRTOS/Source/tasks.c **** 					suspended list to the ready list directly. */
1942:Middlewares/Third_Party/FreeRTOS/Source/tasks.c **** 					if( pxTCB->uxPriority >= pxCurrentTCB->uxPriority )
1943:Middlewares/Third_Party/FreeRTOS/Source/tasks.c **** 					{
1944:Middlewares/Third_Party/FreeRTOS/Source/tasks.c **** 						xYieldRequired = pdTRUE;
1945:Middlewares/Third_Party/FreeRTOS/Source/tasks.c **** 					}
1946:Middlewares/Third_Party/FreeRTOS/Source/tasks.c **** 					else
1947:Middlewares/Third_Party/FreeRTOS/Source/tasks.c **** 					{
1948:Middlewares/Third_Party/FreeRTOS/Source/tasks.c **** 						mtCOVERAGE_TEST_MARKER();
1949:Middlewares/Third_Party/FreeRTOS/Source/tasks.c **** 					}
1950:Middlewares/Third_Party/FreeRTOS/Source/tasks.c **** 
1951:Middlewares/Third_Party/FreeRTOS/Source/tasks.c **** 					( void ) uxListRemove( &( pxTCB->xStateListItem ) );
1952:Middlewares/Third_Party/FreeRTOS/Source/tasks.c **** 					prvAddTaskToReadyList( pxTCB );
1953:Middlewares/Third_Party/FreeRTOS/Source/tasks.c **** 				}
1954:Middlewares/Third_Party/FreeRTOS/Source/tasks.c **** 				else
1955:Middlewares/Third_Party/FreeRTOS/Source/tasks.c **** 				{
1956:Middlewares/Third_Party/FreeRTOS/Source/tasks.c **** 					/* The delayed or ready lists cannot be accessed so the task
1957:Middlewares/Third_Party/FreeRTOS/Source/tasks.c **** 					is held in the pending ready list until the scheduler is
ARM GAS  C:\Users\jason\AppData\Local\Temp\ccaXxPCU.s 			page 41


1958:Middlewares/Third_Party/FreeRTOS/Source/tasks.c **** 					unsuspended. */
1959:Middlewares/Third_Party/FreeRTOS/Source/tasks.c **** 					vListInsertEnd( &( xPendingReadyList ), &( pxTCB->xEventListItem ) );
1960:Middlewares/Third_Party/FreeRTOS/Source/tasks.c **** 				}
1961:Middlewares/Third_Party/FreeRTOS/Source/tasks.c **** 			}
1962:Middlewares/Third_Party/FreeRTOS/Source/tasks.c **** 			else
1963:Middlewares/Third_Party/FreeRTOS/Source/tasks.c **** 			{
1964:Middlewares/Third_Party/FreeRTOS/Source/tasks.c **** 				mtCOVERAGE_TEST_MARKER();
1965:Middlewares/Third_Party/FreeRTOS/Source/tasks.c **** 			}
1966:Middlewares/Third_Party/FreeRTOS/Source/tasks.c **** 		}
1967:Middlewares/Third_Party/FreeRTOS/Source/tasks.c **** 		portCLEAR_INTERRUPT_MASK_FROM_ISR( uxSavedInterruptStatus );
1968:Middlewares/Third_Party/FreeRTOS/Source/tasks.c **** 
1969:Middlewares/Third_Party/FreeRTOS/Source/tasks.c **** 		return xYieldRequired;
1970:Middlewares/Third_Party/FreeRTOS/Source/tasks.c **** 	}
1971:Middlewares/Third_Party/FreeRTOS/Source/tasks.c **** 
1972:Middlewares/Third_Party/FreeRTOS/Source/tasks.c **** #endif /* ( ( INCLUDE_xTaskResumeFromISR == 1 ) && ( INCLUDE_vTaskSuspend == 1 ) ) */
1973:Middlewares/Third_Party/FreeRTOS/Source/tasks.c **** /*-----------------------------------------------------------*/
1974:Middlewares/Third_Party/FreeRTOS/Source/tasks.c **** 
1975:Middlewares/Third_Party/FreeRTOS/Source/tasks.c **** void vTaskStartScheduler( void )
1976:Middlewares/Third_Party/FreeRTOS/Source/tasks.c **** {
1977:Middlewares/Third_Party/FreeRTOS/Source/tasks.c **** BaseType_t xReturn;
1978:Middlewares/Third_Party/FreeRTOS/Source/tasks.c **** 
1979:Middlewares/Third_Party/FreeRTOS/Source/tasks.c **** 	/* Add the idle task at the lowest priority. */
1980:Middlewares/Third_Party/FreeRTOS/Source/tasks.c **** 	#if( configSUPPORT_STATIC_ALLOCATION == 1 )
1981:Middlewares/Third_Party/FreeRTOS/Source/tasks.c **** 	{
1982:Middlewares/Third_Party/FreeRTOS/Source/tasks.c **** 		StaticTask_t *pxIdleTaskTCBBuffer = NULL;
1983:Middlewares/Third_Party/FreeRTOS/Source/tasks.c **** 		StackType_t *pxIdleTaskStackBuffer = NULL;
1984:Middlewares/Third_Party/FreeRTOS/Source/tasks.c **** 		uint32_t ulIdleTaskStackSize;
1985:Middlewares/Third_Party/FreeRTOS/Source/tasks.c **** 
1986:Middlewares/Third_Party/FreeRTOS/Source/tasks.c **** 		/* The Idle task is created using user provided RAM - obtain the
1987:Middlewares/Third_Party/FreeRTOS/Source/tasks.c **** 		address of the RAM then create the idle task. */
1988:Middlewares/Third_Party/FreeRTOS/Source/tasks.c **** 		vApplicationGetIdleTaskMemory( &pxIdleTaskTCBBuffer, &pxIdleTaskStackBuffer, &ulIdleTaskStackSize
1989:Middlewares/Third_Party/FreeRTOS/Source/tasks.c **** 		xIdleTaskHandle = xTaskCreateStatic(	prvIdleTask,
1990:Middlewares/Third_Party/FreeRTOS/Source/tasks.c **** 												configIDLE_TASK_NAME,
1991:Middlewares/Third_Party/FreeRTOS/Source/tasks.c **** 												ulIdleTaskStackSize,
1992:Middlewares/Third_Party/FreeRTOS/Source/tasks.c **** 												( void * ) NULL, /*lint !e961.  The cast is not redundant for all compilers. */
1993:Middlewares/Third_Party/FreeRTOS/Source/tasks.c **** 												portPRIVILEGE_BIT, /* In effect ( tskIDLE_PRIORITY | portPRIVILEGE_BIT ), but tskIDLE_P
1994:Middlewares/Third_Party/FreeRTOS/Source/tasks.c **** 												pxIdleTaskStackBuffer,
1995:Middlewares/Third_Party/FreeRTOS/Source/tasks.c **** 												pxIdleTaskTCBBuffer ); /*lint !e961 MISRA exception, justified as it is not a redundant
1996:Middlewares/Third_Party/FreeRTOS/Source/tasks.c **** 
1997:Middlewares/Third_Party/FreeRTOS/Source/tasks.c **** 		if( xIdleTaskHandle != NULL )
1998:Middlewares/Third_Party/FreeRTOS/Source/tasks.c **** 		{
1999:Middlewares/Third_Party/FreeRTOS/Source/tasks.c **** 			xReturn = pdPASS;
2000:Middlewares/Third_Party/FreeRTOS/Source/tasks.c **** 		}
2001:Middlewares/Third_Party/FreeRTOS/Source/tasks.c **** 		else
2002:Middlewares/Third_Party/FreeRTOS/Source/tasks.c **** 		{
2003:Middlewares/Third_Party/FreeRTOS/Source/tasks.c **** 			xReturn = pdFAIL;
2004:Middlewares/Third_Party/FreeRTOS/Source/tasks.c **** 		}
2005:Middlewares/Third_Party/FreeRTOS/Source/tasks.c **** 	}
2006:Middlewares/Third_Party/FreeRTOS/Source/tasks.c **** 	#else
2007:Middlewares/Third_Party/FreeRTOS/Source/tasks.c **** 	{
2008:Middlewares/Third_Party/FreeRTOS/Source/tasks.c **** 		/* The Idle task is being created using dynamically allocated RAM. */
2009:Middlewares/Third_Party/FreeRTOS/Source/tasks.c **** 		xReturn = xTaskCreate(	prvIdleTask,
2010:Middlewares/Third_Party/FreeRTOS/Source/tasks.c **** 								configIDLE_TASK_NAME,
2011:Middlewares/Third_Party/FreeRTOS/Source/tasks.c **** 								configMINIMAL_STACK_SIZE,
2012:Middlewares/Third_Party/FreeRTOS/Source/tasks.c **** 								( void * ) NULL,
2013:Middlewares/Third_Party/FreeRTOS/Source/tasks.c **** 								portPRIVILEGE_BIT, /* In effect ( tskIDLE_PRIORITY | portPRIVILEGE_BIT ), but tskIDLE_PRIOR
2014:Middlewares/Third_Party/FreeRTOS/Source/tasks.c **** 								&xIdleTaskHandle ); /*lint !e961 MISRA exception, justified as it is not a redundant explic
ARM GAS  C:\Users\jason\AppData\Local\Temp\ccaXxPCU.s 			page 42


2015:Middlewares/Third_Party/FreeRTOS/Source/tasks.c **** 	}
2016:Middlewares/Third_Party/FreeRTOS/Source/tasks.c **** 	#endif /* configSUPPORT_STATIC_ALLOCATION */
2017:Middlewares/Third_Party/FreeRTOS/Source/tasks.c **** 
2018:Middlewares/Third_Party/FreeRTOS/Source/tasks.c **** 	#if ( configUSE_TIMERS == 1 )
2019:Middlewares/Third_Party/FreeRTOS/Source/tasks.c **** 	{
2020:Middlewares/Third_Party/FreeRTOS/Source/tasks.c **** 		if( xReturn == pdPASS )
2021:Middlewares/Third_Party/FreeRTOS/Source/tasks.c **** 		{
2022:Middlewares/Third_Party/FreeRTOS/Source/tasks.c **** 			xReturn = xTimerCreateTimerTask();
2023:Middlewares/Third_Party/FreeRTOS/Source/tasks.c **** 		}
2024:Middlewares/Third_Party/FreeRTOS/Source/tasks.c **** 		else
2025:Middlewares/Third_Party/FreeRTOS/Source/tasks.c **** 		{
2026:Middlewares/Third_Party/FreeRTOS/Source/tasks.c **** 			mtCOVERAGE_TEST_MARKER();
2027:Middlewares/Third_Party/FreeRTOS/Source/tasks.c **** 		}
2028:Middlewares/Third_Party/FreeRTOS/Source/tasks.c **** 	}
2029:Middlewares/Third_Party/FreeRTOS/Source/tasks.c **** 	#endif /* configUSE_TIMERS */
2030:Middlewares/Third_Party/FreeRTOS/Source/tasks.c **** 
2031:Middlewares/Third_Party/FreeRTOS/Source/tasks.c **** 	if( xReturn == pdPASS )
2032:Middlewares/Third_Party/FreeRTOS/Source/tasks.c **** 	{
2033:Middlewares/Third_Party/FreeRTOS/Source/tasks.c **** 		/* freertos_tasks_c_additions_init() should only be called if the user
2034:Middlewares/Third_Party/FreeRTOS/Source/tasks.c **** 		definable macro FREERTOS_TASKS_C_ADDITIONS_INIT() is defined, as that is
2035:Middlewares/Third_Party/FreeRTOS/Source/tasks.c **** 		the only macro called by the function. */
2036:Middlewares/Third_Party/FreeRTOS/Source/tasks.c **** 		#ifdef FREERTOS_TASKS_C_ADDITIONS_INIT
2037:Middlewares/Third_Party/FreeRTOS/Source/tasks.c **** 		{
2038:Middlewares/Third_Party/FreeRTOS/Source/tasks.c **** 			freertos_tasks_c_additions_init();
2039:Middlewares/Third_Party/FreeRTOS/Source/tasks.c **** 		}
2040:Middlewares/Third_Party/FreeRTOS/Source/tasks.c **** 		#endif
2041:Middlewares/Third_Party/FreeRTOS/Source/tasks.c **** 
2042:Middlewares/Third_Party/FreeRTOS/Source/tasks.c **** 		/* Interrupts are turned off here, to ensure a tick does not occur
2043:Middlewares/Third_Party/FreeRTOS/Source/tasks.c **** 		before or during the call to xPortStartScheduler().  The stacks of
2044:Middlewares/Third_Party/FreeRTOS/Source/tasks.c **** 		the created tasks contain a status word with interrupts switched on
2045:Middlewares/Third_Party/FreeRTOS/Source/tasks.c **** 		so interrupts will automatically get re-enabled when the first task
2046:Middlewares/Third_Party/FreeRTOS/Source/tasks.c **** 		starts to run. */
2047:Middlewares/Third_Party/FreeRTOS/Source/tasks.c **** 		portDISABLE_INTERRUPTS();
2048:Middlewares/Third_Party/FreeRTOS/Source/tasks.c **** 
2049:Middlewares/Third_Party/FreeRTOS/Source/tasks.c **** 		#if ( configUSE_NEWLIB_REENTRANT == 1 )
2050:Middlewares/Third_Party/FreeRTOS/Source/tasks.c **** 		{
2051:Middlewares/Third_Party/FreeRTOS/Source/tasks.c **** 			/* Switch Newlib's _impure_ptr variable to point to the _reent
2052:Middlewares/Third_Party/FreeRTOS/Source/tasks.c **** 			structure specific to the task that will run first.
2053:Middlewares/Third_Party/FreeRTOS/Source/tasks.c **** 			See the third party link http://www.nadler.com/embedded/newlibAndFreeRTOS.html
2054:Middlewares/Third_Party/FreeRTOS/Source/tasks.c **** 			for additional information. */
2055:Middlewares/Third_Party/FreeRTOS/Source/tasks.c **** 			_impure_ptr = &( pxCurrentTCB->xNewLib_reent );
2056:Middlewares/Third_Party/FreeRTOS/Source/tasks.c **** 		}
2057:Middlewares/Third_Party/FreeRTOS/Source/tasks.c **** 		#endif /* configUSE_NEWLIB_REENTRANT */
2058:Middlewares/Third_Party/FreeRTOS/Source/tasks.c **** 
2059:Middlewares/Third_Party/FreeRTOS/Source/tasks.c **** 		xNextTaskUnblockTime = portMAX_DELAY;
2060:Middlewares/Third_Party/FreeRTOS/Source/tasks.c **** 		xSchedulerRunning = pdTRUE;
2061:Middlewares/Third_Party/FreeRTOS/Source/tasks.c **** 		xTickCount = ( TickType_t ) configINITIAL_TICK_COUNT;
2062:Middlewares/Third_Party/FreeRTOS/Source/tasks.c **** 
2063:Middlewares/Third_Party/FreeRTOS/Source/tasks.c **** 		/* If configGENERATE_RUN_TIME_STATS is defined then the following
2064:Middlewares/Third_Party/FreeRTOS/Source/tasks.c **** 		macro must be defined to configure the timer/counter used to generate
2065:Middlewares/Third_Party/FreeRTOS/Source/tasks.c **** 		the run time counter time base.   NOTE:  If configGENERATE_RUN_TIME_STATS
2066:Middlewares/Third_Party/FreeRTOS/Source/tasks.c **** 		is set to 0 and the following line fails to build then ensure you do not
2067:Middlewares/Third_Party/FreeRTOS/Source/tasks.c **** 		have portCONFIGURE_TIMER_FOR_RUN_TIME_STATS() defined in your
2068:Middlewares/Third_Party/FreeRTOS/Source/tasks.c **** 		FreeRTOSConfig.h file. */
2069:Middlewares/Third_Party/FreeRTOS/Source/tasks.c **** 		portCONFIGURE_TIMER_FOR_RUN_TIME_STATS();
2070:Middlewares/Third_Party/FreeRTOS/Source/tasks.c **** 
2071:Middlewares/Third_Party/FreeRTOS/Source/tasks.c **** 		traceTASK_SWITCHED_IN();
ARM GAS  C:\Users\jason\AppData\Local\Temp\ccaXxPCU.s 			page 43


2072:Middlewares/Third_Party/FreeRTOS/Source/tasks.c **** 
2073:Middlewares/Third_Party/FreeRTOS/Source/tasks.c **** 		/* Setting up the timer tick is hardware specific and thus in the
2074:Middlewares/Third_Party/FreeRTOS/Source/tasks.c **** 		portable interface. */
2075:Middlewares/Third_Party/FreeRTOS/Source/tasks.c **** 		if( xPortStartScheduler() != pdFALSE )
2076:Middlewares/Third_Party/FreeRTOS/Source/tasks.c **** 		{
2077:Middlewares/Third_Party/FreeRTOS/Source/tasks.c **** 			/* Should not reach here as if the scheduler is running the
2078:Middlewares/Third_Party/FreeRTOS/Source/tasks.c **** 			function will not return. */
2079:Middlewares/Third_Party/FreeRTOS/Source/tasks.c **** 		}
2080:Middlewares/Third_Party/FreeRTOS/Source/tasks.c **** 		else
2081:Middlewares/Third_Party/FreeRTOS/Source/tasks.c **** 		{
2082:Middlewares/Third_Party/FreeRTOS/Source/tasks.c **** 			/* Should only reach here if a task calls xTaskEndScheduler(). */
2083:Middlewares/Third_Party/FreeRTOS/Source/tasks.c **** 		}
2084:Middlewares/Third_Party/FreeRTOS/Source/tasks.c **** 	}
2085:Middlewares/Third_Party/FreeRTOS/Source/tasks.c **** 	else
2086:Middlewares/Third_Party/FreeRTOS/Source/tasks.c **** 	{
2087:Middlewares/Third_Party/FreeRTOS/Source/tasks.c **** 		/* This line will only be reached if the kernel could not be started,
2088:Middlewares/Third_Party/FreeRTOS/Source/tasks.c **** 		because there was not enough FreeRTOS heap to create the idle task
2089:Middlewares/Third_Party/FreeRTOS/Source/tasks.c **** 		or the timer task. */
2090:Middlewares/Third_Party/FreeRTOS/Source/tasks.c **** 		configASSERT( xReturn != errCOULD_NOT_ALLOCATE_REQUIRED_MEMORY );
2091:Middlewares/Third_Party/FreeRTOS/Source/tasks.c **** 	}
2092:Middlewares/Third_Party/FreeRTOS/Source/tasks.c **** 
2093:Middlewares/Third_Party/FreeRTOS/Source/tasks.c **** 	/* Prevent compiler warnings if INCLUDE_xTaskGetIdleTaskHandle is set to 0,
2094:Middlewares/Third_Party/FreeRTOS/Source/tasks.c **** 	meaning xIdleTaskHandle is not used anywhere else. */
2095:Middlewares/Third_Party/FreeRTOS/Source/tasks.c **** 	( void ) xIdleTaskHandle;
2096:Middlewares/Third_Party/FreeRTOS/Source/tasks.c **** }
2097:Middlewares/Third_Party/FreeRTOS/Source/tasks.c **** /*-----------------------------------------------------------*/
2098:Middlewares/Third_Party/FreeRTOS/Source/tasks.c **** 
2099:Middlewares/Third_Party/FreeRTOS/Source/tasks.c **** void vTaskEndScheduler( void )
2100:Middlewares/Third_Party/FreeRTOS/Source/tasks.c **** {
2101:Middlewares/Third_Party/FreeRTOS/Source/tasks.c **** 	/* Stop the scheduler interrupts and call the portable scheduler end
2102:Middlewares/Third_Party/FreeRTOS/Source/tasks.c **** 	routine so the original ISRs can be restored if necessary.  The port
2103:Middlewares/Third_Party/FreeRTOS/Source/tasks.c **** 	layer must ensure interrupts enable	bit is left in the correct state. */
2104:Middlewares/Third_Party/FreeRTOS/Source/tasks.c **** 	portDISABLE_INTERRUPTS();
2105:Middlewares/Third_Party/FreeRTOS/Source/tasks.c **** 	xSchedulerRunning = pdFALSE;
2106:Middlewares/Third_Party/FreeRTOS/Source/tasks.c **** 	vPortEndScheduler();
2107:Middlewares/Third_Party/FreeRTOS/Source/tasks.c **** }
2108:Middlewares/Third_Party/FreeRTOS/Source/tasks.c **** /*----------------------------------------------------------*/
2109:Middlewares/Third_Party/FreeRTOS/Source/tasks.c **** 
2110:Middlewares/Third_Party/FreeRTOS/Source/tasks.c **** void vTaskSuspendAll( void )
2111:Middlewares/Third_Party/FreeRTOS/Source/tasks.c **** {
2112:Middlewares/Third_Party/FreeRTOS/Source/tasks.c **** 	/* A critical section is not required as the variable is of type
2113:Middlewares/Third_Party/FreeRTOS/Source/tasks.c **** 	BaseType_t.  Please read Richard Barry's reply in the following link to a
2114:Middlewares/Third_Party/FreeRTOS/Source/tasks.c **** 	post in the FreeRTOS support forum before reporting this as a bug! -
2115:Middlewares/Third_Party/FreeRTOS/Source/tasks.c **** 	http://goo.gl/wu4acr */
2116:Middlewares/Third_Party/FreeRTOS/Source/tasks.c **** 
2117:Middlewares/Third_Party/FreeRTOS/Source/tasks.c **** 	/* portSOFRWARE_BARRIER() is only implemented for emulated/simulated ports that
2118:Middlewares/Third_Party/FreeRTOS/Source/tasks.c **** 	do not otherwise exhibit real time behaviour. */
2119:Middlewares/Third_Party/FreeRTOS/Source/tasks.c **** 	portSOFTWARE_BARRIER();
2120:Middlewares/Third_Party/FreeRTOS/Source/tasks.c **** 
2121:Middlewares/Third_Party/FreeRTOS/Source/tasks.c **** 	/* The scheduler is suspended if uxSchedulerSuspended is non-zero.  An increment
2122:Middlewares/Third_Party/FreeRTOS/Source/tasks.c **** 	is used to allow calls to vTaskSuspendAll() to nest. */
2123:Middlewares/Third_Party/FreeRTOS/Source/tasks.c **** 	++uxSchedulerSuspended;
2124:Middlewares/Third_Party/FreeRTOS/Source/tasks.c **** 
2125:Middlewares/Third_Party/FreeRTOS/Source/tasks.c **** 	/* Enforces ordering for ports and optimised compilers that may otherwise place
2126:Middlewares/Third_Party/FreeRTOS/Source/tasks.c **** 	the above increment elsewhere. */
2127:Middlewares/Third_Party/FreeRTOS/Source/tasks.c **** 	portMEMORY_BARRIER();
2128:Middlewares/Third_Party/FreeRTOS/Source/tasks.c **** }
ARM GAS  C:\Users\jason\AppData\Local\Temp\ccaXxPCU.s 			page 44


2129:Middlewares/Third_Party/FreeRTOS/Source/tasks.c **** /*----------------------------------------------------------*/
2130:Middlewares/Third_Party/FreeRTOS/Source/tasks.c **** 
2131:Middlewares/Third_Party/FreeRTOS/Source/tasks.c **** #if ( configUSE_TICKLESS_IDLE != 0 )
2132:Middlewares/Third_Party/FreeRTOS/Source/tasks.c **** 
2133:Middlewares/Third_Party/FreeRTOS/Source/tasks.c **** 	static TickType_t prvGetExpectedIdleTime( void )
2134:Middlewares/Third_Party/FreeRTOS/Source/tasks.c **** 	{
2135:Middlewares/Third_Party/FreeRTOS/Source/tasks.c **** 	TickType_t xReturn;
2136:Middlewares/Third_Party/FreeRTOS/Source/tasks.c **** 	UBaseType_t uxHigherPriorityReadyTasks = pdFALSE;
2137:Middlewares/Third_Party/FreeRTOS/Source/tasks.c **** 
2138:Middlewares/Third_Party/FreeRTOS/Source/tasks.c **** 		/* uxHigherPriorityReadyTasks takes care of the case where
2139:Middlewares/Third_Party/FreeRTOS/Source/tasks.c **** 		configUSE_PREEMPTION is 0, so there may be tasks above the idle priority
2140:Middlewares/Third_Party/FreeRTOS/Source/tasks.c **** 		task that are in the Ready state, even though the idle task is
2141:Middlewares/Third_Party/FreeRTOS/Source/tasks.c **** 		running. */
2142:Middlewares/Third_Party/FreeRTOS/Source/tasks.c **** 		#if( configUSE_PORT_OPTIMISED_TASK_SELECTION == 0 )
2143:Middlewares/Third_Party/FreeRTOS/Source/tasks.c **** 		{
2144:Middlewares/Third_Party/FreeRTOS/Source/tasks.c **** 			if( uxTopReadyPriority > tskIDLE_PRIORITY )
2145:Middlewares/Third_Party/FreeRTOS/Source/tasks.c **** 			{
2146:Middlewares/Third_Party/FreeRTOS/Source/tasks.c **** 				uxHigherPriorityReadyTasks = pdTRUE;
2147:Middlewares/Third_Party/FreeRTOS/Source/tasks.c **** 			}
2148:Middlewares/Third_Party/FreeRTOS/Source/tasks.c **** 		}
2149:Middlewares/Third_Party/FreeRTOS/Source/tasks.c **** 		#else
2150:Middlewares/Third_Party/FreeRTOS/Source/tasks.c **** 		{
2151:Middlewares/Third_Party/FreeRTOS/Source/tasks.c **** 			const UBaseType_t uxLeastSignificantBit = ( UBaseType_t ) 0x01;
2152:Middlewares/Third_Party/FreeRTOS/Source/tasks.c **** 
2153:Middlewares/Third_Party/FreeRTOS/Source/tasks.c **** 			/* When port optimised task selection is used the uxTopReadyPriority
2154:Middlewares/Third_Party/FreeRTOS/Source/tasks.c **** 			variable is used as a bit map.  If bits other than the least
2155:Middlewares/Third_Party/FreeRTOS/Source/tasks.c **** 			significant bit are set then there are tasks that have a priority
2156:Middlewares/Third_Party/FreeRTOS/Source/tasks.c **** 			above the idle priority that are in the Ready state.  This takes
2157:Middlewares/Third_Party/FreeRTOS/Source/tasks.c **** 			care of the case where the co-operative scheduler is in use. */
2158:Middlewares/Third_Party/FreeRTOS/Source/tasks.c **** 			if( uxTopReadyPriority > uxLeastSignificantBit )
2159:Middlewares/Third_Party/FreeRTOS/Source/tasks.c **** 			{
2160:Middlewares/Third_Party/FreeRTOS/Source/tasks.c **** 				uxHigherPriorityReadyTasks = pdTRUE;
2161:Middlewares/Third_Party/FreeRTOS/Source/tasks.c **** 			}
2162:Middlewares/Third_Party/FreeRTOS/Source/tasks.c **** 		}
2163:Middlewares/Third_Party/FreeRTOS/Source/tasks.c **** 		#endif
2164:Middlewares/Third_Party/FreeRTOS/Source/tasks.c **** 
2165:Middlewares/Third_Party/FreeRTOS/Source/tasks.c **** 		if( pxCurrentTCB->uxPriority > tskIDLE_PRIORITY )
2166:Middlewares/Third_Party/FreeRTOS/Source/tasks.c **** 		{
2167:Middlewares/Third_Party/FreeRTOS/Source/tasks.c **** 			xReturn = 0;
2168:Middlewares/Third_Party/FreeRTOS/Source/tasks.c **** 		}
2169:Middlewares/Third_Party/FreeRTOS/Source/tasks.c **** 		else if( listCURRENT_LIST_LENGTH( &( pxReadyTasksLists[ tskIDLE_PRIORITY ] ) ) > 1 )
2170:Middlewares/Third_Party/FreeRTOS/Source/tasks.c **** 		{
2171:Middlewares/Third_Party/FreeRTOS/Source/tasks.c **** 			/* There are other idle priority tasks in the ready state.  If
2172:Middlewares/Third_Party/FreeRTOS/Source/tasks.c **** 			time slicing is used then the very next tick interrupt must be
2173:Middlewares/Third_Party/FreeRTOS/Source/tasks.c **** 			processed. */
2174:Middlewares/Third_Party/FreeRTOS/Source/tasks.c **** 			xReturn = 0;
2175:Middlewares/Third_Party/FreeRTOS/Source/tasks.c **** 		}
2176:Middlewares/Third_Party/FreeRTOS/Source/tasks.c **** 		else if( uxHigherPriorityReadyTasks != pdFALSE )
2177:Middlewares/Third_Party/FreeRTOS/Source/tasks.c **** 		{
2178:Middlewares/Third_Party/FreeRTOS/Source/tasks.c **** 			/* There are tasks in the Ready state that have a priority above the
2179:Middlewares/Third_Party/FreeRTOS/Source/tasks.c **** 			idle priority.  This path can only be reached if
2180:Middlewares/Third_Party/FreeRTOS/Source/tasks.c **** 			configUSE_PREEMPTION is 0. */
2181:Middlewares/Third_Party/FreeRTOS/Source/tasks.c **** 			xReturn = 0;
2182:Middlewares/Third_Party/FreeRTOS/Source/tasks.c **** 		}
2183:Middlewares/Third_Party/FreeRTOS/Source/tasks.c **** 		else
2184:Middlewares/Third_Party/FreeRTOS/Source/tasks.c **** 		{
2185:Middlewares/Third_Party/FreeRTOS/Source/tasks.c **** 			xReturn = xNextTaskUnblockTime - xTickCount;
ARM GAS  C:\Users\jason\AppData\Local\Temp\ccaXxPCU.s 			page 45


2186:Middlewares/Third_Party/FreeRTOS/Source/tasks.c **** 		}
2187:Middlewares/Third_Party/FreeRTOS/Source/tasks.c **** 
2188:Middlewares/Third_Party/FreeRTOS/Source/tasks.c **** 		return xReturn;
2189:Middlewares/Third_Party/FreeRTOS/Source/tasks.c **** 	}
2190:Middlewares/Third_Party/FreeRTOS/Source/tasks.c **** 
2191:Middlewares/Third_Party/FreeRTOS/Source/tasks.c **** #endif /* configUSE_TICKLESS_IDLE */
2192:Middlewares/Third_Party/FreeRTOS/Source/tasks.c **** /*----------------------------------------------------------*/
2193:Middlewares/Third_Party/FreeRTOS/Source/tasks.c **** 
2194:Middlewares/Third_Party/FreeRTOS/Source/tasks.c **** BaseType_t xTaskResumeAll( void )
2195:Middlewares/Third_Party/FreeRTOS/Source/tasks.c **** {
2196:Middlewares/Third_Party/FreeRTOS/Source/tasks.c **** TCB_t *pxTCB = NULL;
2197:Middlewares/Third_Party/FreeRTOS/Source/tasks.c **** BaseType_t xAlreadyYielded = pdFALSE;
2198:Middlewares/Third_Party/FreeRTOS/Source/tasks.c **** 
2199:Middlewares/Third_Party/FreeRTOS/Source/tasks.c **** 	/* If uxSchedulerSuspended is zero then this function does not match a
2200:Middlewares/Third_Party/FreeRTOS/Source/tasks.c **** 	previous call to vTaskSuspendAll(). */
2201:Middlewares/Third_Party/FreeRTOS/Source/tasks.c **** 	configASSERT( uxSchedulerSuspended );
2202:Middlewares/Third_Party/FreeRTOS/Source/tasks.c **** 
2203:Middlewares/Third_Party/FreeRTOS/Source/tasks.c **** 	/* It is possible that an ISR caused a task to be removed from an event
2204:Middlewares/Third_Party/FreeRTOS/Source/tasks.c **** 	list while the scheduler was suspended.  If this was the case then the
2205:Middlewares/Third_Party/FreeRTOS/Source/tasks.c **** 	removed task will have been added to the xPendingReadyList.  Once the
2206:Middlewares/Third_Party/FreeRTOS/Source/tasks.c **** 	scheduler has been resumed it is safe to move all the pending ready
2207:Middlewares/Third_Party/FreeRTOS/Source/tasks.c **** 	tasks from this list into their appropriate ready list. */
2208:Middlewares/Third_Party/FreeRTOS/Source/tasks.c **** 	taskENTER_CRITICAL();
2209:Middlewares/Third_Party/FreeRTOS/Source/tasks.c **** 	{
2210:Middlewares/Third_Party/FreeRTOS/Source/tasks.c **** 		--uxSchedulerSuspended;
2211:Middlewares/Third_Party/FreeRTOS/Source/tasks.c **** 
2212:Middlewares/Third_Party/FreeRTOS/Source/tasks.c **** 		if( uxSchedulerSuspended == ( UBaseType_t ) pdFALSE )
2213:Middlewares/Third_Party/FreeRTOS/Source/tasks.c **** 		{
2214:Middlewares/Third_Party/FreeRTOS/Source/tasks.c **** 			if( uxCurrentNumberOfTasks > ( UBaseType_t ) 0U )
2215:Middlewares/Third_Party/FreeRTOS/Source/tasks.c **** 			{
2216:Middlewares/Third_Party/FreeRTOS/Source/tasks.c **** 				/* Move any readied tasks from the pending list into the
2217:Middlewares/Third_Party/FreeRTOS/Source/tasks.c **** 				appropriate ready list. */
2218:Middlewares/Third_Party/FreeRTOS/Source/tasks.c **** 				while( listLIST_IS_EMPTY( &xPendingReadyList ) == pdFALSE )
2219:Middlewares/Third_Party/FreeRTOS/Source/tasks.c **** 				{
2220:Middlewares/Third_Party/FreeRTOS/Source/tasks.c **** 					pxTCB = listGET_OWNER_OF_HEAD_ENTRY( ( &xPendingReadyList ) ); /*lint !e9079 void * is used as
2221:Middlewares/Third_Party/FreeRTOS/Source/tasks.c **** 					( void ) uxListRemove( &( pxTCB->xEventListItem ) );
2222:Middlewares/Third_Party/FreeRTOS/Source/tasks.c **** 					( void ) uxListRemove( &( pxTCB->xStateListItem ) );
2223:Middlewares/Third_Party/FreeRTOS/Source/tasks.c **** 					prvAddTaskToReadyList( pxTCB );
2224:Middlewares/Third_Party/FreeRTOS/Source/tasks.c **** 
2225:Middlewares/Third_Party/FreeRTOS/Source/tasks.c **** 					/* If the moved task has a priority higher than the current
2226:Middlewares/Third_Party/FreeRTOS/Source/tasks.c **** 					task then a yield must be performed. */
2227:Middlewares/Third_Party/FreeRTOS/Source/tasks.c **** 					if( pxTCB->uxPriority >= pxCurrentTCB->uxPriority )
2228:Middlewares/Third_Party/FreeRTOS/Source/tasks.c **** 					{
2229:Middlewares/Third_Party/FreeRTOS/Source/tasks.c **** 						xYieldPending = pdTRUE;
2230:Middlewares/Third_Party/FreeRTOS/Source/tasks.c **** 					}
2231:Middlewares/Third_Party/FreeRTOS/Source/tasks.c **** 					else
2232:Middlewares/Third_Party/FreeRTOS/Source/tasks.c **** 					{
2233:Middlewares/Third_Party/FreeRTOS/Source/tasks.c **** 						mtCOVERAGE_TEST_MARKER();
2234:Middlewares/Third_Party/FreeRTOS/Source/tasks.c **** 					}
2235:Middlewares/Third_Party/FreeRTOS/Source/tasks.c **** 				}
2236:Middlewares/Third_Party/FreeRTOS/Source/tasks.c **** 
2237:Middlewares/Third_Party/FreeRTOS/Source/tasks.c **** 				if( pxTCB != NULL )
2238:Middlewares/Third_Party/FreeRTOS/Source/tasks.c **** 				{
2239:Middlewares/Third_Party/FreeRTOS/Source/tasks.c **** 					/* A task was unblocked while the scheduler was suspended,
2240:Middlewares/Third_Party/FreeRTOS/Source/tasks.c **** 					which may have prevented the next unblock time from being
2241:Middlewares/Third_Party/FreeRTOS/Source/tasks.c **** 					re-calculated, in which case re-calculate it now.  Mainly
2242:Middlewares/Third_Party/FreeRTOS/Source/tasks.c **** 					important for low power tickless implementations, where
ARM GAS  C:\Users\jason\AppData\Local\Temp\ccaXxPCU.s 			page 46


2243:Middlewares/Third_Party/FreeRTOS/Source/tasks.c **** 					this can prevent an unnecessary exit from low power
2244:Middlewares/Third_Party/FreeRTOS/Source/tasks.c **** 					state. */
2245:Middlewares/Third_Party/FreeRTOS/Source/tasks.c **** 					prvResetNextTaskUnblockTime();
2246:Middlewares/Third_Party/FreeRTOS/Source/tasks.c **** 				}
2247:Middlewares/Third_Party/FreeRTOS/Source/tasks.c **** 
2248:Middlewares/Third_Party/FreeRTOS/Source/tasks.c **** 				/* If any ticks occurred while the scheduler was suspended then
2249:Middlewares/Third_Party/FreeRTOS/Source/tasks.c **** 				they should be processed now.  This ensures the tick count does
2250:Middlewares/Third_Party/FreeRTOS/Source/tasks.c **** 				not	slip, and that any delayed tasks are resumed at the correct
2251:Middlewares/Third_Party/FreeRTOS/Source/tasks.c **** 				time. */
2252:Middlewares/Third_Party/FreeRTOS/Source/tasks.c **** 				{
2253:Middlewares/Third_Party/FreeRTOS/Source/tasks.c **** 					TickType_t xPendedCounts = xPendedTicks; /* Non-volatile copy. */
2254:Middlewares/Third_Party/FreeRTOS/Source/tasks.c **** 
2255:Middlewares/Third_Party/FreeRTOS/Source/tasks.c **** 					if( xPendedCounts > ( TickType_t ) 0U )
2256:Middlewares/Third_Party/FreeRTOS/Source/tasks.c **** 					{
2257:Middlewares/Third_Party/FreeRTOS/Source/tasks.c **** 						do
2258:Middlewares/Third_Party/FreeRTOS/Source/tasks.c **** 						{
2259:Middlewares/Third_Party/FreeRTOS/Source/tasks.c **** 							if( xTaskIncrementTick() != pdFALSE )
2260:Middlewares/Third_Party/FreeRTOS/Source/tasks.c **** 							{
2261:Middlewares/Third_Party/FreeRTOS/Source/tasks.c **** 								xYieldPending = pdTRUE;
2262:Middlewares/Third_Party/FreeRTOS/Source/tasks.c **** 							}
2263:Middlewares/Third_Party/FreeRTOS/Source/tasks.c **** 							else
2264:Middlewares/Third_Party/FreeRTOS/Source/tasks.c **** 							{
2265:Middlewares/Third_Party/FreeRTOS/Source/tasks.c **** 								mtCOVERAGE_TEST_MARKER();
2266:Middlewares/Third_Party/FreeRTOS/Source/tasks.c **** 							}
2267:Middlewares/Third_Party/FreeRTOS/Source/tasks.c **** 							--xPendedCounts;
2268:Middlewares/Third_Party/FreeRTOS/Source/tasks.c **** 						} while( xPendedCounts > ( TickType_t ) 0U );
2269:Middlewares/Third_Party/FreeRTOS/Source/tasks.c **** 
2270:Middlewares/Third_Party/FreeRTOS/Source/tasks.c **** 						xPendedTicks = 0;
2271:Middlewares/Third_Party/FreeRTOS/Source/tasks.c **** 					}
2272:Middlewares/Third_Party/FreeRTOS/Source/tasks.c **** 					else
2273:Middlewares/Third_Party/FreeRTOS/Source/tasks.c **** 					{
2274:Middlewares/Third_Party/FreeRTOS/Source/tasks.c **** 						mtCOVERAGE_TEST_MARKER();
2275:Middlewares/Third_Party/FreeRTOS/Source/tasks.c **** 					}
2276:Middlewares/Third_Party/FreeRTOS/Source/tasks.c **** 				}
2277:Middlewares/Third_Party/FreeRTOS/Source/tasks.c **** 
2278:Middlewares/Third_Party/FreeRTOS/Source/tasks.c **** 				if( xYieldPending != pdFALSE )
2279:Middlewares/Third_Party/FreeRTOS/Source/tasks.c **** 				{
2280:Middlewares/Third_Party/FreeRTOS/Source/tasks.c **** 					#if( configUSE_PREEMPTION != 0 )
2281:Middlewares/Third_Party/FreeRTOS/Source/tasks.c **** 					{
2282:Middlewares/Third_Party/FreeRTOS/Source/tasks.c **** 						xAlreadyYielded = pdTRUE;
2283:Middlewares/Third_Party/FreeRTOS/Source/tasks.c **** 					}
2284:Middlewares/Third_Party/FreeRTOS/Source/tasks.c **** 					#endif
2285:Middlewares/Third_Party/FreeRTOS/Source/tasks.c **** 					taskYIELD_IF_USING_PREEMPTION();
2286:Middlewares/Third_Party/FreeRTOS/Source/tasks.c **** 				}
2287:Middlewares/Third_Party/FreeRTOS/Source/tasks.c **** 				else
2288:Middlewares/Third_Party/FreeRTOS/Source/tasks.c **** 				{
2289:Middlewares/Third_Party/FreeRTOS/Source/tasks.c **** 					mtCOVERAGE_TEST_MARKER();
2290:Middlewares/Third_Party/FreeRTOS/Source/tasks.c **** 				}
2291:Middlewares/Third_Party/FreeRTOS/Source/tasks.c **** 			}
2292:Middlewares/Third_Party/FreeRTOS/Source/tasks.c **** 		}
2293:Middlewares/Third_Party/FreeRTOS/Source/tasks.c **** 		else
2294:Middlewares/Third_Party/FreeRTOS/Source/tasks.c **** 		{
2295:Middlewares/Third_Party/FreeRTOS/Source/tasks.c **** 			mtCOVERAGE_TEST_MARKER();
2296:Middlewares/Third_Party/FreeRTOS/Source/tasks.c **** 		}
2297:Middlewares/Third_Party/FreeRTOS/Source/tasks.c **** 	}
2298:Middlewares/Third_Party/FreeRTOS/Source/tasks.c **** 	taskEXIT_CRITICAL();
2299:Middlewares/Third_Party/FreeRTOS/Source/tasks.c **** 
ARM GAS  C:\Users\jason\AppData\Local\Temp\ccaXxPCU.s 			page 47


2300:Middlewares/Third_Party/FreeRTOS/Source/tasks.c **** 	return xAlreadyYielded;
2301:Middlewares/Third_Party/FreeRTOS/Source/tasks.c **** }
2302:Middlewares/Third_Party/FreeRTOS/Source/tasks.c **** /*-----------------------------------------------------------*/
2303:Middlewares/Third_Party/FreeRTOS/Source/tasks.c **** 
2304:Middlewares/Third_Party/FreeRTOS/Source/tasks.c **** TickType_t xTaskGetTickCount( void )
2305:Middlewares/Third_Party/FreeRTOS/Source/tasks.c **** {
2306:Middlewares/Third_Party/FreeRTOS/Source/tasks.c **** TickType_t xTicks;
2307:Middlewares/Third_Party/FreeRTOS/Source/tasks.c **** 
2308:Middlewares/Third_Party/FreeRTOS/Source/tasks.c **** 	/* Critical section required if running on a 16 bit processor. */
2309:Middlewares/Third_Party/FreeRTOS/Source/tasks.c **** 	portTICK_TYPE_ENTER_CRITICAL();
2310:Middlewares/Third_Party/FreeRTOS/Source/tasks.c **** 	{
2311:Middlewares/Third_Party/FreeRTOS/Source/tasks.c **** 		xTicks = xTickCount;
2312:Middlewares/Third_Party/FreeRTOS/Source/tasks.c **** 	}
2313:Middlewares/Third_Party/FreeRTOS/Source/tasks.c **** 	portTICK_TYPE_EXIT_CRITICAL();
2314:Middlewares/Third_Party/FreeRTOS/Source/tasks.c **** 
2315:Middlewares/Third_Party/FreeRTOS/Source/tasks.c **** 	return xTicks;
2316:Middlewares/Third_Party/FreeRTOS/Source/tasks.c **** }
2317:Middlewares/Third_Party/FreeRTOS/Source/tasks.c **** /*-----------------------------------------------------------*/
2318:Middlewares/Third_Party/FreeRTOS/Source/tasks.c **** 
2319:Middlewares/Third_Party/FreeRTOS/Source/tasks.c **** TickType_t xTaskGetTickCountFromISR( void )
2320:Middlewares/Third_Party/FreeRTOS/Source/tasks.c **** {
2321:Middlewares/Third_Party/FreeRTOS/Source/tasks.c **** TickType_t xReturn;
2322:Middlewares/Third_Party/FreeRTOS/Source/tasks.c **** UBaseType_t uxSavedInterruptStatus;
2323:Middlewares/Third_Party/FreeRTOS/Source/tasks.c **** 
2324:Middlewares/Third_Party/FreeRTOS/Source/tasks.c **** 	/* RTOS ports that support interrupt nesting have the concept of a maximum
2325:Middlewares/Third_Party/FreeRTOS/Source/tasks.c **** 	system call (or maximum API call) interrupt priority.  Interrupts that are
2326:Middlewares/Third_Party/FreeRTOS/Source/tasks.c **** 	above the maximum system call priority are kept permanently enabled, even
2327:Middlewares/Third_Party/FreeRTOS/Source/tasks.c **** 	when the RTOS kernel is in a critical section, but cannot make any calls to
2328:Middlewares/Third_Party/FreeRTOS/Source/tasks.c **** 	FreeRTOS API functions.  If configASSERT() is defined in FreeRTOSConfig.h
2329:Middlewares/Third_Party/FreeRTOS/Source/tasks.c **** 	then portASSERT_IF_INTERRUPT_PRIORITY_INVALID() will result in an assertion
2330:Middlewares/Third_Party/FreeRTOS/Source/tasks.c **** 	failure if a FreeRTOS API function is called from an interrupt that has been
2331:Middlewares/Third_Party/FreeRTOS/Source/tasks.c **** 	assigned a priority above the configured maximum system call priority.
2332:Middlewares/Third_Party/FreeRTOS/Source/tasks.c **** 	Only FreeRTOS functions that end in FromISR can be called from interrupts
2333:Middlewares/Third_Party/FreeRTOS/Source/tasks.c **** 	that have been assigned a priority at or (logically) below the maximum
2334:Middlewares/Third_Party/FreeRTOS/Source/tasks.c **** 	system call	interrupt priority.  FreeRTOS maintains a separate interrupt
2335:Middlewares/Third_Party/FreeRTOS/Source/tasks.c **** 	safe API to ensure interrupt entry is as fast and as simple as possible.
2336:Middlewares/Third_Party/FreeRTOS/Source/tasks.c **** 	More information (albeit Cortex-M specific) is provided on the following
2337:Middlewares/Third_Party/FreeRTOS/Source/tasks.c **** 	link: https://www.freertos.org/RTOS-Cortex-M3-M4.html */
2338:Middlewares/Third_Party/FreeRTOS/Source/tasks.c **** 	portASSERT_IF_INTERRUPT_PRIORITY_INVALID();
2339:Middlewares/Third_Party/FreeRTOS/Source/tasks.c **** 
2340:Middlewares/Third_Party/FreeRTOS/Source/tasks.c **** 	uxSavedInterruptStatus = portTICK_TYPE_SET_INTERRUPT_MASK_FROM_ISR();
2341:Middlewares/Third_Party/FreeRTOS/Source/tasks.c **** 	{
2342:Middlewares/Third_Party/FreeRTOS/Source/tasks.c **** 		xReturn = xTickCount;
2343:Middlewares/Third_Party/FreeRTOS/Source/tasks.c **** 	}
2344:Middlewares/Third_Party/FreeRTOS/Source/tasks.c **** 	portTICK_TYPE_CLEAR_INTERRUPT_MASK_FROM_ISR( uxSavedInterruptStatus );
2345:Middlewares/Third_Party/FreeRTOS/Source/tasks.c **** 
2346:Middlewares/Third_Party/FreeRTOS/Source/tasks.c **** 	return xReturn;
2347:Middlewares/Third_Party/FreeRTOS/Source/tasks.c **** }
2348:Middlewares/Third_Party/FreeRTOS/Source/tasks.c **** /*-----------------------------------------------------------*/
2349:Middlewares/Third_Party/FreeRTOS/Source/tasks.c **** 
2350:Middlewares/Third_Party/FreeRTOS/Source/tasks.c **** UBaseType_t uxTaskGetNumberOfTasks( void )
2351:Middlewares/Third_Party/FreeRTOS/Source/tasks.c **** {
2352:Middlewares/Third_Party/FreeRTOS/Source/tasks.c **** 	/* A critical section is not required because the variables are of type
2353:Middlewares/Third_Party/FreeRTOS/Source/tasks.c **** 	BaseType_t. */
2354:Middlewares/Third_Party/FreeRTOS/Source/tasks.c **** 	return uxCurrentNumberOfTasks;
2355:Middlewares/Third_Party/FreeRTOS/Source/tasks.c **** }
2356:Middlewares/Third_Party/FreeRTOS/Source/tasks.c **** /*-----------------------------------------------------------*/
ARM GAS  C:\Users\jason\AppData\Local\Temp\ccaXxPCU.s 			page 48


2357:Middlewares/Third_Party/FreeRTOS/Source/tasks.c **** 
2358:Middlewares/Third_Party/FreeRTOS/Source/tasks.c **** char *pcTaskGetName( TaskHandle_t xTaskToQuery ) /*lint !e971 Unqualified char types are allowed fo
2359:Middlewares/Third_Party/FreeRTOS/Source/tasks.c **** {
2360:Middlewares/Third_Party/FreeRTOS/Source/tasks.c **** TCB_t *pxTCB;
2361:Middlewares/Third_Party/FreeRTOS/Source/tasks.c **** 
2362:Middlewares/Third_Party/FreeRTOS/Source/tasks.c **** 	/* If null is passed in here then the name of the calling task is being
2363:Middlewares/Third_Party/FreeRTOS/Source/tasks.c **** 	queried. */
2364:Middlewares/Third_Party/FreeRTOS/Source/tasks.c **** 	pxTCB = prvGetTCBFromHandle( xTaskToQuery );
2365:Middlewares/Third_Party/FreeRTOS/Source/tasks.c **** 	configASSERT( pxTCB );
2366:Middlewares/Third_Party/FreeRTOS/Source/tasks.c **** 	return &( pxTCB->pcTaskName[ 0 ] );
2367:Middlewares/Third_Party/FreeRTOS/Source/tasks.c **** }
2368:Middlewares/Third_Party/FreeRTOS/Source/tasks.c **** /*-----------------------------------------------------------*/
2369:Middlewares/Third_Party/FreeRTOS/Source/tasks.c **** 
2370:Middlewares/Third_Party/FreeRTOS/Source/tasks.c **** #if ( INCLUDE_xTaskGetHandle == 1 )
2371:Middlewares/Third_Party/FreeRTOS/Source/tasks.c **** 
2372:Middlewares/Third_Party/FreeRTOS/Source/tasks.c **** 	static TCB_t *prvSearchForNameWithinSingleList( List_t *pxList, const char pcNameToQuery[] )
2373:Middlewares/Third_Party/FreeRTOS/Source/tasks.c **** 	{
2374:Middlewares/Third_Party/FreeRTOS/Source/tasks.c **** 	TCB_t *pxNextTCB, *pxFirstTCB, *pxReturn = NULL;
2375:Middlewares/Third_Party/FreeRTOS/Source/tasks.c **** 	UBaseType_t x;
2376:Middlewares/Third_Party/FreeRTOS/Source/tasks.c **** 	char cNextChar;
2377:Middlewares/Third_Party/FreeRTOS/Source/tasks.c **** 	BaseType_t xBreakLoop;
2378:Middlewares/Third_Party/FreeRTOS/Source/tasks.c **** 
2379:Middlewares/Third_Party/FreeRTOS/Source/tasks.c **** 		/* This function is called with the scheduler suspended. */
2380:Middlewares/Third_Party/FreeRTOS/Source/tasks.c **** 
2381:Middlewares/Third_Party/FreeRTOS/Source/tasks.c **** 		if( listCURRENT_LIST_LENGTH( pxList ) > ( UBaseType_t ) 0 )
2382:Middlewares/Third_Party/FreeRTOS/Source/tasks.c **** 		{
2383:Middlewares/Third_Party/FreeRTOS/Source/tasks.c **** 			listGET_OWNER_OF_NEXT_ENTRY( pxFirstTCB, pxList );  /*lint !e9079 void * is used as this macro i
2384:Middlewares/Third_Party/FreeRTOS/Source/tasks.c **** 
2385:Middlewares/Third_Party/FreeRTOS/Source/tasks.c **** 			do
2386:Middlewares/Third_Party/FreeRTOS/Source/tasks.c **** 			{
2387:Middlewares/Third_Party/FreeRTOS/Source/tasks.c **** 				listGET_OWNER_OF_NEXT_ENTRY( pxNextTCB, pxList ); /*lint !e9079 void * is used as this macro is
2388:Middlewares/Third_Party/FreeRTOS/Source/tasks.c **** 
2389:Middlewares/Third_Party/FreeRTOS/Source/tasks.c **** 				/* Check each character in the name looking for a match or
2390:Middlewares/Third_Party/FreeRTOS/Source/tasks.c **** 				mismatch. */
2391:Middlewares/Third_Party/FreeRTOS/Source/tasks.c **** 				xBreakLoop = pdFALSE;
2392:Middlewares/Third_Party/FreeRTOS/Source/tasks.c **** 				for( x = ( UBaseType_t ) 0; x < ( UBaseType_t ) configMAX_TASK_NAME_LEN; x++ )
2393:Middlewares/Third_Party/FreeRTOS/Source/tasks.c **** 				{
2394:Middlewares/Third_Party/FreeRTOS/Source/tasks.c **** 					cNextChar = pxNextTCB->pcTaskName[ x ];
2395:Middlewares/Third_Party/FreeRTOS/Source/tasks.c **** 
2396:Middlewares/Third_Party/FreeRTOS/Source/tasks.c **** 					if( cNextChar != pcNameToQuery[ x ] )
2397:Middlewares/Third_Party/FreeRTOS/Source/tasks.c **** 					{
2398:Middlewares/Third_Party/FreeRTOS/Source/tasks.c **** 						/* Characters didn't match. */
2399:Middlewares/Third_Party/FreeRTOS/Source/tasks.c **** 						xBreakLoop = pdTRUE;
2400:Middlewares/Third_Party/FreeRTOS/Source/tasks.c **** 					}
2401:Middlewares/Third_Party/FreeRTOS/Source/tasks.c **** 					else if( cNextChar == ( char ) 0x00 )
2402:Middlewares/Third_Party/FreeRTOS/Source/tasks.c **** 					{
2403:Middlewares/Third_Party/FreeRTOS/Source/tasks.c **** 						/* Both strings terminated, a match must have been
2404:Middlewares/Third_Party/FreeRTOS/Source/tasks.c **** 						found. */
2405:Middlewares/Third_Party/FreeRTOS/Source/tasks.c **** 						pxReturn = pxNextTCB;
2406:Middlewares/Third_Party/FreeRTOS/Source/tasks.c **** 						xBreakLoop = pdTRUE;
2407:Middlewares/Third_Party/FreeRTOS/Source/tasks.c **** 					}
2408:Middlewares/Third_Party/FreeRTOS/Source/tasks.c **** 					else
2409:Middlewares/Third_Party/FreeRTOS/Source/tasks.c **** 					{
2410:Middlewares/Third_Party/FreeRTOS/Source/tasks.c **** 						mtCOVERAGE_TEST_MARKER();
2411:Middlewares/Third_Party/FreeRTOS/Source/tasks.c **** 					}
2412:Middlewares/Third_Party/FreeRTOS/Source/tasks.c **** 
2413:Middlewares/Third_Party/FreeRTOS/Source/tasks.c **** 					if( xBreakLoop != pdFALSE )
ARM GAS  C:\Users\jason\AppData\Local\Temp\ccaXxPCU.s 			page 49


2414:Middlewares/Third_Party/FreeRTOS/Source/tasks.c **** 					{
2415:Middlewares/Third_Party/FreeRTOS/Source/tasks.c **** 						break;
2416:Middlewares/Third_Party/FreeRTOS/Source/tasks.c **** 					}
2417:Middlewares/Third_Party/FreeRTOS/Source/tasks.c **** 				}
2418:Middlewares/Third_Party/FreeRTOS/Source/tasks.c **** 
2419:Middlewares/Third_Party/FreeRTOS/Source/tasks.c **** 				if( pxReturn != NULL )
2420:Middlewares/Third_Party/FreeRTOS/Source/tasks.c **** 				{
2421:Middlewares/Third_Party/FreeRTOS/Source/tasks.c **** 					/* The handle has been found. */
2422:Middlewares/Third_Party/FreeRTOS/Source/tasks.c **** 					break;
2423:Middlewares/Third_Party/FreeRTOS/Source/tasks.c **** 				}
2424:Middlewares/Third_Party/FreeRTOS/Source/tasks.c **** 
2425:Middlewares/Third_Party/FreeRTOS/Source/tasks.c **** 			} while( pxNextTCB != pxFirstTCB );
2426:Middlewares/Third_Party/FreeRTOS/Source/tasks.c **** 		}
2427:Middlewares/Third_Party/FreeRTOS/Source/tasks.c **** 		else
2428:Middlewares/Third_Party/FreeRTOS/Source/tasks.c **** 		{
2429:Middlewares/Third_Party/FreeRTOS/Source/tasks.c **** 			mtCOVERAGE_TEST_MARKER();
2430:Middlewares/Third_Party/FreeRTOS/Source/tasks.c **** 		}
2431:Middlewares/Third_Party/FreeRTOS/Source/tasks.c **** 
2432:Middlewares/Third_Party/FreeRTOS/Source/tasks.c **** 		return pxReturn;
2433:Middlewares/Third_Party/FreeRTOS/Source/tasks.c **** 	}
2434:Middlewares/Third_Party/FreeRTOS/Source/tasks.c **** 
2435:Middlewares/Third_Party/FreeRTOS/Source/tasks.c **** #endif /* INCLUDE_xTaskGetHandle */
2436:Middlewares/Third_Party/FreeRTOS/Source/tasks.c **** /*-----------------------------------------------------------*/
2437:Middlewares/Third_Party/FreeRTOS/Source/tasks.c **** 
2438:Middlewares/Third_Party/FreeRTOS/Source/tasks.c **** #if ( INCLUDE_xTaskGetHandle == 1 )
2439:Middlewares/Third_Party/FreeRTOS/Source/tasks.c **** 
2440:Middlewares/Third_Party/FreeRTOS/Source/tasks.c **** 	TaskHandle_t xTaskGetHandle( const char *pcNameToQuery ) /*lint !e971 Unqualified char types are a
2441:Middlewares/Third_Party/FreeRTOS/Source/tasks.c **** 	{
2442:Middlewares/Third_Party/FreeRTOS/Source/tasks.c **** 	UBaseType_t uxQueue = configMAX_PRIORITIES;
2443:Middlewares/Third_Party/FreeRTOS/Source/tasks.c **** 	TCB_t* pxTCB;
2444:Middlewares/Third_Party/FreeRTOS/Source/tasks.c **** 
2445:Middlewares/Third_Party/FreeRTOS/Source/tasks.c **** 		/* Task names will be truncated to configMAX_TASK_NAME_LEN - 1 bytes. */
2446:Middlewares/Third_Party/FreeRTOS/Source/tasks.c **** 		configASSERT( strlen( pcNameToQuery ) < configMAX_TASK_NAME_LEN );
2447:Middlewares/Third_Party/FreeRTOS/Source/tasks.c **** 
2448:Middlewares/Third_Party/FreeRTOS/Source/tasks.c **** 		vTaskSuspendAll();
2449:Middlewares/Third_Party/FreeRTOS/Source/tasks.c **** 		{
2450:Middlewares/Third_Party/FreeRTOS/Source/tasks.c **** 			/* Search the ready lists. */
2451:Middlewares/Third_Party/FreeRTOS/Source/tasks.c **** 			do
2452:Middlewares/Third_Party/FreeRTOS/Source/tasks.c **** 			{
2453:Middlewares/Third_Party/FreeRTOS/Source/tasks.c **** 				uxQueue--;
2454:Middlewares/Third_Party/FreeRTOS/Source/tasks.c **** 				pxTCB = prvSearchForNameWithinSingleList( ( List_t * ) &( pxReadyTasksLists[ uxQueue ] ), pcNam
2455:Middlewares/Third_Party/FreeRTOS/Source/tasks.c **** 
2456:Middlewares/Third_Party/FreeRTOS/Source/tasks.c **** 				if( pxTCB != NULL )
2457:Middlewares/Third_Party/FreeRTOS/Source/tasks.c **** 				{
2458:Middlewares/Third_Party/FreeRTOS/Source/tasks.c **** 					/* Found the handle. */
2459:Middlewares/Third_Party/FreeRTOS/Source/tasks.c **** 					break;
2460:Middlewares/Third_Party/FreeRTOS/Source/tasks.c **** 				}
2461:Middlewares/Third_Party/FreeRTOS/Source/tasks.c **** 
2462:Middlewares/Third_Party/FreeRTOS/Source/tasks.c **** 			} while( uxQueue > ( UBaseType_t ) tskIDLE_PRIORITY ); /*lint !e961 MISRA exception as the casts
2463:Middlewares/Third_Party/FreeRTOS/Source/tasks.c **** 
2464:Middlewares/Third_Party/FreeRTOS/Source/tasks.c **** 			/* Search the delayed lists. */
2465:Middlewares/Third_Party/FreeRTOS/Source/tasks.c **** 			if( pxTCB == NULL )
2466:Middlewares/Third_Party/FreeRTOS/Source/tasks.c **** 			{
2467:Middlewares/Third_Party/FreeRTOS/Source/tasks.c **** 				pxTCB = prvSearchForNameWithinSingleList( ( List_t * ) pxDelayedTaskList, pcNameToQuery );
2468:Middlewares/Third_Party/FreeRTOS/Source/tasks.c **** 			}
2469:Middlewares/Third_Party/FreeRTOS/Source/tasks.c **** 
2470:Middlewares/Third_Party/FreeRTOS/Source/tasks.c **** 			if( pxTCB == NULL )
ARM GAS  C:\Users\jason\AppData\Local\Temp\ccaXxPCU.s 			page 50


2471:Middlewares/Third_Party/FreeRTOS/Source/tasks.c **** 			{
2472:Middlewares/Third_Party/FreeRTOS/Source/tasks.c **** 				pxTCB = prvSearchForNameWithinSingleList( ( List_t * ) pxOverflowDelayedTaskList, pcNameToQuery
2473:Middlewares/Third_Party/FreeRTOS/Source/tasks.c **** 			}
2474:Middlewares/Third_Party/FreeRTOS/Source/tasks.c **** 
2475:Middlewares/Third_Party/FreeRTOS/Source/tasks.c **** 			#if ( INCLUDE_vTaskSuspend == 1 )
2476:Middlewares/Third_Party/FreeRTOS/Source/tasks.c **** 			{
2477:Middlewares/Third_Party/FreeRTOS/Source/tasks.c **** 				if( pxTCB == NULL )
2478:Middlewares/Third_Party/FreeRTOS/Source/tasks.c **** 				{
2479:Middlewares/Third_Party/FreeRTOS/Source/tasks.c **** 					/* Search the suspended list. */
2480:Middlewares/Third_Party/FreeRTOS/Source/tasks.c **** 					pxTCB = prvSearchForNameWithinSingleList( &xSuspendedTaskList, pcNameToQuery );
2481:Middlewares/Third_Party/FreeRTOS/Source/tasks.c **** 				}
2482:Middlewares/Third_Party/FreeRTOS/Source/tasks.c **** 			}
2483:Middlewares/Third_Party/FreeRTOS/Source/tasks.c **** 			#endif
2484:Middlewares/Third_Party/FreeRTOS/Source/tasks.c **** 
2485:Middlewares/Third_Party/FreeRTOS/Source/tasks.c **** 			#if( INCLUDE_vTaskDelete == 1 )
2486:Middlewares/Third_Party/FreeRTOS/Source/tasks.c **** 			{
2487:Middlewares/Third_Party/FreeRTOS/Source/tasks.c **** 				if( pxTCB == NULL )
2488:Middlewares/Third_Party/FreeRTOS/Source/tasks.c **** 				{
2489:Middlewares/Third_Party/FreeRTOS/Source/tasks.c **** 					/* Search the deleted list. */
2490:Middlewares/Third_Party/FreeRTOS/Source/tasks.c **** 					pxTCB = prvSearchForNameWithinSingleList( &xTasksWaitingTermination, pcNameToQuery );
2491:Middlewares/Third_Party/FreeRTOS/Source/tasks.c **** 				}
2492:Middlewares/Third_Party/FreeRTOS/Source/tasks.c **** 			}
2493:Middlewares/Third_Party/FreeRTOS/Source/tasks.c **** 			#endif
2494:Middlewares/Third_Party/FreeRTOS/Source/tasks.c **** 		}
2495:Middlewares/Third_Party/FreeRTOS/Source/tasks.c **** 		( void ) xTaskResumeAll();
2496:Middlewares/Third_Party/FreeRTOS/Source/tasks.c **** 
2497:Middlewares/Third_Party/FreeRTOS/Source/tasks.c **** 		return pxTCB;
2498:Middlewares/Third_Party/FreeRTOS/Source/tasks.c **** 	}
2499:Middlewares/Third_Party/FreeRTOS/Source/tasks.c **** 
2500:Middlewares/Third_Party/FreeRTOS/Source/tasks.c **** #endif /* INCLUDE_xTaskGetHandle */
2501:Middlewares/Third_Party/FreeRTOS/Source/tasks.c **** /*-----------------------------------------------------------*/
2502:Middlewares/Third_Party/FreeRTOS/Source/tasks.c **** 
2503:Middlewares/Third_Party/FreeRTOS/Source/tasks.c **** #if ( configUSE_TRACE_FACILITY == 1 )
2504:Middlewares/Third_Party/FreeRTOS/Source/tasks.c **** 
2505:Middlewares/Third_Party/FreeRTOS/Source/tasks.c **** 	UBaseType_t uxTaskGetSystemState( TaskStatus_t * const pxTaskStatusArray, const UBaseType_t uxArra
2506:Middlewares/Third_Party/FreeRTOS/Source/tasks.c **** 	{
2507:Middlewares/Third_Party/FreeRTOS/Source/tasks.c **** 	UBaseType_t uxTask = 0, uxQueue = configMAX_PRIORITIES;
2508:Middlewares/Third_Party/FreeRTOS/Source/tasks.c **** 
2509:Middlewares/Third_Party/FreeRTOS/Source/tasks.c **** 		vTaskSuspendAll();
2510:Middlewares/Third_Party/FreeRTOS/Source/tasks.c **** 		{
2511:Middlewares/Third_Party/FreeRTOS/Source/tasks.c **** 			/* Is there a space in the array for each task in the system? */
2512:Middlewares/Third_Party/FreeRTOS/Source/tasks.c **** 			if( uxArraySize >= uxCurrentNumberOfTasks )
2513:Middlewares/Third_Party/FreeRTOS/Source/tasks.c **** 			{
2514:Middlewares/Third_Party/FreeRTOS/Source/tasks.c **** 				/* Fill in an TaskStatus_t structure with information on each
2515:Middlewares/Third_Party/FreeRTOS/Source/tasks.c **** 				task in the Ready state. */
2516:Middlewares/Third_Party/FreeRTOS/Source/tasks.c **** 				do
2517:Middlewares/Third_Party/FreeRTOS/Source/tasks.c **** 				{
2518:Middlewares/Third_Party/FreeRTOS/Source/tasks.c **** 					uxQueue--;
2519:Middlewares/Third_Party/FreeRTOS/Source/tasks.c **** 					uxTask += prvListTasksWithinSingleList( &( pxTaskStatusArray[ uxTask ] ), &( pxReadyTasksLists
2520:Middlewares/Third_Party/FreeRTOS/Source/tasks.c **** 
2521:Middlewares/Third_Party/FreeRTOS/Source/tasks.c **** 				} while( uxQueue > ( UBaseType_t ) tskIDLE_PRIORITY ); /*lint !e961 MISRA exception as the cast
2522:Middlewares/Third_Party/FreeRTOS/Source/tasks.c **** 
2523:Middlewares/Third_Party/FreeRTOS/Source/tasks.c **** 				/* Fill in an TaskStatus_t structure with information on each
2524:Middlewares/Third_Party/FreeRTOS/Source/tasks.c **** 				task in the Blocked state. */
2525:Middlewares/Third_Party/FreeRTOS/Source/tasks.c **** 				uxTask += prvListTasksWithinSingleList( &( pxTaskStatusArray[ uxTask ] ), ( List_t * ) pxDelaye
2526:Middlewares/Third_Party/FreeRTOS/Source/tasks.c **** 				uxTask += prvListTasksWithinSingleList( &( pxTaskStatusArray[ uxTask ] ), ( List_t * ) pxOverfl
2527:Middlewares/Third_Party/FreeRTOS/Source/tasks.c **** 
ARM GAS  C:\Users\jason\AppData\Local\Temp\ccaXxPCU.s 			page 51


2528:Middlewares/Third_Party/FreeRTOS/Source/tasks.c **** 				#if( INCLUDE_vTaskDelete == 1 )
2529:Middlewares/Third_Party/FreeRTOS/Source/tasks.c **** 				{
2530:Middlewares/Third_Party/FreeRTOS/Source/tasks.c **** 					/* Fill in an TaskStatus_t structure with information on
2531:Middlewares/Third_Party/FreeRTOS/Source/tasks.c **** 					each task that has been deleted but not yet cleaned up. */
2532:Middlewares/Third_Party/FreeRTOS/Source/tasks.c **** 					uxTask += prvListTasksWithinSingleList( &( pxTaskStatusArray[ uxTask ] ), &xTasksWaitingTermin
2533:Middlewares/Third_Party/FreeRTOS/Source/tasks.c **** 				}
2534:Middlewares/Third_Party/FreeRTOS/Source/tasks.c **** 				#endif
2535:Middlewares/Third_Party/FreeRTOS/Source/tasks.c **** 
2536:Middlewares/Third_Party/FreeRTOS/Source/tasks.c **** 				#if ( INCLUDE_vTaskSuspend == 1 )
2537:Middlewares/Third_Party/FreeRTOS/Source/tasks.c **** 				{
2538:Middlewares/Third_Party/FreeRTOS/Source/tasks.c **** 					/* Fill in an TaskStatus_t structure with information on
2539:Middlewares/Third_Party/FreeRTOS/Source/tasks.c **** 					each task in the Suspended state. */
2540:Middlewares/Third_Party/FreeRTOS/Source/tasks.c **** 					uxTask += prvListTasksWithinSingleList( &( pxTaskStatusArray[ uxTask ] ), &xSuspendedTaskList,
2541:Middlewares/Third_Party/FreeRTOS/Source/tasks.c **** 				}
2542:Middlewares/Third_Party/FreeRTOS/Source/tasks.c **** 				#endif
2543:Middlewares/Third_Party/FreeRTOS/Source/tasks.c **** 
2544:Middlewares/Third_Party/FreeRTOS/Source/tasks.c **** 				#if ( configGENERATE_RUN_TIME_STATS == 1)
2545:Middlewares/Third_Party/FreeRTOS/Source/tasks.c **** 				{
2546:Middlewares/Third_Party/FreeRTOS/Source/tasks.c **** 					if( pulTotalRunTime != NULL )
2547:Middlewares/Third_Party/FreeRTOS/Source/tasks.c **** 					{
2548:Middlewares/Third_Party/FreeRTOS/Source/tasks.c **** 						#ifdef portALT_GET_RUN_TIME_COUNTER_VALUE
2549:Middlewares/Third_Party/FreeRTOS/Source/tasks.c **** 							portALT_GET_RUN_TIME_COUNTER_VALUE( ( *pulTotalRunTime ) );
2550:Middlewares/Third_Party/FreeRTOS/Source/tasks.c **** 						#else
2551:Middlewares/Third_Party/FreeRTOS/Source/tasks.c **** 							*pulTotalRunTime = portGET_RUN_TIME_COUNTER_VALUE();
2552:Middlewares/Third_Party/FreeRTOS/Source/tasks.c **** 						#endif
2553:Middlewares/Third_Party/FreeRTOS/Source/tasks.c **** 					}
2554:Middlewares/Third_Party/FreeRTOS/Source/tasks.c **** 				}
2555:Middlewares/Third_Party/FreeRTOS/Source/tasks.c **** 				#else
2556:Middlewares/Third_Party/FreeRTOS/Source/tasks.c **** 				{
2557:Middlewares/Third_Party/FreeRTOS/Source/tasks.c **** 					if( pulTotalRunTime != NULL )
2558:Middlewares/Third_Party/FreeRTOS/Source/tasks.c **** 					{
2559:Middlewares/Third_Party/FreeRTOS/Source/tasks.c **** 						*pulTotalRunTime = 0;
2560:Middlewares/Third_Party/FreeRTOS/Source/tasks.c **** 					}
2561:Middlewares/Third_Party/FreeRTOS/Source/tasks.c **** 				}
2562:Middlewares/Third_Party/FreeRTOS/Source/tasks.c **** 				#endif
2563:Middlewares/Third_Party/FreeRTOS/Source/tasks.c **** 			}
2564:Middlewares/Third_Party/FreeRTOS/Source/tasks.c **** 			else
2565:Middlewares/Third_Party/FreeRTOS/Source/tasks.c **** 			{
2566:Middlewares/Third_Party/FreeRTOS/Source/tasks.c **** 				mtCOVERAGE_TEST_MARKER();
2567:Middlewares/Third_Party/FreeRTOS/Source/tasks.c **** 			}
2568:Middlewares/Third_Party/FreeRTOS/Source/tasks.c **** 		}
2569:Middlewares/Third_Party/FreeRTOS/Source/tasks.c **** 		( void ) xTaskResumeAll();
2570:Middlewares/Third_Party/FreeRTOS/Source/tasks.c **** 
2571:Middlewares/Third_Party/FreeRTOS/Source/tasks.c **** 		return uxTask;
2572:Middlewares/Third_Party/FreeRTOS/Source/tasks.c **** 	}
2573:Middlewares/Third_Party/FreeRTOS/Source/tasks.c **** 
2574:Middlewares/Third_Party/FreeRTOS/Source/tasks.c **** #endif /* configUSE_TRACE_FACILITY */
2575:Middlewares/Third_Party/FreeRTOS/Source/tasks.c **** /*----------------------------------------------------------*/
2576:Middlewares/Third_Party/FreeRTOS/Source/tasks.c **** 
2577:Middlewares/Third_Party/FreeRTOS/Source/tasks.c **** #if ( INCLUDE_xTaskGetIdleTaskHandle == 1 )
2578:Middlewares/Third_Party/FreeRTOS/Source/tasks.c **** 
2579:Middlewares/Third_Party/FreeRTOS/Source/tasks.c **** 	TaskHandle_t xTaskGetIdleTaskHandle( void )
2580:Middlewares/Third_Party/FreeRTOS/Source/tasks.c **** 	{
2581:Middlewares/Third_Party/FreeRTOS/Source/tasks.c **** 		/* If xTaskGetIdleTaskHandle() is called before the scheduler has been
2582:Middlewares/Third_Party/FreeRTOS/Source/tasks.c **** 		started, then xIdleTaskHandle will be NULL. */
2583:Middlewares/Third_Party/FreeRTOS/Source/tasks.c **** 		configASSERT( ( xIdleTaskHandle != NULL ) );
2584:Middlewares/Third_Party/FreeRTOS/Source/tasks.c **** 		return xIdleTaskHandle;
ARM GAS  C:\Users\jason\AppData\Local\Temp\ccaXxPCU.s 			page 52


2585:Middlewares/Third_Party/FreeRTOS/Source/tasks.c **** 	}
2586:Middlewares/Third_Party/FreeRTOS/Source/tasks.c **** 
2587:Middlewares/Third_Party/FreeRTOS/Source/tasks.c **** #endif /* INCLUDE_xTaskGetIdleTaskHandle */
2588:Middlewares/Third_Party/FreeRTOS/Source/tasks.c **** /*----------------------------------------------------------*/
2589:Middlewares/Third_Party/FreeRTOS/Source/tasks.c **** 
2590:Middlewares/Third_Party/FreeRTOS/Source/tasks.c **** /* This conditional compilation should use inequality to 0, not equality to 1.
2591:Middlewares/Third_Party/FreeRTOS/Source/tasks.c **** This is to ensure vTaskStepTick() is available when user defined low power mode
2592:Middlewares/Third_Party/FreeRTOS/Source/tasks.c **** implementations require configUSE_TICKLESS_IDLE to be set to a value other than
2593:Middlewares/Third_Party/FreeRTOS/Source/tasks.c **** 1. */
2594:Middlewares/Third_Party/FreeRTOS/Source/tasks.c **** #if ( configUSE_TICKLESS_IDLE != 0 )
2595:Middlewares/Third_Party/FreeRTOS/Source/tasks.c **** 
2596:Middlewares/Third_Party/FreeRTOS/Source/tasks.c **** 	void vTaskStepTick( const TickType_t xTicksToJump )
2597:Middlewares/Third_Party/FreeRTOS/Source/tasks.c **** 	{
2598:Middlewares/Third_Party/FreeRTOS/Source/tasks.c **** 		/* Correct the tick count value after a period during which the tick
2599:Middlewares/Third_Party/FreeRTOS/Source/tasks.c **** 		was suppressed.  Note this does *not* call the tick hook function for
2600:Middlewares/Third_Party/FreeRTOS/Source/tasks.c **** 		each stepped tick. */
2601:Middlewares/Third_Party/FreeRTOS/Source/tasks.c **** 		configASSERT( ( xTickCount + xTicksToJump ) <= xNextTaskUnblockTime );
2602:Middlewares/Third_Party/FreeRTOS/Source/tasks.c **** 		xTickCount += xTicksToJump;
2603:Middlewares/Third_Party/FreeRTOS/Source/tasks.c **** 		traceINCREASE_TICK_COUNT( xTicksToJump );
2604:Middlewares/Third_Party/FreeRTOS/Source/tasks.c **** 	}
2605:Middlewares/Third_Party/FreeRTOS/Source/tasks.c **** 
2606:Middlewares/Third_Party/FreeRTOS/Source/tasks.c **** #endif /* configUSE_TICKLESS_IDLE */
2607:Middlewares/Third_Party/FreeRTOS/Source/tasks.c **** /*----------------------------------------------------------*/
2608:Middlewares/Third_Party/FreeRTOS/Source/tasks.c **** 
2609:Middlewares/Third_Party/FreeRTOS/Source/tasks.c **** BaseType_t xTaskCatchUpTicks( TickType_t xTicksToCatchUp )
2610:Middlewares/Third_Party/FreeRTOS/Source/tasks.c **** {
2611:Middlewares/Third_Party/FreeRTOS/Source/tasks.c **** BaseType_t xYieldRequired = pdFALSE;
2612:Middlewares/Third_Party/FreeRTOS/Source/tasks.c **** 
2613:Middlewares/Third_Party/FreeRTOS/Source/tasks.c **** 	/* Must not be called with the scheduler suspended as the implementation
2614:Middlewares/Third_Party/FreeRTOS/Source/tasks.c **** 	relies on xPendedTicks being wound down to 0 in xTaskResumeAll(). */
2615:Middlewares/Third_Party/FreeRTOS/Source/tasks.c **** 	configASSERT( uxSchedulerSuspended == 0 );
2616:Middlewares/Third_Party/FreeRTOS/Source/tasks.c **** 
2617:Middlewares/Third_Party/FreeRTOS/Source/tasks.c **** 	/* Use xPendedTicks to mimic xTicksToCatchUp number of ticks occurring when
2618:Middlewares/Third_Party/FreeRTOS/Source/tasks.c **** 	the scheduler is suspended so the ticks are executed in xTaskResumeAll(). */
2619:Middlewares/Third_Party/FreeRTOS/Source/tasks.c **** 	vTaskSuspendAll();
2620:Middlewares/Third_Party/FreeRTOS/Source/tasks.c **** 	xPendedTicks += xTicksToCatchUp;
2621:Middlewares/Third_Party/FreeRTOS/Source/tasks.c **** 	xYieldRequired = xTaskResumeAll();
2622:Middlewares/Third_Party/FreeRTOS/Source/tasks.c **** 
2623:Middlewares/Third_Party/FreeRTOS/Source/tasks.c **** 	return xYieldRequired;
2624:Middlewares/Third_Party/FreeRTOS/Source/tasks.c **** }
2625:Middlewares/Third_Party/FreeRTOS/Source/tasks.c **** /*----------------------------------------------------------*/
2626:Middlewares/Third_Party/FreeRTOS/Source/tasks.c **** 
2627:Middlewares/Third_Party/FreeRTOS/Source/tasks.c **** #if ( INCLUDE_xTaskAbortDelay == 1 )
2628:Middlewares/Third_Party/FreeRTOS/Source/tasks.c **** 
2629:Middlewares/Third_Party/FreeRTOS/Source/tasks.c **** 	BaseType_t xTaskAbortDelay( TaskHandle_t xTask )
2630:Middlewares/Third_Party/FreeRTOS/Source/tasks.c **** 	{
2631:Middlewares/Third_Party/FreeRTOS/Source/tasks.c **** 	TCB_t *pxTCB = xTask;
2632:Middlewares/Third_Party/FreeRTOS/Source/tasks.c **** 	BaseType_t xReturn;
2633:Middlewares/Third_Party/FreeRTOS/Source/tasks.c **** 
2634:Middlewares/Third_Party/FreeRTOS/Source/tasks.c **** 		configASSERT( pxTCB );
2635:Middlewares/Third_Party/FreeRTOS/Source/tasks.c **** 
2636:Middlewares/Third_Party/FreeRTOS/Source/tasks.c **** 		vTaskSuspendAll();
2637:Middlewares/Third_Party/FreeRTOS/Source/tasks.c **** 		{
2638:Middlewares/Third_Party/FreeRTOS/Source/tasks.c **** 			/* A task can only be prematurely removed from the Blocked state if
2639:Middlewares/Third_Party/FreeRTOS/Source/tasks.c **** 			it is actually in the Blocked state. */
2640:Middlewares/Third_Party/FreeRTOS/Source/tasks.c **** 			if( eTaskGetState( xTask ) == eBlocked )
2641:Middlewares/Third_Party/FreeRTOS/Source/tasks.c **** 			{
ARM GAS  C:\Users\jason\AppData\Local\Temp\ccaXxPCU.s 			page 53


2642:Middlewares/Third_Party/FreeRTOS/Source/tasks.c **** 				xReturn = pdPASS;
2643:Middlewares/Third_Party/FreeRTOS/Source/tasks.c **** 
2644:Middlewares/Third_Party/FreeRTOS/Source/tasks.c **** 				/* Remove the reference to the task from the blocked list.  An
2645:Middlewares/Third_Party/FreeRTOS/Source/tasks.c **** 				interrupt won't touch the xStateListItem because the
2646:Middlewares/Third_Party/FreeRTOS/Source/tasks.c **** 				scheduler is suspended. */
2647:Middlewares/Third_Party/FreeRTOS/Source/tasks.c **** 				( void ) uxListRemove( &( pxTCB->xStateListItem ) );
2648:Middlewares/Third_Party/FreeRTOS/Source/tasks.c **** 
2649:Middlewares/Third_Party/FreeRTOS/Source/tasks.c **** 				/* Is the task waiting on an event also?  If so remove it from
2650:Middlewares/Third_Party/FreeRTOS/Source/tasks.c **** 				the event list too.  Interrupts can touch the event list item,
2651:Middlewares/Third_Party/FreeRTOS/Source/tasks.c **** 				even though the scheduler is suspended, so a critical section
2652:Middlewares/Third_Party/FreeRTOS/Source/tasks.c **** 				is used. */
2653:Middlewares/Third_Party/FreeRTOS/Source/tasks.c **** 				taskENTER_CRITICAL();
2654:Middlewares/Third_Party/FreeRTOS/Source/tasks.c **** 				{
2655:Middlewares/Third_Party/FreeRTOS/Source/tasks.c **** 					if( listLIST_ITEM_CONTAINER( &( pxTCB->xEventListItem ) ) != NULL )
2656:Middlewares/Third_Party/FreeRTOS/Source/tasks.c **** 					{
2657:Middlewares/Third_Party/FreeRTOS/Source/tasks.c **** 						( void ) uxListRemove( &( pxTCB->xEventListItem ) );
2658:Middlewares/Third_Party/FreeRTOS/Source/tasks.c **** 
2659:Middlewares/Third_Party/FreeRTOS/Source/tasks.c **** 						/* This lets the task know it was forcibly removed from the
2660:Middlewares/Third_Party/FreeRTOS/Source/tasks.c **** 						blocked state so it should not re-evaluate its block time and
2661:Middlewares/Third_Party/FreeRTOS/Source/tasks.c **** 						then block again. */
2662:Middlewares/Third_Party/FreeRTOS/Source/tasks.c **** 						pxTCB->ucDelayAborted = pdTRUE;
2663:Middlewares/Third_Party/FreeRTOS/Source/tasks.c **** 					}
2664:Middlewares/Third_Party/FreeRTOS/Source/tasks.c **** 					else
2665:Middlewares/Third_Party/FreeRTOS/Source/tasks.c **** 					{
2666:Middlewares/Third_Party/FreeRTOS/Source/tasks.c **** 						mtCOVERAGE_TEST_MARKER();
2667:Middlewares/Third_Party/FreeRTOS/Source/tasks.c **** 					}
2668:Middlewares/Third_Party/FreeRTOS/Source/tasks.c **** 				}
2669:Middlewares/Third_Party/FreeRTOS/Source/tasks.c **** 				taskEXIT_CRITICAL();
2670:Middlewares/Third_Party/FreeRTOS/Source/tasks.c **** 
2671:Middlewares/Third_Party/FreeRTOS/Source/tasks.c **** 				/* Place the unblocked task into the appropriate ready list. */
2672:Middlewares/Third_Party/FreeRTOS/Source/tasks.c **** 				prvAddTaskToReadyList( pxTCB );
2673:Middlewares/Third_Party/FreeRTOS/Source/tasks.c **** 
2674:Middlewares/Third_Party/FreeRTOS/Source/tasks.c **** 				/* A task being unblocked cannot cause an immediate context
2675:Middlewares/Third_Party/FreeRTOS/Source/tasks.c **** 				switch if preemption is turned off. */
2676:Middlewares/Third_Party/FreeRTOS/Source/tasks.c **** 				#if (  configUSE_PREEMPTION == 1 )
2677:Middlewares/Third_Party/FreeRTOS/Source/tasks.c **** 				{
2678:Middlewares/Third_Party/FreeRTOS/Source/tasks.c **** 					/* Preemption is on, but a context switch should only be
2679:Middlewares/Third_Party/FreeRTOS/Source/tasks.c **** 					performed if the unblocked task has a priority that is
2680:Middlewares/Third_Party/FreeRTOS/Source/tasks.c **** 					equal to or higher than the currently executing task. */
2681:Middlewares/Third_Party/FreeRTOS/Source/tasks.c **** 					if( pxTCB->uxPriority > pxCurrentTCB->uxPriority )
2682:Middlewares/Third_Party/FreeRTOS/Source/tasks.c **** 					{
2683:Middlewares/Third_Party/FreeRTOS/Source/tasks.c **** 						/* Pend the yield to be performed when the scheduler
2684:Middlewares/Third_Party/FreeRTOS/Source/tasks.c **** 						is unsuspended. */
2685:Middlewares/Third_Party/FreeRTOS/Source/tasks.c **** 						xYieldPending = pdTRUE;
2686:Middlewares/Third_Party/FreeRTOS/Source/tasks.c **** 					}
2687:Middlewares/Third_Party/FreeRTOS/Source/tasks.c **** 					else
2688:Middlewares/Third_Party/FreeRTOS/Source/tasks.c **** 					{
2689:Middlewares/Third_Party/FreeRTOS/Source/tasks.c **** 						mtCOVERAGE_TEST_MARKER();
2690:Middlewares/Third_Party/FreeRTOS/Source/tasks.c **** 					}
2691:Middlewares/Third_Party/FreeRTOS/Source/tasks.c **** 				}
2692:Middlewares/Third_Party/FreeRTOS/Source/tasks.c **** 				#endif /* configUSE_PREEMPTION */
2693:Middlewares/Third_Party/FreeRTOS/Source/tasks.c **** 			}
2694:Middlewares/Third_Party/FreeRTOS/Source/tasks.c **** 			else
2695:Middlewares/Third_Party/FreeRTOS/Source/tasks.c **** 			{
2696:Middlewares/Third_Party/FreeRTOS/Source/tasks.c **** 				xReturn = pdFAIL;
2697:Middlewares/Third_Party/FreeRTOS/Source/tasks.c **** 			}
2698:Middlewares/Third_Party/FreeRTOS/Source/tasks.c **** 		}
ARM GAS  C:\Users\jason\AppData\Local\Temp\ccaXxPCU.s 			page 54


2699:Middlewares/Third_Party/FreeRTOS/Source/tasks.c **** 		( void ) xTaskResumeAll();
2700:Middlewares/Third_Party/FreeRTOS/Source/tasks.c **** 
2701:Middlewares/Third_Party/FreeRTOS/Source/tasks.c **** 		return xReturn;
2702:Middlewares/Third_Party/FreeRTOS/Source/tasks.c **** 	}
2703:Middlewares/Third_Party/FreeRTOS/Source/tasks.c **** 
2704:Middlewares/Third_Party/FreeRTOS/Source/tasks.c **** #endif /* INCLUDE_xTaskAbortDelay */
2705:Middlewares/Third_Party/FreeRTOS/Source/tasks.c **** /*----------------------------------------------------------*/
2706:Middlewares/Third_Party/FreeRTOS/Source/tasks.c **** 
2707:Middlewares/Third_Party/FreeRTOS/Source/tasks.c **** BaseType_t xTaskIncrementTick( void )
2708:Middlewares/Third_Party/FreeRTOS/Source/tasks.c **** {
2709:Middlewares/Third_Party/FreeRTOS/Source/tasks.c **** TCB_t * pxTCB;
2710:Middlewares/Third_Party/FreeRTOS/Source/tasks.c **** TickType_t xItemValue;
2711:Middlewares/Third_Party/FreeRTOS/Source/tasks.c **** BaseType_t xSwitchRequired = pdFALSE;
2712:Middlewares/Third_Party/FreeRTOS/Source/tasks.c **** 
2713:Middlewares/Third_Party/FreeRTOS/Source/tasks.c **** 	/* Called by the portable layer each time a tick interrupt occurs.
2714:Middlewares/Third_Party/FreeRTOS/Source/tasks.c **** 	Increments the tick then checks to see if the new tick value will cause any
2715:Middlewares/Third_Party/FreeRTOS/Source/tasks.c **** 	tasks to be unblocked. */
2716:Middlewares/Third_Party/FreeRTOS/Source/tasks.c **** 	traceTASK_INCREMENT_TICK( xTickCount );
2717:Middlewares/Third_Party/FreeRTOS/Source/tasks.c **** 	if( uxSchedulerSuspended == ( UBaseType_t ) pdFALSE )
2718:Middlewares/Third_Party/FreeRTOS/Source/tasks.c **** 	{
2719:Middlewares/Third_Party/FreeRTOS/Source/tasks.c **** 		/* Minor optimisation.  The tick count cannot change in this
2720:Middlewares/Third_Party/FreeRTOS/Source/tasks.c **** 		block. */
2721:Middlewares/Third_Party/FreeRTOS/Source/tasks.c **** 		const TickType_t xConstTickCount = xTickCount + ( TickType_t ) 1;
2722:Middlewares/Third_Party/FreeRTOS/Source/tasks.c **** 
2723:Middlewares/Third_Party/FreeRTOS/Source/tasks.c **** 		/* Increment the RTOS tick, switching the delayed and overflowed
2724:Middlewares/Third_Party/FreeRTOS/Source/tasks.c **** 		delayed lists if it wraps to 0. */
2725:Middlewares/Third_Party/FreeRTOS/Source/tasks.c **** 		xTickCount = xConstTickCount;
2726:Middlewares/Third_Party/FreeRTOS/Source/tasks.c **** 
2727:Middlewares/Third_Party/FreeRTOS/Source/tasks.c **** 		if( xConstTickCount == ( TickType_t ) 0U ) /*lint !e774 'if' does not always evaluate to false as
2728:Middlewares/Third_Party/FreeRTOS/Source/tasks.c **** 		{
2729:Middlewares/Third_Party/FreeRTOS/Source/tasks.c **** 			taskSWITCH_DELAYED_LISTS();
2730:Middlewares/Third_Party/FreeRTOS/Source/tasks.c **** 		}
2731:Middlewares/Third_Party/FreeRTOS/Source/tasks.c **** 		else
2732:Middlewares/Third_Party/FreeRTOS/Source/tasks.c **** 		{
2733:Middlewares/Third_Party/FreeRTOS/Source/tasks.c **** 			mtCOVERAGE_TEST_MARKER();
2734:Middlewares/Third_Party/FreeRTOS/Source/tasks.c **** 		}
2735:Middlewares/Third_Party/FreeRTOS/Source/tasks.c **** 
2736:Middlewares/Third_Party/FreeRTOS/Source/tasks.c **** 		/* See if this tick has made a timeout expire.  Tasks are stored in
2737:Middlewares/Third_Party/FreeRTOS/Source/tasks.c **** 		the	queue in the order of their wake time - meaning once one task
2738:Middlewares/Third_Party/FreeRTOS/Source/tasks.c **** 		has been found whose block time has not expired there is no need to
2739:Middlewares/Third_Party/FreeRTOS/Source/tasks.c **** 		look any further down the list. */
2740:Middlewares/Third_Party/FreeRTOS/Source/tasks.c **** 		if( xConstTickCount >= xNextTaskUnblockTime )
2741:Middlewares/Third_Party/FreeRTOS/Source/tasks.c **** 		{
2742:Middlewares/Third_Party/FreeRTOS/Source/tasks.c **** 			for( ;; )
2743:Middlewares/Third_Party/FreeRTOS/Source/tasks.c **** 			{
2744:Middlewares/Third_Party/FreeRTOS/Source/tasks.c **** 				if( listLIST_IS_EMPTY( pxDelayedTaskList ) != pdFALSE )
2745:Middlewares/Third_Party/FreeRTOS/Source/tasks.c **** 				{
2746:Middlewares/Third_Party/FreeRTOS/Source/tasks.c **** 					/* The delayed list is empty.  Set xNextTaskUnblockTime
2747:Middlewares/Third_Party/FreeRTOS/Source/tasks.c **** 					to the maximum possible value so it is extremely
2748:Middlewares/Third_Party/FreeRTOS/Source/tasks.c **** 					unlikely that the
2749:Middlewares/Third_Party/FreeRTOS/Source/tasks.c **** 					if( xTickCount >= xNextTaskUnblockTime ) test will pass
2750:Middlewares/Third_Party/FreeRTOS/Source/tasks.c **** 					next time through. */
2751:Middlewares/Third_Party/FreeRTOS/Source/tasks.c **** 					xNextTaskUnblockTime = portMAX_DELAY; /*lint !e961 MISRA exception as the casts are only redun
2752:Middlewares/Third_Party/FreeRTOS/Source/tasks.c **** 					break;
2753:Middlewares/Third_Party/FreeRTOS/Source/tasks.c **** 				}
2754:Middlewares/Third_Party/FreeRTOS/Source/tasks.c **** 				else
2755:Middlewares/Third_Party/FreeRTOS/Source/tasks.c **** 				{
ARM GAS  C:\Users\jason\AppData\Local\Temp\ccaXxPCU.s 			page 55


2756:Middlewares/Third_Party/FreeRTOS/Source/tasks.c **** 					/* The delayed list is not empty, get the value of the
2757:Middlewares/Third_Party/FreeRTOS/Source/tasks.c **** 					item at the head of the delayed list.  This is the time
2758:Middlewares/Third_Party/FreeRTOS/Source/tasks.c **** 					at which the task at the head of the delayed list must
2759:Middlewares/Third_Party/FreeRTOS/Source/tasks.c **** 					be removed from the Blocked state. */
2760:Middlewares/Third_Party/FreeRTOS/Source/tasks.c **** 					pxTCB = listGET_OWNER_OF_HEAD_ENTRY( pxDelayedTaskList ); /*lint !e9079 void * is used as this
2761:Middlewares/Third_Party/FreeRTOS/Source/tasks.c **** 					xItemValue = listGET_LIST_ITEM_VALUE( &( pxTCB->xStateListItem ) );
2762:Middlewares/Third_Party/FreeRTOS/Source/tasks.c **** 
2763:Middlewares/Third_Party/FreeRTOS/Source/tasks.c **** 					if( xConstTickCount < xItemValue )
2764:Middlewares/Third_Party/FreeRTOS/Source/tasks.c **** 					{
2765:Middlewares/Third_Party/FreeRTOS/Source/tasks.c **** 						/* It is not time to unblock this item yet, but the
2766:Middlewares/Third_Party/FreeRTOS/Source/tasks.c **** 						item value is the time at which the task at the head
2767:Middlewares/Third_Party/FreeRTOS/Source/tasks.c **** 						of the blocked list must be removed from the Blocked
2768:Middlewares/Third_Party/FreeRTOS/Source/tasks.c **** 						state -	so record the item value in
2769:Middlewares/Third_Party/FreeRTOS/Source/tasks.c **** 						xNextTaskUnblockTime. */
2770:Middlewares/Third_Party/FreeRTOS/Source/tasks.c **** 						xNextTaskUnblockTime = xItemValue;
2771:Middlewares/Third_Party/FreeRTOS/Source/tasks.c **** 						break; /*lint !e9011 Code structure here is deedmed easier to understand with multiple breaks
2772:Middlewares/Third_Party/FreeRTOS/Source/tasks.c **** 					}
2773:Middlewares/Third_Party/FreeRTOS/Source/tasks.c **** 					else
2774:Middlewares/Third_Party/FreeRTOS/Source/tasks.c **** 					{
2775:Middlewares/Third_Party/FreeRTOS/Source/tasks.c **** 						mtCOVERAGE_TEST_MARKER();
2776:Middlewares/Third_Party/FreeRTOS/Source/tasks.c **** 					}
2777:Middlewares/Third_Party/FreeRTOS/Source/tasks.c **** 
2778:Middlewares/Third_Party/FreeRTOS/Source/tasks.c **** 					/* It is time to remove the item from the Blocked state. */
2779:Middlewares/Third_Party/FreeRTOS/Source/tasks.c **** 					( void ) uxListRemove( &( pxTCB->xStateListItem ) );
2780:Middlewares/Third_Party/FreeRTOS/Source/tasks.c **** 
2781:Middlewares/Third_Party/FreeRTOS/Source/tasks.c **** 					/* Is the task waiting on an event also?  If so remove
2782:Middlewares/Third_Party/FreeRTOS/Source/tasks.c **** 					it from the event list. */
2783:Middlewares/Third_Party/FreeRTOS/Source/tasks.c **** 					if( listLIST_ITEM_CONTAINER( &( pxTCB->xEventListItem ) ) != NULL )
2784:Middlewares/Third_Party/FreeRTOS/Source/tasks.c **** 					{
2785:Middlewares/Third_Party/FreeRTOS/Source/tasks.c **** 						( void ) uxListRemove( &( pxTCB->xEventListItem ) );
2786:Middlewares/Third_Party/FreeRTOS/Source/tasks.c **** 					}
2787:Middlewares/Third_Party/FreeRTOS/Source/tasks.c **** 					else
2788:Middlewares/Third_Party/FreeRTOS/Source/tasks.c **** 					{
2789:Middlewares/Third_Party/FreeRTOS/Source/tasks.c **** 						mtCOVERAGE_TEST_MARKER();
2790:Middlewares/Third_Party/FreeRTOS/Source/tasks.c **** 					}
2791:Middlewares/Third_Party/FreeRTOS/Source/tasks.c **** 
2792:Middlewares/Third_Party/FreeRTOS/Source/tasks.c **** 					/* Place the unblocked task into the appropriate ready
2793:Middlewares/Third_Party/FreeRTOS/Source/tasks.c **** 					list. */
2794:Middlewares/Third_Party/FreeRTOS/Source/tasks.c **** 					prvAddTaskToReadyList( pxTCB );
2795:Middlewares/Third_Party/FreeRTOS/Source/tasks.c **** 
2796:Middlewares/Third_Party/FreeRTOS/Source/tasks.c **** 					/* A task being unblocked cannot cause an immediate
2797:Middlewares/Third_Party/FreeRTOS/Source/tasks.c **** 					context switch if preemption is turned off. */
2798:Middlewares/Third_Party/FreeRTOS/Source/tasks.c **** 					#if (  configUSE_PREEMPTION == 1 )
2799:Middlewares/Third_Party/FreeRTOS/Source/tasks.c **** 					{
2800:Middlewares/Third_Party/FreeRTOS/Source/tasks.c **** 						/* Preemption is on, but a context switch should
2801:Middlewares/Third_Party/FreeRTOS/Source/tasks.c **** 						only be performed if the unblocked task has a
2802:Middlewares/Third_Party/FreeRTOS/Source/tasks.c **** 						priority that is equal to or higher than the
2803:Middlewares/Third_Party/FreeRTOS/Source/tasks.c **** 						currently executing task. */
2804:Middlewares/Third_Party/FreeRTOS/Source/tasks.c **** 						if( pxTCB->uxPriority >= pxCurrentTCB->uxPriority )
2805:Middlewares/Third_Party/FreeRTOS/Source/tasks.c **** 						{
2806:Middlewares/Third_Party/FreeRTOS/Source/tasks.c **** 							xSwitchRequired = pdTRUE;
2807:Middlewares/Third_Party/FreeRTOS/Source/tasks.c **** 						}
2808:Middlewares/Third_Party/FreeRTOS/Source/tasks.c **** 						else
2809:Middlewares/Third_Party/FreeRTOS/Source/tasks.c **** 						{
2810:Middlewares/Third_Party/FreeRTOS/Source/tasks.c **** 							mtCOVERAGE_TEST_MARKER();
2811:Middlewares/Third_Party/FreeRTOS/Source/tasks.c **** 						}
2812:Middlewares/Third_Party/FreeRTOS/Source/tasks.c **** 					}
ARM GAS  C:\Users\jason\AppData\Local\Temp\ccaXxPCU.s 			page 56


2813:Middlewares/Third_Party/FreeRTOS/Source/tasks.c **** 					#endif /* configUSE_PREEMPTION */
2814:Middlewares/Third_Party/FreeRTOS/Source/tasks.c **** 				}
2815:Middlewares/Third_Party/FreeRTOS/Source/tasks.c **** 			}
2816:Middlewares/Third_Party/FreeRTOS/Source/tasks.c **** 		}
2817:Middlewares/Third_Party/FreeRTOS/Source/tasks.c **** 
2818:Middlewares/Third_Party/FreeRTOS/Source/tasks.c **** 		/* Tasks of equal priority to the currently running task will share
2819:Middlewares/Third_Party/FreeRTOS/Source/tasks.c **** 		processing time (time slice) if preemption is on, and the application
2820:Middlewares/Third_Party/FreeRTOS/Source/tasks.c **** 		writer has not explicitly turned time slicing off. */
2821:Middlewares/Third_Party/FreeRTOS/Source/tasks.c **** 		#if ( ( configUSE_PREEMPTION == 1 ) && ( configUSE_TIME_SLICING == 1 ) )
2822:Middlewares/Third_Party/FreeRTOS/Source/tasks.c **** 		{
2823:Middlewares/Third_Party/FreeRTOS/Source/tasks.c **** 			if( listCURRENT_LIST_LENGTH( &( pxReadyTasksLists[ pxCurrentTCB->uxPriority ] ) ) > ( UBaseType_
2824:Middlewares/Third_Party/FreeRTOS/Source/tasks.c **** 			{
2825:Middlewares/Third_Party/FreeRTOS/Source/tasks.c **** 				xSwitchRequired = pdTRUE;
2826:Middlewares/Third_Party/FreeRTOS/Source/tasks.c **** 			}
2827:Middlewares/Third_Party/FreeRTOS/Source/tasks.c **** 			else
2828:Middlewares/Third_Party/FreeRTOS/Source/tasks.c **** 			{
2829:Middlewares/Third_Party/FreeRTOS/Source/tasks.c **** 				mtCOVERAGE_TEST_MARKER();
2830:Middlewares/Third_Party/FreeRTOS/Source/tasks.c **** 			}
2831:Middlewares/Third_Party/FreeRTOS/Source/tasks.c **** 		}
2832:Middlewares/Third_Party/FreeRTOS/Source/tasks.c **** 		#endif /* ( ( configUSE_PREEMPTION == 1 ) && ( configUSE_TIME_SLICING == 1 ) ) */
2833:Middlewares/Third_Party/FreeRTOS/Source/tasks.c **** 
2834:Middlewares/Third_Party/FreeRTOS/Source/tasks.c **** 		#if ( configUSE_TICK_HOOK == 1 )
2835:Middlewares/Third_Party/FreeRTOS/Source/tasks.c **** 		{
2836:Middlewares/Third_Party/FreeRTOS/Source/tasks.c **** 			/* Guard against the tick hook being called when the pended tick
2837:Middlewares/Third_Party/FreeRTOS/Source/tasks.c **** 			count is being unwound (when the scheduler is being unlocked). */
2838:Middlewares/Third_Party/FreeRTOS/Source/tasks.c **** 			if( xPendedTicks == ( TickType_t ) 0 )
2839:Middlewares/Third_Party/FreeRTOS/Source/tasks.c **** 			{
2840:Middlewares/Third_Party/FreeRTOS/Source/tasks.c **** 				vApplicationTickHook();
2841:Middlewares/Third_Party/FreeRTOS/Source/tasks.c **** 			}
2842:Middlewares/Third_Party/FreeRTOS/Source/tasks.c **** 			else
2843:Middlewares/Third_Party/FreeRTOS/Source/tasks.c **** 			{
2844:Middlewares/Third_Party/FreeRTOS/Source/tasks.c **** 				mtCOVERAGE_TEST_MARKER();
2845:Middlewares/Third_Party/FreeRTOS/Source/tasks.c **** 			}
2846:Middlewares/Third_Party/FreeRTOS/Source/tasks.c **** 		}
2847:Middlewares/Third_Party/FreeRTOS/Source/tasks.c **** 		#endif /* configUSE_TICK_HOOK */
2848:Middlewares/Third_Party/FreeRTOS/Source/tasks.c **** 
2849:Middlewares/Third_Party/FreeRTOS/Source/tasks.c **** 		#if ( configUSE_PREEMPTION == 1 )
2850:Middlewares/Third_Party/FreeRTOS/Source/tasks.c **** 		{
2851:Middlewares/Third_Party/FreeRTOS/Source/tasks.c **** 			if( xYieldPending != pdFALSE )
2852:Middlewares/Third_Party/FreeRTOS/Source/tasks.c **** 			{
2853:Middlewares/Third_Party/FreeRTOS/Source/tasks.c **** 				xSwitchRequired = pdTRUE;
2854:Middlewares/Third_Party/FreeRTOS/Source/tasks.c **** 			}
2855:Middlewares/Third_Party/FreeRTOS/Source/tasks.c **** 			else
2856:Middlewares/Third_Party/FreeRTOS/Source/tasks.c **** 			{
2857:Middlewares/Third_Party/FreeRTOS/Source/tasks.c **** 				mtCOVERAGE_TEST_MARKER();
2858:Middlewares/Third_Party/FreeRTOS/Source/tasks.c **** 			}
2859:Middlewares/Third_Party/FreeRTOS/Source/tasks.c **** 		}
2860:Middlewares/Third_Party/FreeRTOS/Source/tasks.c **** 		#endif /* configUSE_PREEMPTION */
2861:Middlewares/Third_Party/FreeRTOS/Source/tasks.c **** 	}
2862:Middlewares/Third_Party/FreeRTOS/Source/tasks.c **** 	else
2863:Middlewares/Third_Party/FreeRTOS/Source/tasks.c **** 	{
2864:Middlewares/Third_Party/FreeRTOS/Source/tasks.c **** 		++xPendedTicks;
2865:Middlewares/Third_Party/FreeRTOS/Source/tasks.c **** 
2866:Middlewares/Third_Party/FreeRTOS/Source/tasks.c **** 		/* The tick hook gets called at regular intervals, even if the
2867:Middlewares/Third_Party/FreeRTOS/Source/tasks.c **** 		scheduler is locked. */
2868:Middlewares/Third_Party/FreeRTOS/Source/tasks.c **** 		#if ( configUSE_TICK_HOOK == 1 )
2869:Middlewares/Third_Party/FreeRTOS/Source/tasks.c **** 		{
ARM GAS  C:\Users\jason\AppData\Local\Temp\ccaXxPCU.s 			page 57


2870:Middlewares/Third_Party/FreeRTOS/Source/tasks.c **** 			vApplicationTickHook();
2871:Middlewares/Third_Party/FreeRTOS/Source/tasks.c **** 		}
2872:Middlewares/Third_Party/FreeRTOS/Source/tasks.c **** 		#endif
2873:Middlewares/Third_Party/FreeRTOS/Source/tasks.c **** 	}
2874:Middlewares/Third_Party/FreeRTOS/Source/tasks.c **** 
2875:Middlewares/Third_Party/FreeRTOS/Source/tasks.c **** 	return xSwitchRequired;
2876:Middlewares/Third_Party/FreeRTOS/Source/tasks.c **** }
2877:Middlewares/Third_Party/FreeRTOS/Source/tasks.c **** /*-----------------------------------------------------------*/
2878:Middlewares/Third_Party/FreeRTOS/Source/tasks.c **** 
2879:Middlewares/Third_Party/FreeRTOS/Source/tasks.c **** #if ( configUSE_APPLICATION_TASK_TAG == 1 )
2880:Middlewares/Third_Party/FreeRTOS/Source/tasks.c **** 
2881:Middlewares/Third_Party/FreeRTOS/Source/tasks.c **** 	void vTaskSetApplicationTaskTag( TaskHandle_t xTask, TaskHookFunction_t pxHookFunction )
2882:Middlewares/Third_Party/FreeRTOS/Source/tasks.c **** 	{
2883:Middlewares/Third_Party/FreeRTOS/Source/tasks.c **** 	TCB_t *xTCB;
2884:Middlewares/Third_Party/FreeRTOS/Source/tasks.c **** 
2885:Middlewares/Third_Party/FreeRTOS/Source/tasks.c **** 		/* If xTask is NULL then it is the task hook of the calling task that is
2886:Middlewares/Third_Party/FreeRTOS/Source/tasks.c **** 		getting set. */
2887:Middlewares/Third_Party/FreeRTOS/Source/tasks.c **** 		if( xTask == NULL )
2888:Middlewares/Third_Party/FreeRTOS/Source/tasks.c **** 		{
2889:Middlewares/Third_Party/FreeRTOS/Source/tasks.c **** 			xTCB = ( TCB_t * ) pxCurrentTCB;
2890:Middlewares/Third_Party/FreeRTOS/Source/tasks.c **** 		}
2891:Middlewares/Third_Party/FreeRTOS/Source/tasks.c **** 		else
2892:Middlewares/Third_Party/FreeRTOS/Source/tasks.c **** 		{
2893:Middlewares/Third_Party/FreeRTOS/Source/tasks.c **** 			xTCB = xTask;
2894:Middlewares/Third_Party/FreeRTOS/Source/tasks.c **** 		}
2895:Middlewares/Third_Party/FreeRTOS/Source/tasks.c **** 
2896:Middlewares/Third_Party/FreeRTOS/Source/tasks.c **** 		/* Save the hook function in the TCB.  A critical section is required as
2897:Middlewares/Third_Party/FreeRTOS/Source/tasks.c **** 		the value can be accessed from an interrupt. */
2898:Middlewares/Third_Party/FreeRTOS/Source/tasks.c **** 		taskENTER_CRITICAL();
2899:Middlewares/Third_Party/FreeRTOS/Source/tasks.c **** 		{
2900:Middlewares/Third_Party/FreeRTOS/Source/tasks.c **** 			xTCB->pxTaskTag = pxHookFunction;
2901:Middlewares/Third_Party/FreeRTOS/Source/tasks.c **** 		}
2902:Middlewares/Third_Party/FreeRTOS/Source/tasks.c **** 		taskEXIT_CRITICAL();
2903:Middlewares/Third_Party/FreeRTOS/Source/tasks.c **** 	}
2904:Middlewares/Third_Party/FreeRTOS/Source/tasks.c **** 
2905:Middlewares/Third_Party/FreeRTOS/Source/tasks.c **** #endif /* configUSE_APPLICATION_TASK_TAG */
2906:Middlewares/Third_Party/FreeRTOS/Source/tasks.c **** /*-----------------------------------------------------------*/
2907:Middlewares/Third_Party/FreeRTOS/Source/tasks.c **** 
2908:Middlewares/Third_Party/FreeRTOS/Source/tasks.c **** #if ( configUSE_APPLICATION_TASK_TAG == 1 )
2909:Middlewares/Third_Party/FreeRTOS/Source/tasks.c **** 
2910:Middlewares/Third_Party/FreeRTOS/Source/tasks.c **** 	TaskHookFunction_t xTaskGetApplicationTaskTag( TaskHandle_t xTask )
2911:Middlewares/Third_Party/FreeRTOS/Source/tasks.c **** 	{
2912:Middlewares/Third_Party/FreeRTOS/Source/tasks.c **** 	TCB_t *pxTCB;
2913:Middlewares/Third_Party/FreeRTOS/Source/tasks.c **** 	TaskHookFunction_t xReturn;
2914:Middlewares/Third_Party/FreeRTOS/Source/tasks.c **** 
2915:Middlewares/Third_Party/FreeRTOS/Source/tasks.c **** 		/* If xTask is NULL then set the calling task's hook. */
2916:Middlewares/Third_Party/FreeRTOS/Source/tasks.c **** 		pxTCB = prvGetTCBFromHandle( xTask );
2917:Middlewares/Third_Party/FreeRTOS/Source/tasks.c **** 
2918:Middlewares/Third_Party/FreeRTOS/Source/tasks.c **** 		/* Save the hook function in the TCB.  A critical section is required as
2919:Middlewares/Third_Party/FreeRTOS/Source/tasks.c **** 		the value can be accessed from an interrupt. */
2920:Middlewares/Third_Party/FreeRTOS/Source/tasks.c **** 		taskENTER_CRITICAL();
2921:Middlewares/Third_Party/FreeRTOS/Source/tasks.c **** 		{
2922:Middlewares/Third_Party/FreeRTOS/Source/tasks.c **** 			xReturn = pxTCB->pxTaskTag;
2923:Middlewares/Third_Party/FreeRTOS/Source/tasks.c **** 		}
2924:Middlewares/Third_Party/FreeRTOS/Source/tasks.c **** 		taskEXIT_CRITICAL();
2925:Middlewares/Third_Party/FreeRTOS/Source/tasks.c **** 
2926:Middlewares/Third_Party/FreeRTOS/Source/tasks.c **** 		return xReturn;
ARM GAS  C:\Users\jason\AppData\Local\Temp\ccaXxPCU.s 			page 58


2927:Middlewares/Third_Party/FreeRTOS/Source/tasks.c **** 	}
2928:Middlewares/Third_Party/FreeRTOS/Source/tasks.c **** 
2929:Middlewares/Third_Party/FreeRTOS/Source/tasks.c **** #endif /* configUSE_APPLICATION_TASK_TAG */
2930:Middlewares/Third_Party/FreeRTOS/Source/tasks.c **** /*-----------------------------------------------------------*/
2931:Middlewares/Third_Party/FreeRTOS/Source/tasks.c **** 
2932:Middlewares/Third_Party/FreeRTOS/Source/tasks.c **** #if ( configUSE_APPLICATION_TASK_TAG == 1 )
2933:Middlewares/Third_Party/FreeRTOS/Source/tasks.c **** 
2934:Middlewares/Third_Party/FreeRTOS/Source/tasks.c **** 	TaskHookFunction_t xTaskGetApplicationTaskTagFromISR( TaskHandle_t xTask )
2935:Middlewares/Third_Party/FreeRTOS/Source/tasks.c **** 	{
2936:Middlewares/Third_Party/FreeRTOS/Source/tasks.c **** 	TCB_t *pxTCB;
2937:Middlewares/Third_Party/FreeRTOS/Source/tasks.c **** 	TaskHookFunction_t xReturn;
2938:Middlewares/Third_Party/FreeRTOS/Source/tasks.c **** 	UBaseType_t uxSavedInterruptStatus;
2939:Middlewares/Third_Party/FreeRTOS/Source/tasks.c **** 
2940:Middlewares/Third_Party/FreeRTOS/Source/tasks.c **** 		/* If xTask is NULL then set the calling task's hook. */
2941:Middlewares/Third_Party/FreeRTOS/Source/tasks.c **** 		pxTCB = prvGetTCBFromHandle( xTask );
2942:Middlewares/Third_Party/FreeRTOS/Source/tasks.c **** 
2943:Middlewares/Third_Party/FreeRTOS/Source/tasks.c **** 		/* Save the hook function in the TCB.  A critical section is required as
2944:Middlewares/Third_Party/FreeRTOS/Source/tasks.c **** 		the value can be accessed from an interrupt. */
2945:Middlewares/Third_Party/FreeRTOS/Source/tasks.c **** 		uxSavedInterruptStatus = portSET_INTERRUPT_MASK_FROM_ISR();
2946:Middlewares/Third_Party/FreeRTOS/Source/tasks.c **** 		{
2947:Middlewares/Third_Party/FreeRTOS/Source/tasks.c **** 			xReturn = pxTCB->pxTaskTag;
2948:Middlewares/Third_Party/FreeRTOS/Source/tasks.c **** 		}
2949:Middlewares/Third_Party/FreeRTOS/Source/tasks.c **** 		portCLEAR_INTERRUPT_MASK_FROM_ISR( uxSavedInterruptStatus );
2950:Middlewares/Third_Party/FreeRTOS/Source/tasks.c **** 
2951:Middlewares/Third_Party/FreeRTOS/Source/tasks.c **** 		return xReturn;
2952:Middlewares/Third_Party/FreeRTOS/Source/tasks.c **** 	}
2953:Middlewares/Third_Party/FreeRTOS/Source/tasks.c **** 
2954:Middlewares/Third_Party/FreeRTOS/Source/tasks.c **** #endif /* configUSE_APPLICATION_TASK_TAG */
2955:Middlewares/Third_Party/FreeRTOS/Source/tasks.c **** /*-----------------------------------------------------------*/
2956:Middlewares/Third_Party/FreeRTOS/Source/tasks.c **** 
2957:Middlewares/Third_Party/FreeRTOS/Source/tasks.c **** #if ( configUSE_APPLICATION_TASK_TAG == 1 )
2958:Middlewares/Third_Party/FreeRTOS/Source/tasks.c **** 
2959:Middlewares/Third_Party/FreeRTOS/Source/tasks.c **** 	BaseType_t xTaskCallApplicationTaskHook( TaskHandle_t xTask, void *pvParameter )
2960:Middlewares/Third_Party/FreeRTOS/Source/tasks.c **** 	{
2961:Middlewares/Third_Party/FreeRTOS/Source/tasks.c **** 	TCB_t *xTCB;
2962:Middlewares/Third_Party/FreeRTOS/Source/tasks.c **** 	BaseType_t xReturn;
2963:Middlewares/Third_Party/FreeRTOS/Source/tasks.c **** 
2964:Middlewares/Third_Party/FreeRTOS/Source/tasks.c **** 		/* If xTask is NULL then we are calling our own task hook. */
2965:Middlewares/Third_Party/FreeRTOS/Source/tasks.c **** 		if( xTask == NULL )
2966:Middlewares/Third_Party/FreeRTOS/Source/tasks.c **** 		{
2967:Middlewares/Third_Party/FreeRTOS/Source/tasks.c **** 			xTCB = pxCurrentTCB;
2968:Middlewares/Third_Party/FreeRTOS/Source/tasks.c **** 		}
2969:Middlewares/Third_Party/FreeRTOS/Source/tasks.c **** 		else
2970:Middlewares/Third_Party/FreeRTOS/Source/tasks.c **** 		{
2971:Middlewares/Third_Party/FreeRTOS/Source/tasks.c **** 			xTCB = xTask;
2972:Middlewares/Third_Party/FreeRTOS/Source/tasks.c **** 		}
2973:Middlewares/Third_Party/FreeRTOS/Source/tasks.c **** 
2974:Middlewares/Third_Party/FreeRTOS/Source/tasks.c **** 		if( xTCB->pxTaskTag != NULL )
2975:Middlewares/Third_Party/FreeRTOS/Source/tasks.c **** 		{
2976:Middlewares/Third_Party/FreeRTOS/Source/tasks.c **** 			xReturn = xTCB->pxTaskTag( pvParameter );
2977:Middlewares/Third_Party/FreeRTOS/Source/tasks.c **** 		}
2978:Middlewares/Third_Party/FreeRTOS/Source/tasks.c **** 		else
2979:Middlewares/Third_Party/FreeRTOS/Source/tasks.c **** 		{
2980:Middlewares/Third_Party/FreeRTOS/Source/tasks.c **** 			xReturn = pdFAIL;
2981:Middlewares/Third_Party/FreeRTOS/Source/tasks.c **** 		}
2982:Middlewares/Third_Party/FreeRTOS/Source/tasks.c **** 
2983:Middlewares/Third_Party/FreeRTOS/Source/tasks.c **** 		return xReturn;
ARM GAS  C:\Users\jason\AppData\Local\Temp\ccaXxPCU.s 			page 59


2984:Middlewares/Third_Party/FreeRTOS/Source/tasks.c **** 	}
2985:Middlewares/Third_Party/FreeRTOS/Source/tasks.c **** 
2986:Middlewares/Third_Party/FreeRTOS/Source/tasks.c **** #endif /* configUSE_APPLICATION_TASK_TAG */
2987:Middlewares/Third_Party/FreeRTOS/Source/tasks.c **** /*-----------------------------------------------------------*/
2988:Middlewares/Third_Party/FreeRTOS/Source/tasks.c **** 
2989:Middlewares/Third_Party/FreeRTOS/Source/tasks.c **** void vTaskSwitchContext( void )
2990:Middlewares/Third_Party/FreeRTOS/Source/tasks.c **** {
2991:Middlewares/Third_Party/FreeRTOS/Source/tasks.c **** 	if( uxSchedulerSuspended != ( UBaseType_t ) pdFALSE )
2992:Middlewares/Third_Party/FreeRTOS/Source/tasks.c **** 	{
2993:Middlewares/Third_Party/FreeRTOS/Source/tasks.c **** 		/* The scheduler is currently suspended - do not allow a context
2994:Middlewares/Third_Party/FreeRTOS/Source/tasks.c **** 		switch. */
2995:Middlewares/Third_Party/FreeRTOS/Source/tasks.c **** 		xYieldPending = pdTRUE;
2996:Middlewares/Third_Party/FreeRTOS/Source/tasks.c **** 	}
2997:Middlewares/Third_Party/FreeRTOS/Source/tasks.c **** 	else
2998:Middlewares/Third_Party/FreeRTOS/Source/tasks.c **** 	{
2999:Middlewares/Third_Party/FreeRTOS/Source/tasks.c **** 		xYieldPending = pdFALSE;
3000:Middlewares/Third_Party/FreeRTOS/Source/tasks.c **** 		traceTASK_SWITCHED_OUT();
3001:Middlewares/Third_Party/FreeRTOS/Source/tasks.c **** 
3002:Middlewares/Third_Party/FreeRTOS/Source/tasks.c **** 		#if ( configGENERATE_RUN_TIME_STATS == 1 )
3003:Middlewares/Third_Party/FreeRTOS/Source/tasks.c **** 		{
3004:Middlewares/Third_Party/FreeRTOS/Source/tasks.c **** 			#ifdef portALT_GET_RUN_TIME_COUNTER_VALUE
3005:Middlewares/Third_Party/FreeRTOS/Source/tasks.c **** 				portALT_GET_RUN_TIME_COUNTER_VALUE( ulTotalRunTime );
3006:Middlewares/Third_Party/FreeRTOS/Source/tasks.c **** 			#else
3007:Middlewares/Third_Party/FreeRTOS/Source/tasks.c **** 				ulTotalRunTime = portGET_RUN_TIME_COUNTER_VALUE();
3008:Middlewares/Third_Party/FreeRTOS/Source/tasks.c **** 			#endif
3009:Middlewares/Third_Party/FreeRTOS/Source/tasks.c **** 
3010:Middlewares/Third_Party/FreeRTOS/Source/tasks.c **** 			/* Add the amount of time the task has been running to the
3011:Middlewares/Third_Party/FreeRTOS/Source/tasks.c **** 			accumulated time so far.  The time the task started running was
3012:Middlewares/Third_Party/FreeRTOS/Source/tasks.c **** 			stored in ulTaskSwitchedInTime.  Note that there is no overflow
3013:Middlewares/Third_Party/FreeRTOS/Source/tasks.c **** 			protection here so count values are only valid until the timer
3014:Middlewares/Third_Party/FreeRTOS/Source/tasks.c **** 			overflows.  The guard against negative values is to protect
3015:Middlewares/Third_Party/FreeRTOS/Source/tasks.c **** 			against suspect run time stat counter implementations - which
3016:Middlewares/Third_Party/FreeRTOS/Source/tasks.c **** 			are provided by the application, not the kernel. */
3017:Middlewares/Third_Party/FreeRTOS/Source/tasks.c **** 			if( ulTotalRunTime > ulTaskSwitchedInTime )
3018:Middlewares/Third_Party/FreeRTOS/Source/tasks.c **** 			{
3019:Middlewares/Third_Party/FreeRTOS/Source/tasks.c **** 				pxCurrentTCB->ulRunTimeCounter += ( ulTotalRunTime - ulTaskSwitchedInTime );
3020:Middlewares/Third_Party/FreeRTOS/Source/tasks.c **** 			}
3021:Middlewares/Third_Party/FreeRTOS/Source/tasks.c **** 			else
3022:Middlewares/Third_Party/FreeRTOS/Source/tasks.c **** 			{
3023:Middlewares/Third_Party/FreeRTOS/Source/tasks.c **** 				mtCOVERAGE_TEST_MARKER();
3024:Middlewares/Third_Party/FreeRTOS/Source/tasks.c **** 			}
3025:Middlewares/Third_Party/FreeRTOS/Source/tasks.c **** 			ulTaskSwitchedInTime = ulTotalRunTime;
3026:Middlewares/Third_Party/FreeRTOS/Source/tasks.c **** 		}
3027:Middlewares/Third_Party/FreeRTOS/Source/tasks.c **** 		#endif /* configGENERATE_RUN_TIME_STATS */
3028:Middlewares/Third_Party/FreeRTOS/Source/tasks.c **** 
3029:Middlewares/Third_Party/FreeRTOS/Source/tasks.c **** 		/* Check for stack overflow, if configured. */
3030:Middlewares/Third_Party/FreeRTOS/Source/tasks.c **** 		taskCHECK_FOR_STACK_OVERFLOW();
3031:Middlewares/Third_Party/FreeRTOS/Source/tasks.c **** 
3032:Middlewares/Third_Party/FreeRTOS/Source/tasks.c **** 		/* Before the currently running task is switched out, save its errno. */
3033:Middlewares/Third_Party/FreeRTOS/Source/tasks.c **** 		#if( configUSE_POSIX_ERRNO == 1 )
3034:Middlewares/Third_Party/FreeRTOS/Source/tasks.c **** 		{
3035:Middlewares/Third_Party/FreeRTOS/Source/tasks.c **** 			pxCurrentTCB->iTaskErrno = FreeRTOS_errno;
3036:Middlewares/Third_Party/FreeRTOS/Source/tasks.c **** 		}
3037:Middlewares/Third_Party/FreeRTOS/Source/tasks.c **** 		#endif
3038:Middlewares/Third_Party/FreeRTOS/Source/tasks.c **** 
3039:Middlewares/Third_Party/FreeRTOS/Source/tasks.c **** 		/* Select a new task to run using either the generic C or port
3040:Middlewares/Third_Party/FreeRTOS/Source/tasks.c **** 		optimised asm code. */
ARM GAS  C:\Users\jason\AppData\Local\Temp\ccaXxPCU.s 			page 60


3041:Middlewares/Third_Party/FreeRTOS/Source/tasks.c **** 		taskSELECT_HIGHEST_PRIORITY_TASK(); /*lint !e9079 void * is used as this macro is used with timer
3042:Middlewares/Third_Party/FreeRTOS/Source/tasks.c **** 		traceTASK_SWITCHED_IN();
3043:Middlewares/Third_Party/FreeRTOS/Source/tasks.c **** 
3044:Middlewares/Third_Party/FreeRTOS/Source/tasks.c **** 		/* After the new task is switched in, update the global errno. */
3045:Middlewares/Third_Party/FreeRTOS/Source/tasks.c **** 		#if( configUSE_POSIX_ERRNO == 1 )
3046:Middlewares/Third_Party/FreeRTOS/Source/tasks.c **** 		{
3047:Middlewares/Third_Party/FreeRTOS/Source/tasks.c **** 			FreeRTOS_errno = pxCurrentTCB->iTaskErrno;
3048:Middlewares/Third_Party/FreeRTOS/Source/tasks.c **** 		}
3049:Middlewares/Third_Party/FreeRTOS/Source/tasks.c **** 		#endif
3050:Middlewares/Third_Party/FreeRTOS/Source/tasks.c **** 
3051:Middlewares/Third_Party/FreeRTOS/Source/tasks.c **** 		#if ( configUSE_NEWLIB_REENTRANT == 1 )
3052:Middlewares/Third_Party/FreeRTOS/Source/tasks.c **** 		{
3053:Middlewares/Third_Party/FreeRTOS/Source/tasks.c **** 			/* Switch Newlib's _impure_ptr variable to point to the _reent
3054:Middlewares/Third_Party/FreeRTOS/Source/tasks.c **** 			structure specific to this task.
3055:Middlewares/Third_Party/FreeRTOS/Source/tasks.c **** 			See the third party link http://www.nadler.com/embedded/newlibAndFreeRTOS.html
3056:Middlewares/Third_Party/FreeRTOS/Source/tasks.c **** 			for additional information. */
3057:Middlewares/Third_Party/FreeRTOS/Source/tasks.c **** 			_impure_ptr = &( pxCurrentTCB->xNewLib_reent );
3058:Middlewares/Third_Party/FreeRTOS/Source/tasks.c **** 		}
3059:Middlewares/Third_Party/FreeRTOS/Source/tasks.c **** 		#endif /* configUSE_NEWLIB_REENTRANT */
3060:Middlewares/Third_Party/FreeRTOS/Source/tasks.c **** 	}
3061:Middlewares/Third_Party/FreeRTOS/Source/tasks.c **** }
3062:Middlewares/Third_Party/FreeRTOS/Source/tasks.c **** /*-----------------------------------------------------------*/
3063:Middlewares/Third_Party/FreeRTOS/Source/tasks.c **** 
3064:Middlewares/Third_Party/FreeRTOS/Source/tasks.c **** void vTaskPlaceOnEventList( List_t * const pxEventList, const TickType_t xTicksToWait )
3065:Middlewares/Third_Party/FreeRTOS/Source/tasks.c **** {
3066:Middlewares/Third_Party/FreeRTOS/Source/tasks.c **** 	configASSERT( pxEventList );
3067:Middlewares/Third_Party/FreeRTOS/Source/tasks.c **** 
3068:Middlewares/Third_Party/FreeRTOS/Source/tasks.c **** 	/* THIS FUNCTION MUST BE CALLED WITH EITHER INTERRUPTS DISABLED OR THE
3069:Middlewares/Third_Party/FreeRTOS/Source/tasks.c **** 	SCHEDULER SUSPENDED AND THE QUEUE BEING ACCESSED LOCKED. */
3070:Middlewares/Third_Party/FreeRTOS/Source/tasks.c **** 
3071:Middlewares/Third_Party/FreeRTOS/Source/tasks.c **** 	/* Place the event list item of the TCB in the appropriate event list.
3072:Middlewares/Third_Party/FreeRTOS/Source/tasks.c **** 	This is placed in the list in priority order so the highest priority task
3073:Middlewares/Third_Party/FreeRTOS/Source/tasks.c **** 	is the first to be woken by the event.  The queue that contains the event
3074:Middlewares/Third_Party/FreeRTOS/Source/tasks.c **** 	list is locked, preventing simultaneous access from interrupts. */
3075:Middlewares/Third_Party/FreeRTOS/Source/tasks.c **** 	vListInsert( pxEventList, &( pxCurrentTCB->xEventListItem ) );
3076:Middlewares/Third_Party/FreeRTOS/Source/tasks.c **** 
3077:Middlewares/Third_Party/FreeRTOS/Source/tasks.c **** 	prvAddCurrentTaskToDelayedList( xTicksToWait, pdTRUE );
3078:Middlewares/Third_Party/FreeRTOS/Source/tasks.c **** }
3079:Middlewares/Third_Party/FreeRTOS/Source/tasks.c **** /*-----------------------------------------------------------*/
3080:Middlewares/Third_Party/FreeRTOS/Source/tasks.c **** 
3081:Middlewares/Third_Party/FreeRTOS/Source/tasks.c **** void vTaskPlaceOnUnorderedEventList( List_t * pxEventList, const TickType_t xItemValue, const TickT
3082:Middlewares/Third_Party/FreeRTOS/Source/tasks.c **** {
3083:Middlewares/Third_Party/FreeRTOS/Source/tasks.c **** 	configASSERT( pxEventList );
3084:Middlewares/Third_Party/FreeRTOS/Source/tasks.c **** 
3085:Middlewares/Third_Party/FreeRTOS/Source/tasks.c **** 	/* THIS FUNCTION MUST BE CALLED WITH THE SCHEDULER SUSPENDED.  It is used by
3086:Middlewares/Third_Party/FreeRTOS/Source/tasks.c **** 	the event groups implementation. */
3087:Middlewares/Third_Party/FreeRTOS/Source/tasks.c **** 	configASSERT( uxSchedulerSuspended != 0 );
3088:Middlewares/Third_Party/FreeRTOS/Source/tasks.c **** 
3089:Middlewares/Third_Party/FreeRTOS/Source/tasks.c **** 	/* Store the item value in the event list item.  It is safe to access the
3090:Middlewares/Third_Party/FreeRTOS/Source/tasks.c **** 	event list item here as interrupts won't access the event list item of a
3091:Middlewares/Third_Party/FreeRTOS/Source/tasks.c **** 	task that is not in the Blocked state. */
3092:Middlewares/Third_Party/FreeRTOS/Source/tasks.c **** 	listSET_LIST_ITEM_VALUE( &( pxCurrentTCB->xEventListItem ), xItemValue | taskEVENT_LIST_ITEM_VALUE
3093:Middlewares/Third_Party/FreeRTOS/Source/tasks.c **** 
3094:Middlewares/Third_Party/FreeRTOS/Source/tasks.c **** 	/* Place the event list item of the TCB at the end of the appropriate event
3095:Middlewares/Third_Party/FreeRTOS/Source/tasks.c **** 	list.  It is safe to access the event list here because it is part of an
3096:Middlewares/Third_Party/FreeRTOS/Source/tasks.c **** 	event group implementation - and interrupts don't access event groups
3097:Middlewares/Third_Party/FreeRTOS/Source/tasks.c **** 	directly (instead they access them indirectly by pending function calls to
ARM GAS  C:\Users\jason\AppData\Local\Temp\ccaXxPCU.s 			page 61


3098:Middlewares/Third_Party/FreeRTOS/Source/tasks.c **** 	the task level). */
3099:Middlewares/Third_Party/FreeRTOS/Source/tasks.c **** 	vListInsertEnd( pxEventList, &( pxCurrentTCB->xEventListItem ) );
3100:Middlewares/Third_Party/FreeRTOS/Source/tasks.c **** 
3101:Middlewares/Third_Party/FreeRTOS/Source/tasks.c **** 	prvAddCurrentTaskToDelayedList( xTicksToWait, pdTRUE );
3102:Middlewares/Third_Party/FreeRTOS/Source/tasks.c **** }
3103:Middlewares/Third_Party/FreeRTOS/Source/tasks.c **** /*-----------------------------------------------------------*/
3104:Middlewares/Third_Party/FreeRTOS/Source/tasks.c **** 
3105:Middlewares/Third_Party/FreeRTOS/Source/tasks.c **** #if( configUSE_TIMERS == 1 )
3106:Middlewares/Third_Party/FreeRTOS/Source/tasks.c **** 
3107:Middlewares/Third_Party/FreeRTOS/Source/tasks.c **** 	void vTaskPlaceOnEventListRestricted( List_t * const pxEventList, TickType_t xTicksToWait, const B
3108:Middlewares/Third_Party/FreeRTOS/Source/tasks.c **** 	{
3109:Middlewares/Third_Party/FreeRTOS/Source/tasks.c **** 		configASSERT( pxEventList );
3110:Middlewares/Third_Party/FreeRTOS/Source/tasks.c **** 
3111:Middlewares/Third_Party/FreeRTOS/Source/tasks.c **** 		/* This function should not be called by application code hence the
3112:Middlewares/Third_Party/FreeRTOS/Source/tasks.c **** 		'Restricted' in its name.  It is not part of the public API.  It is
3113:Middlewares/Third_Party/FreeRTOS/Source/tasks.c **** 		designed for use by kernel code, and has special calling requirements -
3114:Middlewares/Third_Party/FreeRTOS/Source/tasks.c **** 		it should be called with the scheduler suspended. */
3115:Middlewares/Third_Party/FreeRTOS/Source/tasks.c **** 
3116:Middlewares/Third_Party/FreeRTOS/Source/tasks.c **** 
3117:Middlewares/Third_Party/FreeRTOS/Source/tasks.c **** 		/* Place the event list item of the TCB in the appropriate event list.
3118:Middlewares/Third_Party/FreeRTOS/Source/tasks.c **** 		In this case it is assume that this is the only task that is going to
3119:Middlewares/Third_Party/FreeRTOS/Source/tasks.c **** 		be waiting on this event list, so the faster vListInsertEnd() function
3120:Middlewares/Third_Party/FreeRTOS/Source/tasks.c **** 		can be used in place of vListInsert. */
3121:Middlewares/Third_Party/FreeRTOS/Source/tasks.c **** 		vListInsertEnd( pxEventList, &( pxCurrentTCB->xEventListItem ) );
3122:Middlewares/Third_Party/FreeRTOS/Source/tasks.c **** 
3123:Middlewares/Third_Party/FreeRTOS/Source/tasks.c **** 		/* If the task should block indefinitely then set the block time to a
3124:Middlewares/Third_Party/FreeRTOS/Source/tasks.c **** 		value that will be recognised as an indefinite delay inside the
3125:Middlewares/Third_Party/FreeRTOS/Source/tasks.c **** 		prvAddCurrentTaskToDelayedList() function. */
3126:Middlewares/Third_Party/FreeRTOS/Source/tasks.c **** 		if( xWaitIndefinitely != pdFALSE )
3127:Middlewares/Third_Party/FreeRTOS/Source/tasks.c **** 		{
3128:Middlewares/Third_Party/FreeRTOS/Source/tasks.c **** 			xTicksToWait = portMAX_DELAY;
3129:Middlewares/Third_Party/FreeRTOS/Source/tasks.c **** 		}
3130:Middlewares/Third_Party/FreeRTOS/Source/tasks.c **** 
3131:Middlewares/Third_Party/FreeRTOS/Source/tasks.c **** 		traceTASK_DELAY_UNTIL( ( xTickCount + xTicksToWait ) );
3132:Middlewares/Third_Party/FreeRTOS/Source/tasks.c **** 		prvAddCurrentTaskToDelayedList( xTicksToWait, xWaitIndefinitely );
3133:Middlewares/Third_Party/FreeRTOS/Source/tasks.c **** 	}
3134:Middlewares/Third_Party/FreeRTOS/Source/tasks.c **** 
3135:Middlewares/Third_Party/FreeRTOS/Source/tasks.c **** #endif /* configUSE_TIMERS */
3136:Middlewares/Third_Party/FreeRTOS/Source/tasks.c **** /*-----------------------------------------------------------*/
3137:Middlewares/Third_Party/FreeRTOS/Source/tasks.c **** 
3138:Middlewares/Third_Party/FreeRTOS/Source/tasks.c **** BaseType_t xTaskRemoveFromEventList( const List_t * const pxEventList )
3139:Middlewares/Third_Party/FreeRTOS/Source/tasks.c **** {
3140:Middlewares/Third_Party/FreeRTOS/Source/tasks.c **** TCB_t *pxUnblockedTCB;
3141:Middlewares/Third_Party/FreeRTOS/Source/tasks.c **** BaseType_t xReturn;
3142:Middlewares/Third_Party/FreeRTOS/Source/tasks.c **** 
3143:Middlewares/Third_Party/FreeRTOS/Source/tasks.c **** 	/* THIS FUNCTION MUST BE CALLED FROM A CRITICAL SECTION.  It can also be
3144:Middlewares/Third_Party/FreeRTOS/Source/tasks.c **** 	called from a critical section within an ISR. */
3145:Middlewares/Third_Party/FreeRTOS/Source/tasks.c **** 
3146:Middlewares/Third_Party/FreeRTOS/Source/tasks.c **** 	/* The event list is sorted in priority order, so the first in the list can
3147:Middlewares/Third_Party/FreeRTOS/Source/tasks.c **** 	be removed as it is known to be the highest priority.  Remove the TCB from
3148:Middlewares/Third_Party/FreeRTOS/Source/tasks.c **** 	the delayed list, and add it to the ready list.
3149:Middlewares/Third_Party/FreeRTOS/Source/tasks.c **** 
3150:Middlewares/Third_Party/FreeRTOS/Source/tasks.c **** 	If an event is for a queue that is locked then this function will never
3151:Middlewares/Third_Party/FreeRTOS/Source/tasks.c **** 	get called - the lock count on the queue will get modified instead.  This
3152:Middlewares/Third_Party/FreeRTOS/Source/tasks.c **** 	means exclusive access to the event list is guaranteed here.
3153:Middlewares/Third_Party/FreeRTOS/Source/tasks.c **** 
3154:Middlewares/Third_Party/FreeRTOS/Source/tasks.c **** 	This function assumes that a check has already been made to ensure that
ARM GAS  C:\Users\jason\AppData\Local\Temp\ccaXxPCU.s 			page 62


3155:Middlewares/Third_Party/FreeRTOS/Source/tasks.c **** 	pxEventList is not empty. */
3156:Middlewares/Third_Party/FreeRTOS/Source/tasks.c **** 	pxUnblockedTCB = listGET_OWNER_OF_HEAD_ENTRY( pxEventList ); /*lint !e9079 void * is used as this 
3157:Middlewares/Third_Party/FreeRTOS/Source/tasks.c **** 	configASSERT( pxUnblockedTCB );
3158:Middlewares/Third_Party/FreeRTOS/Source/tasks.c **** 	( void ) uxListRemove( &( pxUnblockedTCB->xEventListItem ) );
3159:Middlewares/Third_Party/FreeRTOS/Source/tasks.c **** 
3160:Middlewares/Third_Party/FreeRTOS/Source/tasks.c **** 	if( uxSchedulerSuspended == ( UBaseType_t ) pdFALSE )
3161:Middlewares/Third_Party/FreeRTOS/Source/tasks.c **** 	{
3162:Middlewares/Third_Party/FreeRTOS/Source/tasks.c **** 		( void ) uxListRemove( &( pxUnblockedTCB->xStateListItem ) );
3163:Middlewares/Third_Party/FreeRTOS/Source/tasks.c **** 		prvAddTaskToReadyList( pxUnblockedTCB );
3164:Middlewares/Third_Party/FreeRTOS/Source/tasks.c **** 
3165:Middlewares/Third_Party/FreeRTOS/Source/tasks.c **** 		#if( configUSE_TICKLESS_IDLE != 0 )
3166:Middlewares/Third_Party/FreeRTOS/Source/tasks.c **** 		{
3167:Middlewares/Third_Party/FreeRTOS/Source/tasks.c **** 			/* If a task is blocked on a kernel object then xNextTaskUnblockTime
3168:Middlewares/Third_Party/FreeRTOS/Source/tasks.c **** 			might be set to the blocked task's time out time.  If the task is
3169:Middlewares/Third_Party/FreeRTOS/Source/tasks.c **** 			unblocked for a reason other than a timeout xNextTaskUnblockTime is
3170:Middlewares/Third_Party/FreeRTOS/Source/tasks.c **** 			normally left unchanged, because it is automatically reset to a new
3171:Middlewares/Third_Party/FreeRTOS/Source/tasks.c **** 			value when the tick count equals xNextTaskUnblockTime.  However if
3172:Middlewares/Third_Party/FreeRTOS/Source/tasks.c **** 			tickless idling is used it might be more important to enter sleep mode
3173:Middlewares/Third_Party/FreeRTOS/Source/tasks.c **** 			at the earliest possible time - so reset xNextTaskUnblockTime here to
3174:Middlewares/Third_Party/FreeRTOS/Source/tasks.c **** 			ensure it is updated at the earliest possible time. */
3175:Middlewares/Third_Party/FreeRTOS/Source/tasks.c **** 			prvResetNextTaskUnblockTime();
3176:Middlewares/Third_Party/FreeRTOS/Source/tasks.c **** 		}
3177:Middlewares/Third_Party/FreeRTOS/Source/tasks.c **** 		#endif
3178:Middlewares/Third_Party/FreeRTOS/Source/tasks.c **** 	}
3179:Middlewares/Third_Party/FreeRTOS/Source/tasks.c **** 	else
3180:Middlewares/Third_Party/FreeRTOS/Source/tasks.c **** 	{
3181:Middlewares/Third_Party/FreeRTOS/Source/tasks.c **** 		/* The delayed and ready lists cannot be accessed, so hold this task
3182:Middlewares/Third_Party/FreeRTOS/Source/tasks.c **** 		pending until the scheduler is resumed. */
3183:Middlewares/Third_Party/FreeRTOS/Source/tasks.c **** 		vListInsertEnd( &( xPendingReadyList ), &( pxUnblockedTCB->xEventListItem ) );
3184:Middlewares/Third_Party/FreeRTOS/Source/tasks.c **** 	}
3185:Middlewares/Third_Party/FreeRTOS/Source/tasks.c **** 
3186:Middlewares/Third_Party/FreeRTOS/Source/tasks.c **** 	if( pxUnblockedTCB->uxPriority > pxCurrentTCB->uxPriority )
3187:Middlewares/Third_Party/FreeRTOS/Source/tasks.c **** 	{
3188:Middlewares/Third_Party/FreeRTOS/Source/tasks.c **** 		/* Return true if the task removed from the event list has a higher
3189:Middlewares/Third_Party/FreeRTOS/Source/tasks.c **** 		priority than the calling task.  This allows the calling task to know if
3190:Middlewares/Third_Party/FreeRTOS/Source/tasks.c **** 		it should force a context switch now. */
3191:Middlewares/Third_Party/FreeRTOS/Source/tasks.c **** 		xReturn = pdTRUE;
3192:Middlewares/Third_Party/FreeRTOS/Source/tasks.c **** 
3193:Middlewares/Third_Party/FreeRTOS/Source/tasks.c **** 		/* Mark that a yield is pending in case the user is not using the
3194:Middlewares/Third_Party/FreeRTOS/Source/tasks.c **** 		"xHigherPriorityTaskWoken" parameter to an ISR safe FreeRTOS function. */
3195:Middlewares/Third_Party/FreeRTOS/Source/tasks.c **** 		xYieldPending = pdTRUE;
3196:Middlewares/Third_Party/FreeRTOS/Source/tasks.c **** 	}
3197:Middlewares/Third_Party/FreeRTOS/Source/tasks.c **** 	else
3198:Middlewares/Third_Party/FreeRTOS/Source/tasks.c **** 	{
3199:Middlewares/Third_Party/FreeRTOS/Source/tasks.c **** 		xReturn = pdFALSE;
3200:Middlewares/Third_Party/FreeRTOS/Source/tasks.c **** 	}
3201:Middlewares/Third_Party/FreeRTOS/Source/tasks.c **** 
3202:Middlewares/Third_Party/FreeRTOS/Source/tasks.c **** 	return xReturn;
3203:Middlewares/Third_Party/FreeRTOS/Source/tasks.c **** }
3204:Middlewares/Third_Party/FreeRTOS/Source/tasks.c **** /*-----------------------------------------------------------*/
3205:Middlewares/Third_Party/FreeRTOS/Source/tasks.c **** 
3206:Middlewares/Third_Party/FreeRTOS/Source/tasks.c **** void vTaskRemoveFromUnorderedEventList( ListItem_t * pxEventListItem, const TickType_t xItemValue )
3207:Middlewares/Third_Party/FreeRTOS/Source/tasks.c **** {
3208:Middlewares/Third_Party/FreeRTOS/Source/tasks.c **** TCB_t *pxUnblockedTCB;
3209:Middlewares/Third_Party/FreeRTOS/Source/tasks.c **** 
3210:Middlewares/Third_Party/FreeRTOS/Source/tasks.c **** 	/* THIS FUNCTION MUST BE CALLED WITH THE SCHEDULER SUSPENDED.  It is used by
3211:Middlewares/Third_Party/FreeRTOS/Source/tasks.c **** 	the event flags implementation. */
ARM GAS  C:\Users\jason\AppData\Local\Temp\ccaXxPCU.s 			page 63


3212:Middlewares/Third_Party/FreeRTOS/Source/tasks.c **** 	configASSERT( uxSchedulerSuspended != pdFALSE );
3213:Middlewares/Third_Party/FreeRTOS/Source/tasks.c **** 
3214:Middlewares/Third_Party/FreeRTOS/Source/tasks.c **** 	/* Store the new item value in the event list. */
3215:Middlewares/Third_Party/FreeRTOS/Source/tasks.c **** 	listSET_LIST_ITEM_VALUE( pxEventListItem, xItemValue | taskEVENT_LIST_ITEM_VALUE_IN_USE );
3216:Middlewares/Third_Party/FreeRTOS/Source/tasks.c **** 
3217:Middlewares/Third_Party/FreeRTOS/Source/tasks.c **** 	/* Remove the event list form the event flag.  Interrupts do not access
3218:Middlewares/Third_Party/FreeRTOS/Source/tasks.c **** 	event flags. */
3219:Middlewares/Third_Party/FreeRTOS/Source/tasks.c **** 	pxUnblockedTCB = listGET_LIST_ITEM_OWNER( pxEventListItem ); /*lint !e9079 void * is used as this 
3220:Middlewares/Third_Party/FreeRTOS/Source/tasks.c **** 	configASSERT( pxUnblockedTCB );
3221:Middlewares/Third_Party/FreeRTOS/Source/tasks.c **** 	( void ) uxListRemove( pxEventListItem );
3222:Middlewares/Third_Party/FreeRTOS/Source/tasks.c **** 
3223:Middlewares/Third_Party/FreeRTOS/Source/tasks.c **** 	#if( configUSE_TICKLESS_IDLE != 0 )
3224:Middlewares/Third_Party/FreeRTOS/Source/tasks.c **** 	{
3225:Middlewares/Third_Party/FreeRTOS/Source/tasks.c **** 		/* If a task is blocked on a kernel object then xNextTaskUnblockTime
3226:Middlewares/Third_Party/FreeRTOS/Source/tasks.c **** 		might be set to the blocked task's time out time.  If the task is
3227:Middlewares/Third_Party/FreeRTOS/Source/tasks.c **** 		unblocked for a reason other than a timeout xNextTaskUnblockTime is
3228:Middlewares/Third_Party/FreeRTOS/Source/tasks.c **** 		normally left unchanged, because it is automatically reset to a new
3229:Middlewares/Third_Party/FreeRTOS/Source/tasks.c **** 		value when the tick count equals xNextTaskUnblockTime.  However if
3230:Middlewares/Third_Party/FreeRTOS/Source/tasks.c **** 		tickless idling is used it might be more important to enter sleep mode
3231:Middlewares/Third_Party/FreeRTOS/Source/tasks.c **** 		at the earliest possible time - so reset xNextTaskUnblockTime here to
3232:Middlewares/Third_Party/FreeRTOS/Source/tasks.c **** 		ensure it is updated at the earliest possible time. */
3233:Middlewares/Third_Party/FreeRTOS/Source/tasks.c **** 		prvResetNextTaskUnblockTime();
3234:Middlewares/Third_Party/FreeRTOS/Source/tasks.c **** 	}
3235:Middlewares/Third_Party/FreeRTOS/Source/tasks.c **** 	#endif
3236:Middlewares/Third_Party/FreeRTOS/Source/tasks.c **** 
3237:Middlewares/Third_Party/FreeRTOS/Source/tasks.c **** 	/* Remove the task from the delayed list and add it to the ready list.  The
3238:Middlewares/Third_Party/FreeRTOS/Source/tasks.c **** 	scheduler is suspended so interrupts will not be accessing the ready
3239:Middlewares/Third_Party/FreeRTOS/Source/tasks.c **** 	lists. */
3240:Middlewares/Third_Party/FreeRTOS/Source/tasks.c **** 	( void ) uxListRemove( &( pxUnblockedTCB->xStateListItem ) );
3241:Middlewares/Third_Party/FreeRTOS/Source/tasks.c **** 	prvAddTaskToReadyList( pxUnblockedTCB );
3242:Middlewares/Third_Party/FreeRTOS/Source/tasks.c **** 
3243:Middlewares/Third_Party/FreeRTOS/Source/tasks.c **** 	if( pxUnblockedTCB->uxPriority > pxCurrentTCB->uxPriority )
3244:Middlewares/Third_Party/FreeRTOS/Source/tasks.c **** 	{
3245:Middlewares/Third_Party/FreeRTOS/Source/tasks.c **** 		/* The unblocked task has a priority above that of the calling task, so
3246:Middlewares/Third_Party/FreeRTOS/Source/tasks.c **** 		a context switch is required.  This function is called with the
3247:Middlewares/Third_Party/FreeRTOS/Source/tasks.c **** 		scheduler suspended so xYieldPending is set so the context switch
3248:Middlewares/Third_Party/FreeRTOS/Source/tasks.c **** 		occurs immediately that the scheduler is resumed (unsuspended). */
3249:Middlewares/Third_Party/FreeRTOS/Source/tasks.c **** 		xYieldPending = pdTRUE;
3250:Middlewares/Third_Party/FreeRTOS/Source/tasks.c **** 	}
3251:Middlewares/Third_Party/FreeRTOS/Source/tasks.c **** }
3252:Middlewares/Third_Party/FreeRTOS/Source/tasks.c **** /*-----------------------------------------------------------*/
3253:Middlewares/Third_Party/FreeRTOS/Source/tasks.c **** 
3254:Middlewares/Third_Party/FreeRTOS/Source/tasks.c **** void vTaskSetTimeOutState( TimeOut_t * const pxTimeOut )
3255:Middlewares/Third_Party/FreeRTOS/Source/tasks.c **** {
3256:Middlewares/Third_Party/FreeRTOS/Source/tasks.c **** 	configASSERT( pxTimeOut );
3257:Middlewares/Third_Party/FreeRTOS/Source/tasks.c **** 	taskENTER_CRITICAL();
3258:Middlewares/Third_Party/FreeRTOS/Source/tasks.c **** 	{
3259:Middlewares/Third_Party/FreeRTOS/Source/tasks.c **** 		pxTimeOut->xOverflowCount = xNumOfOverflows;
3260:Middlewares/Third_Party/FreeRTOS/Source/tasks.c **** 		pxTimeOut->xTimeOnEntering = xTickCount;
3261:Middlewares/Third_Party/FreeRTOS/Source/tasks.c **** 	}
3262:Middlewares/Third_Party/FreeRTOS/Source/tasks.c **** 	taskEXIT_CRITICAL();
3263:Middlewares/Third_Party/FreeRTOS/Source/tasks.c **** }
3264:Middlewares/Third_Party/FreeRTOS/Source/tasks.c **** /*-----------------------------------------------------------*/
3265:Middlewares/Third_Party/FreeRTOS/Source/tasks.c **** 
3266:Middlewares/Third_Party/FreeRTOS/Source/tasks.c **** void vTaskInternalSetTimeOutState( TimeOut_t * const pxTimeOut )
3267:Middlewares/Third_Party/FreeRTOS/Source/tasks.c **** {
3268:Middlewares/Third_Party/FreeRTOS/Source/tasks.c **** 	/* For internal use only as it does not use a critical section. */
ARM GAS  C:\Users\jason\AppData\Local\Temp\ccaXxPCU.s 			page 64


3269:Middlewares/Third_Party/FreeRTOS/Source/tasks.c **** 	pxTimeOut->xOverflowCount = xNumOfOverflows;
3270:Middlewares/Third_Party/FreeRTOS/Source/tasks.c **** 	pxTimeOut->xTimeOnEntering = xTickCount;
3271:Middlewares/Third_Party/FreeRTOS/Source/tasks.c **** }
3272:Middlewares/Third_Party/FreeRTOS/Source/tasks.c **** /*-----------------------------------------------------------*/
3273:Middlewares/Third_Party/FreeRTOS/Source/tasks.c **** 
3274:Middlewares/Third_Party/FreeRTOS/Source/tasks.c **** BaseType_t xTaskCheckForTimeOut( TimeOut_t * const pxTimeOut, TickType_t * const pxTicksToWait )
3275:Middlewares/Third_Party/FreeRTOS/Source/tasks.c **** {
3276:Middlewares/Third_Party/FreeRTOS/Source/tasks.c **** BaseType_t xReturn;
3277:Middlewares/Third_Party/FreeRTOS/Source/tasks.c **** 
3278:Middlewares/Third_Party/FreeRTOS/Source/tasks.c **** 	configASSERT( pxTimeOut );
3279:Middlewares/Third_Party/FreeRTOS/Source/tasks.c **** 	configASSERT( pxTicksToWait );
3280:Middlewares/Third_Party/FreeRTOS/Source/tasks.c **** 
3281:Middlewares/Third_Party/FreeRTOS/Source/tasks.c **** 	taskENTER_CRITICAL();
3282:Middlewares/Third_Party/FreeRTOS/Source/tasks.c **** 	{
3283:Middlewares/Third_Party/FreeRTOS/Source/tasks.c **** 		/* Minor optimisation.  The tick count cannot change in this block. */
3284:Middlewares/Third_Party/FreeRTOS/Source/tasks.c **** 		const TickType_t xConstTickCount = xTickCount;
3285:Middlewares/Third_Party/FreeRTOS/Source/tasks.c **** 		const TickType_t xElapsedTime = xConstTickCount - pxTimeOut->xTimeOnEntering;
3286:Middlewares/Third_Party/FreeRTOS/Source/tasks.c **** 
3287:Middlewares/Third_Party/FreeRTOS/Source/tasks.c **** 		#if( INCLUDE_xTaskAbortDelay == 1 )
3288:Middlewares/Third_Party/FreeRTOS/Source/tasks.c **** 			if( pxCurrentTCB->ucDelayAborted != ( uint8_t ) pdFALSE )
3289:Middlewares/Third_Party/FreeRTOS/Source/tasks.c **** 			{
3290:Middlewares/Third_Party/FreeRTOS/Source/tasks.c **** 				/* The delay was aborted, which is not the same as a time out,
3291:Middlewares/Third_Party/FreeRTOS/Source/tasks.c **** 				but has the same result. */
3292:Middlewares/Third_Party/FreeRTOS/Source/tasks.c **** 				pxCurrentTCB->ucDelayAborted = pdFALSE;
3293:Middlewares/Third_Party/FreeRTOS/Source/tasks.c **** 				xReturn = pdTRUE;
3294:Middlewares/Third_Party/FreeRTOS/Source/tasks.c **** 			}
3295:Middlewares/Third_Party/FreeRTOS/Source/tasks.c **** 			else
3296:Middlewares/Third_Party/FreeRTOS/Source/tasks.c **** 		#endif
3297:Middlewares/Third_Party/FreeRTOS/Source/tasks.c **** 
3298:Middlewares/Third_Party/FreeRTOS/Source/tasks.c **** 		#if ( INCLUDE_vTaskSuspend == 1 )
3299:Middlewares/Third_Party/FreeRTOS/Source/tasks.c **** 			if( *pxTicksToWait == portMAX_DELAY )
3300:Middlewares/Third_Party/FreeRTOS/Source/tasks.c **** 			{
3301:Middlewares/Third_Party/FreeRTOS/Source/tasks.c **** 				/* If INCLUDE_vTaskSuspend is set to 1 and the block time
3302:Middlewares/Third_Party/FreeRTOS/Source/tasks.c **** 				specified is the maximum block time then the task should block
3303:Middlewares/Third_Party/FreeRTOS/Source/tasks.c **** 				indefinitely, and therefore never time out. */
3304:Middlewares/Third_Party/FreeRTOS/Source/tasks.c **** 				xReturn = pdFALSE;
3305:Middlewares/Third_Party/FreeRTOS/Source/tasks.c **** 			}
3306:Middlewares/Third_Party/FreeRTOS/Source/tasks.c **** 			else
3307:Middlewares/Third_Party/FreeRTOS/Source/tasks.c **** 		#endif
3308:Middlewares/Third_Party/FreeRTOS/Source/tasks.c **** 
3309:Middlewares/Third_Party/FreeRTOS/Source/tasks.c **** 		if( ( xNumOfOverflows != pxTimeOut->xOverflowCount ) && ( xConstTickCount >= pxTimeOut->xTimeOnEn
3310:Middlewares/Third_Party/FreeRTOS/Source/tasks.c **** 		{
3311:Middlewares/Third_Party/FreeRTOS/Source/tasks.c **** 			/* The tick count is greater than the time at which
3312:Middlewares/Third_Party/FreeRTOS/Source/tasks.c **** 			vTaskSetTimeout() was called, but has also overflowed since
3313:Middlewares/Third_Party/FreeRTOS/Source/tasks.c **** 			vTaskSetTimeOut() was called.  It must have wrapped all the way
3314:Middlewares/Third_Party/FreeRTOS/Source/tasks.c **** 			around and gone past again. This passed since vTaskSetTimeout()
3315:Middlewares/Third_Party/FreeRTOS/Source/tasks.c **** 			was called. */
3316:Middlewares/Third_Party/FreeRTOS/Source/tasks.c **** 			xReturn = pdTRUE;
3317:Middlewares/Third_Party/FreeRTOS/Source/tasks.c **** 		}
3318:Middlewares/Third_Party/FreeRTOS/Source/tasks.c **** 		else if( xElapsedTime < *pxTicksToWait ) /*lint !e961 Explicit casting is only redundant with som
3319:Middlewares/Third_Party/FreeRTOS/Source/tasks.c **** 		{
3320:Middlewares/Third_Party/FreeRTOS/Source/tasks.c **** 			/* Not a genuine timeout. Adjust parameters for time remaining. */
3321:Middlewares/Third_Party/FreeRTOS/Source/tasks.c **** 			*pxTicksToWait -= xElapsedTime;
3322:Middlewares/Third_Party/FreeRTOS/Source/tasks.c **** 			vTaskInternalSetTimeOutState( pxTimeOut );
3323:Middlewares/Third_Party/FreeRTOS/Source/tasks.c **** 			xReturn = pdFALSE;
3324:Middlewares/Third_Party/FreeRTOS/Source/tasks.c **** 		}
3325:Middlewares/Third_Party/FreeRTOS/Source/tasks.c **** 		else
ARM GAS  C:\Users\jason\AppData\Local\Temp\ccaXxPCU.s 			page 65


3326:Middlewares/Third_Party/FreeRTOS/Source/tasks.c **** 		{
3327:Middlewares/Third_Party/FreeRTOS/Source/tasks.c **** 			*pxTicksToWait = 0;
3328:Middlewares/Third_Party/FreeRTOS/Source/tasks.c **** 			xReturn = pdTRUE;
3329:Middlewares/Third_Party/FreeRTOS/Source/tasks.c **** 		}
3330:Middlewares/Third_Party/FreeRTOS/Source/tasks.c **** 	}
3331:Middlewares/Third_Party/FreeRTOS/Source/tasks.c **** 	taskEXIT_CRITICAL();
3332:Middlewares/Third_Party/FreeRTOS/Source/tasks.c **** 
3333:Middlewares/Third_Party/FreeRTOS/Source/tasks.c **** 	return xReturn;
3334:Middlewares/Third_Party/FreeRTOS/Source/tasks.c **** }
3335:Middlewares/Third_Party/FreeRTOS/Source/tasks.c **** /*-----------------------------------------------------------*/
3336:Middlewares/Third_Party/FreeRTOS/Source/tasks.c **** 
3337:Middlewares/Third_Party/FreeRTOS/Source/tasks.c **** void vTaskMissedYield( void )
3338:Middlewares/Third_Party/FreeRTOS/Source/tasks.c **** {
3339:Middlewares/Third_Party/FreeRTOS/Source/tasks.c **** 	xYieldPending = pdTRUE;
3340:Middlewares/Third_Party/FreeRTOS/Source/tasks.c **** }
3341:Middlewares/Third_Party/FreeRTOS/Source/tasks.c **** /*-----------------------------------------------------------*/
3342:Middlewares/Third_Party/FreeRTOS/Source/tasks.c **** 
3343:Middlewares/Third_Party/FreeRTOS/Source/tasks.c **** #if ( configUSE_TRACE_FACILITY == 1 )
3344:Middlewares/Third_Party/FreeRTOS/Source/tasks.c **** 
3345:Middlewares/Third_Party/FreeRTOS/Source/tasks.c **** 	UBaseType_t uxTaskGetTaskNumber( TaskHandle_t xTask )
3346:Middlewares/Third_Party/FreeRTOS/Source/tasks.c **** 	{
3347:Middlewares/Third_Party/FreeRTOS/Source/tasks.c **** 	UBaseType_t uxReturn;
3348:Middlewares/Third_Party/FreeRTOS/Source/tasks.c **** 	TCB_t const *pxTCB;
3349:Middlewares/Third_Party/FreeRTOS/Source/tasks.c **** 
3350:Middlewares/Third_Party/FreeRTOS/Source/tasks.c **** 		if( xTask != NULL )
3351:Middlewares/Third_Party/FreeRTOS/Source/tasks.c **** 		{
3352:Middlewares/Third_Party/FreeRTOS/Source/tasks.c **** 			pxTCB = xTask;
3353:Middlewares/Third_Party/FreeRTOS/Source/tasks.c **** 			uxReturn = pxTCB->uxTaskNumber;
3354:Middlewares/Third_Party/FreeRTOS/Source/tasks.c **** 		}
3355:Middlewares/Third_Party/FreeRTOS/Source/tasks.c **** 		else
3356:Middlewares/Third_Party/FreeRTOS/Source/tasks.c **** 		{
3357:Middlewares/Third_Party/FreeRTOS/Source/tasks.c **** 			uxReturn = 0U;
3358:Middlewares/Third_Party/FreeRTOS/Source/tasks.c **** 		}
3359:Middlewares/Third_Party/FreeRTOS/Source/tasks.c **** 
3360:Middlewares/Third_Party/FreeRTOS/Source/tasks.c **** 		return uxReturn;
3361:Middlewares/Third_Party/FreeRTOS/Source/tasks.c **** 	}
3362:Middlewares/Third_Party/FreeRTOS/Source/tasks.c **** 
3363:Middlewares/Third_Party/FreeRTOS/Source/tasks.c **** #endif /* configUSE_TRACE_FACILITY */
3364:Middlewares/Third_Party/FreeRTOS/Source/tasks.c **** /*-----------------------------------------------------------*/
3365:Middlewares/Third_Party/FreeRTOS/Source/tasks.c **** 
3366:Middlewares/Third_Party/FreeRTOS/Source/tasks.c **** #if ( configUSE_TRACE_FACILITY == 1 )
3367:Middlewares/Third_Party/FreeRTOS/Source/tasks.c **** 
3368:Middlewares/Third_Party/FreeRTOS/Source/tasks.c **** 	void vTaskSetTaskNumber( TaskHandle_t xTask, const UBaseType_t uxHandle )
3369:Middlewares/Third_Party/FreeRTOS/Source/tasks.c **** 	{
3370:Middlewares/Third_Party/FreeRTOS/Source/tasks.c **** 	TCB_t * pxTCB;
3371:Middlewares/Third_Party/FreeRTOS/Source/tasks.c **** 
3372:Middlewares/Third_Party/FreeRTOS/Source/tasks.c **** 		if( xTask != NULL )
3373:Middlewares/Third_Party/FreeRTOS/Source/tasks.c **** 		{
3374:Middlewares/Third_Party/FreeRTOS/Source/tasks.c **** 			pxTCB = xTask;
3375:Middlewares/Third_Party/FreeRTOS/Source/tasks.c **** 			pxTCB->uxTaskNumber = uxHandle;
3376:Middlewares/Third_Party/FreeRTOS/Source/tasks.c **** 		}
3377:Middlewares/Third_Party/FreeRTOS/Source/tasks.c **** 	}
3378:Middlewares/Third_Party/FreeRTOS/Source/tasks.c **** 
3379:Middlewares/Third_Party/FreeRTOS/Source/tasks.c **** #endif /* configUSE_TRACE_FACILITY */
3380:Middlewares/Third_Party/FreeRTOS/Source/tasks.c **** 
3381:Middlewares/Third_Party/FreeRTOS/Source/tasks.c **** /*
3382:Middlewares/Third_Party/FreeRTOS/Source/tasks.c ****  * -----------------------------------------------------------
ARM GAS  C:\Users\jason\AppData\Local\Temp\ccaXxPCU.s 			page 66


3383:Middlewares/Third_Party/FreeRTOS/Source/tasks.c ****  * The Idle task.
3384:Middlewares/Third_Party/FreeRTOS/Source/tasks.c ****  * ----------------------------------------------------------
3385:Middlewares/Third_Party/FreeRTOS/Source/tasks.c ****  *
3386:Middlewares/Third_Party/FreeRTOS/Source/tasks.c ****  * The portTASK_FUNCTION() macro is used to allow port/compiler specific
3387:Middlewares/Third_Party/FreeRTOS/Source/tasks.c ****  * language extensions.  The equivalent prototype for this function is:
3388:Middlewares/Third_Party/FreeRTOS/Source/tasks.c ****  *
3389:Middlewares/Third_Party/FreeRTOS/Source/tasks.c ****  * void prvIdleTask( void *pvParameters );
3390:Middlewares/Third_Party/FreeRTOS/Source/tasks.c ****  *
3391:Middlewares/Third_Party/FreeRTOS/Source/tasks.c ****  */
3392:Middlewares/Third_Party/FreeRTOS/Source/tasks.c **** static portTASK_FUNCTION( prvIdleTask, pvParameters )
3393:Middlewares/Third_Party/FreeRTOS/Source/tasks.c **** {
3394:Middlewares/Third_Party/FreeRTOS/Source/tasks.c **** 	/* Stop warnings. */
3395:Middlewares/Third_Party/FreeRTOS/Source/tasks.c **** 	( void ) pvParameters;
3396:Middlewares/Third_Party/FreeRTOS/Source/tasks.c **** 
3397:Middlewares/Third_Party/FreeRTOS/Source/tasks.c **** 	/** THIS IS THE RTOS IDLE TASK - WHICH IS CREATED AUTOMATICALLY WHEN THE
3398:Middlewares/Third_Party/FreeRTOS/Source/tasks.c **** 	SCHEDULER IS STARTED. **/
3399:Middlewares/Third_Party/FreeRTOS/Source/tasks.c **** 
3400:Middlewares/Third_Party/FreeRTOS/Source/tasks.c **** 	/* In case a task that has a secure context deletes itself, in which case
3401:Middlewares/Third_Party/FreeRTOS/Source/tasks.c **** 	the idle task is responsible for deleting the task's secure context, if
3402:Middlewares/Third_Party/FreeRTOS/Source/tasks.c **** 	any. */
3403:Middlewares/Third_Party/FreeRTOS/Source/tasks.c **** 	portALLOCATE_SECURE_CONTEXT( configMINIMAL_SECURE_STACK_SIZE );
3404:Middlewares/Third_Party/FreeRTOS/Source/tasks.c **** 
3405:Middlewares/Third_Party/FreeRTOS/Source/tasks.c **** 	for( ;; )
3406:Middlewares/Third_Party/FreeRTOS/Source/tasks.c **** 	{
3407:Middlewares/Third_Party/FreeRTOS/Source/tasks.c **** 		/* See if any tasks have deleted themselves - if so then the idle task
3408:Middlewares/Third_Party/FreeRTOS/Source/tasks.c **** 		is responsible for freeing the deleted task's TCB and stack. */
3409:Middlewares/Third_Party/FreeRTOS/Source/tasks.c **** 		prvCheckTasksWaitingTermination();
3410:Middlewares/Third_Party/FreeRTOS/Source/tasks.c **** 
3411:Middlewares/Third_Party/FreeRTOS/Source/tasks.c **** 		#if ( configUSE_PREEMPTION == 0 )
3412:Middlewares/Third_Party/FreeRTOS/Source/tasks.c **** 		{
3413:Middlewares/Third_Party/FreeRTOS/Source/tasks.c **** 			/* If we are not using preemption we keep forcing a task switch to
3414:Middlewares/Third_Party/FreeRTOS/Source/tasks.c **** 			see if any other task has become available.  If we are using
3415:Middlewares/Third_Party/FreeRTOS/Source/tasks.c **** 			preemption we don't need to do this as any task becoming available
3416:Middlewares/Third_Party/FreeRTOS/Source/tasks.c **** 			will automatically get the processor anyway. */
3417:Middlewares/Third_Party/FreeRTOS/Source/tasks.c **** 			taskYIELD();
3418:Middlewares/Third_Party/FreeRTOS/Source/tasks.c **** 		}
3419:Middlewares/Third_Party/FreeRTOS/Source/tasks.c **** 		#endif /* configUSE_PREEMPTION */
3420:Middlewares/Third_Party/FreeRTOS/Source/tasks.c **** 
3421:Middlewares/Third_Party/FreeRTOS/Source/tasks.c **** 		#if ( ( configUSE_PREEMPTION == 1 ) && ( configIDLE_SHOULD_YIELD == 1 ) )
3422:Middlewares/Third_Party/FreeRTOS/Source/tasks.c **** 		{
3423:Middlewares/Third_Party/FreeRTOS/Source/tasks.c **** 			/* When using preemption tasks of equal priority will be
3424:Middlewares/Third_Party/FreeRTOS/Source/tasks.c **** 			timesliced.  If a task that is sharing the idle priority is ready
3425:Middlewares/Third_Party/FreeRTOS/Source/tasks.c **** 			to run then the idle task should yield before the end of the
3426:Middlewares/Third_Party/FreeRTOS/Source/tasks.c **** 			timeslice.
3427:Middlewares/Third_Party/FreeRTOS/Source/tasks.c **** 
3428:Middlewares/Third_Party/FreeRTOS/Source/tasks.c **** 			A critical region is not required here as we are just reading from
3429:Middlewares/Third_Party/FreeRTOS/Source/tasks.c **** 			the list, and an occasional incorrect value will not matter.  If
3430:Middlewares/Third_Party/FreeRTOS/Source/tasks.c **** 			the ready list at the idle priority contains more than one task
3431:Middlewares/Third_Party/FreeRTOS/Source/tasks.c **** 			then a task other than the idle task is ready to execute. */
3432:Middlewares/Third_Party/FreeRTOS/Source/tasks.c **** 			if( listCURRENT_LIST_LENGTH( &( pxReadyTasksLists[ tskIDLE_PRIORITY ] ) ) > ( UBaseType_t ) 1 )
3433:Middlewares/Third_Party/FreeRTOS/Source/tasks.c **** 			{
3434:Middlewares/Third_Party/FreeRTOS/Source/tasks.c **** 				taskYIELD();
3435:Middlewares/Third_Party/FreeRTOS/Source/tasks.c **** 			}
3436:Middlewares/Third_Party/FreeRTOS/Source/tasks.c **** 			else
3437:Middlewares/Third_Party/FreeRTOS/Source/tasks.c **** 			{
3438:Middlewares/Third_Party/FreeRTOS/Source/tasks.c **** 				mtCOVERAGE_TEST_MARKER();
3439:Middlewares/Third_Party/FreeRTOS/Source/tasks.c **** 			}
ARM GAS  C:\Users\jason\AppData\Local\Temp\ccaXxPCU.s 			page 67


3440:Middlewares/Third_Party/FreeRTOS/Source/tasks.c **** 		}
3441:Middlewares/Third_Party/FreeRTOS/Source/tasks.c **** 		#endif /* ( ( configUSE_PREEMPTION == 1 ) && ( configIDLE_SHOULD_YIELD == 1 ) ) */
3442:Middlewares/Third_Party/FreeRTOS/Source/tasks.c **** 
3443:Middlewares/Third_Party/FreeRTOS/Source/tasks.c **** 		#if ( configUSE_IDLE_HOOK == 1 )
3444:Middlewares/Third_Party/FreeRTOS/Source/tasks.c **** 		{
3445:Middlewares/Third_Party/FreeRTOS/Source/tasks.c **** 			extern void vApplicationIdleHook( void );
3446:Middlewares/Third_Party/FreeRTOS/Source/tasks.c **** 
3447:Middlewares/Third_Party/FreeRTOS/Source/tasks.c **** 			/* Call the user defined function from within the idle task.  This
3448:Middlewares/Third_Party/FreeRTOS/Source/tasks.c **** 			allows the application designer to add background functionality
3449:Middlewares/Third_Party/FreeRTOS/Source/tasks.c **** 			without the overhead of a separate task.
3450:Middlewares/Third_Party/FreeRTOS/Source/tasks.c **** 			NOTE: vApplicationIdleHook() MUST NOT, UNDER ANY CIRCUMSTANCES,
3451:Middlewares/Third_Party/FreeRTOS/Source/tasks.c **** 			CALL A FUNCTION THAT MIGHT BLOCK. */
3452:Middlewares/Third_Party/FreeRTOS/Source/tasks.c **** 			vApplicationIdleHook();
3453:Middlewares/Third_Party/FreeRTOS/Source/tasks.c **** 		}
3454:Middlewares/Third_Party/FreeRTOS/Source/tasks.c **** 		#endif /* configUSE_IDLE_HOOK */
3455:Middlewares/Third_Party/FreeRTOS/Source/tasks.c **** 
3456:Middlewares/Third_Party/FreeRTOS/Source/tasks.c **** 		/* This conditional compilation should use inequality to 0, not equality
3457:Middlewares/Third_Party/FreeRTOS/Source/tasks.c **** 		to 1.  This is to ensure portSUPPRESS_TICKS_AND_SLEEP() is called when
3458:Middlewares/Third_Party/FreeRTOS/Source/tasks.c **** 		user defined low power mode	implementations require
3459:Middlewares/Third_Party/FreeRTOS/Source/tasks.c **** 		configUSE_TICKLESS_IDLE to be set to a value other than 1. */
3460:Middlewares/Third_Party/FreeRTOS/Source/tasks.c **** 		#if ( configUSE_TICKLESS_IDLE != 0 )
3461:Middlewares/Third_Party/FreeRTOS/Source/tasks.c **** 		{
3462:Middlewares/Third_Party/FreeRTOS/Source/tasks.c **** 		TickType_t xExpectedIdleTime;
3463:Middlewares/Third_Party/FreeRTOS/Source/tasks.c **** 
3464:Middlewares/Third_Party/FreeRTOS/Source/tasks.c **** 			/* It is not desirable to suspend then resume the scheduler on
3465:Middlewares/Third_Party/FreeRTOS/Source/tasks.c **** 			each iteration of the idle task.  Therefore, a preliminary
3466:Middlewares/Third_Party/FreeRTOS/Source/tasks.c **** 			test of the expected idle time is performed without the
3467:Middlewares/Third_Party/FreeRTOS/Source/tasks.c **** 			scheduler suspended.  The result here is not necessarily
3468:Middlewares/Third_Party/FreeRTOS/Source/tasks.c **** 			valid. */
3469:Middlewares/Third_Party/FreeRTOS/Source/tasks.c **** 			xExpectedIdleTime = prvGetExpectedIdleTime();
3470:Middlewares/Third_Party/FreeRTOS/Source/tasks.c **** 
3471:Middlewares/Third_Party/FreeRTOS/Source/tasks.c **** 			if( xExpectedIdleTime >= configEXPECTED_IDLE_TIME_BEFORE_SLEEP )
3472:Middlewares/Third_Party/FreeRTOS/Source/tasks.c **** 			{
3473:Middlewares/Third_Party/FreeRTOS/Source/tasks.c **** 				vTaskSuspendAll();
3474:Middlewares/Third_Party/FreeRTOS/Source/tasks.c **** 				{
3475:Middlewares/Third_Party/FreeRTOS/Source/tasks.c **** 					/* Now the scheduler is suspended, the expected idle
3476:Middlewares/Third_Party/FreeRTOS/Source/tasks.c **** 					time can be sampled again, and this time its value can
3477:Middlewares/Third_Party/FreeRTOS/Source/tasks.c **** 					be used. */
3478:Middlewares/Third_Party/FreeRTOS/Source/tasks.c **** 					configASSERT( xNextTaskUnblockTime >= xTickCount );
3479:Middlewares/Third_Party/FreeRTOS/Source/tasks.c **** 					xExpectedIdleTime = prvGetExpectedIdleTime();
3480:Middlewares/Third_Party/FreeRTOS/Source/tasks.c **** 
3481:Middlewares/Third_Party/FreeRTOS/Source/tasks.c **** 					/* Define the following macro to set xExpectedIdleTime to 0
3482:Middlewares/Third_Party/FreeRTOS/Source/tasks.c **** 					if the application does not want
3483:Middlewares/Third_Party/FreeRTOS/Source/tasks.c **** 					portSUPPRESS_TICKS_AND_SLEEP() to be called. */
3484:Middlewares/Third_Party/FreeRTOS/Source/tasks.c **** 					configPRE_SUPPRESS_TICKS_AND_SLEEP_PROCESSING( xExpectedIdleTime );
3485:Middlewares/Third_Party/FreeRTOS/Source/tasks.c **** 
3486:Middlewares/Third_Party/FreeRTOS/Source/tasks.c **** 					if( xExpectedIdleTime >= configEXPECTED_IDLE_TIME_BEFORE_SLEEP )
3487:Middlewares/Third_Party/FreeRTOS/Source/tasks.c **** 					{
3488:Middlewares/Third_Party/FreeRTOS/Source/tasks.c **** 						traceLOW_POWER_IDLE_BEGIN();
3489:Middlewares/Third_Party/FreeRTOS/Source/tasks.c **** 						portSUPPRESS_TICKS_AND_SLEEP( xExpectedIdleTime );
3490:Middlewares/Third_Party/FreeRTOS/Source/tasks.c **** 						traceLOW_POWER_IDLE_END();
3491:Middlewares/Third_Party/FreeRTOS/Source/tasks.c **** 					}
3492:Middlewares/Third_Party/FreeRTOS/Source/tasks.c **** 					else
3493:Middlewares/Third_Party/FreeRTOS/Source/tasks.c **** 					{
3494:Middlewares/Third_Party/FreeRTOS/Source/tasks.c **** 						mtCOVERAGE_TEST_MARKER();
3495:Middlewares/Third_Party/FreeRTOS/Source/tasks.c **** 					}
3496:Middlewares/Third_Party/FreeRTOS/Source/tasks.c **** 				}
ARM GAS  C:\Users\jason\AppData\Local\Temp\ccaXxPCU.s 			page 68


3497:Middlewares/Third_Party/FreeRTOS/Source/tasks.c **** 				( void ) xTaskResumeAll();
3498:Middlewares/Third_Party/FreeRTOS/Source/tasks.c **** 			}
3499:Middlewares/Third_Party/FreeRTOS/Source/tasks.c **** 			else
3500:Middlewares/Third_Party/FreeRTOS/Source/tasks.c **** 			{
3501:Middlewares/Third_Party/FreeRTOS/Source/tasks.c **** 				mtCOVERAGE_TEST_MARKER();
3502:Middlewares/Third_Party/FreeRTOS/Source/tasks.c **** 			}
3503:Middlewares/Third_Party/FreeRTOS/Source/tasks.c **** 		}
3504:Middlewares/Third_Party/FreeRTOS/Source/tasks.c **** 		#endif /* configUSE_TICKLESS_IDLE */
3505:Middlewares/Third_Party/FreeRTOS/Source/tasks.c **** 	}
3506:Middlewares/Third_Party/FreeRTOS/Source/tasks.c **** }
3507:Middlewares/Third_Party/FreeRTOS/Source/tasks.c **** /*-----------------------------------------------------------*/
3508:Middlewares/Third_Party/FreeRTOS/Source/tasks.c **** 
3509:Middlewares/Third_Party/FreeRTOS/Source/tasks.c **** #if( configUSE_TICKLESS_IDLE != 0 )
3510:Middlewares/Third_Party/FreeRTOS/Source/tasks.c **** 
3511:Middlewares/Third_Party/FreeRTOS/Source/tasks.c **** 	eSleepModeStatus eTaskConfirmSleepModeStatus( void )
3512:Middlewares/Third_Party/FreeRTOS/Source/tasks.c **** 	{
3513:Middlewares/Third_Party/FreeRTOS/Source/tasks.c **** 	/* The idle task exists in addition to the application tasks. */
3514:Middlewares/Third_Party/FreeRTOS/Source/tasks.c **** 	const UBaseType_t uxNonApplicationTasks = 1;
3515:Middlewares/Third_Party/FreeRTOS/Source/tasks.c **** 	eSleepModeStatus eReturn = eStandardSleep;
3516:Middlewares/Third_Party/FreeRTOS/Source/tasks.c **** 
3517:Middlewares/Third_Party/FreeRTOS/Source/tasks.c **** 		/* This function must be called from a critical section. */
3518:Middlewares/Third_Party/FreeRTOS/Source/tasks.c **** 
3519:Middlewares/Third_Party/FreeRTOS/Source/tasks.c **** 		if( listCURRENT_LIST_LENGTH( &xPendingReadyList ) != 0 )
3520:Middlewares/Third_Party/FreeRTOS/Source/tasks.c **** 		{
3521:Middlewares/Third_Party/FreeRTOS/Source/tasks.c **** 			/* A task was made ready while the scheduler was suspended. */
3522:Middlewares/Third_Party/FreeRTOS/Source/tasks.c **** 			eReturn = eAbortSleep;
3523:Middlewares/Third_Party/FreeRTOS/Source/tasks.c **** 		}
3524:Middlewares/Third_Party/FreeRTOS/Source/tasks.c **** 		else if( xYieldPending != pdFALSE )
3525:Middlewares/Third_Party/FreeRTOS/Source/tasks.c **** 		{
3526:Middlewares/Third_Party/FreeRTOS/Source/tasks.c **** 			/* A yield was pended while the scheduler was suspended. */
3527:Middlewares/Third_Party/FreeRTOS/Source/tasks.c **** 			eReturn = eAbortSleep;
3528:Middlewares/Third_Party/FreeRTOS/Source/tasks.c **** 		}
3529:Middlewares/Third_Party/FreeRTOS/Source/tasks.c **** 		else
3530:Middlewares/Third_Party/FreeRTOS/Source/tasks.c **** 		{
3531:Middlewares/Third_Party/FreeRTOS/Source/tasks.c **** 			/* If all the tasks are in the suspended list (which might mean they
3532:Middlewares/Third_Party/FreeRTOS/Source/tasks.c **** 			have an infinite block time rather than actually being suspended)
3533:Middlewares/Third_Party/FreeRTOS/Source/tasks.c **** 			then it is safe to turn all clocks off and just wait for external
3534:Middlewares/Third_Party/FreeRTOS/Source/tasks.c **** 			interrupts. */
3535:Middlewares/Third_Party/FreeRTOS/Source/tasks.c **** 			if( listCURRENT_LIST_LENGTH( &xSuspendedTaskList ) == ( uxCurrentNumberOfTasks - uxNonApplicatio
3536:Middlewares/Third_Party/FreeRTOS/Source/tasks.c **** 			{
3537:Middlewares/Third_Party/FreeRTOS/Source/tasks.c **** 				eReturn = eNoTasksWaitingTimeout;
3538:Middlewares/Third_Party/FreeRTOS/Source/tasks.c **** 			}
3539:Middlewares/Third_Party/FreeRTOS/Source/tasks.c **** 			else
3540:Middlewares/Third_Party/FreeRTOS/Source/tasks.c **** 			{
3541:Middlewares/Third_Party/FreeRTOS/Source/tasks.c **** 				mtCOVERAGE_TEST_MARKER();
3542:Middlewares/Third_Party/FreeRTOS/Source/tasks.c **** 			}
3543:Middlewares/Third_Party/FreeRTOS/Source/tasks.c **** 		}
3544:Middlewares/Third_Party/FreeRTOS/Source/tasks.c **** 
3545:Middlewares/Third_Party/FreeRTOS/Source/tasks.c **** 		return eReturn;
3546:Middlewares/Third_Party/FreeRTOS/Source/tasks.c **** 	}
3547:Middlewares/Third_Party/FreeRTOS/Source/tasks.c **** 
3548:Middlewares/Third_Party/FreeRTOS/Source/tasks.c **** #endif /* configUSE_TICKLESS_IDLE */
3549:Middlewares/Third_Party/FreeRTOS/Source/tasks.c **** /*-----------------------------------------------------------*/
3550:Middlewares/Third_Party/FreeRTOS/Source/tasks.c **** 
3551:Middlewares/Third_Party/FreeRTOS/Source/tasks.c **** #if ( configNUM_THREAD_LOCAL_STORAGE_POINTERS != 0 )
3552:Middlewares/Third_Party/FreeRTOS/Source/tasks.c **** 
3553:Middlewares/Third_Party/FreeRTOS/Source/tasks.c **** 	void vTaskSetThreadLocalStoragePointer( TaskHandle_t xTaskToSet, BaseType_t xIndex, void *pvValue 
ARM GAS  C:\Users\jason\AppData\Local\Temp\ccaXxPCU.s 			page 69


3554:Middlewares/Third_Party/FreeRTOS/Source/tasks.c **** 	{
3555:Middlewares/Third_Party/FreeRTOS/Source/tasks.c **** 	TCB_t *pxTCB;
3556:Middlewares/Third_Party/FreeRTOS/Source/tasks.c **** 
3557:Middlewares/Third_Party/FreeRTOS/Source/tasks.c **** 		if( xIndex < configNUM_THREAD_LOCAL_STORAGE_POINTERS )
3558:Middlewares/Third_Party/FreeRTOS/Source/tasks.c **** 		{
3559:Middlewares/Third_Party/FreeRTOS/Source/tasks.c **** 			pxTCB = prvGetTCBFromHandle( xTaskToSet );
3560:Middlewares/Third_Party/FreeRTOS/Source/tasks.c **** 			configASSERT( pxTCB != NULL );
3561:Middlewares/Third_Party/FreeRTOS/Source/tasks.c **** 			pxTCB->pvThreadLocalStoragePointers[ xIndex ] = pvValue;
3562:Middlewares/Third_Party/FreeRTOS/Source/tasks.c **** 		}
3563:Middlewares/Third_Party/FreeRTOS/Source/tasks.c **** 	}
3564:Middlewares/Third_Party/FreeRTOS/Source/tasks.c **** 
3565:Middlewares/Third_Party/FreeRTOS/Source/tasks.c **** #endif /* configNUM_THREAD_LOCAL_STORAGE_POINTERS */
3566:Middlewares/Third_Party/FreeRTOS/Source/tasks.c **** /*-----------------------------------------------------------*/
3567:Middlewares/Third_Party/FreeRTOS/Source/tasks.c **** 
3568:Middlewares/Third_Party/FreeRTOS/Source/tasks.c **** #if ( configNUM_THREAD_LOCAL_STORAGE_POINTERS != 0 )
3569:Middlewares/Third_Party/FreeRTOS/Source/tasks.c **** 
3570:Middlewares/Third_Party/FreeRTOS/Source/tasks.c **** 	void *pvTaskGetThreadLocalStoragePointer( TaskHandle_t xTaskToQuery, BaseType_t xIndex )
3571:Middlewares/Third_Party/FreeRTOS/Source/tasks.c **** 	{
3572:Middlewares/Third_Party/FreeRTOS/Source/tasks.c **** 	void *pvReturn = NULL;
3573:Middlewares/Third_Party/FreeRTOS/Source/tasks.c **** 	TCB_t *pxTCB;
3574:Middlewares/Third_Party/FreeRTOS/Source/tasks.c **** 
3575:Middlewares/Third_Party/FreeRTOS/Source/tasks.c **** 		if( xIndex < configNUM_THREAD_LOCAL_STORAGE_POINTERS )
3576:Middlewares/Third_Party/FreeRTOS/Source/tasks.c **** 		{
3577:Middlewares/Third_Party/FreeRTOS/Source/tasks.c **** 			pxTCB = prvGetTCBFromHandle( xTaskToQuery );
3578:Middlewares/Third_Party/FreeRTOS/Source/tasks.c **** 			pvReturn = pxTCB->pvThreadLocalStoragePointers[ xIndex ];
3579:Middlewares/Third_Party/FreeRTOS/Source/tasks.c **** 		}
3580:Middlewares/Third_Party/FreeRTOS/Source/tasks.c **** 		else
3581:Middlewares/Third_Party/FreeRTOS/Source/tasks.c **** 		{
3582:Middlewares/Third_Party/FreeRTOS/Source/tasks.c **** 			pvReturn = NULL;
3583:Middlewares/Third_Party/FreeRTOS/Source/tasks.c **** 		}
3584:Middlewares/Third_Party/FreeRTOS/Source/tasks.c **** 
3585:Middlewares/Third_Party/FreeRTOS/Source/tasks.c **** 		return pvReturn;
3586:Middlewares/Third_Party/FreeRTOS/Source/tasks.c **** 	}
3587:Middlewares/Third_Party/FreeRTOS/Source/tasks.c **** 
3588:Middlewares/Third_Party/FreeRTOS/Source/tasks.c **** #endif /* configNUM_THREAD_LOCAL_STORAGE_POINTERS */
3589:Middlewares/Third_Party/FreeRTOS/Source/tasks.c **** /*-----------------------------------------------------------*/
3590:Middlewares/Third_Party/FreeRTOS/Source/tasks.c **** 
3591:Middlewares/Third_Party/FreeRTOS/Source/tasks.c **** #if ( portUSING_MPU_WRAPPERS == 1 )
3592:Middlewares/Third_Party/FreeRTOS/Source/tasks.c **** 
3593:Middlewares/Third_Party/FreeRTOS/Source/tasks.c **** 	void vTaskAllocateMPURegions( TaskHandle_t xTaskToModify, const MemoryRegion_t * const xRegions )
3594:Middlewares/Third_Party/FreeRTOS/Source/tasks.c **** 	{
3595:Middlewares/Third_Party/FreeRTOS/Source/tasks.c **** 	TCB_t *pxTCB;
3596:Middlewares/Third_Party/FreeRTOS/Source/tasks.c **** 
3597:Middlewares/Third_Party/FreeRTOS/Source/tasks.c **** 		/* If null is passed in here then we are modifying the MPU settings of
3598:Middlewares/Third_Party/FreeRTOS/Source/tasks.c **** 		the calling task. */
3599:Middlewares/Third_Party/FreeRTOS/Source/tasks.c **** 		pxTCB = prvGetTCBFromHandle( xTaskToModify );
3600:Middlewares/Third_Party/FreeRTOS/Source/tasks.c **** 
3601:Middlewares/Third_Party/FreeRTOS/Source/tasks.c **** 		vPortStoreTaskMPUSettings( &( pxTCB->xMPUSettings ), xRegions, NULL, 0 );
3602:Middlewares/Third_Party/FreeRTOS/Source/tasks.c **** 	}
3603:Middlewares/Third_Party/FreeRTOS/Source/tasks.c **** 
3604:Middlewares/Third_Party/FreeRTOS/Source/tasks.c **** #endif /* portUSING_MPU_WRAPPERS */
3605:Middlewares/Third_Party/FreeRTOS/Source/tasks.c **** /*-----------------------------------------------------------*/
3606:Middlewares/Third_Party/FreeRTOS/Source/tasks.c **** 
3607:Middlewares/Third_Party/FreeRTOS/Source/tasks.c **** static void prvInitialiseTaskLists( void )
3608:Middlewares/Third_Party/FreeRTOS/Source/tasks.c **** {
3609:Middlewares/Third_Party/FreeRTOS/Source/tasks.c **** UBaseType_t uxPriority;
3610:Middlewares/Third_Party/FreeRTOS/Source/tasks.c **** 
ARM GAS  C:\Users\jason\AppData\Local\Temp\ccaXxPCU.s 			page 70


3611:Middlewares/Third_Party/FreeRTOS/Source/tasks.c **** 	for( uxPriority = ( UBaseType_t ) 0U; uxPriority < ( UBaseType_t ) configMAX_PRIORITIES; uxPriorit
3612:Middlewares/Third_Party/FreeRTOS/Source/tasks.c **** 	{
3613:Middlewares/Third_Party/FreeRTOS/Source/tasks.c **** 		vListInitialise( &( pxReadyTasksLists[ uxPriority ] ) );
3614:Middlewares/Third_Party/FreeRTOS/Source/tasks.c **** 	}
3615:Middlewares/Third_Party/FreeRTOS/Source/tasks.c **** 
3616:Middlewares/Third_Party/FreeRTOS/Source/tasks.c **** 	vListInitialise( &xDelayedTaskList1 );
3617:Middlewares/Third_Party/FreeRTOS/Source/tasks.c **** 	vListInitialise( &xDelayedTaskList2 );
3618:Middlewares/Third_Party/FreeRTOS/Source/tasks.c **** 	vListInitialise( &xPendingReadyList );
3619:Middlewares/Third_Party/FreeRTOS/Source/tasks.c **** 
3620:Middlewares/Third_Party/FreeRTOS/Source/tasks.c **** 	#if ( INCLUDE_vTaskDelete == 1 )
3621:Middlewares/Third_Party/FreeRTOS/Source/tasks.c **** 	{
3622:Middlewares/Third_Party/FreeRTOS/Source/tasks.c **** 		vListInitialise( &xTasksWaitingTermination );
3623:Middlewares/Third_Party/FreeRTOS/Source/tasks.c **** 	}
3624:Middlewares/Third_Party/FreeRTOS/Source/tasks.c **** 	#endif /* INCLUDE_vTaskDelete */
3625:Middlewares/Third_Party/FreeRTOS/Source/tasks.c **** 
3626:Middlewares/Third_Party/FreeRTOS/Source/tasks.c **** 	#if ( INCLUDE_vTaskSuspend == 1 )
3627:Middlewares/Third_Party/FreeRTOS/Source/tasks.c **** 	{
3628:Middlewares/Third_Party/FreeRTOS/Source/tasks.c **** 		vListInitialise( &xSuspendedTaskList );
3629:Middlewares/Third_Party/FreeRTOS/Source/tasks.c **** 	}
3630:Middlewares/Third_Party/FreeRTOS/Source/tasks.c **** 	#endif /* INCLUDE_vTaskSuspend */
3631:Middlewares/Third_Party/FreeRTOS/Source/tasks.c **** 
3632:Middlewares/Third_Party/FreeRTOS/Source/tasks.c **** 	/* Start with pxDelayedTaskList using list1 and the pxOverflowDelayedTaskList
3633:Middlewares/Third_Party/FreeRTOS/Source/tasks.c **** 	using list2. */
3634:Middlewares/Third_Party/FreeRTOS/Source/tasks.c **** 	pxDelayedTaskList = &xDelayedTaskList1;
3635:Middlewares/Third_Party/FreeRTOS/Source/tasks.c **** 	pxOverflowDelayedTaskList = &xDelayedTaskList2;
3636:Middlewares/Third_Party/FreeRTOS/Source/tasks.c **** }
3637:Middlewares/Third_Party/FreeRTOS/Source/tasks.c **** /*-----------------------------------------------------------*/
3638:Middlewares/Third_Party/FreeRTOS/Source/tasks.c **** 
3639:Middlewares/Third_Party/FreeRTOS/Source/tasks.c **** static void prvCheckTasksWaitingTermination( void )
3640:Middlewares/Third_Party/FreeRTOS/Source/tasks.c **** {
3641:Middlewares/Third_Party/FreeRTOS/Source/tasks.c **** 
3642:Middlewares/Third_Party/FreeRTOS/Source/tasks.c **** 	/** THIS FUNCTION IS CALLED FROM THE RTOS IDLE TASK **/
3643:Middlewares/Third_Party/FreeRTOS/Source/tasks.c **** 
3644:Middlewares/Third_Party/FreeRTOS/Source/tasks.c **** 	#if ( INCLUDE_vTaskDelete == 1 )
3645:Middlewares/Third_Party/FreeRTOS/Source/tasks.c **** 	{
3646:Middlewares/Third_Party/FreeRTOS/Source/tasks.c **** 		TCB_t *pxTCB;
3647:Middlewares/Third_Party/FreeRTOS/Source/tasks.c **** 
3648:Middlewares/Third_Party/FreeRTOS/Source/tasks.c **** 		/* uxDeletedTasksWaitingCleanUp is used to prevent taskENTER_CRITICAL()
3649:Middlewares/Third_Party/FreeRTOS/Source/tasks.c **** 		being called too often in the idle task. */
3650:Middlewares/Third_Party/FreeRTOS/Source/tasks.c **** 		while( uxDeletedTasksWaitingCleanUp > ( UBaseType_t ) 0U )
3651:Middlewares/Third_Party/FreeRTOS/Source/tasks.c **** 		{
3652:Middlewares/Third_Party/FreeRTOS/Source/tasks.c **** 			taskENTER_CRITICAL();
3653:Middlewares/Third_Party/FreeRTOS/Source/tasks.c **** 			{
3654:Middlewares/Third_Party/FreeRTOS/Source/tasks.c **** 				pxTCB = listGET_OWNER_OF_HEAD_ENTRY( ( &xTasksWaitingTermination ) ); /*lint !e9079 void * is u
3655:Middlewares/Third_Party/FreeRTOS/Source/tasks.c **** 				( void ) uxListRemove( &( pxTCB->xStateListItem ) );
3656:Middlewares/Third_Party/FreeRTOS/Source/tasks.c **** 				--uxCurrentNumberOfTasks;
3657:Middlewares/Third_Party/FreeRTOS/Source/tasks.c **** 				--uxDeletedTasksWaitingCleanUp;
3658:Middlewares/Third_Party/FreeRTOS/Source/tasks.c **** 			}
3659:Middlewares/Third_Party/FreeRTOS/Source/tasks.c **** 			taskEXIT_CRITICAL();
3660:Middlewares/Third_Party/FreeRTOS/Source/tasks.c **** 
3661:Middlewares/Third_Party/FreeRTOS/Source/tasks.c **** 			prvDeleteTCB( pxTCB );
3662:Middlewares/Third_Party/FreeRTOS/Source/tasks.c **** 		}
3663:Middlewares/Third_Party/FreeRTOS/Source/tasks.c **** 	}
3664:Middlewares/Third_Party/FreeRTOS/Source/tasks.c **** 	#endif /* INCLUDE_vTaskDelete */
3665:Middlewares/Third_Party/FreeRTOS/Source/tasks.c **** }
3666:Middlewares/Third_Party/FreeRTOS/Source/tasks.c **** /*-----------------------------------------------------------*/
3667:Middlewares/Third_Party/FreeRTOS/Source/tasks.c **** 
ARM GAS  C:\Users\jason\AppData\Local\Temp\ccaXxPCU.s 			page 71


3668:Middlewares/Third_Party/FreeRTOS/Source/tasks.c **** #if( configUSE_TRACE_FACILITY == 1 )
3669:Middlewares/Third_Party/FreeRTOS/Source/tasks.c **** 
3670:Middlewares/Third_Party/FreeRTOS/Source/tasks.c **** 	void vTaskGetInfo( TaskHandle_t xTask, TaskStatus_t *pxTaskStatus, BaseType_t xGetFreeStackSpace, 
3671:Middlewares/Third_Party/FreeRTOS/Source/tasks.c **** 	{
3672:Middlewares/Third_Party/FreeRTOS/Source/tasks.c **** 	TCB_t *pxTCB;
3673:Middlewares/Third_Party/FreeRTOS/Source/tasks.c **** 
3674:Middlewares/Third_Party/FreeRTOS/Source/tasks.c **** 		/* xTask is NULL then get the state of the calling task. */
3675:Middlewares/Third_Party/FreeRTOS/Source/tasks.c **** 		pxTCB = prvGetTCBFromHandle( xTask );
3676:Middlewares/Third_Party/FreeRTOS/Source/tasks.c **** 
3677:Middlewares/Third_Party/FreeRTOS/Source/tasks.c **** 		pxTaskStatus->xHandle = ( TaskHandle_t ) pxTCB;
3678:Middlewares/Third_Party/FreeRTOS/Source/tasks.c **** 		pxTaskStatus->pcTaskName = ( const char * ) &( pxTCB->pcTaskName [ 0 ] );
3679:Middlewares/Third_Party/FreeRTOS/Source/tasks.c **** 		pxTaskStatus->uxCurrentPriority = pxTCB->uxPriority;
3680:Middlewares/Third_Party/FreeRTOS/Source/tasks.c **** 		pxTaskStatus->pxStackBase = pxTCB->pxStack;
3681:Middlewares/Third_Party/FreeRTOS/Source/tasks.c **** 		pxTaskStatus->xTaskNumber = pxTCB->uxTCBNumber;
3682:Middlewares/Third_Party/FreeRTOS/Source/tasks.c **** 
3683:Middlewares/Third_Party/FreeRTOS/Source/tasks.c **** 		#if ( configUSE_MUTEXES == 1 )
3684:Middlewares/Third_Party/FreeRTOS/Source/tasks.c **** 		{
3685:Middlewares/Third_Party/FreeRTOS/Source/tasks.c **** 			pxTaskStatus->uxBasePriority = pxTCB->uxBasePriority;
3686:Middlewares/Third_Party/FreeRTOS/Source/tasks.c **** 		}
3687:Middlewares/Third_Party/FreeRTOS/Source/tasks.c **** 		#else
3688:Middlewares/Third_Party/FreeRTOS/Source/tasks.c **** 		{
3689:Middlewares/Third_Party/FreeRTOS/Source/tasks.c **** 			pxTaskStatus->uxBasePriority = 0;
3690:Middlewares/Third_Party/FreeRTOS/Source/tasks.c **** 		}
3691:Middlewares/Third_Party/FreeRTOS/Source/tasks.c **** 		#endif
3692:Middlewares/Third_Party/FreeRTOS/Source/tasks.c **** 
3693:Middlewares/Third_Party/FreeRTOS/Source/tasks.c **** 		#if ( configGENERATE_RUN_TIME_STATS == 1 )
3694:Middlewares/Third_Party/FreeRTOS/Source/tasks.c **** 		{
3695:Middlewares/Third_Party/FreeRTOS/Source/tasks.c **** 			pxTaskStatus->ulRunTimeCounter = pxTCB->ulRunTimeCounter;
3696:Middlewares/Third_Party/FreeRTOS/Source/tasks.c **** 		}
3697:Middlewares/Third_Party/FreeRTOS/Source/tasks.c **** 		#else
3698:Middlewares/Third_Party/FreeRTOS/Source/tasks.c **** 		{
3699:Middlewares/Third_Party/FreeRTOS/Source/tasks.c **** 			pxTaskStatus->ulRunTimeCounter = 0;
3700:Middlewares/Third_Party/FreeRTOS/Source/tasks.c **** 		}
3701:Middlewares/Third_Party/FreeRTOS/Source/tasks.c **** 		#endif
3702:Middlewares/Third_Party/FreeRTOS/Source/tasks.c **** 
3703:Middlewares/Third_Party/FreeRTOS/Source/tasks.c **** 		/* Obtaining the task state is a little fiddly, so is only done if the
3704:Middlewares/Third_Party/FreeRTOS/Source/tasks.c **** 		value of eState passed into this function is eInvalid - otherwise the
3705:Middlewares/Third_Party/FreeRTOS/Source/tasks.c **** 		state is just set to whatever is passed in. */
3706:Middlewares/Third_Party/FreeRTOS/Source/tasks.c **** 		if( eState != eInvalid )
3707:Middlewares/Third_Party/FreeRTOS/Source/tasks.c **** 		{
3708:Middlewares/Third_Party/FreeRTOS/Source/tasks.c **** 			if( pxTCB == pxCurrentTCB )
3709:Middlewares/Third_Party/FreeRTOS/Source/tasks.c **** 			{
3710:Middlewares/Third_Party/FreeRTOS/Source/tasks.c **** 				pxTaskStatus->eCurrentState = eRunning;
3711:Middlewares/Third_Party/FreeRTOS/Source/tasks.c **** 			}
3712:Middlewares/Third_Party/FreeRTOS/Source/tasks.c **** 			else
3713:Middlewares/Third_Party/FreeRTOS/Source/tasks.c **** 			{
3714:Middlewares/Third_Party/FreeRTOS/Source/tasks.c **** 				pxTaskStatus->eCurrentState = eState;
3715:Middlewares/Third_Party/FreeRTOS/Source/tasks.c **** 
3716:Middlewares/Third_Party/FreeRTOS/Source/tasks.c **** 				#if ( INCLUDE_vTaskSuspend == 1 )
3717:Middlewares/Third_Party/FreeRTOS/Source/tasks.c **** 				{
3718:Middlewares/Third_Party/FreeRTOS/Source/tasks.c **** 					/* If the task is in the suspended list then there is a
3719:Middlewares/Third_Party/FreeRTOS/Source/tasks.c **** 					chance it is actually just blocked indefinitely - so really
3720:Middlewares/Third_Party/FreeRTOS/Source/tasks.c **** 					it should be reported as being in the Blocked state. */
3721:Middlewares/Third_Party/FreeRTOS/Source/tasks.c **** 					if( eState == eSuspended )
3722:Middlewares/Third_Party/FreeRTOS/Source/tasks.c **** 					{
3723:Middlewares/Third_Party/FreeRTOS/Source/tasks.c **** 						vTaskSuspendAll();
3724:Middlewares/Third_Party/FreeRTOS/Source/tasks.c **** 						{
ARM GAS  C:\Users\jason\AppData\Local\Temp\ccaXxPCU.s 			page 72


3725:Middlewares/Third_Party/FreeRTOS/Source/tasks.c **** 							if( listLIST_ITEM_CONTAINER( &( pxTCB->xEventListItem ) ) != NULL )
3726:Middlewares/Third_Party/FreeRTOS/Source/tasks.c **** 							{
3727:Middlewares/Third_Party/FreeRTOS/Source/tasks.c **** 								pxTaskStatus->eCurrentState = eBlocked;
3728:Middlewares/Third_Party/FreeRTOS/Source/tasks.c **** 							}
3729:Middlewares/Third_Party/FreeRTOS/Source/tasks.c **** 						}
3730:Middlewares/Third_Party/FreeRTOS/Source/tasks.c **** 						( void ) xTaskResumeAll();
3731:Middlewares/Third_Party/FreeRTOS/Source/tasks.c **** 					}
3732:Middlewares/Third_Party/FreeRTOS/Source/tasks.c **** 				}
3733:Middlewares/Third_Party/FreeRTOS/Source/tasks.c **** 				#endif /* INCLUDE_vTaskSuspend */
3734:Middlewares/Third_Party/FreeRTOS/Source/tasks.c **** 			}
3735:Middlewares/Third_Party/FreeRTOS/Source/tasks.c **** 		}
3736:Middlewares/Third_Party/FreeRTOS/Source/tasks.c **** 		else
3737:Middlewares/Third_Party/FreeRTOS/Source/tasks.c **** 		{
3738:Middlewares/Third_Party/FreeRTOS/Source/tasks.c **** 			pxTaskStatus->eCurrentState = eTaskGetState( pxTCB );
3739:Middlewares/Third_Party/FreeRTOS/Source/tasks.c **** 		}
3740:Middlewares/Third_Party/FreeRTOS/Source/tasks.c **** 
3741:Middlewares/Third_Party/FreeRTOS/Source/tasks.c **** 		/* Obtaining the stack space takes some time, so the xGetFreeStackSpace
3742:Middlewares/Third_Party/FreeRTOS/Source/tasks.c **** 		parameter is provided to allow it to be skipped. */
3743:Middlewares/Third_Party/FreeRTOS/Source/tasks.c **** 		if( xGetFreeStackSpace != pdFALSE )
3744:Middlewares/Third_Party/FreeRTOS/Source/tasks.c **** 		{
3745:Middlewares/Third_Party/FreeRTOS/Source/tasks.c **** 			#if ( portSTACK_GROWTH > 0 )
3746:Middlewares/Third_Party/FreeRTOS/Source/tasks.c **** 			{
3747:Middlewares/Third_Party/FreeRTOS/Source/tasks.c **** 				pxTaskStatus->usStackHighWaterMark = prvTaskCheckFreeStackSpace( ( uint8_t * ) pxTCB->pxEndOfSt
3748:Middlewares/Third_Party/FreeRTOS/Source/tasks.c **** 			}
3749:Middlewares/Third_Party/FreeRTOS/Source/tasks.c **** 			#else
3750:Middlewares/Third_Party/FreeRTOS/Source/tasks.c **** 			{
3751:Middlewares/Third_Party/FreeRTOS/Source/tasks.c **** 				pxTaskStatus->usStackHighWaterMark = prvTaskCheckFreeStackSpace( ( uint8_t * ) pxTCB->pxStack )
3752:Middlewares/Third_Party/FreeRTOS/Source/tasks.c **** 			}
3753:Middlewares/Third_Party/FreeRTOS/Source/tasks.c **** 			#endif
3754:Middlewares/Third_Party/FreeRTOS/Source/tasks.c **** 		}
3755:Middlewares/Third_Party/FreeRTOS/Source/tasks.c **** 		else
3756:Middlewares/Third_Party/FreeRTOS/Source/tasks.c **** 		{
3757:Middlewares/Third_Party/FreeRTOS/Source/tasks.c **** 			pxTaskStatus->usStackHighWaterMark = 0;
3758:Middlewares/Third_Party/FreeRTOS/Source/tasks.c **** 		}
3759:Middlewares/Third_Party/FreeRTOS/Source/tasks.c **** 	}
3760:Middlewares/Third_Party/FreeRTOS/Source/tasks.c **** 
3761:Middlewares/Third_Party/FreeRTOS/Source/tasks.c **** #endif /* configUSE_TRACE_FACILITY */
3762:Middlewares/Third_Party/FreeRTOS/Source/tasks.c **** /*-----------------------------------------------------------*/
3763:Middlewares/Third_Party/FreeRTOS/Source/tasks.c **** 
3764:Middlewares/Third_Party/FreeRTOS/Source/tasks.c **** #if ( configUSE_TRACE_FACILITY == 1 )
3765:Middlewares/Third_Party/FreeRTOS/Source/tasks.c **** 
3766:Middlewares/Third_Party/FreeRTOS/Source/tasks.c **** 	static UBaseType_t prvListTasksWithinSingleList( TaskStatus_t *pxTaskStatusArray, List_t *pxList, 
3767:Middlewares/Third_Party/FreeRTOS/Source/tasks.c **** 	{
3768:Middlewares/Third_Party/FreeRTOS/Source/tasks.c **** 	configLIST_VOLATILE TCB_t *pxNextTCB, *pxFirstTCB;
3769:Middlewares/Third_Party/FreeRTOS/Source/tasks.c **** 	UBaseType_t uxTask = 0;
3770:Middlewares/Third_Party/FreeRTOS/Source/tasks.c **** 
3771:Middlewares/Third_Party/FreeRTOS/Source/tasks.c **** 		if( listCURRENT_LIST_LENGTH( pxList ) > ( UBaseType_t ) 0 )
3772:Middlewares/Third_Party/FreeRTOS/Source/tasks.c **** 		{
3773:Middlewares/Third_Party/FreeRTOS/Source/tasks.c **** 			listGET_OWNER_OF_NEXT_ENTRY( pxFirstTCB, pxList ); /*lint !e9079 void * is used as this macro is
3774:Middlewares/Third_Party/FreeRTOS/Source/tasks.c **** 
3775:Middlewares/Third_Party/FreeRTOS/Source/tasks.c **** 			/* Populate an TaskStatus_t structure within the
3776:Middlewares/Third_Party/FreeRTOS/Source/tasks.c **** 			pxTaskStatusArray array for each task that is referenced from
3777:Middlewares/Third_Party/FreeRTOS/Source/tasks.c **** 			pxList.  See the definition of TaskStatus_t in task.h for the
3778:Middlewares/Third_Party/FreeRTOS/Source/tasks.c **** 			meaning of each TaskStatus_t structure member. */
3779:Middlewares/Third_Party/FreeRTOS/Source/tasks.c **** 			do
3780:Middlewares/Third_Party/FreeRTOS/Source/tasks.c **** 			{
3781:Middlewares/Third_Party/FreeRTOS/Source/tasks.c **** 				listGET_OWNER_OF_NEXT_ENTRY( pxNextTCB, pxList ); /*lint !e9079 void * is used as this macro is
ARM GAS  C:\Users\jason\AppData\Local\Temp\ccaXxPCU.s 			page 73


3782:Middlewares/Third_Party/FreeRTOS/Source/tasks.c **** 				vTaskGetInfo( ( TaskHandle_t ) pxNextTCB, &( pxTaskStatusArray[ uxTask ] ), pdTRUE, eState );
3783:Middlewares/Third_Party/FreeRTOS/Source/tasks.c **** 				uxTask++;
3784:Middlewares/Third_Party/FreeRTOS/Source/tasks.c **** 			} while( pxNextTCB != pxFirstTCB );
3785:Middlewares/Third_Party/FreeRTOS/Source/tasks.c **** 		}
3786:Middlewares/Third_Party/FreeRTOS/Source/tasks.c **** 		else
3787:Middlewares/Third_Party/FreeRTOS/Source/tasks.c **** 		{
3788:Middlewares/Third_Party/FreeRTOS/Source/tasks.c **** 			mtCOVERAGE_TEST_MARKER();
3789:Middlewares/Third_Party/FreeRTOS/Source/tasks.c **** 		}
3790:Middlewares/Third_Party/FreeRTOS/Source/tasks.c **** 
3791:Middlewares/Third_Party/FreeRTOS/Source/tasks.c **** 		return uxTask;
3792:Middlewares/Third_Party/FreeRTOS/Source/tasks.c **** 	}
3793:Middlewares/Third_Party/FreeRTOS/Source/tasks.c **** 
3794:Middlewares/Third_Party/FreeRTOS/Source/tasks.c **** #endif /* configUSE_TRACE_FACILITY */
3795:Middlewares/Third_Party/FreeRTOS/Source/tasks.c **** /*-----------------------------------------------------------*/
3796:Middlewares/Third_Party/FreeRTOS/Source/tasks.c **** 
3797:Middlewares/Third_Party/FreeRTOS/Source/tasks.c **** #if ( ( configUSE_TRACE_FACILITY == 1 ) || ( INCLUDE_uxTaskGetStackHighWaterMark == 1 ) || ( INCLUD
3798:Middlewares/Third_Party/FreeRTOS/Source/tasks.c **** 
3799:Middlewares/Third_Party/FreeRTOS/Source/tasks.c **** 	static configSTACK_DEPTH_TYPE prvTaskCheckFreeStackSpace( const uint8_t * pucStackByte )
3800:Middlewares/Third_Party/FreeRTOS/Source/tasks.c **** 	{
 124              		.loc 1 3800 2 is_stmt 1 view -0
 125              		.cfi_startproc
 126              		@ args = 0, pretend = 0, frame = 0
 127              		@ frame_needed = 0, uses_anonymous_args = 0
 128              		@ link register save eliminated.
3801:Middlewares/Third_Party/FreeRTOS/Source/tasks.c **** 	uint32_t ulCount = 0U;
 129              		.loc 1 3801 2 view .LVU29
3802:Middlewares/Third_Party/FreeRTOS/Source/tasks.c **** 
3803:Middlewares/Third_Party/FreeRTOS/Source/tasks.c **** 		while( *pucStackByte == ( uint8_t ) tskSTACK_FILL_BYTE )
 130              		.loc 1 3803 3 view .LVU30
3801:Middlewares/Third_Party/FreeRTOS/Source/tasks.c **** 	uint32_t ulCount = 0U;
 131              		.loc 1 3801 11 is_stmt 0 view .LVU31
 132 0000 0023     		movs	r3, #0
 133              		.loc 1 3803 8 view .LVU32
 134 0002 01E0     		b	.L13
 135              	.LVL9:
 136              	.L14:
3804:Middlewares/Third_Party/FreeRTOS/Source/tasks.c **** 		{
3805:Middlewares/Third_Party/FreeRTOS/Source/tasks.c **** 			pucStackByte -= portSTACK_GROWTH;
 137              		.loc 1 3805 4 is_stmt 1 view .LVU33
 138              		.loc 1 3805 17 is_stmt 0 view .LVU34
 139 0004 0130     		adds	r0, r0, #1
 140              	.LVL10:
3806:Middlewares/Third_Party/FreeRTOS/Source/tasks.c **** 			ulCount++;
 141              		.loc 1 3806 4 is_stmt 1 view .LVU35
 142              		.loc 1 3806 11 is_stmt 0 view .LVU36
 143 0006 0133     		adds	r3, r3, #1
 144              	.LVL11:
 145              	.L13:
3803:Middlewares/Third_Party/FreeRTOS/Source/tasks.c **** 		{
 146              		.loc 1 3803 24 is_stmt 1 view .LVU37
3803:Middlewares/Third_Party/FreeRTOS/Source/tasks.c **** 		{
 147              		.loc 1 3803 10 is_stmt 0 view .LVU38
 148 0008 0278     		ldrb	r2, [r0]	@ zero_extendqisi2
3803:Middlewares/Third_Party/FreeRTOS/Source/tasks.c **** 		{
 149              		.loc 1 3803 24 view .LVU39
 150 000a A52A     		cmp	r2, #165
 151 000c FAD0     		beq	.L14
ARM GAS  C:\Users\jason\AppData\Local\Temp\ccaXxPCU.s 			page 74


3807:Middlewares/Third_Party/FreeRTOS/Source/tasks.c **** 		}
3808:Middlewares/Third_Party/FreeRTOS/Source/tasks.c **** 
3809:Middlewares/Third_Party/FreeRTOS/Source/tasks.c **** 		ulCount /= ( uint32_t ) sizeof( StackType_t ); /*lint !e961 Casting is not redundant on smaller a
 152              		.loc 1 3809 3 is_stmt 1 view .LVU40
 153              	.LVL12:
3810:Middlewares/Third_Party/FreeRTOS/Source/tasks.c **** 
3811:Middlewares/Third_Party/FreeRTOS/Source/tasks.c **** 		return ( configSTACK_DEPTH_TYPE ) ulCount;
 154              		.loc 1 3811 3 view .LVU41
3812:Middlewares/Third_Party/FreeRTOS/Source/tasks.c **** 	}
 155              		.loc 1 3812 2 is_stmt 0 view .LVU42
 156 000e C3F38F00 		ubfx	r0, r3, #2, #16
 157              	.LVL13:
 158              		.loc 1 3812 2 view .LVU43
 159 0012 7047     		bx	lr
 160              		.cfi_endproc
 161              	.LFE47:
 163              		.section	.text.prvResetNextTaskUnblockTime,"ax",%progbits
 164              		.align	1
 165              		.syntax unified
 166              		.thumb
 167              		.thumb_func
 169              	prvResetNextTaskUnblockTime:
 170              	.LFB50:
3813:Middlewares/Third_Party/FreeRTOS/Source/tasks.c **** 
3814:Middlewares/Third_Party/FreeRTOS/Source/tasks.c **** #endif /* ( ( configUSE_TRACE_FACILITY == 1 ) || ( INCLUDE_uxTaskGetStackHighWaterMark == 1 ) || ( 
3815:Middlewares/Third_Party/FreeRTOS/Source/tasks.c **** /*-----------------------------------------------------------*/
3816:Middlewares/Third_Party/FreeRTOS/Source/tasks.c **** 
3817:Middlewares/Third_Party/FreeRTOS/Source/tasks.c **** #if ( INCLUDE_uxTaskGetStackHighWaterMark2 == 1 )
3818:Middlewares/Third_Party/FreeRTOS/Source/tasks.c **** 
3819:Middlewares/Third_Party/FreeRTOS/Source/tasks.c **** 	/* uxTaskGetStackHighWaterMark() and uxTaskGetStackHighWaterMark2() are the
3820:Middlewares/Third_Party/FreeRTOS/Source/tasks.c **** 	same except for their return type.  Using configSTACK_DEPTH_TYPE allows the
3821:Middlewares/Third_Party/FreeRTOS/Source/tasks.c **** 	user to determine the return type.  It gets around the problem of the value
3822:Middlewares/Third_Party/FreeRTOS/Source/tasks.c **** 	overflowing on 8-bit types without breaking backward compatibility for
3823:Middlewares/Third_Party/FreeRTOS/Source/tasks.c **** 	applications that expect an 8-bit return type. */
3824:Middlewares/Third_Party/FreeRTOS/Source/tasks.c **** 	configSTACK_DEPTH_TYPE uxTaskGetStackHighWaterMark2( TaskHandle_t xTask )
3825:Middlewares/Third_Party/FreeRTOS/Source/tasks.c **** 	{
3826:Middlewares/Third_Party/FreeRTOS/Source/tasks.c **** 	TCB_t *pxTCB;
3827:Middlewares/Third_Party/FreeRTOS/Source/tasks.c **** 	uint8_t *pucEndOfStack;
3828:Middlewares/Third_Party/FreeRTOS/Source/tasks.c **** 	configSTACK_DEPTH_TYPE uxReturn;
3829:Middlewares/Third_Party/FreeRTOS/Source/tasks.c **** 
3830:Middlewares/Third_Party/FreeRTOS/Source/tasks.c **** 		/* uxTaskGetStackHighWaterMark() and uxTaskGetStackHighWaterMark2() are
3831:Middlewares/Third_Party/FreeRTOS/Source/tasks.c **** 		the same except for their return type.  Using configSTACK_DEPTH_TYPE
3832:Middlewares/Third_Party/FreeRTOS/Source/tasks.c **** 		allows the user to determine the return type.  It gets around the
3833:Middlewares/Third_Party/FreeRTOS/Source/tasks.c **** 		problem of the value overflowing on 8-bit types without breaking
3834:Middlewares/Third_Party/FreeRTOS/Source/tasks.c **** 		backward compatibility for applications that expect an 8-bit return
3835:Middlewares/Third_Party/FreeRTOS/Source/tasks.c **** 		type. */
3836:Middlewares/Third_Party/FreeRTOS/Source/tasks.c **** 
3837:Middlewares/Third_Party/FreeRTOS/Source/tasks.c **** 		pxTCB = prvGetTCBFromHandle( xTask );
3838:Middlewares/Third_Party/FreeRTOS/Source/tasks.c **** 
3839:Middlewares/Third_Party/FreeRTOS/Source/tasks.c **** 		#if portSTACK_GROWTH < 0
3840:Middlewares/Third_Party/FreeRTOS/Source/tasks.c **** 		{
3841:Middlewares/Third_Party/FreeRTOS/Source/tasks.c **** 			pucEndOfStack = ( uint8_t * ) pxTCB->pxStack;
3842:Middlewares/Third_Party/FreeRTOS/Source/tasks.c **** 		}
3843:Middlewares/Third_Party/FreeRTOS/Source/tasks.c **** 		#else
3844:Middlewares/Third_Party/FreeRTOS/Source/tasks.c **** 		{
3845:Middlewares/Third_Party/FreeRTOS/Source/tasks.c **** 			pucEndOfStack = ( uint8_t * ) pxTCB->pxEndOfStack;
3846:Middlewares/Third_Party/FreeRTOS/Source/tasks.c **** 		}
ARM GAS  C:\Users\jason\AppData\Local\Temp\ccaXxPCU.s 			page 75


3847:Middlewares/Third_Party/FreeRTOS/Source/tasks.c **** 		#endif
3848:Middlewares/Third_Party/FreeRTOS/Source/tasks.c **** 
3849:Middlewares/Third_Party/FreeRTOS/Source/tasks.c **** 		uxReturn = prvTaskCheckFreeStackSpace( pucEndOfStack );
3850:Middlewares/Third_Party/FreeRTOS/Source/tasks.c **** 
3851:Middlewares/Third_Party/FreeRTOS/Source/tasks.c **** 		return uxReturn;
3852:Middlewares/Third_Party/FreeRTOS/Source/tasks.c **** 	}
3853:Middlewares/Third_Party/FreeRTOS/Source/tasks.c **** 
3854:Middlewares/Third_Party/FreeRTOS/Source/tasks.c **** #endif /* INCLUDE_uxTaskGetStackHighWaterMark2 */
3855:Middlewares/Third_Party/FreeRTOS/Source/tasks.c **** /*-----------------------------------------------------------*/
3856:Middlewares/Third_Party/FreeRTOS/Source/tasks.c **** 
3857:Middlewares/Third_Party/FreeRTOS/Source/tasks.c **** #if ( INCLUDE_uxTaskGetStackHighWaterMark == 1 )
3858:Middlewares/Third_Party/FreeRTOS/Source/tasks.c **** 
3859:Middlewares/Third_Party/FreeRTOS/Source/tasks.c **** 	UBaseType_t uxTaskGetStackHighWaterMark( TaskHandle_t xTask )
3860:Middlewares/Third_Party/FreeRTOS/Source/tasks.c **** 	{
3861:Middlewares/Third_Party/FreeRTOS/Source/tasks.c **** 	TCB_t *pxTCB;
3862:Middlewares/Third_Party/FreeRTOS/Source/tasks.c **** 	uint8_t *pucEndOfStack;
3863:Middlewares/Third_Party/FreeRTOS/Source/tasks.c **** 	UBaseType_t uxReturn;
3864:Middlewares/Third_Party/FreeRTOS/Source/tasks.c **** 
3865:Middlewares/Third_Party/FreeRTOS/Source/tasks.c **** 		pxTCB = prvGetTCBFromHandle( xTask );
3866:Middlewares/Third_Party/FreeRTOS/Source/tasks.c **** 
3867:Middlewares/Third_Party/FreeRTOS/Source/tasks.c **** 		#if portSTACK_GROWTH < 0
3868:Middlewares/Third_Party/FreeRTOS/Source/tasks.c **** 		{
3869:Middlewares/Third_Party/FreeRTOS/Source/tasks.c **** 			pucEndOfStack = ( uint8_t * ) pxTCB->pxStack;
3870:Middlewares/Third_Party/FreeRTOS/Source/tasks.c **** 		}
3871:Middlewares/Third_Party/FreeRTOS/Source/tasks.c **** 		#else
3872:Middlewares/Third_Party/FreeRTOS/Source/tasks.c **** 		{
3873:Middlewares/Third_Party/FreeRTOS/Source/tasks.c **** 			pucEndOfStack = ( uint8_t * ) pxTCB->pxEndOfStack;
3874:Middlewares/Third_Party/FreeRTOS/Source/tasks.c **** 		}
3875:Middlewares/Third_Party/FreeRTOS/Source/tasks.c **** 		#endif
3876:Middlewares/Third_Party/FreeRTOS/Source/tasks.c **** 
3877:Middlewares/Third_Party/FreeRTOS/Source/tasks.c **** 		uxReturn = ( UBaseType_t ) prvTaskCheckFreeStackSpace( pucEndOfStack );
3878:Middlewares/Third_Party/FreeRTOS/Source/tasks.c **** 
3879:Middlewares/Third_Party/FreeRTOS/Source/tasks.c **** 		return uxReturn;
3880:Middlewares/Third_Party/FreeRTOS/Source/tasks.c **** 	}
3881:Middlewares/Third_Party/FreeRTOS/Source/tasks.c **** 
3882:Middlewares/Third_Party/FreeRTOS/Source/tasks.c **** #endif /* INCLUDE_uxTaskGetStackHighWaterMark */
3883:Middlewares/Third_Party/FreeRTOS/Source/tasks.c **** /*-----------------------------------------------------------*/
3884:Middlewares/Third_Party/FreeRTOS/Source/tasks.c **** 
3885:Middlewares/Third_Party/FreeRTOS/Source/tasks.c **** #if ( INCLUDE_vTaskDelete == 1 )
3886:Middlewares/Third_Party/FreeRTOS/Source/tasks.c **** 
3887:Middlewares/Third_Party/FreeRTOS/Source/tasks.c **** 	static void prvDeleteTCB( TCB_t *pxTCB )
3888:Middlewares/Third_Party/FreeRTOS/Source/tasks.c **** 	{
3889:Middlewares/Third_Party/FreeRTOS/Source/tasks.c **** 		/* This call is required specifically for the TriCore port.  It must be
3890:Middlewares/Third_Party/FreeRTOS/Source/tasks.c **** 		above the vPortFree() calls.  The call is also used by ports/demos that
3891:Middlewares/Third_Party/FreeRTOS/Source/tasks.c **** 		want to allocate and clean RAM statically. */
3892:Middlewares/Third_Party/FreeRTOS/Source/tasks.c **** 		portCLEAN_UP_TCB( pxTCB );
3893:Middlewares/Third_Party/FreeRTOS/Source/tasks.c **** 
3894:Middlewares/Third_Party/FreeRTOS/Source/tasks.c **** 		/* Free up the memory allocated by the scheduler for the task.  It is up
3895:Middlewares/Third_Party/FreeRTOS/Source/tasks.c **** 		to the task to free any memory allocated at the application level.
3896:Middlewares/Third_Party/FreeRTOS/Source/tasks.c **** 		See the third party link http://www.nadler.com/embedded/newlibAndFreeRTOS.html
3897:Middlewares/Third_Party/FreeRTOS/Source/tasks.c **** 		for additional information. */
3898:Middlewares/Third_Party/FreeRTOS/Source/tasks.c **** 		#if ( configUSE_NEWLIB_REENTRANT == 1 )
3899:Middlewares/Third_Party/FreeRTOS/Source/tasks.c **** 		{
3900:Middlewares/Third_Party/FreeRTOS/Source/tasks.c **** 			_reclaim_reent( &( pxTCB->xNewLib_reent ) );
3901:Middlewares/Third_Party/FreeRTOS/Source/tasks.c **** 		}
3902:Middlewares/Third_Party/FreeRTOS/Source/tasks.c **** 		#endif /* configUSE_NEWLIB_REENTRANT */
3903:Middlewares/Third_Party/FreeRTOS/Source/tasks.c **** 
ARM GAS  C:\Users\jason\AppData\Local\Temp\ccaXxPCU.s 			page 76


3904:Middlewares/Third_Party/FreeRTOS/Source/tasks.c **** 		#if( ( configSUPPORT_DYNAMIC_ALLOCATION == 1 ) && ( configSUPPORT_STATIC_ALLOCATION == 0 ) && ( p
3905:Middlewares/Third_Party/FreeRTOS/Source/tasks.c **** 		{
3906:Middlewares/Third_Party/FreeRTOS/Source/tasks.c **** 			/* The task can only have been allocated dynamically - free both
3907:Middlewares/Third_Party/FreeRTOS/Source/tasks.c **** 			the stack and TCB. */
3908:Middlewares/Third_Party/FreeRTOS/Source/tasks.c **** 			vPortFree( pxTCB->pxStack );
3909:Middlewares/Third_Party/FreeRTOS/Source/tasks.c **** 			vPortFree( pxTCB );
3910:Middlewares/Third_Party/FreeRTOS/Source/tasks.c **** 		}
3911:Middlewares/Third_Party/FreeRTOS/Source/tasks.c **** 		#elif( tskSTATIC_AND_DYNAMIC_ALLOCATION_POSSIBLE != 0 ) /*lint !e731 !e9029 Macro has been consol
3912:Middlewares/Third_Party/FreeRTOS/Source/tasks.c **** 		{
3913:Middlewares/Third_Party/FreeRTOS/Source/tasks.c **** 			/* The task could have been allocated statically or dynamically, so
3914:Middlewares/Third_Party/FreeRTOS/Source/tasks.c **** 			check what was statically allocated before trying to free the
3915:Middlewares/Third_Party/FreeRTOS/Source/tasks.c **** 			memory. */
3916:Middlewares/Third_Party/FreeRTOS/Source/tasks.c **** 			if( pxTCB->ucStaticallyAllocated == tskDYNAMICALLY_ALLOCATED_STACK_AND_TCB )
3917:Middlewares/Third_Party/FreeRTOS/Source/tasks.c **** 			{
3918:Middlewares/Third_Party/FreeRTOS/Source/tasks.c **** 				/* Both the stack and TCB were allocated dynamically, so both
3919:Middlewares/Third_Party/FreeRTOS/Source/tasks.c **** 				must be freed. */
3920:Middlewares/Third_Party/FreeRTOS/Source/tasks.c **** 				vPortFree( pxTCB->pxStack );
3921:Middlewares/Third_Party/FreeRTOS/Source/tasks.c **** 				vPortFree( pxTCB );
3922:Middlewares/Third_Party/FreeRTOS/Source/tasks.c **** 			}
3923:Middlewares/Third_Party/FreeRTOS/Source/tasks.c **** 			else if( pxTCB->ucStaticallyAllocated == tskSTATICALLY_ALLOCATED_STACK_ONLY )
3924:Middlewares/Third_Party/FreeRTOS/Source/tasks.c **** 			{
3925:Middlewares/Third_Party/FreeRTOS/Source/tasks.c **** 				/* Only the stack was statically allocated, so the TCB is the
3926:Middlewares/Third_Party/FreeRTOS/Source/tasks.c **** 				only memory that must be freed. */
3927:Middlewares/Third_Party/FreeRTOS/Source/tasks.c **** 				vPortFree( pxTCB );
3928:Middlewares/Third_Party/FreeRTOS/Source/tasks.c **** 			}
3929:Middlewares/Third_Party/FreeRTOS/Source/tasks.c **** 			else
3930:Middlewares/Third_Party/FreeRTOS/Source/tasks.c **** 			{
3931:Middlewares/Third_Party/FreeRTOS/Source/tasks.c **** 				/* Neither the stack nor the TCB were allocated dynamically, so
3932:Middlewares/Third_Party/FreeRTOS/Source/tasks.c **** 				nothing needs to be freed. */
3933:Middlewares/Third_Party/FreeRTOS/Source/tasks.c **** 				configASSERT( pxTCB->ucStaticallyAllocated == tskSTATICALLY_ALLOCATED_STACK_AND_TCB	);
3934:Middlewares/Third_Party/FreeRTOS/Source/tasks.c **** 				mtCOVERAGE_TEST_MARKER();
3935:Middlewares/Third_Party/FreeRTOS/Source/tasks.c **** 			}
3936:Middlewares/Third_Party/FreeRTOS/Source/tasks.c **** 		}
3937:Middlewares/Third_Party/FreeRTOS/Source/tasks.c **** 		#endif /* configSUPPORT_DYNAMIC_ALLOCATION */
3938:Middlewares/Third_Party/FreeRTOS/Source/tasks.c **** 	}
3939:Middlewares/Third_Party/FreeRTOS/Source/tasks.c **** 
3940:Middlewares/Third_Party/FreeRTOS/Source/tasks.c **** #endif /* INCLUDE_vTaskDelete */
3941:Middlewares/Third_Party/FreeRTOS/Source/tasks.c **** /*-----------------------------------------------------------*/
3942:Middlewares/Third_Party/FreeRTOS/Source/tasks.c **** 
3943:Middlewares/Third_Party/FreeRTOS/Source/tasks.c **** static void prvResetNextTaskUnblockTime( void )
3944:Middlewares/Third_Party/FreeRTOS/Source/tasks.c **** {
 171              		.loc 1 3944 1 is_stmt 1 view -0
 172              		.cfi_startproc
 173              		@ args = 0, pretend = 0, frame = 0
 174              		@ frame_needed = 0, uses_anonymous_args = 0
 175              		@ link register save eliminated.
3945:Middlewares/Third_Party/FreeRTOS/Source/tasks.c **** TCB_t *pxTCB;
 176              		.loc 1 3945 1 view .LVU45
3946:Middlewares/Third_Party/FreeRTOS/Source/tasks.c **** 
3947:Middlewares/Third_Party/FreeRTOS/Source/tasks.c **** 	if( listLIST_IS_EMPTY( pxDelayedTaskList ) != pdFALSE )
 177              		.loc 1 3947 2 view .LVU46
 178              		.loc 1 3947 6 is_stmt 0 view .LVU47
 179 0000 084B     		ldr	r3, .L18
 180 0002 1B68     		ldr	r3, [r3]
 181 0004 1B68     		ldr	r3, [r3]
 182              		.loc 1 3947 4 view .LVU48
 183 0006 23B9     		cbnz	r3, .L16
ARM GAS  C:\Users\jason\AppData\Local\Temp\ccaXxPCU.s 			page 77


3948:Middlewares/Third_Party/FreeRTOS/Source/tasks.c **** 	{
3949:Middlewares/Third_Party/FreeRTOS/Source/tasks.c **** 		/* The new current delayed list is empty.  Set xNextTaskUnblockTime to
3950:Middlewares/Third_Party/FreeRTOS/Source/tasks.c **** 		the maximum possible value so it is	extremely unlikely that the
3951:Middlewares/Third_Party/FreeRTOS/Source/tasks.c **** 		if( xTickCount >= xNextTaskUnblockTime ) test will pass until
3952:Middlewares/Third_Party/FreeRTOS/Source/tasks.c **** 		there is an item in the delayed list. */
3953:Middlewares/Third_Party/FreeRTOS/Source/tasks.c **** 		xNextTaskUnblockTime = portMAX_DELAY;
 184              		.loc 1 3953 3 is_stmt 1 view .LVU49
 185              		.loc 1 3953 24 is_stmt 0 view .LVU50
 186 0008 074B     		ldr	r3, .L18+4
 187 000a 4FF0FF32 		mov	r2, #-1
 188 000e 1A60     		str	r2, [r3]
 189 0010 7047     		bx	lr
 190              	.L16:
3954:Middlewares/Third_Party/FreeRTOS/Source/tasks.c **** 	}
3955:Middlewares/Third_Party/FreeRTOS/Source/tasks.c **** 	else
3956:Middlewares/Third_Party/FreeRTOS/Source/tasks.c **** 	{
3957:Middlewares/Third_Party/FreeRTOS/Source/tasks.c **** 		/* The new current delayed list is not empty, get the value of
3958:Middlewares/Third_Party/FreeRTOS/Source/tasks.c **** 		the item at the head of the delayed list.  This is the time at
3959:Middlewares/Third_Party/FreeRTOS/Source/tasks.c **** 		which the task at the head of the delayed list should be removed
3960:Middlewares/Third_Party/FreeRTOS/Source/tasks.c **** 		from the Blocked state. */
3961:Middlewares/Third_Party/FreeRTOS/Source/tasks.c **** 		( pxTCB ) = listGET_OWNER_OF_HEAD_ENTRY( pxDelayedTaskList ); /*lint !e9079 void * is used as thi
 191              		.loc 1 3961 3 is_stmt 1 view .LVU51
 192              		.loc 1 3961 15 is_stmt 0 view .LVU52
 193 0012 044B     		ldr	r3, .L18
 194 0014 1B68     		ldr	r3, [r3]
 195 0016 DB68     		ldr	r3, [r3, #12]
 196              		.loc 1 3961 13 view .LVU53
 197 0018 DB68     		ldr	r3, [r3, #12]
 198              	.LVL14:
3962:Middlewares/Third_Party/FreeRTOS/Source/tasks.c **** 		xNextTaskUnblockTime = listGET_LIST_ITEM_VALUE( &( ( pxTCB )->xStateListItem ) );
 199              		.loc 1 3962 3 is_stmt 1 view .LVU54
 200              		.loc 1 3962 26 is_stmt 0 view .LVU55
 201 001a 5A68     		ldr	r2, [r3, #4]
 202              		.loc 1 3962 24 view .LVU56
 203 001c 024B     		ldr	r3, .L18+4
 204              	.LVL15:
 205              		.loc 1 3962 24 view .LVU57
 206 001e 1A60     		str	r2, [r3]
3963:Middlewares/Third_Party/FreeRTOS/Source/tasks.c **** 	}
3964:Middlewares/Third_Party/FreeRTOS/Source/tasks.c **** }
 207              		.loc 1 3964 1 view .LVU58
 208 0020 7047     		bx	lr
 209              	.L19:
 210 0022 00BF     		.align	2
 211              	.L18:
 212 0024 00000000 		.word	pxDelayedTaskList
 213 0028 00000000 		.word	xNextTaskUnblockTime
 214              		.cfi_endproc
 215              	.LFE50:
 217              		.section	.text.prvInitialiseNewTask,"ax",%progbits
 218              		.align	1
 219              		.syntax unified
 220              		.thumb
 221              		.thumb_func
 223              	prvInitialiseNewTask:
 224              	.LVL16:
 225              	.LFB6:
ARM GAS  C:\Users\jason\AppData\Local\Temp\ccaXxPCU.s 			page 78


 832:Middlewares/Third_Party/FreeRTOS/Source/tasks.c **** StackType_t *pxTopOfStack;
 226              		.loc 1 832 1 is_stmt 1 view -0
 227              		.cfi_startproc
 228              		@ args = 16, pretend = 0, frame = 0
 229              		@ frame_needed = 0, uses_anonymous_args = 0
 832:Middlewares/Third_Party/FreeRTOS/Source/tasks.c **** StackType_t *pxTopOfStack;
 230              		.loc 1 832 1 is_stmt 0 view .LVU60
 231 0000 2DE9F843 		push	{r3, r4, r5, r6, r7, r8, r9, lr}
 232              		.cfi_def_cfa_offset 32
 233              		.cfi_offset 3, -32
 234              		.cfi_offset 4, -28
 235              		.cfi_offset 5, -24
 236              		.cfi_offset 6, -20
 237              		.cfi_offset 7, -16
 238              		.cfi_offset 8, -12
 239              		.cfi_offset 9, -8
 240              		.cfi_offset 14, -4
 241 0004 8046     		mov	r8, r0
 242 0006 0D46     		mov	r5, r1
 243 0008 1746     		mov	r7, r2
 244 000a 9946     		mov	r9, r3
 245 000c 089E     		ldr	r6, [sp, #32]
 246 000e 0A9C     		ldr	r4, [sp, #40]
 833:Middlewares/Third_Party/FreeRTOS/Source/tasks.c **** UBaseType_t x;
 247              		.loc 1 833 1 is_stmt 1 view .LVU61
 834:Middlewares/Third_Party/FreeRTOS/Source/tasks.c **** 
 248              		.loc 1 834 1 view .LVU62
 854:Middlewares/Third_Party/FreeRTOS/Source/tasks.c **** 	}
 249              		.loc 1 854 3 view .LVU63
 854:Middlewares/Third_Party/FreeRTOS/Source/tasks.c **** 	}
 250              		.loc 1 854 12 is_stmt 0 view .LVU64
 251 0010 9200     		lsls	r2, r2, #2
 252              	.LVL17:
 854:Middlewares/Third_Party/FreeRTOS/Source/tasks.c **** 	}
 253              		.loc 1 854 12 view .LVU65
 254 0012 A521     		movs	r1, #165
 255              	.LVL18:
 854:Middlewares/Third_Party/FreeRTOS/Source/tasks.c **** 	}
 256              		.loc 1 854 12 view .LVU66
 257 0014 206B     		ldr	r0, [r4, #48]
 258              	.LVL19:
 854:Middlewares/Third_Party/FreeRTOS/Source/tasks.c **** 	}
 259              		.loc 1 854 12 view .LVU67
 260 0016 FFF7FEFF 		bl	memset
 261              	.LVL20:
 864:Middlewares/Third_Party/FreeRTOS/Source/tasks.c **** 		pxTopOfStack = ( StackType_t * ) ( ( ( portPOINTER_SIZE_TYPE ) pxTopOfStack ) & ( ~( ( portPOINTE
 262              		.loc 1 864 3 is_stmt 1 view .LVU68
 864:Middlewares/Third_Party/FreeRTOS/Source/tasks.c **** 		pxTopOfStack = ( StackType_t * ) ( ( ( portPOINTER_SIZE_TYPE ) pxTopOfStack ) & ( ~( ( portPOINTE
 263              		.loc 1 864 29 is_stmt 0 view .LVU69
 264 001a 236B     		ldr	r3, [r4, #48]
 864:Middlewares/Third_Party/FreeRTOS/Source/tasks.c **** 		pxTopOfStack = ( StackType_t * ) ( ( ( portPOINTER_SIZE_TYPE ) pxTopOfStack ) & ( ~( ( portPOINTE
 265              		.loc 1 864 53 view .LVU70
 266 001c 6FF04042 		mvn	r2, #-1073741824
 267 0020 3A44     		add	r2, r2, r7
 864:Middlewares/Third_Party/FreeRTOS/Source/tasks.c **** 		pxTopOfStack = ( StackType_t * ) ( ( ( portPOINTER_SIZE_TYPE ) pxTopOfStack ) & ( ~( ( portPOINTE
 268              		.loc 1 864 16 view .LVU71
 269 0022 03EB8203 		add	r3, r3, r2, lsl #2
ARM GAS  C:\Users\jason\AppData\Local\Temp\ccaXxPCU.s 			page 79


 270              	.LVL21:
 865:Middlewares/Third_Party/FreeRTOS/Source/tasks.c **** 
 271              		.loc 1 865 3 is_stmt 1 view .LVU72
 865:Middlewares/Third_Party/FreeRTOS/Source/tasks.c **** 
 272              		.loc 1 865 81 is_stmt 0 view .LVU73
 273 0026 23F00707 		bic	r7, r3, #7
 274              	.LVL22:
 868:Middlewares/Third_Party/FreeRTOS/Source/tasks.c **** 
 275              		.loc 1 868 3 is_stmt 1 view .LVU74
 868:Middlewares/Third_Party/FreeRTOS/Source/tasks.c **** 
 276              		.loc 1 868 124 view .LVU75
 892:Middlewares/Third_Party/FreeRTOS/Source/tasks.c **** 	{
 277              		.loc 1 892 2 view .LVU76
 892:Middlewares/Third_Party/FreeRTOS/Source/tasks.c **** 	{
 278              		.loc 1 892 4 is_stmt 0 view .LVU77
 279 002a 95B3     		cbz	r5, .L32
 894:Middlewares/Third_Party/FreeRTOS/Source/tasks.c **** 		{
 280              		.loc 1 894 10 view .LVU78
 281 002c 4FF0000C 		mov	ip, #0
 282              	.L21:
 283              	.LVL23:
 894:Middlewares/Third_Party/FreeRTOS/Source/tasks.c **** 		{
 284              		.loc 1 894 33 is_stmt 1 discriminator 1 view .LVU79
 285 0030 BCF10F0F 		cmp	ip, #15
 286 0034 09D8     		bhi	.L23
 896:Middlewares/Third_Party/FreeRTOS/Source/tasks.c **** 
 287              		.loc 1 896 4 view .LVU80
 896:Middlewares/Third_Party/FreeRTOS/Source/tasks.c **** 
 288              		.loc 1 896 38 is_stmt 0 view .LVU81
 289 0036 15F80C30 		ldrb	r3, [r5, ip]	@ zero_extendqisi2
 896:Middlewares/Third_Party/FreeRTOS/Source/tasks.c **** 
 290              		.loc 1 896 30 view .LVU82
 291 003a 04EB0C02 		add	r2, r4, ip
 292 003e 82F83430 		strb	r3, [r2, #52]
 901:Middlewares/Third_Party/FreeRTOS/Source/tasks.c **** 			{
 293              		.loc 1 901 4 is_stmt 1 view .LVU83
 901:Middlewares/Third_Party/FreeRTOS/Source/tasks.c **** 			{
 294              		.loc 1 901 6 is_stmt 0 view .LVU84
 295 0042 13B1     		cbz	r3, .L23
 907:Middlewares/Third_Party/FreeRTOS/Source/tasks.c **** 			}
 296              		.loc 1 907 29 is_stmt 1 view .LVU85
 894:Middlewares/Third_Party/FreeRTOS/Source/tasks.c **** 		{
 297              		.loc 1 894 77 discriminator 2 view .LVU86
 298 0044 0CF1010C 		add	ip, ip, #1
 299              	.LVL24:
 894:Middlewares/Third_Party/FreeRTOS/Source/tasks.c **** 		{
 300              		.loc 1 894 77 is_stmt 0 discriminator 2 view .LVU87
 301 0048 F2E7     		b	.L21
 302              	.L23:
 913:Middlewares/Third_Party/FreeRTOS/Source/tasks.c **** 	}
 303              		.loc 1 913 3 is_stmt 1 view .LVU88
 913:Middlewares/Third_Party/FreeRTOS/Source/tasks.c **** 	}
 304              		.loc 1 913 55 is_stmt 0 view .LVU89
 305 004a 0023     		movs	r3, #0
 306 004c 84F84330 		strb	r3, [r4, #67]
 307              	.LVL25:
 308              	.L25:
ARM GAS  C:\Users\jason\AppData\Local\Temp\ccaXxPCU.s 			page 80


 924:Middlewares/Third_Party/FreeRTOS/Source/tasks.c **** 	{
 309              		.loc 1 924 2 is_stmt 1 view .LVU90
 924:Middlewares/Third_Party/FreeRTOS/Source/tasks.c **** 	{
 310              		.loc 1 924 4 is_stmt 0 view .LVU91
 311 0050 372E     		cmp	r6, #55
 312 0052 00D9     		bls	.L26
 926:Middlewares/Third_Party/FreeRTOS/Source/tasks.c **** 	}
 313              		.loc 1 926 14 view .LVU92
 314 0054 3726     		movs	r6, #55
 315              	.L26:
 316              	.LVL26:
 930:Middlewares/Third_Party/FreeRTOS/Source/tasks.c **** 	}
 317              		.loc 1 930 27 is_stmt 1 view .LVU93
 933:Middlewares/Third_Party/FreeRTOS/Source/tasks.c **** 	#if ( configUSE_MUTEXES == 1 )
 318              		.loc 1 933 2 view .LVU94
 933:Middlewares/Third_Party/FreeRTOS/Source/tasks.c **** 	#if ( configUSE_MUTEXES == 1 )
 319              		.loc 1 933 23 is_stmt 0 view .LVU95
 320 0056 E662     		str	r6, [r4, #44]
 936:Middlewares/Third_Party/FreeRTOS/Source/tasks.c **** 		pxNewTCB->uxMutexesHeld = 0;
 321              		.loc 1 936 3 is_stmt 1 view .LVU96
 936:Middlewares/Third_Party/FreeRTOS/Source/tasks.c **** 		pxNewTCB->uxMutexesHeld = 0;
 322              		.loc 1 936 28 is_stmt 0 view .LVU97
 323 0058 E664     		str	r6, [r4, #76]
 937:Middlewares/Third_Party/FreeRTOS/Source/tasks.c **** 	}
 324              		.loc 1 937 3 is_stmt 1 view .LVU98
 937:Middlewares/Third_Party/FreeRTOS/Source/tasks.c **** 	}
 325              		.loc 1 937 27 is_stmt 0 view .LVU99
 326 005a 0025     		movs	r5, #0
 327              	.LVL27:
 937:Middlewares/Third_Party/FreeRTOS/Source/tasks.c **** 	}
 328              		.loc 1 937 27 view .LVU100
 329 005c 2565     		str	r5, [r4, #80]
 941:Middlewares/Third_Party/FreeRTOS/Source/tasks.c **** 	vListInitialiseItem( &( pxNewTCB->xEventListItem ) );
 330              		.loc 1 941 2 is_stmt 1 view .LVU101
 331 005e 201D     		adds	r0, r4, #4
 332 0060 FFF7FEFF 		bl	vListInitialiseItem
 333              	.LVL28:
 942:Middlewares/Third_Party/FreeRTOS/Source/tasks.c **** 
 334              		.loc 1 942 2 view .LVU102
 335 0064 04F11800 		add	r0, r4, #24
 336 0068 FFF7FEFF 		bl	vListInitialiseItem
 337              	.LVL29:
 946:Middlewares/Third_Party/FreeRTOS/Source/tasks.c **** 
 338              		.loc 1 946 2 view .LVU103
 339 006c 2461     		str	r4, [r4, #16]
 949:Middlewares/Third_Party/FreeRTOS/Source/tasks.c **** 	listSET_LIST_ITEM_OWNER( &( pxNewTCB->xEventListItem ), pxNewTCB );
 340              		.loc 1 949 2 view .LVU104
 341 006e C6F13806 		rsb	r6, r6, #56
 342              	.LVL30:
 949:Middlewares/Third_Party/FreeRTOS/Source/tasks.c **** 	listSET_LIST_ITEM_OWNER( &( pxNewTCB->xEventListItem ), pxNewTCB );
 343              		.loc 1 949 2 is_stmt 0 view .LVU105
 344 0072 A661     		str	r6, [r4, #24]
 950:Middlewares/Third_Party/FreeRTOS/Source/tasks.c **** 
 345              		.loc 1 950 2 is_stmt 1 view .LVU106
 346 0074 6462     		str	r4, [r4, #36]
 977:Middlewares/Third_Party/FreeRTOS/Source/tasks.c **** 	}
 347              		.loc 1 977 3 view .LVU107
ARM GAS  C:\Users\jason\AppData\Local\Temp\ccaXxPCU.s 			page 81


 992:Middlewares/Third_Party/FreeRTOS/Source/tasks.c **** 		pxNewTCB->ucNotifyState = taskNOT_WAITING_NOTIFICATION;
 348              		.loc 1 992 3 view .LVU108
 992:Middlewares/Third_Party/FreeRTOS/Source/tasks.c **** 		pxNewTCB->ucNotifyState = taskNOT_WAITING_NOTIFICATION;
 349              		.loc 1 992 29 is_stmt 0 view .LVU109
 350 0076 6565     		str	r5, [r4, #84]
 993:Middlewares/Third_Party/FreeRTOS/Source/tasks.c **** 	}
 351              		.loc 1 993 3 is_stmt 1 view .LVU110
 993:Middlewares/Third_Party/FreeRTOS/Source/tasks.c **** 	}
 352              		.loc 1 993 27 is_stmt 0 view .LVU111
 353 0078 84F85850 		strb	r5, [r4, #88]
1058:Middlewares/Third_Party/FreeRTOS/Source/tasks.c **** 		}
 354              		.loc 1 1058 4 is_stmt 1 view .LVU112
1058:Middlewares/Third_Party/FreeRTOS/Source/tasks.c **** 		}
 355              		.loc 1 1058 29 is_stmt 0 view .LVU113
 356 007c 4A46     		mov	r2, r9
 357 007e 4146     		mov	r1, r8
 358 0080 3846     		mov	r0, r7
 359 0082 FFF7FEFF 		bl	pxPortInitialiseStack
 360              	.LVL31:
1058:Middlewares/Third_Party/FreeRTOS/Source/tasks.c **** 		}
 361              		.loc 1 1058 27 discriminator 1 view .LVU114
 362 0086 2060     		str	r0, [r4]
1064:Middlewares/Third_Party/FreeRTOS/Source/tasks.c **** 	{
 363              		.loc 1 1064 2 is_stmt 1 view .LVU115
1064:Middlewares/Third_Party/FreeRTOS/Source/tasks.c **** 	{
 364              		.loc 1 1064 4 is_stmt 0 view .LVU116
 365 0088 099B     		ldr	r3, [sp, #36]
 366 008a 03B1     		cbz	r3, .L20
1068:Middlewares/Third_Party/FreeRTOS/Source/tasks.c **** 	}
 367              		.loc 1 1068 3 is_stmt 1 view .LVU117
1068:Middlewares/Third_Party/FreeRTOS/Source/tasks.c **** 	}
 368              		.loc 1 1068 18 is_stmt 0 view .LVU118
 369 008c 1C60     		str	r4, [r3]
1072:Middlewares/Third_Party/FreeRTOS/Source/tasks.c **** 	}
 370              		.loc 1 1072 27 is_stmt 1 view .LVU119
 371              	.L20:
1074:Middlewares/Third_Party/FreeRTOS/Source/tasks.c **** /*-----------------------------------------------------------*/
 372              		.loc 1 1074 1 is_stmt 0 view .LVU120
 373 008e BDE8F883 		pop	{r3, r4, r5, r6, r7, r8, r9, pc}
 374              	.LVL32:
 375              	.L32:
 919:Middlewares/Third_Party/FreeRTOS/Source/tasks.c **** 	}
 376              		.loc 1 919 3 is_stmt 1 view .LVU121
 919:Middlewares/Third_Party/FreeRTOS/Source/tasks.c **** 	}
 377              		.loc 1 919 29 is_stmt 0 view .LVU122
 378 0092 0023     		movs	r3, #0
 379 0094 84F83430 		strb	r3, [r4, #52]
 380 0098 DAE7     		b	.L25
 381              		.cfi_endproc
 382              	.LFE6:
 384              		.section	.text.prvInitialiseTaskLists,"ax",%progbits
 385              		.align	1
 386              		.syntax unified
 387              		.thumb
 388              		.thumb_func
 390              	prvInitialiseTaskLists:
 391              	.LFB43:
ARM GAS  C:\Users\jason\AppData\Local\Temp\ccaXxPCU.s 			page 82


3608:Middlewares/Third_Party/FreeRTOS/Source/tasks.c **** UBaseType_t uxPriority;
 392              		.loc 1 3608 1 is_stmt 1 view -0
 393              		.cfi_startproc
 394              		@ args = 0, pretend = 0, frame = 0
 395              		@ frame_needed = 0, uses_anonymous_args = 0
 396 0000 38B5     		push	{r3, r4, r5, lr}
 397              		.cfi_def_cfa_offset 16
 398              		.cfi_offset 3, -16
 399              		.cfi_offset 4, -12
 400              		.cfi_offset 5, -8
 401              		.cfi_offset 14, -4
3609:Middlewares/Third_Party/FreeRTOS/Source/tasks.c **** 
 402              		.loc 1 3609 1 view .LVU124
3611:Middlewares/Third_Party/FreeRTOS/Source/tasks.c **** 	{
 403              		.loc 1 3611 2 view .LVU125
 404              	.LVL33:
3611:Middlewares/Third_Party/FreeRTOS/Source/tasks.c **** 	{
 405              		.loc 1 3611 18 is_stmt 0 view .LVU126
 406 0002 0024     		movs	r4, #0
3611:Middlewares/Third_Party/FreeRTOS/Source/tasks.c **** 	{
 407              		.loc 1 3611 2 view .LVU127
 408 0004 07E0     		b	.L34
 409              	.LVL34:
 410              	.L35:
3613:Middlewares/Third_Party/FreeRTOS/Source/tasks.c **** 	}
 411              		.loc 1 3613 3 is_stmt 1 view .LVU128
3613:Middlewares/Third_Party/FreeRTOS/Source/tasks.c **** 	}
 412              		.loc 1 3613 20 is_stmt 0 view .LVU129
 413 0006 04EB8400 		add	r0, r4, r4, lsl #2
3613:Middlewares/Third_Party/FreeRTOS/Source/tasks.c **** 	}
 414              		.loc 1 3613 3 view .LVU130
 415 000a 0F4B     		ldr	r3, .L37
 416 000c 03EB8000 		add	r0, r3, r0, lsl #2
 417 0010 FFF7FEFF 		bl	vListInitialise
 418              	.LVL35:
3611:Middlewares/Third_Party/FreeRTOS/Source/tasks.c **** 	{
 419              		.loc 1 3611 101 is_stmt 1 discriminator 3 view .LVU131
 420 0014 0134     		adds	r4, r4, #1
 421              	.LVL36:
 422              	.L34:
3611:Middlewares/Third_Party/FreeRTOS/Source/tasks.c **** 	{
 423              		.loc 1 3611 51 discriminator 1 view .LVU132
 424 0016 372C     		cmp	r4, #55
 425 0018 F5D9     		bls	.L35
3616:Middlewares/Third_Party/FreeRTOS/Source/tasks.c **** 	vListInitialise( &xDelayedTaskList2 );
 426              		.loc 1 3616 2 view .LVU133
 427 001a 0C4D     		ldr	r5, .L37+4
 428 001c 2846     		mov	r0, r5
 429 001e FFF7FEFF 		bl	vListInitialise
 430              	.LVL37:
3617:Middlewares/Third_Party/FreeRTOS/Source/tasks.c **** 	vListInitialise( &xPendingReadyList );
 431              		.loc 1 3617 2 view .LVU134
 432 0022 0B4C     		ldr	r4, .L37+8
 433              	.LVL38:
3617:Middlewares/Third_Party/FreeRTOS/Source/tasks.c **** 	vListInitialise( &xPendingReadyList );
 434              		.loc 1 3617 2 is_stmt 0 view .LVU135
 435 0024 2046     		mov	r0, r4
ARM GAS  C:\Users\jason\AppData\Local\Temp\ccaXxPCU.s 			page 83


 436 0026 FFF7FEFF 		bl	vListInitialise
 437              	.LVL39:
3618:Middlewares/Third_Party/FreeRTOS/Source/tasks.c **** 
 438              		.loc 1 3618 2 is_stmt 1 view .LVU136
 439 002a 0A48     		ldr	r0, .L37+12
 440 002c FFF7FEFF 		bl	vListInitialise
 441              	.LVL40:
3622:Middlewares/Third_Party/FreeRTOS/Source/tasks.c **** 	}
 442              		.loc 1 3622 3 view .LVU137
 443 0030 0948     		ldr	r0, .L37+16
 444 0032 FFF7FEFF 		bl	vListInitialise
 445              	.LVL41:
3628:Middlewares/Third_Party/FreeRTOS/Source/tasks.c **** 	}
 446              		.loc 1 3628 3 view .LVU138
 447 0036 0948     		ldr	r0, .L37+20
 448 0038 FFF7FEFF 		bl	vListInitialise
 449              	.LVL42:
3634:Middlewares/Third_Party/FreeRTOS/Source/tasks.c **** 	pxOverflowDelayedTaskList = &xDelayedTaskList2;
 450              		.loc 1 3634 2 view .LVU139
3634:Middlewares/Third_Party/FreeRTOS/Source/tasks.c **** 	pxOverflowDelayedTaskList = &xDelayedTaskList2;
 451              		.loc 1 3634 20 is_stmt 0 view .LVU140
 452 003c 084B     		ldr	r3, .L37+24
 453 003e 1D60     		str	r5, [r3]
3635:Middlewares/Third_Party/FreeRTOS/Source/tasks.c **** }
 454              		.loc 1 3635 2 is_stmt 1 view .LVU141
3635:Middlewares/Third_Party/FreeRTOS/Source/tasks.c **** }
 455              		.loc 1 3635 28 is_stmt 0 view .LVU142
 456 0040 084B     		ldr	r3, .L37+28
 457 0042 1C60     		str	r4, [r3]
3636:Middlewares/Third_Party/FreeRTOS/Source/tasks.c **** /*-----------------------------------------------------------*/
 458              		.loc 1 3636 1 view .LVU143
 459 0044 38BD     		pop	{r3, r4, r5, pc}
 460              	.L38:
 461 0046 00BF     		.align	2
 462              	.L37:
 463 0048 00000000 		.word	pxReadyTasksLists
 464 004c 00000000 		.word	xDelayedTaskList1
 465 0050 00000000 		.word	xDelayedTaskList2
 466 0054 00000000 		.word	xPendingReadyList
 467 0058 00000000 		.word	xTasksWaitingTermination
 468 005c 00000000 		.word	xSuspendedTaskList
 469 0060 00000000 		.word	pxDelayedTaskList
 470 0064 00000000 		.word	pxOverflowDelayedTaskList
 471              		.cfi_endproc
 472              	.LFE43:
 474              		.section	.text.prvAddNewTaskToReadyList,"ax",%progbits
 475              		.align	1
 476              		.syntax unified
 477              		.thumb
 478              		.thumb_func
 480              	prvAddNewTaskToReadyList:
 481              	.LVL43:
 482              	.LFB7:
1078:Middlewares/Third_Party/FreeRTOS/Source/tasks.c **** 	/* Ensure interrupts don't access the task lists while the lists are being
 483              		.loc 1 1078 1 is_stmt 1 view -0
 484              		.cfi_startproc
 485              		@ args = 0, pretend = 0, frame = 0
ARM GAS  C:\Users\jason\AppData\Local\Temp\ccaXxPCU.s 			page 84


 486              		@ frame_needed = 0, uses_anonymous_args = 0
1078:Middlewares/Third_Party/FreeRTOS/Source/tasks.c **** 	/* Ensure interrupts don't access the task lists while the lists are being
 487              		.loc 1 1078 1 is_stmt 0 view .LVU145
 488 0000 10B5     		push	{r4, lr}
 489              		.cfi_def_cfa_offset 8
 490              		.cfi_offset 4, -8
 491              		.cfi_offset 14, -4
 492 0002 0446     		mov	r4, r0
1081:Middlewares/Third_Party/FreeRTOS/Source/tasks.c **** 	{
 493              		.loc 1 1081 2 is_stmt 1 view .LVU146
 494 0004 FFF7FEFF 		bl	vPortEnterCritical
 495              	.LVL44:
1083:Middlewares/Third_Party/FreeRTOS/Source/tasks.c **** 		if( pxCurrentTCB == NULL )
 496              		.loc 1 1083 3 view .LVU147
1083:Middlewares/Third_Party/FreeRTOS/Source/tasks.c **** 		if( pxCurrentTCB == NULL )
 497              		.loc 1 1083 25 is_stmt 0 view .LVU148
 498 0008 224A     		ldr	r2, .L47
 499 000a 1368     		ldr	r3, [r2]
 500 000c 0133     		adds	r3, r3, #1
 501 000e 1360     		str	r3, [r2]
1084:Middlewares/Third_Party/FreeRTOS/Source/tasks.c **** 		{
 502              		.loc 1 1084 3 is_stmt 1 view .LVU149
1084:Middlewares/Third_Party/FreeRTOS/Source/tasks.c **** 		{
 503              		.loc 1 1084 20 is_stmt 0 view .LVU150
 504 0010 214B     		ldr	r3, .L47+4
 505 0012 1B68     		ldr	r3, [r3]
1084:Middlewares/Third_Party/FreeRTOS/Source/tasks.c **** 		{
 506              		.loc 1 1084 5 view .LVU151
 507 0014 5BB1     		cbz	r3, .L45
1107:Middlewares/Third_Party/FreeRTOS/Source/tasks.c **** 			{
 508              		.loc 1 1107 4 is_stmt 1 view .LVU152
1107:Middlewares/Third_Party/FreeRTOS/Source/tasks.c **** 			{
 509              		.loc 1 1107 26 is_stmt 0 view .LVU153
 510 0016 214B     		ldr	r3, .L47+8
 511 0018 1B68     		ldr	r3, [r3]
1107:Middlewares/Third_Party/FreeRTOS/Source/tasks.c **** 			{
 512              		.loc 1 1107 6 view .LVU154
 513 001a 6BB9     		cbnz	r3, .L41
1109:Middlewares/Third_Party/FreeRTOS/Source/tasks.c **** 				{
 514              		.loc 1 1109 5 is_stmt 1 view .LVU155
1109:Middlewares/Third_Party/FreeRTOS/Source/tasks.c **** 				{
 515              		.loc 1 1109 21 is_stmt 0 view .LVU156
 516 001c 1E4B     		ldr	r3, .L47+4
 517 001e 1B68     		ldr	r3, [r3]
 518 0020 DA6A     		ldr	r2, [r3, #44]
1109:Middlewares/Third_Party/FreeRTOS/Source/tasks.c **** 				{
 519              		.loc 1 1109 45 view .LVU157
 520 0022 E36A     		ldr	r3, [r4, #44]
1109:Middlewares/Third_Party/FreeRTOS/Source/tasks.c **** 				{
 521              		.loc 1 1109 7 view .LVU158
 522 0024 9A42     		cmp	r2, r3
 523 0026 07D8     		bhi	.L41
1111:Middlewares/Third_Party/FreeRTOS/Source/tasks.c **** 				}
 524              		.loc 1 1111 6 is_stmt 1 view .LVU159
1111:Middlewares/Third_Party/FreeRTOS/Source/tasks.c **** 				}
 525              		.loc 1 1111 19 is_stmt 0 view .LVU160
 526 0028 1B4B     		ldr	r3, .L47+4
ARM GAS  C:\Users\jason\AppData\Local\Temp\ccaXxPCU.s 			page 85


 527 002a 1C60     		str	r4, [r3]
 528 002c 04E0     		b	.L41
 529              	.L45:
1088:Middlewares/Third_Party/FreeRTOS/Source/tasks.c **** 
 530              		.loc 1 1088 4 is_stmt 1 view .LVU161
1088:Middlewares/Third_Party/FreeRTOS/Source/tasks.c **** 
 531              		.loc 1 1088 17 is_stmt 0 view .LVU162
 532 002e 1A4B     		ldr	r3, .L47+4
 533 0030 1C60     		str	r4, [r3]
1090:Middlewares/Third_Party/FreeRTOS/Source/tasks.c **** 			{
 534              		.loc 1 1090 4 is_stmt 1 view .LVU163
1090:Middlewares/Third_Party/FreeRTOS/Source/tasks.c **** 			{
 535              		.loc 1 1090 31 is_stmt 0 view .LVU164
 536 0032 1368     		ldr	r3, [r2]
1090:Middlewares/Third_Party/FreeRTOS/Source/tasks.c **** 			{
 537              		.loc 1 1090 6 view .LVU165
 538 0034 012B     		cmp	r3, #1
 539 0036 29D0     		beq	.L46
 540              	.L41:
1120:Middlewares/Third_Party/FreeRTOS/Source/tasks.c **** 			}
 541              		.loc 1 1120 29 is_stmt 1 view .LVU166
1124:Middlewares/Third_Party/FreeRTOS/Source/tasks.c **** 
 542              		.loc 1 1124 3 view .LVU167
1124:Middlewares/Third_Party/FreeRTOS/Source/tasks.c **** 
 543              		.loc 1 1124 15 is_stmt 0 view .LVU168
 544 0038 194A     		ldr	r2, .L47+12
 545 003a 1368     		ldr	r3, [r2]
 546 003c 0133     		adds	r3, r3, #1
 547 003e 1360     		str	r3, [r2]
1129:Middlewares/Third_Party/FreeRTOS/Source/tasks.c **** 		}
 548              		.loc 1 1129 4 is_stmt 1 view .LVU169
1129:Middlewares/Third_Party/FreeRTOS/Source/tasks.c **** 		}
 549              		.loc 1 1129 26 is_stmt 0 view .LVU170
 550 0040 6364     		str	r3, [r4, #68]
1132:Middlewares/Third_Party/FreeRTOS/Source/tasks.c **** 
 551              		.loc 1 1132 31 is_stmt 1 view .LVU171
1134:Middlewares/Third_Party/FreeRTOS/Source/tasks.c **** 
 552              		.loc 1 1134 3 view .LVU172
1134:Middlewares/Third_Party/FreeRTOS/Source/tasks.c **** 
 553              		.loc 1 1134 3 view .LVU173
 554 0042 E06A     		ldr	r0, [r4, #44]
 555 0044 174B     		ldr	r3, .L47+16
 556 0046 1B68     		ldr	r3, [r3]
 557 0048 9842     		cmp	r0, r3
 558 004a 01D9     		bls	.L42
1134:Middlewares/Third_Party/FreeRTOS/Source/tasks.c **** 
 559              		.loc 1 1134 3 discriminator 1 view .LVU174
 560 004c 154B     		ldr	r3, .L47+16
 561 004e 1860     		str	r0, [r3]
 562              	.L42:
1134:Middlewares/Third_Party/FreeRTOS/Source/tasks.c **** 
 563              		.loc 1 1134 3 discriminator 3 view .LVU175
1134:Middlewares/Third_Party/FreeRTOS/Source/tasks.c **** 
 564              		.loc 1 1134 3 discriminator 3 view .LVU176
 565 0050 00EB8000 		add	r0, r0, r0, lsl #2
 566 0054 211D     		adds	r1, r4, #4
 567 0056 144B     		ldr	r3, .L47+20
ARM GAS  C:\Users\jason\AppData\Local\Temp\ccaXxPCU.s 			page 86


 568 0058 03EB8000 		add	r0, r3, r0, lsl #2
 569 005c FFF7FEFF 		bl	vListInsertEnd
 570              	.LVL45:
1134:Middlewares/Third_Party/FreeRTOS/Source/tasks.c **** 
 571              		.loc 1 1134 36 discriminator 4 view .LVU177
1136:Middlewares/Third_Party/FreeRTOS/Source/tasks.c **** 	}
 572              		.loc 1 1136 3 view .LVU178
1138:Middlewares/Third_Party/FreeRTOS/Source/tasks.c **** 
 573              		.loc 1 1138 2 view .LVU179
 574 0060 FFF7FEFF 		bl	vPortExitCritical
 575              	.LVL46:
1140:Middlewares/Third_Party/FreeRTOS/Source/tasks.c **** 	{
 576              		.loc 1 1140 2 view .LVU180
1140:Middlewares/Third_Party/FreeRTOS/Source/tasks.c **** 	{
 577              		.loc 1 1140 24 is_stmt 0 view .LVU181
 578 0064 0D4B     		ldr	r3, .L47+8
 579 0066 1B68     		ldr	r3, [r3]
1140:Middlewares/Third_Party/FreeRTOS/Source/tasks.c **** 	{
 580              		.loc 1 1140 4 view .LVU182
 581 0068 7BB1     		cbz	r3, .L39
1144:Middlewares/Third_Party/FreeRTOS/Source/tasks.c **** 		{
 582              		.loc 1 1144 3 is_stmt 1 view .LVU183
1144:Middlewares/Third_Party/FreeRTOS/Source/tasks.c **** 		{
 583              		.loc 1 1144 19 is_stmt 0 view .LVU184
 584 006a 0B4B     		ldr	r3, .L47+4
 585 006c 1B68     		ldr	r3, [r3]
 586 006e DA6A     		ldr	r2, [r3, #44]
1144:Middlewares/Third_Party/FreeRTOS/Source/tasks.c **** 		{
 587              		.loc 1 1144 42 view .LVU185
 588 0070 E36A     		ldr	r3, [r4, #44]
1144:Middlewares/Third_Party/FreeRTOS/Source/tasks.c **** 		{
 589              		.loc 1 1144 5 view .LVU186
 590 0072 9A42     		cmp	r2, r3
 591 0074 09D2     		bcs	.L39
1146:Middlewares/Third_Party/FreeRTOS/Source/tasks.c **** 		}
 592              		.loc 1 1146 4 is_stmt 1 view .LVU187
 593 0076 4FF0E023 		mov	r3, #-536813568
 594 007a 4FF08052 		mov	r2, #268435456
 595 007e C3F8042D 		str	r2, [r3, #3332]
1146:Middlewares/Third_Party/FreeRTOS/Source/tasks.c **** 		}
 596              		.loc 1 1146 4 view .LVU188
 597              		.syntax unified
 598              	@ 1146 "Middlewares/Third_Party/FreeRTOS/Source/tasks.c" 1
 599 0082 BFF34F8F 		dsb
 600              	@ 0 "" 2
1146:Middlewares/Third_Party/FreeRTOS/Source/tasks.c **** 		}
 601              		.loc 1 1146 4 view .LVU189
 602              	@ 1146 "Middlewares/Third_Party/FreeRTOS/Source/tasks.c" 1
 603 0086 BFF36F8F 		isb
 604              	@ 0 "" 2
1146:Middlewares/Third_Party/FreeRTOS/Source/tasks.c **** 		}
 605              		.loc 1 1146 35 view .LVU190
1155:Middlewares/Third_Party/FreeRTOS/Source/tasks.c **** 	}
 606              		.loc 1 1155 27 view .LVU191
 607              		.thumb
 608              		.syntax unified
 609              	.L39:
ARM GAS  C:\Users\jason\AppData\Local\Temp\ccaXxPCU.s 			page 87


1157:Middlewares/Third_Party/FreeRTOS/Source/tasks.c **** /*-----------------------------------------------------------*/
 610              		.loc 1 1157 1 is_stmt 0 view .LVU192
 611 008a 10BD     		pop	{r4, pc}
 612              	.LVL47:
 613              	.L46:
1095:Middlewares/Third_Party/FreeRTOS/Source/tasks.c **** 			}
 614              		.loc 1 1095 5 is_stmt 1 view .LVU193
 615 008c FFF7FEFF 		bl	prvInitialiseTaskLists
 616              	.LVL48:
 617 0090 D2E7     		b	.L41
 618              	.L48:
 619 0092 00BF     		.align	2
 620              	.L47:
 621 0094 00000000 		.word	uxCurrentNumberOfTasks
 622 0098 00000000 		.word	pxCurrentTCB
 623 009c 00000000 		.word	xSchedulerRunning
 624 00a0 00000000 		.word	uxTaskNumber
 625 00a4 00000000 		.word	uxTopReadyPriority
 626 00a8 00000000 		.word	pxReadyTasksLists
 627              		.cfi_endproc
 628              	.LFE7:
 630              		.section	.text.prvDeleteTCB,"ax",%progbits
 631              		.align	1
 632              		.syntax unified
 633              		.thumb
 634              		.thumb_func
 636              	prvDeleteTCB:
 637              	.LVL49:
 638              	.LFB49:
3888:Middlewares/Third_Party/FreeRTOS/Source/tasks.c **** 		/* This call is required specifically for the TriCore port.  It must be
 639              		.loc 1 3888 2 view -0
 640              		.cfi_startproc
 641              		@ args = 0, pretend = 0, frame = 0
 642              		@ frame_needed = 0, uses_anonymous_args = 0
3888:Middlewares/Third_Party/FreeRTOS/Source/tasks.c **** 		/* This call is required specifically for the TriCore port.  It must be
 643              		.loc 1 3888 2 is_stmt 0 view .LVU195
 644 0000 10B5     		push	{r4, lr}
 645              		.cfi_def_cfa_offset 8
 646              		.cfi_offset 4, -8
 647              		.cfi_offset 14, -4
 648 0002 0446     		mov	r4, r0
3892:Middlewares/Third_Party/FreeRTOS/Source/tasks.c **** 
 649              		.loc 1 3892 3 is_stmt 1 view .LVU196
3916:Middlewares/Third_Party/FreeRTOS/Source/tasks.c **** 			{
 650              		.loc 1 3916 4 view .LVU197
3916:Middlewares/Third_Party/FreeRTOS/Source/tasks.c **** 			{
 651              		.loc 1 3916 13 is_stmt 0 view .LVU198
 652 0004 90F85930 		ldrb	r3, [r0, #89]	@ zero_extendqisi2
3916:Middlewares/Third_Party/FreeRTOS/Source/tasks.c **** 			{
 653              		.loc 1 3916 6 view .LVU199
 654 0008 63B1     		cbz	r3, .L55
3923:Middlewares/Third_Party/FreeRTOS/Source/tasks.c **** 			{
 655              		.loc 1 3923 9 is_stmt 1 view .LVU200
3923:Middlewares/Third_Party/FreeRTOS/Source/tasks.c **** 			{
 656              		.loc 1 3923 11 is_stmt 0 view .LVU201
 657 000a 012B     		cmp	r3, #1
 658 000c 11D0     		beq	.L56
ARM GAS  C:\Users\jason\AppData\Local\Temp\ccaXxPCU.s 			page 88


3933:Middlewares/Third_Party/FreeRTOS/Source/tasks.c **** 				mtCOVERAGE_TEST_MARKER();
 659              		.loc 1 3933 5 is_stmt 1 view .LVU202
 660 000e 022B     		cmp	r3, #2
 661 0010 0ED0     		beq	.L49
3933:Middlewares/Third_Party/FreeRTOS/Source/tasks.c **** 				mtCOVERAGE_TEST_MARKER();
 662              		.loc 1 3933 5 discriminator 1 view .LVU203
 663              	.LBB122:
 664              	.LBI122:
 191:Middlewares/Third_Party/FreeRTOS/Source/portable/GCC/ARM_CM4F/portmacro.h **** {
 665              		.loc 2 191 30 view .LVU204
 666              	.LBB123:
 193:Middlewares/Third_Party/FreeRTOS/Source/portable/GCC/ARM_CM4F/portmacro.h **** 
 667              		.loc 2 193 1 view .LVU205
 668              		.loc 2 195 2 view .LVU206
 669              		.syntax unified
 670              	@ 195 "Middlewares/Third_Party/FreeRTOS/Source/portable/GCC/ARM_CM4F/portmacro.h" 1
 671 0012 4FF05003 			mov r3, #80												
 672 0016 83F31188 		msr basepri, r3											
 673 001a BFF36F8F 		isb														
 674 001e BFF34F8F 		dsb														
 675              	
 676              	@ 0 "" 2
 677              		.thumb
 678              		.syntax unified
 679              	.L53:
 680              	.LBE123:
 681              	.LBE122:
3933:Middlewares/Third_Party/FreeRTOS/Source/tasks.c **** 				mtCOVERAGE_TEST_MARKER();
 682              		.loc 1 3933 5 view .LVU207
 683 0022 FEE7     		b	.L53
 684              	.L55:
3920:Middlewares/Third_Party/FreeRTOS/Source/tasks.c **** 				vPortFree( pxTCB );
 685              		.loc 1 3920 5 view .LVU208
 686 0024 006B     		ldr	r0, [r0, #48]
 687              	.LVL50:
3920:Middlewares/Third_Party/FreeRTOS/Source/tasks.c **** 				vPortFree( pxTCB );
 688              		.loc 1 3920 5 is_stmt 0 view .LVU209
 689 0026 FFF7FEFF 		bl	vPortFree
 690              	.LVL51:
3921:Middlewares/Third_Party/FreeRTOS/Source/tasks.c **** 			}
 691              		.loc 1 3921 5 is_stmt 1 view .LVU210
 692 002a 2046     		mov	r0, r4
 693 002c FFF7FEFF 		bl	vPortFree
 694              	.LVL52:
 695              	.L49:
3938:Middlewares/Third_Party/FreeRTOS/Source/tasks.c **** 
 696              		.loc 1 3938 2 is_stmt 0 view .LVU211
 697 0030 10BD     		pop	{r4, pc}
 698              	.LVL53:
 699              	.L56:
3927:Middlewares/Third_Party/FreeRTOS/Source/tasks.c **** 			}
 700              		.loc 1 3927 5 is_stmt 1 view .LVU212
 701 0032 FFF7FEFF 		bl	vPortFree
 702              	.LVL54:
3927:Middlewares/Third_Party/FreeRTOS/Source/tasks.c **** 			}
 703              		.loc 1 3927 5 is_stmt 0 view .LVU213
 704 0036 FBE7     		b	.L49
ARM GAS  C:\Users\jason\AppData\Local\Temp\ccaXxPCU.s 			page 89


 705              		.cfi_endproc
 706              	.LFE49:
 708              		.section	.text.prvCheckTasksWaitingTermination,"ax",%progbits
 709              		.align	1
 710              		.syntax unified
 711              		.thumb
 712              		.thumb_func
 714              	prvCheckTasksWaitingTermination:
 715              	.LFB44:
3640:Middlewares/Third_Party/FreeRTOS/Source/tasks.c **** 
 716              		.loc 1 3640 1 is_stmt 1 view -0
 717              		.cfi_startproc
 718              		@ args = 0, pretend = 0, frame = 0
 719              		@ frame_needed = 0, uses_anonymous_args = 0
 720              	.LBB124:
3646:Middlewares/Third_Party/FreeRTOS/Source/tasks.c **** 
 721              		.loc 1 3646 3 view .LVU215
3650:Middlewares/Third_Party/FreeRTOS/Source/tasks.c **** 		{
 722              		.loc 1 3650 3 view .LVU216
3650:Middlewares/Third_Party/FreeRTOS/Source/tasks.c **** 		{
 723              		.loc 1 3650 39 view .LVU217
 724 0000 0F4B     		ldr	r3, .L64
 725 0002 1B68     		ldr	r3, [r3]
 726 0004 D3B1     		cbz	r3, .L63
 727              	.LBE124:
3640:Middlewares/Third_Party/FreeRTOS/Source/tasks.c **** 
 728              		.loc 1 3640 1 is_stmt 0 view .LVU218
 729 0006 10B5     		push	{r4, lr}
 730              		.cfi_def_cfa_offset 8
 731              		.cfi_offset 4, -8
 732              		.cfi_offset 14, -4
 733              	.L59:
 734              	.LBB125:
3652:Middlewares/Third_Party/FreeRTOS/Source/tasks.c **** 			{
 735              		.loc 1 3652 4 is_stmt 1 view .LVU219
 736 0008 FFF7FEFF 		bl	vPortEnterCritical
 737              	.LVL55:
3654:Middlewares/Third_Party/FreeRTOS/Source/tasks.c **** 				( void ) uxListRemove( &( pxTCB->xStateListItem ) );
 738              		.loc 1 3654 5 view .LVU220
3654:Middlewares/Third_Party/FreeRTOS/Source/tasks.c **** 				( void ) uxListRemove( &( pxTCB->xStateListItem ) );
 739              		.loc 1 3654 13 is_stmt 0 view .LVU221
 740 000c 0D4B     		ldr	r3, .L64+4
 741 000e DB68     		ldr	r3, [r3, #12]
3654:Middlewares/Third_Party/FreeRTOS/Source/tasks.c **** 				( void ) uxListRemove( &( pxTCB->xStateListItem ) );
 742              		.loc 1 3654 11 view .LVU222
 743 0010 DC68     		ldr	r4, [r3, #12]
 744              	.LVL56:
3655:Middlewares/Third_Party/FreeRTOS/Source/tasks.c **** 				--uxCurrentNumberOfTasks;
 745              		.loc 1 3655 5 is_stmt 1 view .LVU223
3655:Middlewares/Third_Party/FreeRTOS/Source/tasks.c **** 				--uxCurrentNumberOfTasks;
 746              		.loc 1 3655 14 is_stmt 0 view .LVU224
 747 0012 201D     		adds	r0, r4, #4
 748 0014 FFF7FEFF 		bl	uxListRemove
 749              	.LVL57:
3656:Middlewares/Third_Party/FreeRTOS/Source/tasks.c **** 				--uxDeletedTasksWaitingCleanUp;
 750              		.loc 1 3656 5 is_stmt 1 view .LVU225
 751 0018 0B4A     		ldr	r2, .L64+8
ARM GAS  C:\Users\jason\AppData\Local\Temp\ccaXxPCU.s 			page 90


 752 001a 1368     		ldr	r3, [r2]
 753 001c 013B     		subs	r3, r3, #1
 754 001e 1360     		str	r3, [r2]
3657:Middlewares/Third_Party/FreeRTOS/Source/tasks.c **** 			}
 755              		.loc 1 3657 5 view .LVU226
 756 0020 074A     		ldr	r2, .L64
 757 0022 1368     		ldr	r3, [r2]
 758 0024 013B     		subs	r3, r3, #1
 759 0026 1360     		str	r3, [r2]
3659:Middlewares/Third_Party/FreeRTOS/Source/tasks.c **** 
 760              		.loc 1 3659 4 view .LVU227
 761 0028 FFF7FEFF 		bl	vPortExitCritical
 762              	.LVL58:
3661:Middlewares/Third_Party/FreeRTOS/Source/tasks.c **** 		}
 763              		.loc 1 3661 4 view .LVU228
 764 002c 2046     		mov	r0, r4
 765 002e FFF7FEFF 		bl	prvDeleteTCB
 766              	.LVL59:
3650:Middlewares/Third_Party/FreeRTOS/Source/tasks.c **** 		{
 767              		.loc 1 3650 39 view .LVU229
 768 0032 034B     		ldr	r3, .L64
 769 0034 1B68     		ldr	r3, [r3]
 770 0036 002B     		cmp	r3, #0
 771 0038 E6D1     		bne	.L59
 772              	.LBE125:
3665:Middlewares/Third_Party/FreeRTOS/Source/tasks.c **** /*-----------------------------------------------------------*/
 773              		.loc 1 3665 1 is_stmt 0 view .LVU230
 774 003a 10BD     		pop	{r4, pc}
 775              	.LVL60:
 776              	.L63:
 777              		.cfi_def_cfa_offset 0
 778              		.cfi_restore 4
 779              		.cfi_restore 14
3665:Middlewares/Third_Party/FreeRTOS/Source/tasks.c **** /*-----------------------------------------------------------*/
 780              		.loc 1 3665 1 view .LVU231
 781 003c 7047     		bx	lr
 782              	.L65:
 783 003e 00BF     		.align	2
 784              	.L64:
 785 0040 00000000 		.word	uxDeletedTasksWaitingCleanUp
 786 0044 00000000 		.word	xTasksWaitingTermination
 787 0048 00000000 		.word	uxCurrentNumberOfTasks
 788              		.cfi_endproc
 789              	.LFE44:
 791              		.section	.text.prvIdleTask,"ax",%progbits
 792              		.align	1
 793              		.syntax unified
 794              		.thumb
 795              		.thumb_func
 797              	prvIdleTask:
 798              	.LFB42:
3393:Middlewares/Third_Party/FreeRTOS/Source/tasks.c **** 	/* Stop warnings. */
 799              		.loc 1 3393 1 is_stmt 1 view -0
 800              		.cfi_startproc
 801              		@ Volatile: function does not return.
 802              		@ args = 0, pretend = 0, frame = 0
 803              		@ frame_needed = 0, uses_anonymous_args = 0
ARM GAS  C:\Users\jason\AppData\Local\Temp\ccaXxPCU.s 			page 91


 804              	.LVL61:
3393:Middlewares/Third_Party/FreeRTOS/Source/tasks.c **** 	/* Stop warnings. */
 805              		.loc 1 3393 1 is_stmt 0 view .LVU233
 806 0000 08B5     		push	{r3, lr}
 807              		.cfi_def_cfa_offset 8
 808              		.cfi_offset 3, -8
 809              		.cfi_offset 14, -4
 810              	.LVL62:
 811              	.L67:
3395:Middlewares/Third_Party/FreeRTOS/Source/tasks.c **** 
 812              		.loc 1 3395 2 is_stmt 1 view .LVU234
3403:Middlewares/Third_Party/FreeRTOS/Source/tasks.c **** 
 813              		.loc 1 3403 64 view .LVU235
3405:Middlewares/Third_Party/FreeRTOS/Source/tasks.c **** 	{
 814              		.loc 1 3405 2 view .LVU236
3409:Middlewares/Third_Party/FreeRTOS/Source/tasks.c **** 
 815              		.loc 1 3409 3 view .LVU237
 816 0002 FFF7FEFF 		bl	prvCheckTasksWaitingTermination
 817              	.LVL63:
3432:Middlewares/Third_Party/FreeRTOS/Source/tasks.c **** 			{
 818              		.loc 1 3432 4 view .LVU238
3432:Middlewares/Third_Party/FreeRTOS/Source/tasks.c **** 			{
 819              		.loc 1 3432 8 is_stmt 0 view .LVU239
 820 0006 074B     		ldr	r3, .L70
 821 0008 1B68     		ldr	r3, [r3]
3432:Middlewares/Third_Party/FreeRTOS/Source/tasks.c **** 			{
 822              		.loc 1 3432 6 view .LVU240
 823 000a 012B     		cmp	r3, #1
 824 000c F9D9     		bls	.L67
3434:Middlewares/Third_Party/FreeRTOS/Source/tasks.c **** 			}
 825              		.loc 1 3434 5 is_stmt 1 view .LVU241
 826 000e 4FF0E023 		mov	r3, #-536813568
 827 0012 4FF08052 		mov	r2, #268435456
 828 0016 C3F8042D 		str	r2, [r3, #3332]
3434:Middlewares/Third_Party/FreeRTOS/Source/tasks.c **** 			}
 829              		.loc 1 3434 5 view .LVU242
 830              		.syntax unified
 831              	@ 3434 "Middlewares/Third_Party/FreeRTOS/Source/tasks.c" 1
 832 001a BFF34F8F 		dsb
 833              	@ 0 "" 2
3434:Middlewares/Third_Party/FreeRTOS/Source/tasks.c **** 			}
 834              		.loc 1 3434 5 view .LVU243
 835              	@ 3434 "Middlewares/Third_Party/FreeRTOS/Source/tasks.c" 1
 836 001e BFF36F8F 		isb
 837              	@ 0 "" 2
3434:Middlewares/Third_Party/FreeRTOS/Source/tasks.c **** 			}
 838              		.loc 1 3434 16 view .LVU244
 839              		.thumb
 840              		.syntax unified
 841 0022 EEE7     		b	.L67
 842              	.L71:
 843              		.align	2
 844              	.L70:
 845 0024 00000000 		.word	pxReadyTasksLists
 846              		.cfi_endproc
 847              	.LFE42:
 849              		.section	.text.prvAddCurrentTaskToDelayedList,"ax",%progbits
ARM GAS  C:\Users\jason\AppData\Local\Temp\ccaXxPCU.s 			page 92


 850              		.align	1
 851              		.syntax unified
 852              		.thumb
 853              		.thumb_func
 855              	prvAddCurrentTaskToDelayedList:
 856              	.LVL64:
 857              	.LFB65:
3965:Middlewares/Third_Party/FreeRTOS/Source/tasks.c **** /*-----------------------------------------------------------*/
3966:Middlewares/Third_Party/FreeRTOS/Source/tasks.c **** 
3967:Middlewares/Third_Party/FreeRTOS/Source/tasks.c **** #if ( ( INCLUDE_xTaskGetCurrentTaskHandle == 1 ) || ( configUSE_MUTEXES == 1 ) )
3968:Middlewares/Third_Party/FreeRTOS/Source/tasks.c **** 
3969:Middlewares/Third_Party/FreeRTOS/Source/tasks.c **** 	TaskHandle_t xTaskGetCurrentTaskHandle( void )
3970:Middlewares/Third_Party/FreeRTOS/Source/tasks.c **** 	{
3971:Middlewares/Third_Party/FreeRTOS/Source/tasks.c **** 	TaskHandle_t xReturn;
3972:Middlewares/Third_Party/FreeRTOS/Source/tasks.c **** 
3973:Middlewares/Third_Party/FreeRTOS/Source/tasks.c **** 		/* A critical section is not required as this is not called from
3974:Middlewares/Third_Party/FreeRTOS/Source/tasks.c **** 		an interrupt and the current TCB will always be the same for any
3975:Middlewares/Third_Party/FreeRTOS/Source/tasks.c **** 		individual execution thread. */
3976:Middlewares/Third_Party/FreeRTOS/Source/tasks.c **** 		xReturn = pxCurrentTCB;
3977:Middlewares/Third_Party/FreeRTOS/Source/tasks.c **** 
3978:Middlewares/Third_Party/FreeRTOS/Source/tasks.c **** 		return xReturn;
3979:Middlewares/Third_Party/FreeRTOS/Source/tasks.c **** 	}
3980:Middlewares/Third_Party/FreeRTOS/Source/tasks.c **** 
3981:Middlewares/Third_Party/FreeRTOS/Source/tasks.c **** #endif /* ( ( INCLUDE_xTaskGetCurrentTaskHandle == 1 ) || ( configUSE_MUTEXES == 1 ) ) */
3982:Middlewares/Third_Party/FreeRTOS/Source/tasks.c **** /*-----------------------------------------------------------*/
3983:Middlewares/Third_Party/FreeRTOS/Source/tasks.c **** 
3984:Middlewares/Third_Party/FreeRTOS/Source/tasks.c **** #if ( ( INCLUDE_xTaskGetSchedulerState == 1 ) || ( configUSE_TIMERS == 1 ) )
3985:Middlewares/Third_Party/FreeRTOS/Source/tasks.c **** 
3986:Middlewares/Third_Party/FreeRTOS/Source/tasks.c **** 	BaseType_t xTaskGetSchedulerState( void )
3987:Middlewares/Third_Party/FreeRTOS/Source/tasks.c **** 	{
3988:Middlewares/Third_Party/FreeRTOS/Source/tasks.c **** 	BaseType_t xReturn;
3989:Middlewares/Third_Party/FreeRTOS/Source/tasks.c **** 
3990:Middlewares/Third_Party/FreeRTOS/Source/tasks.c **** 		if( xSchedulerRunning == pdFALSE )
3991:Middlewares/Third_Party/FreeRTOS/Source/tasks.c **** 		{
3992:Middlewares/Third_Party/FreeRTOS/Source/tasks.c **** 			xReturn = taskSCHEDULER_NOT_STARTED;
3993:Middlewares/Third_Party/FreeRTOS/Source/tasks.c **** 		}
3994:Middlewares/Third_Party/FreeRTOS/Source/tasks.c **** 		else
3995:Middlewares/Third_Party/FreeRTOS/Source/tasks.c **** 		{
3996:Middlewares/Third_Party/FreeRTOS/Source/tasks.c **** 			if( uxSchedulerSuspended == ( UBaseType_t ) pdFALSE )
3997:Middlewares/Third_Party/FreeRTOS/Source/tasks.c **** 			{
3998:Middlewares/Third_Party/FreeRTOS/Source/tasks.c **** 				xReturn = taskSCHEDULER_RUNNING;
3999:Middlewares/Third_Party/FreeRTOS/Source/tasks.c **** 			}
4000:Middlewares/Third_Party/FreeRTOS/Source/tasks.c **** 			else
4001:Middlewares/Third_Party/FreeRTOS/Source/tasks.c **** 			{
4002:Middlewares/Third_Party/FreeRTOS/Source/tasks.c **** 				xReturn = taskSCHEDULER_SUSPENDED;
4003:Middlewares/Third_Party/FreeRTOS/Source/tasks.c **** 			}
4004:Middlewares/Third_Party/FreeRTOS/Source/tasks.c **** 		}
4005:Middlewares/Third_Party/FreeRTOS/Source/tasks.c **** 
4006:Middlewares/Third_Party/FreeRTOS/Source/tasks.c **** 		return xReturn;
4007:Middlewares/Third_Party/FreeRTOS/Source/tasks.c **** 	}
4008:Middlewares/Third_Party/FreeRTOS/Source/tasks.c **** 
4009:Middlewares/Third_Party/FreeRTOS/Source/tasks.c **** #endif /* ( ( INCLUDE_xTaskGetSchedulerState == 1 ) || ( configUSE_TIMERS == 1 ) ) */
4010:Middlewares/Third_Party/FreeRTOS/Source/tasks.c **** /*-----------------------------------------------------------*/
4011:Middlewares/Third_Party/FreeRTOS/Source/tasks.c **** 
4012:Middlewares/Third_Party/FreeRTOS/Source/tasks.c **** #if ( configUSE_MUTEXES == 1 )
4013:Middlewares/Third_Party/FreeRTOS/Source/tasks.c **** 
4014:Middlewares/Third_Party/FreeRTOS/Source/tasks.c **** 	BaseType_t xTaskPriorityInherit( TaskHandle_t const pxMutexHolder )
ARM GAS  C:\Users\jason\AppData\Local\Temp\ccaXxPCU.s 			page 93


4015:Middlewares/Third_Party/FreeRTOS/Source/tasks.c **** 	{
4016:Middlewares/Third_Party/FreeRTOS/Source/tasks.c **** 	TCB_t * const pxMutexHolderTCB = pxMutexHolder;
4017:Middlewares/Third_Party/FreeRTOS/Source/tasks.c **** 	BaseType_t xReturn = pdFALSE;
4018:Middlewares/Third_Party/FreeRTOS/Source/tasks.c **** 
4019:Middlewares/Third_Party/FreeRTOS/Source/tasks.c **** 		/* If the mutex was given back by an interrupt while the queue was
4020:Middlewares/Third_Party/FreeRTOS/Source/tasks.c **** 		locked then the mutex holder might now be NULL.  _RB_ Is this still
4021:Middlewares/Third_Party/FreeRTOS/Source/tasks.c **** 		needed as interrupts can no longer use mutexes? */
4022:Middlewares/Third_Party/FreeRTOS/Source/tasks.c **** 		if( pxMutexHolder != NULL )
4023:Middlewares/Third_Party/FreeRTOS/Source/tasks.c **** 		{
4024:Middlewares/Third_Party/FreeRTOS/Source/tasks.c **** 			/* If the holder of the mutex has a priority below the priority of
4025:Middlewares/Third_Party/FreeRTOS/Source/tasks.c **** 			the task attempting to obtain the mutex then it will temporarily
4026:Middlewares/Third_Party/FreeRTOS/Source/tasks.c **** 			inherit the priority of the task attempting to obtain the mutex. */
4027:Middlewares/Third_Party/FreeRTOS/Source/tasks.c **** 			if( pxMutexHolderTCB->uxPriority < pxCurrentTCB->uxPriority )
4028:Middlewares/Third_Party/FreeRTOS/Source/tasks.c **** 			{
4029:Middlewares/Third_Party/FreeRTOS/Source/tasks.c **** 				/* Adjust the mutex holder state to account for its new
4030:Middlewares/Third_Party/FreeRTOS/Source/tasks.c **** 				priority.  Only reset the event list item value if the value is
4031:Middlewares/Third_Party/FreeRTOS/Source/tasks.c **** 				not being used for anything else. */
4032:Middlewares/Third_Party/FreeRTOS/Source/tasks.c **** 				if( ( listGET_LIST_ITEM_VALUE( &( pxMutexHolderTCB->xEventListItem ) ) & taskEVENT_LIST_ITEM_VA
4033:Middlewares/Third_Party/FreeRTOS/Source/tasks.c **** 				{
4034:Middlewares/Third_Party/FreeRTOS/Source/tasks.c **** 					listSET_LIST_ITEM_VALUE( &( pxMutexHolderTCB->xEventListItem ), ( TickType_t ) configMAX_PRIOR
4035:Middlewares/Third_Party/FreeRTOS/Source/tasks.c **** 				}
4036:Middlewares/Third_Party/FreeRTOS/Source/tasks.c **** 				else
4037:Middlewares/Third_Party/FreeRTOS/Source/tasks.c **** 				{
4038:Middlewares/Third_Party/FreeRTOS/Source/tasks.c **** 					mtCOVERAGE_TEST_MARKER();
4039:Middlewares/Third_Party/FreeRTOS/Source/tasks.c **** 				}
4040:Middlewares/Third_Party/FreeRTOS/Source/tasks.c **** 
4041:Middlewares/Third_Party/FreeRTOS/Source/tasks.c **** 				/* If the task being modified is in the ready state it will need
4042:Middlewares/Third_Party/FreeRTOS/Source/tasks.c **** 				to be moved into a new list. */
4043:Middlewares/Third_Party/FreeRTOS/Source/tasks.c **** 				if( listIS_CONTAINED_WITHIN( &( pxReadyTasksLists[ pxMutexHolderTCB->uxPriority ] ), &( pxMutex
4044:Middlewares/Third_Party/FreeRTOS/Source/tasks.c **** 				{
4045:Middlewares/Third_Party/FreeRTOS/Source/tasks.c **** 					if( uxListRemove( &( pxMutexHolderTCB->xStateListItem ) ) == ( UBaseType_t ) 0 )
4046:Middlewares/Third_Party/FreeRTOS/Source/tasks.c **** 					{
4047:Middlewares/Third_Party/FreeRTOS/Source/tasks.c **** 						/* It is known that the task is in its ready list so
4048:Middlewares/Third_Party/FreeRTOS/Source/tasks.c **** 						there is no need to check again and the port level
4049:Middlewares/Third_Party/FreeRTOS/Source/tasks.c **** 						reset macro can be called directly. */
4050:Middlewares/Third_Party/FreeRTOS/Source/tasks.c **** 						portRESET_READY_PRIORITY( pxMutexHolderTCB->uxPriority, uxTopReadyPriority );
4051:Middlewares/Third_Party/FreeRTOS/Source/tasks.c **** 					}
4052:Middlewares/Third_Party/FreeRTOS/Source/tasks.c **** 					else
4053:Middlewares/Third_Party/FreeRTOS/Source/tasks.c **** 					{
4054:Middlewares/Third_Party/FreeRTOS/Source/tasks.c **** 						mtCOVERAGE_TEST_MARKER();
4055:Middlewares/Third_Party/FreeRTOS/Source/tasks.c **** 					}
4056:Middlewares/Third_Party/FreeRTOS/Source/tasks.c **** 
4057:Middlewares/Third_Party/FreeRTOS/Source/tasks.c **** 					/* Inherit the priority before being moved into the new list. */
4058:Middlewares/Third_Party/FreeRTOS/Source/tasks.c **** 					pxMutexHolderTCB->uxPriority = pxCurrentTCB->uxPriority;
4059:Middlewares/Third_Party/FreeRTOS/Source/tasks.c **** 					prvAddTaskToReadyList( pxMutexHolderTCB );
4060:Middlewares/Third_Party/FreeRTOS/Source/tasks.c **** 				}
4061:Middlewares/Third_Party/FreeRTOS/Source/tasks.c **** 				else
4062:Middlewares/Third_Party/FreeRTOS/Source/tasks.c **** 				{
4063:Middlewares/Third_Party/FreeRTOS/Source/tasks.c **** 					/* Just inherit the priority. */
4064:Middlewares/Third_Party/FreeRTOS/Source/tasks.c **** 					pxMutexHolderTCB->uxPriority = pxCurrentTCB->uxPriority;
4065:Middlewares/Third_Party/FreeRTOS/Source/tasks.c **** 				}
4066:Middlewares/Third_Party/FreeRTOS/Source/tasks.c **** 
4067:Middlewares/Third_Party/FreeRTOS/Source/tasks.c **** 				traceTASK_PRIORITY_INHERIT( pxMutexHolderTCB, pxCurrentTCB->uxPriority );
4068:Middlewares/Third_Party/FreeRTOS/Source/tasks.c **** 
4069:Middlewares/Third_Party/FreeRTOS/Source/tasks.c **** 				/* Inheritance occurred. */
4070:Middlewares/Third_Party/FreeRTOS/Source/tasks.c **** 				xReturn = pdTRUE;
4071:Middlewares/Third_Party/FreeRTOS/Source/tasks.c **** 			}
ARM GAS  C:\Users\jason\AppData\Local\Temp\ccaXxPCU.s 			page 94


4072:Middlewares/Third_Party/FreeRTOS/Source/tasks.c **** 			else
4073:Middlewares/Third_Party/FreeRTOS/Source/tasks.c **** 			{
4074:Middlewares/Third_Party/FreeRTOS/Source/tasks.c **** 				if( pxMutexHolderTCB->uxBasePriority < pxCurrentTCB->uxPriority )
4075:Middlewares/Third_Party/FreeRTOS/Source/tasks.c **** 				{
4076:Middlewares/Third_Party/FreeRTOS/Source/tasks.c **** 					/* The base priority of the mutex holder is lower than the
4077:Middlewares/Third_Party/FreeRTOS/Source/tasks.c **** 					priority of the task attempting to take the mutex, but the
4078:Middlewares/Third_Party/FreeRTOS/Source/tasks.c **** 					current priority of the mutex holder is not lower than the
4079:Middlewares/Third_Party/FreeRTOS/Source/tasks.c **** 					priority of the task attempting to take the mutex.
4080:Middlewares/Third_Party/FreeRTOS/Source/tasks.c **** 					Therefore the mutex holder must have already inherited a
4081:Middlewares/Third_Party/FreeRTOS/Source/tasks.c **** 					priority, but inheritance would have occurred if that had
4082:Middlewares/Third_Party/FreeRTOS/Source/tasks.c **** 					not been the case. */
4083:Middlewares/Third_Party/FreeRTOS/Source/tasks.c **** 					xReturn = pdTRUE;
4084:Middlewares/Third_Party/FreeRTOS/Source/tasks.c **** 				}
4085:Middlewares/Third_Party/FreeRTOS/Source/tasks.c **** 				else
4086:Middlewares/Third_Party/FreeRTOS/Source/tasks.c **** 				{
4087:Middlewares/Third_Party/FreeRTOS/Source/tasks.c **** 					mtCOVERAGE_TEST_MARKER();
4088:Middlewares/Third_Party/FreeRTOS/Source/tasks.c **** 				}
4089:Middlewares/Third_Party/FreeRTOS/Source/tasks.c **** 			}
4090:Middlewares/Third_Party/FreeRTOS/Source/tasks.c **** 		}
4091:Middlewares/Third_Party/FreeRTOS/Source/tasks.c **** 		else
4092:Middlewares/Third_Party/FreeRTOS/Source/tasks.c **** 		{
4093:Middlewares/Third_Party/FreeRTOS/Source/tasks.c **** 			mtCOVERAGE_TEST_MARKER();
4094:Middlewares/Third_Party/FreeRTOS/Source/tasks.c **** 		}
4095:Middlewares/Third_Party/FreeRTOS/Source/tasks.c **** 
4096:Middlewares/Third_Party/FreeRTOS/Source/tasks.c **** 		return xReturn;
4097:Middlewares/Third_Party/FreeRTOS/Source/tasks.c **** 	}
4098:Middlewares/Third_Party/FreeRTOS/Source/tasks.c **** 
4099:Middlewares/Third_Party/FreeRTOS/Source/tasks.c **** #endif /* configUSE_MUTEXES */
4100:Middlewares/Third_Party/FreeRTOS/Source/tasks.c **** /*-----------------------------------------------------------*/
4101:Middlewares/Third_Party/FreeRTOS/Source/tasks.c **** 
4102:Middlewares/Third_Party/FreeRTOS/Source/tasks.c **** #if ( configUSE_MUTEXES == 1 )
4103:Middlewares/Third_Party/FreeRTOS/Source/tasks.c **** 
4104:Middlewares/Third_Party/FreeRTOS/Source/tasks.c **** 	BaseType_t xTaskPriorityDisinherit( TaskHandle_t const pxMutexHolder )
4105:Middlewares/Third_Party/FreeRTOS/Source/tasks.c **** 	{
4106:Middlewares/Third_Party/FreeRTOS/Source/tasks.c **** 	TCB_t * const pxTCB = pxMutexHolder;
4107:Middlewares/Third_Party/FreeRTOS/Source/tasks.c **** 	BaseType_t xReturn = pdFALSE;
4108:Middlewares/Third_Party/FreeRTOS/Source/tasks.c **** 
4109:Middlewares/Third_Party/FreeRTOS/Source/tasks.c **** 		if( pxMutexHolder != NULL )
4110:Middlewares/Third_Party/FreeRTOS/Source/tasks.c **** 		{
4111:Middlewares/Third_Party/FreeRTOS/Source/tasks.c **** 			/* A task can only have an inherited priority if it holds the mutex.
4112:Middlewares/Third_Party/FreeRTOS/Source/tasks.c **** 			If the mutex is held by a task then it cannot be given from an
4113:Middlewares/Third_Party/FreeRTOS/Source/tasks.c **** 			interrupt, and if a mutex is given by the holding task then it must
4114:Middlewares/Third_Party/FreeRTOS/Source/tasks.c **** 			be the running state task. */
4115:Middlewares/Third_Party/FreeRTOS/Source/tasks.c **** 			configASSERT( pxTCB == pxCurrentTCB );
4116:Middlewares/Third_Party/FreeRTOS/Source/tasks.c **** 			configASSERT( pxTCB->uxMutexesHeld );
4117:Middlewares/Third_Party/FreeRTOS/Source/tasks.c **** 			( pxTCB->uxMutexesHeld )--;
4118:Middlewares/Third_Party/FreeRTOS/Source/tasks.c **** 
4119:Middlewares/Third_Party/FreeRTOS/Source/tasks.c **** 			/* Has the holder of the mutex inherited the priority of another
4120:Middlewares/Third_Party/FreeRTOS/Source/tasks.c **** 			task? */
4121:Middlewares/Third_Party/FreeRTOS/Source/tasks.c **** 			if( pxTCB->uxPriority != pxTCB->uxBasePriority )
4122:Middlewares/Third_Party/FreeRTOS/Source/tasks.c **** 			{
4123:Middlewares/Third_Party/FreeRTOS/Source/tasks.c **** 				/* Only disinherit if no other mutexes are held. */
4124:Middlewares/Third_Party/FreeRTOS/Source/tasks.c **** 				if( pxTCB->uxMutexesHeld == ( UBaseType_t ) 0 )
4125:Middlewares/Third_Party/FreeRTOS/Source/tasks.c **** 				{
4126:Middlewares/Third_Party/FreeRTOS/Source/tasks.c **** 					/* A task can only have an inherited priority if it holds
4127:Middlewares/Third_Party/FreeRTOS/Source/tasks.c **** 					the mutex.  If the mutex is held by a task then it cannot be
4128:Middlewares/Third_Party/FreeRTOS/Source/tasks.c **** 					given from an interrupt, and if a mutex is given by the
ARM GAS  C:\Users\jason\AppData\Local\Temp\ccaXxPCU.s 			page 95


4129:Middlewares/Third_Party/FreeRTOS/Source/tasks.c **** 					holding task then it must be the running state task.  Remove
4130:Middlewares/Third_Party/FreeRTOS/Source/tasks.c **** 					the holding task from the ready/delayed list. */
4131:Middlewares/Third_Party/FreeRTOS/Source/tasks.c **** 					if( uxListRemove( &( pxTCB->xStateListItem ) ) == ( UBaseType_t ) 0 )
4132:Middlewares/Third_Party/FreeRTOS/Source/tasks.c **** 					{
4133:Middlewares/Third_Party/FreeRTOS/Source/tasks.c **** 						taskRESET_READY_PRIORITY( pxTCB->uxPriority );
4134:Middlewares/Third_Party/FreeRTOS/Source/tasks.c **** 					}
4135:Middlewares/Third_Party/FreeRTOS/Source/tasks.c **** 					else
4136:Middlewares/Third_Party/FreeRTOS/Source/tasks.c **** 					{
4137:Middlewares/Third_Party/FreeRTOS/Source/tasks.c **** 						mtCOVERAGE_TEST_MARKER();
4138:Middlewares/Third_Party/FreeRTOS/Source/tasks.c **** 					}
4139:Middlewares/Third_Party/FreeRTOS/Source/tasks.c **** 
4140:Middlewares/Third_Party/FreeRTOS/Source/tasks.c **** 					/* Disinherit the priority before adding the task into the
4141:Middlewares/Third_Party/FreeRTOS/Source/tasks.c **** 					new	ready list. */
4142:Middlewares/Third_Party/FreeRTOS/Source/tasks.c **** 					traceTASK_PRIORITY_DISINHERIT( pxTCB, pxTCB->uxBasePriority );
4143:Middlewares/Third_Party/FreeRTOS/Source/tasks.c **** 					pxTCB->uxPriority = pxTCB->uxBasePriority;
4144:Middlewares/Third_Party/FreeRTOS/Source/tasks.c **** 
4145:Middlewares/Third_Party/FreeRTOS/Source/tasks.c **** 					/* Reset the event list item value.  It cannot be in use for
4146:Middlewares/Third_Party/FreeRTOS/Source/tasks.c **** 					any other purpose if this task is running, and it must be
4147:Middlewares/Third_Party/FreeRTOS/Source/tasks.c **** 					running to give back the mutex. */
4148:Middlewares/Third_Party/FreeRTOS/Source/tasks.c **** 					listSET_LIST_ITEM_VALUE( &( pxTCB->xEventListItem ), ( TickType_t ) configMAX_PRIORITIES - ( T
4149:Middlewares/Third_Party/FreeRTOS/Source/tasks.c **** 					prvAddTaskToReadyList( pxTCB );
4150:Middlewares/Third_Party/FreeRTOS/Source/tasks.c **** 
4151:Middlewares/Third_Party/FreeRTOS/Source/tasks.c **** 					/* Return true to indicate that a context switch is required.
4152:Middlewares/Third_Party/FreeRTOS/Source/tasks.c **** 					This is only actually required in the corner case whereby
4153:Middlewares/Third_Party/FreeRTOS/Source/tasks.c **** 					multiple mutexes were held and the mutexes were given back
4154:Middlewares/Third_Party/FreeRTOS/Source/tasks.c **** 					in an order different to that in which they were taken.
4155:Middlewares/Third_Party/FreeRTOS/Source/tasks.c **** 					If a context switch did not occur when the first mutex was
4156:Middlewares/Third_Party/FreeRTOS/Source/tasks.c **** 					returned, even if a task was waiting on it, then a context
4157:Middlewares/Third_Party/FreeRTOS/Source/tasks.c **** 					switch should occur when the last mutex is returned whether
4158:Middlewares/Third_Party/FreeRTOS/Source/tasks.c **** 					a task is waiting on it or not. */
4159:Middlewares/Third_Party/FreeRTOS/Source/tasks.c **** 					xReturn = pdTRUE;
4160:Middlewares/Third_Party/FreeRTOS/Source/tasks.c **** 				}
4161:Middlewares/Third_Party/FreeRTOS/Source/tasks.c **** 				else
4162:Middlewares/Third_Party/FreeRTOS/Source/tasks.c **** 				{
4163:Middlewares/Third_Party/FreeRTOS/Source/tasks.c **** 					mtCOVERAGE_TEST_MARKER();
4164:Middlewares/Third_Party/FreeRTOS/Source/tasks.c **** 				}
4165:Middlewares/Third_Party/FreeRTOS/Source/tasks.c **** 			}
4166:Middlewares/Third_Party/FreeRTOS/Source/tasks.c **** 			else
4167:Middlewares/Third_Party/FreeRTOS/Source/tasks.c **** 			{
4168:Middlewares/Third_Party/FreeRTOS/Source/tasks.c **** 				mtCOVERAGE_TEST_MARKER();
4169:Middlewares/Third_Party/FreeRTOS/Source/tasks.c **** 			}
4170:Middlewares/Third_Party/FreeRTOS/Source/tasks.c **** 		}
4171:Middlewares/Third_Party/FreeRTOS/Source/tasks.c **** 		else
4172:Middlewares/Third_Party/FreeRTOS/Source/tasks.c **** 		{
4173:Middlewares/Third_Party/FreeRTOS/Source/tasks.c **** 			mtCOVERAGE_TEST_MARKER();
4174:Middlewares/Third_Party/FreeRTOS/Source/tasks.c **** 		}
4175:Middlewares/Third_Party/FreeRTOS/Source/tasks.c **** 
4176:Middlewares/Third_Party/FreeRTOS/Source/tasks.c **** 		return xReturn;
4177:Middlewares/Third_Party/FreeRTOS/Source/tasks.c **** 	}
4178:Middlewares/Third_Party/FreeRTOS/Source/tasks.c **** 
4179:Middlewares/Third_Party/FreeRTOS/Source/tasks.c **** #endif /* configUSE_MUTEXES */
4180:Middlewares/Third_Party/FreeRTOS/Source/tasks.c **** /*-----------------------------------------------------------*/
4181:Middlewares/Third_Party/FreeRTOS/Source/tasks.c **** 
4182:Middlewares/Third_Party/FreeRTOS/Source/tasks.c **** #if ( configUSE_MUTEXES == 1 )
4183:Middlewares/Third_Party/FreeRTOS/Source/tasks.c **** 
4184:Middlewares/Third_Party/FreeRTOS/Source/tasks.c **** 	void vTaskPriorityDisinheritAfterTimeout( TaskHandle_t const pxMutexHolder, UBaseType_t uxHighestP
4185:Middlewares/Third_Party/FreeRTOS/Source/tasks.c **** 	{
ARM GAS  C:\Users\jason\AppData\Local\Temp\ccaXxPCU.s 			page 96


4186:Middlewares/Third_Party/FreeRTOS/Source/tasks.c **** 	TCB_t * const pxTCB = pxMutexHolder;
4187:Middlewares/Third_Party/FreeRTOS/Source/tasks.c **** 	UBaseType_t uxPriorityUsedOnEntry, uxPriorityToUse;
4188:Middlewares/Third_Party/FreeRTOS/Source/tasks.c **** 	const UBaseType_t uxOnlyOneMutexHeld = ( UBaseType_t ) 1;
4189:Middlewares/Third_Party/FreeRTOS/Source/tasks.c **** 
4190:Middlewares/Third_Party/FreeRTOS/Source/tasks.c **** 		if( pxMutexHolder != NULL )
4191:Middlewares/Third_Party/FreeRTOS/Source/tasks.c **** 		{
4192:Middlewares/Third_Party/FreeRTOS/Source/tasks.c **** 			/* If pxMutexHolder is not NULL then the holder must hold at least
4193:Middlewares/Third_Party/FreeRTOS/Source/tasks.c **** 			one mutex. */
4194:Middlewares/Third_Party/FreeRTOS/Source/tasks.c **** 			configASSERT( pxTCB->uxMutexesHeld );
4195:Middlewares/Third_Party/FreeRTOS/Source/tasks.c **** 
4196:Middlewares/Third_Party/FreeRTOS/Source/tasks.c **** 			/* Determine the priority to which the priority of the task that
4197:Middlewares/Third_Party/FreeRTOS/Source/tasks.c **** 			holds the mutex should be set.  This will be the greater of the
4198:Middlewares/Third_Party/FreeRTOS/Source/tasks.c **** 			holding task's base priority and the priority of the highest
4199:Middlewares/Third_Party/FreeRTOS/Source/tasks.c **** 			priority task that is waiting to obtain the mutex. */
4200:Middlewares/Third_Party/FreeRTOS/Source/tasks.c **** 			if( pxTCB->uxBasePriority < uxHighestPriorityWaitingTask )
4201:Middlewares/Third_Party/FreeRTOS/Source/tasks.c **** 			{
4202:Middlewares/Third_Party/FreeRTOS/Source/tasks.c **** 				uxPriorityToUse = uxHighestPriorityWaitingTask;
4203:Middlewares/Third_Party/FreeRTOS/Source/tasks.c **** 			}
4204:Middlewares/Third_Party/FreeRTOS/Source/tasks.c **** 			else
4205:Middlewares/Third_Party/FreeRTOS/Source/tasks.c **** 			{
4206:Middlewares/Third_Party/FreeRTOS/Source/tasks.c **** 				uxPriorityToUse = pxTCB->uxBasePriority;
4207:Middlewares/Third_Party/FreeRTOS/Source/tasks.c **** 			}
4208:Middlewares/Third_Party/FreeRTOS/Source/tasks.c **** 
4209:Middlewares/Third_Party/FreeRTOS/Source/tasks.c **** 			/* Does the priority need to change? */
4210:Middlewares/Third_Party/FreeRTOS/Source/tasks.c **** 			if( pxTCB->uxPriority != uxPriorityToUse )
4211:Middlewares/Third_Party/FreeRTOS/Source/tasks.c **** 			{
4212:Middlewares/Third_Party/FreeRTOS/Source/tasks.c **** 				/* Only disinherit if no other mutexes are held.  This is a
4213:Middlewares/Third_Party/FreeRTOS/Source/tasks.c **** 				simplification in the priority inheritance implementation.  If
4214:Middlewares/Third_Party/FreeRTOS/Source/tasks.c **** 				the task that holds the mutex is also holding other mutexes then
4215:Middlewares/Third_Party/FreeRTOS/Source/tasks.c **** 				the other mutexes may have caused the priority inheritance. */
4216:Middlewares/Third_Party/FreeRTOS/Source/tasks.c **** 				if( pxTCB->uxMutexesHeld == uxOnlyOneMutexHeld )
4217:Middlewares/Third_Party/FreeRTOS/Source/tasks.c **** 				{
4218:Middlewares/Third_Party/FreeRTOS/Source/tasks.c **** 					/* If a task has timed out because it already holds the
4219:Middlewares/Third_Party/FreeRTOS/Source/tasks.c **** 					mutex it was trying to obtain then it cannot of inherited
4220:Middlewares/Third_Party/FreeRTOS/Source/tasks.c **** 					its own priority. */
4221:Middlewares/Third_Party/FreeRTOS/Source/tasks.c **** 					configASSERT( pxTCB != pxCurrentTCB );
4222:Middlewares/Third_Party/FreeRTOS/Source/tasks.c **** 
4223:Middlewares/Third_Party/FreeRTOS/Source/tasks.c **** 					/* Disinherit the priority, remembering the previous
4224:Middlewares/Third_Party/FreeRTOS/Source/tasks.c **** 					priority to facilitate determining the subject task's
4225:Middlewares/Third_Party/FreeRTOS/Source/tasks.c **** 					state. */
4226:Middlewares/Third_Party/FreeRTOS/Source/tasks.c **** 					traceTASK_PRIORITY_DISINHERIT( pxTCB, pxTCB->uxBasePriority );
4227:Middlewares/Third_Party/FreeRTOS/Source/tasks.c **** 					uxPriorityUsedOnEntry = pxTCB->uxPriority;
4228:Middlewares/Third_Party/FreeRTOS/Source/tasks.c **** 					pxTCB->uxPriority = uxPriorityToUse;
4229:Middlewares/Third_Party/FreeRTOS/Source/tasks.c **** 
4230:Middlewares/Third_Party/FreeRTOS/Source/tasks.c **** 					/* Only reset the event list item value if the value is not
4231:Middlewares/Third_Party/FreeRTOS/Source/tasks.c **** 					being used for anything else. */
4232:Middlewares/Third_Party/FreeRTOS/Source/tasks.c **** 					if( ( listGET_LIST_ITEM_VALUE( &( pxTCB->xEventListItem ) ) & taskEVENT_LIST_ITEM_VALUE_IN_USE
4233:Middlewares/Third_Party/FreeRTOS/Source/tasks.c **** 					{
4234:Middlewares/Third_Party/FreeRTOS/Source/tasks.c **** 						listSET_LIST_ITEM_VALUE( &( pxTCB->xEventListItem ), ( TickType_t ) configMAX_PRIORITIES - ( 
4235:Middlewares/Third_Party/FreeRTOS/Source/tasks.c **** 					}
4236:Middlewares/Third_Party/FreeRTOS/Source/tasks.c **** 					else
4237:Middlewares/Third_Party/FreeRTOS/Source/tasks.c **** 					{
4238:Middlewares/Third_Party/FreeRTOS/Source/tasks.c **** 						mtCOVERAGE_TEST_MARKER();
4239:Middlewares/Third_Party/FreeRTOS/Source/tasks.c **** 					}
4240:Middlewares/Third_Party/FreeRTOS/Source/tasks.c **** 
4241:Middlewares/Third_Party/FreeRTOS/Source/tasks.c **** 					/* If the running task is not the task that holds the mutex
4242:Middlewares/Third_Party/FreeRTOS/Source/tasks.c **** 					then the task that holds the mutex could be in either the
ARM GAS  C:\Users\jason\AppData\Local\Temp\ccaXxPCU.s 			page 97


4243:Middlewares/Third_Party/FreeRTOS/Source/tasks.c **** 					Ready, Blocked or Suspended states.  Only remove the task
4244:Middlewares/Third_Party/FreeRTOS/Source/tasks.c **** 					from its current state list if it is in the Ready state as
4245:Middlewares/Third_Party/FreeRTOS/Source/tasks.c **** 					the task's priority is going to change and there is one
4246:Middlewares/Third_Party/FreeRTOS/Source/tasks.c **** 					Ready list per priority. */
4247:Middlewares/Third_Party/FreeRTOS/Source/tasks.c **** 					if( listIS_CONTAINED_WITHIN( &( pxReadyTasksLists[ uxPriorityUsedOnEntry ] ), &( pxTCB->xState
4248:Middlewares/Third_Party/FreeRTOS/Source/tasks.c **** 					{
4249:Middlewares/Third_Party/FreeRTOS/Source/tasks.c **** 						if( uxListRemove( &( pxTCB->xStateListItem ) ) == ( UBaseType_t ) 0 )
4250:Middlewares/Third_Party/FreeRTOS/Source/tasks.c **** 						{
4251:Middlewares/Third_Party/FreeRTOS/Source/tasks.c **** 							/* It is known that the task is in its ready list so
4252:Middlewares/Third_Party/FreeRTOS/Source/tasks.c **** 							there is no need to check again and the port level
4253:Middlewares/Third_Party/FreeRTOS/Source/tasks.c **** 							reset macro can be called directly. */
4254:Middlewares/Third_Party/FreeRTOS/Source/tasks.c **** 							portRESET_READY_PRIORITY( pxTCB->uxPriority, uxTopReadyPriority );
4255:Middlewares/Third_Party/FreeRTOS/Source/tasks.c **** 						}
4256:Middlewares/Third_Party/FreeRTOS/Source/tasks.c **** 						else
4257:Middlewares/Third_Party/FreeRTOS/Source/tasks.c **** 						{
4258:Middlewares/Third_Party/FreeRTOS/Source/tasks.c **** 							mtCOVERAGE_TEST_MARKER();
4259:Middlewares/Third_Party/FreeRTOS/Source/tasks.c **** 						}
4260:Middlewares/Third_Party/FreeRTOS/Source/tasks.c **** 
4261:Middlewares/Third_Party/FreeRTOS/Source/tasks.c **** 						prvAddTaskToReadyList( pxTCB );
4262:Middlewares/Third_Party/FreeRTOS/Source/tasks.c **** 					}
4263:Middlewares/Third_Party/FreeRTOS/Source/tasks.c **** 					else
4264:Middlewares/Third_Party/FreeRTOS/Source/tasks.c **** 					{
4265:Middlewares/Third_Party/FreeRTOS/Source/tasks.c **** 						mtCOVERAGE_TEST_MARKER();
4266:Middlewares/Third_Party/FreeRTOS/Source/tasks.c **** 					}
4267:Middlewares/Third_Party/FreeRTOS/Source/tasks.c **** 				}
4268:Middlewares/Third_Party/FreeRTOS/Source/tasks.c **** 				else
4269:Middlewares/Third_Party/FreeRTOS/Source/tasks.c **** 				{
4270:Middlewares/Third_Party/FreeRTOS/Source/tasks.c **** 					mtCOVERAGE_TEST_MARKER();
4271:Middlewares/Third_Party/FreeRTOS/Source/tasks.c **** 				}
4272:Middlewares/Third_Party/FreeRTOS/Source/tasks.c **** 			}
4273:Middlewares/Third_Party/FreeRTOS/Source/tasks.c **** 			else
4274:Middlewares/Third_Party/FreeRTOS/Source/tasks.c **** 			{
4275:Middlewares/Third_Party/FreeRTOS/Source/tasks.c **** 				mtCOVERAGE_TEST_MARKER();
4276:Middlewares/Third_Party/FreeRTOS/Source/tasks.c **** 			}
4277:Middlewares/Third_Party/FreeRTOS/Source/tasks.c **** 		}
4278:Middlewares/Third_Party/FreeRTOS/Source/tasks.c **** 		else
4279:Middlewares/Third_Party/FreeRTOS/Source/tasks.c **** 		{
4280:Middlewares/Third_Party/FreeRTOS/Source/tasks.c **** 			mtCOVERAGE_TEST_MARKER();
4281:Middlewares/Third_Party/FreeRTOS/Source/tasks.c **** 		}
4282:Middlewares/Third_Party/FreeRTOS/Source/tasks.c **** 	}
4283:Middlewares/Third_Party/FreeRTOS/Source/tasks.c **** 
4284:Middlewares/Third_Party/FreeRTOS/Source/tasks.c **** #endif /* configUSE_MUTEXES */
4285:Middlewares/Third_Party/FreeRTOS/Source/tasks.c **** /*-----------------------------------------------------------*/
4286:Middlewares/Third_Party/FreeRTOS/Source/tasks.c **** 
4287:Middlewares/Third_Party/FreeRTOS/Source/tasks.c **** #if ( portCRITICAL_NESTING_IN_TCB == 1 )
4288:Middlewares/Third_Party/FreeRTOS/Source/tasks.c **** 
4289:Middlewares/Third_Party/FreeRTOS/Source/tasks.c **** 	void vTaskEnterCritical( void )
4290:Middlewares/Third_Party/FreeRTOS/Source/tasks.c **** 	{
4291:Middlewares/Third_Party/FreeRTOS/Source/tasks.c **** 		portDISABLE_INTERRUPTS();
4292:Middlewares/Third_Party/FreeRTOS/Source/tasks.c **** 
4293:Middlewares/Third_Party/FreeRTOS/Source/tasks.c **** 		if( xSchedulerRunning != pdFALSE )
4294:Middlewares/Third_Party/FreeRTOS/Source/tasks.c **** 		{
4295:Middlewares/Third_Party/FreeRTOS/Source/tasks.c **** 			( pxCurrentTCB->uxCriticalNesting )++;
4296:Middlewares/Third_Party/FreeRTOS/Source/tasks.c **** 
4297:Middlewares/Third_Party/FreeRTOS/Source/tasks.c **** 			/* This is not the interrupt safe version of the enter critical
4298:Middlewares/Third_Party/FreeRTOS/Source/tasks.c **** 			function so	assert() if it is being called from an interrupt
4299:Middlewares/Third_Party/FreeRTOS/Source/tasks.c **** 			context.  Only API functions that end in "FromISR" can be used in an
ARM GAS  C:\Users\jason\AppData\Local\Temp\ccaXxPCU.s 			page 98


4300:Middlewares/Third_Party/FreeRTOS/Source/tasks.c **** 			interrupt.  Only assert if the critical nesting count is 1 to
4301:Middlewares/Third_Party/FreeRTOS/Source/tasks.c **** 			protect against recursive calls if the assert function also uses a
4302:Middlewares/Third_Party/FreeRTOS/Source/tasks.c **** 			critical section. */
4303:Middlewares/Third_Party/FreeRTOS/Source/tasks.c **** 			if( pxCurrentTCB->uxCriticalNesting == 1 )
4304:Middlewares/Third_Party/FreeRTOS/Source/tasks.c **** 			{
4305:Middlewares/Third_Party/FreeRTOS/Source/tasks.c **** 				portASSERT_IF_IN_ISR();
4306:Middlewares/Third_Party/FreeRTOS/Source/tasks.c **** 			}
4307:Middlewares/Third_Party/FreeRTOS/Source/tasks.c **** 		}
4308:Middlewares/Third_Party/FreeRTOS/Source/tasks.c **** 		else
4309:Middlewares/Third_Party/FreeRTOS/Source/tasks.c **** 		{
4310:Middlewares/Third_Party/FreeRTOS/Source/tasks.c **** 			mtCOVERAGE_TEST_MARKER();
4311:Middlewares/Third_Party/FreeRTOS/Source/tasks.c **** 		}
4312:Middlewares/Third_Party/FreeRTOS/Source/tasks.c **** 	}
4313:Middlewares/Third_Party/FreeRTOS/Source/tasks.c **** 
4314:Middlewares/Third_Party/FreeRTOS/Source/tasks.c **** #endif /* portCRITICAL_NESTING_IN_TCB */
4315:Middlewares/Third_Party/FreeRTOS/Source/tasks.c **** /*-----------------------------------------------------------*/
4316:Middlewares/Third_Party/FreeRTOS/Source/tasks.c **** 
4317:Middlewares/Third_Party/FreeRTOS/Source/tasks.c **** #if ( portCRITICAL_NESTING_IN_TCB == 1 )
4318:Middlewares/Third_Party/FreeRTOS/Source/tasks.c **** 
4319:Middlewares/Third_Party/FreeRTOS/Source/tasks.c **** 	void vTaskExitCritical( void )
4320:Middlewares/Third_Party/FreeRTOS/Source/tasks.c **** 	{
4321:Middlewares/Third_Party/FreeRTOS/Source/tasks.c **** 		if( xSchedulerRunning != pdFALSE )
4322:Middlewares/Third_Party/FreeRTOS/Source/tasks.c **** 		{
4323:Middlewares/Third_Party/FreeRTOS/Source/tasks.c **** 			if( pxCurrentTCB->uxCriticalNesting > 0U )
4324:Middlewares/Third_Party/FreeRTOS/Source/tasks.c **** 			{
4325:Middlewares/Third_Party/FreeRTOS/Source/tasks.c **** 				( pxCurrentTCB->uxCriticalNesting )--;
4326:Middlewares/Third_Party/FreeRTOS/Source/tasks.c **** 
4327:Middlewares/Third_Party/FreeRTOS/Source/tasks.c **** 				if( pxCurrentTCB->uxCriticalNesting == 0U )
4328:Middlewares/Third_Party/FreeRTOS/Source/tasks.c **** 				{
4329:Middlewares/Third_Party/FreeRTOS/Source/tasks.c **** 					portENABLE_INTERRUPTS();
4330:Middlewares/Third_Party/FreeRTOS/Source/tasks.c **** 				}
4331:Middlewares/Third_Party/FreeRTOS/Source/tasks.c **** 				else
4332:Middlewares/Third_Party/FreeRTOS/Source/tasks.c **** 				{
4333:Middlewares/Third_Party/FreeRTOS/Source/tasks.c **** 					mtCOVERAGE_TEST_MARKER();
4334:Middlewares/Third_Party/FreeRTOS/Source/tasks.c **** 				}
4335:Middlewares/Third_Party/FreeRTOS/Source/tasks.c **** 			}
4336:Middlewares/Third_Party/FreeRTOS/Source/tasks.c **** 			else
4337:Middlewares/Third_Party/FreeRTOS/Source/tasks.c **** 			{
4338:Middlewares/Third_Party/FreeRTOS/Source/tasks.c **** 				mtCOVERAGE_TEST_MARKER();
4339:Middlewares/Third_Party/FreeRTOS/Source/tasks.c **** 			}
4340:Middlewares/Third_Party/FreeRTOS/Source/tasks.c **** 		}
4341:Middlewares/Third_Party/FreeRTOS/Source/tasks.c **** 		else
4342:Middlewares/Third_Party/FreeRTOS/Source/tasks.c **** 		{
4343:Middlewares/Third_Party/FreeRTOS/Source/tasks.c **** 			mtCOVERAGE_TEST_MARKER();
4344:Middlewares/Third_Party/FreeRTOS/Source/tasks.c **** 		}
4345:Middlewares/Third_Party/FreeRTOS/Source/tasks.c **** 	}
4346:Middlewares/Third_Party/FreeRTOS/Source/tasks.c **** 
4347:Middlewares/Third_Party/FreeRTOS/Source/tasks.c **** #endif /* portCRITICAL_NESTING_IN_TCB */
4348:Middlewares/Third_Party/FreeRTOS/Source/tasks.c **** /*-----------------------------------------------------------*/
4349:Middlewares/Third_Party/FreeRTOS/Source/tasks.c **** 
4350:Middlewares/Third_Party/FreeRTOS/Source/tasks.c **** #if ( ( configUSE_TRACE_FACILITY == 1 ) && ( configUSE_STATS_FORMATTING_FUNCTIONS > 0 ) )
4351:Middlewares/Third_Party/FreeRTOS/Source/tasks.c **** 
4352:Middlewares/Third_Party/FreeRTOS/Source/tasks.c **** 	static char *prvWriteNameToBuffer( char *pcBuffer, const char *pcTaskName )
4353:Middlewares/Third_Party/FreeRTOS/Source/tasks.c **** 	{
4354:Middlewares/Third_Party/FreeRTOS/Source/tasks.c **** 	size_t x;
4355:Middlewares/Third_Party/FreeRTOS/Source/tasks.c **** 
4356:Middlewares/Third_Party/FreeRTOS/Source/tasks.c **** 		/* Start by copying the entire string. */
ARM GAS  C:\Users\jason\AppData\Local\Temp\ccaXxPCU.s 			page 99


4357:Middlewares/Third_Party/FreeRTOS/Source/tasks.c **** 		strcpy( pcBuffer, pcTaskName );
4358:Middlewares/Third_Party/FreeRTOS/Source/tasks.c **** 
4359:Middlewares/Third_Party/FreeRTOS/Source/tasks.c **** 		/* Pad the end of the string with spaces to ensure columns line up when
4360:Middlewares/Third_Party/FreeRTOS/Source/tasks.c **** 		printed out. */
4361:Middlewares/Third_Party/FreeRTOS/Source/tasks.c **** 		for( x = strlen( pcBuffer ); x < ( size_t ) ( configMAX_TASK_NAME_LEN - 1 ); x++ )
4362:Middlewares/Third_Party/FreeRTOS/Source/tasks.c **** 		{
4363:Middlewares/Third_Party/FreeRTOS/Source/tasks.c **** 			pcBuffer[ x ] = ' ';
4364:Middlewares/Third_Party/FreeRTOS/Source/tasks.c **** 		}
4365:Middlewares/Third_Party/FreeRTOS/Source/tasks.c **** 
4366:Middlewares/Third_Party/FreeRTOS/Source/tasks.c **** 		/* Terminate. */
4367:Middlewares/Third_Party/FreeRTOS/Source/tasks.c **** 		pcBuffer[ x ] = ( char ) 0x00;
4368:Middlewares/Third_Party/FreeRTOS/Source/tasks.c **** 
4369:Middlewares/Third_Party/FreeRTOS/Source/tasks.c **** 		/* Return the new end of string. */
4370:Middlewares/Third_Party/FreeRTOS/Source/tasks.c **** 		return &( pcBuffer[ x ] );
4371:Middlewares/Third_Party/FreeRTOS/Source/tasks.c **** 	}
4372:Middlewares/Third_Party/FreeRTOS/Source/tasks.c **** 
4373:Middlewares/Third_Party/FreeRTOS/Source/tasks.c **** #endif /* ( configUSE_TRACE_FACILITY == 1 ) && ( configUSE_STATS_FORMATTING_FUNCTIONS > 0 ) */
4374:Middlewares/Third_Party/FreeRTOS/Source/tasks.c **** /*-----------------------------------------------------------*/
4375:Middlewares/Third_Party/FreeRTOS/Source/tasks.c **** 
4376:Middlewares/Third_Party/FreeRTOS/Source/tasks.c **** #if ( ( configUSE_TRACE_FACILITY == 1 ) && ( configUSE_STATS_FORMATTING_FUNCTIONS > 0 ) && ( config
4377:Middlewares/Third_Party/FreeRTOS/Source/tasks.c **** 
4378:Middlewares/Third_Party/FreeRTOS/Source/tasks.c **** 	void vTaskList( char * pcWriteBuffer )
4379:Middlewares/Third_Party/FreeRTOS/Source/tasks.c **** 	{
4380:Middlewares/Third_Party/FreeRTOS/Source/tasks.c **** 	TaskStatus_t *pxTaskStatusArray;
4381:Middlewares/Third_Party/FreeRTOS/Source/tasks.c **** 	UBaseType_t uxArraySize, x;
4382:Middlewares/Third_Party/FreeRTOS/Source/tasks.c **** 	char cStatus;
4383:Middlewares/Third_Party/FreeRTOS/Source/tasks.c **** 
4384:Middlewares/Third_Party/FreeRTOS/Source/tasks.c **** 		/*
4385:Middlewares/Third_Party/FreeRTOS/Source/tasks.c **** 		 * PLEASE NOTE:
4386:Middlewares/Third_Party/FreeRTOS/Source/tasks.c **** 		 *
4387:Middlewares/Third_Party/FreeRTOS/Source/tasks.c **** 		 * This function is provided for convenience only, and is used by many
4388:Middlewares/Third_Party/FreeRTOS/Source/tasks.c **** 		 * of the demo applications.  Do not consider it to be part of the
4389:Middlewares/Third_Party/FreeRTOS/Source/tasks.c **** 		 * scheduler.
4390:Middlewares/Third_Party/FreeRTOS/Source/tasks.c **** 		 *
4391:Middlewares/Third_Party/FreeRTOS/Source/tasks.c **** 		 * vTaskList() calls uxTaskGetSystemState(), then formats part of the
4392:Middlewares/Third_Party/FreeRTOS/Source/tasks.c **** 		 * uxTaskGetSystemState() output into a human readable table that
4393:Middlewares/Third_Party/FreeRTOS/Source/tasks.c **** 		 * displays task names, states and stack usage.
4394:Middlewares/Third_Party/FreeRTOS/Source/tasks.c **** 		 *
4395:Middlewares/Third_Party/FreeRTOS/Source/tasks.c **** 		 * vTaskList() has a dependency on the sprintf() C library function that
4396:Middlewares/Third_Party/FreeRTOS/Source/tasks.c **** 		 * might bloat the code size, use a lot of stack, and provide different
4397:Middlewares/Third_Party/FreeRTOS/Source/tasks.c **** 		 * results on different platforms.  An alternative, tiny, third party,
4398:Middlewares/Third_Party/FreeRTOS/Source/tasks.c **** 		 * and limited functionality implementation of sprintf() is provided in
4399:Middlewares/Third_Party/FreeRTOS/Source/tasks.c **** 		 * many of the FreeRTOS/Demo sub-directories in a file called
4400:Middlewares/Third_Party/FreeRTOS/Source/tasks.c **** 		 * printf-stdarg.c (note printf-stdarg.c does not provide a full
4401:Middlewares/Third_Party/FreeRTOS/Source/tasks.c **** 		 * snprintf() implementation!).
4402:Middlewares/Third_Party/FreeRTOS/Source/tasks.c **** 		 *
4403:Middlewares/Third_Party/FreeRTOS/Source/tasks.c **** 		 * It is recommended that production systems call uxTaskGetSystemState()
4404:Middlewares/Third_Party/FreeRTOS/Source/tasks.c **** 		 * directly to get access to raw stats data, rather than indirectly
4405:Middlewares/Third_Party/FreeRTOS/Source/tasks.c **** 		 * through a call to vTaskList().
4406:Middlewares/Third_Party/FreeRTOS/Source/tasks.c **** 		 */
4407:Middlewares/Third_Party/FreeRTOS/Source/tasks.c **** 
4408:Middlewares/Third_Party/FreeRTOS/Source/tasks.c **** 
4409:Middlewares/Third_Party/FreeRTOS/Source/tasks.c **** 		/* Make sure the write buffer does not contain a string. */
4410:Middlewares/Third_Party/FreeRTOS/Source/tasks.c **** 		*pcWriteBuffer = ( char ) 0x00;
4411:Middlewares/Third_Party/FreeRTOS/Source/tasks.c **** 
4412:Middlewares/Third_Party/FreeRTOS/Source/tasks.c **** 		/* Take a snapshot of the number of tasks in case it changes while this
4413:Middlewares/Third_Party/FreeRTOS/Source/tasks.c **** 		function is executing. */
ARM GAS  C:\Users\jason\AppData\Local\Temp\ccaXxPCU.s 			page 100


4414:Middlewares/Third_Party/FreeRTOS/Source/tasks.c **** 		uxArraySize = uxCurrentNumberOfTasks;
4415:Middlewares/Third_Party/FreeRTOS/Source/tasks.c **** 
4416:Middlewares/Third_Party/FreeRTOS/Source/tasks.c **** 		/* Allocate an array index for each task.  NOTE!  if
4417:Middlewares/Third_Party/FreeRTOS/Source/tasks.c **** 		configSUPPORT_DYNAMIC_ALLOCATION is set to 0 then pvPortMalloc() will
4418:Middlewares/Third_Party/FreeRTOS/Source/tasks.c **** 		equate to NULL. */
4419:Middlewares/Third_Party/FreeRTOS/Source/tasks.c **** 		pxTaskStatusArray = pvPortMalloc( uxCurrentNumberOfTasks * sizeof( TaskStatus_t ) ); /*lint !e907
4420:Middlewares/Third_Party/FreeRTOS/Source/tasks.c **** 
4421:Middlewares/Third_Party/FreeRTOS/Source/tasks.c **** 		if( pxTaskStatusArray != NULL )
4422:Middlewares/Third_Party/FreeRTOS/Source/tasks.c **** 		{
4423:Middlewares/Third_Party/FreeRTOS/Source/tasks.c **** 			/* Generate the (binary) data. */
4424:Middlewares/Third_Party/FreeRTOS/Source/tasks.c **** 			uxArraySize = uxTaskGetSystemState( pxTaskStatusArray, uxArraySize, NULL );
4425:Middlewares/Third_Party/FreeRTOS/Source/tasks.c **** 
4426:Middlewares/Third_Party/FreeRTOS/Source/tasks.c **** 			/* Create a human readable table from the binary data. */
4427:Middlewares/Third_Party/FreeRTOS/Source/tasks.c **** 			for( x = 0; x < uxArraySize; x++ )
4428:Middlewares/Third_Party/FreeRTOS/Source/tasks.c **** 			{
4429:Middlewares/Third_Party/FreeRTOS/Source/tasks.c **** 				switch( pxTaskStatusArray[ x ].eCurrentState )
4430:Middlewares/Third_Party/FreeRTOS/Source/tasks.c **** 				{
4431:Middlewares/Third_Party/FreeRTOS/Source/tasks.c **** 					case eRunning:		cStatus = tskRUNNING_CHAR;
4432:Middlewares/Third_Party/FreeRTOS/Source/tasks.c **** 										break;
4433:Middlewares/Third_Party/FreeRTOS/Source/tasks.c **** 
4434:Middlewares/Third_Party/FreeRTOS/Source/tasks.c **** 					case eReady:		cStatus = tskREADY_CHAR;
4435:Middlewares/Third_Party/FreeRTOS/Source/tasks.c **** 										break;
4436:Middlewares/Third_Party/FreeRTOS/Source/tasks.c **** 
4437:Middlewares/Third_Party/FreeRTOS/Source/tasks.c **** 					case eBlocked:		cStatus = tskBLOCKED_CHAR;
4438:Middlewares/Third_Party/FreeRTOS/Source/tasks.c **** 										break;
4439:Middlewares/Third_Party/FreeRTOS/Source/tasks.c **** 
4440:Middlewares/Third_Party/FreeRTOS/Source/tasks.c **** 					case eSuspended:	cStatus = tskSUSPENDED_CHAR;
4441:Middlewares/Third_Party/FreeRTOS/Source/tasks.c **** 										break;
4442:Middlewares/Third_Party/FreeRTOS/Source/tasks.c **** 
4443:Middlewares/Third_Party/FreeRTOS/Source/tasks.c **** 					case eDeleted:		cStatus = tskDELETED_CHAR;
4444:Middlewares/Third_Party/FreeRTOS/Source/tasks.c **** 										break;
4445:Middlewares/Third_Party/FreeRTOS/Source/tasks.c **** 
4446:Middlewares/Third_Party/FreeRTOS/Source/tasks.c **** 					case eInvalid:		/* Fall through. */
4447:Middlewares/Third_Party/FreeRTOS/Source/tasks.c **** 					default:			/* Should not get here, but it is included
4448:Middlewares/Third_Party/FreeRTOS/Source/tasks.c **** 										to prevent static checking errors. */
4449:Middlewares/Third_Party/FreeRTOS/Source/tasks.c **** 										cStatus = ( char ) 0x00;
4450:Middlewares/Third_Party/FreeRTOS/Source/tasks.c **** 										break;
4451:Middlewares/Third_Party/FreeRTOS/Source/tasks.c **** 				}
4452:Middlewares/Third_Party/FreeRTOS/Source/tasks.c **** 
4453:Middlewares/Third_Party/FreeRTOS/Source/tasks.c **** 				/* Write the task name to the string, padding with spaces so it
4454:Middlewares/Third_Party/FreeRTOS/Source/tasks.c **** 				can be printed in tabular form more easily. */
4455:Middlewares/Third_Party/FreeRTOS/Source/tasks.c **** 				pcWriteBuffer = prvWriteNameToBuffer( pcWriteBuffer, pxTaskStatusArray[ x ].pcTaskName );
4456:Middlewares/Third_Party/FreeRTOS/Source/tasks.c **** 
4457:Middlewares/Third_Party/FreeRTOS/Source/tasks.c **** 				/* Write the rest of the string. */
4458:Middlewares/Third_Party/FreeRTOS/Source/tasks.c **** 				sprintf( pcWriteBuffer, "\t%c\t%u\t%u\t%u\r\n", cStatus, ( unsigned int ) pxTaskStatusArray[ x 
4459:Middlewares/Third_Party/FreeRTOS/Source/tasks.c **** 				pcWriteBuffer += strlen( pcWriteBuffer ); /*lint !e9016 Pointer arithmetic ok on char pointers 
4460:Middlewares/Third_Party/FreeRTOS/Source/tasks.c **** 			}
4461:Middlewares/Third_Party/FreeRTOS/Source/tasks.c **** 
4462:Middlewares/Third_Party/FreeRTOS/Source/tasks.c **** 			/* Free the array again.  NOTE!  If configSUPPORT_DYNAMIC_ALLOCATION
4463:Middlewares/Third_Party/FreeRTOS/Source/tasks.c **** 			is 0 then vPortFree() will be #defined to nothing. */
4464:Middlewares/Third_Party/FreeRTOS/Source/tasks.c **** 			vPortFree( pxTaskStatusArray );
4465:Middlewares/Third_Party/FreeRTOS/Source/tasks.c **** 		}
4466:Middlewares/Third_Party/FreeRTOS/Source/tasks.c **** 		else
4467:Middlewares/Third_Party/FreeRTOS/Source/tasks.c **** 		{
4468:Middlewares/Third_Party/FreeRTOS/Source/tasks.c **** 			mtCOVERAGE_TEST_MARKER();
4469:Middlewares/Third_Party/FreeRTOS/Source/tasks.c **** 		}
4470:Middlewares/Third_Party/FreeRTOS/Source/tasks.c **** 	}
ARM GAS  C:\Users\jason\AppData\Local\Temp\ccaXxPCU.s 			page 101


4471:Middlewares/Third_Party/FreeRTOS/Source/tasks.c **** 
4472:Middlewares/Third_Party/FreeRTOS/Source/tasks.c **** #endif /* ( ( configUSE_TRACE_FACILITY == 1 ) && ( configUSE_STATS_FORMATTING_FUNCTIONS > 0 ) && ( 
4473:Middlewares/Third_Party/FreeRTOS/Source/tasks.c **** /*----------------------------------------------------------*/
4474:Middlewares/Third_Party/FreeRTOS/Source/tasks.c **** 
4475:Middlewares/Third_Party/FreeRTOS/Source/tasks.c **** #if ( ( configGENERATE_RUN_TIME_STATS == 1 ) && ( configUSE_STATS_FORMATTING_FUNCTIONS > 0 ) && ( c
4476:Middlewares/Third_Party/FreeRTOS/Source/tasks.c **** 
4477:Middlewares/Third_Party/FreeRTOS/Source/tasks.c **** 	void vTaskGetRunTimeStats( char *pcWriteBuffer )
4478:Middlewares/Third_Party/FreeRTOS/Source/tasks.c **** 	{
4479:Middlewares/Third_Party/FreeRTOS/Source/tasks.c **** 	TaskStatus_t *pxTaskStatusArray;
4480:Middlewares/Third_Party/FreeRTOS/Source/tasks.c **** 	UBaseType_t uxArraySize, x;
4481:Middlewares/Third_Party/FreeRTOS/Source/tasks.c **** 	uint32_t ulTotalTime, ulStatsAsPercentage;
4482:Middlewares/Third_Party/FreeRTOS/Source/tasks.c **** 
4483:Middlewares/Third_Party/FreeRTOS/Source/tasks.c **** 		#if( configUSE_TRACE_FACILITY != 1 )
4484:Middlewares/Third_Party/FreeRTOS/Source/tasks.c **** 		{
4485:Middlewares/Third_Party/FreeRTOS/Source/tasks.c **** 			#error configUSE_TRACE_FACILITY must also be set to 1 in FreeRTOSConfig.h to use vTaskGetRunTime
4486:Middlewares/Third_Party/FreeRTOS/Source/tasks.c **** 		}
4487:Middlewares/Third_Party/FreeRTOS/Source/tasks.c **** 		#endif
4488:Middlewares/Third_Party/FreeRTOS/Source/tasks.c **** 
4489:Middlewares/Third_Party/FreeRTOS/Source/tasks.c **** 		/*
4490:Middlewares/Third_Party/FreeRTOS/Source/tasks.c **** 		 * PLEASE NOTE:
4491:Middlewares/Third_Party/FreeRTOS/Source/tasks.c **** 		 *
4492:Middlewares/Third_Party/FreeRTOS/Source/tasks.c **** 		 * This function is provided for convenience only, and is used by many
4493:Middlewares/Third_Party/FreeRTOS/Source/tasks.c **** 		 * of the demo applications.  Do not consider it to be part of the
4494:Middlewares/Third_Party/FreeRTOS/Source/tasks.c **** 		 * scheduler.
4495:Middlewares/Third_Party/FreeRTOS/Source/tasks.c **** 		 *
4496:Middlewares/Third_Party/FreeRTOS/Source/tasks.c **** 		 * vTaskGetRunTimeStats() calls uxTaskGetSystemState(), then formats part
4497:Middlewares/Third_Party/FreeRTOS/Source/tasks.c **** 		 * of the uxTaskGetSystemState() output into a human readable table that
4498:Middlewares/Third_Party/FreeRTOS/Source/tasks.c **** 		 * displays the amount of time each task has spent in the Running state
4499:Middlewares/Third_Party/FreeRTOS/Source/tasks.c **** 		 * in both absolute and percentage terms.
4500:Middlewares/Third_Party/FreeRTOS/Source/tasks.c **** 		 *
4501:Middlewares/Third_Party/FreeRTOS/Source/tasks.c **** 		 * vTaskGetRunTimeStats() has a dependency on the sprintf() C library
4502:Middlewares/Third_Party/FreeRTOS/Source/tasks.c **** 		 * function that might bloat the code size, use a lot of stack, and
4503:Middlewares/Third_Party/FreeRTOS/Source/tasks.c **** 		 * provide different results on different platforms.  An alternative,
4504:Middlewares/Third_Party/FreeRTOS/Source/tasks.c **** 		 * tiny, third party, and limited functionality implementation of
4505:Middlewares/Third_Party/FreeRTOS/Source/tasks.c **** 		 * sprintf() is provided in many of the FreeRTOS/Demo sub-directories in
4506:Middlewares/Third_Party/FreeRTOS/Source/tasks.c **** 		 * a file called printf-stdarg.c (note printf-stdarg.c does not provide
4507:Middlewares/Third_Party/FreeRTOS/Source/tasks.c **** 		 * a full snprintf() implementation!).
4508:Middlewares/Third_Party/FreeRTOS/Source/tasks.c **** 		 *
4509:Middlewares/Third_Party/FreeRTOS/Source/tasks.c **** 		 * It is recommended that production systems call uxTaskGetSystemState()
4510:Middlewares/Third_Party/FreeRTOS/Source/tasks.c **** 		 * directly to get access to raw stats data, rather than indirectly
4511:Middlewares/Third_Party/FreeRTOS/Source/tasks.c **** 		 * through a call to vTaskGetRunTimeStats().
4512:Middlewares/Third_Party/FreeRTOS/Source/tasks.c **** 		 */
4513:Middlewares/Third_Party/FreeRTOS/Source/tasks.c **** 
4514:Middlewares/Third_Party/FreeRTOS/Source/tasks.c **** 		/* Make sure the write buffer does not contain a string. */
4515:Middlewares/Third_Party/FreeRTOS/Source/tasks.c **** 		*pcWriteBuffer = ( char ) 0x00;
4516:Middlewares/Third_Party/FreeRTOS/Source/tasks.c **** 
4517:Middlewares/Third_Party/FreeRTOS/Source/tasks.c **** 		/* Take a snapshot of the number of tasks in case it changes while this
4518:Middlewares/Third_Party/FreeRTOS/Source/tasks.c **** 		function is executing. */
4519:Middlewares/Third_Party/FreeRTOS/Source/tasks.c **** 		uxArraySize = uxCurrentNumberOfTasks;
4520:Middlewares/Third_Party/FreeRTOS/Source/tasks.c **** 
4521:Middlewares/Third_Party/FreeRTOS/Source/tasks.c **** 		/* Allocate an array index for each task.  NOTE!  If
4522:Middlewares/Third_Party/FreeRTOS/Source/tasks.c **** 		configSUPPORT_DYNAMIC_ALLOCATION is set to 0 then pvPortMalloc() will
4523:Middlewares/Third_Party/FreeRTOS/Source/tasks.c **** 		equate to NULL. */
4524:Middlewares/Third_Party/FreeRTOS/Source/tasks.c **** 		pxTaskStatusArray = pvPortMalloc( uxCurrentNumberOfTasks * sizeof( TaskStatus_t ) ); /*lint !e907
4525:Middlewares/Third_Party/FreeRTOS/Source/tasks.c **** 
4526:Middlewares/Third_Party/FreeRTOS/Source/tasks.c **** 		if( pxTaskStatusArray != NULL )
4527:Middlewares/Third_Party/FreeRTOS/Source/tasks.c **** 		{
ARM GAS  C:\Users\jason\AppData\Local\Temp\ccaXxPCU.s 			page 102


4528:Middlewares/Third_Party/FreeRTOS/Source/tasks.c **** 			/* Generate the (binary) data. */
4529:Middlewares/Third_Party/FreeRTOS/Source/tasks.c **** 			uxArraySize = uxTaskGetSystemState( pxTaskStatusArray, uxArraySize, &ulTotalTime );
4530:Middlewares/Third_Party/FreeRTOS/Source/tasks.c **** 
4531:Middlewares/Third_Party/FreeRTOS/Source/tasks.c **** 			/* For percentage calculations. */
4532:Middlewares/Third_Party/FreeRTOS/Source/tasks.c **** 			ulTotalTime /= 100UL;
4533:Middlewares/Third_Party/FreeRTOS/Source/tasks.c **** 
4534:Middlewares/Third_Party/FreeRTOS/Source/tasks.c **** 			/* Avoid divide by zero errors. */
4535:Middlewares/Third_Party/FreeRTOS/Source/tasks.c **** 			if( ulTotalTime > 0UL )
4536:Middlewares/Third_Party/FreeRTOS/Source/tasks.c **** 			{
4537:Middlewares/Third_Party/FreeRTOS/Source/tasks.c **** 				/* Create a human readable table from the binary data. */
4538:Middlewares/Third_Party/FreeRTOS/Source/tasks.c **** 				for( x = 0; x < uxArraySize; x++ )
4539:Middlewares/Third_Party/FreeRTOS/Source/tasks.c **** 				{
4540:Middlewares/Third_Party/FreeRTOS/Source/tasks.c **** 					/* What percentage of the total run time has the task used?
4541:Middlewares/Third_Party/FreeRTOS/Source/tasks.c **** 					This will always be rounded down to the nearest integer.
4542:Middlewares/Third_Party/FreeRTOS/Source/tasks.c **** 					ulTotalRunTimeDiv100 has already been divided by 100. */
4543:Middlewares/Third_Party/FreeRTOS/Source/tasks.c **** 					ulStatsAsPercentage = pxTaskStatusArray[ x ].ulRunTimeCounter / ulTotalTime;
4544:Middlewares/Third_Party/FreeRTOS/Source/tasks.c **** 
4545:Middlewares/Third_Party/FreeRTOS/Source/tasks.c **** 					/* Write the task name to the string, padding with
4546:Middlewares/Third_Party/FreeRTOS/Source/tasks.c **** 					spaces so it can be printed in tabular form more
4547:Middlewares/Third_Party/FreeRTOS/Source/tasks.c **** 					easily. */
4548:Middlewares/Third_Party/FreeRTOS/Source/tasks.c **** 					pcWriteBuffer = prvWriteNameToBuffer( pcWriteBuffer, pxTaskStatusArray[ x ].pcTaskName );
4549:Middlewares/Third_Party/FreeRTOS/Source/tasks.c **** 
4550:Middlewares/Third_Party/FreeRTOS/Source/tasks.c **** 					if( ulStatsAsPercentage > 0UL )
4551:Middlewares/Third_Party/FreeRTOS/Source/tasks.c **** 					{
4552:Middlewares/Third_Party/FreeRTOS/Source/tasks.c **** 						#ifdef portLU_PRINTF_SPECIFIER_REQUIRED
4553:Middlewares/Third_Party/FreeRTOS/Source/tasks.c **** 						{
4554:Middlewares/Third_Party/FreeRTOS/Source/tasks.c **** 							sprintf( pcWriteBuffer, "\t%lu\t\t%lu%%\r\n", pxTaskStatusArray[ x ].ulRunTimeCounter, ulSta
4555:Middlewares/Third_Party/FreeRTOS/Source/tasks.c **** 						}
4556:Middlewares/Third_Party/FreeRTOS/Source/tasks.c **** 						#else
4557:Middlewares/Third_Party/FreeRTOS/Source/tasks.c **** 						{
4558:Middlewares/Third_Party/FreeRTOS/Source/tasks.c **** 							/* sizeof( int ) == sizeof( long ) so a smaller
4559:Middlewares/Third_Party/FreeRTOS/Source/tasks.c **** 							printf() library can be used. */
4560:Middlewares/Third_Party/FreeRTOS/Source/tasks.c **** 							sprintf( pcWriteBuffer, "\t%u\t\t%u%%\r\n", ( unsigned int ) pxTaskStatusArray[ x ].ulRunTim
4561:Middlewares/Third_Party/FreeRTOS/Source/tasks.c **** 						}
4562:Middlewares/Third_Party/FreeRTOS/Source/tasks.c **** 						#endif
4563:Middlewares/Third_Party/FreeRTOS/Source/tasks.c **** 					}
4564:Middlewares/Third_Party/FreeRTOS/Source/tasks.c **** 					else
4565:Middlewares/Third_Party/FreeRTOS/Source/tasks.c **** 					{
4566:Middlewares/Third_Party/FreeRTOS/Source/tasks.c **** 						/* If the percentage is zero here then the task has
4567:Middlewares/Third_Party/FreeRTOS/Source/tasks.c **** 						consumed less than 1% of the total run time. */
4568:Middlewares/Third_Party/FreeRTOS/Source/tasks.c **** 						#ifdef portLU_PRINTF_SPECIFIER_REQUIRED
4569:Middlewares/Third_Party/FreeRTOS/Source/tasks.c **** 						{
4570:Middlewares/Third_Party/FreeRTOS/Source/tasks.c **** 							sprintf( pcWriteBuffer, "\t%lu\t\t<1%%\r\n", pxTaskStatusArray[ x ].ulRunTimeCounter );
4571:Middlewares/Third_Party/FreeRTOS/Source/tasks.c **** 						}
4572:Middlewares/Third_Party/FreeRTOS/Source/tasks.c **** 						#else
4573:Middlewares/Third_Party/FreeRTOS/Source/tasks.c **** 						{
4574:Middlewares/Third_Party/FreeRTOS/Source/tasks.c **** 							/* sizeof( int ) == sizeof( long ) so a smaller
4575:Middlewares/Third_Party/FreeRTOS/Source/tasks.c **** 							printf() library can be used. */
4576:Middlewares/Third_Party/FreeRTOS/Source/tasks.c **** 							sprintf( pcWriteBuffer, "\t%u\t\t<1%%\r\n", ( unsigned int ) pxTaskStatusArray[ x ].ulRunTim
4577:Middlewares/Third_Party/FreeRTOS/Source/tasks.c **** 						}
4578:Middlewares/Third_Party/FreeRTOS/Source/tasks.c **** 						#endif
4579:Middlewares/Third_Party/FreeRTOS/Source/tasks.c **** 					}
4580:Middlewares/Third_Party/FreeRTOS/Source/tasks.c **** 
4581:Middlewares/Third_Party/FreeRTOS/Source/tasks.c **** 					pcWriteBuffer += strlen( pcWriteBuffer ); /*lint !e9016 Pointer arithmetic ok on char pointers
4582:Middlewares/Third_Party/FreeRTOS/Source/tasks.c **** 				}
4583:Middlewares/Third_Party/FreeRTOS/Source/tasks.c **** 			}
4584:Middlewares/Third_Party/FreeRTOS/Source/tasks.c **** 			else
ARM GAS  C:\Users\jason\AppData\Local\Temp\ccaXxPCU.s 			page 103


4585:Middlewares/Third_Party/FreeRTOS/Source/tasks.c **** 			{
4586:Middlewares/Third_Party/FreeRTOS/Source/tasks.c **** 				mtCOVERAGE_TEST_MARKER();
4587:Middlewares/Third_Party/FreeRTOS/Source/tasks.c **** 			}
4588:Middlewares/Third_Party/FreeRTOS/Source/tasks.c **** 
4589:Middlewares/Third_Party/FreeRTOS/Source/tasks.c **** 			/* Free the array again.  NOTE!  If configSUPPORT_DYNAMIC_ALLOCATION
4590:Middlewares/Third_Party/FreeRTOS/Source/tasks.c **** 			is 0 then vPortFree() will be #defined to nothing. */
4591:Middlewares/Third_Party/FreeRTOS/Source/tasks.c **** 			vPortFree( pxTaskStatusArray );
4592:Middlewares/Third_Party/FreeRTOS/Source/tasks.c **** 		}
4593:Middlewares/Third_Party/FreeRTOS/Source/tasks.c **** 		else
4594:Middlewares/Third_Party/FreeRTOS/Source/tasks.c **** 		{
4595:Middlewares/Third_Party/FreeRTOS/Source/tasks.c **** 			mtCOVERAGE_TEST_MARKER();
4596:Middlewares/Third_Party/FreeRTOS/Source/tasks.c **** 		}
4597:Middlewares/Third_Party/FreeRTOS/Source/tasks.c **** 	}
4598:Middlewares/Third_Party/FreeRTOS/Source/tasks.c **** 
4599:Middlewares/Third_Party/FreeRTOS/Source/tasks.c **** #endif /* ( ( configGENERATE_RUN_TIME_STATS == 1 ) && ( configUSE_STATS_FORMATTING_FUNCTIONS > 0 ) 
4600:Middlewares/Third_Party/FreeRTOS/Source/tasks.c **** /*-----------------------------------------------------------*/
4601:Middlewares/Third_Party/FreeRTOS/Source/tasks.c **** 
4602:Middlewares/Third_Party/FreeRTOS/Source/tasks.c **** TickType_t uxTaskResetEventItemValue( void )
4603:Middlewares/Third_Party/FreeRTOS/Source/tasks.c **** {
4604:Middlewares/Third_Party/FreeRTOS/Source/tasks.c **** TickType_t uxReturn;
4605:Middlewares/Third_Party/FreeRTOS/Source/tasks.c **** 
4606:Middlewares/Third_Party/FreeRTOS/Source/tasks.c **** 	uxReturn = listGET_LIST_ITEM_VALUE( &( pxCurrentTCB->xEventListItem ) );
4607:Middlewares/Third_Party/FreeRTOS/Source/tasks.c **** 
4608:Middlewares/Third_Party/FreeRTOS/Source/tasks.c **** 	/* Reset the event list item to its normal value - so it can be used with
4609:Middlewares/Third_Party/FreeRTOS/Source/tasks.c **** 	queues and semaphores. */
4610:Middlewares/Third_Party/FreeRTOS/Source/tasks.c **** 	listSET_LIST_ITEM_VALUE( &( pxCurrentTCB->xEventListItem ), ( ( TickType_t ) configMAX_PRIORITIES 
4611:Middlewares/Third_Party/FreeRTOS/Source/tasks.c **** 
4612:Middlewares/Third_Party/FreeRTOS/Source/tasks.c **** 	return uxReturn;
4613:Middlewares/Third_Party/FreeRTOS/Source/tasks.c **** }
4614:Middlewares/Third_Party/FreeRTOS/Source/tasks.c **** /*-----------------------------------------------------------*/
4615:Middlewares/Third_Party/FreeRTOS/Source/tasks.c **** 
4616:Middlewares/Third_Party/FreeRTOS/Source/tasks.c **** #if ( configUSE_MUTEXES == 1 )
4617:Middlewares/Third_Party/FreeRTOS/Source/tasks.c **** 
4618:Middlewares/Third_Party/FreeRTOS/Source/tasks.c **** 	TaskHandle_t pvTaskIncrementMutexHeldCount( void )
4619:Middlewares/Third_Party/FreeRTOS/Source/tasks.c **** 	{
4620:Middlewares/Third_Party/FreeRTOS/Source/tasks.c **** 		/* If xSemaphoreCreateMutex() is called before any tasks have been created
4621:Middlewares/Third_Party/FreeRTOS/Source/tasks.c **** 		then pxCurrentTCB will be NULL. */
4622:Middlewares/Third_Party/FreeRTOS/Source/tasks.c **** 		if( pxCurrentTCB != NULL )
4623:Middlewares/Third_Party/FreeRTOS/Source/tasks.c **** 		{
4624:Middlewares/Third_Party/FreeRTOS/Source/tasks.c **** 			( pxCurrentTCB->uxMutexesHeld )++;
4625:Middlewares/Third_Party/FreeRTOS/Source/tasks.c **** 		}
4626:Middlewares/Third_Party/FreeRTOS/Source/tasks.c **** 
4627:Middlewares/Third_Party/FreeRTOS/Source/tasks.c **** 		return pxCurrentTCB;
4628:Middlewares/Third_Party/FreeRTOS/Source/tasks.c **** 	}
4629:Middlewares/Third_Party/FreeRTOS/Source/tasks.c **** 
4630:Middlewares/Third_Party/FreeRTOS/Source/tasks.c **** #endif /* configUSE_MUTEXES */
4631:Middlewares/Third_Party/FreeRTOS/Source/tasks.c **** /*-----------------------------------------------------------*/
4632:Middlewares/Third_Party/FreeRTOS/Source/tasks.c **** 
4633:Middlewares/Third_Party/FreeRTOS/Source/tasks.c **** #if( configUSE_TASK_NOTIFICATIONS == 1 )
4634:Middlewares/Third_Party/FreeRTOS/Source/tasks.c **** 
4635:Middlewares/Third_Party/FreeRTOS/Source/tasks.c **** 	uint32_t ulTaskNotifyTake( BaseType_t xClearCountOnExit, TickType_t xTicksToWait )
4636:Middlewares/Third_Party/FreeRTOS/Source/tasks.c **** 	{
4637:Middlewares/Third_Party/FreeRTOS/Source/tasks.c **** 	uint32_t ulReturn;
4638:Middlewares/Third_Party/FreeRTOS/Source/tasks.c **** 
4639:Middlewares/Third_Party/FreeRTOS/Source/tasks.c **** 		taskENTER_CRITICAL();
4640:Middlewares/Third_Party/FreeRTOS/Source/tasks.c **** 		{
4641:Middlewares/Third_Party/FreeRTOS/Source/tasks.c **** 			/* Only block if the notification count is not already non-zero. */
ARM GAS  C:\Users\jason\AppData\Local\Temp\ccaXxPCU.s 			page 104


4642:Middlewares/Third_Party/FreeRTOS/Source/tasks.c **** 			if( pxCurrentTCB->ulNotifiedValue == 0UL )
4643:Middlewares/Third_Party/FreeRTOS/Source/tasks.c **** 			{
4644:Middlewares/Third_Party/FreeRTOS/Source/tasks.c **** 				/* Mark this task as waiting for a notification. */
4645:Middlewares/Third_Party/FreeRTOS/Source/tasks.c **** 				pxCurrentTCB->ucNotifyState = taskWAITING_NOTIFICATION;
4646:Middlewares/Third_Party/FreeRTOS/Source/tasks.c **** 
4647:Middlewares/Third_Party/FreeRTOS/Source/tasks.c **** 				if( xTicksToWait > ( TickType_t ) 0 )
4648:Middlewares/Third_Party/FreeRTOS/Source/tasks.c **** 				{
4649:Middlewares/Third_Party/FreeRTOS/Source/tasks.c **** 					prvAddCurrentTaskToDelayedList( xTicksToWait, pdTRUE );
4650:Middlewares/Third_Party/FreeRTOS/Source/tasks.c **** 					traceTASK_NOTIFY_TAKE_BLOCK();
4651:Middlewares/Third_Party/FreeRTOS/Source/tasks.c **** 
4652:Middlewares/Third_Party/FreeRTOS/Source/tasks.c **** 					/* All ports are written to allow a yield in a critical
4653:Middlewares/Third_Party/FreeRTOS/Source/tasks.c **** 					section (some will yield immediately, others wait until the
4654:Middlewares/Third_Party/FreeRTOS/Source/tasks.c **** 					critical section exits) - but it is not something that
4655:Middlewares/Third_Party/FreeRTOS/Source/tasks.c **** 					application code should ever do. */
4656:Middlewares/Third_Party/FreeRTOS/Source/tasks.c **** 					portYIELD_WITHIN_API();
4657:Middlewares/Third_Party/FreeRTOS/Source/tasks.c **** 				}
4658:Middlewares/Third_Party/FreeRTOS/Source/tasks.c **** 				else
4659:Middlewares/Third_Party/FreeRTOS/Source/tasks.c **** 				{
4660:Middlewares/Third_Party/FreeRTOS/Source/tasks.c **** 					mtCOVERAGE_TEST_MARKER();
4661:Middlewares/Third_Party/FreeRTOS/Source/tasks.c **** 				}
4662:Middlewares/Third_Party/FreeRTOS/Source/tasks.c **** 			}
4663:Middlewares/Third_Party/FreeRTOS/Source/tasks.c **** 			else
4664:Middlewares/Third_Party/FreeRTOS/Source/tasks.c **** 			{
4665:Middlewares/Third_Party/FreeRTOS/Source/tasks.c **** 				mtCOVERAGE_TEST_MARKER();
4666:Middlewares/Third_Party/FreeRTOS/Source/tasks.c **** 			}
4667:Middlewares/Third_Party/FreeRTOS/Source/tasks.c **** 		}
4668:Middlewares/Third_Party/FreeRTOS/Source/tasks.c **** 		taskEXIT_CRITICAL();
4669:Middlewares/Third_Party/FreeRTOS/Source/tasks.c **** 
4670:Middlewares/Third_Party/FreeRTOS/Source/tasks.c **** 		taskENTER_CRITICAL();
4671:Middlewares/Third_Party/FreeRTOS/Source/tasks.c **** 		{
4672:Middlewares/Third_Party/FreeRTOS/Source/tasks.c **** 			traceTASK_NOTIFY_TAKE();
4673:Middlewares/Third_Party/FreeRTOS/Source/tasks.c **** 			ulReturn = pxCurrentTCB->ulNotifiedValue;
4674:Middlewares/Third_Party/FreeRTOS/Source/tasks.c **** 
4675:Middlewares/Third_Party/FreeRTOS/Source/tasks.c **** 			if( ulReturn != 0UL )
4676:Middlewares/Third_Party/FreeRTOS/Source/tasks.c **** 			{
4677:Middlewares/Third_Party/FreeRTOS/Source/tasks.c **** 				if( xClearCountOnExit != pdFALSE )
4678:Middlewares/Third_Party/FreeRTOS/Source/tasks.c **** 				{
4679:Middlewares/Third_Party/FreeRTOS/Source/tasks.c **** 					pxCurrentTCB->ulNotifiedValue = 0UL;
4680:Middlewares/Third_Party/FreeRTOS/Source/tasks.c **** 				}
4681:Middlewares/Third_Party/FreeRTOS/Source/tasks.c **** 				else
4682:Middlewares/Third_Party/FreeRTOS/Source/tasks.c **** 				{
4683:Middlewares/Third_Party/FreeRTOS/Source/tasks.c **** 					pxCurrentTCB->ulNotifiedValue = ulReturn - ( uint32_t ) 1;
4684:Middlewares/Third_Party/FreeRTOS/Source/tasks.c **** 				}
4685:Middlewares/Third_Party/FreeRTOS/Source/tasks.c **** 			}
4686:Middlewares/Third_Party/FreeRTOS/Source/tasks.c **** 			else
4687:Middlewares/Third_Party/FreeRTOS/Source/tasks.c **** 			{
4688:Middlewares/Third_Party/FreeRTOS/Source/tasks.c **** 				mtCOVERAGE_TEST_MARKER();
4689:Middlewares/Third_Party/FreeRTOS/Source/tasks.c **** 			}
4690:Middlewares/Third_Party/FreeRTOS/Source/tasks.c **** 
4691:Middlewares/Third_Party/FreeRTOS/Source/tasks.c **** 			pxCurrentTCB->ucNotifyState = taskNOT_WAITING_NOTIFICATION;
4692:Middlewares/Third_Party/FreeRTOS/Source/tasks.c **** 		}
4693:Middlewares/Third_Party/FreeRTOS/Source/tasks.c **** 		taskEXIT_CRITICAL();
4694:Middlewares/Third_Party/FreeRTOS/Source/tasks.c **** 
4695:Middlewares/Third_Party/FreeRTOS/Source/tasks.c **** 		return ulReturn;
4696:Middlewares/Third_Party/FreeRTOS/Source/tasks.c **** 	}
4697:Middlewares/Third_Party/FreeRTOS/Source/tasks.c **** 
4698:Middlewares/Third_Party/FreeRTOS/Source/tasks.c **** #endif /* configUSE_TASK_NOTIFICATIONS */
ARM GAS  C:\Users\jason\AppData\Local\Temp\ccaXxPCU.s 			page 105


4699:Middlewares/Third_Party/FreeRTOS/Source/tasks.c **** /*-----------------------------------------------------------*/
4700:Middlewares/Third_Party/FreeRTOS/Source/tasks.c **** 
4701:Middlewares/Third_Party/FreeRTOS/Source/tasks.c **** #if( configUSE_TASK_NOTIFICATIONS == 1 )
4702:Middlewares/Third_Party/FreeRTOS/Source/tasks.c **** 
4703:Middlewares/Third_Party/FreeRTOS/Source/tasks.c **** 	BaseType_t xTaskNotifyWait( uint32_t ulBitsToClearOnEntry, uint32_t ulBitsToClearOnExit, uint32_t 
4704:Middlewares/Third_Party/FreeRTOS/Source/tasks.c **** 	{
4705:Middlewares/Third_Party/FreeRTOS/Source/tasks.c **** 	BaseType_t xReturn;
4706:Middlewares/Third_Party/FreeRTOS/Source/tasks.c **** 
4707:Middlewares/Third_Party/FreeRTOS/Source/tasks.c **** 		taskENTER_CRITICAL();
4708:Middlewares/Third_Party/FreeRTOS/Source/tasks.c **** 		{
4709:Middlewares/Third_Party/FreeRTOS/Source/tasks.c **** 			/* Only block if a notification is not already pending. */
4710:Middlewares/Third_Party/FreeRTOS/Source/tasks.c **** 			if( pxCurrentTCB->ucNotifyState != taskNOTIFICATION_RECEIVED )
4711:Middlewares/Third_Party/FreeRTOS/Source/tasks.c **** 			{
4712:Middlewares/Third_Party/FreeRTOS/Source/tasks.c **** 				/* Clear bits in the task's notification value as bits may get
4713:Middlewares/Third_Party/FreeRTOS/Source/tasks.c **** 				set	by the notifying task or interrupt.  This can be used to
4714:Middlewares/Third_Party/FreeRTOS/Source/tasks.c **** 				clear the value to zero. */
4715:Middlewares/Third_Party/FreeRTOS/Source/tasks.c **** 				pxCurrentTCB->ulNotifiedValue &= ~ulBitsToClearOnEntry;
4716:Middlewares/Third_Party/FreeRTOS/Source/tasks.c **** 
4717:Middlewares/Third_Party/FreeRTOS/Source/tasks.c **** 				/* Mark this task as waiting for a notification. */
4718:Middlewares/Third_Party/FreeRTOS/Source/tasks.c **** 				pxCurrentTCB->ucNotifyState = taskWAITING_NOTIFICATION;
4719:Middlewares/Third_Party/FreeRTOS/Source/tasks.c **** 
4720:Middlewares/Third_Party/FreeRTOS/Source/tasks.c **** 				if( xTicksToWait > ( TickType_t ) 0 )
4721:Middlewares/Third_Party/FreeRTOS/Source/tasks.c **** 				{
4722:Middlewares/Third_Party/FreeRTOS/Source/tasks.c **** 					prvAddCurrentTaskToDelayedList( xTicksToWait, pdTRUE );
4723:Middlewares/Third_Party/FreeRTOS/Source/tasks.c **** 					traceTASK_NOTIFY_WAIT_BLOCK();
4724:Middlewares/Third_Party/FreeRTOS/Source/tasks.c **** 
4725:Middlewares/Third_Party/FreeRTOS/Source/tasks.c **** 					/* All ports are written to allow a yield in a critical
4726:Middlewares/Third_Party/FreeRTOS/Source/tasks.c **** 					section (some will yield immediately, others wait until the
4727:Middlewares/Third_Party/FreeRTOS/Source/tasks.c **** 					critical section exits) - but it is not something that
4728:Middlewares/Third_Party/FreeRTOS/Source/tasks.c **** 					application code should ever do. */
4729:Middlewares/Third_Party/FreeRTOS/Source/tasks.c **** 					portYIELD_WITHIN_API();
4730:Middlewares/Third_Party/FreeRTOS/Source/tasks.c **** 				}
4731:Middlewares/Third_Party/FreeRTOS/Source/tasks.c **** 				else
4732:Middlewares/Third_Party/FreeRTOS/Source/tasks.c **** 				{
4733:Middlewares/Third_Party/FreeRTOS/Source/tasks.c **** 					mtCOVERAGE_TEST_MARKER();
4734:Middlewares/Third_Party/FreeRTOS/Source/tasks.c **** 				}
4735:Middlewares/Third_Party/FreeRTOS/Source/tasks.c **** 			}
4736:Middlewares/Third_Party/FreeRTOS/Source/tasks.c **** 			else
4737:Middlewares/Third_Party/FreeRTOS/Source/tasks.c **** 			{
4738:Middlewares/Third_Party/FreeRTOS/Source/tasks.c **** 				mtCOVERAGE_TEST_MARKER();
4739:Middlewares/Third_Party/FreeRTOS/Source/tasks.c **** 			}
4740:Middlewares/Third_Party/FreeRTOS/Source/tasks.c **** 		}
4741:Middlewares/Third_Party/FreeRTOS/Source/tasks.c **** 		taskEXIT_CRITICAL();
4742:Middlewares/Third_Party/FreeRTOS/Source/tasks.c **** 
4743:Middlewares/Third_Party/FreeRTOS/Source/tasks.c **** 		taskENTER_CRITICAL();
4744:Middlewares/Third_Party/FreeRTOS/Source/tasks.c **** 		{
4745:Middlewares/Third_Party/FreeRTOS/Source/tasks.c **** 			traceTASK_NOTIFY_WAIT();
4746:Middlewares/Third_Party/FreeRTOS/Source/tasks.c **** 
4747:Middlewares/Third_Party/FreeRTOS/Source/tasks.c **** 			if( pulNotificationValue != NULL )
4748:Middlewares/Third_Party/FreeRTOS/Source/tasks.c **** 			{
4749:Middlewares/Third_Party/FreeRTOS/Source/tasks.c **** 				/* Output the current notification value, which may or may not
4750:Middlewares/Third_Party/FreeRTOS/Source/tasks.c **** 				have changed. */
4751:Middlewares/Third_Party/FreeRTOS/Source/tasks.c **** 				*pulNotificationValue = pxCurrentTCB->ulNotifiedValue;
4752:Middlewares/Third_Party/FreeRTOS/Source/tasks.c **** 			}
4753:Middlewares/Third_Party/FreeRTOS/Source/tasks.c **** 
4754:Middlewares/Third_Party/FreeRTOS/Source/tasks.c **** 			/* If ucNotifyValue is set then either the task never entered the
4755:Middlewares/Third_Party/FreeRTOS/Source/tasks.c **** 			blocked state (because a notification was already pending) or the
ARM GAS  C:\Users\jason\AppData\Local\Temp\ccaXxPCU.s 			page 106


4756:Middlewares/Third_Party/FreeRTOS/Source/tasks.c **** 			task unblocked because of a notification.  Otherwise the task
4757:Middlewares/Third_Party/FreeRTOS/Source/tasks.c **** 			unblocked because of a timeout. */
4758:Middlewares/Third_Party/FreeRTOS/Source/tasks.c **** 			if( pxCurrentTCB->ucNotifyState != taskNOTIFICATION_RECEIVED )
4759:Middlewares/Third_Party/FreeRTOS/Source/tasks.c **** 			{
4760:Middlewares/Third_Party/FreeRTOS/Source/tasks.c **** 				/* A notification was not received. */
4761:Middlewares/Third_Party/FreeRTOS/Source/tasks.c **** 				xReturn = pdFALSE;
4762:Middlewares/Third_Party/FreeRTOS/Source/tasks.c **** 			}
4763:Middlewares/Third_Party/FreeRTOS/Source/tasks.c **** 			else
4764:Middlewares/Third_Party/FreeRTOS/Source/tasks.c **** 			{
4765:Middlewares/Third_Party/FreeRTOS/Source/tasks.c **** 				/* A notification was already pending or a notification was
4766:Middlewares/Third_Party/FreeRTOS/Source/tasks.c **** 				received while the task was waiting. */
4767:Middlewares/Third_Party/FreeRTOS/Source/tasks.c **** 				pxCurrentTCB->ulNotifiedValue &= ~ulBitsToClearOnExit;
4768:Middlewares/Third_Party/FreeRTOS/Source/tasks.c **** 				xReturn = pdTRUE;
4769:Middlewares/Third_Party/FreeRTOS/Source/tasks.c **** 			}
4770:Middlewares/Third_Party/FreeRTOS/Source/tasks.c **** 
4771:Middlewares/Third_Party/FreeRTOS/Source/tasks.c **** 			pxCurrentTCB->ucNotifyState = taskNOT_WAITING_NOTIFICATION;
4772:Middlewares/Third_Party/FreeRTOS/Source/tasks.c **** 		}
4773:Middlewares/Third_Party/FreeRTOS/Source/tasks.c **** 		taskEXIT_CRITICAL();
4774:Middlewares/Third_Party/FreeRTOS/Source/tasks.c **** 
4775:Middlewares/Third_Party/FreeRTOS/Source/tasks.c **** 		return xReturn;
4776:Middlewares/Third_Party/FreeRTOS/Source/tasks.c **** 	}
4777:Middlewares/Third_Party/FreeRTOS/Source/tasks.c **** 
4778:Middlewares/Third_Party/FreeRTOS/Source/tasks.c **** #endif /* configUSE_TASK_NOTIFICATIONS */
4779:Middlewares/Third_Party/FreeRTOS/Source/tasks.c **** /*-----------------------------------------------------------*/
4780:Middlewares/Third_Party/FreeRTOS/Source/tasks.c **** 
4781:Middlewares/Third_Party/FreeRTOS/Source/tasks.c **** #if( configUSE_TASK_NOTIFICATIONS == 1 )
4782:Middlewares/Third_Party/FreeRTOS/Source/tasks.c **** 
4783:Middlewares/Third_Party/FreeRTOS/Source/tasks.c **** 	BaseType_t xTaskGenericNotify( TaskHandle_t xTaskToNotify, uint32_t ulValue, eNotifyAction eAction
4784:Middlewares/Third_Party/FreeRTOS/Source/tasks.c **** 	{
4785:Middlewares/Third_Party/FreeRTOS/Source/tasks.c **** 	TCB_t * pxTCB;
4786:Middlewares/Third_Party/FreeRTOS/Source/tasks.c **** 	BaseType_t xReturn = pdPASS;
4787:Middlewares/Third_Party/FreeRTOS/Source/tasks.c **** 	uint8_t ucOriginalNotifyState;
4788:Middlewares/Third_Party/FreeRTOS/Source/tasks.c **** 
4789:Middlewares/Third_Party/FreeRTOS/Source/tasks.c **** 		configASSERT( xTaskToNotify );
4790:Middlewares/Third_Party/FreeRTOS/Source/tasks.c **** 		pxTCB = xTaskToNotify;
4791:Middlewares/Third_Party/FreeRTOS/Source/tasks.c **** 
4792:Middlewares/Third_Party/FreeRTOS/Source/tasks.c **** 		taskENTER_CRITICAL();
4793:Middlewares/Third_Party/FreeRTOS/Source/tasks.c **** 		{
4794:Middlewares/Third_Party/FreeRTOS/Source/tasks.c **** 			if( pulPreviousNotificationValue != NULL )
4795:Middlewares/Third_Party/FreeRTOS/Source/tasks.c **** 			{
4796:Middlewares/Third_Party/FreeRTOS/Source/tasks.c **** 				*pulPreviousNotificationValue = pxTCB->ulNotifiedValue;
4797:Middlewares/Third_Party/FreeRTOS/Source/tasks.c **** 			}
4798:Middlewares/Third_Party/FreeRTOS/Source/tasks.c **** 
4799:Middlewares/Third_Party/FreeRTOS/Source/tasks.c **** 			ucOriginalNotifyState = pxTCB->ucNotifyState;
4800:Middlewares/Third_Party/FreeRTOS/Source/tasks.c **** 
4801:Middlewares/Third_Party/FreeRTOS/Source/tasks.c **** 			pxTCB->ucNotifyState = taskNOTIFICATION_RECEIVED;
4802:Middlewares/Third_Party/FreeRTOS/Source/tasks.c **** 
4803:Middlewares/Third_Party/FreeRTOS/Source/tasks.c **** 			switch( eAction )
4804:Middlewares/Third_Party/FreeRTOS/Source/tasks.c **** 			{
4805:Middlewares/Third_Party/FreeRTOS/Source/tasks.c **** 				case eSetBits	:
4806:Middlewares/Third_Party/FreeRTOS/Source/tasks.c **** 					pxTCB->ulNotifiedValue |= ulValue;
4807:Middlewares/Third_Party/FreeRTOS/Source/tasks.c **** 					break;
4808:Middlewares/Third_Party/FreeRTOS/Source/tasks.c **** 
4809:Middlewares/Third_Party/FreeRTOS/Source/tasks.c **** 				case eIncrement	:
4810:Middlewares/Third_Party/FreeRTOS/Source/tasks.c **** 					( pxTCB->ulNotifiedValue )++;
4811:Middlewares/Third_Party/FreeRTOS/Source/tasks.c **** 					break;
4812:Middlewares/Third_Party/FreeRTOS/Source/tasks.c **** 
ARM GAS  C:\Users\jason\AppData\Local\Temp\ccaXxPCU.s 			page 107


4813:Middlewares/Third_Party/FreeRTOS/Source/tasks.c **** 				case eSetValueWithOverwrite	:
4814:Middlewares/Third_Party/FreeRTOS/Source/tasks.c **** 					pxTCB->ulNotifiedValue = ulValue;
4815:Middlewares/Third_Party/FreeRTOS/Source/tasks.c **** 					break;
4816:Middlewares/Third_Party/FreeRTOS/Source/tasks.c **** 
4817:Middlewares/Third_Party/FreeRTOS/Source/tasks.c **** 				case eSetValueWithoutOverwrite :
4818:Middlewares/Third_Party/FreeRTOS/Source/tasks.c **** 					if( ucOriginalNotifyState != taskNOTIFICATION_RECEIVED )
4819:Middlewares/Third_Party/FreeRTOS/Source/tasks.c **** 					{
4820:Middlewares/Third_Party/FreeRTOS/Source/tasks.c **** 						pxTCB->ulNotifiedValue = ulValue;
4821:Middlewares/Third_Party/FreeRTOS/Source/tasks.c **** 					}
4822:Middlewares/Third_Party/FreeRTOS/Source/tasks.c **** 					else
4823:Middlewares/Third_Party/FreeRTOS/Source/tasks.c **** 					{
4824:Middlewares/Third_Party/FreeRTOS/Source/tasks.c **** 						/* The value could not be written to the task. */
4825:Middlewares/Third_Party/FreeRTOS/Source/tasks.c **** 						xReturn = pdFAIL;
4826:Middlewares/Third_Party/FreeRTOS/Source/tasks.c **** 					}
4827:Middlewares/Third_Party/FreeRTOS/Source/tasks.c **** 					break;
4828:Middlewares/Third_Party/FreeRTOS/Source/tasks.c **** 
4829:Middlewares/Third_Party/FreeRTOS/Source/tasks.c **** 				case eNoAction:
4830:Middlewares/Third_Party/FreeRTOS/Source/tasks.c **** 					/* The task is being notified without its notify value being
4831:Middlewares/Third_Party/FreeRTOS/Source/tasks.c **** 					updated. */
4832:Middlewares/Third_Party/FreeRTOS/Source/tasks.c **** 					break;
4833:Middlewares/Third_Party/FreeRTOS/Source/tasks.c **** 
4834:Middlewares/Third_Party/FreeRTOS/Source/tasks.c **** 				default:
4835:Middlewares/Third_Party/FreeRTOS/Source/tasks.c **** 					/* Should not get here if all enums are handled.
4836:Middlewares/Third_Party/FreeRTOS/Source/tasks.c **** 					Artificially force an assert by testing a value the
4837:Middlewares/Third_Party/FreeRTOS/Source/tasks.c **** 					compiler can't assume is const. */
4838:Middlewares/Third_Party/FreeRTOS/Source/tasks.c **** 					configASSERT( pxTCB->ulNotifiedValue == ~0UL );
4839:Middlewares/Third_Party/FreeRTOS/Source/tasks.c **** 
4840:Middlewares/Third_Party/FreeRTOS/Source/tasks.c **** 					break;
4841:Middlewares/Third_Party/FreeRTOS/Source/tasks.c **** 			}
4842:Middlewares/Third_Party/FreeRTOS/Source/tasks.c **** 
4843:Middlewares/Third_Party/FreeRTOS/Source/tasks.c **** 			traceTASK_NOTIFY();
4844:Middlewares/Third_Party/FreeRTOS/Source/tasks.c **** 
4845:Middlewares/Third_Party/FreeRTOS/Source/tasks.c **** 			/* If the task is in the blocked state specifically to wait for a
4846:Middlewares/Third_Party/FreeRTOS/Source/tasks.c **** 			notification then unblock it now. */
4847:Middlewares/Third_Party/FreeRTOS/Source/tasks.c **** 			if( ucOriginalNotifyState == taskWAITING_NOTIFICATION )
4848:Middlewares/Third_Party/FreeRTOS/Source/tasks.c **** 			{
4849:Middlewares/Third_Party/FreeRTOS/Source/tasks.c **** 				( void ) uxListRemove( &( pxTCB->xStateListItem ) );
4850:Middlewares/Third_Party/FreeRTOS/Source/tasks.c **** 				prvAddTaskToReadyList( pxTCB );
4851:Middlewares/Third_Party/FreeRTOS/Source/tasks.c **** 
4852:Middlewares/Third_Party/FreeRTOS/Source/tasks.c **** 				/* The task should not have been on an event list. */
4853:Middlewares/Third_Party/FreeRTOS/Source/tasks.c **** 				configASSERT( listLIST_ITEM_CONTAINER( &( pxTCB->xEventListItem ) ) == NULL );
4854:Middlewares/Third_Party/FreeRTOS/Source/tasks.c **** 
4855:Middlewares/Third_Party/FreeRTOS/Source/tasks.c **** 				#if( configUSE_TICKLESS_IDLE != 0 )
4856:Middlewares/Third_Party/FreeRTOS/Source/tasks.c **** 				{
4857:Middlewares/Third_Party/FreeRTOS/Source/tasks.c **** 					/* If a task is blocked waiting for a notification then
4858:Middlewares/Third_Party/FreeRTOS/Source/tasks.c **** 					xNextTaskUnblockTime might be set to the blocked task's time
4859:Middlewares/Third_Party/FreeRTOS/Source/tasks.c **** 					out time.  If the task is unblocked for a reason other than
4860:Middlewares/Third_Party/FreeRTOS/Source/tasks.c **** 					a timeout xNextTaskUnblockTime is normally left unchanged,
4861:Middlewares/Third_Party/FreeRTOS/Source/tasks.c **** 					because it will automatically get reset to a new value when
4862:Middlewares/Third_Party/FreeRTOS/Source/tasks.c **** 					the tick count equals xNextTaskUnblockTime.  However if
4863:Middlewares/Third_Party/FreeRTOS/Source/tasks.c **** 					tickless idling is used it might be more important to enter
4864:Middlewares/Third_Party/FreeRTOS/Source/tasks.c **** 					sleep mode at the earliest possible time - so reset
4865:Middlewares/Third_Party/FreeRTOS/Source/tasks.c **** 					xNextTaskUnblockTime here to ensure it is updated at the
4866:Middlewares/Third_Party/FreeRTOS/Source/tasks.c **** 					earliest possible time. */
4867:Middlewares/Third_Party/FreeRTOS/Source/tasks.c **** 					prvResetNextTaskUnblockTime();
4868:Middlewares/Third_Party/FreeRTOS/Source/tasks.c **** 				}
4869:Middlewares/Third_Party/FreeRTOS/Source/tasks.c **** 				#endif
ARM GAS  C:\Users\jason\AppData\Local\Temp\ccaXxPCU.s 			page 108


4870:Middlewares/Third_Party/FreeRTOS/Source/tasks.c **** 
4871:Middlewares/Third_Party/FreeRTOS/Source/tasks.c **** 				if( pxTCB->uxPriority > pxCurrentTCB->uxPriority )
4872:Middlewares/Third_Party/FreeRTOS/Source/tasks.c **** 				{
4873:Middlewares/Third_Party/FreeRTOS/Source/tasks.c **** 					/* The notified task has a priority above the currently
4874:Middlewares/Third_Party/FreeRTOS/Source/tasks.c **** 					executing task so a yield is required. */
4875:Middlewares/Third_Party/FreeRTOS/Source/tasks.c **** 					taskYIELD_IF_USING_PREEMPTION();
4876:Middlewares/Third_Party/FreeRTOS/Source/tasks.c **** 				}
4877:Middlewares/Third_Party/FreeRTOS/Source/tasks.c **** 				else
4878:Middlewares/Third_Party/FreeRTOS/Source/tasks.c **** 				{
4879:Middlewares/Third_Party/FreeRTOS/Source/tasks.c **** 					mtCOVERAGE_TEST_MARKER();
4880:Middlewares/Third_Party/FreeRTOS/Source/tasks.c **** 				}
4881:Middlewares/Third_Party/FreeRTOS/Source/tasks.c **** 			}
4882:Middlewares/Third_Party/FreeRTOS/Source/tasks.c **** 			else
4883:Middlewares/Third_Party/FreeRTOS/Source/tasks.c **** 			{
4884:Middlewares/Third_Party/FreeRTOS/Source/tasks.c **** 				mtCOVERAGE_TEST_MARKER();
4885:Middlewares/Third_Party/FreeRTOS/Source/tasks.c **** 			}
4886:Middlewares/Third_Party/FreeRTOS/Source/tasks.c **** 		}
4887:Middlewares/Third_Party/FreeRTOS/Source/tasks.c **** 		taskEXIT_CRITICAL();
4888:Middlewares/Third_Party/FreeRTOS/Source/tasks.c **** 
4889:Middlewares/Third_Party/FreeRTOS/Source/tasks.c **** 		return xReturn;
4890:Middlewares/Third_Party/FreeRTOS/Source/tasks.c **** 	}
4891:Middlewares/Third_Party/FreeRTOS/Source/tasks.c **** 
4892:Middlewares/Third_Party/FreeRTOS/Source/tasks.c **** #endif /* configUSE_TASK_NOTIFICATIONS */
4893:Middlewares/Third_Party/FreeRTOS/Source/tasks.c **** /*-----------------------------------------------------------*/
4894:Middlewares/Third_Party/FreeRTOS/Source/tasks.c **** 
4895:Middlewares/Third_Party/FreeRTOS/Source/tasks.c **** #if( configUSE_TASK_NOTIFICATIONS == 1 )
4896:Middlewares/Third_Party/FreeRTOS/Source/tasks.c **** 
4897:Middlewares/Third_Party/FreeRTOS/Source/tasks.c **** 	BaseType_t xTaskGenericNotifyFromISR( TaskHandle_t xTaskToNotify, uint32_t ulValue, eNotifyAction 
4898:Middlewares/Third_Party/FreeRTOS/Source/tasks.c **** 	{
4899:Middlewares/Third_Party/FreeRTOS/Source/tasks.c **** 	TCB_t * pxTCB;
4900:Middlewares/Third_Party/FreeRTOS/Source/tasks.c **** 	uint8_t ucOriginalNotifyState;
4901:Middlewares/Third_Party/FreeRTOS/Source/tasks.c **** 	BaseType_t xReturn = pdPASS;
4902:Middlewares/Third_Party/FreeRTOS/Source/tasks.c **** 	UBaseType_t uxSavedInterruptStatus;
4903:Middlewares/Third_Party/FreeRTOS/Source/tasks.c **** 
4904:Middlewares/Third_Party/FreeRTOS/Source/tasks.c **** 		configASSERT( xTaskToNotify );
4905:Middlewares/Third_Party/FreeRTOS/Source/tasks.c **** 
4906:Middlewares/Third_Party/FreeRTOS/Source/tasks.c **** 		/* RTOS ports that support interrupt nesting have the concept of a
4907:Middlewares/Third_Party/FreeRTOS/Source/tasks.c **** 		maximum	system call (or maximum API call) interrupt priority.
4908:Middlewares/Third_Party/FreeRTOS/Source/tasks.c **** 		Interrupts that are	above the maximum system call priority are keep
4909:Middlewares/Third_Party/FreeRTOS/Source/tasks.c **** 		permanently enabled, even when the RTOS kernel is in a critical section,
4910:Middlewares/Third_Party/FreeRTOS/Source/tasks.c **** 		but cannot make any calls to FreeRTOS API functions.  If configASSERT()
4911:Middlewares/Third_Party/FreeRTOS/Source/tasks.c **** 		is defined in FreeRTOSConfig.h then
4912:Middlewares/Third_Party/FreeRTOS/Source/tasks.c **** 		portASSERT_IF_INTERRUPT_PRIORITY_INVALID() will result in an assertion
4913:Middlewares/Third_Party/FreeRTOS/Source/tasks.c **** 		failure if a FreeRTOS API function is called from an interrupt that has
4914:Middlewares/Third_Party/FreeRTOS/Source/tasks.c **** 		been assigned a priority above the configured maximum system call
4915:Middlewares/Third_Party/FreeRTOS/Source/tasks.c **** 		priority.  Only FreeRTOS functions that end in FromISR can be called
4916:Middlewares/Third_Party/FreeRTOS/Source/tasks.c **** 		from interrupts	that have been assigned a priority at or (logically)
4917:Middlewares/Third_Party/FreeRTOS/Source/tasks.c **** 		below the maximum system call interrupt priority.  FreeRTOS maintains a
4918:Middlewares/Third_Party/FreeRTOS/Source/tasks.c **** 		separate interrupt safe API to ensure interrupt entry is as fast and as
4919:Middlewares/Third_Party/FreeRTOS/Source/tasks.c **** 		simple as possible.  More information (albeit Cortex-M specific) is
4920:Middlewares/Third_Party/FreeRTOS/Source/tasks.c **** 		provided on the following link:
4921:Middlewares/Third_Party/FreeRTOS/Source/tasks.c **** 		http://www.freertos.org/RTOS-Cortex-M3-M4.html */
4922:Middlewares/Third_Party/FreeRTOS/Source/tasks.c **** 		portASSERT_IF_INTERRUPT_PRIORITY_INVALID();
4923:Middlewares/Third_Party/FreeRTOS/Source/tasks.c **** 
4924:Middlewares/Third_Party/FreeRTOS/Source/tasks.c **** 		pxTCB = xTaskToNotify;
4925:Middlewares/Third_Party/FreeRTOS/Source/tasks.c **** 
4926:Middlewares/Third_Party/FreeRTOS/Source/tasks.c **** 		uxSavedInterruptStatus = portSET_INTERRUPT_MASK_FROM_ISR();
ARM GAS  C:\Users\jason\AppData\Local\Temp\ccaXxPCU.s 			page 109


4927:Middlewares/Third_Party/FreeRTOS/Source/tasks.c **** 		{
4928:Middlewares/Third_Party/FreeRTOS/Source/tasks.c **** 			if( pulPreviousNotificationValue != NULL )
4929:Middlewares/Third_Party/FreeRTOS/Source/tasks.c **** 			{
4930:Middlewares/Third_Party/FreeRTOS/Source/tasks.c **** 				*pulPreviousNotificationValue = pxTCB->ulNotifiedValue;
4931:Middlewares/Third_Party/FreeRTOS/Source/tasks.c **** 			}
4932:Middlewares/Third_Party/FreeRTOS/Source/tasks.c **** 
4933:Middlewares/Third_Party/FreeRTOS/Source/tasks.c **** 			ucOriginalNotifyState = pxTCB->ucNotifyState;
4934:Middlewares/Third_Party/FreeRTOS/Source/tasks.c **** 			pxTCB->ucNotifyState = taskNOTIFICATION_RECEIVED;
4935:Middlewares/Third_Party/FreeRTOS/Source/tasks.c **** 
4936:Middlewares/Third_Party/FreeRTOS/Source/tasks.c **** 			switch( eAction )
4937:Middlewares/Third_Party/FreeRTOS/Source/tasks.c **** 			{
4938:Middlewares/Third_Party/FreeRTOS/Source/tasks.c **** 				case eSetBits	:
4939:Middlewares/Third_Party/FreeRTOS/Source/tasks.c **** 					pxTCB->ulNotifiedValue |= ulValue;
4940:Middlewares/Third_Party/FreeRTOS/Source/tasks.c **** 					break;
4941:Middlewares/Third_Party/FreeRTOS/Source/tasks.c **** 
4942:Middlewares/Third_Party/FreeRTOS/Source/tasks.c **** 				case eIncrement	:
4943:Middlewares/Third_Party/FreeRTOS/Source/tasks.c **** 					( pxTCB->ulNotifiedValue )++;
4944:Middlewares/Third_Party/FreeRTOS/Source/tasks.c **** 					break;
4945:Middlewares/Third_Party/FreeRTOS/Source/tasks.c **** 
4946:Middlewares/Third_Party/FreeRTOS/Source/tasks.c **** 				case eSetValueWithOverwrite	:
4947:Middlewares/Third_Party/FreeRTOS/Source/tasks.c **** 					pxTCB->ulNotifiedValue = ulValue;
4948:Middlewares/Third_Party/FreeRTOS/Source/tasks.c **** 					break;
4949:Middlewares/Third_Party/FreeRTOS/Source/tasks.c **** 
4950:Middlewares/Third_Party/FreeRTOS/Source/tasks.c **** 				case eSetValueWithoutOverwrite :
4951:Middlewares/Third_Party/FreeRTOS/Source/tasks.c **** 					if( ucOriginalNotifyState != taskNOTIFICATION_RECEIVED )
4952:Middlewares/Third_Party/FreeRTOS/Source/tasks.c **** 					{
4953:Middlewares/Third_Party/FreeRTOS/Source/tasks.c **** 						pxTCB->ulNotifiedValue = ulValue;
4954:Middlewares/Third_Party/FreeRTOS/Source/tasks.c **** 					}
4955:Middlewares/Third_Party/FreeRTOS/Source/tasks.c **** 					else
4956:Middlewares/Third_Party/FreeRTOS/Source/tasks.c **** 					{
4957:Middlewares/Third_Party/FreeRTOS/Source/tasks.c **** 						/* The value could not be written to the task. */
4958:Middlewares/Third_Party/FreeRTOS/Source/tasks.c **** 						xReturn = pdFAIL;
4959:Middlewares/Third_Party/FreeRTOS/Source/tasks.c **** 					}
4960:Middlewares/Third_Party/FreeRTOS/Source/tasks.c **** 					break;
4961:Middlewares/Third_Party/FreeRTOS/Source/tasks.c **** 
4962:Middlewares/Third_Party/FreeRTOS/Source/tasks.c **** 				case eNoAction :
4963:Middlewares/Third_Party/FreeRTOS/Source/tasks.c **** 					/* The task is being notified without its notify value being
4964:Middlewares/Third_Party/FreeRTOS/Source/tasks.c **** 					updated. */
4965:Middlewares/Third_Party/FreeRTOS/Source/tasks.c **** 					break;
4966:Middlewares/Third_Party/FreeRTOS/Source/tasks.c **** 
4967:Middlewares/Third_Party/FreeRTOS/Source/tasks.c **** 				default:
4968:Middlewares/Third_Party/FreeRTOS/Source/tasks.c **** 					/* Should not get here if all enums are handled.
4969:Middlewares/Third_Party/FreeRTOS/Source/tasks.c **** 					Artificially force an assert by testing a value the
4970:Middlewares/Third_Party/FreeRTOS/Source/tasks.c **** 					compiler can't assume is const. */
4971:Middlewares/Third_Party/FreeRTOS/Source/tasks.c **** 					configASSERT( pxTCB->ulNotifiedValue == ~0UL );
4972:Middlewares/Third_Party/FreeRTOS/Source/tasks.c **** 					break;
4973:Middlewares/Third_Party/FreeRTOS/Source/tasks.c **** 			}
4974:Middlewares/Third_Party/FreeRTOS/Source/tasks.c **** 
4975:Middlewares/Third_Party/FreeRTOS/Source/tasks.c **** 			traceTASK_NOTIFY_FROM_ISR();
4976:Middlewares/Third_Party/FreeRTOS/Source/tasks.c **** 
4977:Middlewares/Third_Party/FreeRTOS/Source/tasks.c **** 			/* If the task is in the blocked state specifically to wait for a
4978:Middlewares/Third_Party/FreeRTOS/Source/tasks.c **** 			notification then unblock it now. */
4979:Middlewares/Third_Party/FreeRTOS/Source/tasks.c **** 			if( ucOriginalNotifyState == taskWAITING_NOTIFICATION )
4980:Middlewares/Third_Party/FreeRTOS/Source/tasks.c **** 			{
4981:Middlewares/Third_Party/FreeRTOS/Source/tasks.c **** 				/* The task should not have been on an event list. */
4982:Middlewares/Third_Party/FreeRTOS/Source/tasks.c **** 				configASSERT( listLIST_ITEM_CONTAINER( &( pxTCB->xEventListItem ) ) == NULL );
4983:Middlewares/Third_Party/FreeRTOS/Source/tasks.c **** 
ARM GAS  C:\Users\jason\AppData\Local\Temp\ccaXxPCU.s 			page 110


4984:Middlewares/Third_Party/FreeRTOS/Source/tasks.c **** 				if( uxSchedulerSuspended == ( UBaseType_t ) pdFALSE )
4985:Middlewares/Third_Party/FreeRTOS/Source/tasks.c **** 				{
4986:Middlewares/Third_Party/FreeRTOS/Source/tasks.c **** 					( void ) uxListRemove( &( pxTCB->xStateListItem ) );
4987:Middlewares/Third_Party/FreeRTOS/Source/tasks.c **** 					prvAddTaskToReadyList( pxTCB );
4988:Middlewares/Third_Party/FreeRTOS/Source/tasks.c **** 				}
4989:Middlewares/Third_Party/FreeRTOS/Source/tasks.c **** 				else
4990:Middlewares/Third_Party/FreeRTOS/Source/tasks.c **** 				{
4991:Middlewares/Third_Party/FreeRTOS/Source/tasks.c **** 					/* The delayed and ready lists cannot be accessed, so hold
4992:Middlewares/Third_Party/FreeRTOS/Source/tasks.c **** 					this task pending until the scheduler is resumed. */
4993:Middlewares/Third_Party/FreeRTOS/Source/tasks.c **** 					vListInsertEnd( &( xPendingReadyList ), &( pxTCB->xEventListItem ) );
4994:Middlewares/Third_Party/FreeRTOS/Source/tasks.c **** 				}
4995:Middlewares/Third_Party/FreeRTOS/Source/tasks.c **** 
4996:Middlewares/Third_Party/FreeRTOS/Source/tasks.c **** 				if( pxTCB->uxPriority > pxCurrentTCB->uxPriority )
4997:Middlewares/Third_Party/FreeRTOS/Source/tasks.c **** 				{
4998:Middlewares/Third_Party/FreeRTOS/Source/tasks.c **** 					/* The notified task has a priority above the currently
4999:Middlewares/Third_Party/FreeRTOS/Source/tasks.c **** 					executing task so a yield is required. */
5000:Middlewares/Third_Party/FreeRTOS/Source/tasks.c **** 					if( pxHigherPriorityTaskWoken != NULL )
5001:Middlewares/Third_Party/FreeRTOS/Source/tasks.c **** 					{
5002:Middlewares/Third_Party/FreeRTOS/Source/tasks.c **** 						*pxHigherPriorityTaskWoken = pdTRUE;
5003:Middlewares/Third_Party/FreeRTOS/Source/tasks.c **** 					}
5004:Middlewares/Third_Party/FreeRTOS/Source/tasks.c **** 
5005:Middlewares/Third_Party/FreeRTOS/Source/tasks.c **** 					/* Mark that a yield is pending in case the user is not
5006:Middlewares/Third_Party/FreeRTOS/Source/tasks.c **** 					using the "xHigherPriorityTaskWoken" parameter to an ISR
5007:Middlewares/Third_Party/FreeRTOS/Source/tasks.c **** 					safe FreeRTOS function. */
5008:Middlewares/Third_Party/FreeRTOS/Source/tasks.c **** 					xYieldPending = pdTRUE;
5009:Middlewares/Third_Party/FreeRTOS/Source/tasks.c **** 				}
5010:Middlewares/Third_Party/FreeRTOS/Source/tasks.c **** 				else
5011:Middlewares/Third_Party/FreeRTOS/Source/tasks.c **** 				{
5012:Middlewares/Third_Party/FreeRTOS/Source/tasks.c **** 					mtCOVERAGE_TEST_MARKER();
5013:Middlewares/Third_Party/FreeRTOS/Source/tasks.c **** 				}
5014:Middlewares/Third_Party/FreeRTOS/Source/tasks.c **** 			}
5015:Middlewares/Third_Party/FreeRTOS/Source/tasks.c **** 		}
5016:Middlewares/Third_Party/FreeRTOS/Source/tasks.c **** 		portCLEAR_INTERRUPT_MASK_FROM_ISR( uxSavedInterruptStatus );
5017:Middlewares/Third_Party/FreeRTOS/Source/tasks.c **** 
5018:Middlewares/Third_Party/FreeRTOS/Source/tasks.c **** 		return xReturn;
5019:Middlewares/Third_Party/FreeRTOS/Source/tasks.c **** 	}
5020:Middlewares/Third_Party/FreeRTOS/Source/tasks.c **** 
5021:Middlewares/Third_Party/FreeRTOS/Source/tasks.c **** #endif /* configUSE_TASK_NOTIFICATIONS */
5022:Middlewares/Third_Party/FreeRTOS/Source/tasks.c **** /*-----------------------------------------------------------*/
5023:Middlewares/Third_Party/FreeRTOS/Source/tasks.c **** 
5024:Middlewares/Third_Party/FreeRTOS/Source/tasks.c **** #if( configUSE_TASK_NOTIFICATIONS == 1 )
5025:Middlewares/Third_Party/FreeRTOS/Source/tasks.c **** 
5026:Middlewares/Third_Party/FreeRTOS/Source/tasks.c **** 	void vTaskNotifyGiveFromISR( TaskHandle_t xTaskToNotify, BaseType_t *pxHigherPriorityTaskWoken )
5027:Middlewares/Third_Party/FreeRTOS/Source/tasks.c **** 	{
5028:Middlewares/Third_Party/FreeRTOS/Source/tasks.c **** 	TCB_t * pxTCB;
5029:Middlewares/Third_Party/FreeRTOS/Source/tasks.c **** 	uint8_t ucOriginalNotifyState;
5030:Middlewares/Third_Party/FreeRTOS/Source/tasks.c **** 	UBaseType_t uxSavedInterruptStatus;
5031:Middlewares/Third_Party/FreeRTOS/Source/tasks.c **** 
5032:Middlewares/Third_Party/FreeRTOS/Source/tasks.c **** 		configASSERT( xTaskToNotify );
5033:Middlewares/Third_Party/FreeRTOS/Source/tasks.c **** 
5034:Middlewares/Third_Party/FreeRTOS/Source/tasks.c **** 		/* RTOS ports that support interrupt nesting have the concept of a
5035:Middlewares/Third_Party/FreeRTOS/Source/tasks.c **** 		maximum	system call (or maximum API call) interrupt priority.
5036:Middlewares/Third_Party/FreeRTOS/Source/tasks.c **** 		Interrupts that are	above the maximum system call priority are keep
5037:Middlewares/Third_Party/FreeRTOS/Source/tasks.c **** 		permanently enabled, even when the RTOS kernel is in a critical section,
5038:Middlewares/Third_Party/FreeRTOS/Source/tasks.c **** 		but cannot make any calls to FreeRTOS API functions.  If configASSERT()
5039:Middlewares/Third_Party/FreeRTOS/Source/tasks.c **** 		is defined in FreeRTOSConfig.h then
5040:Middlewares/Third_Party/FreeRTOS/Source/tasks.c **** 		portASSERT_IF_INTERRUPT_PRIORITY_INVALID() will result in an assertion
ARM GAS  C:\Users\jason\AppData\Local\Temp\ccaXxPCU.s 			page 111


5041:Middlewares/Third_Party/FreeRTOS/Source/tasks.c **** 		failure if a FreeRTOS API function is called from an interrupt that has
5042:Middlewares/Third_Party/FreeRTOS/Source/tasks.c **** 		been assigned a priority above the configured maximum system call
5043:Middlewares/Third_Party/FreeRTOS/Source/tasks.c **** 		priority.  Only FreeRTOS functions that end in FromISR can be called
5044:Middlewares/Third_Party/FreeRTOS/Source/tasks.c **** 		from interrupts	that have been assigned a priority at or (logically)
5045:Middlewares/Third_Party/FreeRTOS/Source/tasks.c **** 		below the maximum system call interrupt priority.  FreeRTOS maintains a
5046:Middlewares/Third_Party/FreeRTOS/Source/tasks.c **** 		separate interrupt safe API to ensure interrupt entry is as fast and as
5047:Middlewares/Third_Party/FreeRTOS/Source/tasks.c **** 		simple as possible.  More information (albeit Cortex-M specific) is
5048:Middlewares/Third_Party/FreeRTOS/Source/tasks.c **** 		provided on the following link:
5049:Middlewares/Third_Party/FreeRTOS/Source/tasks.c **** 		http://www.freertos.org/RTOS-Cortex-M3-M4.html */
5050:Middlewares/Third_Party/FreeRTOS/Source/tasks.c **** 		portASSERT_IF_INTERRUPT_PRIORITY_INVALID();
5051:Middlewares/Third_Party/FreeRTOS/Source/tasks.c **** 
5052:Middlewares/Third_Party/FreeRTOS/Source/tasks.c **** 		pxTCB = xTaskToNotify;
5053:Middlewares/Third_Party/FreeRTOS/Source/tasks.c **** 
5054:Middlewares/Third_Party/FreeRTOS/Source/tasks.c **** 		uxSavedInterruptStatus = portSET_INTERRUPT_MASK_FROM_ISR();
5055:Middlewares/Third_Party/FreeRTOS/Source/tasks.c **** 		{
5056:Middlewares/Third_Party/FreeRTOS/Source/tasks.c **** 			ucOriginalNotifyState = pxTCB->ucNotifyState;
5057:Middlewares/Third_Party/FreeRTOS/Source/tasks.c **** 			pxTCB->ucNotifyState = taskNOTIFICATION_RECEIVED;
5058:Middlewares/Third_Party/FreeRTOS/Source/tasks.c **** 
5059:Middlewares/Third_Party/FreeRTOS/Source/tasks.c **** 			/* 'Giving' is equivalent to incrementing a count in a counting
5060:Middlewares/Third_Party/FreeRTOS/Source/tasks.c **** 			semaphore. */
5061:Middlewares/Third_Party/FreeRTOS/Source/tasks.c **** 			( pxTCB->ulNotifiedValue )++;
5062:Middlewares/Third_Party/FreeRTOS/Source/tasks.c **** 
5063:Middlewares/Third_Party/FreeRTOS/Source/tasks.c **** 			traceTASK_NOTIFY_GIVE_FROM_ISR();
5064:Middlewares/Third_Party/FreeRTOS/Source/tasks.c **** 
5065:Middlewares/Third_Party/FreeRTOS/Source/tasks.c **** 			/* If the task is in the blocked state specifically to wait for a
5066:Middlewares/Third_Party/FreeRTOS/Source/tasks.c **** 			notification then unblock it now. */
5067:Middlewares/Third_Party/FreeRTOS/Source/tasks.c **** 			if( ucOriginalNotifyState == taskWAITING_NOTIFICATION )
5068:Middlewares/Third_Party/FreeRTOS/Source/tasks.c **** 			{
5069:Middlewares/Third_Party/FreeRTOS/Source/tasks.c **** 				/* The task should not have been on an event list. */
5070:Middlewares/Third_Party/FreeRTOS/Source/tasks.c **** 				configASSERT( listLIST_ITEM_CONTAINER( &( pxTCB->xEventListItem ) ) == NULL );
5071:Middlewares/Third_Party/FreeRTOS/Source/tasks.c **** 
5072:Middlewares/Third_Party/FreeRTOS/Source/tasks.c **** 				if( uxSchedulerSuspended == ( UBaseType_t ) pdFALSE )
5073:Middlewares/Third_Party/FreeRTOS/Source/tasks.c **** 				{
5074:Middlewares/Third_Party/FreeRTOS/Source/tasks.c **** 					( void ) uxListRemove( &( pxTCB->xStateListItem ) );
5075:Middlewares/Third_Party/FreeRTOS/Source/tasks.c **** 					prvAddTaskToReadyList( pxTCB );
5076:Middlewares/Third_Party/FreeRTOS/Source/tasks.c **** 				}
5077:Middlewares/Third_Party/FreeRTOS/Source/tasks.c **** 				else
5078:Middlewares/Third_Party/FreeRTOS/Source/tasks.c **** 				{
5079:Middlewares/Third_Party/FreeRTOS/Source/tasks.c **** 					/* The delayed and ready lists cannot be accessed, so hold
5080:Middlewares/Third_Party/FreeRTOS/Source/tasks.c **** 					this task pending until the scheduler is resumed. */
5081:Middlewares/Third_Party/FreeRTOS/Source/tasks.c **** 					vListInsertEnd( &( xPendingReadyList ), &( pxTCB->xEventListItem ) );
5082:Middlewares/Third_Party/FreeRTOS/Source/tasks.c **** 				}
5083:Middlewares/Third_Party/FreeRTOS/Source/tasks.c **** 
5084:Middlewares/Third_Party/FreeRTOS/Source/tasks.c **** 				if( pxTCB->uxPriority > pxCurrentTCB->uxPriority )
5085:Middlewares/Third_Party/FreeRTOS/Source/tasks.c **** 				{
5086:Middlewares/Third_Party/FreeRTOS/Source/tasks.c **** 					/* The notified task has a priority above the currently
5087:Middlewares/Third_Party/FreeRTOS/Source/tasks.c **** 					executing task so a yield is required. */
5088:Middlewares/Third_Party/FreeRTOS/Source/tasks.c **** 					if( pxHigherPriorityTaskWoken != NULL )
5089:Middlewares/Third_Party/FreeRTOS/Source/tasks.c **** 					{
5090:Middlewares/Third_Party/FreeRTOS/Source/tasks.c **** 						*pxHigherPriorityTaskWoken = pdTRUE;
5091:Middlewares/Third_Party/FreeRTOS/Source/tasks.c **** 					}
5092:Middlewares/Third_Party/FreeRTOS/Source/tasks.c **** 
5093:Middlewares/Third_Party/FreeRTOS/Source/tasks.c **** 					/* Mark that a yield is pending in case the user is not
5094:Middlewares/Third_Party/FreeRTOS/Source/tasks.c **** 					using the "xHigherPriorityTaskWoken" parameter in an ISR
5095:Middlewares/Third_Party/FreeRTOS/Source/tasks.c **** 					safe FreeRTOS function. */
5096:Middlewares/Third_Party/FreeRTOS/Source/tasks.c **** 					xYieldPending = pdTRUE;
5097:Middlewares/Third_Party/FreeRTOS/Source/tasks.c **** 				}
ARM GAS  C:\Users\jason\AppData\Local\Temp\ccaXxPCU.s 			page 112


5098:Middlewares/Third_Party/FreeRTOS/Source/tasks.c **** 				else
5099:Middlewares/Third_Party/FreeRTOS/Source/tasks.c **** 				{
5100:Middlewares/Third_Party/FreeRTOS/Source/tasks.c **** 					mtCOVERAGE_TEST_MARKER();
5101:Middlewares/Third_Party/FreeRTOS/Source/tasks.c **** 				}
5102:Middlewares/Third_Party/FreeRTOS/Source/tasks.c **** 			}
5103:Middlewares/Third_Party/FreeRTOS/Source/tasks.c **** 		}
5104:Middlewares/Third_Party/FreeRTOS/Source/tasks.c **** 		portCLEAR_INTERRUPT_MASK_FROM_ISR( uxSavedInterruptStatus );
5105:Middlewares/Third_Party/FreeRTOS/Source/tasks.c **** 	}
5106:Middlewares/Third_Party/FreeRTOS/Source/tasks.c **** 
5107:Middlewares/Third_Party/FreeRTOS/Source/tasks.c **** #endif /* configUSE_TASK_NOTIFICATIONS */
5108:Middlewares/Third_Party/FreeRTOS/Source/tasks.c **** /*-----------------------------------------------------------*/
5109:Middlewares/Third_Party/FreeRTOS/Source/tasks.c **** 
5110:Middlewares/Third_Party/FreeRTOS/Source/tasks.c **** #if( configUSE_TASK_NOTIFICATIONS == 1 )
5111:Middlewares/Third_Party/FreeRTOS/Source/tasks.c **** 
5112:Middlewares/Third_Party/FreeRTOS/Source/tasks.c **** 	BaseType_t xTaskNotifyStateClear( TaskHandle_t xTask )
5113:Middlewares/Third_Party/FreeRTOS/Source/tasks.c **** 	{
5114:Middlewares/Third_Party/FreeRTOS/Source/tasks.c **** 	TCB_t *pxTCB;
5115:Middlewares/Third_Party/FreeRTOS/Source/tasks.c **** 	BaseType_t xReturn;
5116:Middlewares/Third_Party/FreeRTOS/Source/tasks.c **** 
5117:Middlewares/Third_Party/FreeRTOS/Source/tasks.c **** 		/* If null is passed in here then it is the calling task that is having
5118:Middlewares/Third_Party/FreeRTOS/Source/tasks.c **** 		its notification state cleared. */
5119:Middlewares/Third_Party/FreeRTOS/Source/tasks.c **** 		pxTCB = prvGetTCBFromHandle( xTask );
5120:Middlewares/Third_Party/FreeRTOS/Source/tasks.c **** 
5121:Middlewares/Third_Party/FreeRTOS/Source/tasks.c **** 		taskENTER_CRITICAL();
5122:Middlewares/Third_Party/FreeRTOS/Source/tasks.c **** 		{
5123:Middlewares/Third_Party/FreeRTOS/Source/tasks.c **** 			if( pxTCB->ucNotifyState == taskNOTIFICATION_RECEIVED )
5124:Middlewares/Third_Party/FreeRTOS/Source/tasks.c **** 			{
5125:Middlewares/Third_Party/FreeRTOS/Source/tasks.c **** 				pxTCB->ucNotifyState = taskNOT_WAITING_NOTIFICATION;
5126:Middlewares/Third_Party/FreeRTOS/Source/tasks.c **** 				xReturn = pdPASS;
5127:Middlewares/Third_Party/FreeRTOS/Source/tasks.c **** 			}
5128:Middlewares/Third_Party/FreeRTOS/Source/tasks.c **** 			else
5129:Middlewares/Third_Party/FreeRTOS/Source/tasks.c **** 			{
5130:Middlewares/Third_Party/FreeRTOS/Source/tasks.c **** 				xReturn = pdFAIL;
5131:Middlewares/Third_Party/FreeRTOS/Source/tasks.c **** 			}
5132:Middlewares/Third_Party/FreeRTOS/Source/tasks.c **** 		}
5133:Middlewares/Third_Party/FreeRTOS/Source/tasks.c **** 		taskEXIT_CRITICAL();
5134:Middlewares/Third_Party/FreeRTOS/Source/tasks.c **** 
5135:Middlewares/Third_Party/FreeRTOS/Source/tasks.c **** 		return xReturn;
5136:Middlewares/Third_Party/FreeRTOS/Source/tasks.c **** 	}
5137:Middlewares/Third_Party/FreeRTOS/Source/tasks.c **** 
5138:Middlewares/Third_Party/FreeRTOS/Source/tasks.c **** #endif /* configUSE_TASK_NOTIFICATIONS */
5139:Middlewares/Third_Party/FreeRTOS/Source/tasks.c **** /*-----------------------------------------------------------*/
5140:Middlewares/Third_Party/FreeRTOS/Source/tasks.c **** 
5141:Middlewares/Third_Party/FreeRTOS/Source/tasks.c **** #if( configUSE_TASK_NOTIFICATIONS == 1 )
5142:Middlewares/Third_Party/FreeRTOS/Source/tasks.c **** 
5143:Middlewares/Third_Party/FreeRTOS/Source/tasks.c **** 	uint32_t ulTaskNotifyValueClear( TaskHandle_t xTask, uint32_t ulBitsToClear )
5144:Middlewares/Third_Party/FreeRTOS/Source/tasks.c **** 	{
5145:Middlewares/Third_Party/FreeRTOS/Source/tasks.c **** 	TCB_t *pxTCB;
5146:Middlewares/Third_Party/FreeRTOS/Source/tasks.c **** 	uint32_t ulReturn;
5147:Middlewares/Third_Party/FreeRTOS/Source/tasks.c **** 
5148:Middlewares/Third_Party/FreeRTOS/Source/tasks.c **** 		/* If null is passed in here then it is the calling task that is having
5149:Middlewares/Third_Party/FreeRTOS/Source/tasks.c **** 		its notification state cleared. */
5150:Middlewares/Third_Party/FreeRTOS/Source/tasks.c **** 		pxTCB = prvGetTCBFromHandle( xTask );
5151:Middlewares/Third_Party/FreeRTOS/Source/tasks.c **** 
5152:Middlewares/Third_Party/FreeRTOS/Source/tasks.c **** 		taskENTER_CRITICAL();
5153:Middlewares/Third_Party/FreeRTOS/Source/tasks.c **** 		{
5154:Middlewares/Third_Party/FreeRTOS/Source/tasks.c **** 			/* Return the notification as it was before the bits were cleared,
ARM GAS  C:\Users\jason\AppData\Local\Temp\ccaXxPCU.s 			page 113


5155:Middlewares/Third_Party/FreeRTOS/Source/tasks.c **** 			then clear the bit mask. */
5156:Middlewares/Third_Party/FreeRTOS/Source/tasks.c **** 			ulReturn = pxCurrentTCB->ulNotifiedValue;
5157:Middlewares/Third_Party/FreeRTOS/Source/tasks.c **** 			pxTCB->ulNotifiedValue &= ~ulBitsToClear;
5158:Middlewares/Third_Party/FreeRTOS/Source/tasks.c **** 		}
5159:Middlewares/Third_Party/FreeRTOS/Source/tasks.c **** 		taskEXIT_CRITICAL();
5160:Middlewares/Third_Party/FreeRTOS/Source/tasks.c **** 
5161:Middlewares/Third_Party/FreeRTOS/Source/tasks.c **** 		return ulReturn;
5162:Middlewares/Third_Party/FreeRTOS/Source/tasks.c **** 	}
5163:Middlewares/Third_Party/FreeRTOS/Source/tasks.c **** 
5164:Middlewares/Third_Party/FreeRTOS/Source/tasks.c **** #endif /* configUSE_TASK_NOTIFICATIONS */
5165:Middlewares/Third_Party/FreeRTOS/Source/tasks.c **** /*-----------------------------------------------------------*/
5166:Middlewares/Third_Party/FreeRTOS/Source/tasks.c **** 
5167:Middlewares/Third_Party/FreeRTOS/Source/tasks.c **** #if( ( configGENERATE_RUN_TIME_STATS == 1 ) && ( INCLUDE_xTaskGetIdleTaskHandle == 1 ) )
5168:Middlewares/Third_Party/FreeRTOS/Source/tasks.c **** 
5169:Middlewares/Third_Party/FreeRTOS/Source/tasks.c **** 	uint32_t ulTaskGetIdleRunTimeCounter( void )
5170:Middlewares/Third_Party/FreeRTOS/Source/tasks.c **** 	{
5171:Middlewares/Third_Party/FreeRTOS/Source/tasks.c **** 		return xIdleTaskHandle->ulRunTimeCounter;
5172:Middlewares/Third_Party/FreeRTOS/Source/tasks.c **** 	}
5173:Middlewares/Third_Party/FreeRTOS/Source/tasks.c **** 
5174:Middlewares/Third_Party/FreeRTOS/Source/tasks.c **** #endif
5175:Middlewares/Third_Party/FreeRTOS/Source/tasks.c **** /*-----------------------------------------------------------*/
5176:Middlewares/Third_Party/FreeRTOS/Source/tasks.c **** 
5177:Middlewares/Third_Party/FreeRTOS/Source/tasks.c **** static void prvAddCurrentTaskToDelayedList( TickType_t xTicksToWait, const BaseType_t xCanBlockInde
5178:Middlewares/Third_Party/FreeRTOS/Source/tasks.c **** {
 858              		.loc 1 5178 1 view -0
 859              		.cfi_startproc
 860              		@ args = 0, pretend = 0, frame = 0
 861              		@ frame_needed = 0, uses_anonymous_args = 0
 862              		.loc 1 5178 1 is_stmt 0 view .LVU246
 863 0000 70B5     		push	{r4, r5, r6, lr}
 864              		.cfi_def_cfa_offset 16
 865              		.cfi_offset 4, -16
 866              		.cfi_offset 5, -12
 867              		.cfi_offset 6, -8
 868              		.cfi_offset 14, -4
 869 0002 0446     		mov	r4, r0
 870 0004 0E46     		mov	r6, r1
5179:Middlewares/Third_Party/FreeRTOS/Source/tasks.c **** TickType_t xTimeToWake;
 871              		.loc 1 5179 1 is_stmt 1 view .LVU247
5180:Middlewares/Third_Party/FreeRTOS/Source/tasks.c **** const TickType_t xConstTickCount = xTickCount;
 872              		.loc 1 5180 1 view .LVU248
 873              		.loc 1 5180 18 is_stmt 0 view .LVU249
 874 0006 194B     		ldr	r3, .L78
 875 0008 1D68     		ldr	r5, [r3]
 876              	.LVL65:
5181:Middlewares/Third_Party/FreeRTOS/Source/tasks.c **** 
5182:Middlewares/Third_Party/FreeRTOS/Source/tasks.c **** 	#if( INCLUDE_xTaskAbortDelay == 1 )
5183:Middlewares/Third_Party/FreeRTOS/Source/tasks.c **** 	{
5184:Middlewares/Third_Party/FreeRTOS/Source/tasks.c **** 		/* About to enter a delayed list, so ensure the ucDelayAborted flag is
5185:Middlewares/Third_Party/FreeRTOS/Source/tasks.c **** 		reset to pdFALSE so it can be detected as having been set to pdTRUE
5186:Middlewares/Third_Party/FreeRTOS/Source/tasks.c **** 		when the task leaves the Blocked state. */
5187:Middlewares/Third_Party/FreeRTOS/Source/tasks.c **** 		pxCurrentTCB->ucDelayAborted = pdFALSE;
5188:Middlewares/Third_Party/FreeRTOS/Source/tasks.c **** 	}
5189:Middlewares/Third_Party/FreeRTOS/Source/tasks.c **** 	#endif
5190:Middlewares/Third_Party/FreeRTOS/Source/tasks.c **** 
5191:Middlewares/Third_Party/FreeRTOS/Source/tasks.c **** 	/* Remove the task from the ready list before adding it to the blocked list
5192:Middlewares/Third_Party/FreeRTOS/Source/tasks.c **** 	as the same list item is used for both lists. */
ARM GAS  C:\Users\jason\AppData\Local\Temp\ccaXxPCU.s 			page 114


5193:Middlewares/Third_Party/FreeRTOS/Source/tasks.c **** 	if( uxListRemove( &( pxCurrentTCB->xStateListItem ) ) == ( UBaseType_t ) 0 )
 877              		.loc 1 5193 2 is_stmt 1 view .LVU250
 878              		.loc 1 5193 35 is_stmt 0 view .LVU251
 879 000a 194B     		ldr	r3, .L78+4
 880 000c 1868     		ldr	r0, [r3]
 881              	.LVL66:
 882              		.loc 1 5193 6 view .LVU252
 883 000e 0430     		adds	r0, r0, #4
 884 0010 FFF7FEFF 		bl	uxListRemove
 885              	.LVL67:
5194:Middlewares/Third_Party/FreeRTOS/Source/tasks.c **** 	{
5195:Middlewares/Third_Party/FreeRTOS/Source/tasks.c **** 		/* The current task must be in a ready list, so there is no need to
5196:Middlewares/Third_Party/FreeRTOS/Source/tasks.c **** 		check, and the port reset macro can be called directly. */
5197:Middlewares/Third_Party/FreeRTOS/Source/tasks.c **** 		portRESET_READY_PRIORITY( pxCurrentTCB->uxPriority, uxTopReadyPriority ); /*lint !e931 pxCurrentT
 886              		.loc 1 5197 75 is_stmt 1 view .LVU253
5198:Middlewares/Third_Party/FreeRTOS/Source/tasks.c **** 	}
5199:Middlewares/Third_Party/FreeRTOS/Source/tasks.c **** 	else
5200:Middlewares/Third_Party/FreeRTOS/Source/tasks.c **** 	{
5201:Middlewares/Third_Party/FreeRTOS/Source/tasks.c **** 		mtCOVERAGE_TEST_MARKER();
 887              		.loc 1 5201 27 view .LVU254
5202:Middlewares/Third_Party/FreeRTOS/Source/tasks.c **** 	}
5203:Middlewares/Third_Party/FreeRTOS/Source/tasks.c **** 
5204:Middlewares/Third_Party/FreeRTOS/Source/tasks.c **** 	#if ( INCLUDE_vTaskSuspend == 1 )
5205:Middlewares/Third_Party/FreeRTOS/Source/tasks.c **** 	{
5206:Middlewares/Third_Party/FreeRTOS/Source/tasks.c **** 		if( ( xTicksToWait == portMAX_DELAY ) && ( xCanBlockIndefinitely != pdFALSE ) )
 888              		.loc 1 5206 3 view .LVU255
 889              		.loc 1 5206 41 is_stmt 0 view .LVU256
 890 0014 B4F1FF3F 		cmp	r4, #-1
 891 0018 14BF     		ite	ne
 892 001a 0023     		movne	r3, #0
 893 001c 0123     		moveq	r3, #1
 894 001e 002E     		cmp	r6, #0
 895 0020 08BF     		it	eq
 896 0022 0023     		moveq	r3, #0
 897              		.loc 1 5206 5 view .LVU257
 898 0024 6BB9     		cbnz	r3, .L77
5207:Middlewares/Third_Party/FreeRTOS/Source/tasks.c **** 		{
5208:Middlewares/Third_Party/FreeRTOS/Source/tasks.c **** 			/* Add the task to the suspended task list instead of a delayed task
5209:Middlewares/Third_Party/FreeRTOS/Source/tasks.c **** 			list to ensure it is not woken by a timing event.  It will block
5210:Middlewares/Third_Party/FreeRTOS/Source/tasks.c **** 			indefinitely. */
5211:Middlewares/Third_Party/FreeRTOS/Source/tasks.c **** 			vListInsertEnd( &xSuspendedTaskList, &( pxCurrentTCB->xStateListItem ) );
5212:Middlewares/Third_Party/FreeRTOS/Source/tasks.c **** 		}
5213:Middlewares/Third_Party/FreeRTOS/Source/tasks.c **** 		else
5214:Middlewares/Third_Party/FreeRTOS/Source/tasks.c **** 		{
5215:Middlewares/Third_Party/FreeRTOS/Source/tasks.c **** 			/* Calculate the time at which the task should be woken if the event
5216:Middlewares/Third_Party/FreeRTOS/Source/tasks.c **** 			does not occur.  This may overflow but this doesn't matter, the
5217:Middlewares/Third_Party/FreeRTOS/Source/tasks.c **** 			kernel will manage it correctly. */
5218:Middlewares/Third_Party/FreeRTOS/Source/tasks.c **** 			xTimeToWake = xConstTickCount + xTicksToWait;
 899              		.loc 1 5218 4 is_stmt 1 view .LVU258
 900              		.loc 1 5218 16 is_stmt 0 view .LVU259
 901 0026 2C44     		add	r4, r4, r5
 902              	.LVL68:
5219:Middlewares/Third_Party/FreeRTOS/Source/tasks.c **** 
5220:Middlewares/Third_Party/FreeRTOS/Source/tasks.c **** 			/* The list item will be inserted in wake time order. */
5221:Middlewares/Third_Party/FreeRTOS/Source/tasks.c **** 			listSET_LIST_ITEM_VALUE( &( pxCurrentTCB->xStateListItem ), xTimeToWake );
 903              		.loc 1 5221 4 is_stmt 1 view .LVU260
 904 0028 114B     		ldr	r3, .L78+4
ARM GAS  C:\Users\jason\AppData\Local\Temp\ccaXxPCU.s 			page 115


 905 002a 1B68     		ldr	r3, [r3]
 906 002c 5C60     		str	r4, [r3, #4]
5222:Middlewares/Third_Party/FreeRTOS/Source/tasks.c **** 
5223:Middlewares/Third_Party/FreeRTOS/Source/tasks.c **** 			if( xTimeToWake < xConstTickCount )
 907              		.loc 1 5223 4 view .LVU261
 908              		.loc 1 5223 6 is_stmt 0 view .LVU262
 909 002e A542     		cmp	r5, r4
 910 0030 0ED9     		bls	.L75
5224:Middlewares/Third_Party/FreeRTOS/Source/tasks.c **** 			{
5225:Middlewares/Third_Party/FreeRTOS/Source/tasks.c **** 				/* Wake time has overflowed.  Place this item in the overflow
5226:Middlewares/Third_Party/FreeRTOS/Source/tasks.c **** 				list. */
5227:Middlewares/Third_Party/FreeRTOS/Source/tasks.c **** 				vListInsert( pxOverflowDelayedTaskList, &( pxCurrentTCB->xStateListItem ) );
 911              		.loc 1 5227 5 is_stmt 1 view .LVU263
 912 0032 104B     		ldr	r3, .L78+8
 913 0034 1868     		ldr	r0, [r3]
 914              		.loc 1 5227 60 is_stmt 0 view .LVU264
 915 0036 0E4B     		ldr	r3, .L78+4
 916 0038 1968     		ldr	r1, [r3]
 917              		.loc 1 5227 5 view .LVU265
 918 003a 0431     		adds	r1, r1, #4
 919 003c FFF7FEFF 		bl	vListInsert
 920              	.LVL69:
 921              	.L72:
5228:Middlewares/Third_Party/FreeRTOS/Source/tasks.c **** 			}
5229:Middlewares/Third_Party/FreeRTOS/Source/tasks.c **** 			else
5230:Middlewares/Third_Party/FreeRTOS/Source/tasks.c **** 			{
5231:Middlewares/Third_Party/FreeRTOS/Source/tasks.c **** 				/* The wake time has not overflowed, so the current block list
5232:Middlewares/Third_Party/FreeRTOS/Source/tasks.c **** 				is used. */
5233:Middlewares/Third_Party/FreeRTOS/Source/tasks.c **** 				vListInsert( pxDelayedTaskList, &( pxCurrentTCB->xStateListItem ) );
5234:Middlewares/Third_Party/FreeRTOS/Source/tasks.c **** 
5235:Middlewares/Third_Party/FreeRTOS/Source/tasks.c **** 				/* If the task entering the blocked state was placed at the
5236:Middlewares/Third_Party/FreeRTOS/Source/tasks.c **** 				head of the list of blocked tasks then xNextTaskUnblockTime
5237:Middlewares/Third_Party/FreeRTOS/Source/tasks.c **** 				needs to be updated too. */
5238:Middlewares/Third_Party/FreeRTOS/Source/tasks.c **** 				if( xTimeToWake < xNextTaskUnblockTime )
5239:Middlewares/Third_Party/FreeRTOS/Source/tasks.c **** 				{
5240:Middlewares/Third_Party/FreeRTOS/Source/tasks.c **** 					xNextTaskUnblockTime = xTimeToWake;
5241:Middlewares/Third_Party/FreeRTOS/Source/tasks.c **** 				}
5242:Middlewares/Third_Party/FreeRTOS/Source/tasks.c **** 				else
5243:Middlewares/Third_Party/FreeRTOS/Source/tasks.c **** 				{
5244:Middlewares/Third_Party/FreeRTOS/Source/tasks.c **** 					mtCOVERAGE_TEST_MARKER();
5245:Middlewares/Third_Party/FreeRTOS/Source/tasks.c **** 				}
5246:Middlewares/Third_Party/FreeRTOS/Source/tasks.c **** 			}
5247:Middlewares/Third_Party/FreeRTOS/Source/tasks.c **** 		}
5248:Middlewares/Third_Party/FreeRTOS/Source/tasks.c **** 	}
5249:Middlewares/Third_Party/FreeRTOS/Source/tasks.c **** 	#else /* INCLUDE_vTaskSuspend */
5250:Middlewares/Third_Party/FreeRTOS/Source/tasks.c **** 	{
5251:Middlewares/Third_Party/FreeRTOS/Source/tasks.c **** 		/* Calculate the time at which the task should be woken if the event
5252:Middlewares/Third_Party/FreeRTOS/Source/tasks.c **** 		does not occur.  This may overflow but this doesn't matter, the kernel
5253:Middlewares/Third_Party/FreeRTOS/Source/tasks.c **** 		will manage it correctly. */
5254:Middlewares/Third_Party/FreeRTOS/Source/tasks.c **** 		xTimeToWake = xConstTickCount + xTicksToWait;
5255:Middlewares/Third_Party/FreeRTOS/Source/tasks.c **** 
5256:Middlewares/Third_Party/FreeRTOS/Source/tasks.c **** 		/* The list item will be inserted in wake time order. */
5257:Middlewares/Third_Party/FreeRTOS/Source/tasks.c **** 		listSET_LIST_ITEM_VALUE( &( pxCurrentTCB->xStateListItem ), xTimeToWake );
5258:Middlewares/Third_Party/FreeRTOS/Source/tasks.c **** 
5259:Middlewares/Third_Party/FreeRTOS/Source/tasks.c **** 		if( xTimeToWake < xConstTickCount )
5260:Middlewares/Third_Party/FreeRTOS/Source/tasks.c **** 		{
5261:Middlewares/Third_Party/FreeRTOS/Source/tasks.c **** 			/* Wake time has overflowed.  Place this item in the overflow list. */
ARM GAS  C:\Users\jason\AppData\Local\Temp\ccaXxPCU.s 			page 116


5262:Middlewares/Third_Party/FreeRTOS/Source/tasks.c **** 			vListInsert( pxOverflowDelayedTaskList, &( pxCurrentTCB->xStateListItem ) );
5263:Middlewares/Third_Party/FreeRTOS/Source/tasks.c **** 		}
5264:Middlewares/Third_Party/FreeRTOS/Source/tasks.c **** 		else
5265:Middlewares/Third_Party/FreeRTOS/Source/tasks.c **** 		{
5266:Middlewares/Third_Party/FreeRTOS/Source/tasks.c **** 			/* The wake time has not overflowed, so the current block list is used. */
5267:Middlewares/Third_Party/FreeRTOS/Source/tasks.c **** 			vListInsert( pxDelayedTaskList, &( pxCurrentTCB->xStateListItem ) );
5268:Middlewares/Third_Party/FreeRTOS/Source/tasks.c **** 
5269:Middlewares/Third_Party/FreeRTOS/Source/tasks.c **** 			/* If the task entering the blocked state was placed at the head of the
5270:Middlewares/Third_Party/FreeRTOS/Source/tasks.c **** 			list of blocked tasks then xNextTaskUnblockTime needs to be updated
5271:Middlewares/Third_Party/FreeRTOS/Source/tasks.c **** 			too. */
5272:Middlewares/Third_Party/FreeRTOS/Source/tasks.c **** 			if( xTimeToWake < xNextTaskUnblockTime )
5273:Middlewares/Third_Party/FreeRTOS/Source/tasks.c **** 			{
5274:Middlewares/Third_Party/FreeRTOS/Source/tasks.c **** 				xNextTaskUnblockTime = xTimeToWake;
5275:Middlewares/Third_Party/FreeRTOS/Source/tasks.c **** 			}
5276:Middlewares/Third_Party/FreeRTOS/Source/tasks.c **** 			else
5277:Middlewares/Third_Party/FreeRTOS/Source/tasks.c **** 			{
5278:Middlewares/Third_Party/FreeRTOS/Source/tasks.c **** 				mtCOVERAGE_TEST_MARKER();
5279:Middlewares/Third_Party/FreeRTOS/Source/tasks.c **** 			}
5280:Middlewares/Third_Party/FreeRTOS/Source/tasks.c **** 		}
5281:Middlewares/Third_Party/FreeRTOS/Source/tasks.c **** 
5282:Middlewares/Third_Party/FreeRTOS/Source/tasks.c **** 		/* Avoid compiler warning when INCLUDE_vTaskSuspend is not 1. */
5283:Middlewares/Third_Party/FreeRTOS/Source/tasks.c **** 		( void ) xCanBlockIndefinitely;
5284:Middlewares/Third_Party/FreeRTOS/Source/tasks.c **** 	}
5285:Middlewares/Third_Party/FreeRTOS/Source/tasks.c **** 	#endif /* INCLUDE_vTaskSuspend */
5286:Middlewares/Third_Party/FreeRTOS/Source/tasks.c **** }
 922              		.loc 1 5286 1 view .LVU266
 923 0040 70BD     		pop	{r4, r5, r6, pc}
 924              	.LVL70:
 925              	.L77:
5211:Middlewares/Third_Party/FreeRTOS/Source/tasks.c **** 		}
 926              		.loc 1 5211 4 is_stmt 1 view .LVU267
5211:Middlewares/Third_Party/FreeRTOS/Source/tasks.c **** 		}
 927              		.loc 1 5211 56 is_stmt 0 view .LVU268
 928 0042 0B4B     		ldr	r3, .L78+4
 929 0044 1968     		ldr	r1, [r3]
5211:Middlewares/Third_Party/FreeRTOS/Source/tasks.c **** 		}
 930              		.loc 1 5211 4 view .LVU269
 931 0046 0431     		adds	r1, r1, #4
 932 0048 0B48     		ldr	r0, .L78+12
 933 004a FFF7FEFF 		bl	vListInsertEnd
 934              	.LVL71:
 935 004e F7E7     		b	.L72
 936              	.LVL72:
 937              	.L75:
5233:Middlewares/Third_Party/FreeRTOS/Source/tasks.c **** 
 938              		.loc 1 5233 5 is_stmt 1 view .LVU270
 939 0050 0A4B     		ldr	r3, .L78+16
 940 0052 1868     		ldr	r0, [r3]
5233:Middlewares/Third_Party/FreeRTOS/Source/tasks.c **** 
 941              		.loc 1 5233 52 is_stmt 0 view .LVU271
 942 0054 064B     		ldr	r3, .L78+4
 943 0056 1968     		ldr	r1, [r3]
5233:Middlewares/Third_Party/FreeRTOS/Source/tasks.c **** 
 944              		.loc 1 5233 5 view .LVU272
 945 0058 0431     		adds	r1, r1, #4
 946 005a FFF7FEFF 		bl	vListInsert
 947              	.LVL73:
ARM GAS  C:\Users\jason\AppData\Local\Temp\ccaXxPCU.s 			page 117


5238:Middlewares/Third_Party/FreeRTOS/Source/tasks.c **** 				{
 948              		.loc 1 5238 5 is_stmt 1 view .LVU273
5238:Middlewares/Third_Party/FreeRTOS/Source/tasks.c **** 				{
 949              		.loc 1 5238 21 is_stmt 0 view .LVU274
 950 005e 084B     		ldr	r3, .L78+20
 951 0060 1B68     		ldr	r3, [r3]
5238:Middlewares/Third_Party/FreeRTOS/Source/tasks.c **** 				{
 952              		.loc 1 5238 7 view .LVU275
 953 0062 A342     		cmp	r3, r4
 954 0064 ECD9     		bls	.L72
5240:Middlewares/Third_Party/FreeRTOS/Source/tasks.c **** 				}
 955              		.loc 1 5240 6 is_stmt 1 view .LVU276
5240:Middlewares/Third_Party/FreeRTOS/Source/tasks.c **** 				}
 956              		.loc 1 5240 27 is_stmt 0 view .LVU277
 957 0066 064B     		ldr	r3, .L78+20
 958 0068 1C60     		str	r4, [r3]
5244:Middlewares/Third_Party/FreeRTOS/Source/tasks.c **** 				}
 959              		.loc 1 5244 30 is_stmt 1 view .LVU278
 960              		.loc 1 5286 1 is_stmt 0 view .LVU279
 961 006a E9E7     		b	.L72
 962              	.L79:
 963              		.align	2
 964              	.L78:
 965 006c 00000000 		.word	xTickCount
 966 0070 00000000 		.word	pxCurrentTCB
 967 0074 00000000 		.word	pxOverflowDelayedTaskList
 968 0078 00000000 		.word	xSuspendedTaskList
 969 007c 00000000 		.word	pxDelayedTaskList
 970 0080 00000000 		.word	xNextTaskUnblockTime
 971              		.cfi_endproc
 972              	.LFE65:
 974              		.section	.text.xTaskCreateStatic,"ax",%progbits
 975              		.align	1
 976              		.global	xTaskCreateStatic
 977              		.syntax unified
 978              		.thumb
 979              		.thumb_func
 981              	xTaskCreateStatic:
 982              	.LVL74:
 983              	.LFB4:
 588:Middlewares/Third_Party/FreeRTOS/Source/tasks.c **** 	TCB_t *pxNewTCB;
 984              		.loc 1 588 2 is_stmt 1 view -0
 985              		.cfi_startproc
 986              		@ args = 12, pretend = 0, frame = 8
 987              		@ frame_needed = 0, uses_anonymous_args = 0
 588:Middlewares/Third_Party/FreeRTOS/Source/tasks.c **** 	TCB_t *pxNewTCB;
 988              		.loc 1 588 2 is_stmt 0 view .LVU281
 989 0000 10B5     		push	{r4, lr}
 990              		.cfi_def_cfa_offset 8
 991              		.cfi_offset 4, -8
 992              		.cfi_offset 14, -4
 993 0002 86B0     		sub	sp, sp, #24
 994              		.cfi_def_cfa_offset 32
 995 0004 8C46     		mov	ip, r1
 589:Middlewares/Third_Party/FreeRTOS/Source/tasks.c **** 	TaskHandle_t xReturn;
 996              		.loc 1 589 2 is_stmt 1 view .LVU282
 590:Middlewares/Third_Party/FreeRTOS/Source/tasks.c **** 
ARM GAS  C:\Users\jason\AppData\Local\Temp\ccaXxPCU.s 			page 118


 997              		.loc 1 590 2 view .LVU283
 592:Middlewares/Third_Party/FreeRTOS/Source/tasks.c **** 		configASSERT( pxTaskBuffer != NULL );
 998              		.loc 1 592 3 view .LVU284
 999 0006 0999     		ldr	r1, [sp, #36]
 1000              	.LVL75:
 592:Middlewares/Third_Party/FreeRTOS/Source/tasks.c **** 		configASSERT( pxTaskBuffer != NULL );
 1001              		.loc 1 592 3 is_stmt 0 view .LVU285
 1002 0008 79B1     		cbz	r1, .L88
 592:Middlewares/Third_Party/FreeRTOS/Source/tasks.c **** 		configASSERT( pxTaskBuffer != NULL );
 1003              		.loc 1 592 41 is_stmt 1 view .LVU286
 593:Middlewares/Third_Party/FreeRTOS/Source/tasks.c **** 
 1004              		.loc 1 593 3 view .LVU287
 1005 000a 0A99     		ldr	r1, [sp, #40]
 1006 000c B1B1     		cbz	r1, .L89
 593:Middlewares/Third_Party/FreeRTOS/Source/tasks.c **** 
 1007              		.loc 1 593 39 view .LVU288
 1008              	.LBB126:
 600:Middlewares/Third_Party/FreeRTOS/Source/tasks.c **** 			configASSERT( xSize == sizeof( TCB_t ) );
 1009              		.loc 1 600 4 view .LVU289
 600:Middlewares/Third_Party/FreeRTOS/Source/tasks.c **** 			configASSERT( xSize == sizeof( TCB_t ) );
 1010              		.loc 1 600 20 is_stmt 0 view .LVU290
 1011 000e 5C21     		movs	r1, #92
 1012 0010 0491     		str	r1, [sp, #16]
 601:Middlewares/Third_Party/FreeRTOS/Source/tasks.c **** 			( void ) xSize; /* Prevent lint warning when configASSERT() is not used. */
 1013              		.loc 1 601 4 is_stmt 1 view .LVU291
 1014 0012 0499     		ldr	r1, [sp, #16]
 1015 0014 5C29     		cmp	r1, #92
 1016 0016 1AD0     		beq	.L85
 601:Middlewares/Third_Party/FreeRTOS/Source/tasks.c **** 			( void ) xSize; /* Prevent lint warning when configASSERT() is not used. */
 1017              		.loc 1 601 4 discriminator 1 view .LVU292
 1018              	.LBB127:
 1019              	.LBI127:
 191:Middlewares/Third_Party/FreeRTOS/Source/portable/GCC/ARM_CM4F/portmacro.h **** {
 1020              		.loc 2 191 30 view .LVU293
 1021              	.LBB128:
 193:Middlewares/Third_Party/FreeRTOS/Source/portable/GCC/ARM_CM4F/portmacro.h **** 
 1022              		.loc 2 193 1 view .LVU294
 1023              		.loc 2 195 2 view .LVU295
 1024              		.syntax unified
 1025              	@ 195 "Middlewares/Third_Party/FreeRTOS/Source/portable/GCC/ARM_CM4F/portmacro.h" 1
 1026 0018 4FF05003 			mov r3, #80												
 1027 001c 83F31188 		msr basepri, r3											
 1028 0020 BFF36F8F 		isb														
 1029 0024 BFF34F8F 		dsb														
 1030              	
 1031              	@ 0 "" 2
 1032              	.LVL76:
 1033              		.thumb
 1034              		.syntax unified
 1035              	.L86:
 1036              		.loc 2 195 2 is_stmt 0 view .LVU296
 1037              	.LBE128:
 1038              	.LBE127:
 601:Middlewares/Third_Party/FreeRTOS/Source/tasks.c **** 			( void ) xSize; /* Prevent lint warning when configASSERT() is not used. */
 1039              		.loc 1 601 4 is_stmt 1 view .LVU297
 1040 0028 FEE7     		b	.L86
 1041              	.LVL77:
ARM GAS  C:\Users\jason\AppData\Local\Temp\ccaXxPCU.s 			page 119


 1042              	.L88:
 601:Middlewares/Third_Party/FreeRTOS/Source/tasks.c **** 			( void ) xSize; /* Prevent lint warning when configASSERT() is not used. */
 1043              		.loc 1 601 4 is_stmt 0 view .LVU298
 1044              	.LBE126:
 592:Middlewares/Third_Party/FreeRTOS/Source/tasks.c **** 		configASSERT( pxTaskBuffer != NULL );
 1045              		.loc 1 592 3 is_stmt 1 discriminator 1 view .LVU299
 1046              	.LBB129:
 1047              	.LBI129:
 191:Middlewares/Third_Party/FreeRTOS/Source/portable/GCC/ARM_CM4F/portmacro.h **** {
 1048              		.loc 2 191 30 view .LVU300
 1049              	.LBB130:
 193:Middlewares/Third_Party/FreeRTOS/Source/portable/GCC/ARM_CM4F/portmacro.h **** 
 1050              		.loc 2 193 1 view .LVU301
 1051              		.loc 2 195 2 view .LVU302
 1052              		.syntax unified
 1053              	@ 195 "Middlewares/Third_Party/FreeRTOS/Source/portable/GCC/ARM_CM4F/portmacro.h" 1
 1054 002a 4FF05003 			mov r3, #80												
 1055 002e 83F31188 		msr basepri, r3											
 1056 0032 BFF36F8F 		isb														
 1057 0036 BFF34F8F 		dsb														
 1058              	
 1059              	@ 0 "" 2
 1060              	.LVL78:
 1061              		.thumb
 1062              		.syntax unified
 1063              	.L82:
 1064              		.loc 2 195 2 is_stmt 0 view .LVU303
 1065              	.LBE130:
 1066              	.LBE129:
 592:Middlewares/Third_Party/FreeRTOS/Source/tasks.c **** 		configASSERT( pxTaskBuffer != NULL );
 1067              		.loc 1 592 3 is_stmt 1 view .LVU304
 1068 003a FEE7     		b	.L82
 1069              	.LVL79:
 1070              	.L89:
 593:Middlewares/Third_Party/FreeRTOS/Source/tasks.c **** 
 1071              		.loc 1 593 3 discriminator 1 view .LVU305
 1072              	.LBB131:
 1073              	.LBI131:
 191:Middlewares/Third_Party/FreeRTOS/Source/portable/GCC/ARM_CM4F/portmacro.h **** {
 1074              		.loc 2 191 30 view .LVU306
 1075              	.LBB132:
 193:Middlewares/Third_Party/FreeRTOS/Source/portable/GCC/ARM_CM4F/portmacro.h **** 
 1076              		.loc 2 193 1 view .LVU307
 1077              		.loc 2 195 2 view .LVU308
 1078              		.syntax unified
 1079              	@ 195 "Middlewares/Third_Party/FreeRTOS/Source/portable/GCC/ARM_CM4F/portmacro.h" 1
 1080 003c 4FF05003 			mov r3, #80												
 1081 0040 83F31188 		msr basepri, r3											
 1082 0044 BFF36F8F 		isb														
 1083 0048 BFF34F8F 		dsb														
 1084              	
 1085              	@ 0 "" 2
 1086              	.LVL80:
 1087              		.thumb
 1088              		.syntax unified
 1089              	.L84:
 1090              		.loc 2 195 2 is_stmt 0 view .LVU309
ARM GAS  C:\Users\jason\AppData\Local\Temp\ccaXxPCU.s 			page 120


 1091              	.LBE132:
 1092              	.LBE131:
 593:Middlewares/Third_Party/FreeRTOS/Source/tasks.c **** 
 1093              		.loc 1 593 3 is_stmt 1 view .LVU310
 1094 004c FEE7     		b	.L84
 1095              	.LVL81:
 1096              	.L85:
 1097              	.LBB133:
 601:Middlewares/Third_Party/FreeRTOS/Source/tasks.c **** 			( void ) xSize; /* Prevent lint warning when configASSERT() is not used. */
 1098              		.loc 1 601 44 view .LVU311
 602:Middlewares/Third_Party/FreeRTOS/Source/tasks.c **** 		}
 1099              		.loc 1 602 4 view .LVU312
 1100 004e DDF810E0 		ldr	lr, [sp, #16]
 1101              	.LBE133:
 607:Middlewares/Third_Party/FreeRTOS/Source/tasks.c **** 		{
 1102              		.loc 1 607 3 view .LVU313
 611:Middlewares/Third_Party/FreeRTOS/Source/tasks.c **** 			pxNewTCB->pxStack = ( StackType_t * ) puxStackBuffer;
 1103              		.loc 1 611 4 view .LVU314
 1104              	.LVL82:
 612:Middlewares/Third_Party/FreeRTOS/Source/tasks.c **** 
 1105              		.loc 1 612 4 view .LVU315
 612:Middlewares/Third_Party/FreeRTOS/Source/tasks.c **** 
 1106              		.loc 1 612 22 is_stmt 0 view .LVU316
 1107 0052 0A99     		ldr	r1, [sp, #40]
 1108 0054 099C     		ldr	r4, [sp, #36]
 1109 0056 0C63     		str	r4, [r1, #48]
 618:Middlewares/Third_Party/FreeRTOS/Source/tasks.c **** 			}
 1110              		.loc 1 618 5 is_stmt 1 view .LVU317
 618:Middlewares/Third_Party/FreeRTOS/Source/tasks.c **** 			}
 1111              		.loc 1 618 37 is_stmt 0 view .LVU318
 1112 0058 0221     		movs	r1, #2
 1113 005a 0A9C     		ldr	r4, [sp, #40]
 1114 005c 84F85910 		strb	r1, [r4, #89]
 622:Middlewares/Third_Party/FreeRTOS/Source/tasks.c **** 			prvAddNewTaskToReadyList( pxNewTCB );
 1115              		.loc 1 622 4 is_stmt 1 view .LVU319
 1116 0060 0021     		movs	r1, #0
 1117 0062 0391     		str	r1, [sp, #12]
 1118 0064 0294     		str	r4, [sp, #8]
 1119 0066 05A9     		add	r1, sp, #20
 1120 0068 0191     		str	r1, [sp, #4]
 1121 006a 0899     		ldr	r1, [sp, #32]
 1122 006c 0091     		str	r1, [sp]
 1123 006e 6146     		mov	r1, ip
 1124 0070 FFF7FEFF 		bl	prvInitialiseNewTask
 1125              	.LVL83:
 623:Middlewares/Third_Party/FreeRTOS/Source/tasks.c **** 		}
 1126              		.loc 1 623 4 view .LVU320
 1127 0074 0A98     		ldr	r0, [sp, #40]
 1128 0076 FFF7FEFF 		bl	prvAddNewTaskToReadyList
 1129              	.LVL84:
 630:Middlewares/Third_Party/FreeRTOS/Source/tasks.c **** 	}
 1130              		.loc 1 630 3 view .LVU321
 631:Middlewares/Third_Party/FreeRTOS/Source/tasks.c **** 
 1131              		.loc 1 631 2 is_stmt 0 view .LVU322
 1132 007a 0598     		ldr	r0, [sp, #20]
 1133 007c 06B0     		add	sp, sp, #24
 1134              		.cfi_def_cfa_offset 8
ARM GAS  C:\Users\jason\AppData\Local\Temp\ccaXxPCU.s 			page 121


 1135              		@ sp needed
 1136 007e 10BD     		pop	{r4, pc}
 631:Middlewares/Third_Party/FreeRTOS/Source/tasks.c **** 
 1137              		.loc 1 631 2 view .LVU323
 1138              		.cfi_endproc
 1139              	.LFE4:
 1141              		.section	.text.xTaskCreate,"ax",%progbits
 1142              		.align	1
 1143              		.global	xTaskCreate
 1144              		.syntax unified
 1145              		.thumb
 1146              		.thumb_func
 1148              	xTaskCreate:
 1149              	.LVL85:
 1150              	.LFB5:
 739:Middlewares/Third_Party/FreeRTOS/Source/tasks.c **** 	TCB_t *pxNewTCB;
 1151              		.loc 1 739 2 is_stmt 1 view -0
 1152              		.cfi_startproc
 1153              		@ args = 8, pretend = 0, frame = 0
 1154              		@ frame_needed = 0, uses_anonymous_args = 0
 739:Middlewares/Third_Party/FreeRTOS/Source/tasks.c **** 	TCB_t *pxNewTCB;
 1155              		.loc 1 739 2 is_stmt 0 view .LVU325
 1156 0000 2DE9F043 		push	{r4, r5, r6, r7, r8, r9, lr}
 1157              		.cfi_def_cfa_offset 28
 1158              		.cfi_offset 4, -28
 1159              		.cfi_offset 5, -24
 1160              		.cfi_offset 6, -20
 1161              		.cfi_offset 7, -16
 1162              		.cfi_offset 8, -12
 1163              		.cfi_offset 9, -8
 1164              		.cfi_offset 14, -4
 1165 0004 85B0     		sub	sp, sp, #20
 1166              		.cfi_def_cfa_offset 48
 1167 0006 8146     		mov	r9, r0
 1168 0008 8846     		mov	r8, r1
 1169 000a 1446     		mov	r4, r2
 1170 000c 1F46     		mov	r7, r3
 740:Middlewares/Third_Party/FreeRTOS/Source/tasks.c **** 	BaseType_t xReturn;
 1171              		.loc 1 740 2 is_stmt 1 view .LVU326
 741:Middlewares/Third_Party/FreeRTOS/Source/tasks.c **** 
 1172              		.loc 1 741 2 view .LVU327
 1173              	.LBB134:
 770:Middlewares/Third_Party/FreeRTOS/Source/tasks.c **** 
 1174              		.loc 1 770 3 view .LVU328
 773:Middlewares/Third_Party/FreeRTOS/Source/tasks.c **** 
 1175              		.loc 1 773 4 view .LVU329
 773:Middlewares/Third_Party/FreeRTOS/Source/tasks.c **** 
 1176              		.loc 1 773 14 is_stmt 0 view .LVU330
 1177 000e 9000     		lsls	r0, r2, #2
 1178              	.LVL86:
 773:Middlewares/Third_Party/FreeRTOS/Source/tasks.c **** 
 1179              		.loc 1 773 14 view .LVU331
 1180 0010 FFF7FEFF 		bl	pvPortMalloc
 1181              	.LVL87:
 775:Middlewares/Third_Party/FreeRTOS/Source/tasks.c **** 			{
 1182              		.loc 1 775 4 is_stmt 1 view .LVU332
 775:Middlewares/Third_Party/FreeRTOS/Source/tasks.c **** 			{
ARM GAS  C:\Users\jason\AppData\Local\Temp\ccaXxPCU.s 			page 122


 1183              		.loc 1 775 6 is_stmt 0 view .LVU333
 1184 0014 00B3     		cbz	r0, .L93
 1185 0016 0646     		mov	r6, r0
 778:Middlewares/Third_Party/FreeRTOS/Source/tasks.c **** 
 1186              		.loc 1 778 5 is_stmt 1 view .LVU334
 778:Middlewares/Third_Party/FreeRTOS/Source/tasks.c **** 
 1187              		.loc 1 778 28 is_stmt 0 view .LVU335
 1188 0018 5C20     		movs	r0, #92
 1189              	.LVL88:
 778:Middlewares/Third_Party/FreeRTOS/Source/tasks.c **** 
 1190              		.loc 1 778 28 view .LVU336
 1191 001a FFF7FEFF 		bl	pvPortMalloc
 1192              	.LVL89:
 780:Middlewares/Third_Party/FreeRTOS/Source/tasks.c **** 				{
 1193              		.loc 1 780 5 is_stmt 1 view .LVU337
 780:Middlewares/Third_Party/FreeRTOS/Source/tasks.c **** 				{
 1194              		.loc 1 780 7 is_stmt 0 view .LVU338
 1195 001e 0546     		mov	r5, r0
 1196 0020 A0B1     		cbz	r0, .L92
 783:Middlewares/Third_Party/FreeRTOS/Source/tasks.c **** 				}
 1197              		.loc 1 783 6 is_stmt 1 view .LVU339
 783:Middlewares/Third_Party/FreeRTOS/Source/tasks.c **** 				}
 1198              		.loc 1 783 24 is_stmt 0 view .LVU340
 1199 0022 2E63     		str	r6, [r5, #48]
 783:Middlewares/Third_Party/FreeRTOS/Source/tasks.c **** 				}
 1200              		.loc 1 783 24 view .LVU341
 1201              	.LBE134:
 799:Middlewares/Third_Party/FreeRTOS/Source/tasks.c **** 		{
 1202              		.loc 1 799 3 is_stmt 1 view .LVU342
 805:Middlewares/Third_Party/FreeRTOS/Source/tasks.c **** 			}
 1203              		.loc 1 805 5 view .LVU343
 805:Middlewares/Third_Party/FreeRTOS/Source/tasks.c **** 			}
 1204              		.loc 1 805 37 is_stmt 0 view .LVU344
 1205 0024 0023     		movs	r3, #0
 1206 0026 80F85930 		strb	r3, [r0, #89]
 809:Middlewares/Third_Party/FreeRTOS/Source/tasks.c **** 			prvAddNewTaskToReadyList( pxNewTCB );
 1207              		.loc 1 809 4 is_stmt 1 view .LVU345
 1208 002a 0393     		str	r3, [sp, #12]
 1209 002c 0290     		str	r0, [sp, #8]
 1210 002e 0D9B     		ldr	r3, [sp, #52]
 1211 0030 0193     		str	r3, [sp, #4]
 1212 0032 0C9B     		ldr	r3, [sp, #48]
 1213 0034 0093     		str	r3, [sp]
 1214 0036 3B46     		mov	r3, r7
 1215 0038 2246     		mov	r2, r4
 1216 003a 4146     		mov	r1, r8
 1217 003c 4846     		mov	r0, r9
 1218              	.LVL90:
 809:Middlewares/Third_Party/FreeRTOS/Source/tasks.c **** 			prvAddNewTaskToReadyList( pxNewTCB );
 1219              		.loc 1 809 4 is_stmt 0 view .LVU346
 1220 003e FFF7FEFF 		bl	prvInitialiseNewTask
 1221              	.LVL91:
 810:Middlewares/Third_Party/FreeRTOS/Source/tasks.c **** 			xReturn = pdPASS;
 1222              		.loc 1 810 4 is_stmt 1 view .LVU347
 1223 0042 2846     		mov	r0, r5
 1224 0044 FFF7FEFF 		bl	prvAddNewTaskToReadyList
 1225              	.LVL92:
ARM GAS  C:\Users\jason\AppData\Local\Temp\ccaXxPCU.s 			page 123


 811:Middlewares/Third_Party/FreeRTOS/Source/tasks.c **** 		}
 1226              		.loc 1 811 4 view .LVU348
 811:Middlewares/Third_Party/FreeRTOS/Source/tasks.c **** 		}
 1227              		.loc 1 811 12 is_stmt 0 view .LVU349
 1228 0048 0120     		movs	r0, #1
 1229 004a 07E0     		b	.L90
 1230              	.LVL93:
 1231              	.L92:
 1232              	.LBB135:
 789:Middlewares/Third_Party/FreeRTOS/Source/tasks.c **** 				}
 1233              		.loc 1 789 6 is_stmt 1 view .LVU350
 1234 004c 3046     		mov	r0, r6
 1235              	.LVL94:
 789:Middlewares/Third_Party/FreeRTOS/Source/tasks.c **** 				}
 1236              		.loc 1 789 6 is_stmt 0 view .LVU351
 1237 004e FFF7FEFF 		bl	vPortFree
 1238              	.LVL95:
 789:Middlewares/Third_Party/FreeRTOS/Source/tasks.c **** 				}
 1239              		.loc 1 789 6 view .LVU352
 1240              	.LBE135:
 799:Middlewares/Third_Party/FreeRTOS/Source/tasks.c **** 		{
 1241              		.loc 1 799 3 is_stmt 1 view .LVU353
 815:Middlewares/Third_Party/FreeRTOS/Source/tasks.c **** 		}
 1242              		.loc 1 815 12 is_stmt 0 view .LVU354
 1243 0052 4FF0FF30 		mov	r0, #-1
 1244 0056 01E0     		b	.L90
 1245              	.LVL96:
 1246              	.L93:
 815:Middlewares/Third_Party/FreeRTOS/Source/tasks.c **** 		}
 1247              		.loc 1 815 12 view .LVU355
 1248 0058 4FF0FF30 		mov	r0, #-1
 1249              	.LVL97:
 818:Middlewares/Third_Party/FreeRTOS/Source/tasks.c **** 	}
 1250              		.loc 1 818 3 is_stmt 1 view .LVU356
 1251              	.L90:
 819:Middlewares/Third_Party/FreeRTOS/Source/tasks.c **** 
 1252              		.loc 1 819 2 is_stmt 0 view .LVU357
 1253 005c 05B0     		add	sp, sp, #20
 1254              		.cfi_def_cfa_offset 28
 1255              		@ sp needed
 1256 005e BDE8F083 		pop	{r4, r5, r6, r7, r8, r9, pc}
 819:Middlewares/Third_Party/FreeRTOS/Source/tasks.c **** 
 1257              		.loc 1 819 2 view .LVU358
 1258              		.cfi_endproc
 1259              	.LFE5:
 1261              		.section	.text.vTaskDelete,"ax",%progbits
 1262              		.align	1
 1263              		.global	vTaskDelete
 1264              		.syntax unified
 1265              		.thumb
 1266              		.thumb_func
 1268              	vTaskDelete:
 1269              	.LVL98:
 1270              	.LFB8:
1163:Middlewares/Third_Party/FreeRTOS/Source/tasks.c **** 	TCB_t *pxTCB;
 1271              		.loc 1 1163 2 is_stmt 1 view -0
 1272              		.cfi_startproc
ARM GAS  C:\Users\jason\AppData\Local\Temp\ccaXxPCU.s 			page 124


 1273              		@ args = 0, pretend = 0, frame = 0
 1274              		@ frame_needed = 0, uses_anonymous_args = 0
1163:Middlewares/Third_Party/FreeRTOS/Source/tasks.c **** 	TCB_t *pxTCB;
 1275              		.loc 1 1163 2 is_stmt 0 view .LVU360
 1276 0000 38B5     		push	{r3, r4, r5, lr}
 1277              		.cfi_def_cfa_offset 16
 1278              		.cfi_offset 3, -16
 1279              		.cfi_offset 4, -12
 1280              		.cfi_offset 5, -8
 1281              		.cfi_offset 14, -4
 1282 0002 0446     		mov	r4, r0
1164:Middlewares/Third_Party/FreeRTOS/Source/tasks.c **** 
 1283              		.loc 1 1164 2 is_stmt 1 view .LVU361
1166:Middlewares/Third_Party/FreeRTOS/Source/tasks.c **** 		{
 1284              		.loc 1 1166 3 view .LVU362
 1285 0004 FFF7FEFF 		bl	vPortEnterCritical
 1286              	.LVL99:
1170:Middlewares/Third_Party/FreeRTOS/Source/tasks.c **** 
 1287              		.loc 1 1170 4 view .LVU363
1170:Middlewares/Third_Party/FreeRTOS/Source/tasks.c **** 
 1288              		.loc 1 1170 12 is_stmt 0 view .LVU364
 1289 0008 24B3     		cbz	r4, .L104
 1290              	.LVL100:
 1291              	.L96:
1173:Middlewares/Third_Party/FreeRTOS/Source/tasks.c **** 			{
 1292              		.loc 1 1173 4 is_stmt 1 view .LVU365
1173:Middlewares/Third_Party/FreeRTOS/Source/tasks.c **** 			{
 1293              		.loc 1 1173 22 is_stmt 0 view .LVU366
 1294 000a 251D     		adds	r5, r4, #4
1173:Middlewares/Third_Party/FreeRTOS/Source/tasks.c **** 			{
 1295              		.loc 1 1173 8 view .LVU367
 1296 000c 2846     		mov	r0, r5
 1297 000e FFF7FEFF 		bl	uxListRemove
 1298              	.LVL101:
1175:Middlewares/Third_Party/FreeRTOS/Source/tasks.c **** 			}
 1299              		.loc 1 1175 50 is_stmt 1 view .LVU368
1179:Middlewares/Third_Party/FreeRTOS/Source/tasks.c **** 			}
 1300              		.loc 1 1179 29 view .LVU369
1183:Middlewares/Third_Party/FreeRTOS/Source/tasks.c **** 			{
 1301              		.loc 1 1183 4 view .LVU370
1183:Middlewares/Third_Party/FreeRTOS/Source/tasks.c **** 			{
 1302              		.loc 1 1183 8 is_stmt 0 view .LVU371
 1303 0012 A36A     		ldr	r3, [r4, #40]
1183:Middlewares/Third_Party/FreeRTOS/Source/tasks.c **** 			{
 1304              		.loc 1 1183 6 view .LVU372
 1305 0014 1BB1     		cbz	r3, .L97
1185:Middlewares/Third_Party/FreeRTOS/Source/tasks.c **** 			}
 1306              		.loc 1 1185 5 is_stmt 1 view .LVU373
1185:Middlewares/Third_Party/FreeRTOS/Source/tasks.c **** 			}
 1307              		.loc 1 1185 14 is_stmt 0 view .LVU374
 1308 0016 04F11800 		add	r0, r4, #24
 1309 001a FFF7FEFF 		bl	uxListRemove
 1310              	.LVL102:
 1311              	.L97:
1189:Middlewares/Third_Party/FreeRTOS/Source/tasks.c **** 			}
 1312              		.loc 1 1189 29 is_stmt 1 view .LVU375
1196:Middlewares/Third_Party/FreeRTOS/Source/tasks.c **** 
ARM GAS  C:\Users\jason\AppData\Local\Temp\ccaXxPCU.s 			page 125


 1313              		.loc 1 1196 4 view .LVU376
1196:Middlewares/Third_Party/FreeRTOS/Source/tasks.c **** 
 1314              		.loc 1 1196 16 is_stmt 0 view .LVU377
 1315 001e 1F4A     		ldr	r2, .L107
 1316 0020 1368     		ldr	r3, [r2]
 1317 0022 0133     		adds	r3, r3, #1
 1318 0024 1360     		str	r3, [r2]
1198:Middlewares/Third_Party/FreeRTOS/Source/tasks.c **** 			{
 1319              		.loc 1 1198 4 is_stmt 1 view .LVU378
1198:Middlewares/Third_Party/FreeRTOS/Source/tasks.c **** 			{
 1320              		.loc 1 1198 14 is_stmt 0 view .LVU379
 1321 0026 1E4B     		ldr	r3, .L107+4
 1322 0028 1B68     		ldr	r3, [r3]
1198:Middlewares/Third_Party/FreeRTOS/Source/tasks.c **** 			{
 1323              		.loc 1 1198 6 view .LVU380
 1324 002a A342     		cmp	r3, r4
 1325 002c 15D0     		beq	.L105
1225:Middlewares/Third_Party/FreeRTOS/Source/tasks.c **** 				traceTASK_DELETE( pxTCB );
 1326              		.loc 1 1225 5 is_stmt 1 view .LVU381
 1327 002e 1D4A     		ldr	r2, .L107+8
 1328 0030 1368     		ldr	r3, [r2]
 1329 0032 013B     		subs	r3, r3, #1
 1330 0034 1360     		str	r3, [r2]
1226:Middlewares/Third_Party/FreeRTOS/Source/tasks.c **** 				prvDeleteTCB( pxTCB );
 1331              		.loc 1 1226 30 view .LVU382
1227:Middlewares/Third_Party/FreeRTOS/Source/tasks.c **** 
 1332              		.loc 1 1227 5 view .LVU383
 1333 0036 2046     		mov	r0, r4
 1334 0038 FFF7FEFF 		bl	prvDeleteTCB
 1335              	.LVL103:
1231:Middlewares/Third_Party/FreeRTOS/Source/tasks.c **** 			}
 1336              		.loc 1 1231 5 view .LVU384
 1337 003c FFF7FEFF 		bl	prvResetNextTaskUnblockTime
 1338              	.LVL104:
 1339              	.L99:
1234:Middlewares/Third_Party/FreeRTOS/Source/tasks.c **** 
 1340              		.loc 1 1234 3 view .LVU385
 1341 0040 FFF7FEFF 		bl	vPortExitCritical
 1342              	.LVL105:
1238:Middlewares/Third_Party/FreeRTOS/Source/tasks.c **** 		{
 1343              		.loc 1 1238 3 view .LVU386
1238:Middlewares/Third_Party/FreeRTOS/Source/tasks.c **** 		{
 1344              		.loc 1 1238 25 is_stmt 0 view .LVU387
 1345 0044 184B     		ldr	r3, .L107+12
 1346 0046 1B68     		ldr	r3, [r3]
1238:Middlewares/Third_Party/FreeRTOS/Source/tasks.c **** 		{
 1347              		.loc 1 1238 5 view .LVU388
 1348 0048 1BB1     		cbz	r3, .L95
1240:Middlewares/Third_Party/FreeRTOS/Source/tasks.c **** 			{
 1349              		.loc 1 1240 4 is_stmt 1 view .LVU389
1240:Middlewares/Third_Party/FreeRTOS/Source/tasks.c **** 			{
 1350              		.loc 1 1240 14 is_stmt 0 view .LVU390
 1351 004a 154B     		ldr	r3, .L107+4
 1352 004c 1B68     		ldr	r3, [r3]
1240:Middlewares/Third_Party/FreeRTOS/Source/tasks.c **** 			{
 1353              		.loc 1 1240 6 view .LVU391
 1354 004e A342     		cmp	r3, r4
ARM GAS  C:\Users\jason\AppData\Local\Temp\ccaXxPCU.s 			page 126


 1355 0050 0CD0     		beq	.L106
 1356              	.L95:
1250:Middlewares/Third_Party/FreeRTOS/Source/tasks.c **** 
 1357              		.loc 1 1250 2 view .LVU392
 1358 0052 38BD     		pop	{r3, r4, r5, pc}
 1359              	.LVL106:
 1360              	.L104:
1170:Middlewares/Third_Party/FreeRTOS/Source/tasks.c **** 
 1361              		.loc 1 1170 10 discriminator 1 view .LVU393
 1362 0054 124B     		ldr	r3, .L107+4
 1363 0056 1C68     		ldr	r4, [r3]
 1364              	.LVL107:
1170:Middlewares/Third_Party/FreeRTOS/Source/tasks.c **** 
 1365              		.loc 1 1170 10 discriminator 1 view .LVU394
 1366 0058 D7E7     		b	.L96
 1367              	.LVL108:
 1368              	.L105:
1205:Middlewares/Third_Party/FreeRTOS/Source/tasks.c **** 
 1369              		.loc 1 1205 5 is_stmt 1 view .LVU395
 1370 005a 2946     		mov	r1, r5
 1371 005c 1348     		ldr	r0, .L107+16
 1372 005e FFF7FEFF 		bl	vListInsertEnd
 1373              	.LVL109:
1210:Middlewares/Third_Party/FreeRTOS/Source/tasks.c **** 
 1374              		.loc 1 1210 5 view .LVU396
 1375 0062 134A     		ldr	r2, .L107+20
 1376 0064 1368     		ldr	r3, [r2]
 1377 0066 0133     		adds	r3, r3, #1
 1378 0068 1360     		str	r3, [r2]
1214:Middlewares/Third_Party/FreeRTOS/Source/tasks.c **** 
 1379              		.loc 1 1214 30 view .LVU397
1221:Middlewares/Third_Party/FreeRTOS/Source/tasks.c **** 			}
 1380              		.loc 1 1221 54 view .LVU398
 1381 006a E9E7     		b	.L99
 1382              	.L106:
1242:Middlewares/Third_Party/FreeRTOS/Source/tasks.c **** 				portYIELD_WITHIN_API();
 1383              		.loc 1 1242 5 view .LVU399
 1384 006c 114B     		ldr	r3, .L107+24
 1385 006e 1B68     		ldr	r3, [r3]
 1386 0070 43B1     		cbz	r3, .L101
1242:Middlewares/Third_Party/FreeRTOS/Source/tasks.c **** 				portYIELD_WITHIN_API();
 1387              		.loc 1 1242 5 discriminator 1 view .LVU400
 1388              	.LBB136:
 1389              	.LBI136:
 191:Middlewares/Third_Party/FreeRTOS/Source/portable/GCC/ARM_CM4F/portmacro.h **** {
 1390              		.loc 2 191 30 view .LVU401
 1391              	.LBB137:
 193:Middlewares/Third_Party/FreeRTOS/Source/portable/GCC/ARM_CM4F/portmacro.h **** 
 1392              		.loc 2 193 1 view .LVU402
 1393              		.loc 2 195 2 view .LVU403
 1394              		.syntax unified
 1395              	@ 195 "Middlewares/Third_Party/FreeRTOS/Source/portable/GCC/ARM_CM4F/portmacro.h" 1
 1396 0072 4FF05003 			mov r3, #80												
 1397 0076 83F31188 		msr basepri, r3											
 1398 007a BFF36F8F 		isb														
 1399 007e BFF34F8F 		dsb														
 1400              	
ARM GAS  C:\Users\jason\AppData\Local\Temp\ccaXxPCU.s 			page 127


 1401              	@ 0 "" 2
 1402              		.thumb
 1403              		.syntax unified
 1404              	.L102:
 1405              	.LBE137:
 1406              	.LBE136:
1242:Middlewares/Third_Party/FreeRTOS/Source/tasks.c **** 				portYIELD_WITHIN_API();
 1407              		.loc 1 1242 5 view .LVU404
 1408 0082 FEE7     		b	.L102
 1409              	.L101:
1242:Middlewares/Third_Party/FreeRTOS/Source/tasks.c **** 				portYIELD_WITHIN_API();
 1410              		.loc 1 1242 46 view .LVU405
1243:Middlewares/Third_Party/FreeRTOS/Source/tasks.c **** 			}
 1411              		.loc 1 1243 5 view .LVU406
 1412 0084 4FF0E023 		mov	r3, #-536813568
 1413 0088 4FF08052 		mov	r2, #268435456
 1414 008c C3F8042D 		str	r2, [r3, #3332]
1243:Middlewares/Third_Party/FreeRTOS/Source/tasks.c **** 			}
 1415              		.loc 1 1243 5 view .LVU407
 1416              		.syntax unified
 1417              	@ 1243 "Middlewares/Third_Party/FreeRTOS/Source/tasks.c" 1
 1418 0090 BFF34F8F 		dsb
 1419              	@ 0 "" 2
1243:Middlewares/Third_Party/FreeRTOS/Source/tasks.c **** 			}
 1420              		.loc 1 1243 5 view .LVU408
 1421              	@ 1243 "Middlewares/Third_Party/FreeRTOS/Source/tasks.c" 1
 1422 0094 BFF36F8F 		isb
 1423              	@ 0 "" 2
1243:Middlewares/Third_Party/FreeRTOS/Source/tasks.c **** 			}
 1424              		.loc 1 1243 27 view .LVU409
1247:Middlewares/Third_Party/FreeRTOS/Source/tasks.c **** 			}
 1425              		.loc 1 1247 29 view .LVU410
1250:Middlewares/Third_Party/FreeRTOS/Source/tasks.c **** 
 1426              		.loc 1 1250 2 is_stmt 0 view .LVU411
 1427              		.thumb
 1428              		.syntax unified
 1429 0098 DBE7     		b	.L95
 1430              	.L108:
 1431 009a 00BF     		.align	2
 1432              	.L107:
 1433 009c 00000000 		.word	uxTaskNumber
 1434 00a0 00000000 		.word	pxCurrentTCB
 1435 00a4 00000000 		.word	uxCurrentNumberOfTasks
 1436 00a8 00000000 		.word	xSchedulerRunning
 1437 00ac 00000000 		.word	xTasksWaitingTermination
 1438 00b0 00000000 		.word	uxDeletedTasksWaitingCleanUp
 1439 00b4 00000000 		.word	uxSchedulerSuspended
 1440              		.cfi_endproc
 1441              	.LFE8:
 1443              		.section	.text.eTaskGetState,"ax",%progbits
 1444              		.align	1
 1445              		.global	eTaskGetState
 1446              		.syntax unified
 1447              		.thumb
 1448              		.thumb_func
 1450              	eTaskGetState:
 1451              	.LVL110:
ARM GAS  C:\Users\jason\AppData\Local\Temp\ccaXxPCU.s 			page 128


 1452              	.LFB11:
1387:Middlewares/Third_Party/FreeRTOS/Source/tasks.c **** 	eTaskState eReturn;
 1453              		.loc 1 1387 2 is_stmt 1 view -0
 1454              		.cfi_startproc
 1455              		@ args = 0, pretend = 0, frame = 0
 1456              		@ frame_needed = 0, uses_anonymous_args = 0
1387:Middlewares/Third_Party/FreeRTOS/Source/tasks.c **** 	eTaskState eReturn;
 1457              		.loc 1 1387 2 is_stmt 0 view .LVU413
 1458 0000 F8B5     		push	{r3, r4, r5, r6, r7, lr}
 1459              		.cfi_def_cfa_offset 24
 1460              		.cfi_offset 3, -24
 1461              		.cfi_offset 4, -20
 1462              		.cfi_offset 5, -16
 1463              		.cfi_offset 6, -12
 1464              		.cfi_offset 7, -8
 1465              		.cfi_offset 14, -4
1388:Middlewares/Third_Party/FreeRTOS/Source/tasks.c **** 	List_t const * pxStateList, *pxDelayedList, *pxOverflowedDelayedList;
 1466              		.loc 1 1388 2 is_stmt 1 view .LVU414
1389:Middlewares/Third_Party/FreeRTOS/Source/tasks.c **** 	const TCB_t * const pxTCB = xTask;
 1467              		.loc 1 1389 2 view .LVU415
1390:Middlewares/Third_Party/FreeRTOS/Source/tasks.c **** 
 1468              		.loc 1 1390 2 view .LVU416
 1469              	.LVL111:
1392:Middlewares/Third_Party/FreeRTOS/Source/tasks.c **** 
 1470              		.loc 1 1392 3 view .LVU417
 1471 0002 D0B1     		cbz	r0, .L121
 1472 0004 0746     		mov	r7, r0
1392:Middlewares/Third_Party/FreeRTOS/Source/tasks.c **** 
 1473              		.loc 1 1392 24 view .LVU418
1394:Middlewares/Third_Party/FreeRTOS/Source/tasks.c **** 		{
 1474              		.loc 1 1394 3 view .LVU419
1394:Middlewares/Third_Party/FreeRTOS/Source/tasks.c **** 		{
 1475              		.loc 1 1394 13 is_stmt 0 view .LVU420
 1476 0006 1B4B     		ldr	r3, .L126
 1477 0008 1B68     		ldr	r3, [r3]
1394:Middlewares/Third_Party/FreeRTOS/Source/tasks.c **** 		{
 1478              		.loc 1 1394 5 view .LVU421
 1479 000a 8342     		cmp	r3, r0
 1480 000c 2CD0     		beq	.L114
1401:Middlewares/Third_Party/FreeRTOS/Source/tasks.c **** 			{
 1481              		.loc 1 1401 4 is_stmt 1 view .LVU422
 1482 000e FFF7FEFF 		bl	vPortEnterCritical
 1483              	.LVL112:
1403:Middlewares/Third_Party/FreeRTOS/Source/tasks.c **** 				pxDelayedList = pxDelayedTaskList;
 1484              		.loc 1 1403 5 view .LVU423
1403:Middlewares/Third_Party/FreeRTOS/Source/tasks.c **** 				pxDelayedList = pxDelayedTaskList;
 1485              		.loc 1 1403 17 is_stmt 0 view .LVU424
 1486 0012 7C69     		ldr	r4, [r7, #20]
 1487              	.LVL113:
1404:Middlewares/Third_Party/FreeRTOS/Source/tasks.c **** 				pxOverflowedDelayedList = pxOverflowDelayedTaskList;
 1488              		.loc 1 1404 5 is_stmt 1 view .LVU425
1404:Middlewares/Third_Party/FreeRTOS/Source/tasks.c **** 				pxOverflowedDelayedList = pxOverflowDelayedTaskList;
 1489              		.loc 1 1404 19 is_stmt 0 view .LVU426
 1490 0014 184B     		ldr	r3, .L126+4
 1491 0016 1D68     		ldr	r5, [r3]
 1492              	.LVL114:
1405:Middlewares/Third_Party/FreeRTOS/Source/tasks.c **** 			}
ARM GAS  C:\Users\jason\AppData\Local\Temp\ccaXxPCU.s 			page 129


 1493              		.loc 1 1405 5 is_stmt 1 view .LVU427
1405:Middlewares/Third_Party/FreeRTOS/Source/tasks.c **** 			}
 1494              		.loc 1 1405 29 is_stmt 0 view .LVU428
 1495 0018 184B     		ldr	r3, .L126+8
 1496 001a 1E68     		ldr	r6, [r3]
 1497              	.LVL115:
1407:Middlewares/Third_Party/FreeRTOS/Source/tasks.c **** 
 1498              		.loc 1 1407 4 is_stmt 1 view .LVU429
 1499 001c FFF7FEFF 		bl	vPortExitCritical
 1500              	.LVL116:
1409:Middlewares/Third_Party/FreeRTOS/Source/tasks.c **** 			{
 1501              		.loc 1 1409 4 view .LVU430
1409:Middlewares/Third_Party/FreeRTOS/Source/tasks.c **** 			{
 1502              		.loc 1 1409 6 is_stmt 0 view .LVU431
 1503 0020 B442     		cmp	r4, r6
 1504 0022 18BF     		it	ne
 1505 0024 AC42     		cmpne	r4, r5
 1506 0026 21D0     		beq	.L115
1417:Middlewares/Third_Party/FreeRTOS/Source/tasks.c **** 				{
 1507              		.loc 1 1417 10 is_stmt 1 view .LVU432
1417:Middlewares/Third_Party/FreeRTOS/Source/tasks.c **** 				{
 1508              		.loc 1 1417 12 is_stmt 0 view .LVU433
 1509 0028 154B     		ldr	r3, .L126+12
 1510 002a 9C42     		cmp	r4, r3
 1511 002c 0ED0     		beq	.L122
1453:Middlewares/Third_Party/FreeRTOS/Source/tasks.c **** 				{
 1512              		.loc 1 1453 10 is_stmt 1 view .LVU434
1453:Middlewares/Third_Party/FreeRTOS/Source/tasks.c **** 				{
 1513              		.loc 1 1453 12 is_stmt 0 view .LVU435
 1514 002e 154B     		ldr	r3, .L126+16
 1515 0030 9C42     		cmp	r4, r3
 1516 0032 1DD0     		beq	.L118
1453:Middlewares/Third_Party/FreeRTOS/Source/tasks.c **** 				{
 1517              		.loc 1 1453 59 discriminator 1 view .LVU436
 1518 0034 B4B1     		cbz	r4, .L123
1466:Middlewares/Third_Party/FreeRTOS/Source/tasks.c **** 			}
 1519              		.loc 1 1466 13 view .LVU437
 1520 0036 0120     		movs	r0, #1
 1521 0038 17E0     		b	.L112
 1522              	.LVL117:
 1523              	.L121:
1392:Middlewares/Third_Party/FreeRTOS/Source/tasks.c **** 
 1524              		.loc 1 1392 3 is_stmt 1 discriminator 1 view .LVU438
 1525              	.LBB138:
 1526              	.LBI138:
 191:Middlewares/Third_Party/FreeRTOS/Source/portable/GCC/ARM_CM4F/portmacro.h **** {
 1527              		.loc 2 191 30 view .LVU439
 1528              	.LBB139:
 193:Middlewares/Third_Party/FreeRTOS/Source/portable/GCC/ARM_CM4F/portmacro.h **** 
 1529              		.loc 2 193 1 view .LVU440
 1530              		.loc 2 195 2 view .LVU441
 1531              		.syntax unified
 1532              	@ 195 "Middlewares/Third_Party/FreeRTOS/Source/portable/GCC/ARM_CM4F/portmacro.h" 1
 1533 003a 4FF05003 			mov r3, #80												
 1534 003e 83F31188 		msr basepri, r3											
 1535 0042 BFF36F8F 		isb														
 1536 0046 BFF34F8F 		dsb														
ARM GAS  C:\Users\jason\AppData\Local\Temp\ccaXxPCU.s 			page 130


 1537              	
 1538              	@ 0 "" 2
 1539              		.thumb
 1540              		.syntax unified
 1541              	.L111:
 1542              	.LBE139:
 1543              	.LBE138:
1392:Middlewares/Third_Party/FreeRTOS/Source/tasks.c **** 
 1544              		.loc 1 1392 3 view .LVU442
 1545 004a FEE7     		b	.L111
 1546              	.LVL118:
 1547              	.L122:
1422:Middlewares/Third_Party/FreeRTOS/Source/tasks.c **** 					{
 1548              		.loc 1 1422 6 view .LVU443
1422:Middlewares/Third_Party/FreeRTOS/Source/tasks.c **** 					{
 1549              		.loc 1 1422 10 is_stmt 0 view .LVU444
 1550 004c BB6A     		ldr	r3, [r7, #40]
1422:Middlewares/Third_Party/FreeRTOS/Source/tasks.c **** 					{
 1551              		.loc 1 1422 8 view .LVU445
 1552 004e 0BB1     		cbz	r3, .L124
1447:Middlewares/Third_Party/FreeRTOS/Source/tasks.c **** 					}
 1553              		.loc 1 1447 15 view .LVU446
 1554 0050 0220     		movs	r0, #2
 1555 0052 0AE0     		b	.L112
 1556              	.L124:
1430:Middlewares/Third_Party/FreeRTOS/Source/tasks.c **** 							{
 1557              		.loc 1 1430 8 is_stmt 1 view .LVU447
1430:Middlewares/Third_Party/FreeRTOS/Source/tasks.c **** 							{
 1558              		.loc 1 1430 17 is_stmt 0 view .LVU448
 1559 0054 97F85830 		ldrb	r3, [r7, #88]	@ zero_extendqisi2
1430:Middlewares/Third_Party/FreeRTOS/Source/tasks.c **** 							{
 1560              		.loc 1 1430 10 view .LVU449
 1561 0058 012B     		cmp	r3, #1
 1562 005a 01D0     		beq	.L125
1436:Middlewares/Third_Party/FreeRTOS/Source/tasks.c **** 							}
 1563              		.loc 1 1436 17 view .LVU450
 1564 005c 0320     		movs	r0, #3
 1565 005e 04E0     		b	.L112
 1566              	.L125:
1432:Middlewares/Third_Party/FreeRTOS/Source/tasks.c **** 							}
 1567              		.loc 1 1432 17 view .LVU451
 1568 0060 0220     		movs	r0, #2
 1569 0062 02E0     		b	.L112
 1570              	.L123:
1458:Middlewares/Third_Party/FreeRTOS/Source/tasks.c **** 				}
 1571              		.loc 1 1458 14 view .LVU452
 1572 0064 0420     		movs	r0, #4
 1573 0066 00E0     		b	.L112
 1574              	.LVL119:
 1575              	.L114:
1397:Middlewares/Third_Party/FreeRTOS/Source/tasks.c **** 		}
 1576              		.loc 1 1397 12 view .LVU453
 1577 0068 0020     		movs	r0, #0
 1578              	.LVL120:
 1579              	.L112:
1470:Middlewares/Third_Party/FreeRTOS/Source/tasks.c **** 	} /*lint !e818 xTask cannot be a pointer to const because it is a typedef. */
 1580              		.loc 1 1470 3 is_stmt 1 view .LVU454
ARM GAS  C:\Users\jason\AppData\Local\Temp\ccaXxPCU.s 			page 131


1471:Middlewares/Third_Party/FreeRTOS/Source/tasks.c **** 
 1581              		.loc 1 1471 2 is_stmt 0 view .LVU455
 1582 006a F8BD     		pop	{r3, r4, r5, r6, r7, pc}
 1583              	.LVL121:
 1584              	.L115:
1413:Middlewares/Third_Party/FreeRTOS/Source/tasks.c **** 			}
 1585              		.loc 1 1413 13 view .LVU456
 1586 006c 0220     		movs	r0, #2
 1587 006e FCE7     		b	.L112
 1588              	.L118:
1458:Middlewares/Third_Party/FreeRTOS/Source/tasks.c **** 				}
 1589              		.loc 1 1458 14 view .LVU457
 1590 0070 0420     		movs	r0, #4
 1591 0072 FAE7     		b	.L112
 1592              	.L127:
 1593              		.align	2
 1594              	.L126:
 1595 0074 00000000 		.word	pxCurrentTCB
 1596 0078 00000000 		.word	pxDelayedTaskList
 1597 007c 00000000 		.word	pxOverflowDelayedTaskList
 1598 0080 00000000 		.word	xSuspendedTaskList
 1599 0084 00000000 		.word	xTasksWaitingTermination
 1600              		.cfi_endproc
 1601              	.LFE11:
 1603              		.section	.text.uxTaskPriorityGet,"ax",%progbits
 1604              		.align	1
 1605              		.global	uxTaskPriorityGet
 1606              		.syntax unified
 1607              		.thumb
 1608              		.thumb_func
 1610              	uxTaskPriorityGet:
 1611              	.LVL122:
 1612              	.LFB12:
1479:Middlewares/Third_Party/FreeRTOS/Source/tasks.c **** 	TCB_t const *pxTCB;
 1613              		.loc 1 1479 2 is_stmt 1 view -0
 1614              		.cfi_startproc
 1615              		@ args = 0, pretend = 0, frame = 0
 1616              		@ frame_needed = 0, uses_anonymous_args = 0
1479:Middlewares/Third_Party/FreeRTOS/Source/tasks.c **** 	TCB_t const *pxTCB;
 1617              		.loc 1 1479 2 is_stmt 0 view .LVU459
 1618 0000 10B5     		push	{r4, lr}
 1619              		.cfi_def_cfa_offset 8
 1620              		.cfi_offset 4, -8
 1621              		.cfi_offset 14, -4
 1622 0002 0446     		mov	r4, r0
1480:Middlewares/Third_Party/FreeRTOS/Source/tasks.c **** 	UBaseType_t uxReturn;
 1623              		.loc 1 1480 2 is_stmt 1 view .LVU460
1481:Middlewares/Third_Party/FreeRTOS/Source/tasks.c **** 
 1624              		.loc 1 1481 2 view .LVU461
1483:Middlewares/Third_Party/FreeRTOS/Source/tasks.c **** 		{
 1625              		.loc 1 1483 3 view .LVU462
 1626 0004 FFF7FEFF 		bl	vPortEnterCritical
 1627              	.LVL123:
1487:Middlewares/Third_Party/FreeRTOS/Source/tasks.c **** 			uxReturn = pxTCB->uxPriority;
 1628              		.loc 1 1487 4 view .LVU463
1487:Middlewares/Third_Party/FreeRTOS/Source/tasks.c **** 			uxReturn = pxTCB->uxPriority;
 1629              		.loc 1 1487 12 is_stmt 0 view .LVU464
ARM GAS  C:\Users\jason\AppData\Local\Temp\ccaXxPCU.s 			page 132


 1630 0008 24B1     		cbz	r4, .L131
 1631              	.LVL124:
 1632              	.L129:
1488:Middlewares/Third_Party/FreeRTOS/Source/tasks.c **** 		}
 1633              		.loc 1 1488 4 is_stmt 1 view .LVU465
1488:Middlewares/Third_Party/FreeRTOS/Source/tasks.c **** 		}
 1634              		.loc 1 1488 13 is_stmt 0 view .LVU466
 1635 000a E46A     		ldr	r4, [r4, #44]
 1636              	.LVL125:
1490:Middlewares/Third_Party/FreeRTOS/Source/tasks.c **** 
 1637              		.loc 1 1490 3 is_stmt 1 view .LVU467
 1638 000c FFF7FEFF 		bl	vPortExitCritical
 1639              	.LVL126:
1492:Middlewares/Third_Party/FreeRTOS/Source/tasks.c **** 	}
 1640              		.loc 1 1492 3 view .LVU468
1493:Middlewares/Third_Party/FreeRTOS/Source/tasks.c **** 
 1641              		.loc 1 1493 2 is_stmt 0 view .LVU469
 1642 0010 2046     		mov	r0, r4
 1643 0012 10BD     		pop	{r4, pc}
 1644              	.LVL127:
 1645              	.L131:
1487:Middlewares/Third_Party/FreeRTOS/Source/tasks.c **** 			uxReturn = pxTCB->uxPriority;
 1646              		.loc 1 1487 10 discriminator 1 view .LVU470
 1647 0014 014B     		ldr	r3, .L132
 1648 0016 1C68     		ldr	r4, [r3]
 1649              	.LVL128:
1487:Middlewares/Third_Party/FreeRTOS/Source/tasks.c **** 			uxReturn = pxTCB->uxPriority;
 1650              		.loc 1 1487 10 discriminator 1 view .LVU471
 1651 0018 F7E7     		b	.L129
 1652              	.L133:
 1653 001a 00BF     		.align	2
 1654              	.L132:
 1655 001c 00000000 		.word	pxCurrentTCB
 1656              		.cfi_endproc
 1657              	.LFE12:
 1659              		.section	.text.uxTaskPriorityGetFromISR,"ax",%progbits
 1660              		.align	1
 1661              		.global	uxTaskPriorityGetFromISR
 1662              		.syntax unified
 1663              		.thumb
 1664              		.thumb_func
 1666              	uxTaskPriorityGetFromISR:
 1667              	.LVL129:
 1668              	.LFB13:
1501:Middlewares/Third_Party/FreeRTOS/Source/tasks.c **** 	TCB_t const *pxTCB;
 1669              		.loc 1 1501 2 is_stmt 1 view -0
 1670              		.cfi_startproc
 1671              		@ args = 0, pretend = 0, frame = 0
 1672              		@ frame_needed = 0, uses_anonymous_args = 0
1501:Middlewares/Third_Party/FreeRTOS/Source/tasks.c **** 	TCB_t const *pxTCB;
 1673              		.loc 1 1501 2 is_stmt 0 view .LVU473
 1674 0000 10B5     		push	{r4, lr}
 1675              		.cfi_def_cfa_offset 8
 1676              		.cfi_offset 4, -8
 1677              		.cfi_offset 14, -4
 1678 0002 0446     		mov	r4, r0
1502:Middlewares/Third_Party/FreeRTOS/Source/tasks.c **** 	UBaseType_t uxReturn, uxSavedInterruptState;
ARM GAS  C:\Users\jason\AppData\Local\Temp\ccaXxPCU.s 			page 133


 1679              		.loc 1 1502 2 is_stmt 1 view .LVU474
1503:Middlewares/Third_Party/FreeRTOS/Source/tasks.c **** 
 1680              		.loc 1 1503 2 view .LVU475
1521:Middlewares/Third_Party/FreeRTOS/Source/tasks.c **** 
 1681              		.loc 1 1521 3 view .LVU476
 1682 0004 FFF7FEFF 		bl	vPortValidateInterruptPriority
 1683              	.LVL130:
1523:Middlewares/Third_Party/FreeRTOS/Source/tasks.c **** 		{
 1684              		.loc 1 1523 3 view .LVU477
 1685              	.LBB140:
 1686              	.LBI140:
 196:Middlewares/Third_Party/FreeRTOS/Source/portable/GCC/ARM_CM4F/portmacro.h **** 	(
 197:Middlewares/Third_Party/FreeRTOS/Source/portable/GCC/ARM_CM4F/portmacro.h **** 		"	mov %0, %1												\n"	\
 198:Middlewares/Third_Party/FreeRTOS/Source/portable/GCC/ARM_CM4F/portmacro.h **** 		"	msr basepri, %0											\n" \
 199:Middlewares/Third_Party/FreeRTOS/Source/portable/GCC/ARM_CM4F/portmacro.h **** 		"	isb														\n" \
 200:Middlewares/Third_Party/FreeRTOS/Source/portable/GCC/ARM_CM4F/portmacro.h **** 		"	dsb														\n" \
 201:Middlewares/Third_Party/FreeRTOS/Source/portable/GCC/ARM_CM4F/portmacro.h **** 		:"=r" (ulNewBASEPRI) : "i" ( configMAX_SYSCALL_INTERRUPT_PRIORITY ) : "memory"
 202:Middlewares/Third_Party/FreeRTOS/Source/portable/GCC/ARM_CM4F/portmacro.h **** 	);
 203:Middlewares/Third_Party/FreeRTOS/Source/portable/GCC/ARM_CM4F/portmacro.h **** }
 204:Middlewares/Third_Party/FreeRTOS/Source/portable/GCC/ARM_CM4F/portmacro.h **** 
 205:Middlewares/Third_Party/FreeRTOS/Source/portable/GCC/ARM_CM4F/portmacro.h **** /*-----------------------------------------------------------*/
 206:Middlewares/Third_Party/FreeRTOS/Source/portable/GCC/ARM_CM4F/portmacro.h **** 
 207:Middlewares/Third_Party/FreeRTOS/Source/portable/GCC/ARM_CM4F/portmacro.h **** portFORCE_INLINE static uint32_t ulPortRaiseBASEPRI( void )
 1687              		.loc 2 207 34 view .LVU478
 1688              	.LBB141:
 208:Middlewares/Third_Party/FreeRTOS/Source/portable/GCC/ARM_CM4F/portmacro.h **** {
 209:Middlewares/Third_Party/FreeRTOS/Source/portable/GCC/ARM_CM4F/portmacro.h **** uint32_t ulOriginalBASEPRI, ulNewBASEPRI;
 1689              		.loc 2 209 1 view .LVU479
 210:Middlewares/Third_Party/FreeRTOS/Source/portable/GCC/ARM_CM4F/portmacro.h **** 
 211:Middlewares/Third_Party/FreeRTOS/Source/portable/GCC/ARM_CM4F/portmacro.h **** 	__asm volatile
 1690              		.loc 2 211 2 view .LVU480
 1691              		.syntax unified
 1692              	@ 211 "Middlewares/Third_Party/FreeRTOS/Source/portable/GCC/ARM_CM4F/portmacro.h" 1
 1693 0008 EFF31183 			mrs r3, basepri											
 1694 000c 4FF05002 		mov r2, #80												
 1695 0010 82F31188 		msr basepri, r2											
 1696 0014 BFF36F8F 		isb														
 1697 0018 BFF34F8F 		dsb														
 1698              	
 1699              	@ 0 "" 2
 212:Middlewares/Third_Party/FreeRTOS/Source/portable/GCC/ARM_CM4F/portmacro.h **** 	(
 213:Middlewares/Third_Party/FreeRTOS/Source/portable/GCC/ARM_CM4F/portmacro.h **** 		"	mrs %0, basepri											\n" \
 214:Middlewares/Third_Party/FreeRTOS/Source/portable/GCC/ARM_CM4F/portmacro.h **** 		"	mov %1, %2												\n"	\
 215:Middlewares/Third_Party/FreeRTOS/Source/portable/GCC/ARM_CM4F/portmacro.h **** 		"	msr basepri, %1											\n" \
 216:Middlewares/Third_Party/FreeRTOS/Source/portable/GCC/ARM_CM4F/portmacro.h **** 		"	isb														\n" \
 217:Middlewares/Third_Party/FreeRTOS/Source/portable/GCC/ARM_CM4F/portmacro.h **** 		"	dsb														\n" \
 218:Middlewares/Third_Party/FreeRTOS/Source/portable/GCC/ARM_CM4F/portmacro.h **** 		:"=r" (ulOriginalBASEPRI), "=r" (ulNewBASEPRI) : "i" ( configMAX_SYSCALL_INTERRUPT_PRIORITY ) : "
 219:Middlewares/Third_Party/FreeRTOS/Source/portable/GCC/ARM_CM4F/portmacro.h **** 	);
 220:Middlewares/Third_Party/FreeRTOS/Source/portable/GCC/ARM_CM4F/portmacro.h **** 
 221:Middlewares/Third_Party/FreeRTOS/Source/portable/GCC/ARM_CM4F/portmacro.h **** 	/* This return will not be reached but is necessary to prevent compiler
 222:Middlewares/Third_Party/FreeRTOS/Source/portable/GCC/ARM_CM4F/portmacro.h **** 	warnings. */
 223:Middlewares/Third_Party/FreeRTOS/Source/portable/GCC/ARM_CM4F/portmacro.h **** 	return ulOriginalBASEPRI;
 1700              		.loc 2 223 2 view .LVU481
 1701              	.LVL131:
 1702              		.loc 2 223 2 is_stmt 0 view .LVU482
 1703              		.thumb
 1704              		.syntax unified
ARM GAS  C:\Users\jason\AppData\Local\Temp\ccaXxPCU.s 			page 134


 1705              	.LBE141:
 1706              	.LBE140:
1527:Middlewares/Third_Party/FreeRTOS/Source/tasks.c **** 			uxReturn = pxTCB->uxPriority;
 1707              		.loc 1 1527 4 is_stmt 1 view .LVU483
1527:Middlewares/Third_Party/FreeRTOS/Source/tasks.c **** 			uxReturn = pxTCB->uxPriority;
 1708              		.loc 1 1527 12 is_stmt 0 view .LVU484
 1709 001c 1CB1     		cbz	r4, .L137
 1710              	.LVL132:
 1711              	.L135:
1528:Middlewares/Third_Party/FreeRTOS/Source/tasks.c **** 		}
 1712              		.loc 1 1528 4 is_stmt 1 view .LVU485
1528:Middlewares/Third_Party/FreeRTOS/Source/tasks.c **** 		}
 1713              		.loc 1 1528 13 is_stmt 0 view .LVU486
 1714 001e E06A     		ldr	r0, [r4, #44]
 1715              	.LVL133:
1530:Middlewares/Third_Party/FreeRTOS/Source/tasks.c **** 
 1716              		.loc 1 1530 3 is_stmt 1 view .LVU487
 1717              	.LBB142:
 1718              	.LBI142:
 224:Middlewares/Third_Party/FreeRTOS/Source/portable/GCC/ARM_CM4F/portmacro.h **** }
 225:Middlewares/Third_Party/FreeRTOS/Source/portable/GCC/ARM_CM4F/portmacro.h **** /*-----------------------------------------------------------*/
 226:Middlewares/Third_Party/FreeRTOS/Source/portable/GCC/ARM_CM4F/portmacro.h **** 
 227:Middlewares/Third_Party/FreeRTOS/Source/portable/GCC/ARM_CM4F/portmacro.h **** portFORCE_INLINE static void vPortSetBASEPRI( uint32_t ulNewMaskValue )
 1719              		.loc 2 227 30 view .LVU488
 1720              	.LBB143:
 228:Middlewares/Third_Party/FreeRTOS/Source/portable/GCC/ARM_CM4F/portmacro.h **** {
 229:Middlewares/Third_Party/FreeRTOS/Source/portable/GCC/ARM_CM4F/portmacro.h **** 	__asm volatile
 1721              		.loc 2 229 2 view .LVU489
 1722              		.syntax unified
 1723              	@ 229 "Middlewares/Third_Party/FreeRTOS/Source/portable/GCC/ARM_CM4F/portmacro.h" 1
 1724 0020 83F31188 			msr basepri, r3	
 1725              	@ 0 "" 2
 1726              		.thumb
 1727              		.syntax unified
 1728              	.LBE143:
 1729              	.LBE142:
1532:Middlewares/Third_Party/FreeRTOS/Source/tasks.c **** 	}
 1730              		.loc 1 1532 3 view .LVU490
1533:Middlewares/Third_Party/FreeRTOS/Source/tasks.c **** 
 1731              		.loc 1 1533 2 is_stmt 0 view .LVU491
 1732 0024 10BD     		pop	{r4, pc}
 1733              	.LVL134:
 1734              	.L137:
1527:Middlewares/Third_Party/FreeRTOS/Source/tasks.c **** 			uxReturn = pxTCB->uxPriority;
 1735              		.loc 1 1527 10 discriminator 1 view .LVU492
 1736 0026 014A     		ldr	r2, .L138
 1737 0028 1468     		ldr	r4, [r2]
 1738              	.LVL135:
1527:Middlewares/Third_Party/FreeRTOS/Source/tasks.c **** 			uxReturn = pxTCB->uxPriority;
 1739              		.loc 1 1527 10 discriminator 1 view .LVU493
 1740 002a F8E7     		b	.L135
 1741              	.L139:
 1742              		.align	2
 1743              	.L138:
 1744 002c 00000000 		.word	pxCurrentTCB
 1745              		.cfi_endproc
 1746              	.LFE13:
ARM GAS  C:\Users\jason\AppData\Local\Temp\ccaXxPCU.s 			page 135


 1748              		.section	.text.vTaskPrioritySet,"ax",%progbits
 1749              		.align	1
 1750              		.global	vTaskPrioritySet
 1751              		.syntax unified
 1752              		.thumb
 1753              		.thumb_func
 1755              	vTaskPrioritySet:
 1756              	.LVL136:
 1757              	.LFB14:
1541:Middlewares/Third_Party/FreeRTOS/Source/tasks.c **** 	TCB_t *pxTCB;
 1758              		.loc 1 1541 2 is_stmt 1 view -0
 1759              		.cfi_startproc
 1760              		@ args = 0, pretend = 0, frame = 0
 1761              		@ frame_needed = 0, uses_anonymous_args = 0
1542:Middlewares/Third_Party/FreeRTOS/Source/tasks.c **** 	UBaseType_t uxCurrentBasePriority, uxPriorityUsedOnEntry;
 1762              		.loc 1 1542 2 view .LVU495
1543:Middlewares/Third_Party/FreeRTOS/Source/tasks.c **** 	BaseType_t xYieldRequired = pdFALSE;
 1763              		.loc 1 1543 2 view .LVU496
1544:Middlewares/Third_Party/FreeRTOS/Source/tasks.c **** 
 1764              		.loc 1 1544 2 view .LVU497
1546:Middlewares/Third_Party/FreeRTOS/Source/tasks.c **** 
 1765              		.loc 1 1546 3 view .LVU498
 1766 0000 3729     		cmp	r1, #55
 1767 0002 08D9     		bls	.L141
1546:Middlewares/Third_Party/FreeRTOS/Source/tasks.c **** 
 1768              		.loc 1 1546 3 discriminator 1 view .LVU499
 1769              	.LBB144:
 1770              	.LBI144:
 191:Middlewares/Third_Party/FreeRTOS/Source/portable/GCC/ARM_CM4F/portmacro.h **** {
 1771              		.loc 2 191 30 view .LVU500
 1772              	.LBB145:
 193:Middlewares/Third_Party/FreeRTOS/Source/portable/GCC/ARM_CM4F/portmacro.h **** 
 1773              		.loc 2 193 1 view .LVU501
 195:Middlewares/Third_Party/FreeRTOS/Source/portable/GCC/ARM_CM4F/portmacro.h **** 	(
 1774              		.loc 2 195 2 view .LVU502
 1775              		.syntax unified
 1776              	@ 195 "Middlewares/Third_Party/FreeRTOS/Source/portable/GCC/ARM_CM4F/portmacro.h" 1
 1777 0004 4FF05003 			mov r3, #80												
 1778 0008 83F31188 		msr basepri, r3											
 1779 000c BFF36F8F 		isb														
 1780 0010 BFF34F8F 		dsb														
 1781              	
 1782              	@ 0 "" 2
 1783              		.thumb
 1784              		.syntax unified
 1785              	.L142:
 1786              	.LBE145:
 1787              	.LBE144:
1546:Middlewares/Third_Party/FreeRTOS/Source/tasks.c **** 
 1788              		.loc 1 1546 3 view .LVU503
 1789 0014 FEE7     		b	.L142
 1790              	.L141:
1541:Middlewares/Third_Party/FreeRTOS/Source/tasks.c **** 	TCB_t *pxTCB;
 1791              		.loc 1 1541 2 is_stmt 0 view .LVU504
 1792 0016 70B5     		push	{r4, r5, r6, lr}
 1793              		.cfi_def_cfa_offset 16
 1794              		.cfi_offset 4, -16
ARM GAS  C:\Users\jason\AppData\Local\Temp\ccaXxPCU.s 			page 136


 1795              		.cfi_offset 5, -12
 1796              		.cfi_offset 6, -8
 1797              		.cfi_offset 14, -4
 1798 0018 0546     		mov	r5, r0
 1799 001a 0C46     		mov	r4, r1
1546:Middlewares/Third_Party/FreeRTOS/Source/tasks.c **** 
 1800              		.loc 1 1546 59 is_stmt 1 view .LVU505
1549:Middlewares/Third_Party/FreeRTOS/Source/tasks.c **** 		{
 1801              		.loc 1 1549 3 view .LVU506
 1802              	.LVL137:
1555:Middlewares/Third_Party/FreeRTOS/Source/tasks.c **** 		}
 1803              		.loc 1 1555 28 view .LVU507
1558:Middlewares/Third_Party/FreeRTOS/Source/tasks.c **** 		{
 1804              		.loc 1 1558 3 view .LVU508
 1805 001c FFF7FEFF 		bl	vPortEnterCritical
 1806              	.LVL138:
1562:Middlewares/Third_Party/FreeRTOS/Source/tasks.c **** 
 1807              		.loc 1 1562 4 view .LVU509
1562:Middlewares/Third_Party/FreeRTOS/Source/tasks.c **** 
 1808              		.loc 1 1562 12 is_stmt 0 view .LVU510
 1809 0020 7DB1     		cbz	r5, .L156
 1810              	.LVL139:
 1811              	.L143:
1564:Middlewares/Third_Party/FreeRTOS/Source/tasks.c **** 
 1812              		.loc 1 1564 50 is_stmt 1 view .LVU511
1568:Middlewares/Third_Party/FreeRTOS/Source/tasks.c **** 			}
 1813              		.loc 1 1568 5 view .LVU512
1568:Middlewares/Third_Party/FreeRTOS/Source/tasks.c **** 			}
 1814              		.loc 1 1568 27 is_stmt 0 view .LVU513
 1815 0022 EA6C     		ldr	r2, [r5, #76]
 1816              	.LVL140:
1576:Middlewares/Third_Party/FreeRTOS/Source/tasks.c **** 			{
 1817              		.loc 1 1576 4 is_stmt 1 view .LVU514
1576:Middlewares/Third_Party/FreeRTOS/Source/tasks.c **** 			{
 1818              		.loc 1 1576 6 is_stmt 0 view .LVU515
 1819 0024 9442     		cmp	r4, r2
 1820 0026 32D0     		beq	.L144
1580:Middlewares/Third_Party/FreeRTOS/Source/tasks.c **** 				{
 1821              		.loc 1 1580 5 is_stmt 1 view .LVU516
1580:Middlewares/Third_Party/FreeRTOS/Source/tasks.c **** 				{
 1822              		.loc 1 1580 7 is_stmt 0 view .LVU517
 1823 0028 0ED9     		bls	.L145
1582:Middlewares/Third_Party/FreeRTOS/Source/tasks.c **** 					{
 1824              		.loc 1 1582 6 is_stmt 1 view .LVU518
1582:Middlewares/Third_Party/FreeRTOS/Source/tasks.c **** 					{
 1825              		.loc 1 1582 16 is_stmt 0 view .LVU519
 1826 002a 2A4B     		ldr	r3, .L159
 1827 002c 1B68     		ldr	r3, [r3]
1582:Middlewares/Third_Party/FreeRTOS/Source/tasks.c **** 					{
 1828              		.loc 1 1582 8 view .LVU520
 1829 002e AB42     		cmp	r3, r5
 1830 0030 30D0     		beq	.L151
1587:Middlewares/Third_Party/FreeRTOS/Source/tasks.c **** 						{
 1831              		.loc 1 1587 7 is_stmt 1 view .LVU521
1587:Middlewares/Third_Party/FreeRTOS/Source/tasks.c **** 						{
 1832              		.loc 1 1587 40 is_stmt 0 view .LVU522
 1833 0032 284B     		ldr	r3, .L159
ARM GAS  C:\Users\jason\AppData\Local\Temp\ccaXxPCU.s 			page 137


 1834 0034 1B68     		ldr	r3, [r3]
 1835 0036 DB6A     		ldr	r3, [r3, #44]
1587:Middlewares/Third_Party/FreeRTOS/Source/tasks.c **** 						{
 1836              		.loc 1 1587 9 view .LVU523
 1837 0038 A342     		cmp	r3, r4
 1838 003a 2ED9     		bls	.L152
1544:Middlewares/Third_Party/FreeRTOS/Source/tasks.c **** 
 1839              		.loc 1 1544 13 view .LVU524
 1840 003c 0023     		movs	r3, #0
 1841 003e 1E46     		mov	r6, r3
 1842 0040 08E0     		b	.L146
 1843              	.LVL141:
 1844              	.L156:
1562:Middlewares/Third_Party/FreeRTOS/Source/tasks.c **** 
 1845              		.loc 1 1562 10 discriminator 1 view .LVU525
 1846 0042 244B     		ldr	r3, .L159
 1847 0044 1D68     		ldr	r5, [r3]
 1848              	.LVL142:
1562:Middlewares/Third_Party/FreeRTOS/Source/tasks.c **** 
 1849              		.loc 1 1562 10 discriminator 1 view .LVU526
 1850 0046 ECE7     		b	.L143
 1851              	.LVL143:
 1852              	.L145:
1603:Middlewares/Third_Party/FreeRTOS/Source/tasks.c **** 				{
 1853              		.loc 1 1603 10 is_stmt 1 view .LVU527
1603:Middlewares/Third_Party/FreeRTOS/Source/tasks.c **** 				{
 1854              		.loc 1 1603 20 is_stmt 0 view .LVU528
 1855 0048 224B     		ldr	r3, .L159
 1856 004a 1B68     		ldr	r3, [r3]
1603:Middlewares/Third_Party/FreeRTOS/Source/tasks.c **** 				{
 1857              		.loc 1 1603 12 view .LVU529
 1858 004c AB42     		cmp	r3, r5
 1859 004e 27D0     		beq	.L153
1544:Middlewares/Third_Party/FreeRTOS/Source/tasks.c **** 
 1860              		.loc 1 1544 13 view .LVU530
 1861 0050 0023     		movs	r3, #0
 1862 0052 1E46     		mov	r6, r3
 1863              	.L146:
 1864              	.LVL144:
1615:Middlewares/Third_Party/FreeRTOS/Source/tasks.c **** 
 1865              		.loc 1 1615 5 is_stmt 1 view .LVU531
1620:Middlewares/Third_Party/FreeRTOS/Source/tasks.c **** 
 1866              		.loc 1 1620 5 view .LVU532
1620:Middlewares/Third_Party/FreeRTOS/Source/tasks.c **** 
 1867              		.loc 1 1620 27 is_stmt 0 view .LVU533
 1868 0054 EB6A     		ldr	r3, [r5, #44]
 1869              	.LVL145:
1626:Middlewares/Third_Party/FreeRTOS/Source/tasks.c **** 					{
 1870              		.loc 1 1626 6 is_stmt 1 view .LVU534
1626:Middlewares/Third_Party/FreeRTOS/Source/tasks.c **** 					{
 1871              		.loc 1 1626 8 is_stmt 0 view .LVU535
 1872 0056 9A42     		cmp	r2, r3
 1873 0058 25D0     		beq	.L157
 1874              	.L147:
1632:Middlewares/Third_Party/FreeRTOS/Source/tasks.c **** 					}
 1875              		.loc 1 1632 31 is_stmt 1 view .LVU536
1636:Middlewares/Third_Party/FreeRTOS/Source/tasks.c **** 				}
ARM GAS  C:\Users\jason\AppData\Local\Temp\ccaXxPCU.s 			page 138


 1876              		.loc 1 1636 6 view .LVU537
1636:Middlewares/Third_Party/FreeRTOS/Source/tasks.c **** 				}
 1877              		.loc 1 1636 28 is_stmt 0 view .LVU538
 1878 005a EC64     		str	r4, [r5, #76]
1646:Middlewares/Third_Party/FreeRTOS/Source/tasks.c **** 				{
 1879              		.loc 1 1646 5 is_stmt 1 view .LVU539
1646:Middlewares/Third_Party/FreeRTOS/Source/tasks.c **** 				{
 1880              		.loc 1 1646 11 is_stmt 0 view .LVU540
 1881 005c AA69     		ldr	r2, [r5, #24]
 1882              	.LVL146:
1646:Middlewares/Third_Party/FreeRTOS/Source/tasks.c **** 				{
 1883              		.loc 1 1646 7 view .LVU541
 1884 005e 002A     		cmp	r2, #0
 1885 0060 02DB     		blt	.L148
1648:Middlewares/Third_Party/FreeRTOS/Source/tasks.c **** 				}
 1886              		.loc 1 1648 6 is_stmt 1 view .LVU542
 1887 0062 C4F13804 		rsb	r4, r4, #56
 1888              	.LVL147:
1648:Middlewares/Third_Party/FreeRTOS/Source/tasks.c **** 				}
 1889              		.loc 1 1648 6 is_stmt 0 view .LVU543
 1890 0066 AC61     		str	r4, [r5, #24]
 1891              	.L148:
1652:Middlewares/Third_Party/FreeRTOS/Source/tasks.c **** 				}
 1892              		.loc 1 1652 30 is_stmt 1 view .LVU544
1659:Middlewares/Third_Party/FreeRTOS/Source/tasks.c **** 				{
 1893              		.loc 1 1659 5 view .LVU545
1659:Middlewares/Third_Party/FreeRTOS/Source/tasks.c **** 				{
 1894              		.loc 1 1659 9 is_stmt 0 view .LVU546
 1895 0068 6969     		ldr	r1, [r5, #20]
 1896 006a 03EB8303 		add	r3, r3, r3, lsl #2
 1897              	.LVL148:
1659:Middlewares/Third_Party/FreeRTOS/Source/tasks.c **** 				{
 1898              		.loc 1 1659 9 view .LVU547
 1899 006e 1A4A     		ldr	r2, .L159+4
 1900 0070 02EB8303 		add	r3, r2, r3, lsl #2
1659:Middlewares/Third_Party/FreeRTOS/Source/tasks.c **** 				{
 1901              		.loc 1 1659 7 view .LVU548
 1902 0074 9942     		cmp	r1, r3
 1903 0076 18D0     		beq	.L158
 1904              	.LVL149:
 1905              	.L149:
1679:Middlewares/Third_Party/FreeRTOS/Source/tasks.c **** 				}
 1906              		.loc 1 1679 30 is_stmt 1 view .LVU549
1682:Middlewares/Third_Party/FreeRTOS/Source/tasks.c **** 				{
 1907              		.loc 1 1682 5 view .LVU550
1682:Middlewares/Third_Party/FreeRTOS/Source/tasks.c **** 				{
 1908              		.loc 1 1682 7 is_stmt 0 view .LVU551
 1909 0078 4EB1     		cbz	r6, .L144
1684:Middlewares/Third_Party/FreeRTOS/Source/tasks.c **** 				}
 1910              		.loc 1 1684 6 is_stmt 1 view .LVU552
 1911 007a 4FF0E023 		mov	r3, #-536813568
 1912 007e 4FF08052 		mov	r2, #268435456
 1913 0082 C3F8042D 		str	r2, [r3, #3332]
1684:Middlewares/Third_Party/FreeRTOS/Source/tasks.c **** 				}
 1914              		.loc 1 1684 6 view .LVU553
 1915              		.syntax unified
 1916              	@ 1684 "Middlewares/Third_Party/FreeRTOS/Source/tasks.c" 1
ARM GAS  C:\Users\jason\AppData\Local\Temp\ccaXxPCU.s 			page 139


 1917 0086 BFF34F8F 		dsb
 1918              	@ 0 "" 2
1684:Middlewares/Third_Party/FreeRTOS/Source/tasks.c **** 				}
 1919              		.loc 1 1684 6 view .LVU554
 1920              	@ 1684 "Middlewares/Third_Party/FreeRTOS/Source/tasks.c" 1
 1921 008a BFF36F8F 		isb
 1922              	@ 0 "" 2
1684:Middlewares/Third_Party/FreeRTOS/Source/tasks.c **** 				}
 1923              		.loc 1 1684 37 view .LVU555
 1924              	.LVL150:
 1925              		.thumb
 1926              		.syntax unified
 1927              	.L144:
1688:Middlewares/Third_Party/FreeRTOS/Source/tasks.c **** 				}
 1928              		.loc 1 1688 30 view .LVU556
1693:Middlewares/Third_Party/FreeRTOS/Source/tasks.c **** 			}
 1929              		.loc 1 1693 5 view .LVU557
1696:Middlewares/Third_Party/FreeRTOS/Source/tasks.c **** 	}
 1930              		.loc 1 1696 3 view .LVU558
 1931 008e FFF7FEFF 		bl	vPortExitCritical
 1932              	.LVL151:
1697:Middlewares/Third_Party/FreeRTOS/Source/tasks.c **** 
 1933              		.loc 1 1697 2 is_stmt 0 view .LVU559
 1934 0092 70BD     		pop	{r4, r5, r6, pc}
 1935              	.LVL152:
 1936              	.L151:
1544:Middlewares/Third_Party/FreeRTOS/Source/tasks.c **** 
 1937              		.loc 1 1544 13 view .LVU560
 1938 0094 0023     		movs	r3, #0
 1939 0096 1E46     		mov	r6, r3
 1940 0098 DCE7     		b	.L146
 1941              	.L152:
1589:Middlewares/Third_Party/FreeRTOS/Source/tasks.c **** 						}
 1942              		.loc 1 1589 23 view .LVU561
 1943 009a 0123     		movs	r3, #1
 1944 009c 1E46     		mov	r6, r3
 1945 009e D9E7     		b	.L146
 1946              	.L153:
1608:Middlewares/Third_Party/FreeRTOS/Source/tasks.c **** 				}
 1947              		.loc 1 1608 21 view .LVU562
 1948 00a0 0123     		movs	r3, #1
 1949 00a2 1E46     		mov	r6, r3
 1950 00a4 D6E7     		b	.L146
 1951              	.LVL153:
 1952              	.L157:
1628:Middlewares/Third_Party/FreeRTOS/Source/tasks.c **** 					}
 1953              		.loc 1 1628 7 is_stmt 1 view .LVU563
1628:Middlewares/Third_Party/FreeRTOS/Source/tasks.c **** 					}
 1954              		.loc 1 1628 25 is_stmt 0 view .LVU564
 1955 00a6 EC62     		str	r4, [r5, #44]
 1956 00a8 D7E7     		b	.L147
 1957              	.LVL154:
 1958              	.L158:
1664:Middlewares/Third_Party/FreeRTOS/Source/tasks.c **** 					{
 1959              		.loc 1 1664 6 is_stmt 1 view .LVU565
1664:Middlewares/Third_Party/FreeRTOS/Source/tasks.c **** 					{
 1960              		.loc 1 1664 24 is_stmt 0 view .LVU566
ARM GAS  C:\Users\jason\AppData\Local\Temp\ccaXxPCU.s 			page 140


 1961 00aa 2C1D     		adds	r4, r5, #4
1664:Middlewares/Third_Party/FreeRTOS/Source/tasks.c **** 					{
 1962              		.loc 1 1664 10 view .LVU567
 1963 00ac 2046     		mov	r0, r4
 1964 00ae FFF7FEFF 		bl	uxListRemove
 1965              	.LVL155:
1669:Middlewares/Third_Party/FreeRTOS/Source/tasks.c **** 					}
 1966              		.loc 1 1669 76 is_stmt 1 view .LVU568
1673:Middlewares/Third_Party/FreeRTOS/Source/tasks.c **** 					}
 1967              		.loc 1 1673 31 view .LVU569
1675:Middlewares/Third_Party/FreeRTOS/Source/tasks.c **** 				}
 1968              		.loc 1 1675 6 view .LVU570
1675:Middlewares/Third_Party/FreeRTOS/Source/tasks.c **** 				}
 1969              		.loc 1 1675 6 view .LVU571
 1970 00b2 E86A     		ldr	r0, [r5, #44]
 1971 00b4 094B     		ldr	r3, .L159+8
 1972 00b6 1B68     		ldr	r3, [r3]
 1973 00b8 9842     		cmp	r0, r3
 1974 00ba 01D9     		bls	.L150
1675:Middlewares/Third_Party/FreeRTOS/Source/tasks.c **** 				}
 1975              		.loc 1 1675 6 discriminator 1 view .LVU572
 1976 00bc 074B     		ldr	r3, .L159+8
 1977 00be 1860     		str	r0, [r3]
 1978              	.L150:
1675:Middlewares/Third_Party/FreeRTOS/Source/tasks.c **** 				}
 1979              		.loc 1 1675 6 discriminator 3 view .LVU573
1675:Middlewares/Third_Party/FreeRTOS/Source/tasks.c **** 				}
 1980              		.loc 1 1675 6 discriminator 3 view .LVU574
 1981 00c0 00EB8000 		add	r0, r0, r0, lsl #2
 1982 00c4 2146     		mov	r1, r4
 1983 00c6 044B     		ldr	r3, .L159+4
 1984 00c8 03EB8000 		add	r0, r3, r0, lsl #2
 1985 00cc FFF7FEFF 		bl	vListInsertEnd
 1986              	.LVL156:
1675:Middlewares/Third_Party/FreeRTOS/Source/tasks.c **** 				}
 1987              		.loc 1 1675 36 discriminator 4 view .LVU575
 1988 00d0 D2E7     		b	.L149
 1989              	.L160:
 1990 00d2 00BF     		.align	2
 1991              	.L159:
 1992 00d4 00000000 		.word	pxCurrentTCB
 1993 00d8 00000000 		.word	pxReadyTasksLists
 1994 00dc 00000000 		.word	uxTopReadyPriority
 1995              		.cfi_endproc
 1996              	.LFE14:
 1998              		.section	.text.vTaskResume,"ax",%progbits
 1999              		.align	1
 2000              		.global	vTaskResume
 2001              		.syntax unified
 2002              		.thumb
 2003              		.thumb_func
 2005              	vTaskResume:
 2006              	.LVL157:
 2007              	.LFB17:
1852:Middlewares/Third_Party/FreeRTOS/Source/tasks.c **** 	TCB_t * const pxTCB = xTaskToResume;
 2008              		.loc 1 1852 2 view -0
 2009              		.cfi_startproc
ARM GAS  C:\Users\jason\AppData\Local\Temp\ccaXxPCU.s 			page 141


 2010              		@ args = 0, pretend = 0, frame = 0
 2011              		@ frame_needed = 0, uses_anonymous_args = 0
1852:Middlewares/Third_Party/FreeRTOS/Source/tasks.c **** 	TCB_t * const pxTCB = xTaskToResume;
 2012              		.loc 1 1852 2 is_stmt 0 view .LVU577
 2013 0000 38B5     		push	{r3, r4, r5, lr}
 2014              		.cfi_def_cfa_offset 16
 2015              		.cfi_offset 3, -16
 2016              		.cfi_offset 4, -12
 2017              		.cfi_offset 5, -8
 2018              		.cfi_offset 14, -4
1853:Middlewares/Third_Party/FreeRTOS/Source/tasks.c **** 
 2019              		.loc 1 1853 2 is_stmt 1 view .LVU578
 2020              	.LVL158:
1856:Middlewares/Third_Party/FreeRTOS/Source/tasks.c **** 
 2021              		.loc 1 1856 3 view .LVU579
 2022 0002 68B1     		cbz	r0, .L168
 2023 0004 0446     		mov	r4, r0
1856:Middlewares/Third_Party/FreeRTOS/Source/tasks.c **** 
 2024              		.loc 1 1856 32 view .LVU580
1860:Middlewares/Third_Party/FreeRTOS/Source/tasks.c **** 		{
 2025              		.loc 1 1860 3 view .LVU581
1860:Middlewares/Third_Party/FreeRTOS/Source/tasks.c **** 		{
 2026              		.loc 1 1860 15 is_stmt 0 view .LVU582
 2027 0006 1D4B     		ldr	r3, .L170
 2028 0008 1B68     		ldr	r3, [r3]
1860:Middlewares/Third_Party/FreeRTOS/Source/tasks.c **** 		{
 2029              		.loc 1 1860 5 view .LVU583
 2030 000a 8342     		cmp	r3, r0
 2031 000c 07D0     		beq	.L161
1862:Middlewares/Third_Party/FreeRTOS/Source/tasks.c **** 			{
 2032              		.loc 1 1862 4 is_stmt 1 view .LVU584
 2033 000e FFF7FEFF 		bl	vPortEnterCritical
 2034              	.LVL159:
1864:Middlewares/Third_Party/FreeRTOS/Source/tasks.c **** 				{
 2035              		.loc 1 1864 5 view .LVU585
1864:Middlewares/Third_Party/FreeRTOS/Source/tasks.c **** 				{
 2036              		.loc 1 1864 9 is_stmt 0 view .LVU586
 2037 0012 2046     		mov	r0, r4
 2038 0014 FFF7FEFF 		bl	prvTaskIsTaskSuspended
 2039              	.LVL160:
1864:Middlewares/Third_Party/FreeRTOS/Source/tasks.c **** 				{
 2040              		.loc 1 1864 7 discriminator 1 view .LVU587
 2041 0018 58B9     		cbnz	r0, .L169
 2042              	.L165:
1888:Middlewares/Third_Party/FreeRTOS/Source/tasks.c **** 				}
 2043              		.loc 1 1888 30 is_stmt 1 view .LVU588
1891:Middlewares/Third_Party/FreeRTOS/Source/tasks.c **** 		}
 2044              		.loc 1 1891 4 view .LVU589
 2045 001a FFF7FEFF 		bl	vPortExitCritical
 2046              	.LVL161:
1895:Middlewares/Third_Party/FreeRTOS/Source/tasks.c **** 		}
 2047              		.loc 1 1895 28 view .LVU590
 2048              	.L161:
1897:Middlewares/Third_Party/FreeRTOS/Source/tasks.c **** 
 2049              		.loc 1 1897 2 is_stmt 0 view .LVU591
 2050 001e 38BD     		pop	{r3, r4, r5, pc}
 2051              	.LVL162:
ARM GAS  C:\Users\jason\AppData\Local\Temp\ccaXxPCU.s 			page 142


 2052              	.L168:
1856:Middlewares/Third_Party/FreeRTOS/Source/tasks.c **** 
 2053              		.loc 1 1856 3 is_stmt 1 discriminator 1 view .LVU592
 2054              	.LBB146:
 2055              	.LBI146:
 191:Middlewares/Third_Party/FreeRTOS/Source/portable/GCC/ARM_CM4F/portmacro.h **** {
 2056              		.loc 2 191 30 view .LVU593
 2057              	.LBB147:
 193:Middlewares/Third_Party/FreeRTOS/Source/portable/GCC/ARM_CM4F/portmacro.h **** 
 2058              		.loc 2 193 1 view .LVU594
 195:Middlewares/Third_Party/FreeRTOS/Source/portable/GCC/ARM_CM4F/portmacro.h **** 	(
 2059              		.loc 2 195 2 view .LVU595
 2060              		.syntax unified
 2061              	@ 195 "Middlewares/Third_Party/FreeRTOS/Source/portable/GCC/ARM_CM4F/portmacro.h" 1
 2062 0020 4FF05003 			mov r3, #80												
 2063 0024 83F31188 		msr basepri, r3											
 2064 0028 BFF36F8F 		isb														
 2065 002c BFF34F8F 		dsb														
 2066              	
 2067              	@ 0 "" 2
 2068              		.thumb
 2069              		.syntax unified
 2070              	.L163:
 2071              	.LBE147:
 2072              	.LBE146:
1856:Middlewares/Third_Party/FreeRTOS/Source/tasks.c **** 
 2073              		.loc 1 1856 3 view .LVU596
 2074 0030 FEE7     		b	.L163
 2075              	.LVL163:
 2076              	.L169:
1866:Middlewares/Third_Party/FreeRTOS/Source/tasks.c **** 
 2077              		.loc 1 1866 31 view .LVU597
1870:Middlewares/Third_Party/FreeRTOS/Source/tasks.c **** 					prvAddTaskToReadyList( pxTCB );
 2078              		.loc 1 1870 6 view .LVU598
1870:Middlewares/Third_Party/FreeRTOS/Source/tasks.c **** 					prvAddTaskToReadyList( pxTCB );
 2079              		.loc 1 1870 30 is_stmt 0 view .LVU599
 2080 0032 231D     		adds	r3, r4, #4
 2081 0034 1D46     		mov	r5, r3
1870:Middlewares/Third_Party/FreeRTOS/Source/tasks.c **** 					prvAddTaskToReadyList( pxTCB );
 2082              		.loc 1 1870 15 view .LVU600
 2083 0036 1846     		mov	r0, r3
 2084 0038 FFF7FEFF 		bl	uxListRemove
 2085              	.LVL164:
1871:Middlewares/Third_Party/FreeRTOS/Source/tasks.c **** 
 2086              		.loc 1 1871 6 is_stmt 1 view .LVU601
1871:Middlewares/Third_Party/FreeRTOS/Source/tasks.c **** 
 2087              		.loc 1 1871 6 view .LVU602
 2088 003c E06A     		ldr	r0, [r4, #44]
 2089 003e 104B     		ldr	r3, .L170+4
 2090 0040 1B68     		ldr	r3, [r3]
 2091 0042 9842     		cmp	r0, r3
 2092 0044 01D9     		bls	.L166
1871:Middlewares/Third_Party/FreeRTOS/Source/tasks.c **** 
 2093              		.loc 1 1871 6 discriminator 1 view .LVU603
 2094 0046 0E4B     		ldr	r3, .L170+4
 2095 0048 1860     		str	r0, [r3]
 2096              	.L166:
ARM GAS  C:\Users\jason\AppData\Local\Temp\ccaXxPCU.s 			page 143


1871:Middlewares/Third_Party/FreeRTOS/Source/tasks.c **** 
 2097              		.loc 1 1871 6 discriminator 3 view .LVU604
1871:Middlewares/Third_Party/FreeRTOS/Source/tasks.c **** 
 2098              		.loc 1 1871 6 discriminator 3 view .LVU605
 2099 004a 00EB8000 		add	r0, r0, r0, lsl #2
 2100 004e 2946     		mov	r1, r5
 2101 0050 0C4B     		ldr	r3, .L170+8
 2102 0052 03EB8000 		add	r0, r3, r0, lsl #2
 2103 0056 FFF7FEFF 		bl	vListInsertEnd
 2104              	.LVL165:
1871:Middlewares/Third_Party/FreeRTOS/Source/tasks.c **** 
 2105              		.loc 1 1871 36 discriminator 4 view .LVU606
1874:Middlewares/Third_Party/FreeRTOS/Source/tasks.c **** 					{
 2106              		.loc 1 1874 6 view .LVU607
1874:Middlewares/Third_Party/FreeRTOS/Source/tasks.c **** 					{
 2107              		.loc 1 1874 15 is_stmt 0 view .LVU608
 2108 005a E26A     		ldr	r2, [r4, #44]
1874:Middlewares/Third_Party/FreeRTOS/Source/tasks.c **** 					{
 2109              		.loc 1 1874 43 view .LVU609
 2110 005c 074B     		ldr	r3, .L170
 2111 005e 1B68     		ldr	r3, [r3]
 2112 0060 DB6A     		ldr	r3, [r3, #44]
1874:Middlewares/Third_Party/FreeRTOS/Source/tasks.c **** 					{
 2113              		.loc 1 1874 8 view .LVU610
 2114 0062 9A42     		cmp	r2, r3
 2115 0064 D9D3     		bcc	.L165
1879:Middlewares/Third_Party/FreeRTOS/Source/tasks.c **** 					}
 2116              		.loc 1 1879 7 is_stmt 1 view .LVU611
 2117 0066 4FF0E023 		mov	r3, #-536813568
 2118 006a 4FF08052 		mov	r2, #268435456
 2119 006e C3F8042D 		str	r2, [r3, #3332]
1879:Middlewares/Third_Party/FreeRTOS/Source/tasks.c **** 					}
 2120              		.loc 1 1879 7 view .LVU612
 2121              		.syntax unified
 2122              	@ 1879 "Middlewares/Third_Party/FreeRTOS/Source/tasks.c" 1
 2123 0072 BFF34F8F 		dsb
 2124              	@ 0 "" 2
1879:Middlewares/Third_Party/FreeRTOS/Source/tasks.c **** 					}
 2125              		.loc 1 1879 7 view .LVU613
 2126              	@ 1879 "Middlewares/Third_Party/FreeRTOS/Source/tasks.c" 1
 2127 0076 BFF36F8F 		isb
 2128              	@ 0 "" 2
1879:Middlewares/Third_Party/FreeRTOS/Source/tasks.c **** 					}
 2129              		.loc 1 1879 38 view .LVU614
 2130              		.thumb
 2131              		.syntax unified
 2132 007a CEE7     		b	.L165
 2133              	.L171:
 2134              		.align	2
 2135              	.L170:
 2136 007c 00000000 		.word	pxCurrentTCB
 2137 0080 00000000 		.word	uxTopReadyPriority
 2138 0084 00000000 		.word	pxReadyTasksLists
 2139              		.cfi_endproc
 2140              	.LFE17:
 2142              		.section	.text.xTaskResumeFromISR,"ax",%progbits
 2143              		.align	1
ARM GAS  C:\Users\jason\AppData\Local\Temp\ccaXxPCU.s 			page 144


 2144              		.global	xTaskResumeFromISR
 2145              		.syntax unified
 2146              		.thumb
 2147              		.thumb_func
 2149              	xTaskResumeFromISR:
 2150              	.LVL166:
 2151              	.LFB18:
1906:Middlewares/Third_Party/FreeRTOS/Source/tasks.c **** 	BaseType_t xYieldRequired = pdFALSE;
 2152              		.loc 1 1906 2 view -0
 2153              		.cfi_startproc
 2154              		@ args = 0, pretend = 0, frame = 0
 2155              		@ frame_needed = 0, uses_anonymous_args = 0
1906:Middlewares/Third_Party/FreeRTOS/Source/tasks.c **** 	BaseType_t xYieldRequired = pdFALSE;
 2156              		.loc 1 1906 2 is_stmt 0 view .LVU616
 2157 0000 F8B5     		push	{r3, r4, r5, r6, r7, lr}
 2158              		.cfi_def_cfa_offset 24
 2159              		.cfi_offset 3, -24
 2160              		.cfi_offset 4, -20
 2161              		.cfi_offset 5, -16
 2162              		.cfi_offset 6, -12
 2163              		.cfi_offset 7, -8
 2164              		.cfi_offset 14, -4
1907:Middlewares/Third_Party/FreeRTOS/Source/tasks.c **** 	TCB_t * const pxTCB = xTaskToResume;
 2165              		.loc 1 1907 2 is_stmt 1 view .LVU617
 2166              	.LVL167:
1908:Middlewares/Third_Party/FreeRTOS/Source/tasks.c **** 	UBaseType_t uxSavedInterruptStatus;
 2167              		.loc 1 1908 2 view .LVU618
1909:Middlewares/Third_Party/FreeRTOS/Source/tasks.c **** 
 2168              		.loc 1 1909 2 view .LVU619
1911:Middlewares/Third_Party/FreeRTOS/Source/tasks.c **** 
 2169              		.loc 1 1911 3 view .LVU620
 2170 0002 0028     		cmp	r0, #0
 2171 0004 35D0     		beq	.L181
 2172 0006 0446     		mov	r4, r0
1911:Middlewares/Third_Party/FreeRTOS/Source/tasks.c **** 
 2173              		.loc 1 1911 32 view .LVU621
1929:Middlewares/Third_Party/FreeRTOS/Source/tasks.c **** 
 2174              		.loc 1 1929 3 view .LVU622
 2175 0008 FFF7FEFF 		bl	vPortValidateInterruptPriority
 2176              	.LVL168:
1931:Middlewares/Third_Party/FreeRTOS/Source/tasks.c **** 		{
 2177              		.loc 1 1931 3 view .LVU623
 2178              	.LBB148:
 2179              	.LBI148:
 207:Middlewares/Third_Party/FreeRTOS/Source/portable/GCC/ARM_CM4F/portmacro.h **** {
 2180              		.loc 2 207 34 view .LVU624
 2181              	.LBB149:
 209:Middlewares/Third_Party/FreeRTOS/Source/portable/GCC/ARM_CM4F/portmacro.h **** 
 2182              		.loc 2 209 1 view .LVU625
 211:Middlewares/Third_Party/FreeRTOS/Source/portable/GCC/ARM_CM4F/portmacro.h **** 	(
 2183              		.loc 2 211 2 view .LVU626
 2184              		.syntax unified
 2185              	@ 211 "Middlewares/Third_Party/FreeRTOS/Source/portable/GCC/ARM_CM4F/portmacro.h" 1
 2186 000c EFF31183 			mrs r3, basepri											
 2187 0010 4FF05002 		mov r2, #80												
 2188 0014 82F31188 		msr basepri, r2											
 2189 0018 BFF36F8F 		isb														
ARM GAS  C:\Users\jason\AppData\Local\Temp\ccaXxPCU.s 			page 145


 2190 001c BFF34F8F 		dsb														
 2191              	
 2192              	@ 0 "" 2
 2193              		.thumb
 2194              		.syntax unified
 2195 0020 1E46     		mov	r6, r3
 223:Middlewares/Third_Party/FreeRTOS/Source/portable/GCC/ARM_CM4F/portmacro.h **** }
 2196              		.loc 2 223 2 view .LVU627
 2197              	.LVL169:
 223:Middlewares/Third_Party/FreeRTOS/Source/portable/GCC/ARM_CM4F/portmacro.h **** }
 2198              		.loc 2 223 2 is_stmt 0 view .LVU628
 2199              	.LBE149:
 2200              	.LBE148:
1933:Middlewares/Third_Party/FreeRTOS/Source/tasks.c **** 			{
 2201              		.loc 1 1933 4 is_stmt 1 view .LVU629
1933:Middlewares/Third_Party/FreeRTOS/Source/tasks.c **** 			{
 2202              		.loc 1 1933 8 is_stmt 0 view .LVU630
 2203 0022 2046     		mov	r0, r4
 2204 0024 FFF7FEFF 		bl	prvTaskIsTaskSuspended
 2205              	.LVL170:
1933:Middlewares/Third_Party/FreeRTOS/Source/tasks.c **** 			{
 2206              		.loc 1 1933 6 discriminator 1 view .LVU631
 2207 0028 0546     		mov	r5, r0
 2208 002a F0B1     		cbz	r0, .L175
1935:Middlewares/Third_Party/FreeRTOS/Source/tasks.c **** 
 2209              		.loc 1 1935 39 is_stmt 1 view .LVU632
1938:Middlewares/Third_Party/FreeRTOS/Source/tasks.c **** 				{
 2210              		.loc 1 1938 5 view .LVU633
1938:Middlewares/Third_Party/FreeRTOS/Source/tasks.c **** 				{
 2211              		.loc 1 1938 30 is_stmt 0 view .LVU634
 2212 002c 1B4B     		ldr	r3, .L182
 2213 002e 1B68     		ldr	r3, [r3]
1938:Middlewares/Third_Party/FreeRTOS/Source/tasks.c **** 				{
 2214              		.loc 1 1938 7 view .LVU635
 2215 0030 5BBB     		cbnz	r3, .L176
1942:Middlewares/Third_Party/FreeRTOS/Source/tasks.c **** 					{
 2216              		.loc 1 1942 6 is_stmt 1 view .LVU636
1942:Middlewares/Third_Party/FreeRTOS/Source/tasks.c **** 					{
 2217              		.loc 1 1942 15 is_stmt 0 view .LVU637
 2218 0032 E26A     		ldr	r2, [r4, #44]
1942:Middlewares/Third_Party/FreeRTOS/Source/tasks.c **** 					{
 2219              		.loc 1 1942 43 view .LVU638
 2220 0034 1A4B     		ldr	r3, .L182+4
 2221 0036 1B68     		ldr	r3, [r3]
 2222 0038 DB6A     		ldr	r3, [r3, #44]
1942:Middlewares/Third_Party/FreeRTOS/Source/tasks.c **** 					{
 2223              		.loc 1 1942 8 view .LVU639
 2224 003a 9A42     		cmp	r2, r3
 2225 003c 22D2     		bcs	.L179
1907:Middlewares/Third_Party/FreeRTOS/Source/tasks.c **** 	TCB_t * const pxTCB = xTaskToResume;
 2226              		.loc 1 1907 13 view .LVU640
 2227 003e 0023     		movs	r3, #0
 2228 0040 1D46     		mov	r5, r3
 2229              	.L177:
 2230              	.LVL171:
1948:Middlewares/Third_Party/FreeRTOS/Source/tasks.c **** 					}
 2231              		.loc 1 1948 31 is_stmt 1 view .LVU641
ARM GAS  C:\Users\jason\AppData\Local\Temp\ccaXxPCU.s 			page 146


1951:Middlewares/Third_Party/FreeRTOS/Source/tasks.c **** 					prvAddTaskToReadyList( pxTCB );
 2232              		.loc 1 1951 6 view .LVU642
1951:Middlewares/Third_Party/FreeRTOS/Source/tasks.c **** 					prvAddTaskToReadyList( pxTCB );
 2233              		.loc 1 1951 29 is_stmt 0 view .LVU643
 2234 0042 231D     		adds	r3, r4, #4
 2235 0044 1F46     		mov	r7, r3
1951:Middlewares/Third_Party/FreeRTOS/Source/tasks.c **** 					prvAddTaskToReadyList( pxTCB );
 2236              		.loc 1 1951 15 view .LVU644
 2237 0046 1846     		mov	r0, r3
 2238 0048 FFF7FEFF 		bl	uxListRemove
 2239              	.LVL172:
1952:Middlewares/Third_Party/FreeRTOS/Source/tasks.c **** 				}
 2240              		.loc 1 1952 6 is_stmt 1 view .LVU645
1952:Middlewares/Third_Party/FreeRTOS/Source/tasks.c **** 				}
 2241              		.loc 1 1952 6 view .LVU646
 2242 004c E06A     		ldr	r0, [r4, #44]
 2243 004e 154B     		ldr	r3, .L182+8
 2244 0050 1B68     		ldr	r3, [r3]
 2245 0052 9842     		cmp	r0, r3
 2246 0054 01D9     		bls	.L178
1952:Middlewares/Third_Party/FreeRTOS/Source/tasks.c **** 				}
 2247              		.loc 1 1952 6 discriminator 1 view .LVU647
 2248 0056 134B     		ldr	r3, .L182+8
 2249 0058 1860     		str	r0, [r3]
 2250              	.L178:
1952:Middlewares/Third_Party/FreeRTOS/Source/tasks.c **** 				}
 2251              		.loc 1 1952 6 discriminator 3 view .LVU648
1952:Middlewares/Third_Party/FreeRTOS/Source/tasks.c **** 				}
 2252              		.loc 1 1952 6 discriminator 3 view .LVU649
 2253 005a 00EB8000 		add	r0, r0, r0, lsl #2
 2254 005e 3946     		mov	r1, r7
 2255 0060 114B     		ldr	r3, .L182+12
 2256 0062 03EB8000 		add	r0, r3, r0, lsl #2
 2257 0066 FFF7FEFF 		bl	vListInsertEnd
 2258              	.LVL173:
1952:Middlewares/Third_Party/FreeRTOS/Source/tasks.c **** 				}
 2259              		.loc 1 1952 36 discriminator 4 view .LVU650
 2260              	.L175:
1964:Middlewares/Third_Party/FreeRTOS/Source/tasks.c **** 			}
 2261              		.loc 1 1964 29 view .LVU651
1967:Middlewares/Third_Party/FreeRTOS/Source/tasks.c **** 
 2262              		.loc 1 1967 3 view .LVU652
 2263              	.LBB150:
 2264              	.LBI150:
 227:Middlewares/Third_Party/FreeRTOS/Source/portable/GCC/ARM_CM4F/portmacro.h **** {
 2265              		.loc 2 227 30 view .LVU653
 2266              	.LBB151:
 2267              		.loc 2 229 2 view .LVU654
 2268              		.syntax unified
 2269              	@ 229 "Middlewares/Third_Party/FreeRTOS/Source/portable/GCC/ARM_CM4F/portmacro.h" 1
 2270 006a 86F31188 			msr basepri, r6	
 2271              	@ 0 "" 2
 2272              		.thumb
 2273              		.syntax unified
 2274              	.LBE151:
 2275              	.LBE150:
1969:Middlewares/Third_Party/FreeRTOS/Source/tasks.c **** 	}
ARM GAS  C:\Users\jason\AppData\Local\Temp\ccaXxPCU.s 			page 147


 2276              		.loc 1 1969 3 view .LVU655
1970:Middlewares/Third_Party/FreeRTOS/Source/tasks.c **** 
 2277              		.loc 1 1970 2 is_stmt 0 view .LVU656
 2278 006e 2846     		mov	r0, r5
 2279 0070 F8BD     		pop	{r3, r4, r5, r6, r7, pc}
 2280              	.LVL174:
 2281              	.L181:
1911:Middlewares/Third_Party/FreeRTOS/Source/tasks.c **** 
 2282              		.loc 1 1911 3 is_stmt 1 discriminator 1 view .LVU657
 2283              	.LBB152:
 2284              	.LBI152:
 191:Middlewares/Third_Party/FreeRTOS/Source/portable/GCC/ARM_CM4F/portmacro.h **** {
 2285              		.loc 2 191 30 view .LVU658
 2286              	.LBB153:
 193:Middlewares/Third_Party/FreeRTOS/Source/portable/GCC/ARM_CM4F/portmacro.h **** 
 2287              		.loc 2 193 1 view .LVU659
 195:Middlewares/Third_Party/FreeRTOS/Source/portable/GCC/ARM_CM4F/portmacro.h **** 	(
 2288              		.loc 2 195 2 view .LVU660
 2289              		.syntax unified
 2290              	@ 195 "Middlewares/Third_Party/FreeRTOS/Source/portable/GCC/ARM_CM4F/portmacro.h" 1
 2291 0072 4FF05003 			mov r3, #80												
 2292 0076 83F31188 		msr basepri, r3											
 2293 007a BFF36F8F 		isb														
 2294 007e BFF34F8F 		dsb														
 2295              	
 2296              	@ 0 "" 2
 2297              		.thumb
 2298              		.syntax unified
 2299              	.L174:
 2300              	.LBE153:
 2301              	.LBE152:
1911:Middlewares/Third_Party/FreeRTOS/Source/tasks.c **** 
 2302              		.loc 1 1911 3 view .LVU661
 2303 0082 FEE7     		b	.L174
 2304              	.LVL175:
 2305              	.L179:
1944:Middlewares/Third_Party/FreeRTOS/Source/tasks.c **** 					}
 2306              		.loc 1 1944 22 is_stmt 0 view .LVU662
 2307 0084 0123     		movs	r3, #1
 2308 0086 1D46     		mov	r5, r3
 2309 0088 DBE7     		b	.L177
 2310              	.L176:
1959:Middlewares/Third_Party/FreeRTOS/Source/tasks.c **** 				}
 2311              		.loc 1 1959 6 is_stmt 1 view .LVU663
 2312 008a 2146     		mov	r1, r4
 2313 008c 1831     		adds	r1, r1, #24
 2314 008e 0748     		ldr	r0, .L182+16
 2315 0090 FFF7FEFF 		bl	vListInsertEnd
 2316              	.LVL176:
1907:Middlewares/Third_Party/FreeRTOS/Source/tasks.c **** 	TCB_t * const pxTCB = xTaskToResume;
 2317              		.loc 1 1907 13 is_stmt 0 view .LVU664
 2318 0094 0023     		movs	r3, #0
 2319 0096 1D46     		mov	r5, r3
 2320 0098 E7E7     		b	.L175
 2321              	.L183:
 2322 009a 00BF     		.align	2
 2323              	.L182:
ARM GAS  C:\Users\jason\AppData\Local\Temp\ccaXxPCU.s 			page 148


 2324 009c 00000000 		.word	uxSchedulerSuspended
 2325 00a0 00000000 		.word	pxCurrentTCB
 2326 00a4 00000000 		.word	uxTopReadyPriority
 2327 00a8 00000000 		.word	pxReadyTasksLists
 2328 00ac 00000000 		.word	xPendingReadyList
 2329              		.cfi_endproc
 2330              	.LFE18:
 2332              		.section	.rodata.vTaskStartScheduler.str1.4,"aMS",%progbits,1
 2333              		.align	2
 2334              	.LC0:
 2335 0000 49444C45 		.ascii	"IDLE\000"
 2335      00
 2336              		.section	.text.vTaskStartScheduler,"ax",%progbits
 2337              		.align	1
 2338              		.global	vTaskStartScheduler
 2339              		.syntax unified
 2340              		.thumb
 2341              		.thumb_func
 2343              	vTaskStartScheduler:
 2344              	.LFB19:
1976:Middlewares/Third_Party/FreeRTOS/Source/tasks.c **** BaseType_t xReturn;
 2345              		.loc 1 1976 1 is_stmt 1 view -0
 2346              		.cfi_startproc
 2347              		@ args = 0, pretend = 0, frame = 16
 2348              		@ frame_needed = 0, uses_anonymous_args = 0
 2349 0000 10B5     		push	{r4, lr}
 2350              		.cfi_def_cfa_offset 8
 2351              		.cfi_offset 4, -8
 2352              		.cfi_offset 14, -4
 2353 0002 88B0     		sub	sp, sp, #32
 2354              		.cfi_def_cfa_offset 40
1977:Middlewares/Third_Party/FreeRTOS/Source/tasks.c **** 
 2355              		.loc 1 1977 1 view .LVU666
 2356              	.LBB154:
1982:Middlewares/Third_Party/FreeRTOS/Source/tasks.c **** 		StackType_t *pxIdleTaskStackBuffer = NULL;
 2357              		.loc 1 1982 3 view .LVU667
1982:Middlewares/Third_Party/FreeRTOS/Source/tasks.c **** 		StackType_t *pxIdleTaskStackBuffer = NULL;
 2358              		.loc 1 1982 17 is_stmt 0 view .LVU668
 2359 0004 0024     		movs	r4, #0
 2360 0006 0594     		str	r4, [sp, #20]
1983:Middlewares/Third_Party/FreeRTOS/Source/tasks.c **** 		uint32_t ulIdleTaskStackSize;
 2361              		.loc 1 1983 3 is_stmt 1 view .LVU669
1983:Middlewares/Third_Party/FreeRTOS/Source/tasks.c **** 		uint32_t ulIdleTaskStackSize;
 2362              		.loc 1 1983 16 is_stmt 0 view .LVU670
 2363 0008 0694     		str	r4, [sp, #24]
1984:Middlewares/Third_Party/FreeRTOS/Source/tasks.c **** 
 2364              		.loc 1 1984 3 is_stmt 1 view .LVU671
1988:Middlewares/Third_Party/FreeRTOS/Source/tasks.c **** 		xIdleTaskHandle = xTaskCreateStatic(	prvIdleTask,
 2365              		.loc 1 1988 3 view .LVU672
 2366 000a 07AA     		add	r2, sp, #28
 2367 000c 06A9     		add	r1, sp, #24
 2368 000e 05A8     		add	r0, sp, #20
 2369 0010 FFF7FEFF 		bl	vApplicationGetIdleTaskMemory
 2370              	.LVL177:
1989:Middlewares/Third_Party/FreeRTOS/Source/tasks.c **** 												configIDLE_TASK_NAME,
 2371              		.loc 1 1989 3 view .LVU673
1989:Middlewares/Third_Party/FreeRTOS/Source/tasks.c **** 												configIDLE_TASK_NAME,
ARM GAS  C:\Users\jason\AppData\Local\Temp\ccaXxPCU.s 			page 149


 2372              		.loc 1 1989 21 is_stmt 0 view .LVU674
 2373 0014 059B     		ldr	r3, [sp, #20]
 2374 0016 0293     		str	r3, [sp, #8]
 2375 0018 069B     		ldr	r3, [sp, #24]
 2376 001a 0193     		str	r3, [sp, #4]
 2377 001c 0094     		str	r4, [sp]
 2378 001e 2346     		mov	r3, r4
 2379 0020 079A     		ldr	r2, [sp, #28]
 2380 0022 1749     		ldr	r1, .L193
 2381 0024 1748     		ldr	r0, .L193+4
 2382 0026 FFF7FEFF 		bl	xTaskCreateStatic
 2383              	.LVL178:
1989:Middlewares/Third_Party/FreeRTOS/Source/tasks.c **** 												configIDLE_TASK_NAME,
 2384              		.loc 1 1989 19 discriminator 1 view .LVU675
 2385 002a 174B     		ldr	r3, .L193+8
 2386 002c 1860     		str	r0, [r3]
1997:Middlewares/Third_Party/FreeRTOS/Source/tasks.c **** 		{
 2387              		.loc 1 1997 3 is_stmt 1 view .LVU676
1997:Middlewares/Third_Party/FreeRTOS/Source/tasks.c **** 		{
 2388              		.loc 1 1997 5 is_stmt 0 view .LVU677
 2389 002e 18B1     		cbz	r0, .L187
 2390              	.LVL179:
1997:Middlewares/Third_Party/FreeRTOS/Source/tasks.c **** 		{
 2391              		.loc 1 1997 5 view .LVU678
 2392              	.LBE154:
2020:Middlewares/Third_Party/FreeRTOS/Source/tasks.c **** 		{
 2393              		.loc 1 2020 3 is_stmt 1 view .LVU679
2022:Middlewares/Third_Party/FreeRTOS/Source/tasks.c **** 		}
 2394              		.loc 1 2022 4 view .LVU680
2022:Middlewares/Third_Party/FreeRTOS/Source/tasks.c **** 		}
 2395              		.loc 1 2022 14 is_stmt 0 view .LVU681
 2396 0030 FFF7FEFF 		bl	xTimerCreateTimerTask
 2397              	.LVL180:
2026:Middlewares/Third_Party/FreeRTOS/Source/tasks.c **** 		}
 2398              		.loc 1 2026 28 is_stmt 1 view .LVU682
2031:Middlewares/Third_Party/FreeRTOS/Source/tasks.c **** 	{
 2399              		.loc 1 2031 2 view .LVU683
2031:Middlewares/Third_Party/FreeRTOS/Source/tasks.c **** 	{
 2400              		.loc 1 2031 4 is_stmt 0 view .LVU684
 2401 0034 0128     		cmp	r0, #1
 2402 0036 04D0     		beq	.L191
 2403              	.LVL181:
 2404              	.L187:
2090:Middlewares/Third_Party/FreeRTOS/Source/tasks.c **** 	}
 2405              		.loc 1 2090 3 is_stmt 1 view .LVU685
 2406 0038 B0F1FF3F 		cmp	r0, #-1
 2407 003c 16D0     		beq	.L192
 2408              	.L184:
2096:Middlewares/Third_Party/FreeRTOS/Source/tasks.c **** /*-----------------------------------------------------------*/
 2409              		.loc 1 2096 1 is_stmt 0 view .LVU686
 2410 003e 08B0     		add	sp, sp, #32
 2411              		.cfi_remember_state
 2412              		.cfi_def_cfa_offset 8
 2413              		@ sp needed
 2414 0040 10BD     		pop	{r4, pc}
 2415              	.LVL182:
 2416              	.L191:
ARM GAS  C:\Users\jason\AppData\Local\Temp\ccaXxPCU.s 			page 150


 2417              		.cfi_restore_state
2047:Middlewares/Third_Party/FreeRTOS/Source/tasks.c **** 
 2418              		.loc 1 2047 3 is_stmt 1 view .LVU687
 2419              	.LBB155:
 2420              	.LBI155:
 191:Middlewares/Third_Party/FreeRTOS/Source/portable/GCC/ARM_CM4F/portmacro.h **** {
 2421              		.loc 2 191 30 view .LVU688
 2422              	.LBB156:
 193:Middlewares/Third_Party/FreeRTOS/Source/portable/GCC/ARM_CM4F/portmacro.h **** 
 2423              		.loc 2 193 1 view .LVU689
 195:Middlewares/Third_Party/FreeRTOS/Source/portable/GCC/ARM_CM4F/portmacro.h **** 	(
 2424              		.loc 2 195 2 view .LVU690
 2425              		.syntax unified
 2426              	@ 195 "Middlewares/Third_Party/FreeRTOS/Source/portable/GCC/ARM_CM4F/portmacro.h" 1
 2427 0042 4FF05003 			mov r3, #80												
 2428 0046 83F31188 		msr basepri, r3											
 2429 004a BFF36F8F 		isb														
 2430 004e BFF34F8F 		dsb														
 2431              	
 2432              	@ 0 "" 2
 2433              		.thumb
 2434              		.syntax unified
 2435              	.LBE156:
 2436              	.LBE155:
2059:Middlewares/Third_Party/FreeRTOS/Source/tasks.c **** 		xSchedulerRunning = pdTRUE;
 2437              		.loc 1 2059 3 view .LVU691
2059:Middlewares/Third_Party/FreeRTOS/Source/tasks.c **** 		xSchedulerRunning = pdTRUE;
 2438              		.loc 1 2059 24 is_stmt 0 view .LVU692
 2439 0052 0E4B     		ldr	r3, .L193+12
 2440 0054 4FF0FF32 		mov	r2, #-1
 2441 0058 1A60     		str	r2, [r3]
2060:Middlewares/Third_Party/FreeRTOS/Source/tasks.c **** 		xTickCount = ( TickType_t ) configINITIAL_TICK_COUNT;
 2442              		.loc 1 2060 3 is_stmt 1 view .LVU693
2060:Middlewares/Third_Party/FreeRTOS/Source/tasks.c **** 		xTickCount = ( TickType_t ) configINITIAL_TICK_COUNT;
 2443              		.loc 1 2060 21 is_stmt 0 view .LVU694
 2444 005a 0D4B     		ldr	r3, .L193+16
 2445 005c 0122     		movs	r2, #1
 2446 005e 1A60     		str	r2, [r3]
2061:Middlewares/Third_Party/FreeRTOS/Source/tasks.c **** 
 2447              		.loc 1 2061 3 is_stmt 1 view .LVU695
2061:Middlewares/Third_Party/FreeRTOS/Source/tasks.c **** 
 2448              		.loc 1 2061 14 is_stmt 0 view .LVU696
 2449 0060 0C4B     		ldr	r3, .L193+20
 2450 0062 0022     		movs	r2, #0
 2451 0064 1A60     		str	r2, [r3]
2069:Middlewares/Third_Party/FreeRTOS/Source/tasks.c **** 
 2452              		.loc 1 2069 43 is_stmt 1 view .LVU697
2071:Middlewares/Third_Party/FreeRTOS/Source/tasks.c **** 
 2453              		.loc 1 2071 26 view .LVU698
2075:Middlewares/Third_Party/FreeRTOS/Source/tasks.c **** 		{
 2454              		.loc 1 2075 3 view .LVU699
2075:Middlewares/Third_Party/FreeRTOS/Source/tasks.c **** 		{
 2455              		.loc 1 2075 7 is_stmt 0 view .LVU700
 2456 0066 FFF7FEFF 		bl	xPortStartScheduler
 2457              	.LVL183:
2079:Middlewares/Third_Party/FreeRTOS/Source/tasks.c **** 		else
 2458              		.loc 1 2079 3 is_stmt 1 view .LVU701
ARM GAS  C:\Users\jason\AppData\Local\Temp\ccaXxPCU.s 			page 151


2083:Middlewares/Third_Party/FreeRTOS/Source/tasks.c **** 	}
 2459              		.loc 1 2083 3 view .LVU702
 2460 006a E8E7     		b	.L184
 2461              	.LVL184:
 2462              	.L192:
2090:Middlewares/Third_Party/FreeRTOS/Source/tasks.c **** 	}
 2463              		.loc 1 2090 3 discriminator 1 view .LVU703
 2464              	.LBB157:
 2465              	.LBI157:
 191:Middlewares/Third_Party/FreeRTOS/Source/portable/GCC/ARM_CM4F/portmacro.h **** {
 2466              		.loc 2 191 30 view .LVU704
 2467              	.LBB158:
 193:Middlewares/Third_Party/FreeRTOS/Source/portable/GCC/ARM_CM4F/portmacro.h **** 
 2468              		.loc 2 193 1 view .LVU705
 195:Middlewares/Third_Party/FreeRTOS/Source/portable/GCC/ARM_CM4F/portmacro.h **** 	(
 2469              		.loc 2 195 2 view .LVU706
 2470              		.syntax unified
 2471              	@ 195 "Middlewares/Third_Party/FreeRTOS/Source/portable/GCC/ARM_CM4F/portmacro.h" 1
 2472 006c 4FF05003 			mov r3, #80												
 2473 0070 83F31188 		msr basepri, r3											
 2474 0074 BFF36F8F 		isb														
 2475 0078 BFF34F8F 		dsb														
 2476              	
 2477              	@ 0 "" 2
 2478              		.thumb
 2479              		.syntax unified
 2480              	.L189:
 2481              	.LBE158:
 2482              	.LBE157:
2090:Middlewares/Third_Party/FreeRTOS/Source/tasks.c **** 	}
 2483              		.loc 1 2090 3 view .LVU707
 2484 007c FEE7     		b	.L189
 2485              	.L194:
 2486 007e 00BF     		.align	2
 2487              	.L193:
 2488 0080 00000000 		.word	.LC0
 2489 0084 00000000 		.word	prvIdleTask
 2490 0088 00000000 		.word	xIdleTaskHandle
 2491 008c 00000000 		.word	xNextTaskUnblockTime
 2492 0090 00000000 		.word	xSchedulerRunning
 2493 0094 00000000 		.word	xTickCount
 2494              		.cfi_endproc
 2495              	.LFE19:
 2497              		.section	.text.vTaskEndScheduler,"ax",%progbits
 2498              		.align	1
 2499              		.global	vTaskEndScheduler
 2500              		.syntax unified
 2501              		.thumb
 2502              		.thumb_func
 2504              	vTaskEndScheduler:
 2505              	.LFB20:
2100:Middlewares/Third_Party/FreeRTOS/Source/tasks.c **** 	/* Stop the scheduler interrupts and call the portable scheduler end
 2506              		.loc 1 2100 1 view -0
 2507              		.cfi_startproc
 2508              		@ args = 0, pretend = 0, frame = 0
 2509              		@ frame_needed = 0, uses_anonymous_args = 0
 2510 0000 08B5     		push	{r3, lr}
ARM GAS  C:\Users\jason\AppData\Local\Temp\ccaXxPCU.s 			page 152


 2511              		.cfi_def_cfa_offset 8
 2512              		.cfi_offset 3, -8
 2513              		.cfi_offset 14, -4
2104:Middlewares/Third_Party/FreeRTOS/Source/tasks.c **** 	xSchedulerRunning = pdFALSE;
 2514              		.loc 1 2104 2 view .LVU709
 2515              	.LBB159:
 2516              	.LBI159:
 191:Middlewares/Third_Party/FreeRTOS/Source/portable/GCC/ARM_CM4F/portmacro.h **** {
 2517              		.loc 2 191 30 view .LVU710
 2518              	.LBB160:
 193:Middlewares/Third_Party/FreeRTOS/Source/portable/GCC/ARM_CM4F/portmacro.h **** 
 2519              		.loc 2 193 1 view .LVU711
 195:Middlewares/Third_Party/FreeRTOS/Source/portable/GCC/ARM_CM4F/portmacro.h **** 	(
 2520              		.loc 2 195 2 view .LVU712
 2521              		.syntax unified
 2522              	@ 195 "Middlewares/Third_Party/FreeRTOS/Source/portable/GCC/ARM_CM4F/portmacro.h" 1
 2523 0002 4FF05003 			mov r3, #80												
 2524 0006 83F31188 		msr basepri, r3											
 2525 000a BFF36F8F 		isb														
 2526 000e BFF34F8F 		dsb														
 2527              	
 2528              	@ 0 "" 2
 2529              		.thumb
 2530              		.syntax unified
 2531              	.LBE160:
 2532              	.LBE159:
2105:Middlewares/Third_Party/FreeRTOS/Source/tasks.c **** 	vPortEndScheduler();
 2533              		.loc 1 2105 2 view .LVU713
2105:Middlewares/Third_Party/FreeRTOS/Source/tasks.c **** 	vPortEndScheduler();
 2534              		.loc 1 2105 20 is_stmt 0 view .LVU714
 2535 0012 034B     		ldr	r3, .L197
 2536 0014 0022     		movs	r2, #0
 2537 0016 1A60     		str	r2, [r3]
2106:Middlewares/Third_Party/FreeRTOS/Source/tasks.c **** }
 2538              		.loc 1 2106 2 is_stmt 1 view .LVU715
 2539 0018 FFF7FEFF 		bl	vPortEndScheduler
 2540              	.LVL185:
2107:Middlewares/Third_Party/FreeRTOS/Source/tasks.c **** /*----------------------------------------------------------*/
 2541              		.loc 1 2107 1 is_stmt 0 view .LVU716
 2542 001c 08BD     		pop	{r3, pc}
 2543              	.L198:
 2544 001e 00BF     		.align	2
 2545              	.L197:
 2546 0020 00000000 		.word	xSchedulerRunning
 2547              		.cfi_endproc
 2548              	.LFE20:
 2550              		.section	.text.vTaskSuspendAll,"ax",%progbits
 2551              		.align	1
 2552              		.global	vTaskSuspendAll
 2553              		.syntax unified
 2554              		.thumb
 2555              		.thumb_func
 2557              	vTaskSuspendAll:
 2558              	.LFB21:
2111:Middlewares/Third_Party/FreeRTOS/Source/tasks.c **** 	/* A critical section is not required as the variable is of type
 2559              		.loc 1 2111 1 is_stmt 1 view -0
 2560              		.cfi_startproc
ARM GAS  C:\Users\jason\AppData\Local\Temp\ccaXxPCU.s 			page 153


 2561              		@ args = 0, pretend = 0, frame = 0
 2562              		@ frame_needed = 0, uses_anonymous_args = 0
 2563              		@ link register save eliminated.
2119:Middlewares/Third_Party/FreeRTOS/Source/tasks.c **** 
 2564              		.loc 1 2119 24 view .LVU718
2123:Middlewares/Third_Party/FreeRTOS/Source/tasks.c **** 
 2565              		.loc 1 2123 2 view .LVU719
 2566 0000 024A     		ldr	r2, .L200
 2567 0002 1368     		ldr	r3, [r2]
 2568 0004 0133     		adds	r3, r3, #1
 2569 0006 1360     		str	r3, [r2]
2127:Middlewares/Third_Party/FreeRTOS/Source/tasks.c **** }
 2570              		.loc 1 2127 2 view .LVU720
2128:Middlewares/Third_Party/FreeRTOS/Source/tasks.c **** /*----------------------------------------------------------*/
 2571              		.loc 1 2128 1 is_stmt 0 view .LVU721
 2572 0008 7047     		bx	lr
 2573              	.L201:
 2574 000a 00BF     		.align	2
 2575              	.L200:
 2576 000c 00000000 		.word	uxSchedulerSuspended
 2577              		.cfi_endproc
 2578              	.LFE21:
 2580              		.section	.text.xTaskGetTickCount,"ax",%progbits
 2581              		.align	1
 2582              		.global	xTaskGetTickCount
 2583              		.syntax unified
 2584              		.thumb
 2585              		.thumb_func
 2587              	xTaskGetTickCount:
 2588              	.LFB23:
2305:Middlewares/Third_Party/FreeRTOS/Source/tasks.c **** TickType_t xTicks;
 2589              		.loc 1 2305 1 is_stmt 1 view -0
 2590              		.cfi_startproc
 2591              		@ args = 0, pretend = 0, frame = 0
 2592              		@ frame_needed = 0, uses_anonymous_args = 0
 2593              		@ link register save eliminated.
2306:Middlewares/Third_Party/FreeRTOS/Source/tasks.c **** 
 2594              		.loc 1 2306 1 view .LVU723
2309:Middlewares/Third_Party/FreeRTOS/Source/tasks.c **** 	{
 2595              		.loc 1 2309 32 view .LVU724
2311:Middlewares/Third_Party/FreeRTOS/Source/tasks.c **** 	}
 2596              		.loc 1 2311 3 view .LVU725
2311:Middlewares/Third_Party/FreeRTOS/Source/tasks.c **** 	}
 2597              		.loc 1 2311 10 is_stmt 0 view .LVU726
 2598 0000 014B     		ldr	r3, .L203
 2599 0002 1868     		ldr	r0, [r3]
 2600              	.LVL186:
2313:Middlewares/Third_Party/FreeRTOS/Source/tasks.c **** 
 2601              		.loc 1 2313 31 is_stmt 1 view .LVU727
2315:Middlewares/Third_Party/FreeRTOS/Source/tasks.c **** }
 2602              		.loc 1 2315 2 view .LVU728
2316:Middlewares/Third_Party/FreeRTOS/Source/tasks.c **** /*-----------------------------------------------------------*/
 2603              		.loc 1 2316 1 is_stmt 0 view .LVU729
 2604 0004 7047     		bx	lr
 2605              	.L204:
 2606 0006 00BF     		.align	2
 2607              	.L203:
ARM GAS  C:\Users\jason\AppData\Local\Temp\ccaXxPCU.s 			page 154


 2608 0008 00000000 		.word	xTickCount
 2609              		.cfi_endproc
 2610              	.LFE23:
 2612              		.section	.text.xTaskGetTickCountFromISR,"ax",%progbits
 2613              		.align	1
 2614              		.global	xTaskGetTickCountFromISR
 2615              		.syntax unified
 2616              		.thumb
 2617              		.thumb_func
 2619              	xTaskGetTickCountFromISR:
 2620              	.LFB24:
2320:Middlewares/Third_Party/FreeRTOS/Source/tasks.c **** TickType_t xReturn;
 2621              		.loc 1 2320 1 is_stmt 1 view -0
 2622              		.cfi_startproc
 2623              		@ args = 0, pretend = 0, frame = 0
 2624              		@ frame_needed = 0, uses_anonymous_args = 0
 2625 0000 08B5     		push	{r3, lr}
 2626              		.cfi_def_cfa_offset 8
 2627              		.cfi_offset 3, -8
 2628              		.cfi_offset 14, -4
2321:Middlewares/Third_Party/FreeRTOS/Source/tasks.c **** UBaseType_t uxSavedInterruptStatus;
 2629              		.loc 1 2321 1 view .LVU731
2322:Middlewares/Third_Party/FreeRTOS/Source/tasks.c **** 
 2630              		.loc 1 2322 1 view .LVU732
2338:Middlewares/Third_Party/FreeRTOS/Source/tasks.c **** 
 2631              		.loc 1 2338 2 view .LVU733
 2632 0002 FFF7FEFF 		bl	vPortValidateInterruptPriority
 2633              	.LVL187:
2340:Middlewares/Third_Party/FreeRTOS/Source/tasks.c **** 	{
 2634              		.loc 1 2340 2 view .LVU734
2342:Middlewares/Third_Party/FreeRTOS/Source/tasks.c **** 	}
 2635              		.loc 1 2342 3 view .LVU735
2342:Middlewares/Third_Party/FreeRTOS/Source/tasks.c **** 	}
 2636              		.loc 1 2342 11 is_stmt 0 view .LVU736
 2637 0006 014B     		ldr	r3, .L207
 2638 0008 1868     		ldr	r0, [r3]
 2639              	.LVL188:
2344:Middlewares/Third_Party/FreeRTOS/Source/tasks.c **** 
 2640              		.loc 1 2344 2 is_stmt 1 view .LVU737
2346:Middlewares/Third_Party/FreeRTOS/Source/tasks.c **** }
 2641              		.loc 1 2346 2 view .LVU738
2347:Middlewares/Third_Party/FreeRTOS/Source/tasks.c **** /*-----------------------------------------------------------*/
 2642              		.loc 1 2347 1 is_stmt 0 view .LVU739
 2643 000a 08BD     		pop	{r3, pc}
 2644              	.L208:
 2645              		.align	2
 2646              	.L207:
 2647 000c 00000000 		.word	xTickCount
 2648              		.cfi_endproc
 2649              	.LFE24:
 2651              		.section	.text.uxTaskGetNumberOfTasks,"ax",%progbits
 2652              		.align	1
 2653              		.global	uxTaskGetNumberOfTasks
 2654              		.syntax unified
 2655              		.thumb
 2656              		.thumb_func
 2658              	uxTaskGetNumberOfTasks:
ARM GAS  C:\Users\jason\AppData\Local\Temp\ccaXxPCU.s 			page 155


 2659              	.LFB25:
2351:Middlewares/Third_Party/FreeRTOS/Source/tasks.c **** 	/* A critical section is not required because the variables are of type
 2660              		.loc 1 2351 1 is_stmt 1 view -0
 2661              		.cfi_startproc
 2662              		@ args = 0, pretend = 0, frame = 0
 2663              		@ frame_needed = 0, uses_anonymous_args = 0
 2664              		@ link register save eliminated.
2354:Middlewares/Third_Party/FreeRTOS/Source/tasks.c **** }
 2665              		.loc 1 2354 2 view .LVU741
2354:Middlewares/Third_Party/FreeRTOS/Source/tasks.c **** }
 2666              		.loc 1 2354 9 is_stmt 0 view .LVU742
 2667 0000 014B     		ldr	r3, .L210
 2668 0002 1868     		ldr	r0, [r3]
2355:Middlewares/Third_Party/FreeRTOS/Source/tasks.c **** /*-----------------------------------------------------------*/
 2669              		.loc 1 2355 1 view .LVU743
 2670 0004 7047     		bx	lr
 2671              	.L211:
 2672 0006 00BF     		.align	2
 2673              	.L210:
 2674 0008 00000000 		.word	uxCurrentNumberOfTasks
 2675              		.cfi_endproc
 2676              	.LFE25:
 2678              		.section	.text.pcTaskGetName,"ax",%progbits
 2679              		.align	1
 2680              		.global	pcTaskGetName
 2681              		.syntax unified
 2682              		.thumb
 2683              		.thumb_func
 2685              	pcTaskGetName:
 2686              	.LVL189:
 2687              	.LFB26:
2359:Middlewares/Third_Party/FreeRTOS/Source/tasks.c **** TCB_t *pxTCB;
 2688              		.loc 1 2359 1 is_stmt 1 view -0
 2689              		.cfi_startproc
 2690              		@ args = 0, pretend = 0, frame = 0
 2691              		@ frame_needed = 0, uses_anonymous_args = 0
 2692              		@ link register save eliminated.
2360:Middlewares/Third_Party/FreeRTOS/Source/tasks.c **** 
 2693              		.loc 1 2360 1 view .LVU745
2364:Middlewares/Third_Party/FreeRTOS/Source/tasks.c **** 	configASSERT( pxTCB );
 2694              		.loc 1 2364 2 view .LVU746
2364:Middlewares/Third_Party/FreeRTOS/Source/tasks.c **** 	configASSERT( pxTCB );
 2695              		.loc 1 2364 10 is_stmt 0 view .LVU747
 2696 0000 0346     		mov	r3, r0
 2697 0002 10B1     		cbz	r0, .L215
 2698              	.LVL190:
 2699              	.L213:
2365:Middlewares/Third_Party/FreeRTOS/Source/tasks.c **** 	return &( pxTCB->pcTaskName[ 0 ] );
 2700              		.loc 1 2365 23 is_stmt 1 view .LVU748
2366:Middlewares/Third_Party/FreeRTOS/Source/tasks.c **** }
 2701              		.loc 1 2366 2 view .LVU749
2367:Middlewares/Third_Party/FreeRTOS/Source/tasks.c **** /*-----------------------------------------------------------*/
 2702              		.loc 1 2367 1 is_stmt 0 view .LVU750
 2703 0004 03F13400 		add	r0, r3, #52
 2704 0008 7047     		bx	lr
 2705              	.LVL191:
 2706              	.L215:
ARM GAS  C:\Users\jason\AppData\Local\Temp\ccaXxPCU.s 			page 156


2364:Middlewares/Third_Party/FreeRTOS/Source/tasks.c **** 	configASSERT( pxTCB );
 2707              		.loc 1 2364 8 discriminator 1 view .LVU751
 2708 000a 064B     		ldr	r3, .L216
 2709 000c 1B68     		ldr	r3, [r3]
 2710              	.LVL192:
2365:Middlewares/Third_Party/FreeRTOS/Source/tasks.c **** 	return &( pxTCB->pcTaskName[ 0 ] );
 2711              		.loc 1 2365 2 is_stmt 1 view .LVU752
 2712 000e 002B     		cmp	r3, #0
 2713 0010 F8D1     		bne	.L213
2365:Middlewares/Third_Party/FreeRTOS/Source/tasks.c **** 	return &( pxTCB->pcTaskName[ 0 ] );
 2714              		.loc 1 2365 2 discriminator 1 view .LVU753
 2715              	.LBB161:
 2716              	.LBI161:
 191:Middlewares/Third_Party/FreeRTOS/Source/portable/GCC/ARM_CM4F/portmacro.h **** {
 2717              		.loc 2 191 30 view .LVU754
 2718              	.LBB162:
 193:Middlewares/Third_Party/FreeRTOS/Source/portable/GCC/ARM_CM4F/portmacro.h **** 
 2719              		.loc 2 193 1 view .LVU755
 195:Middlewares/Third_Party/FreeRTOS/Source/portable/GCC/ARM_CM4F/portmacro.h **** 	(
 2720              		.loc 2 195 2 view .LVU756
 2721              		.syntax unified
 2722              	@ 195 "Middlewares/Third_Party/FreeRTOS/Source/portable/GCC/ARM_CM4F/portmacro.h" 1
 2723 0012 4FF05003 			mov r3, #80												
 2724 0016 83F31188 		msr basepri, r3											
 2725 001a BFF36F8F 		isb														
 2726 001e BFF34F8F 		dsb														
 2727              	
 2728              	@ 0 "" 2
 2729              	.LVL193:
 2730              		.thumb
 2731              		.syntax unified
 2732              	.L214:
 195:Middlewares/Third_Party/FreeRTOS/Source/portable/GCC/ARM_CM4F/portmacro.h **** 	(
 2733              		.loc 2 195 2 is_stmt 0 view .LVU757
 2734              	.LBE162:
 2735              	.LBE161:
2365:Middlewares/Third_Party/FreeRTOS/Source/tasks.c **** 	return &( pxTCB->pcTaskName[ 0 ] );
 2736              		.loc 1 2365 2 is_stmt 1 view .LVU758
 2737 0022 FEE7     		b	.L214
 2738              	.L217:
 2739              		.align	2
 2740              	.L216:
 2741 0024 00000000 		.word	pxCurrentTCB
 2742              		.cfi_endproc
 2743              	.LFE26:
 2745              		.section	.text.xTaskIncrementTick,"ax",%progbits
 2746              		.align	1
 2747              		.global	xTaskIncrementTick
 2748              		.syntax unified
 2749              		.thumb
 2750              		.thumb_func
 2752              	xTaskIncrementTick:
 2753              	.LFB29:
2708:Middlewares/Third_Party/FreeRTOS/Source/tasks.c **** TCB_t * pxTCB;
 2754              		.loc 1 2708 1 view -0
 2755              		.cfi_startproc
 2756              		@ args = 0, pretend = 0, frame = 0
ARM GAS  C:\Users\jason\AppData\Local\Temp\ccaXxPCU.s 			page 157


 2757              		@ frame_needed = 0, uses_anonymous_args = 0
 2758 0000 F8B5     		push	{r3, r4, r5, r6, r7, lr}
 2759              		.cfi_def_cfa_offset 24
 2760              		.cfi_offset 3, -24
 2761              		.cfi_offset 4, -20
 2762              		.cfi_offset 5, -16
 2763              		.cfi_offset 6, -12
 2764              		.cfi_offset 7, -8
 2765              		.cfi_offset 14, -4
2709:Middlewares/Third_Party/FreeRTOS/Source/tasks.c **** TickType_t xItemValue;
 2766              		.loc 1 2709 1 view .LVU760
2710:Middlewares/Third_Party/FreeRTOS/Source/tasks.c **** BaseType_t xSwitchRequired = pdFALSE;
 2767              		.loc 1 2710 1 view .LVU761
2711:Middlewares/Third_Party/FreeRTOS/Source/tasks.c **** 
 2768              		.loc 1 2711 1 view .LVU762
 2769              	.LVL194:
2716:Middlewares/Third_Party/FreeRTOS/Source/tasks.c **** 	if( uxSchedulerSuspended == ( UBaseType_t ) pdFALSE )
 2770              		.loc 1 2716 40 view .LVU763
2717:Middlewares/Third_Party/FreeRTOS/Source/tasks.c **** 	{
 2771              		.loc 1 2717 2 view .LVU764
2717:Middlewares/Third_Party/FreeRTOS/Source/tasks.c **** 	{
 2772              		.loc 1 2717 27 is_stmt 0 view .LVU765
 2773 0002 3D4B     		ldr	r3, .L240
 2774 0004 1B68     		ldr	r3, [r3]
2717:Middlewares/Third_Party/FreeRTOS/Source/tasks.c **** 	{
 2775              		.loc 1 2717 4 view .LVU766
 2776 0006 002B     		cmp	r3, #0
 2777 0008 6ED1     		bne	.L219
 2778              	.LBB163:
2721:Middlewares/Third_Party/FreeRTOS/Source/tasks.c **** 
 2779              		.loc 1 2721 3 is_stmt 1 view .LVU767
2721:Middlewares/Third_Party/FreeRTOS/Source/tasks.c **** 
 2780              		.loc 1 2721 49 is_stmt 0 view .LVU768
 2781 000a 3C4B     		ldr	r3, .L240+4
 2782 000c 1D68     		ldr	r5, [r3]
2721:Middlewares/Third_Party/FreeRTOS/Source/tasks.c **** 
 2783              		.loc 1 2721 20 view .LVU769
 2784 000e 0135     		adds	r5, r5, #1
 2785              	.LVL195:
2725:Middlewares/Third_Party/FreeRTOS/Source/tasks.c **** 
 2786              		.loc 1 2725 3 is_stmt 1 view .LVU770
2725:Middlewares/Third_Party/FreeRTOS/Source/tasks.c **** 
 2787              		.loc 1 2725 14 is_stmt 0 view .LVU771
 2788 0010 1D60     		str	r5, [r3]
2727:Middlewares/Third_Party/FreeRTOS/Source/tasks.c **** 		{
 2789              		.loc 1 2727 3 is_stmt 1 view .LVU772
2727:Middlewares/Third_Party/FreeRTOS/Source/tasks.c **** 		{
 2790              		.loc 1 2727 5 is_stmt 0 view .LVU773
 2791 0012 C5B9     		cbnz	r5, .L220
 2792              	.LBB164:
2729:Middlewares/Third_Party/FreeRTOS/Source/tasks.c **** 		}
 2793              		.loc 1 2729 4 is_stmt 1 view .LVU774
2729:Middlewares/Third_Party/FreeRTOS/Source/tasks.c **** 		}
 2794              		.loc 1 2729 4 view .LVU775
 2795 0014 3A4B     		ldr	r3, .L240+8
 2796 0016 1B68     		ldr	r3, [r3]
 2797 0018 1B68     		ldr	r3, [r3]
ARM GAS  C:\Users\jason\AppData\Local\Temp\ccaXxPCU.s 			page 158


 2798 001a 43B1     		cbz	r3, .L221
2729:Middlewares/Third_Party/FreeRTOS/Source/tasks.c **** 		}
 2799              		.loc 1 2729 4 discriminator 1 view .LVU776
 2800              	.LBB165:
 2801              	.LBI165:
 191:Middlewares/Third_Party/FreeRTOS/Source/portable/GCC/ARM_CM4F/portmacro.h **** {
 2802              		.loc 2 191 30 view .LVU777
 2803              	.LBB166:
 193:Middlewares/Third_Party/FreeRTOS/Source/portable/GCC/ARM_CM4F/portmacro.h **** 
 2804              		.loc 2 193 1 view .LVU778
 195:Middlewares/Third_Party/FreeRTOS/Source/portable/GCC/ARM_CM4F/portmacro.h **** 	(
 2805              		.loc 2 195 2 view .LVU779
 2806              		.syntax unified
 2807              	@ 195 "Middlewares/Third_Party/FreeRTOS/Source/portable/GCC/ARM_CM4F/portmacro.h" 1
 2808 001c 4FF05003 			mov r3, #80												
 2809 0020 83F31188 		msr basepri, r3											
 2810 0024 BFF36F8F 		isb														
 2811 0028 BFF34F8F 		dsb														
 2812              	
 2813              	@ 0 "" 2
 2814              		.thumb
 2815              		.syntax unified
 2816              	.L222:
 2817              	.LBE166:
 2818              	.LBE165:
2729:Middlewares/Third_Party/FreeRTOS/Source/tasks.c **** 		}
 2819              		.loc 1 2729 4 view .LVU780
 2820 002c FEE7     		b	.L222
 2821              	.L221:
2729:Middlewares/Third_Party/FreeRTOS/Source/tasks.c **** 		}
 2822              		.loc 1 2729 4 discriminator 2 view .LVU781
2729:Middlewares/Third_Party/FreeRTOS/Source/tasks.c **** 		}
 2823              		.loc 1 2729 4 discriminator 2 view .LVU782
 2824 002e 344A     		ldr	r2, .L240+8
 2825 0030 1168     		ldr	r1, [r2]
 2826              	.LVL196:
2729:Middlewares/Third_Party/FreeRTOS/Source/tasks.c **** 		}
 2827              		.loc 1 2729 4 view .LVU783
2729:Middlewares/Third_Party/FreeRTOS/Source/tasks.c **** 		}
 2828              		.loc 1 2729 4 is_stmt 0 discriminator 2 view .LVU784
 2829 0032 344B     		ldr	r3, .L240+12
 2830 0034 1868     		ldr	r0, [r3]
 2831 0036 1060     		str	r0, [r2]
2729:Middlewares/Third_Party/FreeRTOS/Source/tasks.c **** 		}
 2832              		.loc 1 2729 4 is_stmt 1 view .LVU785
2729:Middlewares/Third_Party/FreeRTOS/Source/tasks.c **** 		}
 2833              		.loc 1 2729 4 is_stmt 0 discriminator 2 view .LVU786
 2834 0038 1960     		str	r1, [r3]
2729:Middlewares/Third_Party/FreeRTOS/Source/tasks.c **** 		}
 2835              		.loc 1 2729 4 is_stmt 1 view .LVU787
2729:Middlewares/Third_Party/FreeRTOS/Source/tasks.c **** 		}
 2836              		.loc 1 2729 4 is_stmt 0 discriminator 2 view .LVU788
 2837 003a 334A     		ldr	r2, .L240+16
 2838 003c 1368     		ldr	r3, [r2]
 2839 003e 0133     		adds	r3, r3, #1
 2840 0040 1360     		str	r3, [r2]
2729:Middlewares/Third_Party/FreeRTOS/Source/tasks.c **** 		}
ARM GAS  C:\Users\jason\AppData\Local\Temp\ccaXxPCU.s 			page 159


 2841              		.loc 1 2729 4 is_stmt 1 view .LVU789
2729:Middlewares/Third_Party/FreeRTOS/Source/tasks.c **** 		}
 2842              		.loc 1 2729 4 is_stmt 0 discriminator 2 view .LVU790
 2843 0042 FFF7FEFF 		bl	prvResetNextTaskUnblockTime
 2844              	.LVL197:
2729:Middlewares/Third_Party/FreeRTOS/Source/tasks.c **** 		}
 2845              		.loc 1 2729 4 discriminator 2 view .LVU791
 2846              	.LBE164:
2729:Middlewares/Third_Party/FreeRTOS/Source/tasks.c **** 		}
 2847              		.loc 1 2729 30 is_stmt 1 discriminator 4 view .LVU792
 2848              	.L220:
2733:Middlewares/Third_Party/FreeRTOS/Source/tasks.c **** 		}
 2849              		.loc 1 2733 28 view .LVU793
2740:Middlewares/Third_Party/FreeRTOS/Source/tasks.c **** 		{
 2850              		.loc 1 2740 3 view .LVU794
2740:Middlewares/Third_Party/FreeRTOS/Source/tasks.c **** 		{
 2851              		.loc 1 2740 23 is_stmt 0 view .LVU795
 2852 0046 314B     		ldr	r3, .L240+20
 2853 0048 1B68     		ldr	r3, [r3]
2740:Middlewares/Third_Party/FreeRTOS/Source/tasks.c **** 		{
 2854              		.loc 1 2740 5 view .LVU796
 2855 004a AB42     		cmp	r3, r5
 2856 004c 41D9     		bls	.L233
 2857              	.LBE163:
2711:Middlewares/Third_Party/FreeRTOS/Source/tasks.c **** 
 2858              		.loc 1 2711 12 view .LVU797
 2859 004e 0023     		movs	r3, #0
 2860 0050 1F46     		mov	r7, r3
 2861              	.LVL198:
 2862              	.L224:
 2863              	.LBB167:
2823:Middlewares/Third_Party/FreeRTOS/Source/tasks.c **** 			{
 2864              		.loc 1 2823 4 is_stmt 1 view .LVU798
2823:Middlewares/Third_Party/FreeRTOS/Source/tasks.c **** 			{
 2865              		.loc 1 2823 8 is_stmt 0 view .LVU799
 2866 0052 2F4B     		ldr	r3, .L240+24
 2867 0054 1B68     		ldr	r3, [r3]
 2868 0056 DB6A     		ldr	r3, [r3, #44]
 2869 0058 03EB8303 		add	r3, r3, r3, lsl #2
 2870 005c 9B00     		lsls	r3, r3, #2
 2871 005e 2D4A     		ldr	r2, .L240+28
 2872 0060 D358     		ldr	r3, [r2, r3]
2823:Middlewares/Third_Party/FreeRTOS/Source/tasks.c **** 			{
 2873              		.loc 1 2823 6 view .LVU800
 2874 0062 012B     		cmp	r3, #1
 2875 0064 01D9     		bls	.L231
2825:Middlewares/Third_Party/FreeRTOS/Source/tasks.c **** 			}
 2876              		.loc 1 2825 21 view .LVU801
 2877 0066 0123     		movs	r3, #1
 2878 0068 1F46     		mov	r7, r3
 2879              	.LVL199:
 2880              	.L231:
2829:Middlewares/Third_Party/FreeRTOS/Source/tasks.c **** 			}
 2881              		.loc 1 2829 29 is_stmt 1 view .LVU802
2851:Middlewares/Third_Party/FreeRTOS/Source/tasks.c **** 			{
 2882              		.loc 1 2851 4 view .LVU803
2851:Middlewares/Third_Party/FreeRTOS/Source/tasks.c **** 			{
ARM GAS  C:\Users\jason\AppData\Local\Temp\ccaXxPCU.s 			page 160


 2883              		.loc 1 2851 22 is_stmt 0 view .LVU804
 2884 006a 2B4B     		ldr	r3, .L240+32
 2885 006c 1B68     		ldr	r3, [r3]
2851:Middlewares/Third_Party/FreeRTOS/Source/tasks.c **** 			{
 2886              		.loc 1 2851 6 view .LVU805
 2887 006e 002B     		cmp	r3, #0
 2888 0070 40D0     		beq	.L218
2853:Middlewares/Third_Party/FreeRTOS/Source/tasks.c **** 			}
 2889              		.loc 1 2853 21 view .LVU806
 2890 0072 0123     		movs	r3, #1
 2891 0074 1F46     		mov	r7, r3
 2892              	.LVL200:
2853:Middlewares/Third_Party/FreeRTOS/Source/tasks.c **** 			}
 2893              		.loc 1 2853 21 view .LVU807
 2894              	.LBE167:
2875:Middlewares/Third_Party/FreeRTOS/Source/tasks.c **** }
 2895              		.loc 1 2875 2 is_stmt 1 view .LVU808
2875:Middlewares/Third_Party/FreeRTOS/Source/tasks.c **** }
 2896              		.loc 1 2875 9 is_stmt 0 view .LVU809
 2897 0076 3DE0     		b	.L218
 2898              	.LVL201:
 2899              	.L234:
 2900              	.LBB168:
2806:Middlewares/Third_Party/FreeRTOS/Source/tasks.c **** 						}
 2901              		.loc 1 2806 24 view .LVU810
 2902 0078 0123     		movs	r3, #1
 2903 007a 1F46     		mov	r7, r3
 2904              	.LVL202:
 2905              	.L223:
2742:Middlewares/Third_Party/FreeRTOS/Source/tasks.c **** 			{
 2906              		.loc 1 2742 4 is_stmt 1 view .LVU811
2744:Middlewares/Third_Party/FreeRTOS/Source/tasks.c **** 				{
 2907              		.loc 1 2744 5 view .LVU812
2744:Middlewares/Third_Party/FreeRTOS/Source/tasks.c **** 				{
 2908              		.loc 1 2744 9 is_stmt 0 view .LVU813
 2909 007c 204B     		ldr	r3, .L240+8
 2910 007e 1B68     		ldr	r3, [r3]
 2911 0080 1B68     		ldr	r3, [r3]
2744:Middlewares/Third_Party/FreeRTOS/Source/tasks.c **** 				{
 2912              		.loc 1 2744 7 view .LVU814
 2913 0082 4BB3     		cbz	r3, .L238
2760:Middlewares/Third_Party/FreeRTOS/Source/tasks.c **** 					xItemValue = listGET_LIST_ITEM_VALUE( &( pxTCB->xStateListItem ) );
 2914              		.loc 1 2760 6 is_stmt 1 view .LVU815
2760:Middlewares/Third_Party/FreeRTOS/Source/tasks.c **** 					xItemValue = listGET_LIST_ITEM_VALUE( &( pxTCB->xStateListItem ) );
 2915              		.loc 1 2760 14 is_stmt 0 view .LVU816
 2916 0084 1E4B     		ldr	r3, .L240+8
 2917 0086 1B68     		ldr	r3, [r3]
 2918 0088 DB68     		ldr	r3, [r3, #12]
2760:Middlewares/Third_Party/FreeRTOS/Source/tasks.c **** 					xItemValue = listGET_LIST_ITEM_VALUE( &( pxTCB->xStateListItem ) );
 2919              		.loc 1 2760 12 view .LVU817
 2920 008a DC68     		ldr	r4, [r3, #12]
 2921              	.LVL203:
2761:Middlewares/Third_Party/FreeRTOS/Source/tasks.c **** 
 2922              		.loc 1 2761 6 is_stmt 1 view .LVU818
2761:Middlewares/Third_Party/FreeRTOS/Source/tasks.c **** 
 2923              		.loc 1 2761 17 is_stmt 0 view .LVU819
 2924 008c 6368     		ldr	r3, [r4, #4]
ARM GAS  C:\Users\jason\AppData\Local\Temp\ccaXxPCU.s 			page 161


 2925              	.LVL204:
2763:Middlewares/Third_Party/FreeRTOS/Source/tasks.c **** 					{
 2926              		.loc 1 2763 6 is_stmt 1 view .LVU820
2763:Middlewares/Third_Party/FreeRTOS/Source/tasks.c **** 					{
 2927              		.loc 1 2763 8 is_stmt 0 view .LVU821
 2928 008e 9D42     		cmp	r5, r3
 2929 0090 27D3     		bcc	.L239
2775:Middlewares/Third_Party/FreeRTOS/Source/tasks.c **** 					}
 2930              		.loc 1 2775 31 is_stmt 1 view .LVU822
2779:Middlewares/Third_Party/FreeRTOS/Source/tasks.c **** 
 2931              		.loc 1 2779 6 view .LVU823
2779:Middlewares/Third_Party/FreeRTOS/Source/tasks.c **** 
 2932              		.loc 1 2779 29 is_stmt 0 view .LVU824
 2933 0092 261D     		adds	r6, r4, #4
2779:Middlewares/Third_Party/FreeRTOS/Source/tasks.c **** 
 2934              		.loc 1 2779 15 view .LVU825
 2935 0094 3046     		mov	r0, r6
 2936 0096 FFF7FEFF 		bl	uxListRemove
 2937              	.LVL205:
2783:Middlewares/Third_Party/FreeRTOS/Source/tasks.c **** 					{
 2938              		.loc 1 2783 6 is_stmt 1 view .LVU826
2783:Middlewares/Third_Party/FreeRTOS/Source/tasks.c **** 					{
 2939              		.loc 1 2783 10 is_stmt 0 view .LVU827
 2940 009a A36A     		ldr	r3, [r4, #40]
2783:Middlewares/Third_Party/FreeRTOS/Source/tasks.c **** 					{
 2941              		.loc 1 2783 8 view .LVU828
 2942 009c 1BB1     		cbz	r3, .L227
2785:Middlewares/Third_Party/FreeRTOS/Source/tasks.c **** 					}
 2943              		.loc 1 2785 7 is_stmt 1 view .LVU829
2785:Middlewares/Third_Party/FreeRTOS/Source/tasks.c **** 					}
 2944              		.loc 1 2785 16 is_stmt 0 view .LVU830
 2945 009e 04F11800 		add	r0, r4, #24
 2946 00a2 FFF7FEFF 		bl	uxListRemove
 2947              	.LVL206:
 2948              	.L227:
2789:Middlewares/Third_Party/FreeRTOS/Source/tasks.c **** 					}
 2949              		.loc 1 2789 31 is_stmt 1 view .LVU831
2794:Middlewares/Third_Party/FreeRTOS/Source/tasks.c **** 
 2950              		.loc 1 2794 6 view .LVU832
2794:Middlewares/Third_Party/FreeRTOS/Source/tasks.c **** 
 2951              		.loc 1 2794 6 view .LVU833
 2952 00a6 E06A     		ldr	r0, [r4, #44]
 2953 00a8 1C4B     		ldr	r3, .L240+36
 2954 00aa 1B68     		ldr	r3, [r3]
 2955 00ac 9842     		cmp	r0, r3
 2956 00ae 01D9     		bls	.L228
2794:Middlewares/Third_Party/FreeRTOS/Source/tasks.c **** 
 2957              		.loc 1 2794 6 discriminator 1 view .LVU834
 2958 00b0 1A4B     		ldr	r3, .L240+36
 2959 00b2 1860     		str	r0, [r3]
 2960              	.L228:
2794:Middlewares/Third_Party/FreeRTOS/Source/tasks.c **** 
 2961              		.loc 1 2794 6 discriminator 3 view .LVU835
2794:Middlewares/Third_Party/FreeRTOS/Source/tasks.c **** 
 2962              		.loc 1 2794 6 discriminator 3 view .LVU836
 2963 00b4 00EB8000 		add	r0, r0, r0, lsl #2
 2964 00b8 3146     		mov	r1, r6
ARM GAS  C:\Users\jason\AppData\Local\Temp\ccaXxPCU.s 			page 162


 2965 00ba 164B     		ldr	r3, .L240+28
 2966 00bc 03EB8000 		add	r0, r3, r0, lsl #2
 2967 00c0 FFF7FEFF 		bl	vListInsertEnd
 2968              	.LVL207:
2794:Middlewares/Third_Party/FreeRTOS/Source/tasks.c **** 
 2969              		.loc 1 2794 36 discriminator 4 view .LVU837
2804:Middlewares/Third_Party/FreeRTOS/Source/tasks.c **** 						{
 2970              		.loc 1 2804 7 view .LVU838
2804:Middlewares/Third_Party/FreeRTOS/Source/tasks.c **** 						{
 2971              		.loc 1 2804 16 is_stmt 0 view .LVU839
 2972 00c4 E26A     		ldr	r2, [r4, #44]
2804:Middlewares/Third_Party/FreeRTOS/Source/tasks.c **** 						{
 2973              		.loc 1 2804 44 view .LVU840
 2974 00c6 124B     		ldr	r3, .L240+24
 2975 00c8 1B68     		ldr	r3, [r3]
 2976 00ca DB6A     		ldr	r3, [r3, #44]
2804:Middlewares/Third_Party/FreeRTOS/Source/tasks.c **** 						{
 2977              		.loc 1 2804 9 view .LVU841
 2978 00cc 9A42     		cmp	r2, r3
 2979 00ce D3D2     		bcs	.L234
 2980 00d0 D4E7     		b	.L223
 2981              	.LVL208:
 2982              	.L233:
2804:Middlewares/Third_Party/FreeRTOS/Source/tasks.c **** 						{
 2983              		.loc 1 2804 9 view .LVU842
 2984              	.LBE168:
2711:Middlewares/Third_Party/FreeRTOS/Source/tasks.c **** 
 2985              		.loc 1 2711 12 view .LVU843
 2986 00d2 0023     		movs	r3, #0
 2987 00d4 1F46     		mov	r7, r3
 2988 00d6 D1E7     		b	.L223
 2989              	.LVL209:
 2990              	.L238:
 2991              	.LBB169:
2751:Middlewares/Third_Party/FreeRTOS/Source/tasks.c **** 					break;
 2992              		.loc 1 2751 6 is_stmt 1 view .LVU844
2751:Middlewares/Third_Party/FreeRTOS/Source/tasks.c **** 					break;
 2993              		.loc 1 2751 27 is_stmt 0 view .LVU845
 2994 00d8 0C4B     		ldr	r3, .L240+20
 2995 00da 4FF0FF32 		mov	r2, #-1
 2996 00de 1A60     		str	r2, [r3]
2752:Middlewares/Third_Party/FreeRTOS/Source/tasks.c **** 				}
 2997              		.loc 1 2752 6 is_stmt 1 view .LVU846
 2998 00e0 B7E7     		b	.L224
 2999              	.LVL210:
 3000              	.L239:
2770:Middlewares/Third_Party/FreeRTOS/Source/tasks.c **** 						break; /*lint !e9011 Code structure here is deedmed easier to understand with multiple breaks
 3001              		.loc 1 2770 7 view .LVU847
2770:Middlewares/Third_Party/FreeRTOS/Source/tasks.c **** 						break; /*lint !e9011 Code structure here is deedmed easier to understand with multiple breaks
 3002              		.loc 1 2770 28 is_stmt 0 view .LVU848
 3003 00e2 0A4A     		ldr	r2, .L240+20
 3004 00e4 1360     		str	r3, [r2]
2771:Middlewares/Third_Party/FreeRTOS/Source/tasks.c **** 					}
 3005              		.loc 1 2771 7 is_stmt 1 view .LVU849
 3006 00e6 B4E7     		b	.L224
 3007              	.LVL211:
 3008              	.L219:
ARM GAS  C:\Users\jason\AppData\Local\Temp\ccaXxPCU.s 			page 163


2771:Middlewares/Third_Party/FreeRTOS/Source/tasks.c **** 					}
 3009              		.loc 1 2771 7 is_stmt 0 view .LVU850
 3010              	.LBE169:
2864:Middlewares/Third_Party/FreeRTOS/Source/tasks.c **** 
 3011              		.loc 1 2864 3 is_stmt 1 view .LVU851
 3012 00e8 0D4A     		ldr	r2, .L240+40
 3013 00ea 1368     		ldr	r3, [r2]
 3014 00ec 0133     		adds	r3, r3, #1
 3015 00ee 1360     		str	r3, [r2]
2711:Middlewares/Third_Party/FreeRTOS/Source/tasks.c **** 
 3016              		.loc 1 2711 12 is_stmt 0 view .LVU852
 3017 00f0 0023     		movs	r3, #0
 3018 00f2 1F46     		mov	r7, r3
 3019              	.LVL212:
 3020              	.L218:
2876:Middlewares/Third_Party/FreeRTOS/Source/tasks.c **** /*-----------------------------------------------------------*/
 3021              		.loc 1 2876 1 view .LVU853
 3022 00f4 3846     		mov	r0, r7
 3023 00f6 F8BD     		pop	{r3, r4, r5, r6, r7, pc}
 3024              	.L241:
 3025              		.align	2
 3026              	.L240:
 3027 00f8 00000000 		.word	uxSchedulerSuspended
 3028 00fc 00000000 		.word	xTickCount
 3029 0100 00000000 		.word	pxDelayedTaskList
 3030 0104 00000000 		.word	pxOverflowDelayedTaskList
 3031 0108 00000000 		.word	xNumOfOverflows
 3032 010c 00000000 		.word	xNextTaskUnblockTime
 3033 0110 00000000 		.word	pxCurrentTCB
 3034 0114 00000000 		.word	pxReadyTasksLists
 3035 0118 00000000 		.word	xYieldPending
 3036 011c 00000000 		.word	uxTopReadyPriority
 3037 0120 00000000 		.word	xPendedTicks
 3038              		.cfi_endproc
 3039              	.LFE29:
 3041              		.section	.text.xTaskResumeAll,"ax",%progbits
 3042              		.align	1
 3043              		.global	xTaskResumeAll
 3044              		.syntax unified
 3045              		.thumb
 3046              		.thumb_func
 3048              	xTaskResumeAll:
 3049              	.LFB22:
2195:Middlewares/Third_Party/FreeRTOS/Source/tasks.c **** TCB_t *pxTCB = NULL;
 3050              		.loc 1 2195 1 is_stmt 1 view -0
 3051              		.cfi_startproc
 3052              		@ args = 0, pretend = 0, frame = 0
 3053              		@ frame_needed = 0, uses_anonymous_args = 0
 3054 0000 38B5     		push	{r3, r4, r5, lr}
 3055              		.cfi_def_cfa_offset 16
 3056              		.cfi_offset 3, -16
 3057              		.cfi_offset 4, -12
 3058              		.cfi_offset 5, -8
 3059              		.cfi_offset 14, -4
2196:Middlewares/Third_Party/FreeRTOS/Source/tasks.c **** BaseType_t xAlreadyYielded = pdFALSE;
 3060              		.loc 1 2196 1 view .LVU855
 3061              	.LVL213:
ARM GAS  C:\Users\jason\AppData\Local\Temp\ccaXxPCU.s 			page 164


2197:Middlewares/Third_Party/FreeRTOS/Source/tasks.c **** 
 3062              		.loc 1 2197 1 view .LVU856
2201:Middlewares/Third_Party/FreeRTOS/Source/tasks.c **** 
 3063              		.loc 1 2201 2 view .LVU857
 3064 0002 354B     		ldr	r3, .L259
 3065 0004 1B68     		ldr	r3, [r3]
 3066 0006 43B9     		cbnz	r3, .L243
2201:Middlewares/Third_Party/FreeRTOS/Source/tasks.c **** 
 3067              		.loc 1 2201 2 discriminator 1 view .LVU858
 3068              	.LBB170:
 3069              	.LBI170:
 191:Middlewares/Third_Party/FreeRTOS/Source/portable/GCC/ARM_CM4F/portmacro.h **** {
 3070              		.loc 2 191 30 view .LVU859
 3071              	.LBB171:
 193:Middlewares/Third_Party/FreeRTOS/Source/portable/GCC/ARM_CM4F/portmacro.h **** 
 3072              		.loc 2 193 1 view .LVU860
 195:Middlewares/Third_Party/FreeRTOS/Source/portable/GCC/ARM_CM4F/portmacro.h **** 	(
 3073              		.loc 2 195 2 view .LVU861
 3074              		.syntax unified
 3075              	@ 195 "Middlewares/Third_Party/FreeRTOS/Source/portable/GCC/ARM_CM4F/portmacro.h" 1
 3076 0008 4FF05003 			mov r3, #80												
 3077 000c 83F31188 		msr basepri, r3											
 3078 0010 BFF36F8F 		isb														
 3079 0014 BFF34F8F 		dsb														
 3080              	
 3081              	@ 0 "" 2
 3082              		.thumb
 3083              		.syntax unified
 3084              	.L244:
 3085              	.LBE171:
 3086              	.LBE170:
2201:Middlewares/Third_Party/FreeRTOS/Source/tasks.c **** 
 3087              		.loc 1 2201 2 view .LVU862
 3088 0018 FEE7     		b	.L244
 3089              	.L243:
2201:Middlewares/Third_Party/FreeRTOS/Source/tasks.c **** 
 3090              		.loc 1 2201 38 view .LVU863
2208:Middlewares/Third_Party/FreeRTOS/Source/tasks.c **** 	{
 3091              		.loc 1 2208 2 view .LVU864
 3092 001a FFF7FEFF 		bl	vPortEnterCritical
 3093              	.LVL214:
2210:Middlewares/Third_Party/FreeRTOS/Source/tasks.c **** 
 3094              		.loc 1 2210 3 view .LVU865
 3095 001e 2E4B     		ldr	r3, .L259
 3096 0020 1A68     		ldr	r2, [r3]
 3097 0022 013A     		subs	r2, r2, #1
 3098 0024 1A60     		str	r2, [r3]
2212:Middlewares/Third_Party/FreeRTOS/Source/tasks.c **** 		{
 3099              		.loc 1 2212 3 view .LVU866
2212:Middlewares/Third_Party/FreeRTOS/Source/tasks.c **** 		{
 3100              		.loc 1 2212 28 is_stmt 0 view .LVU867
 3101 0026 1B68     		ldr	r3, [r3]
2212:Middlewares/Third_Party/FreeRTOS/Source/tasks.c **** 		{
 3102              		.loc 1 2212 5 view .LVU868
 3103 0028 002B     		cmp	r3, #0
 3104 002a 4FD1     		bne	.L254
2214:Middlewares/Third_Party/FreeRTOS/Source/tasks.c **** 			{
ARM GAS  C:\Users\jason\AppData\Local\Temp\ccaXxPCU.s 			page 165


 3105              		.loc 1 2214 4 is_stmt 1 view .LVU869
2214:Middlewares/Third_Party/FreeRTOS/Source/tasks.c **** 			{
 3106              		.loc 1 2214 31 is_stmt 0 view .LVU870
 3107 002c 2B4B     		ldr	r3, .L259+4
 3108 002e 1B68     		ldr	r3, [r3]
2214:Middlewares/Third_Party/FreeRTOS/Source/tasks.c **** 			{
 3109              		.loc 1 2214 6 view .LVU871
 3110 0030 0BB9     		cbnz	r3, .L255
2197:Middlewares/Third_Party/FreeRTOS/Source/tasks.c **** 
 3111              		.loc 1 2197 12 view .LVU872
 3112 0032 1C46     		mov	r4, r3
 3113 0034 4BE0     		b	.L245
 3114              	.L255:
2196:Middlewares/Third_Party/FreeRTOS/Source/tasks.c **** BaseType_t xAlreadyYielded = pdFALSE;
 3115              		.loc 1 2196 8 view .LVU873
 3116 0036 0024     		movs	r4, #0
 3117              	.LVL215:
 3118              	.L246:
2233:Middlewares/Third_Party/FreeRTOS/Source/tasks.c **** 					}
 3119              		.loc 1 2233 31 is_stmt 1 view .LVU874
2218:Middlewares/Third_Party/FreeRTOS/Source/tasks.c **** 				{
 3120              		.loc 1 2218 52 view .LVU875
2218:Middlewares/Third_Party/FreeRTOS/Source/tasks.c **** 				{
 3121              		.loc 1 2218 12 is_stmt 0 view .LVU876
 3122 0038 294B     		ldr	r3, .L259+8
 3123 003a 1B68     		ldr	r3, [r3]
2218:Middlewares/Third_Party/FreeRTOS/Source/tasks.c **** 				{
 3124              		.loc 1 2218 52 view .LVU877
 3125 003c 1BB3     		cbz	r3, .L257
2220:Middlewares/Third_Party/FreeRTOS/Source/tasks.c **** 					( void ) uxListRemove( &( pxTCB->xEventListItem ) );
 3126              		.loc 1 2220 6 is_stmt 1 view .LVU878
2220:Middlewares/Third_Party/FreeRTOS/Source/tasks.c **** 					( void ) uxListRemove( &( pxTCB->xEventListItem ) );
 3127              		.loc 1 2220 14 is_stmt 0 view .LVU879
 3128 003e 284B     		ldr	r3, .L259+8
 3129 0040 DB68     		ldr	r3, [r3, #12]
2220:Middlewares/Third_Party/FreeRTOS/Source/tasks.c **** 					( void ) uxListRemove( &( pxTCB->xEventListItem ) );
 3130              		.loc 1 2220 12 view .LVU880
 3131 0042 DC68     		ldr	r4, [r3, #12]
 3132              	.LVL216:
2221:Middlewares/Third_Party/FreeRTOS/Source/tasks.c **** 					( void ) uxListRemove( &( pxTCB->xStateListItem ) );
 3133              		.loc 1 2221 6 is_stmt 1 view .LVU881
2221:Middlewares/Third_Party/FreeRTOS/Source/tasks.c **** 					( void ) uxListRemove( &( pxTCB->xStateListItem ) );
 3134              		.loc 1 2221 15 is_stmt 0 view .LVU882
 3135 0044 04F11800 		add	r0, r4, #24
 3136 0048 FFF7FEFF 		bl	uxListRemove
 3137              	.LVL217:
2222:Middlewares/Third_Party/FreeRTOS/Source/tasks.c **** 					prvAddTaskToReadyList( pxTCB );
 3138              		.loc 1 2222 6 is_stmt 1 view .LVU883
2222:Middlewares/Third_Party/FreeRTOS/Source/tasks.c **** 					prvAddTaskToReadyList( pxTCB );
 3139              		.loc 1 2222 29 is_stmt 0 view .LVU884
 3140 004c 251D     		adds	r5, r4, #4
2222:Middlewares/Third_Party/FreeRTOS/Source/tasks.c **** 					prvAddTaskToReadyList( pxTCB );
 3141              		.loc 1 2222 15 view .LVU885
 3142 004e 2846     		mov	r0, r5
 3143 0050 FFF7FEFF 		bl	uxListRemove
 3144              	.LVL218:
2223:Middlewares/Third_Party/FreeRTOS/Source/tasks.c **** 
ARM GAS  C:\Users\jason\AppData\Local\Temp\ccaXxPCU.s 			page 166


 3145              		.loc 1 2223 6 is_stmt 1 view .LVU886
2223:Middlewares/Third_Party/FreeRTOS/Source/tasks.c **** 
 3146              		.loc 1 2223 6 view .LVU887
 3147 0054 E06A     		ldr	r0, [r4, #44]
 3148 0056 234B     		ldr	r3, .L259+12
 3149 0058 1B68     		ldr	r3, [r3]
 3150 005a 9842     		cmp	r0, r3
 3151 005c 01D9     		bls	.L247
2223:Middlewares/Third_Party/FreeRTOS/Source/tasks.c **** 
 3152              		.loc 1 2223 6 discriminator 1 view .LVU888
 3153 005e 214B     		ldr	r3, .L259+12
 3154 0060 1860     		str	r0, [r3]
 3155              	.L247:
2223:Middlewares/Third_Party/FreeRTOS/Source/tasks.c **** 
 3156              		.loc 1 2223 6 discriminator 3 view .LVU889
2223:Middlewares/Third_Party/FreeRTOS/Source/tasks.c **** 
 3157              		.loc 1 2223 6 discriminator 3 view .LVU890
 3158 0062 00EB8000 		add	r0, r0, r0, lsl #2
 3159 0066 2946     		mov	r1, r5
 3160 0068 1F4B     		ldr	r3, .L259+16
 3161 006a 03EB8000 		add	r0, r3, r0, lsl #2
 3162 006e FFF7FEFF 		bl	vListInsertEnd
 3163              	.LVL219:
2223:Middlewares/Third_Party/FreeRTOS/Source/tasks.c **** 
 3164              		.loc 1 2223 36 discriminator 4 view .LVU891
2227:Middlewares/Third_Party/FreeRTOS/Source/tasks.c **** 					{
 3165              		.loc 1 2227 6 view .LVU892
2227:Middlewares/Third_Party/FreeRTOS/Source/tasks.c **** 					{
 3166              		.loc 1 2227 15 is_stmt 0 view .LVU893
 3167 0072 E26A     		ldr	r2, [r4, #44]
2227:Middlewares/Third_Party/FreeRTOS/Source/tasks.c **** 					{
 3168              		.loc 1 2227 43 view .LVU894
 3169 0074 1D4B     		ldr	r3, .L259+20
 3170 0076 1B68     		ldr	r3, [r3]
 3171 0078 DB6A     		ldr	r3, [r3, #44]
2227:Middlewares/Third_Party/FreeRTOS/Source/tasks.c **** 					{
 3172              		.loc 1 2227 8 view .LVU895
 3173 007a 9A42     		cmp	r2, r3
 3174 007c DCD3     		bcc	.L246
2229:Middlewares/Third_Party/FreeRTOS/Source/tasks.c **** 					}
 3175              		.loc 1 2229 7 is_stmt 1 view .LVU896
2229:Middlewares/Third_Party/FreeRTOS/Source/tasks.c **** 					}
 3176              		.loc 1 2229 21 is_stmt 0 view .LVU897
 3177 007e 1C4B     		ldr	r3, .L259+24
 3178 0080 0122     		movs	r2, #1
 3179 0082 1A60     		str	r2, [r3]
 3180 0084 D8E7     		b	.L246
 3181              	.L257:
2237:Middlewares/Third_Party/FreeRTOS/Source/tasks.c **** 				{
 3182              		.loc 1 2237 5 is_stmt 1 view .LVU898
2237:Middlewares/Third_Party/FreeRTOS/Source/tasks.c **** 				{
 3183              		.loc 1 2237 7 is_stmt 0 view .LVU899
 3184 0086 0CB1     		cbz	r4, .L250
2245:Middlewares/Third_Party/FreeRTOS/Source/tasks.c **** 				}
 3185              		.loc 1 2245 6 is_stmt 1 view .LVU900
 3186 0088 FFF7FEFF 		bl	prvResetNextTaskUnblockTime
 3187              	.LVL220:
ARM GAS  C:\Users\jason\AppData\Local\Temp\ccaXxPCU.s 			page 167


 3188              	.L250:
 3189              	.LBB172:
2253:Middlewares/Third_Party/FreeRTOS/Source/tasks.c **** 
 3190              		.loc 1 2253 6 view .LVU901
2253:Middlewares/Third_Party/FreeRTOS/Source/tasks.c **** 
 3191              		.loc 1 2253 17 is_stmt 0 view .LVU902
 3192 008c 194B     		ldr	r3, .L259+28
 3193 008e 1C68     		ldr	r4, [r3]
 3194              	.LVL221:
2255:Middlewares/Third_Party/FreeRTOS/Source/tasks.c **** 					{
 3195              		.loc 1 2255 6 is_stmt 1 view .LVU903
2255:Middlewares/Third_Party/FreeRTOS/Source/tasks.c **** 					{
 3196              		.loc 1 2255 8 is_stmt 0 view .LVU904
 3197 0090 84B9     		cbnz	r4, .L253
 3198              	.L251:
2274:Middlewares/Third_Party/FreeRTOS/Source/tasks.c **** 					}
 3199              		.loc 1 2274 31 is_stmt 1 view .LVU905
 3200              	.LBE172:
2278:Middlewares/Third_Party/FreeRTOS/Source/tasks.c **** 				{
 3201              		.loc 1 2278 5 view .LVU906
2278:Middlewares/Third_Party/FreeRTOS/Source/tasks.c **** 				{
 3202              		.loc 1 2278 23 is_stmt 0 view .LVU907
 3203 0092 174B     		ldr	r3, .L259+24
 3204 0094 1C68     		ldr	r4, [r3]
 3205              	.LVL222:
2278:Middlewares/Third_Party/FreeRTOS/Source/tasks.c **** 				{
 3206              		.loc 1 2278 7 view .LVU908
 3207 0096 D4B1     		cbz	r4, .L245
2282:Middlewares/Third_Party/FreeRTOS/Source/tasks.c **** 					}
 3208              		.loc 1 2282 7 is_stmt 1 view .LVU909
 3209              	.LVL223:
2285:Middlewares/Third_Party/FreeRTOS/Source/tasks.c **** 				}
 3210              		.loc 1 2285 6 view .LVU910
 3211 0098 4FF0E023 		mov	r3, #-536813568
 3212 009c 4FF08052 		mov	r2, #268435456
 3213 00a0 C3F8042D 		str	r2, [r3, #3332]
2285:Middlewares/Third_Party/FreeRTOS/Source/tasks.c **** 				}
 3214              		.loc 1 2285 6 view .LVU911
 3215              		.syntax unified
 3216              	@ 2285 "Middlewares/Third_Party/FreeRTOS/Source/tasks.c" 1
 3217 00a4 BFF34F8F 		dsb
 3218              	@ 0 "" 2
2285:Middlewares/Third_Party/FreeRTOS/Source/tasks.c **** 				}
 3219              		.loc 1 2285 6 view .LVU912
 3220              	@ 2285 "Middlewares/Third_Party/FreeRTOS/Source/tasks.c" 1
 3221 00a8 BFF36F8F 		isb
 3222              	@ 0 "" 2
2285:Middlewares/Third_Party/FreeRTOS/Source/tasks.c **** 				}
 3223              		.loc 1 2285 37 view .LVU913
2282:Middlewares/Third_Party/FreeRTOS/Source/tasks.c **** 					}
 3224              		.loc 1 2282 23 is_stmt 0 view .LVU914
 3225              		.thumb
 3226              		.syntax unified
 3227 00ac 0124     		movs	r4, #1
 3228 00ae 0EE0     		b	.L245
 3229              	.LVL224:
 3230              	.L252:
ARM GAS  C:\Users\jason\AppData\Local\Temp\ccaXxPCU.s 			page 168


 3231              	.LBB173:
2265:Middlewares/Third_Party/FreeRTOS/Source/tasks.c **** 							}
 3232              		.loc 1 2265 33 is_stmt 1 view .LVU915
2267:Middlewares/Third_Party/FreeRTOS/Source/tasks.c **** 						} while( xPendedCounts > ( TickType_t ) 0U );
 3233              		.loc 1 2267 8 view .LVU916
2268:Middlewares/Third_Party/FreeRTOS/Source/tasks.c **** 
 3234              		.loc 1 2268 30 view .LVU917
 3235 00b0 013C     		subs	r4, r4, #1
 3236              	.LVL225:
2268:Middlewares/Third_Party/FreeRTOS/Source/tasks.c **** 
 3237              		.loc 1 2268 30 is_stmt 0 view .LVU918
 3238 00b2 07D0     		beq	.L258
 3239              	.L253:
2257:Middlewares/Third_Party/FreeRTOS/Source/tasks.c **** 						{
 3240              		.loc 1 2257 7 is_stmt 1 view .LVU919
2259:Middlewares/Third_Party/FreeRTOS/Source/tasks.c **** 							{
 3241              		.loc 1 2259 8 view .LVU920
2259:Middlewares/Third_Party/FreeRTOS/Source/tasks.c **** 							{
 3242              		.loc 1 2259 12 is_stmt 0 view .LVU921
 3243 00b4 FFF7FEFF 		bl	xTaskIncrementTick
 3244              	.LVL226:
2259:Middlewares/Third_Party/FreeRTOS/Source/tasks.c **** 							{
 3245              		.loc 1 2259 10 discriminator 1 view .LVU922
 3246 00b8 0028     		cmp	r0, #0
 3247 00ba F9D0     		beq	.L252
2261:Middlewares/Third_Party/FreeRTOS/Source/tasks.c **** 							}
 3248              		.loc 1 2261 9 is_stmt 1 view .LVU923
2261:Middlewares/Third_Party/FreeRTOS/Source/tasks.c **** 							}
 3249              		.loc 1 2261 23 is_stmt 0 view .LVU924
 3250 00bc 0C4B     		ldr	r3, .L259+24
 3251 00be 0122     		movs	r2, #1
 3252 00c0 1A60     		str	r2, [r3]
 3253 00c2 F5E7     		b	.L252
 3254              	.L258:
2270:Middlewares/Third_Party/FreeRTOS/Source/tasks.c **** 					}
 3255              		.loc 1 2270 7 is_stmt 1 view .LVU925
2270:Middlewares/Third_Party/FreeRTOS/Source/tasks.c **** 					}
 3256              		.loc 1 2270 20 is_stmt 0 view .LVU926
 3257 00c4 0B4B     		ldr	r3, .L259+28
 3258 00c6 0022     		movs	r2, #0
 3259 00c8 1A60     		str	r2, [r3]
 3260 00ca E2E7     		b	.L251
 3261              	.LVL227:
 3262              	.L254:
2270:Middlewares/Third_Party/FreeRTOS/Source/tasks.c **** 					}
 3263              		.loc 1 2270 20 view .LVU927
 3264              	.LBE173:
2197:Middlewares/Third_Party/FreeRTOS/Source/tasks.c **** 
 3265              		.loc 1 2197 12 view .LVU928
 3266 00cc 0024     		movs	r4, #0
 3267              	.LVL228:
 3268              	.L245:
2295:Middlewares/Third_Party/FreeRTOS/Source/tasks.c **** 		}
 3269              		.loc 1 2295 28 is_stmt 1 view .LVU929
2298:Middlewares/Third_Party/FreeRTOS/Source/tasks.c **** 
 3270              		.loc 1 2298 2 view .LVU930
 3271 00ce FFF7FEFF 		bl	vPortExitCritical
ARM GAS  C:\Users\jason\AppData\Local\Temp\ccaXxPCU.s 			page 169


 3272              	.LVL229:
2300:Middlewares/Third_Party/FreeRTOS/Source/tasks.c **** }
 3273              		.loc 1 2300 2 view .LVU931
2301:Middlewares/Third_Party/FreeRTOS/Source/tasks.c **** /*-----------------------------------------------------------*/
 3274              		.loc 1 2301 1 is_stmt 0 view .LVU932
 3275 00d2 2046     		mov	r0, r4
 3276 00d4 38BD     		pop	{r3, r4, r5, pc}
 3277              	.LVL230:
 3278              	.L260:
2301:Middlewares/Third_Party/FreeRTOS/Source/tasks.c **** /*-----------------------------------------------------------*/
 3279              		.loc 1 2301 1 view .LVU933
 3280 00d6 00BF     		.align	2
 3281              	.L259:
 3282 00d8 00000000 		.word	uxSchedulerSuspended
 3283 00dc 00000000 		.word	uxCurrentNumberOfTasks
 3284 00e0 00000000 		.word	xPendingReadyList
 3285 00e4 00000000 		.word	uxTopReadyPriority
 3286 00e8 00000000 		.word	pxReadyTasksLists
 3287 00ec 00000000 		.word	pxCurrentTCB
 3288 00f0 00000000 		.word	xYieldPending
 3289 00f4 00000000 		.word	xPendedTicks
 3290              		.cfi_endproc
 3291              	.LFE22:
 3293              		.section	.text.vTaskDelayUntil,"ax",%progbits
 3294              		.align	1
 3295              		.global	vTaskDelayUntil
 3296              		.syntax unified
 3297              		.thumb
 3298              		.thumb_func
 3300              	vTaskDelayUntil:
 3301              	.LVL231:
 3302              	.LFB9:
1258:Middlewares/Third_Party/FreeRTOS/Source/tasks.c **** 	TickType_t xTimeToWake;
 3303              		.loc 1 1258 2 is_stmt 1 view -0
 3304              		.cfi_startproc
 3305              		@ args = 0, pretend = 0, frame = 0
 3306              		@ frame_needed = 0, uses_anonymous_args = 0
1258:Middlewares/Third_Party/FreeRTOS/Source/tasks.c **** 	TickType_t xTimeToWake;
 3307              		.loc 1 1258 2 is_stmt 0 view .LVU935
 3308 0000 38B5     		push	{r3, r4, r5, lr}
 3309              		.cfi_def_cfa_offset 16
 3310              		.cfi_offset 3, -16
 3311              		.cfi_offset 4, -12
 3312              		.cfi_offset 5, -8
 3313              		.cfi_offset 14, -4
1259:Middlewares/Third_Party/FreeRTOS/Source/tasks.c **** 	BaseType_t xAlreadyYielded, xShouldDelay = pdFALSE;
 3314              		.loc 1 1259 2 is_stmt 1 view .LVU936
1260:Middlewares/Third_Party/FreeRTOS/Source/tasks.c **** 
 3315              		.loc 1 1260 2 view .LVU937
 3316              	.LVL232:
1262:Middlewares/Third_Party/FreeRTOS/Source/tasks.c **** 		configASSERT( ( xTimeIncrement > 0U ) );
 3317              		.loc 1 1262 3 view .LVU938
 3318 0002 58B1     		cbz	r0, .L277
 3319 0004 0C46     		mov	r4, r1
 3320 0006 0546     		mov	r5, r0
1262:Middlewares/Third_Party/FreeRTOS/Source/tasks.c **** 		configASSERT( ( xTimeIncrement > 0U ) );
 3321              		.loc 1 1262 37 view .LVU939
ARM GAS  C:\Users\jason\AppData\Local\Temp\ccaXxPCU.s 			page 170


1263:Middlewares/Third_Party/FreeRTOS/Source/tasks.c **** 		configASSERT( uxSchedulerSuspended == 0 );
 3322              		.loc 1 1263 3 view .LVU940
 3323 0008 89B9     		cbnz	r1, .L264
1263:Middlewares/Third_Party/FreeRTOS/Source/tasks.c **** 		configASSERT( uxSchedulerSuspended == 0 );
 3324              		.loc 1 1263 3 discriminator 1 view .LVU941
 3325              	.LBB174:
 3326              	.LBI174:
 191:Middlewares/Third_Party/FreeRTOS/Source/portable/GCC/ARM_CM4F/portmacro.h **** {
 3327              		.loc 2 191 30 view .LVU942
 3328              	.LBB175:
 193:Middlewares/Third_Party/FreeRTOS/Source/portable/GCC/ARM_CM4F/portmacro.h **** 
 3329              		.loc 2 193 1 view .LVU943
 195:Middlewares/Third_Party/FreeRTOS/Source/portable/GCC/ARM_CM4F/portmacro.h **** 	(
 3330              		.loc 2 195 2 view .LVU944
 3331              		.syntax unified
 3332              	@ 195 "Middlewares/Third_Party/FreeRTOS/Source/portable/GCC/ARM_CM4F/portmacro.h" 1
 3333 000a 4FF05003 			mov r3, #80												
 3334 000e 83F31188 		msr basepri, r3											
 3335 0012 BFF36F8F 		isb														
 3336 0016 BFF34F8F 		dsb														
 3337              	
 3338              	@ 0 "" 2
 3339              		.thumb
 3340              		.syntax unified
 3341              	.L265:
 3342              	.LBE175:
 3343              	.LBE174:
1263:Middlewares/Third_Party/FreeRTOS/Source/tasks.c **** 		configASSERT( uxSchedulerSuspended == 0 );
 3344              		.loc 1 1263 3 view .LVU945
 3345 001a FEE7     		b	.L265
 3346              	.L277:
1262:Middlewares/Third_Party/FreeRTOS/Source/tasks.c **** 		configASSERT( ( xTimeIncrement > 0U ) );
 3347              		.loc 1 1262 3 discriminator 1 view .LVU946
 3348              	.LBB176:
 3349              	.LBI176:
 191:Middlewares/Third_Party/FreeRTOS/Source/portable/GCC/ARM_CM4F/portmacro.h **** {
 3350              		.loc 2 191 30 view .LVU947
 3351              	.LBB177:
 193:Middlewares/Third_Party/FreeRTOS/Source/portable/GCC/ARM_CM4F/portmacro.h **** 
 3352              		.loc 2 193 1 view .LVU948
 195:Middlewares/Third_Party/FreeRTOS/Source/portable/GCC/ARM_CM4F/portmacro.h **** 	(
 3353              		.loc 2 195 2 view .LVU949
 3354              		.syntax unified
 3355              	@ 195 "Middlewares/Third_Party/FreeRTOS/Source/portable/GCC/ARM_CM4F/portmacro.h" 1
 3356 001c 4FF05003 			mov r3, #80												
 3357 0020 83F31188 		msr basepri, r3											
 3358 0024 BFF36F8F 		isb														
 3359 0028 BFF34F8F 		dsb														
 3360              	
 3361              	@ 0 "" 2
 3362              		.thumb
 3363              		.syntax unified
 3364              	.L263:
 3365              	.LBE177:
 3366              	.LBE176:
1262:Middlewares/Third_Party/FreeRTOS/Source/tasks.c **** 		configASSERT( ( xTimeIncrement > 0U ) );
 3367              		.loc 1 1262 3 view .LVU950
ARM GAS  C:\Users\jason\AppData\Local\Temp\ccaXxPCU.s 			page 171


 3368 002c FEE7     		b	.L263
 3369              	.L264:
1263:Middlewares/Third_Party/FreeRTOS/Source/tasks.c **** 		configASSERT( uxSchedulerSuspended == 0 );
 3370              		.loc 1 1263 42 view .LVU951
1264:Middlewares/Third_Party/FreeRTOS/Source/tasks.c **** 
 3371              		.loc 1 1264 3 view .LVU952
 3372 002e 1C4B     		ldr	r3, .L278
 3373 0030 1B68     		ldr	r3, [r3]
 3374 0032 43B1     		cbz	r3, .L266
1264:Middlewares/Third_Party/FreeRTOS/Source/tasks.c **** 
 3375              		.loc 1 1264 3 discriminator 1 view .LVU953
 3376              	.LBB178:
 3377              	.LBI178:
 191:Middlewares/Third_Party/FreeRTOS/Source/portable/GCC/ARM_CM4F/portmacro.h **** {
 3378              		.loc 2 191 30 view .LVU954
 3379              	.LBB179:
 193:Middlewares/Third_Party/FreeRTOS/Source/portable/GCC/ARM_CM4F/portmacro.h **** 
 3380              		.loc 2 193 1 view .LVU955
 195:Middlewares/Third_Party/FreeRTOS/Source/portable/GCC/ARM_CM4F/portmacro.h **** 	(
 3381              		.loc 2 195 2 view .LVU956
 3382              		.syntax unified
 3383              	@ 195 "Middlewares/Third_Party/FreeRTOS/Source/portable/GCC/ARM_CM4F/portmacro.h" 1
 3384 0034 4FF05003 			mov r3, #80												
 3385 0038 83F31188 		msr basepri, r3											
 3386 003c BFF36F8F 		isb														
 3387 0040 BFF34F8F 		dsb														
 3388              	
 3389              	@ 0 "" 2
 3390              		.thumb
 3391              		.syntax unified
 3392              	.L267:
 3393              	.LBE179:
 3394              	.LBE178:
1264:Middlewares/Third_Party/FreeRTOS/Source/tasks.c **** 
 3395              		.loc 1 1264 3 view .LVU957
 3396 0044 FEE7     		b	.L267
 3397              	.L266:
1264:Middlewares/Third_Party/FreeRTOS/Source/tasks.c **** 
 3398              		.loc 1 1264 44 view .LVU958
1266:Middlewares/Third_Party/FreeRTOS/Source/tasks.c **** 		{
 3399              		.loc 1 1266 3 view .LVU959
 3400 0046 FFF7FEFF 		bl	vTaskSuspendAll
 3401              	.LVL233:
 3402              	.LBB180:
1270:Middlewares/Third_Party/FreeRTOS/Source/tasks.c **** 
 3403              		.loc 1 1270 4 view .LVU960
1270:Middlewares/Third_Party/FreeRTOS/Source/tasks.c **** 
 3404              		.loc 1 1270 21 is_stmt 0 view .LVU961
 3405 004a 164B     		ldr	r3, .L278+4
 3406 004c 1868     		ldr	r0, [r3]
 3407              	.LVL234:
1273:Middlewares/Third_Party/FreeRTOS/Source/tasks.c **** 
 3408              		.loc 1 1273 4 is_stmt 1 view .LVU962
1273:Middlewares/Third_Party/FreeRTOS/Source/tasks.c **** 
 3409              		.loc 1 1273 18 is_stmt 0 view .LVU963
 3410 004e 2A68     		ldr	r2, [r5]
1273:Middlewares/Third_Party/FreeRTOS/Source/tasks.c **** 
ARM GAS  C:\Users\jason\AppData\Local\Temp\ccaXxPCU.s 			page 172


 3411              		.loc 1 1273 16 view .LVU964
 3412 0050 2346     		mov	r3, r4
 3413 0052 1344     		add	r3, r3, r2
 3414              	.LVL235:
1275:Middlewares/Third_Party/FreeRTOS/Source/tasks.c **** 			{
 3415              		.loc 1 1275 4 is_stmt 1 view .LVU965
1275:Middlewares/Third_Party/FreeRTOS/Source/tasks.c **** 			{
 3416              		.loc 1 1275 6 is_stmt 0 view .LVU966
 3417 0054 8242     		cmp	r2, r0
 3418 0056 09D9     		bls	.L268
1282:Middlewares/Third_Party/FreeRTOS/Source/tasks.c **** 				{
 3419              		.loc 1 1282 5 is_stmt 1 view .LVU967
1282:Middlewares/Third_Party/FreeRTOS/Source/tasks.c **** 				{
 3420              		.loc 1 1282 7 is_stmt 0 view .LVU968
 3421 0058 9A42     		cmp	r2, r3
 3422 005a 01D8     		bhi	.L269
1307:Middlewares/Third_Party/FreeRTOS/Source/tasks.c **** 
 3423              		.loc 1 1307 4 is_stmt 1 view .LVU969
1307:Middlewares/Third_Party/FreeRTOS/Source/tasks.c **** 
 3424              		.loc 1 1307 24 is_stmt 0 view .LVU970
 3425 005c 2B60     		str	r3, [r5]
1309:Middlewares/Third_Party/FreeRTOS/Source/tasks.c **** 			{
 3426              		.loc 1 1309 4 is_stmt 1 view .LVU971
 3427 005e 0EE0     		b	.L270
 3428              	.L269:
1282:Middlewares/Third_Party/FreeRTOS/Source/tasks.c **** 				{
 3429              		.loc 1 1282 47 is_stmt 0 discriminator 1 view .LVU972
 3430 0060 9842     		cmp	r0, r3
 3431 0062 01D3     		bcc	.L271
1307:Middlewares/Third_Party/FreeRTOS/Source/tasks.c **** 
 3432              		.loc 1 1307 4 is_stmt 1 view .LVU973
1307:Middlewares/Third_Party/FreeRTOS/Source/tasks.c **** 
 3433              		.loc 1 1307 24 is_stmt 0 view .LVU974
 3434 0064 2B60     		str	r3, [r5]
1309:Middlewares/Third_Party/FreeRTOS/Source/tasks.c **** 			{
 3435              		.loc 1 1309 4 is_stmt 1 view .LVU975
 3436 0066 0AE0     		b	.L270
 3437              	.L271:
1284:Middlewares/Third_Party/FreeRTOS/Source/tasks.c **** 				}
 3438              		.loc 1 1284 6 view .LVU976
 3439              	.LVL236:
1307:Middlewares/Third_Party/FreeRTOS/Source/tasks.c **** 
 3440              		.loc 1 1307 4 view .LVU977
1307:Middlewares/Third_Party/FreeRTOS/Source/tasks.c **** 
 3441              		.loc 1 1307 24 is_stmt 0 view .LVU978
 3442 0068 2B60     		str	r3, [r5]
1309:Middlewares/Third_Party/FreeRTOS/Source/tasks.c **** 			{
 3443              		.loc 1 1309 4 is_stmt 1 view .LVU979
 3444 006a 04E0     		b	.L272
 3445              	.LVL237:
 3446              	.L268:
1296:Middlewares/Third_Party/FreeRTOS/Source/tasks.c **** 				{
 3447              		.loc 1 1296 5 view .LVU980
1296:Middlewares/Third_Party/FreeRTOS/Source/tasks.c **** 				{
 3448              		.loc 1 1296 7 is_stmt 0 view .LVU981
 3449 006c 9A42     		cmp	r2, r3
 3450 006e 01D8     		bhi	.L273
ARM GAS  C:\Users\jason\AppData\Local\Temp\ccaXxPCU.s 			page 173


1296:Middlewares/Third_Party/FreeRTOS/Source/tasks.c **** 				{
 3451              		.loc 1 1296 47 discriminator 1 view .LVU982
 3452 0070 9842     		cmp	r0, r3
 3453 0072 12D2     		bcs	.L274
 3454              	.L273:
1298:Middlewares/Third_Party/FreeRTOS/Source/tasks.c **** 				}
 3455              		.loc 1 1298 6 is_stmt 1 view .LVU983
 3456              	.LVL238:
1307:Middlewares/Third_Party/FreeRTOS/Source/tasks.c **** 
 3457              		.loc 1 1307 4 view .LVU984
1307:Middlewares/Third_Party/FreeRTOS/Source/tasks.c **** 
 3458              		.loc 1 1307 24 is_stmt 0 view .LVU985
 3459 0074 2B60     		str	r3, [r5]
1309:Middlewares/Third_Party/FreeRTOS/Source/tasks.c **** 			{
 3460              		.loc 1 1309 4 is_stmt 1 view .LVU986
 3461              	.L272:
1311:Middlewares/Third_Party/FreeRTOS/Source/tasks.c **** 
 3462              		.loc 1 1311 41 view .LVU987
1315:Middlewares/Third_Party/FreeRTOS/Source/tasks.c **** 			}
 3463              		.loc 1 1315 5 view .LVU988
 3464 0076 0021     		movs	r1, #0
 3465 0078 181A     		subs	r0, r3, r0
 3466              	.LVL239:
1315:Middlewares/Third_Party/FreeRTOS/Source/tasks.c **** 			}
 3467              		.loc 1 1315 5 is_stmt 0 view .LVU989
 3468 007a FFF7FEFF 		bl	prvAddCurrentTaskToDelayedList
 3469              	.LVL240:
 3470              	.L270:
1319:Middlewares/Third_Party/FreeRTOS/Source/tasks.c **** 			}
 3471              		.loc 1 1319 29 is_stmt 1 view .LVU990
 3472              	.LBE180:
1322:Middlewares/Third_Party/FreeRTOS/Source/tasks.c **** 
 3473              		.loc 1 1322 3 view .LVU991
1322:Middlewares/Third_Party/FreeRTOS/Source/tasks.c **** 
 3474              		.loc 1 1322 21 is_stmt 0 view .LVU992
 3475 007e FFF7FEFF 		bl	xTaskResumeAll
 3476              	.LVL241:
1326:Middlewares/Third_Party/FreeRTOS/Source/tasks.c **** 		{
 3477              		.loc 1 1326 3 is_stmt 1 view .LVU993
1326:Middlewares/Third_Party/FreeRTOS/Source/tasks.c **** 		{
 3478              		.loc 1 1326 5 is_stmt 0 view .LVU994
 3479 0082 48B9     		cbnz	r0, .L261
1328:Middlewares/Third_Party/FreeRTOS/Source/tasks.c **** 		}
 3480              		.loc 1 1328 4 is_stmt 1 view .LVU995
 3481 0084 4FF0E023 		mov	r3, #-536813568
 3482 0088 4FF08052 		mov	r2, #268435456
 3483 008c C3F8042D 		str	r2, [r3, #3332]
1328:Middlewares/Third_Party/FreeRTOS/Source/tasks.c **** 		}
 3484              		.loc 1 1328 4 view .LVU996
 3485              		.syntax unified
 3486              	@ 1328 "Middlewares/Third_Party/FreeRTOS/Source/tasks.c" 1
 3487 0090 BFF34F8F 		dsb
 3488              	@ 0 "" 2
1328:Middlewares/Third_Party/FreeRTOS/Source/tasks.c **** 		}
 3489              		.loc 1 1328 4 view .LVU997
 3490              	@ 1328 "Middlewares/Third_Party/FreeRTOS/Source/tasks.c" 1
 3491 0094 BFF36F8F 		isb
ARM GAS  C:\Users\jason\AppData\Local\Temp\ccaXxPCU.s 			page 174


 3492              	@ 0 "" 2
1328:Middlewares/Third_Party/FreeRTOS/Source/tasks.c **** 		}
 3493              		.loc 1 1328 26 view .LVU998
1332:Middlewares/Third_Party/FreeRTOS/Source/tasks.c **** 		}
 3494              		.loc 1 1332 28 view .LVU999
 3495              		.thumb
 3496              		.syntax unified
 3497              	.L261:
1334:Middlewares/Third_Party/FreeRTOS/Source/tasks.c **** 
 3498              		.loc 1 1334 2 is_stmt 0 view .LVU1000
 3499 0098 38BD     		pop	{r3, r4, r5, pc}
 3500              	.LVL242:
 3501              	.L274:
 3502              	.LBB181:
1307:Middlewares/Third_Party/FreeRTOS/Source/tasks.c **** 
 3503              		.loc 1 1307 4 is_stmt 1 view .LVU1001
1307:Middlewares/Third_Party/FreeRTOS/Source/tasks.c **** 
 3504              		.loc 1 1307 24 is_stmt 0 view .LVU1002
 3505 009a 2B60     		str	r3, [r5]
1309:Middlewares/Third_Party/FreeRTOS/Source/tasks.c **** 			{
 3506              		.loc 1 1309 4 is_stmt 1 view .LVU1003
 3507 009c EFE7     		b	.L270
 3508              	.L279:
 3509 009e 00BF     		.align	2
 3510              	.L278:
 3511 00a0 00000000 		.word	uxSchedulerSuspended
 3512 00a4 00000000 		.word	xTickCount
 3513              	.LBE181:
 3514              		.cfi_endproc
 3515              	.LFE9:
 3517              		.section	.text.vTaskDelay,"ax",%progbits
 3518              		.align	1
 3519              		.global	vTaskDelay
 3520              		.syntax unified
 3521              		.thumb
 3522              		.thumb_func
 3524              	vTaskDelay:
 3525              	.LVL243:
 3526              	.LFB10:
1342:Middlewares/Third_Party/FreeRTOS/Source/tasks.c **** 	BaseType_t xAlreadyYielded = pdFALSE;
 3527              		.loc 1 1342 2 view -0
 3528              		.cfi_startproc
 3529              		@ args = 0, pretend = 0, frame = 0
 3530              		@ frame_needed = 0, uses_anonymous_args = 0
1342:Middlewares/Third_Party/FreeRTOS/Source/tasks.c **** 	BaseType_t xAlreadyYielded = pdFALSE;
 3531              		.loc 1 1342 2 is_stmt 0 view .LVU1005
 3532 0000 10B5     		push	{r4, lr}
 3533              		.cfi_def_cfa_offset 8
 3534              		.cfi_offset 4, -8
 3535              		.cfi_offset 14, -4
1343:Middlewares/Third_Party/FreeRTOS/Source/tasks.c **** 
 3536              		.loc 1 1343 2 is_stmt 1 view .LVU1006
 3537              	.LVL244:
1346:Middlewares/Third_Party/FreeRTOS/Source/tasks.c **** 		{
 3538              		.loc 1 1346 3 view .LVU1007
1346:Middlewares/Third_Party/FreeRTOS/Source/tasks.c **** 		{
 3539              		.loc 1 1346 5 is_stmt 0 view .LVU1008
ARM GAS  C:\Users\jason\AppData\Local\Temp\ccaXxPCU.s 			page 175


 3540 0002 A8B1     		cbz	r0, .L281
 3541 0004 0446     		mov	r4, r0
1348:Middlewares/Third_Party/FreeRTOS/Source/tasks.c **** 			vTaskSuspendAll();
 3542              		.loc 1 1348 4 is_stmt 1 view .LVU1009
 3543 0006 104B     		ldr	r3, .L286
 3544 0008 1B68     		ldr	r3, [r3]
 3545 000a 43B1     		cbz	r3, .L282
1348:Middlewares/Third_Party/FreeRTOS/Source/tasks.c **** 			vTaskSuspendAll();
 3546              		.loc 1 1348 4 discriminator 1 view .LVU1010
 3547              	.LBB182:
 3548              	.LBI182:
 191:Middlewares/Third_Party/FreeRTOS/Source/portable/GCC/ARM_CM4F/portmacro.h **** {
 3549              		.loc 2 191 30 view .LVU1011
 3550              	.LBB183:
 193:Middlewares/Third_Party/FreeRTOS/Source/portable/GCC/ARM_CM4F/portmacro.h **** 
 3551              		.loc 2 193 1 view .LVU1012
 195:Middlewares/Third_Party/FreeRTOS/Source/portable/GCC/ARM_CM4F/portmacro.h **** 	(
 3552              		.loc 2 195 2 view .LVU1013
 3553              		.syntax unified
 3554              	@ 195 "Middlewares/Third_Party/FreeRTOS/Source/portable/GCC/ARM_CM4F/portmacro.h" 1
 3555 000c 4FF05003 			mov r3, #80												
 3556 0010 83F31188 		msr basepri, r3											
 3557 0014 BFF36F8F 		isb														
 3558 0018 BFF34F8F 		dsb														
 3559              	
 3560              	@ 0 "" 2
 3561              		.thumb
 3562              		.syntax unified
 3563              	.L283:
 3564              	.LBE183:
 3565              	.LBE182:
1348:Middlewares/Third_Party/FreeRTOS/Source/tasks.c **** 			vTaskSuspendAll();
 3566              		.loc 1 1348 4 view .LVU1014
 3567 001c FEE7     		b	.L283
 3568              	.L282:
1348:Middlewares/Third_Party/FreeRTOS/Source/tasks.c **** 			vTaskSuspendAll();
 3569              		.loc 1 1348 45 view .LVU1015
1349:Middlewares/Third_Party/FreeRTOS/Source/tasks.c **** 			{
 3570              		.loc 1 1349 4 view .LVU1016
 3571 001e FFF7FEFF 		bl	vTaskSuspendAll
 3572              	.LVL245:
1351:Middlewares/Third_Party/FreeRTOS/Source/tasks.c **** 
 3573              		.loc 1 1351 22 view .LVU1017
1360:Middlewares/Third_Party/FreeRTOS/Source/tasks.c **** 			}
 3574              		.loc 1 1360 5 view .LVU1018
 3575 0022 0021     		movs	r1, #0
 3576 0024 2046     		mov	r0, r4
 3577 0026 FFF7FEFF 		bl	prvAddCurrentTaskToDelayedList
 3578              	.LVL246:
1362:Middlewares/Third_Party/FreeRTOS/Source/tasks.c **** 		}
 3579              		.loc 1 1362 4 view .LVU1019
1362:Middlewares/Third_Party/FreeRTOS/Source/tasks.c **** 		}
 3580              		.loc 1 1362 22 is_stmt 0 view .LVU1020
 3581 002a FFF7FEFF 		bl	xTaskResumeAll
 3582              	.LVL247:
1366:Middlewares/Third_Party/FreeRTOS/Source/tasks.c **** 		}
 3583              		.loc 1 1366 28 is_stmt 1 view .LVU1021
ARM GAS  C:\Users\jason\AppData\Local\Temp\ccaXxPCU.s 			page 176


1371:Middlewares/Third_Party/FreeRTOS/Source/tasks.c **** 		{
 3584              		.loc 1 1371 3 view .LVU1022
1371:Middlewares/Third_Party/FreeRTOS/Source/tasks.c **** 		{
 3585              		.loc 1 1371 5 is_stmt 0 view .LVU1023
 3586 002e 48B9     		cbnz	r0, .L280
 3587              	.LVL248:
 3588              	.L281:
1373:Middlewares/Third_Party/FreeRTOS/Source/tasks.c **** 		}
 3589              		.loc 1 1373 4 is_stmt 1 view .LVU1024
 3590 0030 4FF0E023 		mov	r3, #-536813568
 3591 0034 4FF08052 		mov	r2, #268435456
 3592 0038 C3F8042D 		str	r2, [r3, #3332]
1373:Middlewares/Third_Party/FreeRTOS/Source/tasks.c **** 		}
 3593              		.loc 1 1373 4 view .LVU1025
 3594              		.syntax unified
 3595              	@ 1373 "Middlewares/Third_Party/FreeRTOS/Source/tasks.c" 1
 3596 003c BFF34F8F 		dsb
 3597              	@ 0 "" 2
1373:Middlewares/Third_Party/FreeRTOS/Source/tasks.c **** 		}
 3598              		.loc 1 1373 4 view .LVU1026
 3599              	@ 1373 "Middlewares/Third_Party/FreeRTOS/Source/tasks.c" 1
 3600 0040 BFF36F8F 		isb
 3601              	@ 0 "" 2
1373:Middlewares/Third_Party/FreeRTOS/Source/tasks.c **** 		}
 3602              		.loc 1 1373 26 view .LVU1027
1377:Middlewares/Third_Party/FreeRTOS/Source/tasks.c **** 		}
 3603              		.loc 1 1377 28 view .LVU1028
 3604              		.thumb
 3605              		.syntax unified
 3606              	.L280:
1379:Middlewares/Third_Party/FreeRTOS/Source/tasks.c **** 
 3607              		.loc 1 1379 2 is_stmt 0 view .LVU1029
 3608 0044 10BD     		pop	{r4, pc}
 3609              	.L287:
 3610 0046 00BF     		.align	2
 3611              	.L286:
 3612 0048 00000000 		.word	uxSchedulerSuspended
 3613              		.cfi_endproc
 3614              	.LFE10:
 3616              		.section	.text.xTaskCatchUpTicks,"ax",%progbits
 3617              		.align	1
 3618              		.global	xTaskCatchUpTicks
 3619              		.syntax unified
 3620              		.thumb
 3621              		.thumb_func
 3623              	xTaskCatchUpTicks:
 3624              	.LVL249:
 3625              	.LFB28:
2610:Middlewares/Third_Party/FreeRTOS/Source/tasks.c **** BaseType_t xYieldRequired = pdFALSE;
 3626              		.loc 1 2610 1 is_stmt 1 view -0
 3627              		.cfi_startproc
 3628              		@ args = 0, pretend = 0, frame = 0
 3629              		@ frame_needed = 0, uses_anonymous_args = 0
2611:Middlewares/Third_Party/FreeRTOS/Source/tasks.c **** 
 3630              		.loc 1 2611 1 view .LVU1031
2615:Middlewares/Third_Party/FreeRTOS/Source/tasks.c **** 
 3631              		.loc 1 2615 2 view .LVU1032
ARM GAS  C:\Users\jason\AppData\Local\Temp\ccaXxPCU.s 			page 177


 3632 0000 0B4B     		ldr	r3, .L293
 3633 0002 1B68     		ldr	r3, [r3]
 3634 0004 43B1     		cbz	r3, .L289
2615:Middlewares/Third_Party/FreeRTOS/Source/tasks.c **** 
 3635              		.loc 1 2615 2 discriminator 1 view .LVU1033
 3636              	.LBB184:
 3637              	.LBI184:
 191:Middlewares/Third_Party/FreeRTOS/Source/portable/GCC/ARM_CM4F/portmacro.h **** {
 3638              		.loc 2 191 30 view .LVU1034
 3639              	.LBB185:
 193:Middlewares/Third_Party/FreeRTOS/Source/portable/GCC/ARM_CM4F/portmacro.h **** 
 3640              		.loc 2 193 1 view .LVU1035
 195:Middlewares/Third_Party/FreeRTOS/Source/portable/GCC/ARM_CM4F/portmacro.h **** 	(
 3641              		.loc 2 195 2 view .LVU1036
 3642              		.syntax unified
 3643              	@ 195 "Middlewares/Third_Party/FreeRTOS/Source/portable/GCC/ARM_CM4F/portmacro.h" 1
 3644 0006 4FF05003 			mov r3, #80												
 3645 000a 83F31188 		msr basepri, r3											
 3646 000e BFF36F8F 		isb														
 3647 0012 BFF34F8F 		dsb														
 3648              	
 3649              	@ 0 "" 2
 3650              		.thumb
 3651              		.syntax unified
 3652              	.L290:
 3653              	.LBE185:
 3654              	.LBE184:
2615:Middlewares/Third_Party/FreeRTOS/Source/tasks.c **** 
 3655              		.loc 1 2615 2 view .LVU1037
 3656 0016 FEE7     		b	.L290
 3657              	.L289:
2610:Middlewares/Third_Party/FreeRTOS/Source/tasks.c **** BaseType_t xYieldRequired = pdFALSE;
 3658              		.loc 1 2610 1 is_stmt 0 view .LVU1038
 3659 0018 10B5     		push	{r4, lr}
 3660              		.cfi_def_cfa_offset 8
 3661              		.cfi_offset 4, -8
 3662              		.cfi_offset 14, -4
 3663 001a 0446     		mov	r4, r0
2615:Middlewares/Third_Party/FreeRTOS/Source/tasks.c **** 
 3664              		.loc 1 2615 43 is_stmt 1 view .LVU1039
2619:Middlewares/Third_Party/FreeRTOS/Source/tasks.c **** 	xPendedTicks += xTicksToCatchUp;
 3665              		.loc 1 2619 2 view .LVU1040
 3666 001c FFF7FEFF 		bl	vTaskSuspendAll
 3667              	.LVL250:
2620:Middlewares/Third_Party/FreeRTOS/Source/tasks.c **** 	xYieldRequired = xTaskResumeAll();
 3668              		.loc 1 2620 2 view .LVU1041
2620:Middlewares/Third_Party/FreeRTOS/Source/tasks.c **** 	xYieldRequired = xTaskResumeAll();
 3669              		.loc 1 2620 15 is_stmt 0 view .LVU1042
 3670 0020 044A     		ldr	r2, .L293+4
 3671 0022 1368     		ldr	r3, [r2]
 3672 0024 2344     		add	r3, r3, r4
 3673 0026 1360     		str	r3, [r2]
2621:Middlewares/Third_Party/FreeRTOS/Source/tasks.c **** 
 3674              		.loc 1 2621 2 is_stmt 1 view .LVU1043
2621:Middlewares/Third_Party/FreeRTOS/Source/tasks.c **** 
 3675              		.loc 1 2621 19 is_stmt 0 view .LVU1044
 3676 0028 FFF7FEFF 		bl	xTaskResumeAll
ARM GAS  C:\Users\jason\AppData\Local\Temp\ccaXxPCU.s 			page 178


 3677              	.LVL251:
2623:Middlewares/Third_Party/FreeRTOS/Source/tasks.c **** }
 3678              		.loc 1 2623 2 is_stmt 1 view .LVU1045
2624:Middlewares/Third_Party/FreeRTOS/Source/tasks.c **** /*----------------------------------------------------------*/
 3679              		.loc 1 2624 1 is_stmt 0 view .LVU1046
 3680 002c 10BD     		pop	{r4, pc}
 3681              	.LVL252:
 3682              	.L294:
2624:Middlewares/Third_Party/FreeRTOS/Source/tasks.c **** /*----------------------------------------------------------*/
 3683              		.loc 1 2624 1 view .LVU1047
 3684 002e 00BF     		.align	2
 3685              	.L293:
 3686 0030 00000000 		.word	uxSchedulerSuspended
 3687 0034 00000000 		.word	xPendedTicks
 3688              		.cfi_endproc
 3689              	.LFE28:
 3691              		.section	.text.vTaskSwitchContext,"ax",%progbits
 3692              		.align	1
 3693              		.global	vTaskSwitchContext
 3694              		.syntax unified
 3695              		.thumb
 3696              		.thumb_func
 3698              	vTaskSwitchContext:
 3699              	.LFB30:
2990:Middlewares/Third_Party/FreeRTOS/Source/tasks.c **** 	if( uxSchedulerSuspended != ( UBaseType_t ) pdFALSE )
 3700              		.loc 1 2990 1 is_stmt 1 view -0
 3701              		.cfi_startproc
 3702              		@ args = 0, pretend = 0, frame = 0
 3703              		@ frame_needed = 0, uses_anonymous_args = 0
 3704 0000 08B5     		push	{r3, lr}
 3705              		.cfi_def_cfa_offset 8
 3706              		.cfi_offset 3, -8
 3707              		.cfi_offset 14, -4
2991:Middlewares/Third_Party/FreeRTOS/Source/tasks.c **** 	{
 3708              		.loc 1 2991 2 view .LVU1049
2991:Middlewares/Third_Party/FreeRTOS/Source/tasks.c **** 	{
 3709              		.loc 1 2991 27 is_stmt 0 view .LVU1050
 3710 0002 2D4B     		ldr	r3, .L310
 3711 0004 1B68     		ldr	r3, [r3]
2991:Middlewares/Third_Party/FreeRTOS/Source/tasks.c **** 	{
 3712              		.loc 1 2991 4 view .LVU1051
 3713 0006 1BB1     		cbz	r3, .L296
2995:Middlewares/Third_Party/FreeRTOS/Source/tasks.c **** 	}
 3714              		.loc 1 2995 3 is_stmt 1 view .LVU1052
2995:Middlewares/Third_Party/FreeRTOS/Source/tasks.c **** 	}
 3715              		.loc 1 2995 17 is_stmt 0 view .LVU1053
 3716 0008 2C4B     		ldr	r3, .L310+4
 3717 000a 0122     		movs	r2, #1
 3718 000c 1A60     		str	r2, [r3]
 3719              	.L295:
3061:Middlewares/Third_Party/FreeRTOS/Source/tasks.c **** /*-----------------------------------------------------------*/
 3720              		.loc 1 3061 1 view .LVU1054
 3721 000e 08BD     		pop	{r3, pc}
 3722              	.L296:
2999:Middlewares/Third_Party/FreeRTOS/Source/tasks.c **** 		traceTASK_SWITCHED_OUT();
 3723              		.loc 1 2999 3 is_stmt 1 view .LVU1055
2999:Middlewares/Third_Party/FreeRTOS/Source/tasks.c **** 		traceTASK_SWITCHED_OUT();
ARM GAS  C:\Users\jason\AppData\Local\Temp\ccaXxPCU.s 			page 179


 3724              		.loc 1 2999 17 is_stmt 0 view .LVU1056
 3725 0010 2A4B     		ldr	r3, .L310+4
 3726 0012 0022     		movs	r2, #0
 3727 0014 1A60     		str	r2, [r3]
3000:Middlewares/Third_Party/FreeRTOS/Source/tasks.c **** 
 3728              		.loc 1 3000 27 is_stmt 1 view .LVU1057
 3729              	.LBB186:
3030:Middlewares/Third_Party/FreeRTOS/Source/tasks.c **** 
 3730              		.loc 1 3030 3 view .LVU1058
 3731 0016 2A4B     		ldr	r3, .L310+8
 3732 0018 1B68     		ldr	r3, [r3]
 3733 001a 1B6B     		ldr	r3, [r3, #48]
 3734              	.LVL253:
3030:Middlewares/Third_Party/FreeRTOS/Source/tasks.c **** 
 3735              		.loc 1 3030 3 view .LVU1059
3030:Middlewares/Third_Party/FreeRTOS/Source/tasks.c **** 
 3736              		.loc 1 3030 3 view .LVU1060
 3737 001c 1A68     		ldr	r2, [r3]
 3738 001e B2F1A53F 		cmp	r2, #-1515870811
 3739 0022 03D1     		bne	.L298
3030:Middlewares/Third_Party/FreeRTOS/Source/tasks.c **** 
 3740              		.loc 1 3030 3 is_stmt 0 discriminator 2 view .LVU1061
 3741 0024 5A68     		ldr	r2, [r3, #4]
 3742 0026 B2F1A53F 		cmp	r2, #-1515870811
 3743 002a 10D0     		beq	.L306
 3744              	.LVL254:
 3745              	.L298:
3030:Middlewares/Third_Party/FreeRTOS/Source/tasks.c **** 
 3746              		.loc 1 3030 3 is_stmt 1 discriminator 7 view .LVU1062
 3747 002c 244B     		ldr	r3, .L310+8
 3748 002e 1868     		ldr	r0, [r3]
 3749 0030 1968     		ldr	r1, [r3]
 3750 0032 3431     		adds	r1, r1, #52
 3751 0034 FFF7FEFF 		bl	vApplicationStackOverflowHook
 3752              	.LVL255:
 3753              	.L299:
3030:Middlewares/Third_Party/FreeRTOS/Source/tasks.c **** 
 3754              		.loc 1 3030 3 is_stmt 0 discriminator 7 view .LVU1063
 3755              	.LBE186:
3030:Middlewares/Third_Party/FreeRTOS/Source/tasks.c **** 
 3756              		.loc 1 3030 33 is_stmt 1 view .LVU1064
 3757              	.LBB187:
3041:Middlewares/Third_Party/FreeRTOS/Source/tasks.c **** 		traceTASK_SWITCHED_IN();
 3758              		.loc 1 3041 3 view .LVU1065
 3759 0038 224B     		ldr	r3, .L310+12
 3760 003a 1B68     		ldr	r3, [r3]
 3761              	.LVL256:
3041:Middlewares/Third_Party/FreeRTOS/Source/tasks.c **** 		traceTASK_SWITCHED_IN();
 3762              		.loc 1 3041 3 view .LVU1066
 3763              	.L300:
3041:Middlewares/Third_Party/FreeRTOS/Source/tasks.c **** 		traceTASK_SWITCHED_IN();
 3764              		.loc 1 3041 3 discriminator 5 view .LVU1067
 3765 003c 03EB8302 		add	r2, r3, r3, lsl #2
 3766 0040 9200     		lsls	r2, r2, #2
 3767 0042 2149     		ldr	r1, .L310+16
 3768 0044 8A58     		ldr	r2, [r1, r2]
 3769 0046 A2B9     		cbnz	r2, .L307
ARM GAS  C:\Users\jason\AppData\Local\Temp\ccaXxPCU.s 			page 180


3041:Middlewares/Third_Party/FreeRTOS/Source/tasks.c **** 		traceTASK_SWITCHED_IN();
 3770              		.loc 1 3041 3 discriminator 6 view .LVU1068
 3771 0048 53B1     		cbz	r3, .L308
3041:Middlewares/Third_Party/FreeRTOS/Source/tasks.c **** 		traceTASK_SWITCHED_IN();
 3772              		.loc 1 3041 3 discriminator 3 view .LVU1069
3041:Middlewares/Third_Party/FreeRTOS/Source/tasks.c **** 		traceTASK_SWITCHED_IN();
 3773              		.loc 1 3041 3 discriminator 3 view .LVU1070
 3774 004a 013B     		subs	r3, r3, #1
 3775              	.LVL257:
3041:Middlewares/Third_Party/FreeRTOS/Source/tasks.c **** 		traceTASK_SWITCHED_IN();
 3776              		.loc 1 3041 3 is_stmt 0 discriminator 3 view .LVU1071
 3777 004c F6E7     		b	.L300
 3778              	.LVL258:
 3779              	.L306:
3041:Middlewares/Third_Party/FreeRTOS/Source/tasks.c **** 		traceTASK_SWITCHED_IN();
 3780              		.loc 1 3041 3 discriminator 3 view .LVU1072
 3781              	.LBE187:
 3782              	.LBB192:
3030:Middlewares/Third_Party/FreeRTOS/Source/tasks.c **** 
 3783              		.loc 1 3030 3 discriminator 4 view .LVU1073
 3784 004e 9A68     		ldr	r2, [r3, #8]
 3785 0050 B2F1A53F 		cmp	r2, #-1515870811
 3786 0054 EAD1     		bne	.L298
3030:Middlewares/Third_Party/FreeRTOS/Source/tasks.c **** 
 3787              		.loc 1 3030 3 discriminator 6 view .LVU1074
 3788 0056 DB68     		ldr	r3, [r3, #12]
 3789              	.LVL259:
3030:Middlewares/Third_Party/FreeRTOS/Source/tasks.c **** 
 3790              		.loc 1 3030 3 discriminator 6 view .LVU1075
 3791 0058 B3F1A53F 		cmp	r3, #-1515870811
 3792 005c E6D1     		bne	.L298
 3793 005e EBE7     		b	.L299
 3794              	.LVL260:
 3795              	.L308:
3030:Middlewares/Third_Party/FreeRTOS/Source/tasks.c **** 
 3796              		.loc 1 3030 3 discriminator 6 view .LVU1076
 3797              	.LBE192:
 3798              	.LBB193:
3041:Middlewares/Third_Party/FreeRTOS/Source/tasks.c **** 		traceTASK_SWITCHED_IN();
 3799              		.loc 1 3041 3 is_stmt 1 discriminator 2 view .LVU1077
 3800              	.LBB188:
 3801              	.LBI188:
 191:Middlewares/Third_Party/FreeRTOS/Source/portable/GCC/ARM_CM4F/portmacro.h **** {
 3802              		.loc 2 191 30 view .LVU1078
 3803              	.LBB189:
 193:Middlewares/Third_Party/FreeRTOS/Source/portable/GCC/ARM_CM4F/portmacro.h **** 
 3804              		.loc 2 193 1 view .LVU1079
 195:Middlewares/Third_Party/FreeRTOS/Source/portable/GCC/ARM_CM4F/portmacro.h **** 	(
 3805              		.loc 2 195 2 view .LVU1080
 3806              		.syntax unified
 3807              	@ 195 "Middlewares/Third_Party/FreeRTOS/Source/portable/GCC/ARM_CM4F/portmacro.h" 1
 3808 0060 4FF05003 			mov r3, #80												
 3809 0064 83F31188 		msr basepri, r3											
 3810 0068 BFF36F8F 		isb														
 3811 006c BFF34F8F 		dsb														
 3812              	
 3813              	@ 0 "" 2
ARM GAS  C:\Users\jason\AppData\Local\Temp\ccaXxPCU.s 			page 181


 3814              	.LVL261:
 3815              		.thumb
 3816              		.syntax unified
 3817              	.L302:
 195:Middlewares/Third_Party/FreeRTOS/Source/portable/GCC/ARM_CM4F/portmacro.h **** 	(
 3818              		.loc 2 195 2 is_stmt 0 view .LVU1081
 3819              	.LBE189:
 3820              	.LBE188:
3041:Middlewares/Third_Party/FreeRTOS/Source/tasks.c **** 		traceTASK_SWITCHED_IN();
 3821              		.loc 1 3041 3 is_stmt 1 view .LVU1082
 3822 0070 FEE7     		b	.L302
 3823              	.LVL262:
 3824              	.L307:
 3825              	.LBB190:
3041:Middlewares/Third_Party/FreeRTOS/Source/tasks.c **** 		traceTASK_SWITCHED_IN();
 3826              		.loc 1 3041 3 discriminator 7 view .LVU1083
3041:Middlewares/Third_Party/FreeRTOS/Source/tasks.c **** 		traceTASK_SWITCHED_IN();
 3827              		.loc 1 3041 3 view .LVU1084
3041:Middlewares/Third_Party/FreeRTOS/Source/tasks.c **** 		traceTASK_SWITCHED_IN();
 3828              		.loc 1 3041 3 is_stmt 0 discriminator 7 view .LVU1085
 3829 0072 0846     		mov	r0, r1
 3830 0074 03EB8302 		add	r2, r3, r3, lsl #2
 3831 0078 01EB8202 		add	r2, r1, r2, lsl #2
 3832 007c 5168     		ldr	r1, [r2, #4]
 3833 007e 4968     		ldr	r1, [r1, #4]
 3834 0080 5160     		str	r1, [r2, #4]
3041:Middlewares/Third_Party/FreeRTOS/Source/tasks.c **** 		traceTASK_SWITCHED_IN();
 3835              		.loc 1 3041 3 is_stmt 1 view .LVU1086
3041:Middlewares/Third_Party/FreeRTOS/Source/tasks.c **** 		traceTASK_SWITCHED_IN();
 3836              		.loc 1 3041 3 is_stmt 0 discriminator 7 view .LVU1087
 3837 0082 03EB8302 		add	r2, r3, r3, lsl #2
 3838 0086 9200     		lsls	r2, r2, #2
 3839 0088 0832     		adds	r2, r2, #8
 3840 008a 0244     		add	r2, r2, r0
 3841 008c 9142     		cmp	r1, r2
 3842 008e 0BD0     		beq	.L309
 3843              	.L304:
3041:Middlewares/Third_Party/FreeRTOS/Source/tasks.c **** 		traceTASK_SWITCHED_IN();
 3844              		.loc 1 3041 3 is_stmt 1 discriminator 10 view .LVU1088
 3845 0090 03EB8301 		add	r1, r3, r3, lsl #2
 3846 0094 0C4A     		ldr	r2, .L310+16
 3847 0096 02EB8102 		add	r2, r2, r1, lsl #2
 3848 009a 5268     		ldr	r2, [r2, #4]
 3849 009c D168     		ldr	r1, [r2, #12]
 3850 009e 084A     		ldr	r2, .L310+8
 3851 00a0 1160     		str	r1, [r2]
 3852              	.LBE190:
3041:Middlewares/Third_Party/FreeRTOS/Source/tasks.c **** 		traceTASK_SWITCHED_IN();
 3853              		.loc 1 3041 3 view .LVU1089
3041:Middlewares/Third_Party/FreeRTOS/Source/tasks.c **** 		traceTASK_SWITCHED_IN();
 3854              		.loc 1 3041 3 view .LVU1090
3041:Middlewares/Third_Party/FreeRTOS/Source/tasks.c **** 		traceTASK_SWITCHED_IN();
 3855              		.loc 1 3041 3 is_stmt 0 discriminator 10 view .LVU1091
 3856 00a2 084A     		ldr	r2, .L310+12
 3857 00a4 1360     		str	r3, [r2]
 3858              	.LBE193:
3041:Middlewares/Third_Party/FreeRTOS/Source/tasks.c **** 		traceTASK_SWITCHED_IN();
ARM GAS  C:\Users\jason\AppData\Local\Temp\ccaXxPCU.s 			page 182


 3859              		.loc 1 3041 37 is_stmt 1 view .LVU1092
3042:Middlewares/Third_Party/FreeRTOS/Source/tasks.c **** 
 3860              		.loc 1 3042 26 view .LVU1093
3061:Middlewares/Third_Party/FreeRTOS/Source/tasks.c **** /*-----------------------------------------------------------*/
 3861              		.loc 1 3061 1 is_stmt 0 view .LVU1094
 3862 00a6 B2E7     		b	.L295
 3863              	.L309:
 3864              	.LBB194:
 3865              	.LBB191:
3041:Middlewares/Third_Party/FreeRTOS/Source/tasks.c **** 		traceTASK_SWITCHED_IN();
 3866              		.loc 1 3041 3 is_stmt 1 discriminator 8 view .LVU1095
 3867 00a8 4868     		ldr	r0, [r1, #4]
 3868 00aa 03EB8301 		add	r1, r3, r3, lsl #2
 3869 00ae 064A     		ldr	r2, .L310+16
 3870 00b0 02EB8102 		add	r2, r2, r1, lsl #2
 3871 00b4 5060     		str	r0, [r2, #4]
 3872 00b6 EBE7     		b	.L304
 3873              	.L311:
 3874              		.align	2
 3875              	.L310:
 3876 00b8 00000000 		.word	uxSchedulerSuspended
 3877 00bc 00000000 		.word	xYieldPending
 3878 00c0 00000000 		.word	pxCurrentTCB
 3879 00c4 00000000 		.word	uxTopReadyPriority
 3880 00c8 00000000 		.word	pxReadyTasksLists
 3881              	.LBE191:
 3882              	.LBE194:
 3883              		.cfi_endproc
 3884              	.LFE30:
 3886              		.section	.text.vTaskSuspend,"ax",%progbits
 3887              		.align	1
 3888              		.global	vTaskSuspend
 3889              		.syntax unified
 3890              		.thumb
 3891              		.thumb_func
 3893              	vTaskSuspend:
 3894              	.LVL263:
 3895              	.LFB15:
1705:Middlewares/Third_Party/FreeRTOS/Source/tasks.c **** 	TCB_t *pxTCB;
 3896              		.loc 1 1705 2 view -0
 3897              		.cfi_startproc
 3898              		@ args = 0, pretend = 0, frame = 0
 3899              		@ frame_needed = 0, uses_anonymous_args = 0
1705:Middlewares/Third_Party/FreeRTOS/Source/tasks.c **** 	TCB_t *pxTCB;
 3900              		.loc 1 1705 2 is_stmt 0 view .LVU1097
 3901 0000 38B5     		push	{r3, r4, r5, lr}
 3902              		.cfi_def_cfa_offset 16
 3903              		.cfi_offset 3, -16
 3904              		.cfi_offset 4, -12
 3905              		.cfi_offset 5, -8
 3906              		.cfi_offset 14, -4
 3907 0002 0446     		mov	r4, r0
1706:Middlewares/Third_Party/FreeRTOS/Source/tasks.c **** 
 3908              		.loc 1 1706 2 is_stmt 1 view .LVU1098
1708:Middlewares/Third_Party/FreeRTOS/Source/tasks.c **** 		{
 3909              		.loc 1 1708 3 view .LVU1099
 3910 0004 FFF7FEFF 		bl	vPortEnterCritical
ARM GAS  C:\Users\jason\AppData\Local\Temp\ccaXxPCU.s 			page 183


 3911              	.LVL264:
1712:Middlewares/Third_Party/FreeRTOS/Source/tasks.c **** 
 3912              		.loc 1 1712 4 view .LVU1100
1712:Middlewares/Third_Party/FreeRTOS/Source/tasks.c **** 
 3913              		.loc 1 1712 12 is_stmt 0 view .LVU1101
 3914 0008 DCB1     		cbz	r4, .L323
 3915              	.LVL265:
 3916              	.L313:
1714:Middlewares/Third_Party/FreeRTOS/Source/tasks.c **** 
 3917              		.loc 1 1714 30 is_stmt 1 view .LVU1102
1718:Middlewares/Third_Party/FreeRTOS/Source/tasks.c **** 			{
 3918              		.loc 1 1718 4 view .LVU1103
1718:Middlewares/Third_Party/FreeRTOS/Source/tasks.c **** 			{
 3919              		.loc 1 1718 22 is_stmt 0 view .LVU1104
 3920 000a 251D     		adds	r5, r4, #4
1718:Middlewares/Third_Party/FreeRTOS/Source/tasks.c **** 			{
 3921              		.loc 1 1718 8 view .LVU1105
 3922 000c 2846     		mov	r0, r5
 3923 000e FFF7FEFF 		bl	uxListRemove
 3924              	.LVL266:
1720:Middlewares/Third_Party/FreeRTOS/Source/tasks.c **** 			}
 3925              		.loc 1 1720 50 is_stmt 1 view .LVU1106
1724:Middlewares/Third_Party/FreeRTOS/Source/tasks.c **** 			}
 3926              		.loc 1 1724 29 view .LVU1107
1728:Middlewares/Third_Party/FreeRTOS/Source/tasks.c **** 			{
 3927              		.loc 1 1728 4 view .LVU1108
1728:Middlewares/Third_Party/FreeRTOS/Source/tasks.c **** 			{
 3928              		.loc 1 1728 8 is_stmt 0 view .LVU1109
 3929 0012 A36A     		ldr	r3, [r4, #40]
1728:Middlewares/Third_Party/FreeRTOS/Source/tasks.c **** 			{
 3930              		.loc 1 1728 6 view .LVU1110
 3931 0014 1BB1     		cbz	r3, .L314
1730:Middlewares/Third_Party/FreeRTOS/Source/tasks.c **** 			}
 3932              		.loc 1 1730 5 is_stmt 1 view .LVU1111
1730:Middlewares/Third_Party/FreeRTOS/Source/tasks.c **** 			}
 3933              		.loc 1 1730 14 is_stmt 0 view .LVU1112
 3934 0016 04F11800 		add	r0, r4, #24
 3935 001a FFF7FEFF 		bl	uxListRemove
 3936              	.LVL267:
 3937              	.L314:
1734:Middlewares/Third_Party/FreeRTOS/Source/tasks.c **** 			}
 3938              		.loc 1 1734 29 is_stmt 1 view .LVU1113
1737:Middlewares/Third_Party/FreeRTOS/Source/tasks.c **** 
 3939              		.loc 1 1737 4 view .LVU1114
 3940 001e 2946     		mov	r1, r5
 3941 0020 2248     		ldr	r0, .L327
 3942 0022 FFF7FEFF 		bl	vListInsertEnd
 3943              	.LVL268:
1741:Middlewares/Third_Party/FreeRTOS/Source/tasks.c **** 				{
 3944              		.loc 1 1741 5 view .LVU1115
1741:Middlewares/Third_Party/FreeRTOS/Source/tasks.c **** 				{
 3945              		.loc 1 1741 14 is_stmt 0 view .LVU1116
 3946 0026 94F85830 		ldrb	r3, [r4, #88]	@ zero_extendqisi2
1741:Middlewares/Third_Party/FreeRTOS/Source/tasks.c **** 				{
 3947              		.loc 1 1741 7 view .LVU1117
 3948 002a 012B     		cmp	r3, #1
 3949 002c 0CD0     		beq	.L324
ARM GAS  C:\Users\jason\AppData\Local\Temp\ccaXxPCU.s 			page 184


 3950              	.L315:
1750:Middlewares/Third_Party/FreeRTOS/Source/tasks.c **** 
 3951              		.loc 1 1750 3 is_stmt 1 view .LVU1118
 3952 002e FFF7FEFF 		bl	vPortExitCritical
 3953              	.LVL269:
1752:Middlewares/Third_Party/FreeRTOS/Source/tasks.c **** 		{
 3954              		.loc 1 1752 3 view .LVU1119
1752:Middlewares/Third_Party/FreeRTOS/Source/tasks.c **** 		{
 3955              		.loc 1 1752 25 is_stmt 0 view .LVU1120
 3956 0032 1F4B     		ldr	r3, .L327+4
 3957 0034 1B68     		ldr	r3, [r3]
1752:Middlewares/Third_Party/FreeRTOS/Source/tasks.c **** 		{
 3958              		.loc 1 1752 5 view .LVU1121
 3959 0036 5BB9     		cbnz	r3, .L325
 3960              	.L316:
1764:Middlewares/Third_Party/FreeRTOS/Source/tasks.c **** 		}
 3961              		.loc 1 1764 28 is_stmt 1 view .LVU1122
1767:Middlewares/Third_Party/FreeRTOS/Source/tasks.c **** 		{
 3962              		.loc 1 1767 3 view .LVU1123
1767:Middlewares/Third_Party/FreeRTOS/Source/tasks.c **** 		{
 3963              		.loc 1 1767 13 is_stmt 0 view .LVU1124
 3964 0038 1E4B     		ldr	r3, .L327+8
 3965 003a 1B68     		ldr	r3, [r3]
1767:Middlewares/Third_Party/FreeRTOS/Source/tasks.c **** 		{
 3966              		.loc 1 1767 5 view .LVU1125
 3967 003c A342     		cmp	r3, r4
 3968 003e 0ED0     		beq	.L326
 3969              	.L312:
1798:Middlewares/Third_Party/FreeRTOS/Source/tasks.c **** 
 3970              		.loc 1 1798 2 view .LVU1126
 3971 0040 38BD     		pop	{r3, r4, r5, pc}
 3972              	.LVL270:
 3973              	.L323:
1712:Middlewares/Third_Party/FreeRTOS/Source/tasks.c **** 
 3974              		.loc 1 1712 10 discriminator 1 view .LVU1127
 3975 0042 1C4B     		ldr	r3, .L327+8
 3976 0044 1C68     		ldr	r4, [r3]
 3977              	.LVL271:
1712:Middlewares/Third_Party/FreeRTOS/Source/tasks.c **** 
 3978              		.loc 1 1712 10 discriminator 1 view .LVU1128
 3979 0046 E0E7     		b	.L313
 3980              	.LVL272:
 3981              	.L324:
1745:Middlewares/Third_Party/FreeRTOS/Source/tasks.c **** 				}
 3982              		.loc 1 1745 6 is_stmt 1 view .LVU1129
1745:Middlewares/Third_Party/FreeRTOS/Source/tasks.c **** 				}
 3983              		.loc 1 1745 27 is_stmt 0 view .LVU1130
 3984 0048 0023     		movs	r3, #0
 3985 004a 84F85830 		strb	r3, [r4, #88]
 3986 004e EEE7     		b	.L315
 3987              	.L325:
1756:Middlewares/Third_Party/FreeRTOS/Source/tasks.c **** 			{
 3988              		.loc 1 1756 4 is_stmt 1 view .LVU1131
 3989 0050 FFF7FEFF 		bl	vPortEnterCritical
 3990              	.LVL273:
1758:Middlewares/Third_Party/FreeRTOS/Source/tasks.c **** 			}
 3991              		.loc 1 1758 5 view .LVU1132
ARM GAS  C:\Users\jason\AppData\Local\Temp\ccaXxPCU.s 			page 185


 3992 0054 FFF7FEFF 		bl	prvResetNextTaskUnblockTime
 3993              	.LVL274:
1760:Middlewares/Third_Party/FreeRTOS/Source/tasks.c **** 		}
 3994              		.loc 1 1760 4 view .LVU1133
 3995 0058 FFF7FEFF 		bl	vPortExitCritical
 3996              	.LVL275:
 3997 005c ECE7     		b	.L316
 3998              	.L326:
1769:Middlewares/Third_Party/FreeRTOS/Source/tasks.c **** 			{
 3999              		.loc 1 1769 4 view .LVU1134
1769:Middlewares/Third_Party/FreeRTOS/Source/tasks.c **** 			{
 4000              		.loc 1 1769 26 is_stmt 0 view .LVU1135
 4001 005e 144B     		ldr	r3, .L327+4
 4002 0060 1B68     		ldr	r3, [r3]
1769:Middlewares/Third_Party/FreeRTOS/Source/tasks.c **** 			{
 4003              		.loc 1 1769 6 view .LVU1136
 4004 0062 B3B1     		cbz	r3, .L318
1772:Middlewares/Third_Party/FreeRTOS/Source/tasks.c **** 				portYIELD_WITHIN_API();
 4005              		.loc 1 1772 5 is_stmt 1 view .LVU1137
 4006 0064 144B     		ldr	r3, .L327+12
 4007 0066 1B68     		ldr	r3, [r3]
 4008 0068 43B1     		cbz	r3, .L319
1772:Middlewares/Third_Party/FreeRTOS/Source/tasks.c **** 				portYIELD_WITHIN_API();
 4009              		.loc 1 1772 5 discriminator 1 view .LVU1138
 4010              	.LBB195:
 4011              	.LBI195:
 191:Middlewares/Third_Party/FreeRTOS/Source/portable/GCC/ARM_CM4F/portmacro.h **** {
 4012              		.loc 2 191 30 view .LVU1139
 4013              	.LBB196:
 193:Middlewares/Third_Party/FreeRTOS/Source/portable/GCC/ARM_CM4F/portmacro.h **** 
 4014              		.loc 2 193 1 view .LVU1140
 195:Middlewares/Third_Party/FreeRTOS/Source/portable/GCC/ARM_CM4F/portmacro.h **** 	(
 4015              		.loc 2 195 2 view .LVU1141
 4016              		.syntax unified
 4017              	@ 195 "Middlewares/Third_Party/FreeRTOS/Source/portable/GCC/ARM_CM4F/portmacro.h" 1
 4018 006a 4FF05003 			mov r3, #80												
 4019 006e 83F31188 		msr basepri, r3											
 4020 0072 BFF36F8F 		isb														
 4021 0076 BFF34F8F 		dsb														
 4022              	
 4023              	@ 0 "" 2
 4024              		.thumb
 4025              		.syntax unified
 4026              	.L320:
 4027              	.LBE196:
 4028              	.LBE195:
1772:Middlewares/Third_Party/FreeRTOS/Source/tasks.c **** 				portYIELD_WITHIN_API();
 4029              		.loc 1 1772 5 view .LVU1142
 4030 007a FEE7     		b	.L320
 4031              	.L319:
1772:Middlewares/Third_Party/FreeRTOS/Source/tasks.c **** 				portYIELD_WITHIN_API();
 4032              		.loc 1 1772 46 view .LVU1143
1773:Middlewares/Third_Party/FreeRTOS/Source/tasks.c **** 			}
 4033              		.loc 1 1773 5 view .LVU1144
 4034 007c 4FF0E023 		mov	r3, #-536813568
 4035 0080 4FF08052 		mov	r2, #268435456
 4036 0084 C3F8042D 		str	r2, [r3, #3332]
ARM GAS  C:\Users\jason\AppData\Local\Temp\ccaXxPCU.s 			page 186


1773:Middlewares/Third_Party/FreeRTOS/Source/tasks.c **** 			}
 4037              		.loc 1 1773 5 view .LVU1145
 4038              		.syntax unified
 4039              	@ 1773 "Middlewares/Third_Party/FreeRTOS/Source/tasks.c" 1
 4040 0088 BFF34F8F 		dsb
 4041              	@ 0 "" 2
1773:Middlewares/Third_Party/FreeRTOS/Source/tasks.c **** 			}
 4042              		.loc 1 1773 5 view .LVU1146
 4043              	@ 1773 "Middlewares/Third_Party/FreeRTOS/Source/tasks.c" 1
 4044 008c BFF36F8F 		isb
 4045              	@ 0 "" 2
1773:Middlewares/Third_Party/FreeRTOS/Source/tasks.c **** 			}
 4046              		.loc 1 1773 27 view .LVU1147
 4047              		.thumb
 4048              		.syntax unified
 4049 0090 D6E7     		b	.L312
 4050              	.L318:
1780:Middlewares/Third_Party/FreeRTOS/Source/tasks.c **** 				{
 4051              		.loc 1 1780 5 view .LVU1148
1780:Middlewares/Third_Party/FreeRTOS/Source/tasks.c **** 				{
 4052              		.loc 1 1780 9 is_stmt 0 view .LVU1149
 4053 0092 064B     		ldr	r3, .L327
 4054 0094 1A68     		ldr	r2, [r3]
1780:Middlewares/Third_Party/FreeRTOS/Source/tasks.c **** 				{
 4055              		.loc 1 1780 56 view .LVU1150
 4056 0096 094B     		ldr	r3, .L327+16
 4057 0098 1B68     		ldr	r3, [r3]
1780:Middlewares/Third_Party/FreeRTOS/Source/tasks.c **** 				{
 4058              		.loc 1 1780 7 view .LVU1151
 4059 009a 9A42     		cmp	r2, r3
 4060 009c 03D1     		bne	.L321
1786:Middlewares/Third_Party/FreeRTOS/Source/tasks.c **** 				}
 4061              		.loc 1 1786 6 is_stmt 1 view .LVU1152
1786:Middlewares/Third_Party/FreeRTOS/Source/tasks.c **** 				}
 4062              		.loc 1 1786 19 is_stmt 0 view .LVU1153
 4063 009e 054B     		ldr	r3, .L327+8
 4064 00a0 0022     		movs	r2, #0
 4065 00a2 1A60     		str	r2, [r3]
 4066 00a4 CCE7     		b	.L312
 4067              	.L321:
1790:Middlewares/Third_Party/FreeRTOS/Source/tasks.c **** 				}
 4068              		.loc 1 1790 6 is_stmt 1 view .LVU1154
 4069 00a6 FFF7FEFF 		bl	vTaskSwitchContext
 4070              	.LVL276:
1796:Middlewares/Third_Party/FreeRTOS/Source/tasks.c **** 		}
 4071              		.loc 1 1796 28 view .LVU1155
1798:Middlewares/Third_Party/FreeRTOS/Source/tasks.c **** 
 4072              		.loc 1 1798 2 is_stmt 0 view .LVU1156
 4073 00aa C9E7     		b	.L312
 4074              	.L328:
 4075              		.align	2
 4076              	.L327:
 4077 00ac 00000000 		.word	xSuspendedTaskList
 4078 00b0 00000000 		.word	xSchedulerRunning
 4079 00b4 00000000 		.word	pxCurrentTCB
 4080 00b8 00000000 		.word	uxSchedulerSuspended
 4081 00bc 00000000 		.word	uxCurrentNumberOfTasks
ARM GAS  C:\Users\jason\AppData\Local\Temp\ccaXxPCU.s 			page 187


 4082              		.cfi_endproc
 4083              	.LFE15:
 4085              		.section	.text.vTaskPlaceOnEventList,"ax",%progbits
 4086              		.align	1
 4087              		.global	vTaskPlaceOnEventList
 4088              		.syntax unified
 4089              		.thumb
 4090              		.thumb_func
 4092              	vTaskPlaceOnEventList:
 4093              	.LVL277:
 4094              	.LFB31:
3065:Middlewares/Third_Party/FreeRTOS/Source/tasks.c **** 	configASSERT( pxEventList );
 4095              		.loc 1 3065 1 is_stmt 1 view -0
 4096              		.cfi_startproc
 4097              		@ args = 0, pretend = 0, frame = 0
 4098              		@ frame_needed = 0, uses_anonymous_args = 0
3066:Middlewares/Third_Party/FreeRTOS/Source/tasks.c **** 
 4099              		.loc 1 3066 2 view .LVU1158
 4100 0000 58B1     		cbz	r0, .L334
3065:Middlewares/Third_Party/FreeRTOS/Source/tasks.c **** 	configASSERT( pxEventList );
 4101              		.loc 1 3065 1 is_stmt 0 view .LVU1159
 4102 0002 10B5     		push	{r4, lr}
 4103              		.cfi_def_cfa_offset 8
 4104              		.cfi_offset 4, -8
 4105              		.cfi_offset 14, -4
 4106 0004 0C46     		mov	r4, r1
3066:Middlewares/Third_Party/FreeRTOS/Source/tasks.c **** 
 4107              		.loc 1 3066 29 is_stmt 1 view .LVU1160
3075:Middlewares/Third_Party/FreeRTOS/Source/tasks.c **** 
 4108              		.loc 1 3075 2 view .LVU1161
3075:Middlewares/Third_Party/FreeRTOS/Source/tasks.c **** 
 4109              		.loc 1 3075 43 is_stmt 0 view .LVU1162
 4110 0006 094A     		ldr	r2, .L335
 4111 0008 1168     		ldr	r1, [r2]
 4112              	.LVL278:
3075:Middlewares/Third_Party/FreeRTOS/Source/tasks.c **** 
 4113              		.loc 1 3075 2 view .LVU1163
 4114 000a 1831     		adds	r1, r1, #24
 4115 000c FFF7FEFF 		bl	vListInsert
 4116              	.LVL279:
3077:Middlewares/Third_Party/FreeRTOS/Source/tasks.c **** }
 4117              		.loc 1 3077 2 is_stmt 1 view .LVU1164
 4118 0010 0121     		movs	r1, #1
 4119 0012 2046     		mov	r0, r4
 4120 0014 FFF7FEFF 		bl	prvAddCurrentTaskToDelayedList
 4121              	.LVL280:
3078:Middlewares/Third_Party/FreeRTOS/Source/tasks.c **** /*-----------------------------------------------------------*/
 4122              		.loc 1 3078 1 is_stmt 0 view .LVU1165
 4123 0018 10BD     		pop	{r4, pc}
 4124              	.LVL281:
 4125              	.L334:
 4126              		.cfi_def_cfa_offset 0
 4127              		.cfi_restore 4
 4128              		.cfi_restore 14
3066:Middlewares/Third_Party/FreeRTOS/Source/tasks.c **** 
 4129              		.loc 1 3066 2 is_stmt 1 discriminator 1 view .LVU1166
 4130              	.LBB197:
ARM GAS  C:\Users\jason\AppData\Local\Temp\ccaXxPCU.s 			page 188


 4131              	.LBI197:
 191:Middlewares/Third_Party/FreeRTOS/Source/portable/GCC/ARM_CM4F/portmacro.h **** {
 4132              		.loc 2 191 30 view .LVU1167
 4133              	.LBB198:
 193:Middlewares/Third_Party/FreeRTOS/Source/portable/GCC/ARM_CM4F/portmacro.h **** 
 4134              		.loc 2 193 1 view .LVU1168
 195:Middlewares/Third_Party/FreeRTOS/Source/portable/GCC/ARM_CM4F/portmacro.h **** 	(
 4135              		.loc 2 195 2 view .LVU1169
 4136              		.syntax unified
 4137              	@ 195 "Middlewares/Third_Party/FreeRTOS/Source/portable/GCC/ARM_CM4F/portmacro.h" 1
 4138 001a 4FF05003 			mov r3, #80												
 4139 001e 83F31188 		msr basepri, r3											
 4140 0022 BFF36F8F 		isb														
 4141 0026 BFF34F8F 		dsb														
 4142              	
 4143              	@ 0 "" 2
 4144              		.thumb
 4145              		.syntax unified
 4146              	.L331:
 4147              	.LBE198:
 4148              	.LBE197:
3066:Middlewares/Third_Party/FreeRTOS/Source/tasks.c **** 
 4149              		.loc 1 3066 2 view .LVU1170
 4150 002a FEE7     		b	.L331
 4151              	.L336:
 4152              		.align	2
 4153              	.L335:
 4154 002c 00000000 		.word	pxCurrentTCB
 4155              		.cfi_endproc
 4156              	.LFE31:
 4158              		.section	.text.vTaskPlaceOnUnorderedEventList,"ax",%progbits
 4159              		.align	1
 4160              		.global	vTaskPlaceOnUnorderedEventList
 4161              		.syntax unified
 4162              		.thumb
 4163              		.thumb_func
 4165              	vTaskPlaceOnUnorderedEventList:
 4166              	.LVL282:
 4167              	.LFB32:
3082:Middlewares/Third_Party/FreeRTOS/Source/tasks.c **** 	configASSERT( pxEventList );
 4168              		.loc 1 3082 1 view -0
 4169              		.cfi_startproc
 4170              		@ args = 0, pretend = 0, frame = 0
 4171              		@ frame_needed = 0, uses_anonymous_args = 0
3083:Middlewares/Third_Party/FreeRTOS/Source/tasks.c **** 
 4172              		.loc 1 3083 2 view .LVU1172
 4173 0000 70B1     		cbz	r0, .L344
3082:Middlewares/Third_Party/FreeRTOS/Source/tasks.c **** 	configASSERT( pxEventList );
 4174              		.loc 1 3082 1 is_stmt 0 view .LVU1173
 4175 0002 10B5     		push	{r4, lr}
 4176              		.cfi_def_cfa_offset 8
 4177              		.cfi_offset 4, -8
 4178              		.cfi_offset 14, -4
 4179 0004 1446     		mov	r4, r2
 4180 0006 0246     		mov	r2, r0
 4181              	.LVL283:
3083:Middlewares/Third_Party/FreeRTOS/Source/tasks.c **** 
ARM GAS  C:\Users\jason\AppData\Local\Temp\ccaXxPCU.s 			page 189


 4182              		.loc 1 3083 29 is_stmt 1 view .LVU1174
3087:Middlewares/Third_Party/FreeRTOS/Source/tasks.c **** 
 4183              		.loc 1 3087 2 view .LVU1175
 4184 0008 114B     		ldr	r3, .L345
 4185 000a 1B68     		ldr	r3, [r3]
 4186 000c 8BB9     		cbnz	r3, .L340
3087:Middlewares/Third_Party/FreeRTOS/Source/tasks.c **** 
 4187              		.loc 1 3087 2 discriminator 1 view .LVU1176
 4188              	.LBB199:
 4189              	.LBI199:
 191:Middlewares/Third_Party/FreeRTOS/Source/portable/GCC/ARM_CM4F/portmacro.h **** {
 4190              		.loc 2 191 30 view .LVU1177
 4191              	.LBB200:
 193:Middlewares/Third_Party/FreeRTOS/Source/portable/GCC/ARM_CM4F/portmacro.h **** 
 4192              		.loc 2 193 1 view .LVU1178
 195:Middlewares/Third_Party/FreeRTOS/Source/portable/GCC/ARM_CM4F/portmacro.h **** 	(
 4193              		.loc 2 195 2 view .LVU1179
 4194              		.syntax unified
 4195              	@ 195 "Middlewares/Third_Party/FreeRTOS/Source/portable/GCC/ARM_CM4F/portmacro.h" 1
 4196 000e 4FF05003 			mov r3, #80												
 4197 0012 83F31188 		msr basepri, r3											
 4198 0016 BFF36F8F 		isb														
 4199 001a BFF34F8F 		dsb														
 4200              	
 4201              	@ 0 "" 2
 4202              		.thumb
 4203              		.syntax unified
 4204              	.L341:
 4205              	.LBE200:
 4206              	.LBE199:
3087:Middlewares/Third_Party/FreeRTOS/Source/tasks.c **** 
 4207              		.loc 1 3087 2 view .LVU1180
 4208 001e FEE7     		b	.L341
 4209              	.LVL284:
 4210              	.L344:
 4211              		.cfi_def_cfa_offset 0
 4212              		.cfi_restore 4
 4213              		.cfi_restore 14
3083:Middlewares/Third_Party/FreeRTOS/Source/tasks.c **** 
 4214              		.loc 1 3083 2 discriminator 1 view .LVU1181
 4215              	.LBB201:
 4216              	.LBI201:
 191:Middlewares/Third_Party/FreeRTOS/Source/portable/GCC/ARM_CM4F/portmacro.h **** {
 4217              		.loc 2 191 30 view .LVU1182
 4218              	.LBB202:
 193:Middlewares/Third_Party/FreeRTOS/Source/portable/GCC/ARM_CM4F/portmacro.h **** 
 4219              		.loc 2 193 1 view .LVU1183
 195:Middlewares/Third_Party/FreeRTOS/Source/portable/GCC/ARM_CM4F/portmacro.h **** 	(
 4220              		.loc 2 195 2 view .LVU1184
 4221              		.syntax unified
 4222              	@ 195 "Middlewares/Third_Party/FreeRTOS/Source/portable/GCC/ARM_CM4F/portmacro.h" 1
 4223 0020 4FF05003 			mov r3, #80												
 4224 0024 83F31188 		msr basepri, r3											
 4225 0028 BFF36F8F 		isb														
 4226 002c BFF34F8F 		dsb														
 4227              	
 4228              	@ 0 "" 2
ARM GAS  C:\Users\jason\AppData\Local\Temp\ccaXxPCU.s 			page 190


 4229              		.thumb
 4230              		.syntax unified
 4231              	.L339:
 4232              	.LBE202:
 4233              	.LBE201:
3083:Middlewares/Third_Party/FreeRTOS/Source/tasks.c **** 
 4234              		.loc 1 3083 2 view .LVU1185
 4235 0030 FEE7     		b	.L339
 4236              	.LVL285:
 4237              	.L340:
 4238              		.cfi_def_cfa_offset 8
 4239              		.cfi_offset 4, -8
 4240              		.cfi_offset 14, -4
3087:Middlewares/Third_Party/FreeRTOS/Source/tasks.c **** 
 4241              		.loc 1 3087 43 view .LVU1186
3092:Middlewares/Third_Party/FreeRTOS/Source/tasks.c **** 
 4242              		.loc 1 3092 2 view .LVU1187
 4243 0032 084B     		ldr	r3, .L345+4
 4244 0034 1868     		ldr	r0, [r3]
 4245              	.LVL286:
3092:Middlewares/Third_Party/FreeRTOS/Source/tasks.c **** 
 4246              		.loc 1 3092 2 is_stmt 0 view .LVU1188
 4247 0036 41F00041 		orr	r1, r1, #-2147483648
 4248              	.LVL287:
3092:Middlewares/Third_Party/FreeRTOS/Source/tasks.c **** 
 4249              		.loc 1 3092 2 view .LVU1189
 4250 003a 8161     		str	r1, [r0, #24]
3099:Middlewares/Third_Party/FreeRTOS/Source/tasks.c **** 
 4251              		.loc 1 3099 2 is_stmt 1 view .LVU1190
3099:Middlewares/Third_Party/FreeRTOS/Source/tasks.c **** 
 4252              		.loc 1 3099 46 is_stmt 0 view .LVU1191
 4253 003c 1968     		ldr	r1, [r3]
3099:Middlewares/Third_Party/FreeRTOS/Source/tasks.c **** 
 4254              		.loc 1 3099 2 view .LVU1192
 4255 003e 1831     		adds	r1, r1, #24
 4256 0040 1046     		mov	r0, r2
 4257 0042 FFF7FEFF 		bl	vListInsertEnd
 4258              	.LVL288:
3101:Middlewares/Third_Party/FreeRTOS/Source/tasks.c **** }
 4259              		.loc 1 3101 2 is_stmt 1 view .LVU1193
 4260 0046 0121     		movs	r1, #1
 4261 0048 2046     		mov	r0, r4
 4262 004a FFF7FEFF 		bl	prvAddCurrentTaskToDelayedList
 4263              	.LVL289:
3102:Middlewares/Third_Party/FreeRTOS/Source/tasks.c **** /*-----------------------------------------------------------*/
 4264              		.loc 1 3102 1 is_stmt 0 view .LVU1194
 4265 004e 10BD     		pop	{r4, pc}
 4266              	.LVL290:
 4267              	.L346:
3102:Middlewares/Third_Party/FreeRTOS/Source/tasks.c **** /*-----------------------------------------------------------*/
 4268              		.loc 1 3102 1 view .LVU1195
 4269              		.align	2
 4270              	.L345:
 4271 0050 00000000 		.word	uxSchedulerSuspended
 4272 0054 00000000 		.word	pxCurrentTCB
 4273              		.cfi_endproc
 4274              	.LFE32:
ARM GAS  C:\Users\jason\AppData\Local\Temp\ccaXxPCU.s 			page 191


 4276              		.section	.text.vTaskPlaceOnEventListRestricted,"ax",%progbits
 4277              		.align	1
 4278              		.global	vTaskPlaceOnEventListRestricted
 4279              		.syntax unified
 4280              		.thumb
 4281              		.thumb_func
 4283              	vTaskPlaceOnEventListRestricted:
 4284              	.LVL291:
 4285              	.LFB33:
3108:Middlewares/Third_Party/FreeRTOS/Source/tasks.c **** 		configASSERT( pxEventList );
 4286              		.loc 1 3108 2 is_stmt 1 view -0
 4287              		.cfi_startproc
 4288              		@ args = 0, pretend = 0, frame = 0
 4289              		@ frame_needed = 0, uses_anonymous_args = 0
3108:Middlewares/Third_Party/FreeRTOS/Source/tasks.c **** 		configASSERT( pxEventList );
 4290              		.loc 1 3108 2 is_stmt 0 view .LVU1197
 4291 0000 38B5     		push	{r3, r4, r5, lr}
 4292              		.cfi_def_cfa_offset 16
 4293              		.cfi_offset 3, -16
 4294              		.cfi_offset 4, -12
 4295              		.cfi_offset 5, -8
 4296              		.cfi_offset 14, -4
3109:Middlewares/Third_Party/FreeRTOS/Source/tasks.c **** 
 4297              		.loc 1 3109 3 is_stmt 1 view .LVU1198
 4298 0002 78B1     		cbz	r0, .L353
 4299 0004 0D46     		mov	r5, r1
 4300 0006 1446     		mov	r4, r2
3109:Middlewares/Third_Party/FreeRTOS/Source/tasks.c **** 
 4301              		.loc 1 3109 30 view .LVU1199
3121:Middlewares/Third_Party/FreeRTOS/Source/tasks.c **** 
 4302              		.loc 1 3121 3 view .LVU1200
3121:Middlewares/Third_Party/FreeRTOS/Source/tasks.c **** 
 4303              		.loc 1 3121 47 is_stmt 0 view .LVU1201
 4304 0008 0B4A     		ldr	r2, .L354
 4305              	.LVL292:
3121:Middlewares/Third_Party/FreeRTOS/Source/tasks.c **** 
 4306              		.loc 1 3121 47 view .LVU1202
 4307 000a 1168     		ldr	r1, [r2]
 4308              	.LVL293:
3121:Middlewares/Third_Party/FreeRTOS/Source/tasks.c **** 
 4309              		.loc 1 3121 3 view .LVU1203
 4310 000c 1831     		adds	r1, r1, #24
 4311 000e FFF7FEFF 		bl	vListInsertEnd
 4312              	.LVL294:
3126:Middlewares/Third_Party/FreeRTOS/Source/tasks.c **** 		{
 4313              		.loc 1 3126 3 is_stmt 1 view .LVU1204
3126:Middlewares/Third_Party/FreeRTOS/Source/tasks.c **** 		{
 4314              		.loc 1 3126 5 is_stmt 0 view .LVU1205
 4315 0012 14B1     		cbz	r4, .L350
3128:Middlewares/Third_Party/FreeRTOS/Source/tasks.c **** 		}
 4316              		.loc 1 3128 17 view .LVU1206
 4317 0014 4FF0FF33 		mov	r3, #-1
 4318 0018 1D46     		mov	r5, r3
 4319              	.LVL295:
 4320              	.L350:
3131:Middlewares/Third_Party/FreeRTOS/Source/tasks.c **** 		prvAddCurrentTaskToDelayedList( xTicksToWait, xWaitIndefinitely );
 4321              		.loc 1 3131 57 is_stmt 1 view .LVU1207
ARM GAS  C:\Users\jason\AppData\Local\Temp\ccaXxPCU.s 			page 192


3132:Middlewares/Third_Party/FreeRTOS/Source/tasks.c **** 	}
 4322              		.loc 1 3132 3 view .LVU1208
 4323 001a 2146     		mov	r1, r4
 4324 001c 2846     		mov	r0, r5
 4325 001e FFF7FEFF 		bl	prvAddCurrentTaskToDelayedList
 4326              	.LVL296:
3133:Middlewares/Third_Party/FreeRTOS/Source/tasks.c **** 
 4327              		.loc 1 3133 2 is_stmt 0 view .LVU1209
 4328 0022 38BD     		pop	{r3, r4, r5, pc}
 4329              	.LVL297:
 4330              	.L353:
3109:Middlewares/Third_Party/FreeRTOS/Source/tasks.c **** 
 4331              		.loc 1 3109 3 is_stmt 1 discriminator 1 view .LVU1210
 4332              	.LBB203:
 4333              	.LBI203:
 191:Middlewares/Third_Party/FreeRTOS/Source/portable/GCC/ARM_CM4F/portmacro.h **** {
 4334              		.loc 2 191 30 view .LVU1211
 4335              	.LBB204:
 193:Middlewares/Third_Party/FreeRTOS/Source/portable/GCC/ARM_CM4F/portmacro.h **** 
 4336              		.loc 2 193 1 view .LVU1212
 195:Middlewares/Third_Party/FreeRTOS/Source/portable/GCC/ARM_CM4F/portmacro.h **** 	(
 4337              		.loc 2 195 2 view .LVU1213
 4338              		.syntax unified
 4339              	@ 195 "Middlewares/Third_Party/FreeRTOS/Source/portable/GCC/ARM_CM4F/portmacro.h" 1
 4340 0024 4FF05003 			mov r3, #80												
 4341 0028 83F31188 		msr basepri, r3											
 4342 002c BFF36F8F 		isb														
 4343 0030 BFF34F8F 		dsb														
 4344              	
 4345              	@ 0 "" 2
 4346              		.thumb
 4347              		.syntax unified
 4348              	.L349:
 4349              	.LBE204:
 4350              	.LBE203:
3109:Middlewares/Third_Party/FreeRTOS/Source/tasks.c **** 
 4351              		.loc 1 3109 3 view .LVU1214
 4352 0034 FEE7     		b	.L349
 4353              	.L355:
 4354 0036 00BF     		.align	2
 4355              	.L354:
 4356 0038 00000000 		.word	pxCurrentTCB
 4357              		.cfi_endproc
 4358              	.LFE33:
 4360              		.section	.text.xTaskRemoveFromEventList,"ax",%progbits
 4361              		.align	1
 4362              		.global	xTaskRemoveFromEventList
 4363              		.syntax unified
 4364              		.thumb
 4365              		.thumb_func
 4367              	xTaskRemoveFromEventList:
 4368              	.LVL298:
 4369              	.LFB34:
3139:Middlewares/Third_Party/FreeRTOS/Source/tasks.c **** TCB_t *pxUnblockedTCB;
 4370              		.loc 1 3139 1 view -0
 4371              		.cfi_startproc
 4372              		@ args = 0, pretend = 0, frame = 0
ARM GAS  C:\Users\jason\AppData\Local\Temp\ccaXxPCU.s 			page 193


 4373              		@ frame_needed = 0, uses_anonymous_args = 0
3139:Middlewares/Third_Party/FreeRTOS/Source/tasks.c **** TCB_t *pxUnblockedTCB;
 4374              		.loc 1 3139 1 is_stmt 0 view .LVU1216
 4375 0000 38B5     		push	{r3, r4, r5, lr}
 4376              		.cfi_def_cfa_offset 16
 4377              		.cfi_offset 3, -16
 4378              		.cfi_offset 4, -12
 4379              		.cfi_offset 5, -8
 4380              		.cfi_offset 14, -4
3140:Middlewares/Third_Party/FreeRTOS/Source/tasks.c **** BaseType_t xReturn;
 4381              		.loc 1 3140 1 is_stmt 1 view .LVU1217
3141:Middlewares/Third_Party/FreeRTOS/Source/tasks.c **** 
 4382              		.loc 1 3141 1 view .LVU1218
3156:Middlewares/Third_Party/FreeRTOS/Source/tasks.c **** 	configASSERT( pxUnblockedTCB );
 4383              		.loc 1 3156 2 view .LVU1219
3156:Middlewares/Third_Party/FreeRTOS/Source/tasks.c **** 	configASSERT( pxUnblockedTCB );
 4384              		.loc 1 3156 19 is_stmt 0 view .LVU1220
 4385 0002 C368     		ldr	r3, [r0, #12]
3156:Middlewares/Third_Party/FreeRTOS/Source/tasks.c **** 	configASSERT( pxUnblockedTCB );
 4386              		.loc 1 3156 17 view .LVU1221
 4387 0004 DC68     		ldr	r4, [r3, #12]
 4388              	.LVL299:
3157:Middlewares/Third_Party/FreeRTOS/Source/tasks.c **** 	( void ) uxListRemove( &( pxUnblockedTCB->xEventListItem ) );
 4389              		.loc 1 3157 2 is_stmt 1 view .LVU1222
 4390 0006 34B3     		cbz	r4, .L365
3157:Middlewares/Third_Party/FreeRTOS/Source/tasks.c **** 	( void ) uxListRemove( &( pxUnblockedTCB->xEventListItem ) );
 4391              		.loc 1 3157 32 view .LVU1223
3158:Middlewares/Third_Party/FreeRTOS/Source/tasks.c **** 
 4392              		.loc 1 3158 2 view .LVU1224
3158:Middlewares/Third_Party/FreeRTOS/Source/tasks.c **** 
 4393              		.loc 1 3158 25 is_stmt 0 view .LVU1225
 4394 0008 04F11803 		add	r3, r4, #24
 4395 000c 1D46     		mov	r5, r3
3158:Middlewares/Third_Party/FreeRTOS/Source/tasks.c **** 
 4396              		.loc 1 3158 11 view .LVU1226
 4397 000e 1846     		mov	r0, r3
 4398              	.LVL300:
3158:Middlewares/Third_Party/FreeRTOS/Source/tasks.c **** 
 4399              		.loc 1 3158 11 view .LVU1227
 4400 0010 FFF7FEFF 		bl	uxListRemove
 4401              	.LVL301:
3160:Middlewares/Third_Party/FreeRTOS/Source/tasks.c **** 	{
 4402              		.loc 1 3160 2 is_stmt 1 view .LVU1228
3160:Middlewares/Third_Party/FreeRTOS/Source/tasks.c **** 	{
 4403              		.loc 1 3160 27 is_stmt 0 view .LVU1229
 4404 0014 184B     		ldr	r3, .L366
 4405 0016 1B68     		ldr	r3, [r3]
3160:Middlewares/Third_Party/FreeRTOS/Source/tasks.c **** 	{
 4406              		.loc 1 3160 4 view .LVU1230
 4407 0018 33BB     		cbnz	r3, .L359
3162:Middlewares/Third_Party/FreeRTOS/Source/tasks.c **** 		prvAddTaskToReadyList( pxUnblockedTCB );
 4408              		.loc 1 3162 3 is_stmt 1 view .LVU1231
3162:Middlewares/Third_Party/FreeRTOS/Source/tasks.c **** 		prvAddTaskToReadyList( pxUnblockedTCB );
 4409              		.loc 1 3162 26 is_stmt 0 view .LVU1232
 4410 001a 231D     		adds	r3, r4, #4
 4411 001c 1D46     		mov	r5, r3
3162:Middlewares/Third_Party/FreeRTOS/Source/tasks.c **** 		prvAddTaskToReadyList( pxUnblockedTCB );
ARM GAS  C:\Users\jason\AppData\Local\Temp\ccaXxPCU.s 			page 194


 4412              		.loc 1 3162 12 view .LVU1233
 4413 001e 1846     		mov	r0, r3
 4414 0020 FFF7FEFF 		bl	uxListRemove
 4415              	.LVL302:
3163:Middlewares/Third_Party/FreeRTOS/Source/tasks.c **** 
 4416              		.loc 1 3163 3 is_stmt 1 view .LVU1234
3163:Middlewares/Third_Party/FreeRTOS/Source/tasks.c **** 
 4417              		.loc 1 3163 3 view .LVU1235
 4418 0024 E06A     		ldr	r0, [r4, #44]
 4419 0026 154B     		ldr	r3, .L366+4
 4420 0028 1B68     		ldr	r3, [r3]
 4421 002a 9842     		cmp	r0, r3
 4422 002c 01D9     		bls	.L360
3163:Middlewares/Third_Party/FreeRTOS/Source/tasks.c **** 
 4423              		.loc 1 3163 3 discriminator 1 view .LVU1236
 4424 002e 134B     		ldr	r3, .L366+4
 4425 0030 1860     		str	r0, [r3]
 4426              	.L360:
3163:Middlewares/Third_Party/FreeRTOS/Source/tasks.c **** 
 4427              		.loc 1 3163 3 discriminator 3 view .LVU1237
3163:Middlewares/Third_Party/FreeRTOS/Source/tasks.c **** 
 4428              		.loc 1 3163 3 discriminator 3 view .LVU1238
 4429 0032 00EB8000 		add	r0, r0, r0, lsl #2
 4430 0036 2946     		mov	r1, r5
 4431 0038 114B     		ldr	r3, .L366+8
 4432 003a 03EB8000 		add	r0, r3, r0, lsl #2
 4433 003e FFF7FEFF 		bl	vListInsertEnd
 4434              	.LVL303:
3163:Middlewares/Third_Party/FreeRTOS/Source/tasks.c **** 
 4435              		.loc 1 3163 42 discriminator 4 view .LVU1239
 4436              	.L361:
3186:Middlewares/Third_Party/FreeRTOS/Source/tasks.c **** 	{
 4437              		.loc 1 3186 2 view .LVU1240
3186:Middlewares/Third_Party/FreeRTOS/Source/tasks.c **** 	{
 4438              		.loc 1 3186 20 is_stmt 0 view .LVU1241
 4439 0042 E26A     		ldr	r2, [r4, #44]
3186:Middlewares/Third_Party/FreeRTOS/Source/tasks.c **** 	{
 4440              		.loc 1 3186 47 view .LVU1242
 4441 0044 0F4B     		ldr	r3, .L366+12
 4442 0046 1B68     		ldr	r3, [r3]
 4443 0048 DB6A     		ldr	r3, [r3, #44]
3186:Middlewares/Third_Party/FreeRTOS/Source/tasks.c **** 	{
 4444              		.loc 1 3186 4 view .LVU1243
 4445 004a 9A42     		cmp	r2, r3
 4446 004c 11D9     		bls	.L363
3191:Middlewares/Third_Party/FreeRTOS/Source/tasks.c **** 
 4447              		.loc 1 3191 3 is_stmt 1 view .LVU1244
 4448              	.LVL304:
3195:Middlewares/Third_Party/FreeRTOS/Source/tasks.c **** 	}
 4449              		.loc 1 3195 3 view .LVU1245
3195:Middlewares/Third_Party/FreeRTOS/Source/tasks.c **** 	}
 4450              		.loc 1 3195 17 is_stmt 0 view .LVU1246
 4451 004e 0120     		movs	r0, #1
 4452 0050 0D4B     		ldr	r3, .L366+16
 4453 0052 1860     		str	r0, [r3]
 4454              	.LVL305:
 4455              	.L356:
ARM GAS  C:\Users\jason\AppData\Local\Temp\ccaXxPCU.s 			page 195


3203:Middlewares/Third_Party/FreeRTOS/Source/tasks.c **** /*-----------------------------------------------------------*/
 4456              		.loc 1 3203 1 view .LVU1247
 4457 0054 38BD     		pop	{r3, r4, r5, pc}
 4458              	.LVL306:
 4459              	.L365:
3157:Middlewares/Third_Party/FreeRTOS/Source/tasks.c **** 	( void ) uxListRemove( &( pxUnblockedTCB->xEventListItem ) );
 4460              		.loc 1 3157 2 is_stmt 1 discriminator 1 view .LVU1248
 4461              	.LBB205:
 4462              	.LBI205:
 191:Middlewares/Third_Party/FreeRTOS/Source/portable/GCC/ARM_CM4F/portmacro.h **** {
 4463              		.loc 2 191 30 view .LVU1249
 4464              	.LBB206:
 193:Middlewares/Third_Party/FreeRTOS/Source/portable/GCC/ARM_CM4F/portmacro.h **** 
 4465              		.loc 2 193 1 view .LVU1250
 195:Middlewares/Third_Party/FreeRTOS/Source/portable/GCC/ARM_CM4F/portmacro.h **** 	(
 4466              		.loc 2 195 2 view .LVU1251
 4467              		.syntax unified
 4468              	@ 195 "Middlewares/Third_Party/FreeRTOS/Source/portable/GCC/ARM_CM4F/portmacro.h" 1
 4469 0056 4FF05003 			mov r3, #80												
 4470 005a 83F31188 		msr basepri, r3											
 4471 005e BFF36F8F 		isb														
 4472 0062 BFF34F8F 		dsb														
 4473              	
 4474              	@ 0 "" 2
 4475              		.thumb
 4476              		.syntax unified
 4477              	.L358:
 4478              	.LBE206:
 4479              	.LBE205:
3157:Middlewares/Third_Party/FreeRTOS/Source/tasks.c **** 	( void ) uxListRemove( &( pxUnblockedTCB->xEventListItem ) );
 4480              		.loc 1 3157 2 view .LVU1252
 4481 0066 FEE7     		b	.L358
 4482              	.LVL307:
 4483              	.L359:
3183:Middlewares/Third_Party/FreeRTOS/Source/tasks.c **** 	}
 4484              		.loc 1 3183 3 view .LVU1253
 4485 0068 2946     		mov	r1, r5
 4486 006a 0848     		ldr	r0, .L366+20
 4487 006c FFF7FEFF 		bl	vListInsertEnd
 4488              	.LVL308:
 4489 0070 E7E7     		b	.L361
 4490              	.L363:
3199:Middlewares/Third_Party/FreeRTOS/Source/tasks.c **** 	}
 4491              		.loc 1 3199 11 is_stmt 0 view .LVU1254
 4492 0072 0020     		movs	r0, #0
 4493              	.LVL309:
3202:Middlewares/Third_Party/FreeRTOS/Source/tasks.c **** }
 4494              		.loc 1 3202 2 is_stmt 1 view .LVU1255
3202:Middlewares/Third_Party/FreeRTOS/Source/tasks.c **** }
 4495              		.loc 1 3202 9 is_stmt 0 view .LVU1256
 4496 0074 EEE7     		b	.L356
 4497              	.L367:
 4498 0076 00BF     		.align	2
 4499              	.L366:
 4500 0078 00000000 		.word	uxSchedulerSuspended
 4501 007c 00000000 		.word	uxTopReadyPriority
 4502 0080 00000000 		.word	pxReadyTasksLists
ARM GAS  C:\Users\jason\AppData\Local\Temp\ccaXxPCU.s 			page 196


 4503 0084 00000000 		.word	pxCurrentTCB
 4504 0088 00000000 		.word	xYieldPending
 4505 008c 00000000 		.word	xPendingReadyList
 4506              		.cfi_endproc
 4507              	.LFE34:
 4509              		.section	.text.vTaskRemoveFromUnorderedEventList,"ax",%progbits
 4510              		.align	1
 4511              		.global	vTaskRemoveFromUnorderedEventList
 4512              		.syntax unified
 4513              		.thumb
 4514              		.thumb_func
 4516              	vTaskRemoveFromUnorderedEventList:
 4517              	.LVL310:
 4518              	.LFB35:
3207:Middlewares/Third_Party/FreeRTOS/Source/tasks.c **** TCB_t *pxUnblockedTCB;
 4519              		.loc 1 3207 1 is_stmt 1 view -0
 4520              		.cfi_startproc
 4521              		@ args = 0, pretend = 0, frame = 0
 4522              		@ frame_needed = 0, uses_anonymous_args = 0
3207:Middlewares/Third_Party/FreeRTOS/Source/tasks.c **** TCB_t *pxUnblockedTCB;
 4523              		.loc 1 3207 1 is_stmt 0 view .LVU1258
 4524 0000 38B5     		push	{r3, r4, r5, lr}
 4525              		.cfi_def_cfa_offset 16
 4526              		.cfi_offset 3, -16
 4527              		.cfi_offset 4, -12
 4528              		.cfi_offset 5, -8
 4529              		.cfi_offset 14, -4
3208:Middlewares/Third_Party/FreeRTOS/Source/tasks.c **** 
 4530              		.loc 1 3208 1 is_stmt 1 view .LVU1259
3212:Middlewares/Third_Party/FreeRTOS/Source/tasks.c **** 
 4531              		.loc 1 3212 2 view .LVU1260
 4532 0002 1D4B     		ldr	r3, .L377
 4533 0004 1B68     		ldr	r3, [r3]
 4534 0006 43B9     		cbnz	r3, .L369
3212:Middlewares/Third_Party/FreeRTOS/Source/tasks.c **** 
 4535              		.loc 1 3212 2 discriminator 1 view .LVU1261
 4536              	.LBB207:
 4537              	.LBI207:
 191:Middlewares/Third_Party/FreeRTOS/Source/portable/GCC/ARM_CM4F/portmacro.h **** {
 4538              		.loc 2 191 30 view .LVU1262
 4539              	.LBB208:
 193:Middlewares/Third_Party/FreeRTOS/Source/portable/GCC/ARM_CM4F/portmacro.h **** 
 4540              		.loc 2 193 1 view .LVU1263
 195:Middlewares/Third_Party/FreeRTOS/Source/portable/GCC/ARM_CM4F/portmacro.h **** 	(
 4541              		.loc 2 195 2 view .LVU1264
 4542              		.syntax unified
 4543              	@ 195 "Middlewares/Third_Party/FreeRTOS/Source/portable/GCC/ARM_CM4F/portmacro.h" 1
 4544 0008 4FF05003 			mov r3, #80												
 4545 000c 83F31188 		msr basepri, r3											
 4546 0010 BFF36F8F 		isb														
 4547 0014 BFF34F8F 		dsb														
 4548              	
 4549              	@ 0 "" 2
 4550              		.thumb
 4551              		.syntax unified
 4552              	.L370:
 4553              	.LBE208:
ARM GAS  C:\Users\jason\AppData\Local\Temp\ccaXxPCU.s 			page 197


 4554              	.LBE207:
3212:Middlewares/Third_Party/FreeRTOS/Source/tasks.c **** 
 4555              		.loc 1 3212 2 view .LVU1265
 4556 0018 FEE7     		b	.L370
 4557              	.L369:
3212:Middlewares/Third_Party/FreeRTOS/Source/tasks.c **** 
 4558              		.loc 1 3212 49 view .LVU1266
3215:Middlewares/Third_Party/FreeRTOS/Source/tasks.c **** 
 4559              		.loc 1 3215 2 view .LVU1267
 4560 001a 41F00041 		orr	r1, r1, #-2147483648
 4561              	.LVL311:
3215:Middlewares/Third_Party/FreeRTOS/Source/tasks.c **** 
 4562              		.loc 1 3215 2 is_stmt 0 view .LVU1268
 4563 001e 0160     		str	r1, [r0]
3219:Middlewares/Third_Party/FreeRTOS/Source/tasks.c **** 	configASSERT( pxUnblockedTCB );
 4564              		.loc 1 3219 2 is_stmt 1 view .LVU1269
3219:Middlewares/Third_Party/FreeRTOS/Source/tasks.c **** 	configASSERT( pxUnblockedTCB );
 4565              		.loc 1 3219 17 is_stmt 0 view .LVU1270
 4566 0020 C468     		ldr	r4, [r0, #12]
 4567              	.LVL312:
3220:Middlewares/Third_Party/FreeRTOS/Source/tasks.c **** 	( void ) uxListRemove( pxEventListItem );
 4568              		.loc 1 3220 2 is_stmt 1 view .LVU1271
 4569 0022 FCB1     		cbz	r4, .L376
3220:Middlewares/Third_Party/FreeRTOS/Source/tasks.c **** 	( void ) uxListRemove( pxEventListItem );
 4570              		.loc 1 3220 32 view .LVU1272
3221:Middlewares/Third_Party/FreeRTOS/Source/tasks.c **** 
 4571              		.loc 1 3221 2 view .LVU1273
3221:Middlewares/Third_Party/FreeRTOS/Source/tasks.c **** 
 4572              		.loc 1 3221 11 is_stmt 0 view .LVU1274
 4573 0024 FFF7FEFF 		bl	uxListRemove
 4574              	.LVL313:
3240:Middlewares/Third_Party/FreeRTOS/Source/tasks.c **** 	prvAddTaskToReadyList( pxUnblockedTCB );
 4575              		.loc 1 3240 2 is_stmt 1 view .LVU1275
3240:Middlewares/Third_Party/FreeRTOS/Source/tasks.c **** 	prvAddTaskToReadyList( pxUnblockedTCB );
 4576              		.loc 1 3240 25 is_stmt 0 view .LVU1276
 4577 0028 231D     		adds	r3, r4, #4
 4578 002a 1D46     		mov	r5, r3
3240:Middlewares/Third_Party/FreeRTOS/Source/tasks.c **** 	prvAddTaskToReadyList( pxUnblockedTCB );
 4579              		.loc 1 3240 11 view .LVU1277
 4580 002c 1846     		mov	r0, r3
 4581 002e FFF7FEFF 		bl	uxListRemove
 4582              	.LVL314:
3241:Middlewares/Third_Party/FreeRTOS/Source/tasks.c **** 
 4583              		.loc 1 3241 2 is_stmt 1 view .LVU1278
3241:Middlewares/Third_Party/FreeRTOS/Source/tasks.c **** 
 4584              		.loc 1 3241 2 view .LVU1279
 4585 0032 E06A     		ldr	r0, [r4, #44]
 4586 0034 114B     		ldr	r3, .L377+4
 4587 0036 1B68     		ldr	r3, [r3]
 4588 0038 9842     		cmp	r0, r3
 4589 003a 01D9     		bls	.L373
3241:Middlewares/Third_Party/FreeRTOS/Source/tasks.c **** 
 4590              		.loc 1 3241 2 discriminator 1 view .LVU1280
 4591 003c 0F4B     		ldr	r3, .L377+4
 4592 003e 1860     		str	r0, [r3]
 4593              	.L373:
3241:Middlewares/Third_Party/FreeRTOS/Source/tasks.c **** 
ARM GAS  C:\Users\jason\AppData\Local\Temp\ccaXxPCU.s 			page 198


 4594              		.loc 1 3241 2 discriminator 3 view .LVU1281
3241:Middlewares/Third_Party/FreeRTOS/Source/tasks.c **** 
 4595              		.loc 1 3241 2 discriminator 3 view .LVU1282
 4596 0040 00EB8000 		add	r0, r0, r0, lsl #2
 4597 0044 2946     		mov	r1, r5
 4598 0046 0E4B     		ldr	r3, .L377+8
 4599 0048 03EB8000 		add	r0, r3, r0, lsl #2
 4600 004c FFF7FEFF 		bl	vListInsertEnd
 4601              	.LVL315:
3241:Middlewares/Third_Party/FreeRTOS/Source/tasks.c **** 
 4602              		.loc 1 3241 41 discriminator 4 view .LVU1283
3243:Middlewares/Third_Party/FreeRTOS/Source/tasks.c **** 	{
 4603              		.loc 1 3243 2 view .LVU1284
3243:Middlewares/Third_Party/FreeRTOS/Source/tasks.c **** 	{
 4604              		.loc 1 3243 20 is_stmt 0 view .LVU1285
 4605 0050 E26A     		ldr	r2, [r4, #44]
3243:Middlewares/Third_Party/FreeRTOS/Source/tasks.c **** 	{
 4606              		.loc 1 3243 47 view .LVU1286
 4607 0052 0C4B     		ldr	r3, .L377+12
 4608 0054 1B68     		ldr	r3, [r3]
 4609 0056 DB6A     		ldr	r3, [r3, #44]
3243:Middlewares/Third_Party/FreeRTOS/Source/tasks.c **** 	{
 4610              		.loc 1 3243 4 view .LVU1287
 4611 0058 9A42     		cmp	r2, r3
 4612 005a 02D9     		bls	.L368
3249:Middlewares/Third_Party/FreeRTOS/Source/tasks.c **** 	}
 4613              		.loc 1 3249 3 is_stmt 1 view .LVU1288
3249:Middlewares/Third_Party/FreeRTOS/Source/tasks.c **** 	}
 4614              		.loc 1 3249 17 is_stmt 0 view .LVU1289
 4615 005c 0A4B     		ldr	r3, .L377+16
 4616 005e 0122     		movs	r2, #1
 4617 0060 1A60     		str	r2, [r3]
 4618              	.L368:
3251:Middlewares/Third_Party/FreeRTOS/Source/tasks.c **** /*-----------------------------------------------------------*/
 4619              		.loc 1 3251 1 view .LVU1290
 4620 0062 38BD     		pop	{r3, r4, r5, pc}
 4621              	.LVL316:
 4622              	.L376:
3220:Middlewares/Third_Party/FreeRTOS/Source/tasks.c **** 	( void ) uxListRemove( pxEventListItem );
 4623              		.loc 1 3220 2 is_stmt 1 discriminator 1 view .LVU1291
 4624              	.LBB209:
 4625              	.LBI209:
 191:Middlewares/Third_Party/FreeRTOS/Source/portable/GCC/ARM_CM4F/portmacro.h **** {
 4626              		.loc 2 191 30 view .LVU1292
 4627              	.LBB210:
 193:Middlewares/Third_Party/FreeRTOS/Source/portable/GCC/ARM_CM4F/portmacro.h **** 
 4628              		.loc 2 193 1 view .LVU1293
 195:Middlewares/Third_Party/FreeRTOS/Source/portable/GCC/ARM_CM4F/portmacro.h **** 	(
 4629              		.loc 2 195 2 view .LVU1294
 4630              		.syntax unified
 4631              	@ 195 "Middlewares/Third_Party/FreeRTOS/Source/portable/GCC/ARM_CM4F/portmacro.h" 1
 4632 0064 4FF05003 			mov r3, #80												
 4633 0068 83F31188 		msr basepri, r3											
 4634 006c BFF36F8F 		isb														
 4635 0070 BFF34F8F 		dsb														
 4636              	
 4637              	@ 0 "" 2
ARM GAS  C:\Users\jason\AppData\Local\Temp\ccaXxPCU.s 			page 199


 4638              		.thumb
 4639              		.syntax unified
 4640              	.L372:
 4641              	.LBE210:
 4642              	.LBE209:
3220:Middlewares/Third_Party/FreeRTOS/Source/tasks.c **** 	( void ) uxListRemove( pxEventListItem );
 4643              		.loc 1 3220 2 view .LVU1295
 4644 0074 FEE7     		b	.L372
 4645              	.L378:
 4646 0076 00BF     		.align	2
 4647              	.L377:
 4648 0078 00000000 		.word	uxSchedulerSuspended
 4649 007c 00000000 		.word	uxTopReadyPriority
 4650 0080 00000000 		.word	pxReadyTasksLists
 4651 0084 00000000 		.word	pxCurrentTCB
 4652 0088 00000000 		.word	xYieldPending
 4653              		.cfi_endproc
 4654              	.LFE35:
 4656              		.section	.text.vTaskSetTimeOutState,"ax",%progbits
 4657              		.align	1
 4658              		.global	vTaskSetTimeOutState
 4659              		.syntax unified
 4660              		.thumb
 4661              		.thumb_func
 4663              	vTaskSetTimeOutState:
 4664              	.LVL317:
 4665              	.LFB36:
3255:Middlewares/Third_Party/FreeRTOS/Source/tasks.c **** 	configASSERT( pxTimeOut );
 4666              		.loc 1 3255 1 view -0
 4667              		.cfi_startproc
 4668              		@ args = 0, pretend = 0, frame = 0
 4669              		@ frame_needed = 0, uses_anonymous_args = 0
3256:Middlewares/Third_Party/FreeRTOS/Source/tasks.c **** 	taskENTER_CRITICAL();
 4670              		.loc 1 3256 2 view .LVU1297
 4671 0000 60B1     		cbz	r0, .L384
3255:Middlewares/Third_Party/FreeRTOS/Source/tasks.c **** 	configASSERT( pxTimeOut );
 4672              		.loc 1 3255 1 is_stmt 0 view .LVU1298
 4673 0002 10B5     		push	{r4, lr}
 4674              		.cfi_def_cfa_offset 8
 4675              		.cfi_offset 4, -8
 4676              		.cfi_offset 14, -4
 4677 0004 0446     		mov	r4, r0
3256:Middlewares/Third_Party/FreeRTOS/Source/tasks.c **** 	taskENTER_CRITICAL();
 4678              		.loc 1 3256 27 is_stmt 1 view .LVU1299
3257:Middlewares/Third_Party/FreeRTOS/Source/tasks.c **** 	{
 4679              		.loc 1 3257 2 view .LVU1300
 4680 0006 FFF7FEFF 		bl	vPortEnterCritical
 4681              	.LVL318:
3259:Middlewares/Third_Party/FreeRTOS/Source/tasks.c **** 		pxTimeOut->xTimeOnEntering = xTickCount;
 4682              		.loc 1 3259 3 view .LVU1301
3259:Middlewares/Third_Party/FreeRTOS/Source/tasks.c **** 		pxTimeOut->xTimeOnEntering = xTickCount;
 4683              		.loc 1 3259 29 is_stmt 0 view .LVU1302
 4684 000a 094B     		ldr	r3, .L385
 4685 000c 1B68     		ldr	r3, [r3]
 4686 000e 2360     		str	r3, [r4]
3260:Middlewares/Third_Party/FreeRTOS/Source/tasks.c **** 	}
 4687              		.loc 1 3260 3 is_stmt 1 view .LVU1303
ARM GAS  C:\Users\jason\AppData\Local\Temp\ccaXxPCU.s 			page 200


3260:Middlewares/Third_Party/FreeRTOS/Source/tasks.c **** 	}
 4688              		.loc 1 3260 30 is_stmt 0 view .LVU1304
 4689 0010 084B     		ldr	r3, .L385+4
 4690 0012 1B68     		ldr	r3, [r3]
 4691 0014 6360     		str	r3, [r4, #4]
3262:Middlewares/Third_Party/FreeRTOS/Source/tasks.c **** }
 4692              		.loc 1 3262 2 is_stmt 1 view .LVU1305
 4693 0016 FFF7FEFF 		bl	vPortExitCritical
 4694              	.LVL319:
3263:Middlewares/Third_Party/FreeRTOS/Source/tasks.c **** /*-----------------------------------------------------------*/
 4695              		.loc 1 3263 1 is_stmt 0 view .LVU1306
 4696 001a 10BD     		pop	{r4, pc}
 4697              	.LVL320:
 4698              	.L384:
 4699              		.cfi_def_cfa_offset 0
 4700              		.cfi_restore 4
 4701              		.cfi_restore 14
3256:Middlewares/Third_Party/FreeRTOS/Source/tasks.c **** 	taskENTER_CRITICAL();
 4702              		.loc 1 3256 2 is_stmt 1 discriminator 1 view .LVU1307
 4703              	.LBB211:
 4704              	.LBI211:
 191:Middlewares/Third_Party/FreeRTOS/Source/portable/GCC/ARM_CM4F/portmacro.h **** {
 4705              		.loc 2 191 30 view .LVU1308
 4706              	.LBB212:
 193:Middlewares/Third_Party/FreeRTOS/Source/portable/GCC/ARM_CM4F/portmacro.h **** 
 4707              		.loc 2 193 1 view .LVU1309
 195:Middlewares/Third_Party/FreeRTOS/Source/portable/GCC/ARM_CM4F/portmacro.h **** 	(
 4708              		.loc 2 195 2 view .LVU1310
 4709              		.syntax unified
 4710              	@ 195 "Middlewares/Third_Party/FreeRTOS/Source/portable/GCC/ARM_CM4F/portmacro.h" 1
 4711 001c 4FF05003 			mov r3, #80												
 4712 0020 83F31188 		msr basepri, r3											
 4713 0024 BFF36F8F 		isb														
 4714 0028 BFF34F8F 		dsb														
 4715              	
 4716              	@ 0 "" 2
 4717              		.thumb
 4718              		.syntax unified
 4719              	.L381:
 4720              	.LBE212:
 4721              	.LBE211:
3256:Middlewares/Third_Party/FreeRTOS/Source/tasks.c **** 	taskENTER_CRITICAL();
 4722              		.loc 1 3256 2 view .LVU1311
 4723 002c FEE7     		b	.L381
 4724              	.L386:
 4725 002e 00BF     		.align	2
 4726              	.L385:
 4727 0030 00000000 		.word	xNumOfOverflows
 4728 0034 00000000 		.word	xTickCount
 4729              		.cfi_endproc
 4730              	.LFE36:
 4732              		.section	.text.vTaskInternalSetTimeOutState,"ax",%progbits
 4733              		.align	1
 4734              		.global	vTaskInternalSetTimeOutState
 4735              		.syntax unified
 4736              		.thumb
 4737              		.thumb_func
ARM GAS  C:\Users\jason\AppData\Local\Temp\ccaXxPCU.s 			page 201


 4739              	vTaskInternalSetTimeOutState:
 4740              	.LVL321:
 4741              	.LFB37:
3267:Middlewares/Third_Party/FreeRTOS/Source/tasks.c **** 	/* For internal use only as it does not use a critical section. */
 4742              		.loc 1 3267 1 view -0
 4743              		.cfi_startproc
 4744              		@ args = 0, pretend = 0, frame = 0
 4745              		@ frame_needed = 0, uses_anonymous_args = 0
 4746              		@ link register save eliminated.
3269:Middlewares/Third_Party/FreeRTOS/Source/tasks.c **** 	pxTimeOut->xTimeOnEntering = xTickCount;
 4747              		.loc 1 3269 2 view .LVU1313
3269:Middlewares/Third_Party/FreeRTOS/Source/tasks.c **** 	pxTimeOut->xTimeOnEntering = xTickCount;
 4748              		.loc 1 3269 28 is_stmt 0 view .LVU1314
 4749 0000 034B     		ldr	r3, .L388
 4750 0002 1B68     		ldr	r3, [r3]
 4751 0004 0360     		str	r3, [r0]
3270:Middlewares/Third_Party/FreeRTOS/Source/tasks.c **** }
 4752              		.loc 1 3270 2 is_stmt 1 view .LVU1315
3270:Middlewares/Third_Party/FreeRTOS/Source/tasks.c **** }
 4753              		.loc 1 3270 29 is_stmt 0 view .LVU1316
 4754 0006 034B     		ldr	r3, .L388+4
 4755 0008 1B68     		ldr	r3, [r3]
 4756 000a 4360     		str	r3, [r0, #4]
3271:Middlewares/Third_Party/FreeRTOS/Source/tasks.c **** /*-----------------------------------------------------------*/
 4757              		.loc 1 3271 1 view .LVU1317
 4758 000c 7047     		bx	lr
 4759              	.L389:
 4760 000e 00BF     		.align	2
 4761              	.L388:
 4762 0010 00000000 		.word	xNumOfOverflows
 4763 0014 00000000 		.word	xTickCount
 4764              		.cfi_endproc
 4765              	.LFE37:
 4767              		.section	.text.xTaskCheckForTimeOut,"ax",%progbits
 4768              		.align	1
 4769              		.global	xTaskCheckForTimeOut
 4770              		.syntax unified
 4771              		.thumb
 4772              		.thumb_func
 4774              	xTaskCheckForTimeOut:
 4775              	.LVL322:
 4776              	.LFB38:
3275:Middlewares/Third_Party/FreeRTOS/Source/tasks.c **** BaseType_t xReturn;
 4777              		.loc 1 3275 1 is_stmt 1 view -0
 4778              		.cfi_startproc
 4779              		@ args = 0, pretend = 0, frame = 0
 4780              		@ frame_needed = 0, uses_anonymous_args = 0
3276:Middlewares/Third_Party/FreeRTOS/Source/tasks.c **** 
 4781              		.loc 1 3276 1 view .LVU1319
3278:Middlewares/Third_Party/FreeRTOS/Source/tasks.c **** 	configASSERT( pxTicksToWait );
 4782              		.loc 1 3278 2 view .LVU1320
 4783 0000 E0B1     		cbz	r0, .L402
3275:Middlewares/Third_Party/FreeRTOS/Source/tasks.c **** BaseType_t xReturn;
 4784              		.loc 1 3275 1 is_stmt 0 view .LVU1321
 4785 0002 70B5     		push	{r4, r5, r6, lr}
 4786              		.cfi_def_cfa_offset 16
 4787              		.cfi_offset 4, -16
ARM GAS  C:\Users\jason\AppData\Local\Temp\ccaXxPCU.s 			page 202


 4788              		.cfi_offset 5, -12
 4789              		.cfi_offset 6, -8
 4790              		.cfi_offset 14, -4
 4791 0004 0C46     		mov	r4, r1
 4792 0006 0646     		mov	r6, r0
3278:Middlewares/Third_Party/FreeRTOS/Source/tasks.c **** 	configASSERT( pxTicksToWait );
 4793              		.loc 1 3278 27 is_stmt 1 view .LVU1322
3279:Middlewares/Third_Party/FreeRTOS/Source/tasks.c **** 
 4794              		.loc 1 3279 2 view .LVU1323
 4795 0008 09B3     		cbz	r1, .L403
3279:Middlewares/Third_Party/FreeRTOS/Source/tasks.c **** 
 4796              		.loc 1 3279 31 view .LVU1324
3281:Middlewares/Third_Party/FreeRTOS/Source/tasks.c **** 	{
 4797              		.loc 1 3281 2 view .LVU1325
 4798 000a FFF7FEFF 		bl	vPortEnterCritical
 4799              	.LVL323:
 4800              	.LBB213:
3284:Middlewares/Third_Party/FreeRTOS/Source/tasks.c **** 		const TickType_t xElapsedTime = xConstTickCount - pxTimeOut->xTimeOnEntering;
 4801              		.loc 1 3284 3 view .LVU1326
3284:Middlewares/Third_Party/FreeRTOS/Source/tasks.c **** 		const TickType_t xElapsedTime = xConstTickCount - pxTimeOut->xTimeOnEntering;
 4802              		.loc 1 3284 20 is_stmt 0 view .LVU1327
 4803 000e 1C4B     		ldr	r3, .L405
 4804 0010 1968     		ldr	r1, [r3]
 4805              	.LVL324:
3285:Middlewares/Third_Party/FreeRTOS/Source/tasks.c **** 
 4806              		.loc 1 3285 3 is_stmt 1 view .LVU1328
3285:Middlewares/Third_Party/FreeRTOS/Source/tasks.c **** 
 4807              		.loc 1 3285 62 is_stmt 0 view .LVU1329
 4808 0012 7368     		ldr	r3, [r6, #4]
3285:Middlewares/Third_Party/FreeRTOS/Source/tasks.c **** 
 4809              		.loc 1 3285 20 view .LVU1330
 4810 0014 C81A     		subs	r0, r1, r3
 4811              	.LVL325:
3299:Middlewares/Third_Party/FreeRTOS/Source/tasks.c **** 			{
 4812              		.loc 1 3299 4 is_stmt 1 view .LVU1331
3299:Middlewares/Third_Party/FreeRTOS/Source/tasks.c **** 			{
 4813              		.loc 1 3299 8 is_stmt 0 view .LVU1332
 4814 0016 2268     		ldr	r2, [r4]
3299:Middlewares/Third_Party/FreeRTOS/Source/tasks.c **** 			{
 4815              		.loc 1 3299 6 view .LVU1333
 4816 0018 B2F1FF3F 		cmp	r2, #-1
 4817 001c 28D0     		beq	.L398
3309:Middlewares/Third_Party/FreeRTOS/Source/tasks.c **** 		{
 4818              		.loc 1 3309 3 is_stmt 1 view .LVU1334
3309:Middlewares/Third_Party/FreeRTOS/Source/tasks.c **** 		{
 4819              		.loc 1 3309 37 is_stmt 0 view .LVU1335
 4820 001e 3568     		ldr	r5, [r6]
3309:Middlewares/Third_Party/FreeRTOS/Source/tasks.c **** 		{
 4821              		.loc 1 3309 25 view .LVU1336
 4822 0020 DFF860C0 		ldr	ip, .L405+4
 4823 0024 DCF800C0 		ldr	ip, [ip]
3309:Middlewares/Third_Party/FreeRTOS/Source/tasks.c **** 		{
 4824              		.loc 1 3309 5 view .LVU1337
 4825 0028 6545     		cmp	r5, ip
 4826 002a 01D0     		beq	.L396
3309:Middlewares/Third_Party/FreeRTOS/Source/tasks.c **** 		{
 4827              		.loc 1 3309 56 discriminator 1 view .LVU1338
ARM GAS  C:\Users\jason\AppData\Local\Temp\ccaXxPCU.s 			page 203


 4828 002c 8B42     		cmp	r3, r1
 4829 002e 24D9     		bls	.L399
 4830              	.L396:
3318:Middlewares/Third_Party/FreeRTOS/Source/tasks.c **** 		{
 4831              		.loc 1 3318 8 is_stmt 1 view .LVU1339
3318:Middlewares/Third_Party/FreeRTOS/Source/tasks.c **** 		{
 4832              		.loc 1 3318 10 is_stmt 0 view .LVU1340
 4833 0030 8242     		cmp	r2, r0
 4834 0032 15D8     		bhi	.L404
3327:Middlewares/Third_Party/FreeRTOS/Source/tasks.c **** 			xReturn = pdTRUE;
 4835              		.loc 1 3327 4 is_stmt 1 view .LVU1341
3327:Middlewares/Third_Party/FreeRTOS/Source/tasks.c **** 			xReturn = pdTRUE;
 4836              		.loc 1 3327 19 is_stmt 0 view .LVU1342
 4837 0034 0023     		movs	r3, #0
 4838 0036 2360     		str	r3, [r4]
3328:Middlewares/Third_Party/FreeRTOS/Source/tasks.c **** 		}
 4839              		.loc 1 3328 4 is_stmt 1 view .LVU1343
 4840              	.LVL326:
3328:Middlewares/Third_Party/FreeRTOS/Source/tasks.c **** 		}
 4841              		.loc 1 3328 12 is_stmt 0 view .LVU1344
 4842 0038 0124     		movs	r4, #1
 4843              	.LVL327:
3328:Middlewares/Third_Party/FreeRTOS/Source/tasks.c **** 		}
 4844              		.loc 1 3328 12 view .LVU1345
 4845 003a 1AE0     		b	.L395
 4846              	.LVL328:
 4847              	.L402:
 4848              		.cfi_def_cfa_offset 0
 4849              		.cfi_restore 4
 4850              		.cfi_restore 5
 4851              		.cfi_restore 6
 4852              		.cfi_restore 14
3328:Middlewares/Third_Party/FreeRTOS/Source/tasks.c **** 		}
 4853              		.loc 1 3328 12 view .LVU1346
 4854              	.LBE213:
3278:Middlewares/Third_Party/FreeRTOS/Source/tasks.c **** 	configASSERT( pxTicksToWait );
 4855              		.loc 1 3278 2 is_stmt 1 discriminator 1 view .LVU1347
 4856              	.LBB214:
 4857              	.LBI214:
 191:Middlewares/Third_Party/FreeRTOS/Source/portable/GCC/ARM_CM4F/portmacro.h **** {
 4858              		.loc 2 191 30 view .LVU1348
 4859              	.LBB215:
 193:Middlewares/Third_Party/FreeRTOS/Source/portable/GCC/ARM_CM4F/portmacro.h **** 
 4860              		.loc 2 193 1 view .LVU1349
 195:Middlewares/Third_Party/FreeRTOS/Source/portable/GCC/ARM_CM4F/portmacro.h **** 	(
 4861              		.loc 2 195 2 view .LVU1350
 4862              		.syntax unified
 4863              	@ 195 "Middlewares/Third_Party/FreeRTOS/Source/portable/GCC/ARM_CM4F/portmacro.h" 1
 4864 003c 4FF05003 			mov r3, #80												
 4865 0040 83F31188 		msr basepri, r3											
 4866 0044 BFF36F8F 		isb														
 4867 0048 BFF34F8F 		dsb														
 4868              	
 4869              	@ 0 "" 2
 4870              		.thumb
 4871              		.syntax unified
 4872              	.L392:
ARM GAS  C:\Users\jason\AppData\Local\Temp\ccaXxPCU.s 			page 204


 4873              	.LBE215:
 4874              	.LBE214:
3278:Middlewares/Third_Party/FreeRTOS/Source/tasks.c **** 	configASSERT( pxTicksToWait );
 4875              		.loc 1 3278 2 view .LVU1351
 4876 004c FEE7     		b	.L392
 4877              	.L403:
 4878              		.cfi_def_cfa_offset 16
 4879              		.cfi_offset 4, -16
 4880              		.cfi_offset 5, -12
 4881              		.cfi_offset 6, -8
 4882              		.cfi_offset 14, -4
3279:Middlewares/Third_Party/FreeRTOS/Source/tasks.c **** 
 4883              		.loc 1 3279 2 discriminator 1 view .LVU1352
 4884              	.LBB216:
 4885              	.LBI216:
 191:Middlewares/Third_Party/FreeRTOS/Source/portable/GCC/ARM_CM4F/portmacro.h **** {
 4886              		.loc 2 191 30 view .LVU1353
 4887              	.LBB217:
 193:Middlewares/Third_Party/FreeRTOS/Source/portable/GCC/ARM_CM4F/portmacro.h **** 
 4888              		.loc 2 193 1 view .LVU1354
 195:Middlewares/Third_Party/FreeRTOS/Source/portable/GCC/ARM_CM4F/portmacro.h **** 	(
 4889              		.loc 2 195 2 view .LVU1355
 4890              		.syntax unified
 4891              	@ 195 "Middlewares/Third_Party/FreeRTOS/Source/portable/GCC/ARM_CM4F/portmacro.h" 1
 4892 004e 4FF05003 			mov r3, #80												
 4893 0052 83F31188 		msr basepri, r3											
 4894 0056 BFF36F8F 		isb														
 4895 005a BFF34F8F 		dsb														
 4896              	
 4897              	@ 0 "" 2
 4898              		.thumb
 4899              		.syntax unified
 4900              	.L394:
 4901              	.LBE217:
 4902              	.LBE216:
3279:Middlewares/Third_Party/FreeRTOS/Source/tasks.c **** 
 4903              		.loc 1 3279 2 view .LVU1356
 4904 005e FEE7     		b	.L394
 4905              	.LVL329:
 4906              	.L404:
 4907              	.LBB218:
3321:Middlewares/Third_Party/FreeRTOS/Source/tasks.c **** 			vTaskInternalSetTimeOutState( pxTimeOut );
 4908              		.loc 1 3321 4 view .LVU1357
3321:Middlewares/Third_Party/FreeRTOS/Source/tasks.c **** 			vTaskInternalSetTimeOutState( pxTimeOut );
 4909              		.loc 1 3321 19 is_stmt 0 view .LVU1358
 4910 0060 5B1A     		subs	r3, r3, r1
 4911 0062 1344     		add	r3, r3, r2
 4912 0064 2360     		str	r3, [r4]
3322:Middlewares/Third_Party/FreeRTOS/Source/tasks.c **** 			xReturn = pdFALSE;
 4913              		.loc 1 3322 4 is_stmt 1 view .LVU1359
 4914 0066 3046     		mov	r0, r6
 4915              	.LVL330:
3322:Middlewares/Third_Party/FreeRTOS/Source/tasks.c **** 			xReturn = pdFALSE;
 4916              		.loc 1 3322 4 is_stmt 0 view .LVU1360
 4917 0068 FFF7FEFF 		bl	vTaskInternalSetTimeOutState
 4918              	.LVL331:
3323:Middlewares/Third_Party/FreeRTOS/Source/tasks.c **** 		}
ARM GAS  C:\Users\jason\AppData\Local\Temp\ccaXxPCU.s 			page 205


 4919              		.loc 1 3323 4 is_stmt 1 view .LVU1361
3323:Middlewares/Third_Party/FreeRTOS/Source/tasks.c **** 		}
 4920              		.loc 1 3323 12 is_stmt 0 view .LVU1362
 4921 006c 0024     		movs	r4, #0
 4922              	.LVL332:
3323:Middlewares/Third_Party/FreeRTOS/Source/tasks.c **** 		}
 4923              		.loc 1 3323 12 view .LVU1363
 4924 006e 00E0     		b	.L395
 4925              	.LVL333:
 4926              	.L398:
3304:Middlewares/Third_Party/FreeRTOS/Source/tasks.c **** 			}
 4927              		.loc 1 3304 13 view .LVU1364
 4928 0070 0024     		movs	r4, #0
 4929              	.LVL334:
 4930              	.L395:
3304:Middlewares/Third_Party/FreeRTOS/Source/tasks.c **** 			}
 4931              		.loc 1 3304 13 view .LVU1365
 4932              	.LBE218:
3331:Middlewares/Third_Party/FreeRTOS/Source/tasks.c **** 
 4933              		.loc 1 3331 2 is_stmt 1 view .LVU1366
 4934 0072 FFF7FEFF 		bl	vPortExitCritical
 4935              	.LVL335:
3333:Middlewares/Third_Party/FreeRTOS/Source/tasks.c **** }
 4936              		.loc 1 3333 2 view .LVU1367
3334:Middlewares/Third_Party/FreeRTOS/Source/tasks.c **** /*-----------------------------------------------------------*/
 4937              		.loc 1 3334 1 is_stmt 0 view .LVU1368
 4938 0076 2046     		mov	r0, r4
 4939 0078 70BD     		pop	{r4, r5, r6, pc}
 4940              	.LVL336:
 4941              	.L399:
 4942              	.LBB219:
3316:Middlewares/Third_Party/FreeRTOS/Source/tasks.c **** 		}
 4943              		.loc 1 3316 12 view .LVU1369
 4944 007a 0124     		movs	r4, #1
 4945              	.LVL337:
3316:Middlewares/Third_Party/FreeRTOS/Source/tasks.c **** 		}
 4946              		.loc 1 3316 12 view .LVU1370
 4947 007c F9E7     		b	.L395
 4948              	.L406:
 4949 007e 00BF     		.align	2
 4950              	.L405:
 4951 0080 00000000 		.word	xTickCount
 4952 0084 00000000 		.word	xNumOfOverflows
 4953              	.LBE219:
 4954              		.cfi_endproc
 4955              	.LFE38:
 4957              		.section	.text.vTaskMissedYield,"ax",%progbits
 4958              		.align	1
 4959              		.global	vTaskMissedYield
 4960              		.syntax unified
 4961              		.thumb
 4962              		.thumb_func
 4964              	vTaskMissedYield:
 4965              	.LFB39:
3338:Middlewares/Third_Party/FreeRTOS/Source/tasks.c **** 	xYieldPending = pdTRUE;
 4966              		.loc 1 3338 1 is_stmt 1 view -0
 4967              		.cfi_startproc
ARM GAS  C:\Users\jason\AppData\Local\Temp\ccaXxPCU.s 			page 206


 4968              		@ args = 0, pretend = 0, frame = 0
 4969              		@ frame_needed = 0, uses_anonymous_args = 0
 4970              		@ link register save eliminated.
3339:Middlewares/Third_Party/FreeRTOS/Source/tasks.c **** }
 4971              		.loc 1 3339 2 view .LVU1372
3339:Middlewares/Third_Party/FreeRTOS/Source/tasks.c **** }
 4972              		.loc 1 3339 16 is_stmt 0 view .LVU1373
 4973 0000 014B     		ldr	r3, .L408
 4974 0002 0122     		movs	r2, #1
 4975 0004 1A60     		str	r2, [r3]
3340:Middlewares/Third_Party/FreeRTOS/Source/tasks.c **** /*-----------------------------------------------------------*/
 4976              		.loc 1 3340 1 view .LVU1374
 4977 0006 7047     		bx	lr
 4978              	.L409:
 4979              		.align	2
 4980              	.L408:
 4981 0008 00000000 		.word	xYieldPending
 4982              		.cfi_endproc
 4983              	.LFE39:
 4985              		.section	.text.uxTaskGetTaskNumber,"ax",%progbits
 4986              		.align	1
 4987              		.global	uxTaskGetTaskNumber
 4988              		.syntax unified
 4989              		.thumb
 4990              		.thumb_func
 4992              	uxTaskGetTaskNumber:
 4993              	.LVL338:
 4994              	.LFB40:
3346:Middlewares/Third_Party/FreeRTOS/Source/tasks.c **** 	UBaseType_t uxReturn;
 4995              		.loc 1 3346 2 is_stmt 1 view -0
 4996              		.cfi_startproc
 4997              		@ args = 0, pretend = 0, frame = 0
 4998              		@ frame_needed = 0, uses_anonymous_args = 0
 4999              		@ link register save eliminated.
3347:Middlewares/Third_Party/FreeRTOS/Source/tasks.c **** 	TCB_t const *pxTCB;
 5000              		.loc 1 3347 2 view .LVU1376
3348:Middlewares/Third_Party/FreeRTOS/Source/tasks.c **** 
 5001              		.loc 1 3348 2 view .LVU1377
3350:Middlewares/Third_Party/FreeRTOS/Source/tasks.c **** 		{
 5002              		.loc 1 3350 3 view .LVU1378
3350:Middlewares/Third_Party/FreeRTOS/Source/tasks.c **** 		{
 5003              		.loc 1 3350 5 is_stmt 0 view .LVU1379
 5004 0000 00B1     		cbz	r0, .L410
3352:Middlewares/Third_Party/FreeRTOS/Source/tasks.c **** 			uxReturn = pxTCB->uxTaskNumber;
 5005              		.loc 1 3352 4 is_stmt 1 view .LVU1380
 5006              	.LVL339:
3353:Middlewares/Third_Party/FreeRTOS/Source/tasks.c **** 		}
 5007              		.loc 1 3353 4 view .LVU1381
3353:Middlewares/Third_Party/FreeRTOS/Source/tasks.c **** 		}
 5008              		.loc 1 3353 13 is_stmt 0 view .LVU1382
 5009 0002 806C     		ldr	r0, [r0, #72]
 5010              	.LVL340:
 5011              	.L410:
3361:Middlewares/Third_Party/FreeRTOS/Source/tasks.c **** 
 5012              		.loc 1 3361 2 view .LVU1383
 5013 0004 7047     		bx	lr
 5014              		.cfi_endproc
ARM GAS  C:\Users\jason\AppData\Local\Temp\ccaXxPCU.s 			page 207


 5015              	.LFE40:
 5017              		.section	.text.vTaskSetTaskNumber,"ax",%progbits
 5018              		.align	1
 5019              		.global	vTaskSetTaskNumber
 5020              		.syntax unified
 5021              		.thumb
 5022              		.thumb_func
 5024              	vTaskSetTaskNumber:
 5025              	.LVL341:
 5026              	.LFB41:
3369:Middlewares/Third_Party/FreeRTOS/Source/tasks.c **** 	TCB_t * pxTCB;
 5027              		.loc 1 3369 2 is_stmt 1 view -0
 5028              		.cfi_startproc
 5029              		@ args = 0, pretend = 0, frame = 0
 5030              		@ frame_needed = 0, uses_anonymous_args = 0
 5031              		@ link register save eliminated.
3370:Middlewares/Third_Party/FreeRTOS/Source/tasks.c **** 
 5032              		.loc 1 3370 2 view .LVU1385
3372:Middlewares/Third_Party/FreeRTOS/Source/tasks.c **** 		{
 5033              		.loc 1 3372 3 view .LVU1386
3372:Middlewares/Third_Party/FreeRTOS/Source/tasks.c **** 		{
 5034              		.loc 1 3372 5 is_stmt 0 view .LVU1387
 5035 0000 00B1     		cbz	r0, .L413
3374:Middlewares/Third_Party/FreeRTOS/Source/tasks.c **** 			pxTCB->uxTaskNumber = uxHandle;
 5036              		.loc 1 3374 4 is_stmt 1 view .LVU1388
 5037              	.LVL342:
3375:Middlewares/Third_Party/FreeRTOS/Source/tasks.c **** 		}
 5038              		.loc 1 3375 4 view .LVU1389
3375:Middlewares/Third_Party/FreeRTOS/Source/tasks.c **** 		}
 5039              		.loc 1 3375 24 is_stmt 0 view .LVU1390
 5040 0002 8164     		str	r1, [r0, #72]
 5041              	.LVL343:
 5042              	.L413:
3377:Middlewares/Third_Party/FreeRTOS/Source/tasks.c **** 
 5043              		.loc 1 3377 2 view .LVU1391
 5044 0004 7047     		bx	lr
 5045              		.cfi_endproc
 5046              	.LFE41:
 5048              		.section	.text.vTaskGetInfo,"ax",%progbits
 5049              		.align	1
 5050              		.global	vTaskGetInfo
 5051              		.syntax unified
 5052              		.thumb
 5053              		.thumb_func
 5055              	vTaskGetInfo:
 5056              	.LVL344:
 5057              	.LFB45:
3671:Middlewares/Third_Party/FreeRTOS/Source/tasks.c **** 	TCB_t *pxTCB;
 5058              		.loc 1 3671 2 is_stmt 1 view -0
 5059              		.cfi_startproc
 5060              		@ args = 0, pretend = 0, frame = 0
 5061              		@ frame_needed = 0, uses_anonymous_args = 0
3671:Middlewares/Third_Party/FreeRTOS/Source/tasks.c **** 	TCB_t *pxTCB;
 5062              		.loc 1 3671 2 is_stmt 0 view .LVU1393
 5063 0000 70B5     		push	{r4, r5, r6, lr}
 5064              		.cfi_def_cfa_offset 16
 5065              		.cfi_offset 4, -16
ARM GAS  C:\Users\jason\AppData\Local\Temp\ccaXxPCU.s 			page 208


 5066              		.cfi_offset 5, -12
 5067              		.cfi_offset 6, -8
 5068              		.cfi_offset 14, -4
 5069 0002 0C46     		mov	r4, r1
 5070 0004 1646     		mov	r6, r2
3672:Middlewares/Third_Party/FreeRTOS/Source/tasks.c **** 
 5071              		.loc 1 3672 2 is_stmt 1 view .LVU1394
3675:Middlewares/Third_Party/FreeRTOS/Source/tasks.c **** 
 5072              		.loc 1 3675 3 view .LVU1395
3675:Middlewares/Third_Party/FreeRTOS/Source/tasks.c **** 
 5073              		.loc 1 3675 11 is_stmt 0 view .LVU1396
 5074 0006 0546     		mov	r5, r0
 5075 0008 C8B1     		cbz	r0, .L424
 5076              	.LVL345:
 5077              	.L416:
3677:Middlewares/Third_Party/FreeRTOS/Source/tasks.c **** 		pxTaskStatus->pcTaskName = ( const char * ) &( pxTCB->pcTaskName [ 0 ] );
 5078              		.loc 1 3677 3 is_stmt 1 view .LVU1397
3677:Middlewares/Third_Party/FreeRTOS/Source/tasks.c **** 		pxTaskStatus->pcTaskName = ( const char * ) &( pxTCB->pcTaskName [ 0 ] );
 5079              		.loc 1 3677 25 is_stmt 0 view .LVU1398
 5080 000a 2560     		str	r5, [r4]
3678:Middlewares/Third_Party/FreeRTOS/Source/tasks.c **** 		pxTaskStatus->uxCurrentPriority = pxTCB->uxPriority;
 5081              		.loc 1 3678 3 is_stmt 1 view .LVU1399
3678:Middlewares/Third_Party/FreeRTOS/Source/tasks.c **** 		pxTaskStatus->uxCurrentPriority = pxTCB->uxPriority;
 5082              		.loc 1 3678 47 is_stmt 0 view .LVU1400
 5083 000c 05F13402 		add	r2, r5, #52
3678:Middlewares/Third_Party/FreeRTOS/Source/tasks.c **** 		pxTaskStatus->uxCurrentPriority = pxTCB->uxPriority;
 5084              		.loc 1 3678 28 view .LVU1401
 5085 0010 6260     		str	r2, [r4, #4]
3679:Middlewares/Third_Party/FreeRTOS/Source/tasks.c **** 		pxTaskStatus->pxStackBase = pxTCB->pxStack;
 5086              		.loc 1 3679 3 is_stmt 1 view .LVU1402
3679:Middlewares/Third_Party/FreeRTOS/Source/tasks.c **** 		pxTaskStatus->pxStackBase = pxTCB->pxStack;
 5087              		.loc 1 3679 42 is_stmt 0 view .LVU1403
 5088 0012 EA6A     		ldr	r2, [r5, #44]
3679:Middlewares/Third_Party/FreeRTOS/Source/tasks.c **** 		pxTaskStatus->pxStackBase = pxTCB->pxStack;
 5089              		.loc 1 3679 35 view .LVU1404
 5090 0014 2261     		str	r2, [r4, #16]
3680:Middlewares/Third_Party/FreeRTOS/Source/tasks.c **** 		pxTaskStatus->xTaskNumber = pxTCB->uxTCBNumber;
 5091              		.loc 1 3680 3 is_stmt 1 view .LVU1405
3680:Middlewares/Third_Party/FreeRTOS/Source/tasks.c **** 		pxTaskStatus->xTaskNumber = pxTCB->uxTCBNumber;
 5092              		.loc 1 3680 36 is_stmt 0 view .LVU1406
 5093 0016 2A6B     		ldr	r2, [r5, #48]
3680:Middlewares/Third_Party/FreeRTOS/Source/tasks.c **** 		pxTaskStatus->xTaskNumber = pxTCB->uxTCBNumber;
 5094              		.loc 1 3680 29 view .LVU1407
 5095 0018 E261     		str	r2, [r4, #28]
3681:Middlewares/Third_Party/FreeRTOS/Source/tasks.c **** 
 5096              		.loc 1 3681 3 is_stmt 1 view .LVU1408
3681:Middlewares/Third_Party/FreeRTOS/Source/tasks.c **** 
 5097              		.loc 1 3681 36 is_stmt 0 view .LVU1409
 5098 001a 6A6C     		ldr	r2, [r5, #68]
3681:Middlewares/Third_Party/FreeRTOS/Source/tasks.c **** 
 5099              		.loc 1 3681 29 view .LVU1410
 5100 001c A260     		str	r2, [r4, #8]
3685:Middlewares/Third_Party/FreeRTOS/Source/tasks.c **** 		}
 5101              		.loc 1 3685 4 is_stmt 1 view .LVU1411
3685:Middlewares/Third_Party/FreeRTOS/Source/tasks.c **** 		}
 5102              		.loc 1 3685 40 is_stmt 0 view .LVU1412
 5103 001e EA6C     		ldr	r2, [r5, #76]
ARM GAS  C:\Users\jason\AppData\Local\Temp\ccaXxPCU.s 			page 209


3685:Middlewares/Third_Party/FreeRTOS/Source/tasks.c **** 		}
 5104              		.loc 1 3685 33 view .LVU1413
 5105 0020 6261     		str	r2, [r4, #20]
3699:Middlewares/Third_Party/FreeRTOS/Source/tasks.c **** 		}
 5106              		.loc 1 3699 4 is_stmt 1 view .LVU1414
3699:Middlewares/Third_Party/FreeRTOS/Source/tasks.c **** 		}
 5107              		.loc 1 3699 35 is_stmt 0 view .LVU1415
 5108 0022 0022     		movs	r2, #0
 5109 0024 A261     		str	r2, [r4, #24]
3706:Middlewares/Third_Party/FreeRTOS/Source/tasks.c **** 		{
 5110              		.loc 1 3706 3 is_stmt 1 view .LVU1416
3706:Middlewares/Third_Party/FreeRTOS/Source/tasks.c **** 		{
 5111              		.loc 1 3706 5 is_stmt 0 view .LVU1417
 5112 0026 052B     		cmp	r3, #5
 5113 0028 18D0     		beq	.L417
3708:Middlewares/Third_Party/FreeRTOS/Source/tasks.c **** 			{
 5114              		.loc 1 3708 4 is_stmt 1 view .LVU1418
3708:Middlewares/Third_Party/FreeRTOS/Source/tasks.c **** 			{
 5115              		.loc 1 3708 14 is_stmt 0 view .LVU1419
 5116 002a 114A     		ldr	r2, .L428
 5117 002c 1268     		ldr	r2, [r2]
3708:Middlewares/Third_Party/FreeRTOS/Source/tasks.c **** 			{
 5118              		.loc 1 3708 6 view .LVU1420
 5119 002e AA42     		cmp	r2, r5
 5120 0030 08D0     		beq	.L425
3714:Middlewares/Third_Party/FreeRTOS/Source/tasks.c **** 
 5121              		.loc 1 3714 5 is_stmt 1 view .LVU1421
3714:Middlewares/Third_Party/FreeRTOS/Source/tasks.c **** 
 5122              		.loc 1 3714 33 is_stmt 0 view .LVU1422
 5123 0032 2373     		strb	r3, [r4, #12]
3721:Middlewares/Third_Party/FreeRTOS/Source/tasks.c **** 					{
 5124              		.loc 1 3721 6 is_stmt 1 view .LVU1423
3721:Middlewares/Third_Party/FreeRTOS/Source/tasks.c **** 					{
 5125              		.loc 1 3721 8 is_stmt 0 view .LVU1424
 5126 0034 032B     		cmp	r3, #3
 5127 0036 08D0     		beq	.L426
 5128              	.LVL346:
 5129              	.L419:
3743:Middlewares/Third_Party/FreeRTOS/Source/tasks.c **** 		{
 5130              		.loc 1 3743 3 is_stmt 1 view .LVU1425
3743:Middlewares/Third_Party/FreeRTOS/Source/tasks.c **** 		{
 5131              		.loc 1 3743 5 is_stmt 0 view .LVU1426
 5132 0038 AEB9     		cbnz	r6, .L427
3757:Middlewares/Third_Party/FreeRTOS/Source/tasks.c **** 		}
 5133              		.loc 1 3757 4 is_stmt 1 view .LVU1427
3757:Middlewares/Third_Party/FreeRTOS/Source/tasks.c **** 		}
 5134              		.loc 1 3757 39 is_stmt 0 view .LVU1428
 5135 003a 2684     		strh	r6, [r4, #32]	@ movhi
 5136              	.L415:
3759:Middlewares/Third_Party/FreeRTOS/Source/tasks.c **** 
 5137              		.loc 1 3759 2 view .LVU1429
 5138 003c 70BD     		pop	{r4, r5, r6, pc}
 5139              	.LVL347:
 5140              	.L424:
3675:Middlewares/Third_Party/FreeRTOS/Source/tasks.c **** 
 5141              		.loc 1 3675 9 discriminator 1 view .LVU1430
 5142 003e 0C4A     		ldr	r2, .L428
ARM GAS  C:\Users\jason\AppData\Local\Temp\ccaXxPCU.s 			page 210


 5143              	.LVL348:
3675:Middlewares/Third_Party/FreeRTOS/Source/tasks.c **** 
 5144              		.loc 1 3675 9 discriminator 1 view .LVU1431
 5145 0040 1568     		ldr	r5, [r2]
 5146              	.LVL349:
3675:Middlewares/Third_Party/FreeRTOS/Source/tasks.c **** 
 5147              		.loc 1 3675 9 discriminator 1 view .LVU1432
 5148 0042 E2E7     		b	.L416
 5149              	.LVL350:
 5150              	.L425:
3710:Middlewares/Third_Party/FreeRTOS/Source/tasks.c **** 			}
 5151              		.loc 1 3710 5 is_stmt 1 view .LVU1433
3710:Middlewares/Third_Party/FreeRTOS/Source/tasks.c **** 			}
 5152              		.loc 1 3710 33 is_stmt 0 view .LVU1434
 5153 0044 0023     		movs	r3, #0
 5154              	.LVL351:
3710:Middlewares/Third_Party/FreeRTOS/Source/tasks.c **** 			}
 5155              		.loc 1 3710 33 view .LVU1435
 5156 0046 2373     		strb	r3, [r4, #12]
 5157 0048 F6E7     		b	.L419
 5158              	.LVL352:
 5159              	.L426:
3723:Middlewares/Third_Party/FreeRTOS/Source/tasks.c **** 						{
 5160              		.loc 1 3723 7 is_stmt 1 view .LVU1436
 5161 004a FFF7FEFF 		bl	vTaskSuspendAll
 5162              	.LVL353:
3725:Middlewares/Third_Party/FreeRTOS/Source/tasks.c **** 							{
 5163              		.loc 1 3725 8 view .LVU1437
3725:Middlewares/Third_Party/FreeRTOS/Source/tasks.c **** 							{
 5164              		.loc 1 3725 12 is_stmt 0 view .LVU1438
 5165 004e AB6A     		ldr	r3, [r5, #40]
3725:Middlewares/Third_Party/FreeRTOS/Source/tasks.c **** 							{
 5166              		.loc 1 3725 10 view .LVU1439
 5167 0050 0BB1     		cbz	r3, .L420
3727:Middlewares/Third_Party/FreeRTOS/Source/tasks.c **** 							}
 5168              		.loc 1 3727 9 is_stmt 1 view .LVU1440
3727:Middlewares/Third_Party/FreeRTOS/Source/tasks.c **** 							}
 5169              		.loc 1 3727 37 is_stmt 0 view .LVU1441
 5170 0052 0223     		movs	r3, #2
 5171 0054 2373     		strb	r3, [r4, #12]
 5172              	.L420:
3730:Middlewares/Third_Party/FreeRTOS/Source/tasks.c **** 					}
 5173              		.loc 1 3730 7 is_stmt 1 view .LVU1442
3730:Middlewares/Third_Party/FreeRTOS/Source/tasks.c **** 					}
 5174              		.loc 1 3730 16 is_stmt 0 view .LVU1443
 5175 0056 FFF7FEFF 		bl	xTaskResumeAll
 5176              	.LVL354:
 5177 005a EDE7     		b	.L419
 5178              	.LVL355:
 5179              	.L417:
3738:Middlewares/Third_Party/FreeRTOS/Source/tasks.c **** 		}
 5180              		.loc 1 3738 4 is_stmt 1 view .LVU1444
3738:Middlewares/Third_Party/FreeRTOS/Source/tasks.c **** 		}
 5181              		.loc 1 3738 34 is_stmt 0 view .LVU1445
 5182 005c 2846     		mov	r0, r5
 5183 005e FFF7FEFF 		bl	eTaskGetState
 5184              	.LVL356:
ARM GAS  C:\Users\jason\AppData\Local\Temp\ccaXxPCU.s 			page 211


3738:Middlewares/Third_Party/FreeRTOS/Source/tasks.c **** 		}
 5185              		.loc 1 3738 32 discriminator 1 view .LVU1446
 5186 0062 2073     		strb	r0, [r4, #12]
 5187 0064 E8E7     		b	.L419
 5188              	.L427:
3751:Middlewares/Third_Party/FreeRTOS/Source/tasks.c **** 			}
 5189              		.loc 1 3751 5 is_stmt 1 view .LVU1447
3751:Middlewares/Third_Party/FreeRTOS/Source/tasks.c **** 			}
 5190              		.loc 1 3751 42 is_stmt 0 view .LVU1448
 5191 0066 286B     		ldr	r0, [r5, #48]
 5192 0068 FFF7FEFF 		bl	prvTaskCheckFreeStackSpace
 5193              	.LVL357:
3751:Middlewares/Third_Party/FreeRTOS/Source/tasks.c **** 			}
 5194              		.loc 1 3751 40 discriminator 1 view .LVU1449
 5195 006c 2084     		strh	r0, [r4, #32]	@ movhi
 5196 006e E5E7     		b	.L415
 5197              	.L429:
 5198              		.align	2
 5199              	.L428:
 5200 0070 00000000 		.word	pxCurrentTCB
 5201              		.cfi_endproc
 5202              	.LFE45:
 5204              		.section	.text.prvListTasksWithinSingleList,"ax",%progbits
 5205              		.align	1
 5206              		.syntax unified
 5207              		.thumb
 5208              		.thumb_func
 5210              	prvListTasksWithinSingleList:
 5211              	.LVL358:
 5212              	.LFB46:
3767:Middlewares/Third_Party/FreeRTOS/Source/tasks.c **** 	configLIST_VOLATILE TCB_t *pxNextTCB, *pxFirstTCB;
 5213              		.loc 1 3767 2 is_stmt 1 view -0
 5214              		.cfi_startproc
 5215              		@ args = 0, pretend = 0, frame = 0
 5216              		@ frame_needed = 0, uses_anonymous_args = 0
3767:Middlewares/Third_Party/FreeRTOS/Source/tasks.c **** 	configLIST_VOLATILE TCB_t *pxNextTCB, *pxFirstTCB;
 5217              		.loc 1 3767 2 is_stmt 0 view .LVU1451
 5218 0000 2DE9F047 		push	{r4, r5, r6, r7, r8, r9, r10, lr}
 5219              		.cfi_def_cfa_offset 32
 5220              		.cfi_offset 4, -32
 5221              		.cfi_offset 5, -28
 5222              		.cfi_offset 6, -24
 5223              		.cfi_offset 7, -20
 5224              		.cfi_offset 8, -16
 5225              		.cfi_offset 9, -12
 5226              		.cfi_offset 10, -8
 5227              		.cfi_offset 14, -4
3768:Middlewares/Third_Party/FreeRTOS/Source/tasks.c **** 	UBaseType_t uxTask = 0;
 5228              		.loc 1 3768 22 is_stmt 1 view .LVU1452
3769:Middlewares/Third_Party/FreeRTOS/Source/tasks.c **** 
 5229              		.loc 1 3769 2 view .LVU1453
 5230              	.LVL359:
3771:Middlewares/Third_Party/FreeRTOS/Source/tasks.c **** 		{
 5231              		.loc 1 3771 3 view .LVU1454
3771:Middlewares/Third_Party/FreeRTOS/Source/tasks.c **** 		{
 5232              		.loc 1 3771 7 is_stmt 0 view .LVU1455
 5233 0004 0C68     		ldr	r4, [r1]
ARM GAS  C:\Users\jason\AppData\Local\Temp\ccaXxPCU.s 			page 212


3771:Middlewares/Third_Party/FreeRTOS/Source/tasks.c **** 		{
 5234              		.loc 1 3771 5 view .LVU1456
 5235 0006 3CB3     		cbz	r4, .L430
 5236 0008 0746     		mov	r7, r0
 5237 000a 0D46     		mov	r5, r1
 5238 000c 9046     		mov	r8, r2
 5239              	.LBB220:
3773:Middlewares/Third_Party/FreeRTOS/Source/tasks.c **** 
 5240              		.loc 1 3773 4 is_stmt 1 view .LVU1457
 5241              	.LVL360:
3773:Middlewares/Third_Party/FreeRTOS/Source/tasks.c **** 
 5242              		.loc 1 3773 4 view .LVU1458
 5243 000e 4B68     		ldr	r3, [r1, #4]
 5244 0010 5B68     		ldr	r3, [r3, #4]
 5245 0012 4B60     		str	r3, [r1, #4]
3773:Middlewares/Third_Party/FreeRTOS/Source/tasks.c **** 
 5246              		.loc 1 3773 4 view .LVU1459
 5247 0014 01F10809 		add	r9, r1, #8
 5248 0018 4B45     		cmp	r3, r9
 5249 001a 04D0     		beq	.L436
 5250              	.L432:
3773:Middlewares/Third_Party/FreeRTOS/Source/tasks.c **** 
 5251              		.loc 1 3773 4 discriminator 3 view .LVU1460
 5252 001c 6B68     		ldr	r3, [r5, #4]
 5253 001e D3F80CA0 		ldr	r10, [r3, #12]
 5254              	.LVL361:
3773:Middlewares/Third_Party/FreeRTOS/Source/tasks.c **** 
 5255              		.loc 1 3773 4 is_stmt 0 discriminator 3 view .LVU1461
 5256              	.LBE220:
3769:Middlewares/Third_Party/FreeRTOS/Source/tasks.c **** 
 5257              		.loc 1 3769 14 view .LVU1462
 5258 0022 0024     		movs	r4, #0
 5259 0024 10E0     		b	.L434
 5260              	.LVL362:
 5261              	.L436:
 5262              	.LBB221:
3773:Middlewares/Third_Party/FreeRTOS/Source/tasks.c **** 
 5263              		.loc 1 3773 4 is_stmt 1 discriminator 1 view .LVU1463
 5264 0026 5B68     		ldr	r3, [r3, #4]
 5265 0028 4B60     		str	r3, [r1, #4]
 5266 002a F7E7     		b	.L432
 5267              	.LVL363:
 5268              	.L433:
3773:Middlewares/Third_Party/FreeRTOS/Source/tasks.c **** 
 5269              		.loc 1 3773 4 is_stmt 0 discriminator 1 view .LVU1464
 5270              	.LBE221:
 5271              	.LBB222:
3781:Middlewares/Third_Party/FreeRTOS/Source/tasks.c **** 				vTaskGetInfo( ( TaskHandle_t ) pxNextTCB, &( pxTaskStatusArray[ uxTask ] ), pdTRUE, eState );
 5272              		.loc 1 3781 5 is_stmt 1 discriminator 3 view .LVU1465
 5273 002c 6B68     		ldr	r3, [r5, #4]
 5274 002e DE68     		ldr	r6, [r3, #12]
 5275              	.LVL364:
3781:Middlewares/Third_Party/FreeRTOS/Source/tasks.c **** 				vTaskGetInfo( ( TaskHandle_t ) pxNextTCB, &( pxTaskStatusArray[ uxTask ] ), pdTRUE, eState );
 5276              		.loc 1 3781 5 is_stmt 0 discriminator 3 view .LVU1466
 5277              	.LBE222:
3781:Middlewares/Third_Party/FreeRTOS/Source/tasks.c **** 				vTaskGetInfo( ( TaskHandle_t ) pxNextTCB, &( pxTaskStatusArray[ uxTask ] ), pdTRUE, eState );
 5278              		.loc 1 3781 53 is_stmt 1 view .LVU1467
ARM GAS  C:\Users\jason\AppData\Local\Temp\ccaXxPCU.s 			page 213


3782:Middlewares/Third_Party/FreeRTOS/Source/tasks.c **** 				uxTask++;
 5279              		.loc 1 3782 5 view .LVU1468
3782:Middlewares/Third_Party/FreeRTOS/Source/tasks.c **** 				uxTask++;
 5280              		.loc 1 3782 67 is_stmt 0 view .LVU1469
 5281 0030 04EBC401 		add	r1, r4, r4, lsl #3
3782:Middlewares/Third_Party/FreeRTOS/Source/tasks.c **** 				uxTask++;
 5282              		.loc 1 3782 5 view .LVU1470
 5283 0034 4346     		mov	r3, r8
 5284 0036 0122     		movs	r2, #1
 5285 0038 07EB8101 		add	r1, r7, r1, lsl #2
 5286 003c 3046     		mov	r0, r6
 5287 003e FFF7FEFF 		bl	vTaskGetInfo
 5288              	.LVL365:
3783:Middlewares/Third_Party/FreeRTOS/Source/tasks.c **** 			} while( pxNextTCB != pxFirstTCB );
 5289              		.loc 1 3783 5 is_stmt 1 view .LVU1471
3783:Middlewares/Third_Party/FreeRTOS/Source/tasks.c **** 			} while( pxNextTCB != pxFirstTCB );
 5290              		.loc 1 3783 11 is_stmt 0 view .LVU1472
 5291 0042 0134     		adds	r4, r4, #1
 5292              	.LVL366:
3784:Middlewares/Third_Party/FreeRTOS/Source/tasks.c **** 		}
 5293              		.loc 1 3784 23 is_stmt 1 view .LVU1473
 5294 0044 B245     		cmp	r10, r6
 5295 0046 07D0     		beq	.L430
 5296              	.LVL367:
 5297              	.L434:
3773:Middlewares/Third_Party/FreeRTOS/Source/tasks.c **** 
 5298              		.loc 1 3773 53 view .LVU1474
3779:Middlewares/Third_Party/FreeRTOS/Source/tasks.c **** 			{
 5299              		.loc 1 3779 4 view .LVU1475
 5300              	.LBB223:
3781:Middlewares/Third_Party/FreeRTOS/Source/tasks.c **** 				vTaskGetInfo( ( TaskHandle_t ) pxNextTCB, &( pxTaskStatusArray[ uxTask ] ), pdTRUE, eState );
 5301              		.loc 1 3781 5 view .LVU1476
3781:Middlewares/Third_Party/FreeRTOS/Source/tasks.c **** 				vTaskGetInfo( ( TaskHandle_t ) pxNextTCB, &( pxTaskStatusArray[ uxTask ] ), pdTRUE, eState );
 5302              		.loc 1 3781 5 view .LVU1477
 5303 0048 6B68     		ldr	r3, [r5, #4]
 5304 004a 5968     		ldr	r1, [r3, #4]
 5305 004c 6960     		str	r1, [r5, #4]
3781:Middlewares/Third_Party/FreeRTOS/Source/tasks.c **** 				vTaskGetInfo( ( TaskHandle_t ) pxNextTCB, &( pxTaskStatusArray[ uxTask ] ), pdTRUE, eState );
 5306              		.loc 1 3781 5 view .LVU1478
 5307 004e 8945     		cmp	r9, r1
 5308 0050 ECD1     		bne	.L433
3781:Middlewares/Third_Party/FreeRTOS/Source/tasks.c **** 				vTaskGetInfo( ( TaskHandle_t ) pxNextTCB, &( pxTaskStatusArray[ uxTask ] ), pdTRUE, eState );
 5309              		.loc 1 3781 5 discriminator 1 view .LVU1479
 5310 0052 4B68     		ldr	r3, [r1, #4]
 5311 0054 6B60     		str	r3, [r5, #4]
 5312 0056 E9E7     		b	.L433
 5313              	.LVL368:
 5314              	.L430:
3781:Middlewares/Third_Party/FreeRTOS/Source/tasks.c **** 				vTaskGetInfo( ( TaskHandle_t ) pxNextTCB, &( pxTaskStatusArray[ uxTask ] ), pdTRUE, eState );
 5315              		.loc 1 3781 5 is_stmt 0 discriminator 1 view .LVU1480
 5316              	.LBE223:
3792:Middlewares/Third_Party/FreeRTOS/Source/tasks.c **** 
 5317              		.loc 1 3792 2 view .LVU1481
 5318 0058 2046     		mov	r0, r4
 5319 005a BDE8F087 		pop	{r4, r5, r6, r7, r8, r9, r10, pc}
 5320              		.cfi_endproc
 5321              	.LFE46:
ARM GAS  C:\Users\jason\AppData\Local\Temp\ccaXxPCU.s 			page 214


 5323              		.section	.text.uxTaskGetSystemState,"ax",%progbits
 5324              		.align	1
 5325              		.global	uxTaskGetSystemState
 5326              		.syntax unified
 5327              		.thumb
 5328              		.thumb_func
 5330              	uxTaskGetSystemState:
 5331              	.LVL369:
 5332              	.LFB27:
2506:Middlewares/Third_Party/FreeRTOS/Source/tasks.c **** 	UBaseType_t uxTask = 0, uxQueue = configMAX_PRIORITIES;
 5333              		.loc 1 2506 2 is_stmt 1 view -0
 5334              		.cfi_startproc
 5335              		@ args = 0, pretend = 0, frame = 0
 5336              		@ frame_needed = 0, uses_anonymous_args = 0
2506:Middlewares/Third_Party/FreeRTOS/Source/tasks.c **** 	UBaseType_t uxTask = 0, uxQueue = configMAX_PRIORITIES;
 5337              		.loc 1 2506 2 is_stmt 0 view .LVU1483
 5338 0000 F8B5     		push	{r3, r4, r5, r6, r7, lr}
 5339              		.cfi_def_cfa_offset 24
 5340              		.cfi_offset 3, -24
 5341              		.cfi_offset 4, -20
 5342              		.cfi_offset 5, -16
 5343              		.cfi_offset 6, -12
 5344              		.cfi_offset 7, -8
 5345              		.cfi_offset 14, -4
 5346 0002 0646     		mov	r6, r0
 5347 0004 0C46     		mov	r4, r1
 5348 0006 1746     		mov	r7, r2
2507:Middlewares/Third_Party/FreeRTOS/Source/tasks.c **** 
 5349              		.loc 1 2507 2 is_stmt 1 view .LVU1484
 5350              	.LVL370:
2509:Middlewares/Third_Party/FreeRTOS/Source/tasks.c **** 		{
 5351              		.loc 1 2509 3 view .LVU1485
 5352 0008 FFF7FEFF 		bl	vTaskSuspendAll
 5353              	.LVL371:
2512:Middlewares/Third_Party/FreeRTOS/Source/tasks.c **** 			{
 5354              		.loc 1 2512 4 view .LVU1486
2512:Middlewares/Third_Party/FreeRTOS/Source/tasks.c **** 			{
 5355              		.loc 1 2512 20 is_stmt 0 view .LVU1487
 5356 000c 224B     		ldr	r3, .L442
 5357 000e 1B68     		ldr	r3, [r3]
2512:Middlewares/Third_Party/FreeRTOS/Source/tasks.c **** 			{
 5358              		.loc 1 2512 6 view .LVU1488
 5359 0010 A342     		cmp	r3, r4
 5360 0012 3BD8     		bhi	.L440
2507:Middlewares/Third_Party/FreeRTOS/Source/tasks.c **** 
 5361              		.loc 1 2507 26 view .LVU1489
 5362 0014 3824     		movs	r4, #56
 5363              	.LVL372:
2507:Middlewares/Third_Party/FreeRTOS/Source/tasks.c **** 
 5364              		.loc 1 2507 14 view .LVU1490
 5365 0016 0025     		movs	r5, #0
 5366              	.LVL373:
 5367              	.L439:
2516:Middlewares/Third_Party/FreeRTOS/Source/tasks.c **** 				{
 5368              		.loc 1 2516 5 is_stmt 1 view .LVU1491
2518:Middlewares/Third_Party/FreeRTOS/Source/tasks.c **** 					uxTask += prvListTasksWithinSingleList( &( pxTaskStatusArray[ uxTask ] ), &( pxReadyTasksLists
 5369              		.loc 1 2518 6 view .LVU1492
ARM GAS  C:\Users\jason\AppData\Local\Temp\ccaXxPCU.s 			page 215


2518:Middlewares/Third_Party/FreeRTOS/Source/tasks.c **** 					uxTask += prvListTasksWithinSingleList( &( pxTaskStatusArray[ uxTask ] ), &( pxReadyTasksLists
 5370              		.loc 1 2518 13 is_stmt 0 view .LVU1493
 5371 0018 013C     		subs	r4, r4, #1
 5372              	.LVL374:
2519:Middlewares/Third_Party/FreeRTOS/Source/tasks.c **** 
 5373              		.loc 1 2519 6 is_stmt 1 view .LVU1494
2519:Middlewares/Third_Party/FreeRTOS/Source/tasks.c **** 
 5374              		.loc 1 2519 66 is_stmt 0 view .LVU1495
 5375 001a 05EBC500 		add	r0, r5, r5, lsl #3
2519:Middlewares/Third_Party/FreeRTOS/Source/tasks.c **** 
 5376              		.loc 1 2519 16 view .LVU1496
 5377 001e 04EB8401 		add	r1, r4, r4, lsl #2
 5378 0022 0122     		movs	r2, #1
 5379 0024 1D4B     		ldr	r3, .L442+4
 5380 0026 03EB8101 		add	r1, r3, r1, lsl #2
 5381 002a 06EB8000 		add	r0, r6, r0, lsl #2
 5382 002e FFF7FEFF 		bl	prvListTasksWithinSingleList
 5383              	.LVL375:
2519:Middlewares/Third_Party/FreeRTOS/Source/tasks.c **** 
 5384              		.loc 1 2519 13 discriminator 1 view .LVU1497
 5385 0032 0544     		add	r5, r5, r0
 5386              	.LVL376:
2521:Middlewares/Third_Party/FreeRTOS/Source/tasks.c **** 
 5387              		.loc 1 2521 22 is_stmt 1 discriminator 1 view .LVU1498
 5388 0034 002C     		cmp	r4, #0
 5389 0036 EFD1     		bne	.L439
2525:Middlewares/Third_Party/FreeRTOS/Source/tasks.c **** 				uxTask += prvListTasksWithinSingleList( &( pxTaskStatusArray[ uxTask ] ), ( List_t * ) pxOverfl
 5390              		.loc 1 2525 5 view .LVU1499
2525:Middlewares/Third_Party/FreeRTOS/Source/tasks.c **** 				uxTask += prvListTasksWithinSingleList( &( pxTaskStatusArray[ uxTask ] ), ( List_t * ) pxOverfl
 5391              		.loc 1 2525 65 is_stmt 0 view .LVU1500
 5392 0038 05EBC500 		add	r0, r5, r5, lsl #3
2525:Middlewares/Third_Party/FreeRTOS/Source/tasks.c **** 				uxTask += prvListTasksWithinSingleList( &( pxTaskStatusArray[ uxTask ] ), ( List_t * ) pxOverfl
 5393              		.loc 1 2525 15 view .LVU1501
 5394 003c 184B     		ldr	r3, .L442+8
 5395 003e 1968     		ldr	r1, [r3]
 5396 0040 0222     		movs	r2, #2
 5397 0042 06EB8000 		add	r0, r6, r0, lsl #2
 5398 0046 FFF7FEFF 		bl	prvListTasksWithinSingleList
 5399              	.LVL377:
2525:Middlewares/Third_Party/FreeRTOS/Source/tasks.c **** 				uxTask += prvListTasksWithinSingleList( &( pxTaskStatusArray[ uxTask ] ), ( List_t * ) pxOverfl
 5400              		.loc 1 2525 12 discriminator 1 view .LVU1502
 5401 004a 0544     		add	r5, r5, r0
 5402              	.LVL378:
2526:Middlewares/Third_Party/FreeRTOS/Source/tasks.c **** 
 5403              		.loc 1 2526 5 is_stmt 1 view .LVU1503
2526:Middlewares/Third_Party/FreeRTOS/Source/tasks.c **** 
 5404              		.loc 1 2526 65 is_stmt 0 view .LVU1504
 5405 004c 05EBC500 		add	r0, r5, r5, lsl #3
2526:Middlewares/Third_Party/FreeRTOS/Source/tasks.c **** 
 5406              		.loc 1 2526 15 view .LVU1505
 5407 0050 144B     		ldr	r3, .L442+12
 5408 0052 1968     		ldr	r1, [r3]
 5409 0054 0222     		movs	r2, #2
 5410 0056 06EB8000 		add	r0, r6, r0, lsl #2
 5411 005a FFF7FEFF 		bl	prvListTasksWithinSingleList
 5412              	.LVL379:
2526:Middlewares/Third_Party/FreeRTOS/Source/tasks.c **** 
ARM GAS  C:\Users\jason\AppData\Local\Temp\ccaXxPCU.s 			page 216


 5413              		.loc 1 2526 12 discriminator 1 view .LVU1506
 5414 005e 0544     		add	r5, r5, r0
 5415              	.LVL380:
2532:Middlewares/Third_Party/FreeRTOS/Source/tasks.c **** 				}
 5416              		.loc 1 2532 6 is_stmt 1 view .LVU1507
2532:Middlewares/Third_Party/FreeRTOS/Source/tasks.c **** 				}
 5417              		.loc 1 2532 66 is_stmt 0 view .LVU1508
 5418 0060 05EBC500 		add	r0, r5, r5, lsl #3
2532:Middlewares/Third_Party/FreeRTOS/Source/tasks.c **** 				}
 5419              		.loc 1 2532 16 view .LVU1509
 5420 0064 0422     		movs	r2, #4
 5421 0066 1049     		ldr	r1, .L442+16
 5422 0068 06EB8000 		add	r0, r6, r0, lsl #2
 5423 006c FFF7FEFF 		bl	prvListTasksWithinSingleList
 5424              	.LVL381:
2532:Middlewares/Third_Party/FreeRTOS/Source/tasks.c **** 				}
 5425              		.loc 1 2532 13 discriminator 1 view .LVU1510
 5426 0070 2C18     		adds	r4, r5, r0
 5427              	.LVL382:
2540:Middlewares/Third_Party/FreeRTOS/Source/tasks.c **** 				}
 5428              		.loc 1 2540 6 is_stmt 1 view .LVU1511
2540:Middlewares/Third_Party/FreeRTOS/Source/tasks.c **** 				}
 5429              		.loc 1 2540 66 is_stmt 0 view .LVU1512
 5430 0072 04EBC400 		add	r0, r4, r4, lsl #3
2540:Middlewares/Third_Party/FreeRTOS/Source/tasks.c **** 				}
 5431              		.loc 1 2540 16 view .LVU1513
 5432 0076 0322     		movs	r2, #3
 5433 0078 0C49     		ldr	r1, .L442+20
 5434 007a 06EB8000 		add	r0, r6, r0, lsl #2
 5435 007e FFF7FEFF 		bl	prvListTasksWithinSingleList
 5436              	.LVL383:
2540:Middlewares/Third_Party/FreeRTOS/Source/tasks.c **** 				}
 5437              		.loc 1 2540 13 discriminator 1 view .LVU1514
 5438 0082 0444     		add	r4, r4, r0
 5439              	.LVL384:
2557:Middlewares/Third_Party/FreeRTOS/Source/tasks.c **** 					{
 5440              		.loc 1 2557 6 is_stmt 1 view .LVU1515
2557:Middlewares/Third_Party/FreeRTOS/Source/tasks.c **** 					{
 5441              		.loc 1 2557 8 is_stmt 0 view .LVU1516
 5442 0084 1FB1     		cbz	r7, .L438
2559:Middlewares/Third_Party/FreeRTOS/Source/tasks.c **** 					}
 5443              		.loc 1 2559 7 is_stmt 1 view .LVU1517
2559:Middlewares/Third_Party/FreeRTOS/Source/tasks.c **** 					}
 5444              		.loc 1 2559 24 is_stmt 0 view .LVU1518
 5445 0086 0023     		movs	r3, #0
 5446 0088 3B60     		str	r3, [r7]
 5447 008a 00E0     		b	.L438
 5448              	.LVL385:
 5449              	.L440:
2507:Middlewares/Third_Party/FreeRTOS/Source/tasks.c **** 
 5450              		.loc 1 2507 14 view .LVU1519
 5451 008c 0024     		movs	r4, #0
 5452              	.LVL386:
 5453              	.L438:
2566:Middlewares/Third_Party/FreeRTOS/Source/tasks.c **** 			}
 5454              		.loc 1 2566 29 is_stmt 1 view .LVU1520
2569:Middlewares/Third_Party/FreeRTOS/Source/tasks.c **** 
ARM GAS  C:\Users\jason\AppData\Local\Temp\ccaXxPCU.s 			page 217


 5455              		.loc 1 2569 3 view .LVU1521
2569:Middlewares/Third_Party/FreeRTOS/Source/tasks.c **** 
 5456              		.loc 1 2569 12 is_stmt 0 view .LVU1522
 5457 008e FFF7FEFF 		bl	xTaskResumeAll
 5458              	.LVL387:
2571:Middlewares/Third_Party/FreeRTOS/Source/tasks.c **** 	}
 5459              		.loc 1 2571 3 is_stmt 1 view .LVU1523
2572:Middlewares/Third_Party/FreeRTOS/Source/tasks.c **** 
 5460              		.loc 1 2572 2 is_stmt 0 view .LVU1524
 5461 0092 2046     		mov	r0, r4
 5462 0094 F8BD     		pop	{r3, r4, r5, r6, r7, pc}
 5463              	.LVL388:
 5464              	.L443:
2572:Middlewares/Third_Party/FreeRTOS/Source/tasks.c **** 
 5465              		.loc 1 2572 2 view .LVU1525
 5466 0096 00BF     		.align	2
 5467              	.L442:
 5468 0098 00000000 		.word	uxCurrentNumberOfTasks
 5469 009c 00000000 		.word	pxReadyTasksLists
 5470 00a0 00000000 		.word	pxDelayedTaskList
 5471 00a4 00000000 		.word	pxOverflowDelayedTaskList
 5472 00a8 00000000 		.word	xTasksWaitingTermination
 5473 00ac 00000000 		.word	xSuspendedTaskList
 5474              		.cfi_endproc
 5475              	.LFE27:
 5477              		.section	.text.uxTaskGetStackHighWaterMark,"ax",%progbits
 5478              		.align	1
 5479              		.global	uxTaskGetStackHighWaterMark
 5480              		.syntax unified
 5481              		.thumb
 5482              		.thumb_func
 5484              	uxTaskGetStackHighWaterMark:
 5485              	.LVL389:
 5486              	.LFB48:
3860:Middlewares/Third_Party/FreeRTOS/Source/tasks.c **** 	TCB_t *pxTCB;
 5487              		.loc 1 3860 2 is_stmt 1 view -0
 5488              		.cfi_startproc
 5489              		@ args = 0, pretend = 0, frame = 0
 5490              		@ frame_needed = 0, uses_anonymous_args = 0
3860:Middlewares/Third_Party/FreeRTOS/Source/tasks.c **** 	TCB_t *pxTCB;
 5491              		.loc 1 3860 2 is_stmt 0 view .LVU1527
 5492 0000 08B5     		push	{r3, lr}
 5493              		.cfi_def_cfa_offset 8
 5494              		.cfi_offset 3, -8
 5495              		.cfi_offset 14, -4
3861:Middlewares/Third_Party/FreeRTOS/Source/tasks.c **** 	uint8_t *pucEndOfStack;
 5496              		.loc 1 3861 2 is_stmt 1 view .LVU1528
3862:Middlewares/Third_Party/FreeRTOS/Source/tasks.c **** 	UBaseType_t uxReturn;
 5497              		.loc 1 3862 2 view .LVU1529
3863:Middlewares/Third_Party/FreeRTOS/Source/tasks.c **** 
 5498              		.loc 1 3863 2 view .LVU1530
3865:Middlewares/Third_Party/FreeRTOS/Source/tasks.c **** 
 5499              		.loc 1 3865 3 view .LVU1531
3865:Middlewares/Third_Party/FreeRTOS/Source/tasks.c **** 
 5500              		.loc 1 3865 11 is_stmt 0 view .LVU1532
 5501 0002 0346     		mov	r3, r0
 5502 0004 18B1     		cbz	r0, .L447
ARM GAS  C:\Users\jason\AppData\Local\Temp\ccaXxPCU.s 			page 218


 5503              	.LVL390:
 5504              	.L445:
3869:Middlewares/Third_Party/FreeRTOS/Source/tasks.c **** 		}
 5505              		.loc 1 3869 4 is_stmt 1 view .LVU1533
3877:Middlewares/Third_Party/FreeRTOS/Source/tasks.c **** 
 5506              		.loc 1 3877 3 view .LVU1534
3877:Middlewares/Third_Party/FreeRTOS/Source/tasks.c **** 
 5507              		.loc 1 3877 30 is_stmt 0 view .LVU1535
 5508 0006 186B     		ldr	r0, [r3, #48]
 5509 0008 FFF7FEFF 		bl	prvTaskCheckFreeStackSpace
 5510              	.LVL391:
3879:Middlewares/Third_Party/FreeRTOS/Source/tasks.c **** 	}
 5511              		.loc 1 3879 3 is_stmt 1 view .LVU1536
3880:Middlewares/Third_Party/FreeRTOS/Source/tasks.c **** 
 5512              		.loc 1 3880 2 is_stmt 0 view .LVU1537
 5513 000c 08BD     		pop	{r3, pc}
 5514              	.LVL392:
 5515              	.L447:
3865:Middlewares/Third_Party/FreeRTOS/Source/tasks.c **** 
 5516              		.loc 1 3865 9 discriminator 1 view .LVU1538
 5517 000e 014B     		ldr	r3, .L448
 5518 0010 1B68     		ldr	r3, [r3]
 5519              	.LVL393:
3865:Middlewares/Third_Party/FreeRTOS/Source/tasks.c **** 
 5520              		.loc 1 3865 9 discriminator 1 view .LVU1539
 5521 0012 F8E7     		b	.L445
 5522              	.L449:
 5523              		.align	2
 5524              	.L448:
 5525 0014 00000000 		.word	pxCurrentTCB
 5526              		.cfi_endproc
 5527              	.LFE48:
 5529              		.section	.text.xTaskGetCurrentTaskHandle,"ax",%progbits
 5530              		.align	1
 5531              		.global	xTaskGetCurrentTaskHandle
 5532              		.syntax unified
 5533              		.thumb
 5534              		.thumb_func
 5536              	xTaskGetCurrentTaskHandle:
 5537              	.LFB51:
3970:Middlewares/Third_Party/FreeRTOS/Source/tasks.c **** 	TaskHandle_t xReturn;
 5538              		.loc 1 3970 2 is_stmt 1 view -0
 5539              		.cfi_startproc
 5540              		@ args = 0, pretend = 0, frame = 0
 5541              		@ frame_needed = 0, uses_anonymous_args = 0
 5542              		@ link register save eliminated.
3971:Middlewares/Third_Party/FreeRTOS/Source/tasks.c **** 
 5543              		.loc 1 3971 2 view .LVU1541
3976:Middlewares/Third_Party/FreeRTOS/Source/tasks.c **** 
 5544              		.loc 1 3976 3 view .LVU1542
3976:Middlewares/Third_Party/FreeRTOS/Source/tasks.c **** 
 5545              		.loc 1 3976 11 is_stmt 0 view .LVU1543
 5546 0000 014B     		ldr	r3, .L451
 5547 0002 1868     		ldr	r0, [r3]
 5548              	.LVL394:
3978:Middlewares/Third_Party/FreeRTOS/Source/tasks.c **** 	}
 5549              		.loc 1 3978 3 is_stmt 1 view .LVU1544
ARM GAS  C:\Users\jason\AppData\Local\Temp\ccaXxPCU.s 			page 219


3979:Middlewares/Third_Party/FreeRTOS/Source/tasks.c **** 
 5550              		.loc 1 3979 2 is_stmt 0 view .LVU1545
 5551 0004 7047     		bx	lr
 5552              	.L452:
 5553 0006 00BF     		.align	2
 5554              	.L451:
 5555 0008 00000000 		.word	pxCurrentTCB
 5556              		.cfi_endproc
 5557              	.LFE51:
 5559              		.section	.text.xTaskGetSchedulerState,"ax",%progbits
 5560              		.align	1
 5561              		.global	xTaskGetSchedulerState
 5562              		.syntax unified
 5563              		.thumb
 5564              		.thumb_func
 5566              	xTaskGetSchedulerState:
 5567              	.LFB52:
3987:Middlewares/Third_Party/FreeRTOS/Source/tasks.c **** 	BaseType_t xReturn;
 5568              		.loc 1 3987 2 is_stmt 1 view -0
 5569              		.cfi_startproc
 5570              		@ args = 0, pretend = 0, frame = 0
 5571              		@ frame_needed = 0, uses_anonymous_args = 0
 5572              		@ link register save eliminated.
3988:Middlewares/Third_Party/FreeRTOS/Source/tasks.c **** 
 5573              		.loc 1 3988 2 view .LVU1547
3990:Middlewares/Third_Party/FreeRTOS/Source/tasks.c **** 		{
 5574              		.loc 1 3990 3 view .LVU1548
3990:Middlewares/Third_Party/FreeRTOS/Source/tasks.c **** 		{
 5575              		.loc 1 3990 25 is_stmt 0 view .LVU1549
 5576 0000 054B     		ldr	r3, .L458
 5577 0002 1B68     		ldr	r3, [r3]
3990:Middlewares/Third_Party/FreeRTOS/Source/tasks.c **** 		{
 5578              		.loc 1 3990 5 view .LVU1550
 5579 0004 33B1     		cbz	r3, .L455
3996:Middlewares/Third_Party/FreeRTOS/Source/tasks.c **** 			{
 5580              		.loc 1 3996 4 is_stmt 1 view .LVU1551
3996:Middlewares/Third_Party/FreeRTOS/Source/tasks.c **** 			{
 5581              		.loc 1 3996 29 is_stmt 0 view .LVU1552
 5582 0006 054B     		ldr	r3, .L458+4
 5583 0008 1B68     		ldr	r3, [r3]
3996:Middlewares/Third_Party/FreeRTOS/Source/tasks.c **** 			{
 5584              		.loc 1 3996 6 view .LVU1553
 5585 000a 0BB1     		cbz	r3, .L457
4002:Middlewares/Third_Party/FreeRTOS/Source/tasks.c **** 			}
 5586              		.loc 1 4002 13 view .LVU1554
 5587 000c 0020     		movs	r0, #0
 5588              	.LVL395:
4006:Middlewares/Third_Party/FreeRTOS/Source/tasks.c **** 	}
 5589              		.loc 1 4006 3 is_stmt 1 view .LVU1555
4007:Middlewares/Third_Party/FreeRTOS/Source/tasks.c **** 
 5590              		.loc 1 4007 2 is_stmt 0 view .LVU1556
 5591 000e 7047     		bx	lr
 5592              	.LVL396:
 5593              	.L457:
3998:Middlewares/Third_Party/FreeRTOS/Source/tasks.c **** 			}
 5594              		.loc 1 3998 13 view .LVU1557
 5595 0010 0220     		movs	r0, #2
ARM GAS  C:\Users\jason\AppData\Local\Temp\ccaXxPCU.s 			page 220


 5596 0012 7047     		bx	lr
 5597              	.L455:
3992:Middlewares/Third_Party/FreeRTOS/Source/tasks.c **** 		}
 5598              		.loc 1 3992 12 view .LVU1558
 5599 0014 0120     		movs	r0, #1
 5600 0016 7047     		bx	lr
 5601              	.L459:
 5602              		.align	2
 5603              	.L458:
 5604 0018 00000000 		.word	xSchedulerRunning
 5605 001c 00000000 		.word	uxSchedulerSuspended
 5606              		.cfi_endproc
 5607              	.LFE52:
 5609              		.section	.text.xTaskPriorityInherit,"ax",%progbits
 5610              		.align	1
 5611              		.global	xTaskPriorityInherit
 5612              		.syntax unified
 5613              		.thumb
 5614              		.thumb_func
 5616              	xTaskPriorityInherit:
 5617              	.LVL397:
 5618              	.LFB53:
4015:Middlewares/Third_Party/FreeRTOS/Source/tasks.c **** 	TCB_t * const pxMutexHolderTCB = pxMutexHolder;
 5619              		.loc 1 4015 2 is_stmt 1 view -0
 5620              		.cfi_startproc
 5621              		@ args = 0, pretend = 0, frame = 0
 5622              		@ frame_needed = 0, uses_anonymous_args = 0
4016:Middlewares/Third_Party/FreeRTOS/Source/tasks.c **** 	BaseType_t xReturn = pdFALSE;
 5623              		.loc 1 4016 2 view .LVU1560
4017:Middlewares/Third_Party/FreeRTOS/Source/tasks.c **** 
 5624              		.loc 1 4017 2 view .LVU1561
4022:Middlewares/Third_Party/FreeRTOS/Source/tasks.c **** 		{
 5625              		.loc 1 4022 3 view .LVU1562
4022:Middlewares/Third_Party/FreeRTOS/Source/tasks.c **** 		{
 5626              		.loc 1 4022 5 is_stmt 0 view .LVU1563
 5627 0000 0028     		cmp	r0, #0
 5628 0002 41D0     		beq	.L469
4015:Middlewares/Third_Party/FreeRTOS/Source/tasks.c **** 	TCB_t * const pxMutexHolderTCB = pxMutexHolder;
 5629              		.loc 1 4015 2 view .LVU1564
 5630 0004 38B5     		push	{r3, r4, r5, lr}
 5631              		.cfi_def_cfa_offset 16
 5632              		.cfi_offset 3, -16
 5633              		.cfi_offset 4, -12
 5634              		.cfi_offset 5, -8
 5635              		.cfi_offset 14, -4
 5636 0006 0446     		mov	r4, r0
4027:Middlewares/Third_Party/FreeRTOS/Source/tasks.c **** 			{
 5637              		.loc 1 4027 4 is_stmt 1 view .LVU1565
4027:Middlewares/Third_Party/FreeRTOS/Source/tasks.c **** 			{
 5638              		.loc 1 4027 24 is_stmt 0 view .LVU1566
 5639 0008 C36A     		ldr	r3, [r0, #44]
4027:Middlewares/Third_Party/FreeRTOS/Source/tasks.c **** 			{
 5640              		.loc 1 4027 51 view .LVU1567
 5641 000a 204A     		ldr	r2, .L473
 5642 000c 1268     		ldr	r2, [r2]
 5643 000e D26A     		ldr	r2, [r2, #44]
4027:Middlewares/Third_Party/FreeRTOS/Source/tasks.c **** 			{
ARM GAS  C:\Users\jason\AppData\Local\Temp\ccaXxPCU.s 			page 221


 5644              		.loc 1 4027 6 view .LVU1568
 5645 0010 9342     		cmp	r3, r2
 5646 0012 2FD2     		bcs	.L462
4032:Middlewares/Third_Party/FreeRTOS/Source/tasks.c **** 				{
 5647              		.loc 1 4032 5 is_stmt 1 view .LVU1569
4032:Middlewares/Third_Party/FreeRTOS/Source/tasks.c **** 				{
 5648              		.loc 1 4032 11 is_stmt 0 view .LVU1570
 5649 0014 8269     		ldr	r2, [r0, #24]
4032:Middlewares/Third_Party/FreeRTOS/Source/tasks.c **** 				{
 5650              		.loc 1 4032 7 view .LVU1571
 5651 0016 002A     		cmp	r2, #0
 5652 0018 05DB     		blt	.L463
4034:Middlewares/Third_Party/FreeRTOS/Source/tasks.c **** 				}
 5653              		.loc 1 4034 6 is_stmt 1 view .LVU1572
 5654 001a 1C4A     		ldr	r2, .L473
 5655 001c 1268     		ldr	r2, [r2]
 5656 001e D26A     		ldr	r2, [r2, #44]
 5657 0020 C2F13802 		rsb	r2, r2, #56
 5658 0024 8261     		str	r2, [r0, #24]
 5659              	.L463:
4038:Middlewares/Third_Party/FreeRTOS/Source/tasks.c **** 				}
 5660              		.loc 1 4038 30 view .LVU1573
4043:Middlewares/Third_Party/FreeRTOS/Source/tasks.c **** 				{
 5661              		.loc 1 4043 5 view .LVU1574
4043:Middlewares/Third_Party/FreeRTOS/Source/tasks.c **** 				{
 5662              		.loc 1 4043 9 is_stmt 0 view .LVU1575
 5663 0026 6169     		ldr	r1, [r4, #20]
 5664 0028 03EB8303 		add	r3, r3, r3, lsl #2
 5665 002c 184A     		ldr	r2, .L473+4
 5666 002e 02EB8303 		add	r3, r2, r3, lsl #2
4043:Middlewares/Third_Party/FreeRTOS/Source/tasks.c **** 				{
 5667              		.loc 1 4043 7 view .LVU1576
 5668 0032 9942     		cmp	r1, r3
 5669 0034 05D0     		beq	.L472
4064:Middlewares/Third_Party/FreeRTOS/Source/tasks.c **** 				}
 5670              		.loc 1 4064 6 is_stmt 1 view .LVU1577
4064:Middlewares/Third_Party/FreeRTOS/Source/tasks.c **** 				}
 5671              		.loc 1 4064 49 is_stmt 0 view .LVU1578
 5672 0036 154B     		ldr	r3, .L473
 5673 0038 1B68     		ldr	r3, [r3]
 5674 003a DB6A     		ldr	r3, [r3, #44]
4064:Middlewares/Third_Party/FreeRTOS/Source/tasks.c **** 				}
 5675              		.loc 1 4064 35 view .LVU1579
 5676 003c E362     		str	r3, [r4, #44]
4070:Middlewares/Third_Party/FreeRTOS/Source/tasks.c **** 			}
 5677              		.loc 1 4070 13 view .LVU1580
 5678 003e 0120     		movs	r0, #1
 5679              	.LVL398:
 5680              	.L460:
4097:Middlewares/Third_Party/FreeRTOS/Source/tasks.c **** 
 5681              		.loc 1 4097 2 view .LVU1581
 5682 0040 38BD     		pop	{r3, r4, r5, pc}
 5683              	.LVL399:
 5684              	.L472:
4045:Middlewares/Third_Party/FreeRTOS/Source/tasks.c **** 					{
 5685              		.loc 1 4045 6 is_stmt 1 view .LVU1582
4045:Middlewares/Third_Party/FreeRTOS/Source/tasks.c **** 					{
ARM GAS  C:\Users\jason\AppData\Local\Temp\ccaXxPCU.s 			page 222


 5686              		.loc 1 4045 24 is_stmt 0 view .LVU1583
 5687 0042 231D     		adds	r3, r4, #4
 5688 0044 1D46     		mov	r5, r3
4045:Middlewares/Third_Party/FreeRTOS/Source/tasks.c **** 					{
 5689              		.loc 1 4045 10 view .LVU1584
 5690 0046 1846     		mov	r0, r3
 5691              	.LVL400:
4045:Middlewares/Third_Party/FreeRTOS/Source/tasks.c **** 					{
 5692              		.loc 1 4045 10 view .LVU1585
 5693 0048 FFF7FEFF 		bl	uxListRemove
 5694              	.LVL401:
4050:Middlewares/Third_Party/FreeRTOS/Source/tasks.c **** 					}
 5695              		.loc 1 4050 83 is_stmt 1 view .LVU1586
4054:Middlewares/Third_Party/FreeRTOS/Source/tasks.c **** 					}
 5696              		.loc 1 4054 31 view .LVU1587
4058:Middlewares/Third_Party/FreeRTOS/Source/tasks.c **** 					prvAddTaskToReadyList( pxMutexHolderTCB );
 5697              		.loc 1 4058 6 view .LVU1588
4058:Middlewares/Third_Party/FreeRTOS/Source/tasks.c **** 					prvAddTaskToReadyList( pxMutexHolderTCB );
 5698              		.loc 1 4058 49 is_stmt 0 view .LVU1589
 5699 004c 0F4B     		ldr	r3, .L473
 5700 004e 1B68     		ldr	r3, [r3]
 5701 0050 D86A     		ldr	r0, [r3, #44]
4058:Middlewares/Third_Party/FreeRTOS/Source/tasks.c **** 					prvAddTaskToReadyList( pxMutexHolderTCB );
 5702              		.loc 1 4058 35 view .LVU1590
 5703 0052 E062     		str	r0, [r4, #44]
4059:Middlewares/Third_Party/FreeRTOS/Source/tasks.c **** 				}
 5704              		.loc 1 4059 6 is_stmt 1 view .LVU1591
4059:Middlewares/Third_Party/FreeRTOS/Source/tasks.c **** 				}
 5705              		.loc 1 4059 6 view .LVU1592
 5706 0054 0F4B     		ldr	r3, .L473+8
 5707 0056 1B68     		ldr	r3, [r3]
 5708 0058 9842     		cmp	r0, r3
 5709 005a 01D9     		bls	.L465
4059:Middlewares/Third_Party/FreeRTOS/Source/tasks.c **** 				}
 5710              		.loc 1 4059 6 discriminator 1 view .LVU1593
 5711 005c 0D4B     		ldr	r3, .L473+8
 5712 005e 1860     		str	r0, [r3]
 5713              	.L465:
4059:Middlewares/Third_Party/FreeRTOS/Source/tasks.c **** 				}
 5714              		.loc 1 4059 6 discriminator 3 view .LVU1594
4059:Middlewares/Third_Party/FreeRTOS/Source/tasks.c **** 				}
 5715              		.loc 1 4059 6 discriminator 3 view .LVU1595
 5716 0060 00EB8000 		add	r0, r0, r0, lsl #2
 5717 0064 2946     		mov	r1, r5
 5718 0066 0A4B     		ldr	r3, .L473+4
 5719 0068 03EB8000 		add	r0, r3, r0, lsl #2
 5720 006c FFF7FEFF 		bl	vListInsertEnd
 5721              	.LVL402:
4059:Middlewares/Third_Party/FreeRTOS/Source/tasks.c **** 				}
 5722              		.loc 1 4059 47 discriminator 4 view .LVU1596
4070:Middlewares/Third_Party/FreeRTOS/Source/tasks.c **** 			}
 5723              		.loc 1 4070 13 is_stmt 0 view .LVU1597
 5724 0070 0120     		movs	r0, #1
 5725 0072 E5E7     		b	.L460
 5726              	.LVL403:
 5727              	.L462:
4074:Middlewares/Third_Party/FreeRTOS/Source/tasks.c **** 				{
ARM GAS  C:\Users\jason\AppData\Local\Temp\ccaXxPCU.s 			page 223


 5728              		.loc 1 4074 5 is_stmt 1 view .LVU1598
4074:Middlewares/Third_Party/FreeRTOS/Source/tasks.c **** 				{
 5729              		.loc 1 4074 25 is_stmt 0 view .LVU1599
 5730 0074 C26C     		ldr	r2, [r0, #76]
4074:Middlewares/Third_Party/FreeRTOS/Source/tasks.c **** 				{
 5731              		.loc 1 4074 56 view .LVU1600
 5732 0076 054B     		ldr	r3, .L473
 5733 0078 1B68     		ldr	r3, [r3]
 5734 007a DB6A     		ldr	r3, [r3, #44]
4074:Middlewares/Third_Party/FreeRTOS/Source/tasks.c **** 				{
 5735              		.loc 1 4074 7 view .LVU1601
 5736 007c 9A42     		cmp	r2, r3
 5737 007e 01D3     		bcc	.L467
4017:Middlewares/Third_Party/FreeRTOS/Source/tasks.c **** 
 5738              		.loc 1 4017 13 view .LVU1602
 5739 0080 0020     		movs	r0, #0
 5740              	.LVL404:
4017:Middlewares/Third_Party/FreeRTOS/Source/tasks.c **** 
 5741              		.loc 1 4017 13 view .LVU1603
 5742 0082 DDE7     		b	.L460
 5743              	.LVL405:
 5744              	.L467:
4083:Middlewares/Third_Party/FreeRTOS/Source/tasks.c **** 				}
 5745              		.loc 1 4083 14 view .LVU1604
 5746 0084 0120     		movs	r0, #1
 5747              	.LVL406:
4093:Middlewares/Third_Party/FreeRTOS/Source/tasks.c **** 		}
 5748              		.loc 1 4093 28 is_stmt 1 view .LVU1605
4096:Middlewares/Third_Party/FreeRTOS/Source/tasks.c **** 	}
 5749              		.loc 1 4096 3 view .LVU1606
4096:Middlewares/Third_Party/FreeRTOS/Source/tasks.c **** 	}
 5750              		.loc 1 4096 10 is_stmt 0 view .LVU1607
 5751 0086 DBE7     		b	.L460
 5752              	.LVL407:
 5753              	.L469:
 5754              		.cfi_def_cfa_offset 0
 5755              		.cfi_restore 3
 5756              		.cfi_restore 4
 5757              		.cfi_restore 5
 5758              		.cfi_restore 14
4097:Middlewares/Third_Party/FreeRTOS/Source/tasks.c **** 
 5759              		.loc 1 4097 2 view .LVU1608
 5760 0088 7047     		bx	lr
 5761              	.L474:
 5762 008a 00BF     		.align	2
 5763              	.L473:
 5764 008c 00000000 		.word	pxCurrentTCB
 5765 0090 00000000 		.word	pxReadyTasksLists
 5766 0094 00000000 		.word	uxTopReadyPriority
 5767              		.cfi_endproc
 5768              	.LFE53:
 5770              		.section	.text.xTaskPriorityDisinherit,"ax",%progbits
 5771              		.align	1
 5772              		.global	xTaskPriorityDisinherit
 5773              		.syntax unified
 5774              		.thumb
 5775              		.thumb_func
ARM GAS  C:\Users\jason\AppData\Local\Temp\ccaXxPCU.s 			page 224


 5777              	xTaskPriorityDisinherit:
 5778              	.LVL408:
 5779              	.LFB54:
4105:Middlewares/Third_Party/FreeRTOS/Source/tasks.c **** 	TCB_t * const pxTCB = pxMutexHolder;
 5780              		.loc 1 4105 2 is_stmt 1 view -0
 5781              		.cfi_startproc
 5782              		@ args = 0, pretend = 0, frame = 0
 5783              		@ frame_needed = 0, uses_anonymous_args = 0
4106:Middlewares/Third_Party/FreeRTOS/Source/tasks.c **** 	BaseType_t xReturn = pdFALSE;
 5784              		.loc 1 4106 2 view .LVU1610
4107:Middlewares/Third_Party/FreeRTOS/Source/tasks.c **** 
 5785              		.loc 1 4107 2 view .LVU1611
4109:Middlewares/Third_Party/FreeRTOS/Source/tasks.c **** 		{
 5786              		.loc 1 4109 3 view .LVU1612
4109:Middlewares/Third_Party/FreeRTOS/Source/tasks.c **** 		{
 5787              		.loc 1 4109 5 is_stmt 0 view .LVU1613
 5788 0000 0028     		cmp	r0, #0
 5789 0002 3ED0     		beq	.L486
4105:Middlewares/Third_Party/FreeRTOS/Source/tasks.c **** 	TCB_t * const pxTCB = pxMutexHolder;
 5790              		.loc 1 4105 2 view .LVU1614
 5791 0004 38B5     		push	{r3, r4, r5, lr}
 5792              		.cfi_def_cfa_offset 16
 5793              		.cfi_offset 3, -16
 5794              		.cfi_offset 4, -12
 5795              		.cfi_offset 5, -8
 5796              		.cfi_offset 14, -4
 5797 0006 0446     		mov	r4, r0
4115:Middlewares/Third_Party/FreeRTOS/Source/tasks.c **** 			configASSERT( pxTCB->uxMutexesHeld );
 5798              		.loc 1 4115 4 is_stmt 1 view .LVU1615
 5799 0008 1E4B     		ldr	r3, .L490
 5800 000a 1B68     		ldr	r3, [r3]
 5801 000c 8342     		cmp	r3, r0
 5802 000e 08D0     		beq	.L477
4115:Middlewares/Third_Party/FreeRTOS/Source/tasks.c **** 			configASSERT( pxTCB->uxMutexesHeld );
 5803              		.loc 1 4115 4 discriminator 1 view .LVU1616
 5804              	.LBB224:
 5805              	.LBI224:
 191:Middlewares/Third_Party/FreeRTOS/Source/portable/GCC/ARM_CM4F/portmacro.h **** {
 5806              		.loc 2 191 30 view .LVU1617
 5807              	.LBB225:
 193:Middlewares/Third_Party/FreeRTOS/Source/portable/GCC/ARM_CM4F/portmacro.h **** 
 5808              		.loc 2 193 1 view .LVU1618
 195:Middlewares/Third_Party/FreeRTOS/Source/portable/GCC/ARM_CM4F/portmacro.h **** 	(
 5809              		.loc 2 195 2 view .LVU1619
 5810              		.syntax unified
 5811              	@ 195 "Middlewares/Third_Party/FreeRTOS/Source/portable/GCC/ARM_CM4F/portmacro.h" 1
 5812 0010 4FF05003 			mov r3, #80												
 5813 0014 83F31188 		msr basepri, r3											
 5814 0018 BFF36F8F 		isb														
 5815 001c BFF34F8F 		dsb														
 5816              	
 5817              	@ 0 "" 2
 5818              		.thumb
 5819              		.syntax unified
 5820              	.L478:
 5821              	.LBE225:
 5822              	.LBE224:
ARM GAS  C:\Users\jason\AppData\Local\Temp\ccaXxPCU.s 			page 225


4115:Middlewares/Third_Party/FreeRTOS/Source/tasks.c **** 			configASSERT( pxTCB->uxMutexesHeld );
 5823              		.loc 1 4115 4 view .LVU1620
 5824 0020 FEE7     		b	.L478
 5825              	.L477:
4115:Middlewares/Third_Party/FreeRTOS/Source/tasks.c **** 			configASSERT( pxTCB->uxMutexesHeld );
 5826              		.loc 1 4115 41 view .LVU1621
4116:Middlewares/Third_Party/FreeRTOS/Source/tasks.c **** 			( pxTCB->uxMutexesHeld )--;
 5827              		.loc 1 4116 4 view .LVU1622
 5828 0022 036D     		ldr	r3, [r0, #80]
 5829 0024 43B9     		cbnz	r3, .L479
4116:Middlewares/Third_Party/FreeRTOS/Source/tasks.c **** 			( pxTCB->uxMutexesHeld )--;
 5830              		.loc 1 4116 4 discriminator 1 view .LVU1623
 5831              	.LBB226:
 5832              	.LBI226:
 191:Middlewares/Third_Party/FreeRTOS/Source/portable/GCC/ARM_CM4F/portmacro.h **** {
 5833              		.loc 2 191 30 view .LVU1624
 5834              	.LBB227:
 193:Middlewares/Third_Party/FreeRTOS/Source/portable/GCC/ARM_CM4F/portmacro.h **** 
 5835              		.loc 2 193 1 view .LVU1625
 195:Middlewares/Third_Party/FreeRTOS/Source/portable/GCC/ARM_CM4F/portmacro.h **** 	(
 5836              		.loc 2 195 2 view .LVU1626
 5837              		.syntax unified
 5838              	@ 195 "Middlewares/Third_Party/FreeRTOS/Source/portable/GCC/ARM_CM4F/portmacro.h" 1
 5839 0026 4FF05003 			mov r3, #80												
 5840 002a 83F31188 		msr basepri, r3											
 5841 002e BFF36F8F 		isb														
 5842 0032 BFF34F8F 		dsb														
 5843              	
 5844              	@ 0 "" 2
 5845              		.thumb
 5846              		.syntax unified
 5847              	.L480:
 5848              	.LBE227:
 5849              	.LBE226:
4116:Middlewares/Third_Party/FreeRTOS/Source/tasks.c **** 			( pxTCB->uxMutexesHeld )--;
 5850              		.loc 1 4116 4 view .LVU1627
 5851 0036 FEE7     		b	.L480
 5852              	.L479:
4116:Middlewares/Third_Party/FreeRTOS/Source/tasks.c **** 			( pxTCB->uxMutexesHeld )--;
 5853              		.loc 1 4116 40 view .LVU1628
4117:Middlewares/Third_Party/FreeRTOS/Source/tasks.c **** 
 5854              		.loc 1 4117 4 view .LVU1629
4117:Middlewares/Third_Party/FreeRTOS/Source/tasks.c **** 
 5855              		.loc 1 4117 28 is_stmt 0 view .LVU1630
 5856 0038 013B     		subs	r3, r3, #1
 5857 003a 0365     		str	r3, [r0, #80]
4121:Middlewares/Third_Party/FreeRTOS/Source/tasks.c **** 			{
 5858              		.loc 1 4121 4 is_stmt 1 view .LVU1631
4121:Middlewares/Third_Party/FreeRTOS/Source/tasks.c **** 			{
 5859              		.loc 1 4121 13 is_stmt 0 view .LVU1632
 5860 003c C16A     		ldr	r1, [r0, #44]
4121:Middlewares/Third_Party/FreeRTOS/Source/tasks.c **** 			{
 5861              		.loc 1 4121 34 view .LVU1633
 5862 003e C26C     		ldr	r2, [r0, #76]
4121:Middlewares/Third_Party/FreeRTOS/Source/tasks.c **** 			{
 5863              		.loc 1 4121 6 view .LVU1634
 5864 0040 9142     		cmp	r1, r2
ARM GAS  C:\Users\jason\AppData\Local\Temp\ccaXxPCU.s 			page 226


 5865 0042 1CD0     		beq	.L483
4124:Middlewares/Third_Party/FreeRTOS/Source/tasks.c **** 				{
 5866              		.loc 1 4124 5 is_stmt 1 view .LVU1635
4124:Middlewares/Third_Party/FreeRTOS/Source/tasks.c **** 				{
 5867              		.loc 1 4124 7 is_stmt 0 view .LVU1636
 5868 0044 0BB1     		cbz	r3, .L489
4107:Middlewares/Third_Party/FreeRTOS/Source/tasks.c **** 
 5869              		.loc 1 4107 13 view .LVU1637
 5870 0046 0020     		movs	r0, #0
 5871              	.LVL409:
4173:Middlewares/Third_Party/FreeRTOS/Source/tasks.c **** 		}
 5872              		.loc 1 4173 28 is_stmt 1 view .LVU1638
4176:Middlewares/Third_Party/FreeRTOS/Source/tasks.c **** 	}
 5873              		.loc 1 4176 3 view .LVU1639
 5874              	.L475:
4177:Middlewares/Third_Party/FreeRTOS/Source/tasks.c **** 
 5875              		.loc 1 4177 2 is_stmt 0 view .LVU1640
 5876 0048 38BD     		pop	{r3, r4, r5, pc}
 5877              	.LVL410:
 5878              	.L489:
4131:Middlewares/Third_Party/FreeRTOS/Source/tasks.c **** 					{
 5879              		.loc 1 4131 6 is_stmt 1 view .LVU1641
4131:Middlewares/Third_Party/FreeRTOS/Source/tasks.c **** 					{
 5880              		.loc 1 4131 24 is_stmt 0 view .LVU1642
 5881 004a 031D     		adds	r3, r0, #4
 5882 004c 1D46     		mov	r5, r3
4131:Middlewares/Third_Party/FreeRTOS/Source/tasks.c **** 					{
 5883              		.loc 1 4131 10 view .LVU1643
 5884 004e 1846     		mov	r0, r3
 5885              	.LVL411:
4131:Middlewares/Third_Party/FreeRTOS/Source/tasks.c **** 					{
 5886              		.loc 1 4131 10 view .LVU1644
 5887 0050 FFF7FEFF 		bl	uxListRemove
 5888              	.LVL412:
4133:Middlewares/Third_Party/FreeRTOS/Source/tasks.c **** 					}
 5889              		.loc 1 4133 52 is_stmt 1 view .LVU1645
4137:Middlewares/Third_Party/FreeRTOS/Source/tasks.c **** 					}
 5890              		.loc 1 4137 31 view .LVU1646
4142:Middlewares/Third_Party/FreeRTOS/Source/tasks.c **** 					pxTCB->uxPriority = pxTCB->uxBasePriority;
 5891              		.loc 1 4142 67 view .LVU1647
4143:Middlewares/Third_Party/FreeRTOS/Source/tasks.c **** 
 5892              		.loc 1 4143 6 view .LVU1648
4143:Middlewares/Third_Party/FreeRTOS/Source/tasks.c **** 
 5893              		.loc 1 4143 31 is_stmt 0 view .LVU1649
 5894 0054 E06C     		ldr	r0, [r4, #76]
4143:Middlewares/Third_Party/FreeRTOS/Source/tasks.c **** 
 5895              		.loc 1 4143 24 view .LVU1650
 5896 0056 E062     		str	r0, [r4, #44]
4148:Middlewares/Third_Party/FreeRTOS/Source/tasks.c **** 					prvAddTaskToReadyList( pxTCB );
 5897              		.loc 1 4148 6 is_stmt 1 view .LVU1651
 5898 0058 C0F13803 		rsb	r3, r0, #56
 5899 005c A361     		str	r3, [r4, #24]
4149:Middlewares/Third_Party/FreeRTOS/Source/tasks.c **** 
 5900              		.loc 1 4149 6 view .LVU1652
4149:Middlewares/Third_Party/FreeRTOS/Source/tasks.c **** 
 5901              		.loc 1 4149 6 view .LVU1653
 5902 005e 0A4B     		ldr	r3, .L490+4
ARM GAS  C:\Users\jason\AppData\Local\Temp\ccaXxPCU.s 			page 227


 5903 0060 1B68     		ldr	r3, [r3]
 5904 0062 9842     		cmp	r0, r3
 5905 0064 01D9     		bls	.L481
4149:Middlewares/Third_Party/FreeRTOS/Source/tasks.c **** 
 5906              		.loc 1 4149 6 discriminator 1 view .LVU1654
 5907 0066 084B     		ldr	r3, .L490+4
 5908 0068 1860     		str	r0, [r3]
 5909              	.L481:
4149:Middlewares/Third_Party/FreeRTOS/Source/tasks.c **** 
 5910              		.loc 1 4149 6 discriminator 3 view .LVU1655
4149:Middlewares/Third_Party/FreeRTOS/Source/tasks.c **** 
 5911              		.loc 1 4149 6 discriminator 3 view .LVU1656
 5912 006a 00EB8000 		add	r0, r0, r0, lsl #2
 5913 006e 2946     		mov	r1, r5
 5914 0070 064B     		ldr	r3, .L490+8
 5915 0072 03EB8000 		add	r0, r3, r0, lsl #2
 5916 0076 FFF7FEFF 		bl	vListInsertEnd
 5917              	.LVL413:
4149:Middlewares/Third_Party/FreeRTOS/Source/tasks.c **** 
 5918              		.loc 1 4149 36 discriminator 4 view .LVU1657
4159:Middlewares/Third_Party/FreeRTOS/Source/tasks.c **** 				}
 5919              		.loc 1 4159 6 view .LVU1658
4159:Middlewares/Third_Party/FreeRTOS/Source/tasks.c **** 				}
 5920              		.loc 1 4159 14 is_stmt 0 view .LVU1659
 5921 007a 0120     		movs	r0, #1
 5922 007c E4E7     		b	.L475
 5923              	.LVL414:
 5924              	.L483:
4107:Middlewares/Third_Party/FreeRTOS/Source/tasks.c **** 
 5925              		.loc 1 4107 13 view .LVU1660
 5926 007e 0020     		movs	r0, #0
 5927              	.LVL415:
4107:Middlewares/Third_Party/FreeRTOS/Source/tasks.c **** 
 5928              		.loc 1 4107 13 view .LVU1661
 5929 0080 E2E7     		b	.L475
 5930              	.LVL416:
 5931              	.L486:
 5932              		.cfi_def_cfa_offset 0
 5933              		.cfi_restore 3
 5934              		.cfi_restore 4
 5935              		.cfi_restore 5
 5936              		.cfi_restore 14
4177:Middlewares/Third_Party/FreeRTOS/Source/tasks.c **** 
 5937              		.loc 1 4177 2 view .LVU1662
 5938 0082 7047     		bx	lr
 5939              	.L491:
 5940              		.align	2
 5941              	.L490:
 5942 0084 00000000 		.word	pxCurrentTCB
 5943 0088 00000000 		.word	uxTopReadyPriority
 5944 008c 00000000 		.word	pxReadyTasksLists
 5945              		.cfi_endproc
 5946              	.LFE54:
 5948              		.section	.text.vTaskPriorityDisinheritAfterTimeout,"ax",%progbits
 5949              		.align	1
 5950              		.global	vTaskPriorityDisinheritAfterTimeout
 5951              		.syntax unified
ARM GAS  C:\Users\jason\AppData\Local\Temp\ccaXxPCU.s 			page 228


 5952              		.thumb
 5953              		.thumb_func
 5955              	vTaskPriorityDisinheritAfterTimeout:
 5956              	.LVL417:
 5957              	.LFB55:
4185:Middlewares/Third_Party/FreeRTOS/Source/tasks.c **** 	TCB_t * const pxTCB = pxMutexHolder;
 5958              		.loc 1 4185 2 is_stmt 1 view -0
 5959              		.cfi_startproc
 5960              		@ args = 0, pretend = 0, frame = 0
 5961              		@ frame_needed = 0, uses_anonymous_args = 0
4186:Middlewares/Third_Party/FreeRTOS/Source/tasks.c **** 	UBaseType_t uxPriorityUsedOnEntry, uxPriorityToUse;
 5962              		.loc 1 4186 2 view .LVU1664
4187:Middlewares/Third_Party/FreeRTOS/Source/tasks.c **** 	const UBaseType_t uxOnlyOneMutexHeld = ( UBaseType_t ) 1;
 5963              		.loc 1 4187 2 view .LVU1665
4188:Middlewares/Third_Party/FreeRTOS/Source/tasks.c **** 
 5964              		.loc 1 4188 2 view .LVU1666
4190:Middlewares/Third_Party/FreeRTOS/Source/tasks.c **** 		{
 5965              		.loc 1 4190 3 view .LVU1667
4190:Middlewares/Third_Party/FreeRTOS/Source/tasks.c **** 		{
 5966              		.loc 1 4190 5 is_stmt 0 view .LVU1668
 5967 0000 0028     		cmp	r0, #0
 5968 0002 47D0     		beq	.L502
4185:Middlewares/Third_Party/FreeRTOS/Source/tasks.c **** 	TCB_t * const pxTCB = pxMutexHolder;
 5969              		.loc 1 4185 2 view .LVU1669
 5970 0004 38B5     		push	{r3, r4, r5, lr}
 5971              		.cfi_def_cfa_offset 16
 5972              		.cfi_offset 3, -16
 5973              		.cfi_offset 4, -12
 5974              		.cfi_offset 5, -8
 5975              		.cfi_offset 14, -4
 5976 0006 0446     		mov	r4, r0
4194:Middlewares/Third_Party/FreeRTOS/Source/tasks.c **** 
 5977              		.loc 1 4194 4 is_stmt 1 view .LVU1670
 5978 0008 036D     		ldr	r3, [r0, #80]
 5979 000a 43B9     		cbnz	r3, .L494
4194:Middlewares/Third_Party/FreeRTOS/Source/tasks.c **** 
 5980              		.loc 1 4194 4 discriminator 1 view .LVU1671
 5981              	.LBB228:
 5982              	.LBI228:
 191:Middlewares/Third_Party/FreeRTOS/Source/portable/GCC/ARM_CM4F/portmacro.h **** {
 5983              		.loc 2 191 30 view .LVU1672
 5984              	.LBB229:
 193:Middlewares/Third_Party/FreeRTOS/Source/portable/GCC/ARM_CM4F/portmacro.h **** 
 5985              		.loc 2 193 1 view .LVU1673
 195:Middlewares/Third_Party/FreeRTOS/Source/portable/GCC/ARM_CM4F/portmacro.h **** 	(
 5986              		.loc 2 195 2 view .LVU1674
 5987              		.syntax unified
 5988              	@ 195 "Middlewares/Third_Party/FreeRTOS/Source/portable/GCC/ARM_CM4F/portmacro.h" 1
 5989 000c 4FF05003 			mov r3, #80												
 5990 0010 83F31188 		msr basepri, r3											
 5991 0014 BFF36F8F 		isb														
 5992 0018 BFF34F8F 		dsb														
 5993              	
 5994              	@ 0 "" 2
 5995              		.thumb
 5996              		.syntax unified
 5997              	.L495:
ARM GAS  C:\Users\jason\AppData\Local\Temp\ccaXxPCU.s 			page 229


 5998              	.LBE229:
 5999              	.LBE228:
4194:Middlewares/Third_Party/FreeRTOS/Source/tasks.c **** 
 6000              		.loc 1 4194 4 view .LVU1675
 6001 001c FEE7     		b	.L495
 6002              	.L494:
4194:Middlewares/Third_Party/FreeRTOS/Source/tasks.c **** 
 6003              		.loc 1 4194 40 view .LVU1676
4200:Middlewares/Third_Party/FreeRTOS/Source/tasks.c **** 			{
 6004              		.loc 1 4200 4 view .LVU1677
4200:Middlewares/Third_Party/FreeRTOS/Source/tasks.c **** 			{
 6005              		.loc 1 4200 13 is_stmt 0 view .LVU1678
 6006 001e C26C     		ldr	r2, [r0, #76]
4200:Middlewares/Third_Party/FreeRTOS/Source/tasks.c **** 			{
 6007              		.loc 1 4200 6 view .LVU1679
 6008 0020 8A42     		cmp	r2, r1
 6009 0022 00D2     		bcs	.L496
4202:Middlewares/Third_Party/FreeRTOS/Source/tasks.c **** 			}
 6010              		.loc 1 4202 21 view .LVU1680
 6011 0024 0A46     		mov	r2, r1
 6012              	.L496:
 6013              	.LVL418:
4210:Middlewares/Third_Party/FreeRTOS/Source/tasks.c **** 			{
 6014              		.loc 1 4210 4 is_stmt 1 view .LVU1681
4210:Middlewares/Third_Party/FreeRTOS/Source/tasks.c **** 			{
 6015              		.loc 1 4210 13 is_stmt 0 view .LVU1682
 6016 0026 E16A     		ldr	r1, [r4, #44]
 6017              	.LVL419:
4210:Middlewares/Third_Party/FreeRTOS/Source/tasks.c **** 			{
 6018              		.loc 1 4210 6 view .LVU1683
 6019 0028 9142     		cmp	r1, r2
 6020 002a 01D0     		beq	.L492
4216:Middlewares/Third_Party/FreeRTOS/Source/tasks.c **** 				{
 6021              		.loc 1 4216 5 is_stmt 1 view .LVU1684
4216:Middlewares/Third_Party/FreeRTOS/Source/tasks.c **** 				{
 6022              		.loc 1 4216 7 is_stmt 0 view .LVU1685
 6023 002c 012B     		cmp	r3, #1
 6024 002e 00D0     		beq	.L505
 6025              	.LVL420:
 6026              	.L492:
4282:Middlewares/Third_Party/FreeRTOS/Source/tasks.c **** 
 6027              		.loc 1 4282 2 view .LVU1686
 6028 0030 38BD     		pop	{r3, r4, r5, pc}
 6029              	.LVL421:
 6030              	.L505:
4221:Middlewares/Third_Party/FreeRTOS/Source/tasks.c **** 
 6031              		.loc 1 4221 6 is_stmt 1 view .LVU1687
 6032 0032 194B     		ldr	r3, .L507
 6033 0034 1B68     		ldr	r3, [r3]
 6034 0036 A342     		cmp	r3, r4
 6035 0038 23D0     		beq	.L506
4221:Middlewares/Third_Party/FreeRTOS/Source/tasks.c **** 
 6036              		.loc 1 4221 43 view .LVU1688
4226:Middlewares/Third_Party/FreeRTOS/Source/tasks.c **** 					uxPriorityUsedOnEntry = pxTCB->uxPriority;
 6037              		.loc 1 4226 67 view .LVU1689
4227:Middlewares/Third_Party/FreeRTOS/Source/tasks.c **** 					pxTCB->uxPriority = uxPriorityToUse;
 6038              		.loc 1 4227 6 view .LVU1690
ARM GAS  C:\Users\jason\AppData\Local\Temp\ccaXxPCU.s 			page 230


 6039              	.LVL422:
4228:Middlewares/Third_Party/FreeRTOS/Source/tasks.c **** 
 6040              		.loc 1 4228 6 view .LVU1691
4228:Middlewares/Third_Party/FreeRTOS/Source/tasks.c **** 
 6041              		.loc 1 4228 24 is_stmt 0 view .LVU1692
 6042 003a E262     		str	r2, [r4, #44]
4232:Middlewares/Third_Party/FreeRTOS/Source/tasks.c **** 					{
 6043              		.loc 1 4232 6 is_stmt 1 view .LVU1693
4232:Middlewares/Third_Party/FreeRTOS/Source/tasks.c **** 					{
 6044              		.loc 1 4232 12 is_stmt 0 view .LVU1694
 6045 003c A369     		ldr	r3, [r4, #24]
4232:Middlewares/Third_Party/FreeRTOS/Source/tasks.c **** 					{
 6046              		.loc 1 4232 8 view .LVU1695
 6047 003e 002B     		cmp	r3, #0
 6048 0040 02DB     		blt	.L499
4234:Middlewares/Third_Party/FreeRTOS/Source/tasks.c **** 					}
 6049              		.loc 1 4234 7 is_stmt 1 view .LVU1696
 6050 0042 C2F13802 		rsb	r2, r2, #56
 6051              	.LVL423:
4234:Middlewares/Third_Party/FreeRTOS/Source/tasks.c **** 					}
 6052              		.loc 1 4234 7 is_stmt 0 view .LVU1697
 6053 0046 A261     		str	r2, [r4, #24]
 6054              	.L499:
4238:Middlewares/Third_Party/FreeRTOS/Source/tasks.c **** 					}
 6055              		.loc 1 4238 31 is_stmt 1 view .LVU1698
4247:Middlewares/Third_Party/FreeRTOS/Source/tasks.c **** 					{
 6056              		.loc 1 4247 6 view .LVU1699
4247:Middlewares/Third_Party/FreeRTOS/Source/tasks.c **** 					{
 6057              		.loc 1 4247 10 is_stmt 0 view .LVU1700
 6058 0048 6269     		ldr	r2, [r4, #20]
 6059 004a 01EB8101 		add	r1, r1, r1, lsl #2
 6060              	.LVL424:
4247:Middlewares/Third_Party/FreeRTOS/Source/tasks.c **** 					{
 6061              		.loc 1 4247 10 view .LVU1701
 6062 004e 134B     		ldr	r3, .L507+4
 6063 0050 03EB8103 		add	r3, r3, r1, lsl #2
4247:Middlewares/Third_Party/FreeRTOS/Source/tasks.c **** 					{
 6064              		.loc 1 4247 8 view .LVU1702
 6065 0054 9A42     		cmp	r2, r3
 6066 0056 EBD1     		bne	.L492
4249:Middlewares/Third_Party/FreeRTOS/Source/tasks.c **** 						{
 6067              		.loc 1 4249 7 is_stmt 1 view .LVU1703
4249:Middlewares/Third_Party/FreeRTOS/Source/tasks.c **** 						{
 6068              		.loc 1 4249 25 is_stmt 0 view .LVU1704
 6069 0058 231D     		adds	r3, r4, #4
 6070 005a 1D46     		mov	r5, r3
4249:Middlewares/Third_Party/FreeRTOS/Source/tasks.c **** 						{
 6071              		.loc 1 4249 11 view .LVU1705
 6072 005c 1846     		mov	r0, r3
 6073              	.LVL425:
4249:Middlewares/Third_Party/FreeRTOS/Source/tasks.c **** 						{
 6074              		.loc 1 4249 11 view .LVU1706
 6075 005e FFF7FEFF 		bl	uxListRemove
 6076              	.LVL426:
4254:Middlewares/Third_Party/FreeRTOS/Source/tasks.c **** 						}
 6077              		.loc 1 4254 73 is_stmt 1 view .LVU1707
4258:Middlewares/Third_Party/FreeRTOS/Source/tasks.c **** 						}
ARM GAS  C:\Users\jason\AppData\Local\Temp\ccaXxPCU.s 			page 231


 6078              		.loc 1 4258 32 view .LVU1708
4261:Middlewares/Third_Party/FreeRTOS/Source/tasks.c **** 					}
 6079              		.loc 1 4261 7 view .LVU1709
4261:Middlewares/Third_Party/FreeRTOS/Source/tasks.c **** 					}
 6080              		.loc 1 4261 7 view .LVU1710
 6081 0062 E06A     		ldr	r0, [r4, #44]
 6082 0064 0E4B     		ldr	r3, .L507+8
 6083 0066 1B68     		ldr	r3, [r3]
 6084 0068 9842     		cmp	r0, r3
 6085 006a 01D9     		bls	.L500
4261:Middlewares/Third_Party/FreeRTOS/Source/tasks.c **** 					}
 6086              		.loc 1 4261 7 discriminator 1 view .LVU1711
 6087 006c 0C4B     		ldr	r3, .L507+8
 6088 006e 1860     		str	r0, [r3]
 6089              	.L500:
4261:Middlewares/Third_Party/FreeRTOS/Source/tasks.c **** 					}
 6090              		.loc 1 4261 7 discriminator 3 view .LVU1712
4261:Middlewares/Third_Party/FreeRTOS/Source/tasks.c **** 					}
 6091              		.loc 1 4261 7 discriminator 3 view .LVU1713
 6092 0070 00EB8000 		add	r0, r0, r0, lsl #2
 6093 0074 2946     		mov	r1, r5
 6094 0076 094B     		ldr	r3, .L507+4
 6095 0078 03EB8000 		add	r0, r3, r0, lsl #2
 6096 007c FFF7FEFF 		bl	vListInsertEnd
 6097              	.LVL427:
4261:Middlewares/Third_Party/FreeRTOS/Source/tasks.c **** 					}
 6098              		.loc 1 4261 37 discriminator 4 view .LVU1714
4280:Middlewares/Third_Party/FreeRTOS/Source/tasks.c **** 		}
 6099              		.loc 1 4280 28 view .LVU1715
4282:Middlewares/Third_Party/FreeRTOS/Source/tasks.c **** 
 6100              		.loc 1 4282 2 is_stmt 0 view .LVU1716
 6101 0080 D6E7     		b	.L492
 6102              	.LVL428:
 6103              	.L506:
4221:Middlewares/Third_Party/FreeRTOS/Source/tasks.c **** 
 6104              		.loc 1 4221 6 is_stmt 1 discriminator 1 view .LVU1717
 6105              	.LBB230:
 6106              	.LBI230:
 191:Middlewares/Third_Party/FreeRTOS/Source/portable/GCC/ARM_CM4F/portmacro.h **** {
 6107              		.loc 2 191 30 view .LVU1718
 6108              	.LBB231:
 193:Middlewares/Third_Party/FreeRTOS/Source/portable/GCC/ARM_CM4F/portmacro.h **** 
 6109              		.loc 2 193 1 view .LVU1719
 195:Middlewares/Third_Party/FreeRTOS/Source/portable/GCC/ARM_CM4F/portmacro.h **** 	(
 6110              		.loc 2 195 2 view .LVU1720
 6111              		.syntax unified
 6112              	@ 195 "Middlewares/Third_Party/FreeRTOS/Source/portable/GCC/ARM_CM4F/portmacro.h" 1
 6113 0082 4FF05003 			mov r3, #80												
 6114 0086 83F31188 		msr basepri, r3											
 6115 008a BFF36F8F 		isb														
 6116 008e BFF34F8F 		dsb														
 6117              	
 6118              	@ 0 "" 2
 6119              		.thumb
 6120              		.syntax unified
 6121              	.L498:
 6122              	.LBE231:
ARM GAS  C:\Users\jason\AppData\Local\Temp\ccaXxPCU.s 			page 232


 6123              	.LBE230:
4221:Middlewares/Third_Party/FreeRTOS/Source/tasks.c **** 
 6124              		.loc 1 4221 6 view .LVU1721
 6125 0092 FEE7     		b	.L498
 6126              	.LVL429:
 6127              	.L502:
 6128              		.cfi_def_cfa_offset 0
 6129              		.cfi_restore 3
 6130              		.cfi_restore 4
 6131              		.cfi_restore 5
 6132              		.cfi_restore 14
4221:Middlewares/Third_Party/FreeRTOS/Source/tasks.c **** 
 6133              		.loc 1 4221 6 is_stmt 0 view .LVU1722
 6134 0094 7047     		bx	lr
 6135              	.L508:
 6136 0096 00BF     		.align	2
 6137              	.L507:
 6138 0098 00000000 		.word	pxCurrentTCB
 6139 009c 00000000 		.word	pxReadyTasksLists
 6140 00a0 00000000 		.word	uxTopReadyPriority
 6141              		.cfi_endproc
 6142              	.LFE55:
 6144              		.section	.text.uxTaskResetEventItemValue,"ax",%progbits
 6145              		.align	1
 6146              		.global	uxTaskResetEventItemValue
 6147              		.syntax unified
 6148              		.thumb
 6149              		.thumb_func
 6151              	uxTaskResetEventItemValue:
 6152              	.LFB56:
4603:Middlewares/Third_Party/FreeRTOS/Source/tasks.c **** TickType_t uxReturn;
 6153              		.loc 1 4603 1 is_stmt 1 view -0
 6154              		.cfi_startproc
 6155              		@ args = 0, pretend = 0, frame = 0
 6156              		@ frame_needed = 0, uses_anonymous_args = 0
 6157              		@ link register save eliminated.
4604:Middlewares/Third_Party/FreeRTOS/Source/tasks.c **** 
 6158              		.loc 1 4604 1 view .LVU1724
4606:Middlewares/Third_Party/FreeRTOS/Source/tasks.c **** 
 6159              		.loc 1 4606 2 view .LVU1725
4606:Middlewares/Third_Party/FreeRTOS/Source/tasks.c **** 
 6160              		.loc 1 4606 13 is_stmt 0 view .LVU1726
 6161 0000 044A     		ldr	r2, .L510
 6162 0002 1368     		ldr	r3, [r2]
4606:Middlewares/Third_Party/FreeRTOS/Source/tasks.c **** 
 6163              		.loc 1 4606 11 view .LVU1727
 6164 0004 9869     		ldr	r0, [r3, #24]
 6165              	.LVL430:
4610:Middlewares/Third_Party/FreeRTOS/Source/tasks.c **** 
 6166              		.loc 1 4610 2 is_stmt 1 view .LVU1728
 6167 0006 1368     		ldr	r3, [r2]
 6168 0008 DB6A     		ldr	r3, [r3, #44]
 6169 000a 1268     		ldr	r2, [r2]
 6170 000c C3F13803 		rsb	r3, r3, #56
 6171 0010 9361     		str	r3, [r2, #24]
4612:Middlewares/Third_Party/FreeRTOS/Source/tasks.c **** }
 6172              		.loc 1 4612 2 view .LVU1729
ARM GAS  C:\Users\jason\AppData\Local\Temp\ccaXxPCU.s 			page 233


4613:Middlewares/Third_Party/FreeRTOS/Source/tasks.c **** /*-----------------------------------------------------------*/
 6173              		.loc 1 4613 1 is_stmt 0 view .LVU1730
 6174 0012 7047     		bx	lr
 6175              	.L511:
 6176              		.align	2
 6177              	.L510:
 6178 0014 00000000 		.word	pxCurrentTCB
 6179              		.cfi_endproc
 6180              	.LFE56:
 6182              		.section	.text.pvTaskIncrementMutexHeldCount,"ax",%progbits
 6183              		.align	1
 6184              		.global	pvTaskIncrementMutexHeldCount
 6185              		.syntax unified
 6186              		.thumb
 6187              		.thumb_func
 6189              	pvTaskIncrementMutexHeldCount:
 6190              	.LFB57:
4619:Middlewares/Third_Party/FreeRTOS/Source/tasks.c **** 		/* If xSemaphoreCreateMutex() is called before any tasks have been created
 6191              		.loc 1 4619 2 is_stmt 1 view -0
 6192              		.cfi_startproc
 6193              		@ args = 0, pretend = 0, frame = 0
 6194              		@ frame_needed = 0, uses_anonymous_args = 0
 6195              		@ link register save eliminated.
4622:Middlewares/Third_Party/FreeRTOS/Source/tasks.c **** 		{
 6196              		.loc 1 4622 3 view .LVU1732
4622:Middlewares/Third_Party/FreeRTOS/Source/tasks.c **** 		{
 6197              		.loc 1 4622 20 is_stmt 0 view .LVU1733
 6198 0000 054B     		ldr	r3, .L514
 6199 0002 1B68     		ldr	r3, [r3]
4622:Middlewares/Third_Party/FreeRTOS/Source/tasks.c **** 		{
 6200              		.loc 1 4622 5 view .LVU1734
 6201 0004 23B1     		cbz	r3, .L513
4624:Middlewares/Third_Party/FreeRTOS/Source/tasks.c **** 		}
 6202              		.loc 1 4624 4 is_stmt 1 view .LVU1735
4624:Middlewares/Third_Party/FreeRTOS/Source/tasks.c **** 		}
 6203              		.loc 1 4624 18 is_stmt 0 view .LVU1736
 6204 0006 044B     		ldr	r3, .L514
 6205 0008 1A68     		ldr	r2, [r3]
 6206 000a 136D     		ldr	r3, [r2, #80]
4624:Middlewares/Third_Party/FreeRTOS/Source/tasks.c **** 		}
 6207              		.loc 1 4624 35 view .LVU1737
 6208 000c 0133     		adds	r3, r3, #1
 6209 000e 1365     		str	r3, [r2, #80]
 6210              	.L513:
4627:Middlewares/Third_Party/FreeRTOS/Source/tasks.c **** 	}
 6211              		.loc 1 4627 3 is_stmt 1 view .LVU1738
4627:Middlewares/Third_Party/FreeRTOS/Source/tasks.c **** 	}
 6212              		.loc 1 4627 10 is_stmt 0 view .LVU1739
 6213 0010 014B     		ldr	r3, .L514
 6214 0012 1868     		ldr	r0, [r3]
4628:Middlewares/Third_Party/FreeRTOS/Source/tasks.c **** 
 6215              		.loc 1 4628 2 view .LVU1740
 6216 0014 7047     		bx	lr
 6217              	.L515:
 6218 0016 00BF     		.align	2
 6219              	.L514:
 6220 0018 00000000 		.word	pxCurrentTCB
ARM GAS  C:\Users\jason\AppData\Local\Temp\ccaXxPCU.s 			page 234


 6221              		.cfi_endproc
 6222              	.LFE57:
 6224              		.section	.text.ulTaskNotifyTake,"ax",%progbits
 6225              		.align	1
 6226              		.global	ulTaskNotifyTake
 6227              		.syntax unified
 6228              		.thumb
 6229              		.thumb_func
 6231              	ulTaskNotifyTake:
 6232              	.LVL431:
 6233              	.LFB58:
4636:Middlewares/Third_Party/FreeRTOS/Source/tasks.c **** 	uint32_t ulReturn;
 6234              		.loc 1 4636 2 is_stmt 1 view -0
 6235              		.cfi_startproc
 6236              		@ args = 0, pretend = 0, frame = 0
 6237              		@ frame_needed = 0, uses_anonymous_args = 0
4636:Middlewares/Third_Party/FreeRTOS/Source/tasks.c **** 	uint32_t ulReturn;
 6238              		.loc 1 4636 2 is_stmt 0 view .LVU1742
 6239 0000 38B5     		push	{r3, r4, r5, lr}
 6240              		.cfi_def_cfa_offset 16
 6241              		.cfi_offset 3, -16
 6242              		.cfi_offset 4, -12
 6243              		.cfi_offset 5, -8
 6244              		.cfi_offset 14, -4
 6245 0002 0546     		mov	r5, r0
 6246 0004 0C46     		mov	r4, r1
4637:Middlewares/Third_Party/FreeRTOS/Source/tasks.c **** 
 6247              		.loc 1 4637 2 is_stmt 1 view .LVU1743
4639:Middlewares/Third_Party/FreeRTOS/Source/tasks.c **** 		{
 6248              		.loc 1 4639 3 view .LVU1744
 6249 0006 FFF7FEFF 		bl	vPortEnterCritical
 6250              	.LVL432:
4642:Middlewares/Third_Party/FreeRTOS/Source/tasks.c **** 			{
 6251              		.loc 1 4642 4 view .LVU1745
4642:Middlewares/Third_Party/FreeRTOS/Source/tasks.c **** 			{
 6252              		.loc 1 4642 20 is_stmt 0 view .LVU1746
 6253 000a 1A4B     		ldr	r3, .L522
 6254 000c 1B68     		ldr	r3, [r3]
 6255 000e 5B6D     		ldr	r3, [r3, #84]
4642:Middlewares/Third_Party/FreeRTOS/Source/tasks.c **** 			{
 6256              		.loc 1 4642 6 view .LVU1747
 6257 0010 2BB9     		cbnz	r3, .L517
4645:Middlewares/Third_Party/FreeRTOS/Source/tasks.c **** 
 6258              		.loc 1 4645 5 is_stmt 1 view .LVU1748
4645:Middlewares/Third_Party/FreeRTOS/Source/tasks.c **** 
 6259              		.loc 1 4645 17 is_stmt 0 view .LVU1749
 6260 0012 184B     		ldr	r3, .L522
 6261 0014 1B68     		ldr	r3, [r3]
4645:Middlewares/Third_Party/FreeRTOS/Source/tasks.c **** 
 6262              		.loc 1 4645 33 view .LVU1750
 6263 0016 0122     		movs	r2, #1
 6264 0018 83F85820 		strb	r2, [r3, #88]
4647:Middlewares/Third_Party/FreeRTOS/Source/tasks.c **** 				{
 6265              		.loc 1 4647 5 is_stmt 1 view .LVU1751
4647:Middlewares/Third_Party/FreeRTOS/Source/tasks.c **** 				{
 6266              		.loc 1 4647 7 is_stmt 0 view .LVU1752
 6267 001c ACB9     		cbnz	r4, .L521
ARM GAS  C:\Users\jason\AppData\Local\Temp\ccaXxPCU.s 			page 235


 6268              	.L517:
4665:Middlewares/Third_Party/FreeRTOS/Source/tasks.c **** 			}
 6269              		.loc 1 4665 29 is_stmt 1 view .LVU1753
4668:Middlewares/Third_Party/FreeRTOS/Source/tasks.c **** 
 6270              		.loc 1 4668 3 view .LVU1754
 6271 001e FFF7FEFF 		bl	vPortExitCritical
 6272              	.LVL433:
4670:Middlewares/Third_Party/FreeRTOS/Source/tasks.c **** 		{
 6273              		.loc 1 4670 3 view .LVU1755
 6274 0022 FFF7FEFF 		bl	vPortEnterCritical
 6275              	.LVL434:
4672:Middlewares/Third_Party/FreeRTOS/Source/tasks.c **** 			ulReturn = pxCurrentTCB->ulNotifiedValue;
 6276              		.loc 1 4672 27 view .LVU1756
4673:Middlewares/Third_Party/FreeRTOS/Source/tasks.c **** 
 6277              		.loc 1 4673 4 view .LVU1757
4673:Middlewares/Third_Party/FreeRTOS/Source/tasks.c **** 
 6278              		.loc 1 4673 27 is_stmt 0 view .LVU1758
 6279 0026 134B     		ldr	r3, .L522
 6280 0028 1B68     		ldr	r3, [r3]
4673:Middlewares/Third_Party/FreeRTOS/Source/tasks.c **** 
 6281              		.loc 1 4673 13 view .LVU1759
 6282 002a 5C6D     		ldr	r4, [r3, #84]
 6283              	.LVL435:
4675:Middlewares/Third_Party/FreeRTOS/Source/tasks.c **** 			{
 6284              		.loc 1 4675 4 is_stmt 1 view .LVU1760
4675:Middlewares/Third_Party/FreeRTOS/Source/tasks.c **** 			{
 6285              		.loc 1 4675 6 is_stmt 0 view .LVU1761
 6286 002c 24B1     		cbz	r4, .L518
4677:Middlewares/Third_Party/FreeRTOS/Source/tasks.c **** 				{
 6287              		.loc 1 4677 5 is_stmt 1 view .LVU1762
4677:Middlewares/Third_Party/FreeRTOS/Source/tasks.c **** 				{
 6288              		.loc 1 4677 7 is_stmt 0 view .LVU1763
 6289 002e DDB1     		cbz	r5, .L519
4679:Middlewares/Third_Party/FreeRTOS/Source/tasks.c **** 				}
 6290              		.loc 1 4679 6 is_stmt 1 view .LVU1764
4679:Middlewares/Third_Party/FreeRTOS/Source/tasks.c **** 				}
 6291              		.loc 1 4679 18 is_stmt 0 view .LVU1765
 6292 0030 104B     		ldr	r3, .L522
 6293 0032 1B68     		ldr	r3, [r3]
4679:Middlewares/Third_Party/FreeRTOS/Source/tasks.c **** 				}
 6294              		.loc 1 4679 36 view .LVU1766
 6295 0034 0022     		movs	r2, #0
 6296 0036 5A65     		str	r2, [r3, #84]
 6297              	.L518:
4688:Middlewares/Third_Party/FreeRTOS/Source/tasks.c **** 			}
 6298              		.loc 1 4688 29 is_stmt 1 view .LVU1767
4691:Middlewares/Third_Party/FreeRTOS/Source/tasks.c **** 		}
 6299              		.loc 1 4691 4 view .LVU1768
4691:Middlewares/Third_Party/FreeRTOS/Source/tasks.c **** 		}
 6300              		.loc 1 4691 16 is_stmt 0 view .LVU1769
 6301 0038 0E4B     		ldr	r3, .L522
 6302 003a 1B68     		ldr	r3, [r3]
4691:Middlewares/Third_Party/FreeRTOS/Source/tasks.c **** 		}
 6303              		.loc 1 4691 32 view .LVU1770
 6304 003c 0022     		movs	r2, #0
 6305 003e 83F85820 		strb	r2, [r3, #88]
4693:Middlewares/Third_Party/FreeRTOS/Source/tasks.c **** 
ARM GAS  C:\Users\jason\AppData\Local\Temp\ccaXxPCU.s 			page 236


 6306              		.loc 1 4693 3 is_stmt 1 view .LVU1771
 6307 0042 FFF7FEFF 		bl	vPortExitCritical
 6308              	.LVL436:
4695:Middlewares/Third_Party/FreeRTOS/Source/tasks.c **** 	}
 6309              		.loc 1 4695 3 view .LVU1772
4696:Middlewares/Third_Party/FreeRTOS/Source/tasks.c **** 
 6310              		.loc 1 4696 2 is_stmt 0 view .LVU1773
 6311 0046 2046     		mov	r0, r4
 6312 0048 38BD     		pop	{r3, r4, r5, pc}
 6313              	.LVL437:
 6314              	.L521:
4649:Middlewares/Third_Party/FreeRTOS/Source/tasks.c **** 					traceTASK_NOTIFY_TAKE_BLOCK();
 6315              		.loc 1 4649 6 is_stmt 1 view .LVU1774
 6316 004a 1146     		mov	r1, r2
 6317 004c 2046     		mov	r0, r4
 6318 004e FFF7FEFF 		bl	prvAddCurrentTaskToDelayedList
 6319              	.LVL438:
4650:Middlewares/Third_Party/FreeRTOS/Source/tasks.c **** 
 6320              		.loc 1 4650 35 view .LVU1775
4656:Middlewares/Third_Party/FreeRTOS/Source/tasks.c **** 				}
 6321              		.loc 1 4656 6 view .LVU1776
 6322 0052 4FF0E023 		mov	r3, #-536813568
 6323 0056 4FF08052 		mov	r2, #268435456
 6324 005a C3F8042D 		str	r2, [r3, #3332]
4656:Middlewares/Third_Party/FreeRTOS/Source/tasks.c **** 				}
 6325              		.loc 1 4656 6 view .LVU1777
 6326              		.syntax unified
 6327              	@ 4656 "Middlewares/Third_Party/FreeRTOS/Source/tasks.c" 1
 6328 005e BFF34F8F 		dsb
 6329              	@ 0 "" 2
4656:Middlewares/Third_Party/FreeRTOS/Source/tasks.c **** 				}
 6330              		.loc 1 4656 6 view .LVU1778
 6331              	@ 4656 "Middlewares/Third_Party/FreeRTOS/Source/tasks.c" 1
 6332 0062 BFF36F8F 		isb
 6333              	@ 0 "" 2
4656:Middlewares/Third_Party/FreeRTOS/Source/tasks.c **** 				}
 6334              		.loc 1 4656 28 view .LVU1779
 6335              		.thumb
 6336              		.syntax unified
 6337 0066 DAE7     		b	.L517
 6338              	.LVL439:
 6339              	.L519:
4683:Middlewares/Third_Party/FreeRTOS/Source/tasks.c **** 				}
 6340              		.loc 1 4683 6 view .LVU1780
4683:Middlewares/Third_Party/FreeRTOS/Source/tasks.c **** 				}
 6341              		.loc 1 4683 18 is_stmt 0 view .LVU1781
 6342 0068 024B     		ldr	r3, .L522
 6343 006a 1B68     		ldr	r3, [r3]
4683:Middlewares/Third_Party/FreeRTOS/Source/tasks.c **** 				}
 6344              		.loc 1 4683 47 view .LVU1782
 6345 006c 621E     		subs	r2, r4, #1
4683:Middlewares/Third_Party/FreeRTOS/Source/tasks.c **** 				}
 6346              		.loc 1 4683 36 view .LVU1783
 6347 006e 5A65     		str	r2, [r3, #84]
 6348 0070 E2E7     		b	.L518
 6349              	.L523:
 6350 0072 00BF     		.align	2
ARM GAS  C:\Users\jason\AppData\Local\Temp\ccaXxPCU.s 			page 237


 6351              	.L522:
 6352 0074 00000000 		.word	pxCurrentTCB
 6353              		.cfi_endproc
 6354              	.LFE58:
 6356              		.section	.text.xTaskNotifyWait,"ax",%progbits
 6357              		.align	1
 6358              		.global	xTaskNotifyWait
 6359              		.syntax unified
 6360              		.thumb
 6361              		.thumb_func
 6363              	xTaskNotifyWait:
 6364              	.LVL440:
 6365              	.LFB59:
4704:Middlewares/Third_Party/FreeRTOS/Source/tasks.c **** 	BaseType_t xReturn;
 6366              		.loc 1 4704 2 is_stmt 1 view -0
 6367              		.cfi_startproc
 6368              		@ args = 0, pretend = 0, frame = 0
 6369              		@ frame_needed = 0, uses_anonymous_args = 0
4704:Middlewares/Third_Party/FreeRTOS/Source/tasks.c **** 	BaseType_t xReturn;
 6370              		.loc 1 4704 2 is_stmt 0 view .LVU1785
 6371 0000 F8B5     		push	{r3, r4, r5, r6, r7, lr}
 6372              		.cfi_def_cfa_offset 24
 6373              		.cfi_offset 3, -24
 6374              		.cfi_offset 4, -20
 6375              		.cfi_offset 5, -16
 6376              		.cfi_offset 6, -12
 6377              		.cfi_offset 7, -8
 6378              		.cfi_offset 14, -4
 6379 0002 0546     		mov	r5, r0
 6380 0004 0F46     		mov	r7, r1
 6381 0006 1646     		mov	r6, r2
 6382 0008 1C46     		mov	r4, r3
4705:Middlewares/Third_Party/FreeRTOS/Source/tasks.c **** 
 6383              		.loc 1 4705 2 is_stmt 1 view .LVU1786
4707:Middlewares/Third_Party/FreeRTOS/Source/tasks.c **** 		{
 6384              		.loc 1 4707 3 view .LVU1787
 6385 000a FFF7FEFF 		bl	vPortEnterCritical
 6386              	.LVL441:
4710:Middlewares/Third_Party/FreeRTOS/Source/tasks.c **** 			{
 6387              		.loc 1 4710 4 view .LVU1788
4710:Middlewares/Third_Party/FreeRTOS/Source/tasks.c **** 			{
 6388              		.loc 1 4710 20 is_stmt 0 view .LVU1789
 6389 000e 214B     		ldr	r3, .L532
 6390 0010 1B68     		ldr	r3, [r3]
 6391 0012 93F85830 		ldrb	r3, [r3, #88]	@ zero_extendqisi2
4710:Middlewares/Third_Party/FreeRTOS/Source/tasks.c **** 			{
 6392              		.loc 1 4710 6 view .LVU1790
 6393 0016 022B     		cmp	r3, #2
 6394 0018 0AD0     		beq	.L525
4715:Middlewares/Third_Party/FreeRTOS/Source/tasks.c **** 
 6395              		.loc 1 4715 5 is_stmt 1 view .LVU1791
4715:Middlewares/Third_Party/FreeRTOS/Source/tasks.c **** 
 6396              		.loc 1 4715 17 is_stmt 0 view .LVU1792
 6397 001a 1E4A     		ldr	r2, .L532
 6398 001c 1168     		ldr	r1, [r2]
 6399 001e 4B6D     		ldr	r3, [r1, #84]
4715:Middlewares/Third_Party/FreeRTOS/Source/tasks.c **** 
ARM GAS  C:\Users\jason\AppData\Local\Temp\ccaXxPCU.s 			page 238


 6400              		.loc 1 4715 35 view .LVU1793
 6401 0020 23EA0503 		bic	r3, r3, r5
 6402 0024 4B65     		str	r3, [r1, #84]
4718:Middlewares/Third_Party/FreeRTOS/Source/tasks.c **** 
 6403              		.loc 1 4718 5 is_stmt 1 view .LVU1794
4718:Middlewares/Third_Party/FreeRTOS/Source/tasks.c **** 
 6404              		.loc 1 4718 17 is_stmt 0 view .LVU1795
 6405 0026 1368     		ldr	r3, [r2]
4718:Middlewares/Third_Party/FreeRTOS/Source/tasks.c **** 
 6406              		.loc 1 4718 33 view .LVU1796
 6407 0028 0122     		movs	r2, #1
 6408 002a 83F85820 		strb	r2, [r3, #88]
4720:Middlewares/Third_Party/FreeRTOS/Source/tasks.c **** 				{
 6409              		.loc 1 4720 5 is_stmt 1 view .LVU1797
4720:Middlewares/Third_Party/FreeRTOS/Source/tasks.c **** 				{
 6410              		.loc 1 4720 7 is_stmt 0 view .LVU1798
 6411 002e CCB9     		cbnz	r4, .L530
 6412              	.L525:
4738:Middlewares/Third_Party/FreeRTOS/Source/tasks.c **** 			}
 6413              		.loc 1 4738 29 is_stmt 1 view .LVU1799
4741:Middlewares/Third_Party/FreeRTOS/Source/tasks.c **** 
 6414              		.loc 1 4741 3 view .LVU1800
 6415 0030 FFF7FEFF 		bl	vPortExitCritical
 6416              	.LVL442:
4743:Middlewares/Third_Party/FreeRTOS/Source/tasks.c **** 		{
 6417              		.loc 1 4743 3 view .LVU1801
 6418 0034 FFF7FEFF 		bl	vPortEnterCritical
 6419              	.LVL443:
4745:Middlewares/Third_Party/FreeRTOS/Source/tasks.c **** 
 6420              		.loc 1 4745 27 view .LVU1802
4747:Middlewares/Third_Party/FreeRTOS/Source/tasks.c **** 			{
 6421              		.loc 1 4747 4 view .LVU1803
4747:Middlewares/Third_Party/FreeRTOS/Source/tasks.c **** 			{
 6422              		.loc 1 4747 6 is_stmt 0 view .LVU1804
 6423 0038 1EB1     		cbz	r6, .L526
4751:Middlewares/Third_Party/FreeRTOS/Source/tasks.c **** 			}
 6424              		.loc 1 4751 5 is_stmt 1 view .LVU1805
4751:Middlewares/Third_Party/FreeRTOS/Source/tasks.c **** 			}
 6425              		.loc 1 4751 41 is_stmt 0 view .LVU1806
 6426 003a 164B     		ldr	r3, .L532
 6427 003c 1B68     		ldr	r3, [r3]
 6428 003e 5B6D     		ldr	r3, [r3, #84]
4751:Middlewares/Third_Party/FreeRTOS/Source/tasks.c **** 			}
 6429              		.loc 1 4751 27 view .LVU1807
 6430 0040 3360     		str	r3, [r6]
 6431              	.L526:
4758:Middlewares/Third_Party/FreeRTOS/Source/tasks.c **** 			{
 6432              		.loc 1 4758 4 is_stmt 1 view .LVU1808
4758:Middlewares/Third_Party/FreeRTOS/Source/tasks.c **** 			{
 6433              		.loc 1 4758 20 is_stmt 0 view .LVU1809
 6434 0042 144B     		ldr	r3, .L532
 6435 0044 1B68     		ldr	r3, [r3]
 6436 0046 93F85830 		ldrb	r3, [r3, #88]	@ zero_extendqisi2
4758:Middlewares/Third_Party/FreeRTOS/Source/tasks.c **** 			{
 6437              		.loc 1 4758 6 view .LVU1810
 6438 004a 022B     		cmp	r3, #2
 6439 004c 19D0     		beq	.L531
ARM GAS  C:\Users\jason\AppData\Local\Temp\ccaXxPCU.s 			page 239


4761:Middlewares/Third_Party/FreeRTOS/Source/tasks.c **** 			}
 6440              		.loc 1 4761 13 view .LVU1811
 6441 004e 0023     		movs	r3, #0
 6442 0050 1C46     		mov	r4, r3
 6443              	.LVL444:
 6444              	.L527:
4771:Middlewares/Third_Party/FreeRTOS/Source/tasks.c **** 		}
 6445              		.loc 1 4771 4 is_stmt 1 view .LVU1812
4771:Middlewares/Third_Party/FreeRTOS/Source/tasks.c **** 		}
 6446              		.loc 1 4771 16 is_stmt 0 view .LVU1813
 6447 0052 104B     		ldr	r3, .L532
 6448 0054 1B68     		ldr	r3, [r3]
4771:Middlewares/Third_Party/FreeRTOS/Source/tasks.c **** 		}
 6449              		.loc 1 4771 32 view .LVU1814
 6450 0056 0022     		movs	r2, #0
 6451 0058 83F85820 		strb	r2, [r3, #88]
4773:Middlewares/Third_Party/FreeRTOS/Source/tasks.c **** 
 6452              		.loc 1 4773 3 is_stmt 1 view .LVU1815
 6453 005c FFF7FEFF 		bl	vPortExitCritical
 6454              	.LVL445:
4775:Middlewares/Third_Party/FreeRTOS/Source/tasks.c **** 	}
 6455              		.loc 1 4775 3 view .LVU1816
4776:Middlewares/Third_Party/FreeRTOS/Source/tasks.c **** 
 6456              		.loc 1 4776 2 is_stmt 0 view .LVU1817
 6457 0060 2046     		mov	r0, r4
 6458 0062 F8BD     		pop	{r3, r4, r5, r6, r7, pc}
 6459              	.LVL446:
 6460              	.L530:
4722:Middlewares/Third_Party/FreeRTOS/Source/tasks.c **** 					traceTASK_NOTIFY_WAIT_BLOCK();
 6461              		.loc 1 4722 6 is_stmt 1 view .LVU1818
 6462 0064 1146     		mov	r1, r2
 6463 0066 2046     		mov	r0, r4
 6464 0068 FFF7FEFF 		bl	prvAddCurrentTaskToDelayedList
 6465              	.LVL447:
4723:Middlewares/Third_Party/FreeRTOS/Source/tasks.c **** 
 6466              		.loc 1 4723 35 view .LVU1819
4729:Middlewares/Third_Party/FreeRTOS/Source/tasks.c **** 				}
 6467              		.loc 1 4729 6 view .LVU1820
 6468 006c 4FF0E023 		mov	r3, #-536813568
 6469 0070 4FF08052 		mov	r2, #268435456
 6470 0074 C3F8042D 		str	r2, [r3, #3332]
4729:Middlewares/Third_Party/FreeRTOS/Source/tasks.c **** 				}
 6471              		.loc 1 4729 6 view .LVU1821
 6472              		.syntax unified
 6473              	@ 4729 "Middlewares/Third_Party/FreeRTOS/Source/tasks.c" 1
 6474 0078 BFF34F8F 		dsb
 6475              	@ 0 "" 2
4729:Middlewares/Third_Party/FreeRTOS/Source/tasks.c **** 				}
 6476              		.loc 1 4729 6 view .LVU1822
 6477              	@ 4729 "Middlewares/Third_Party/FreeRTOS/Source/tasks.c" 1
 6478 007c BFF36F8F 		isb
 6479              	@ 0 "" 2
4729:Middlewares/Third_Party/FreeRTOS/Source/tasks.c **** 				}
 6480              		.loc 1 4729 28 view .LVU1823
 6481              		.thumb
 6482              		.syntax unified
 6483 0080 D6E7     		b	.L525
ARM GAS  C:\Users\jason\AppData\Local\Temp\ccaXxPCU.s 			page 240


 6484              	.L531:
4767:Middlewares/Third_Party/FreeRTOS/Source/tasks.c **** 				xReturn = pdTRUE;
 6485              		.loc 1 4767 5 view .LVU1824
4767:Middlewares/Third_Party/FreeRTOS/Source/tasks.c **** 				xReturn = pdTRUE;
 6486              		.loc 1 4767 17 is_stmt 0 view .LVU1825
 6487 0082 044B     		ldr	r3, .L532
 6488 0084 1A68     		ldr	r2, [r3]
 6489 0086 536D     		ldr	r3, [r2, #84]
4767:Middlewares/Third_Party/FreeRTOS/Source/tasks.c **** 				xReturn = pdTRUE;
 6490              		.loc 1 4767 35 view .LVU1826
 6491 0088 23EA0703 		bic	r3, r3, r7
 6492 008c 5365     		str	r3, [r2, #84]
4768:Middlewares/Third_Party/FreeRTOS/Source/tasks.c **** 			}
 6493              		.loc 1 4768 5 is_stmt 1 view .LVU1827
 6494              	.LVL448:
4768:Middlewares/Third_Party/FreeRTOS/Source/tasks.c **** 			}
 6495              		.loc 1 4768 13 is_stmt 0 view .LVU1828
 6496 008e 0123     		movs	r3, #1
 6497 0090 1C46     		mov	r4, r3
 6498              	.LVL449:
4768:Middlewares/Third_Party/FreeRTOS/Source/tasks.c **** 			}
 6499              		.loc 1 4768 13 view .LVU1829
 6500 0092 DEE7     		b	.L527
 6501              	.L533:
 6502              		.align	2
 6503              	.L532:
 6504 0094 00000000 		.word	pxCurrentTCB
 6505              		.cfi_endproc
 6506              	.LFE59:
 6508              		.section	.text.xTaskGenericNotify,"ax",%progbits
 6509              		.align	1
 6510              		.global	xTaskGenericNotify
 6511              		.syntax unified
 6512              		.thumb
 6513              		.thumb_func
 6515              	xTaskGenericNotify:
 6516              	.LVL450:
 6517              	.LFB60:
4784:Middlewares/Third_Party/FreeRTOS/Source/tasks.c **** 	TCB_t * pxTCB;
 6518              		.loc 1 4784 2 is_stmt 1 view -0
 6519              		.cfi_startproc
 6520              		@ args = 0, pretend = 0, frame = 0
 6521              		@ frame_needed = 0, uses_anonymous_args = 0
4784:Middlewares/Third_Party/FreeRTOS/Source/tasks.c **** 	TCB_t * pxTCB;
 6522              		.loc 1 4784 2 is_stmt 0 view .LVU1831
 6523 0000 F8B5     		push	{r3, r4, r5, r6, r7, lr}
 6524              		.cfi_def_cfa_offset 24
 6525              		.cfi_offset 3, -24
 6526              		.cfi_offset 4, -20
 6527              		.cfi_offset 5, -16
 6528              		.cfi_offset 6, -12
 6529              		.cfi_offset 7, -8
 6530              		.cfi_offset 14, -4
4785:Middlewares/Third_Party/FreeRTOS/Source/tasks.c **** 	BaseType_t xReturn = pdPASS;
 6531              		.loc 1 4785 2 is_stmt 1 view .LVU1832
4786:Middlewares/Third_Party/FreeRTOS/Source/tasks.c **** 	uint8_t ucOriginalNotifyState;
 6532              		.loc 1 4786 2 view .LVU1833
ARM GAS  C:\Users\jason\AppData\Local\Temp\ccaXxPCU.s 			page 241


 6533              	.LVL451:
4787:Middlewares/Third_Party/FreeRTOS/Source/tasks.c **** 
 6534              		.loc 1 4787 2 view .LVU1834
4789:Middlewares/Third_Party/FreeRTOS/Source/tasks.c **** 		pxTCB = xTaskToNotify;
 6535              		.loc 1 4789 3 view .LVU1835
 6536 0002 F0B1     		cbz	r0, .L554
 6537 0004 0F46     		mov	r7, r1
 6538 0006 1446     		mov	r4, r2
 6539 0008 1E46     		mov	r6, r3
 6540 000a 0546     		mov	r5, r0
4789:Middlewares/Third_Party/FreeRTOS/Source/tasks.c **** 		pxTCB = xTaskToNotify;
 6541              		.loc 1 4789 32 view .LVU1836
4790:Middlewares/Third_Party/FreeRTOS/Source/tasks.c **** 
 6542              		.loc 1 4790 3 view .LVU1837
 6543              	.LVL452:
4792:Middlewares/Third_Party/FreeRTOS/Source/tasks.c **** 		{
 6544              		.loc 1 4792 3 view .LVU1838
 6545 000c FFF7FEFF 		bl	vPortEnterCritical
 6546              	.LVL453:
4794:Middlewares/Third_Party/FreeRTOS/Source/tasks.c **** 			{
 6547              		.loc 1 4794 4 view .LVU1839
4794:Middlewares/Third_Party/FreeRTOS/Source/tasks.c **** 			{
 6548              		.loc 1 4794 6 is_stmt 0 view .LVU1840
 6549 0010 0EB1     		cbz	r6, .L537
4796:Middlewares/Third_Party/FreeRTOS/Source/tasks.c **** 			}
 6550              		.loc 1 4796 5 is_stmt 1 view .LVU1841
4796:Middlewares/Third_Party/FreeRTOS/Source/tasks.c **** 			}
 6551              		.loc 1 4796 42 is_stmt 0 view .LVU1842
 6552 0012 6B6D     		ldr	r3, [r5, #84]
4796:Middlewares/Third_Party/FreeRTOS/Source/tasks.c **** 			}
 6553              		.loc 1 4796 35 view .LVU1843
 6554 0014 3360     		str	r3, [r6]
 6555              	.L537:
4799:Middlewares/Third_Party/FreeRTOS/Source/tasks.c **** 
 6556              		.loc 1 4799 4 is_stmt 1 view .LVU1844
4799:Middlewares/Third_Party/FreeRTOS/Source/tasks.c **** 
 6557              		.loc 1 4799 26 is_stmt 0 view .LVU1845
 6558 0016 95F85830 		ldrb	r3, [r5, #88]	@ zero_extendqisi2
 6559 001a DBB2     		uxtb	r3, r3
 6560              	.LVL454:
4801:Middlewares/Third_Party/FreeRTOS/Source/tasks.c **** 
 6561              		.loc 1 4801 4 is_stmt 1 view .LVU1846
4801:Middlewares/Third_Party/FreeRTOS/Source/tasks.c **** 
 6562              		.loc 1 4801 25 is_stmt 0 view .LVU1847
 6563 001c 0222     		movs	r2, #2
 6564 001e 85F85820 		strb	r2, [r5, #88]
4803:Middlewares/Third_Party/FreeRTOS/Source/tasks.c **** 			{
 6565              		.loc 1 4803 4 is_stmt 1 view .LVU1848
 6566 0022 9442     		cmp	r4, r2
 6567 0024 1ED0     		beq	.L538
 6568 0026 15D8     		bhi	.L539
 6569 0028 24B1     		cbz	r4, .L540
 6570 002a 012C     		cmp	r4, #1
 6571 002c 20D1     		bne	.L542
4806:Middlewares/Third_Party/FreeRTOS/Source/tasks.c **** 					break;
 6572              		.loc 1 4806 6 view .LVU1849
4806:Middlewares/Third_Party/FreeRTOS/Source/tasks.c **** 					break;
ARM GAS  C:\Users\jason\AppData\Local\Temp\ccaXxPCU.s 			page 242


 6573              		.loc 1 4806 11 is_stmt 0 view .LVU1850
 6574 002e 6A6D     		ldr	r2, [r5, #84]
4806:Middlewares/Third_Party/FreeRTOS/Source/tasks.c **** 					break;
 6575              		.loc 1 4806 29 view .LVU1851
 6576 0030 3A43     		orrs	r2, r2, r7
 6577 0032 6A65     		str	r2, [r5, #84]
4807:Middlewares/Third_Party/FreeRTOS/Source/tasks.c **** 
 6578              		.loc 1 4807 6 is_stmt 1 view .LVU1852
 6579              	.L540:
4843:Middlewares/Third_Party/FreeRTOS/Source/tasks.c **** 
 6580              		.loc 1 4843 22 view .LVU1853
4847:Middlewares/Third_Party/FreeRTOS/Source/tasks.c **** 			{
 6581              		.loc 1 4847 4 view .LVU1854
4847:Middlewares/Third_Party/FreeRTOS/Source/tasks.c **** 			{
 6582              		.loc 1 4847 6 is_stmt 0 view .LVU1855
 6583 0034 012B     		cmp	r3, #1
 6584 0036 28D0     		beq	.L555
 6585 0038 0124     		movs	r4, #1
 6586              	.LVL455:
 6587              	.L545:
4884:Middlewares/Third_Party/FreeRTOS/Source/tasks.c **** 			}
 6588              		.loc 1 4884 29 is_stmt 1 view .LVU1856
4887:Middlewares/Third_Party/FreeRTOS/Source/tasks.c **** 
 6589              		.loc 1 4887 3 view .LVU1857
 6590 003a FFF7FEFF 		bl	vPortExitCritical
 6591              	.LVL456:
4889:Middlewares/Third_Party/FreeRTOS/Source/tasks.c **** 	}
 6592              		.loc 1 4889 3 view .LVU1858
4890:Middlewares/Third_Party/FreeRTOS/Source/tasks.c **** 
 6593              		.loc 1 4890 2 is_stmt 0 view .LVU1859
 6594 003e 2046     		mov	r0, r4
 6595 0040 F8BD     		pop	{r3, r4, r5, r6, r7, pc}
 6596              	.LVL457:
 6597              	.L554:
4789:Middlewares/Third_Party/FreeRTOS/Source/tasks.c **** 		pxTCB = xTaskToNotify;
 6598              		.loc 1 4789 3 is_stmt 1 discriminator 1 view .LVU1860
 6599              	.LBB232:
 6600              	.LBI232:
 191:Middlewares/Third_Party/FreeRTOS/Source/portable/GCC/ARM_CM4F/portmacro.h **** {
 6601              		.loc 2 191 30 view .LVU1861
 6602              	.LBB233:
 193:Middlewares/Third_Party/FreeRTOS/Source/portable/GCC/ARM_CM4F/portmacro.h **** 
 6603              		.loc 2 193 1 view .LVU1862
 195:Middlewares/Third_Party/FreeRTOS/Source/portable/GCC/ARM_CM4F/portmacro.h **** 	(
 6604              		.loc 2 195 2 view .LVU1863
 6605              		.syntax unified
 6606              	@ 195 "Middlewares/Third_Party/FreeRTOS/Source/portable/GCC/ARM_CM4F/portmacro.h" 1
 6607 0042 4FF05003 			mov r3, #80												
 6608 0046 83F31188 		msr basepri, r3											
 6609 004a BFF36F8F 		isb														
 6610 004e BFF34F8F 		dsb														
 6611              	
 6612              	@ 0 "" 2
 6613              	.LVL458:
 6614              		.thumb
 6615              		.syntax unified
 6616              	.L536:
ARM GAS  C:\Users\jason\AppData\Local\Temp\ccaXxPCU.s 			page 243


 195:Middlewares/Third_Party/FreeRTOS/Source/portable/GCC/ARM_CM4F/portmacro.h **** 	(
 6617              		.loc 2 195 2 is_stmt 0 view .LVU1864
 6618              	.LBE233:
 6619              	.LBE232:
4789:Middlewares/Third_Party/FreeRTOS/Source/tasks.c **** 		pxTCB = xTaskToNotify;
 6620              		.loc 1 4789 3 is_stmt 1 view .LVU1865
 6621 0052 FEE7     		b	.L536
 6622              	.LVL459:
 6623              	.L539:
4803:Middlewares/Third_Party/FreeRTOS/Source/tasks.c **** 			{
 6624              		.loc 1 4803 4 is_stmt 0 view .LVU1866
 6625 0054 032C     		cmp	r4, #3
 6626 0056 09D0     		beq	.L543
 6627 0058 042C     		cmp	r4, #4
 6628 005a 09D1     		bne	.L542
4818:Middlewares/Third_Party/FreeRTOS/Source/tasks.c **** 					{
 6629              		.loc 1 4818 6 is_stmt 1 view .LVU1867
4818:Middlewares/Third_Party/FreeRTOS/Source/tasks.c **** 					{
 6630              		.loc 1 4818 8 is_stmt 0 view .LVU1868
 6631 005c 022B     		cmp	r3, #2
 6632 005e 44D0     		beq	.L550
4820:Middlewares/Third_Party/FreeRTOS/Source/tasks.c **** 					}
 6633              		.loc 1 4820 7 is_stmt 1 view .LVU1869
4820:Middlewares/Third_Party/FreeRTOS/Source/tasks.c **** 					}
 6634              		.loc 1 4820 30 is_stmt 0 view .LVU1870
 6635 0060 6F65     		str	r7, [r5, #84]
 6636 0062 E7E7     		b	.L540
 6637              	.L538:
4810:Middlewares/Third_Party/FreeRTOS/Source/tasks.c **** 					break;
 6638              		.loc 1 4810 6 is_stmt 1 view .LVU1871
4810:Middlewares/Third_Party/FreeRTOS/Source/tasks.c **** 					break;
 6639              		.loc 1 4810 13 is_stmt 0 view .LVU1872
 6640 0064 6A6D     		ldr	r2, [r5, #84]
4810:Middlewares/Third_Party/FreeRTOS/Source/tasks.c **** 					break;
 6641              		.loc 1 4810 32 view .LVU1873
 6642 0066 0132     		adds	r2, r2, #1
 6643 0068 6A65     		str	r2, [r5, #84]
4811:Middlewares/Third_Party/FreeRTOS/Source/tasks.c **** 
 6644              		.loc 1 4811 6 is_stmt 1 view .LVU1874
 6645 006a E3E7     		b	.L540
 6646              	.L543:
4814:Middlewares/Third_Party/FreeRTOS/Source/tasks.c **** 					break;
 6647              		.loc 1 4814 6 view .LVU1875
4814:Middlewares/Third_Party/FreeRTOS/Source/tasks.c **** 					break;
 6648              		.loc 1 4814 29 is_stmt 0 view .LVU1876
 6649 006c 6F65     		str	r7, [r5, #84]
4815:Middlewares/Third_Party/FreeRTOS/Source/tasks.c **** 
 6650              		.loc 1 4815 6 is_stmt 1 view .LVU1877
 6651 006e E1E7     		b	.L540
 6652              	.L542:
4838:Middlewares/Third_Party/FreeRTOS/Source/tasks.c **** 
 6653              		.loc 1 4838 6 view .LVU1878
 6654 0070 6A6D     		ldr	r2, [r5, #84]
 6655 0072 B2F1FF3F 		cmp	r2, #-1
 6656 0076 DDD0     		beq	.L540
4838:Middlewares/Third_Party/FreeRTOS/Source/tasks.c **** 
 6657              		.loc 1 4838 6 discriminator 1 view .LVU1879
ARM GAS  C:\Users\jason\AppData\Local\Temp\ccaXxPCU.s 			page 244


 6658              	.LBB234:
 6659              	.LBI234:
 191:Middlewares/Third_Party/FreeRTOS/Source/portable/GCC/ARM_CM4F/portmacro.h **** {
 6660              		.loc 2 191 30 view .LVU1880
 6661              	.LBB235:
 193:Middlewares/Third_Party/FreeRTOS/Source/portable/GCC/ARM_CM4F/portmacro.h **** 
 6662              		.loc 2 193 1 view .LVU1881
 195:Middlewares/Third_Party/FreeRTOS/Source/portable/GCC/ARM_CM4F/portmacro.h **** 	(
 6663              		.loc 2 195 2 view .LVU1882
 6664              		.syntax unified
 6665              	@ 195 "Middlewares/Third_Party/FreeRTOS/Source/portable/GCC/ARM_CM4F/portmacro.h" 1
 6666 0078 4FF05003 			mov r3, #80												
 6667 007c 83F31188 		msr basepri, r3											
 6668 0080 BFF36F8F 		isb														
 6669 0084 BFF34F8F 		dsb														
 6670              	
 6671              	@ 0 "" 2
 6672              	.LVL460:
 6673              		.thumb
 6674              		.syntax unified
 6675              	.L546:
 195:Middlewares/Third_Party/FreeRTOS/Source/portable/GCC/ARM_CM4F/portmacro.h **** 	(
 6676              		.loc 2 195 2 is_stmt 0 view .LVU1883
 6677              	.LBE235:
 6678              	.LBE234:
4838:Middlewares/Third_Party/FreeRTOS/Source/tasks.c **** 
 6679              		.loc 1 4838 6 is_stmt 1 view .LVU1884
 6680 0088 FEE7     		b	.L546
 6681              	.LVL461:
 6682              	.L555:
4849:Middlewares/Third_Party/FreeRTOS/Source/tasks.c **** 				prvAddTaskToReadyList( pxTCB );
 6683              		.loc 1 4849 5 view .LVU1885
4849:Middlewares/Third_Party/FreeRTOS/Source/tasks.c **** 				prvAddTaskToReadyList( pxTCB );
 6684              		.loc 1 4849 28 is_stmt 0 view .LVU1886
 6685 008a 2C1D     		adds	r4, r5, #4
 6686              	.LVL462:
4849:Middlewares/Third_Party/FreeRTOS/Source/tasks.c **** 				prvAddTaskToReadyList( pxTCB );
 6687              		.loc 1 4849 14 view .LVU1887
 6688 008c 2046     		mov	r0, r4
 6689 008e FFF7FEFF 		bl	uxListRemove
 6690              	.LVL463:
4850:Middlewares/Third_Party/FreeRTOS/Source/tasks.c **** 
 6691              		.loc 1 4850 5 is_stmt 1 view .LVU1888
4850:Middlewares/Third_Party/FreeRTOS/Source/tasks.c **** 
 6692              		.loc 1 4850 5 view .LVU1889
 6693 0092 E86A     		ldr	r0, [r5, #44]
 6694 0094 174B     		ldr	r3, .L556
 6695 0096 1B68     		ldr	r3, [r3]
 6696 0098 9842     		cmp	r0, r3
 6697 009a 01D9     		bls	.L547
4850:Middlewares/Third_Party/FreeRTOS/Source/tasks.c **** 
 6698              		.loc 1 4850 5 discriminator 1 view .LVU1890
 6699 009c 154B     		ldr	r3, .L556
 6700 009e 1860     		str	r0, [r3]
 6701              	.L547:
4850:Middlewares/Third_Party/FreeRTOS/Source/tasks.c **** 
 6702              		.loc 1 4850 5 discriminator 3 view .LVU1891
ARM GAS  C:\Users\jason\AppData\Local\Temp\ccaXxPCU.s 			page 245


4850:Middlewares/Third_Party/FreeRTOS/Source/tasks.c **** 
 6703              		.loc 1 4850 5 discriminator 3 view .LVU1892
 6704 00a0 00EB8000 		add	r0, r0, r0, lsl #2
 6705 00a4 2146     		mov	r1, r4
 6706 00a6 144B     		ldr	r3, .L556+4
 6707 00a8 03EB8000 		add	r0, r3, r0, lsl #2
 6708 00ac FFF7FEFF 		bl	vListInsertEnd
 6709              	.LVL464:
4850:Middlewares/Third_Party/FreeRTOS/Source/tasks.c **** 
 6710              		.loc 1 4850 35 discriminator 4 view .LVU1893
4853:Middlewares/Third_Party/FreeRTOS/Source/tasks.c **** 
 6711              		.loc 1 4853 5 view .LVU1894
 6712 00b0 AB6A     		ldr	r3, [r5, #40]
 6713 00b2 43B1     		cbz	r3, .L548
4853:Middlewares/Third_Party/FreeRTOS/Source/tasks.c **** 
 6714              		.loc 1 4853 5 discriminator 1 view .LVU1895
 6715              	.LBB236:
 6716              	.LBI236:
 191:Middlewares/Third_Party/FreeRTOS/Source/portable/GCC/ARM_CM4F/portmacro.h **** {
 6717              		.loc 2 191 30 view .LVU1896
 6718              	.LBB237:
 193:Middlewares/Third_Party/FreeRTOS/Source/portable/GCC/ARM_CM4F/portmacro.h **** 
 6719              		.loc 2 193 1 view .LVU1897
 195:Middlewares/Third_Party/FreeRTOS/Source/portable/GCC/ARM_CM4F/portmacro.h **** 	(
 6720              		.loc 2 195 2 view .LVU1898
 6721              		.syntax unified
 6722              	@ 195 "Middlewares/Third_Party/FreeRTOS/Source/portable/GCC/ARM_CM4F/portmacro.h" 1
 6723 00b4 4FF05003 			mov r3, #80												
 6724 00b8 83F31188 		msr basepri, r3											
 6725 00bc BFF36F8F 		isb														
 6726 00c0 BFF34F8F 		dsb														
 6727              	
 6728              	@ 0 "" 2
 6729              		.thumb
 6730              		.syntax unified
 6731              	.L549:
 6732              	.LBE237:
 6733              	.LBE236:
4853:Middlewares/Third_Party/FreeRTOS/Source/tasks.c **** 
 6734              		.loc 1 4853 5 view .LVU1899
 6735 00c4 FEE7     		b	.L549
 6736              	.L548:
4853:Middlewares/Third_Party/FreeRTOS/Source/tasks.c **** 
 6737              		.loc 1 4853 82 view .LVU1900
4871:Middlewares/Third_Party/FreeRTOS/Source/tasks.c **** 				{
 6738              		.loc 1 4871 5 view .LVU1901
4871:Middlewares/Third_Party/FreeRTOS/Source/tasks.c **** 				{
 6739              		.loc 1 4871 14 is_stmt 0 view .LVU1902
 6740 00c6 EA6A     		ldr	r2, [r5, #44]
4871:Middlewares/Third_Party/FreeRTOS/Source/tasks.c **** 				{
 6741              		.loc 1 4871 41 view .LVU1903
 6742 00c8 0C4B     		ldr	r3, .L556+8
 6743 00ca 1B68     		ldr	r3, [r3]
 6744 00cc DB6A     		ldr	r3, [r3, #44]
4871:Middlewares/Third_Party/FreeRTOS/Source/tasks.c **** 				{
 6745              		.loc 1 4871 7 view .LVU1904
 6746 00ce 9A42     		cmp	r2, r3
ARM GAS  C:\Users\jason\AppData\Local\Temp\ccaXxPCU.s 			page 246


 6747 00d0 0DD9     		bls	.L552
4875:Middlewares/Third_Party/FreeRTOS/Source/tasks.c **** 				}
 6748              		.loc 1 4875 6 is_stmt 1 view .LVU1905
 6749 00d2 4FF0E023 		mov	r3, #-536813568
 6750 00d6 4FF08052 		mov	r2, #268435456
 6751 00da C3F8042D 		str	r2, [r3, #3332]
4875:Middlewares/Third_Party/FreeRTOS/Source/tasks.c **** 				}
 6752              		.loc 1 4875 6 view .LVU1906
 6753              		.syntax unified
 6754              	@ 4875 "Middlewares/Third_Party/FreeRTOS/Source/tasks.c" 1
 6755 00de BFF34F8F 		dsb
 6756              	@ 0 "" 2
4875:Middlewares/Third_Party/FreeRTOS/Source/tasks.c **** 				}
 6757              		.loc 1 4875 6 view .LVU1907
 6758              	@ 4875 "Middlewares/Third_Party/FreeRTOS/Source/tasks.c" 1
 6759 00e2 BFF36F8F 		isb
 6760              	@ 0 "" 2
4875:Middlewares/Third_Party/FreeRTOS/Source/tasks.c **** 				}
 6761              		.loc 1 4875 37 view .LVU1908
 6762              		.thumb
 6763              		.syntax unified
 6764 00e6 0124     		movs	r4, #1
 6765 00e8 A7E7     		b	.L545
 6766              	.LVL465:
 6767              	.L550:
4825:Middlewares/Third_Party/FreeRTOS/Source/tasks.c **** 					}
 6768              		.loc 1 4825 15 is_stmt 0 view .LVU1909
 6769 00ea 0024     		movs	r4, #0
 6770 00ec A5E7     		b	.L545
 6771              	.LVL466:
 6772              	.L552:
4825:Middlewares/Third_Party/FreeRTOS/Source/tasks.c **** 					}
 6773              		.loc 1 4825 15 view .LVU1910
 6774 00ee 0124     		movs	r4, #1
 6775 00f0 A3E7     		b	.L545
 6776              	.L557:
 6777 00f2 00BF     		.align	2
 6778              	.L556:
 6779 00f4 00000000 		.word	uxTopReadyPriority
 6780 00f8 00000000 		.word	pxReadyTasksLists
 6781 00fc 00000000 		.word	pxCurrentTCB
 6782              		.cfi_endproc
 6783              	.LFE60:
 6785              		.section	.text.xTaskGenericNotifyFromISR,"ax",%progbits
 6786              		.align	1
 6787              		.global	xTaskGenericNotifyFromISR
 6788              		.syntax unified
 6789              		.thumb
 6790              		.thumb_func
 6792              	xTaskGenericNotifyFromISR:
 6793              	.LVL467:
 6794              	.LFB61:
4898:Middlewares/Third_Party/FreeRTOS/Source/tasks.c **** 	TCB_t * pxTCB;
 6795              		.loc 1 4898 2 is_stmt 1 view -0
 6796              		.cfi_startproc
 6797              		@ args = 4, pretend = 0, frame = 0
 6798              		@ frame_needed = 0, uses_anonymous_args = 0
ARM GAS  C:\Users\jason\AppData\Local\Temp\ccaXxPCU.s 			page 247


4899:Middlewares/Third_Party/FreeRTOS/Source/tasks.c **** 	uint8_t ucOriginalNotifyState;
 6799              		.loc 1 4899 2 view .LVU1912
4900:Middlewares/Third_Party/FreeRTOS/Source/tasks.c **** 	BaseType_t xReturn = pdPASS;
 6800              		.loc 1 4900 2 view .LVU1913
4901:Middlewares/Third_Party/FreeRTOS/Source/tasks.c **** 	UBaseType_t uxSavedInterruptStatus;
 6801              		.loc 1 4901 2 view .LVU1914
4902:Middlewares/Third_Party/FreeRTOS/Source/tasks.c **** 
 6802              		.loc 1 4902 2 view .LVU1915
4904:Middlewares/Third_Party/FreeRTOS/Source/tasks.c **** 
 6803              		.loc 1 4904 3 view .LVU1916
 6804 0000 58B3     		cbz	r0, .L582
4898:Middlewares/Third_Party/FreeRTOS/Source/tasks.c **** 	TCB_t * pxTCB;
 6805              		.loc 1 4898 2 is_stmt 0 view .LVU1917
 6806 0002 2DE9F041 		push	{r4, r5, r6, r7, r8, lr}
 6807              		.cfi_def_cfa_offset 24
 6808              		.cfi_offset 4, -24
 6809              		.cfi_offset 5, -20
 6810              		.cfi_offset 6, -16
 6811              		.cfi_offset 7, -12
 6812              		.cfi_offset 8, -8
 6813              		.cfi_offset 14, -4
 6814 0006 0F46     		mov	r7, r1
 6815 0008 1446     		mov	r4, r2
 6816 000a 1E46     		mov	r6, r3
 6817 000c 0546     		mov	r5, r0
4904:Middlewares/Third_Party/FreeRTOS/Source/tasks.c **** 
 6818              		.loc 1 4904 32 is_stmt 1 view .LVU1918
4922:Middlewares/Third_Party/FreeRTOS/Source/tasks.c **** 
 6819              		.loc 1 4922 3 view .LVU1919
 6820 000e FFF7FEFF 		bl	vPortValidateInterruptPriority
 6821              	.LVL468:
4924:Middlewares/Third_Party/FreeRTOS/Source/tasks.c **** 
 6822              		.loc 1 4924 3 view .LVU1920
4926:Middlewares/Third_Party/FreeRTOS/Source/tasks.c **** 		{
 6823              		.loc 1 4926 3 view .LVU1921
 6824              	.LBB238:
 6825              	.LBI238:
 207:Middlewares/Third_Party/FreeRTOS/Source/portable/GCC/ARM_CM4F/portmacro.h **** {
 6826              		.loc 2 207 34 view .LVU1922
 6827              	.LBB239:
 209:Middlewares/Third_Party/FreeRTOS/Source/portable/GCC/ARM_CM4F/portmacro.h **** 
 6828              		.loc 2 209 1 view .LVU1923
 211:Middlewares/Third_Party/FreeRTOS/Source/portable/GCC/ARM_CM4F/portmacro.h **** 	(
 6829              		.loc 2 211 2 view .LVU1924
 6830              		.syntax unified
 6831              	@ 211 "Middlewares/Third_Party/FreeRTOS/Source/portable/GCC/ARM_CM4F/portmacro.h" 1
 6832 0012 EFF31183 			mrs r3, basepri											
 6833 0016 4FF05002 		mov r2, #80												
 6834 001a 82F31188 		msr basepri, r2											
 6835 001e BFF36F8F 		isb														
 6836 0022 BFF34F8F 		dsb														
 6837              	
 6838              	@ 0 "" 2
 6839              		.thumb
 6840              		.syntax unified
 6841 0026 9846     		mov	r8, r3
 223:Middlewares/Third_Party/FreeRTOS/Source/portable/GCC/ARM_CM4F/portmacro.h **** }
ARM GAS  C:\Users\jason\AppData\Local\Temp\ccaXxPCU.s 			page 248


 6842              		.loc 2 223 2 view .LVU1925
 6843              	.LVL469:
 223:Middlewares/Third_Party/FreeRTOS/Source/portable/GCC/ARM_CM4F/portmacro.h **** }
 6844              		.loc 2 223 2 is_stmt 0 view .LVU1926
 6845              	.LBE239:
 6846              	.LBE238:
4928:Middlewares/Third_Party/FreeRTOS/Source/tasks.c **** 			{
 6847              		.loc 1 4928 4 is_stmt 1 view .LVU1927
4928:Middlewares/Third_Party/FreeRTOS/Source/tasks.c **** 			{
 6848              		.loc 1 4928 6 is_stmt 0 view .LVU1928
 6849 0028 0EB1     		cbz	r6, .L561
4930:Middlewares/Third_Party/FreeRTOS/Source/tasks.c **** 			}
 6850              		.loc 1 4930 5 is_stmt 1 view .LVU1929
4930:Middlewares/Third_Party/FreeRTOS/Source/tasks.c **** 			}
 6851              		.loc 1 4930 42 is_stmt 0 view .LVU1930
 6852 002a 6B6D     		ldr	r3, [r5, #84]
 6853              	.LVL470:
4930:Middlewares/Third_Party/FreeRTOS/Source/tasks.c **** 			}
 6854              		.loc 1 4930 35 view .LVU1931
 6855 002c 3360     		str	r3, [r6]
 6856              	.L561:
4933:Middlewares/Third_Party/FreeRTOS/Source/tasks.c **** 			pxTCB->ucNotifyState = taskNOTIFICATION_RECEIVED;
 6857              		.loc 1 4933 4 is_stmt 1 view .LVU1932
4933:Middlewares/Third_Party/FreeRTOS/Source/tasks.c **** 			pxTCB->ucNotifyState = taskNOTIFICATION_RECEIVED;
 6858              		.loc 1 4933 26 is_stmt 0 view .LVU1933
 6859 002e 95F85830 		ldrb	r3, [r5, #88]	@ zero_extendqisi2
 6860 0032 DBB2     		uxtb	r3, r3
 6861              	.LVL471:
4934:Middlewares/Third_Party/FreeRTOS/Source/tasks.c **** 
 6862              		.loc 1 4934 4 is_stmt 1 view .LVU1934
4934:Middlewares/Third_Party/FreeRTOS/Source/tasks.c **** 
 6863              		.loc 1 4934 25 is_stmt 0 view .LVU1935
 6864 0034 0222     		movs	r2, #2
 6865 0036 85F85820 		strb	r2, [r5, #88]
4936:Middlewares/Third_Party/FreeRTOS/Source/tasks.c **** 			{
 6866              		.loc 1 4936 4 is_stmt 1 view .LVU1936
 6867 003a 9442     		cmp	r4, r2
 6868 003c 1ED0     		beq	.L562
 6869 003e 15D8     		bhi	.L563
 6870 0040 24B1     		cbz	r4, .L564
 6871 0042 012C     		cmp	r4, #1
 6872 0044 20D1     		bne	.L566
4939:Middlewares/Third_Party/FreeRTOS/Source/tasks.c **** 					break;
 6873              		.loc 1 4939 6 view .LVU1937
4939:Middlewares/Third_Party/FreeRTOS/Source/tasks.c **** 					break;
 6874              		.loc 1 4939 11 is_stmt 0 view .LVU1938
 6875 0046 6A6D     		ldr	r2, [r5, #84]
4939:Middlewares/Third_Party/FreeRTOS/Source/tasks.c **** 					break;
 6876              		.loc 1 4939 29 view .LVU1939
 6877 0048 3A43     		orrs	r2, r2, r7
 6878 004a 6A65     		str	r2, [r5, #84]
4940:Middlewares/Third_Party/FreeRTOS/Source/tasks.c **** 
 6879              		.loc 1 4940 6 is_stmt 1 view .LVU1940
 6880              	.L564:
4975:Middlewares/Third_Party/FreeRTOS/Source/tasks.c **** 
 6881              		.loc 1 4975 31 view .LVU1941
4979:Middlewares/Third_Party/FreeRTOS/Source/tasks.c **** 			{
ARM GAS  C:\Users\jason\AppData\Local\Temp\ccaXxPCU.s 			page 249


 6882              		.loc 1 4979 4 view .LVU1942
4979:Middlewares/Third_Party/FreeRTOS/Source/tasks.c **** 			{
 6883              		.loc 1 4979 6 is_stmt 0 view .LVU1943
 6884 004c 012B     		cmp	r3, #1
 6885 004e 28D0     		beq	.L583
 6886 0050 0120     		movs	r0, #1
 6887              	.LVL472:
 6888              	.L569:
5012:Middlewares/Third_Party/FreeRTOS/Source/tasks.c **** 				}
 6889              		.loc 1 5012 30 is_stmt 1 view .LVU1944
5016:Middlewares/Third_Party/FreeRTOS/Source/tasks.c **** 
 6890              		.loc 1 5016 3 view .LVU1945
 6891              	.LBB240:
 6892              	.LBI240:
 227:Middlewares/Third_Party/FreeRTOS/Source/portable/GCC/ARM_CM4F/portmacro.h **** {
 6893              		.loc 2 227 30 view .LVU1946
 6894              	.LBB241:
 6895              		.loc 2 229 2 view .LVU1947
 6896              		.syntax unified
 6897              	@ 229 "Middlewares/Third_Party/FreeRTOS/Source/portable/GCC/ARM_CM4F/portmacro.h" 1
 6898 0052 88F31188 			msr basepri, r8	
 6899              	@ 0 "" 2
 6900              		.thumb
 6901              		.syntax unified
 6902              	.LBE241:
 6903              	.LBE240:
5018:Middlewares/Third_Party/FreeRTOS/Source/tasks.c **** 	}
 6904              		.loc 1 5018 3 view .LVU1948
5019:Middlewares/Third_Party/FreeRTOS/Source/tasks.c **** 
 6905              		.loc 1 5019 2 is_stmt 0 view .LVU1949
 6906 0056 BDE8F081 		pop	{r4, r5, r6, r7, r8, pc}
 6907              	.LVL473:
 6908              	.L582:
 6909              		.cfi_def_cfa_offset 0
 6910              		.cfi_restore 4
 6911              		.cfi_restore 5
 6912              		.cfi_restore 6
 6913              		.cfi_restore 7
 6914              		.cfi_restore 8
 6915              		.cfi_restore 14
4904:Middlewares/Third_Party/FreeRTOS/Source/tasks.c **** 
 6916              		.loc 1 4904 3 is_stmt 1 discriminator 1 view .LVU1950
 6917              	.LBB242:
 6918              	.LBI242:
 191:Middlewares/Third_Party/FreeRTOS/Source/portable/GCC/ARM_CM4F/portmacro.h **** {
 6919              		.loc 2 191 30 view .LVU1951
 6920              	.LBB243:
 193:Middlewares/Third_Party/FreeRTOS/Source/portable/GCC/ARM_CM4F/portmacro.h **** 
 6921              		.loc 2 193 1 view .LVU1952
 195:Middlewares/Third_Party/FreeRTOS/Source/portable/GCC/ARM_CM4F/portmacro.h **** 	(
 6922              		.loc 2 195 2 view .LVU1953
 6923              		.syntax unified
 6924              	@ 195 "Middlewares/Third_Party/FreeRTOS/Source/portable/GCC/ARM_CM4F/portmacro.h" 1
 6925 005a 4FF05003 			mov r3, #80												
 6926 005e 83F31188 		msr basepri, r3											
 6927 0062 BFF36F8F 		isb														
 6928 0066 BFF34F8F 		dsb														
ARM GAS  C:\Users\jason\AppData\Local\Temp\ccaXxPCU.s 			page 250


 6929              	
 6930              	@ 0 "" 2
 6931              	.LVL474:
 6932              		.thumb
 6933              		.syntax unified
 6934              	.L560:
 195:Middlewares/Third_Party/FreeRTOS/Source/portable/GCC/ARM_CM4F/portmacro.h **** 	(
 6935              		.loc 2 195 2 is_stmt 0 view .LVU1954
 6936              	.LBE243:
 6937              	.LBE242:
4904:Middlewares/Third_Party/FreeRTOS/Source/tasks.c **** 
 6938              		.loc 1 4904 3 is_stmt 1 view .LVU1955
 6939 006a FEE7     		b	.L560
 6940              	.LVL475:
 6941              	.L563:
 6942              		.cfi_def_cfa_offset 24
 6943              		.cfi_offset 4, -24
 6944              		.cfi_offset 5, -20
 6945              		.cfi_offset 6, -16
 6946              		.cfi_offset 7, -12
 6947              		.cfi_offset 8, -8
 6948              		.cfi_offset 14, -4
4936:Middlewares/Third_Party/FreeRTOS/Source/tasks.c **** 			{
 6949              		.loc 1 4936 4 is_stmt 0 view .LVU1956
 6950 006c 032C     		cmp	r4, #3
 6951 006e 09D0     		beq	.L567
 6952 0070 042C     		cmp	r4, #4
 6953 0072 09D1     		bne	.L566
4951:Middlewares/Third_Party/FreeRTOS/Source/tasks.c **** 					{
 6954              		.loc 1 4951 6 is_stmt 1 view .LVU1957
4951:Middlewares/Third_Party/FreeRTOS/Source/tasks.c **** 					{
 6955              		.loc 1 4951 8 is_stmt 0 view .LVU1958
 6956 0074 022B     		cmp	r3, #2
 6957 0076 4AD0     		beq	.L577
4953:Middlewares/Third_Party/FreeRTOS/Source/tasks.c **** 					}
 6958              		.loc 1 4953 7 is_stmt 1 view .LVU1959
4953:Middlewares/Third_Party/FreeRTOS/Source/tasks.c **** 					}
 6959              		.loc 1 4953 30 is_stmt 0 view .LVU1960
 6960 0078 6F65     		str	r7, [r5, #84]
 6961 007a E7E7     		b	.L564
 6962              	.L562:
4943:Middlewares/Third_Party/FreeRTOS/Source/tasks.c **** 					break;
 6963              		.loc 1 4943 6 is_stmt 1 view .LVU1961
4943:Middlewares/Third_Party/FreeRTOS/Source/tasks.c **** 					break;
 6964              		.loc 1 4943 13 is_stmt 0 view .LVU1962
 6965 007c 6A6D     		ldr	r2, [r5, #84]
4943:Middlewares/Third_Party/FreeRTOS/Source/tasks.c **** 					break;
 6966              		.loc 1 4943 32 view .LVU1963
 6967 007e 0132     		adds	r2, r2, #1
 6968 0080 6A65     		str	r2, [r5, #84]
4944:Middlewares/Third_Party/FreeRTOS/Source/tasks.c **** 
 6969              		.loc 1 4944 6 is_stmt 1 view .LVU1964
 6970 0082 E3E7     		b	.L564
 6971              	.L567:
4947:Middlewares/Third_Party/FreeRTOS/Source/tasks.c **** 					break;
 6972              		.loc 1 4947 6 view .LVU1965
4947:Middlewares/Third_Party/FreeRTOS/Source/tasks.c **** 					break;
ARM GAS  C:\Users\jason\AppData\Local\Temp\ccaXxPCU.s 			page 251


 6973              		.loc 1 4947 29 is_stmt 0 view .LVU1966
 6974 0084 6F65     		str	r7, [r5, #84]
4948:Middlewares/Third_Party/FreeRTOS/Source/tasks.c **** 
 6975              		.loc 1 4948 6 is_stmt 1 view .LVU1967
 6976 0086 E1E7     		b	.L564
 6977              	.L566:
4971:Middlewares/Third_Party/FreeRTOS/Source/tasks.c **** 					break;
 6978              		.loc 1 4971 6 view .LVU1968
 6979 0088 6A6D     		ldr	r2, [r5, #84]
 6980 008a B2F1FF3F 		cmp	r2, #-1
 6981 008e DDD0     		beq	.L564
4971:Middlewares/Third_Party/FreeRTOS/Source/tasks.c **** 					break;
 6982              		.loc 1 4971 6 discriminator 1 view .LVU1969
 6983              	.LBB244:
 6984              	.LBI244:
 191:Middlewares/Third_Party/FreeRTOS/Source/portable/GCC/ARM_CM4F/portmacro.h **** {
 6985              		.loc 2 191 30 view .LVU1970
 6986              	.LBB245:
 193:Middlewares/Third_Party/FreeRTOS/Source/portable/GCC/ARM_CM4F/portmacro.h **** 
 6987              		.loc 2 193 1 view .LVU1971
 195:Middlewares/Third_Party/FreeRTOS/Source/portable/GCC/ARM_CM4F/portmacro.h **** 	(
 6988              		.loc 2 195 2 view .LVU1972
 6989              		.syntax unified
 6990              	@ 195 "Middlewares/Third_Party/FreeRTOS/Source/portable/GCC/ARM_CM4F/portmacro.h" 1
 6991 0090 4FF05003 			mov r3, #80												
 6992 0094 83F31188 		msr basepri, r3											
 6993 0098 BFF36F8F 		isb														
 6994 009c BFF34F8F 		dsb														
 6995              	
 6996              	@ 0 "" 2
 6997              	.LVL476:
 6998              		.thumb
 6999              		.syntax unified
 7000              	.L570:
 195:Middlewares/Third_Party/FreeRTOS/Source/portable/GCC/ARM_CM4F/portmacro.h **** 	(
 7001              		.loc 2 195 2 is_stmt 0 view .LVU1973
 7002              	.LBE245:
 7003              	.LBE244:
4971:Middlewares/Third_Party/FreeRTOS/Source/tasks.c **** 					break;
 7004              		.loc 1 4971 6 is_stmt 1 view .LVU1974
 7005 00a0 FEE7     		b	.L570
 7006              	.LVL477:
 7007              	.L583:
4982:Middlewares/Third_Party/FreeRTOS/Source/tasks.c **** 
 7008              		.loc 1 4982 5 view .LVU1975
 7009 00a2 AB6A     		ldr	r3, [r5, #40]
 7010              	.LVL478:
4982:Middlewares/Third_Party/FreeRTOS/Source/tasks.c **** 
 7011              		.loc 1 4982 5 is_stmt 0 view .LVU1976
 7012 00a4 43B1     		cbz	r3, .L571
4982:Middlewares/Third_Party/FreeRTOS/Source/tasks.c **** 
 7013              		.loc 1 4982 5 is_stmt 1 discriminator 1 view .LVU1977
 7014              	.LBB246:
 7015              	.LBI246:
 191:Middlewares/Third_Party/FreeRTOS/Source/portable/GCC/ARM_CM4F/portmacro.h **** {
 7016              		.loc 2 191 30 view .LVU1978
 7017              	.LBB247:
ARM GAS  C:\Users\jason\AppData\Local\Temp\ccaXxPCU.s 			page 252


 193:Middlewares/Third_Party/FreeRTOS/Source/portable/GCC/ARM_CM4F/portmacro.h **** 
 7018              		.loc 2 193 1 view .LVU1979
 195:Middlewares/Third_Party/FreeRTOS/Source/portable/GCC/ARM_CM4F/portmacro.h **** 	(
 7019              		.loc 2 195 2 view .LVU1980
 7020              		.syntax unified
 7021              	@ 195 "Middlewares/Third_Party/FreeRTOS/Source/portable/GCC/ARM_CM4F/portmacro.h" 1
 7022 00a6 4FF05003 			mov r3, #80												
 7023 00aa 83F31188 		msr basepri, r3											
 7024 00ae BFF36F8F 		isb														
 7025 00b2 BFF34F8F 		dsb														
 7026              	
 7027              	@ 0 "" 2
 7028              		.thumb
 7029              		.syntax unified
 7030              	.L572:
 7031              	.LBE247:
 7032              	.LBE246:
4982:Middlewares/Third_Party/FreeRTOS/Source/tasks.c **** 
 7033              		.loc 1 4982 5 view .LVU1981
 7034 00b6 FEE7     		b	.L572
 7035              	.L571:
4982:Middlewares/Third_Party/FreeRTOS/Source/tasks.c **** 
 7036              		.loc 1 4982 82 view .LVU1982
4984:Middlewares/Third_Party/FreeRTOS/Source/tasks.c **** 				{
 7037              		.loc 1 4984 5 view .LVU1983
4984:Middlewares/Third_Party/FreeRTOS/Source/tasks.c **** 				{
 7038              		.loc 1 4984 30 is_stmt 0 view .LVU1984
 7039 00b8 174B     		ldr	r3, .L584
 7040 00ba 1B68     		ldr	r3, [r3]
4984:Middlewares/Third_Party/FreeRTOS/Source/tasks.c **** 				{
 7041              		.loc 1 4984 7 view .LVU1985
 7042 00bc 0BBB     		cbnz	r3, .L573
4986:Middlewares/Third_Party/FreeRTOS/Source/tasks.c **** 					prvAddTaskToReadyList( pxTCB );
 7043              		.loc 1 4986 6 is_stmt 1 view .LVU1986
4986:Middlewares/Third_Party/FreeRTOS/Source/tasks.c **** 					prvAddTaskToReadyList( pxTCB );
 7044              		.loc 1 4986 29 is_stmt 0 view .LVU1987
 7045 00be 2C1D     		adds	r4, r5, #4
 7046              	.LVL479:
4986:Middlewares/Third_Party/FreeRTOS/Source/tasks.c **** 					prvAddTaskToReadyList( pxTCB );
 7047              		.loc 1 4986 15 view .LVU1988
 7048 00c0 2046     		mov	r0, r4
 7049 00c2 FFF7FEFF 		bl	uxListRemove
 7050              	.LVL480:
4987:Middlewares/Third_Party/FreeRTOS/Source/tasks.c **** 				}
 7051              		.loc 1 4987 6 is_stmt 1 view .LVU1989
4987:Middlewares/Third_Party/FreeRTOS/Source/tasks.c **** 				}
 7052              		.loc 1 4987 6 view .LVU1990
 7053 00c6 E86A     		ldr	r0, [r5, #44]
 7054 00c8 144B     		ldr	r3, .L584+4
 7055 00ca 1B68     		ldr	r3, [r3]
 7056 00cc 9842     		cmp	r0, r3
 7057 00ce 01D9     		bls	.L574
4987:Middlewares/Third_Party/FreeRTOS/Source/tasks.c **** 				}
 7058              		.loc 1 4987 6 discriminator 1 view .LVU1991
 7059 00d0 124B     		ldr	r3, .L584+4
 7060 00d2 1860     		str	r0, [r3]
 7061              	.L574:
ARM GAS  C:\Users\jason\AppData\Local\Temp\ccaXxPCU.s 			page 253


4987:Middlewares/Third_Party/FreeRTOS/Source/tasks.c **** 				}
 7062              		.loc 1 4987 6 discriminator 3 view .LVU1992
4987:Middlewares/Third_Party/FreeRTOS/Source/tasks.c **** 				}
 7063              		.loc 1 4987 6 discriminator 3 view .LVU1993
 7064 00d4 00EB8000 		add	r0, r0, r0, lsl #2
 7065 00d8 2146     		mov	r1, r4
 7066 00da 114B     		ldr	r3, .L584+8
 7067 00dc 03EB8000 		add	r0, r3, r0, lsl #2
 7068 00e0 FFF7FEFF 		bl	vListInsertEnd
 7069              	.LVL481:
4987:Middlewares/Third_Party/FreeRTOS/Source/tasks.c **** 				}
 7070              		.loc 1 4987 36 discriminator 4 view .LVU1994
 7071              	.L575:
4996:Middlewares/Third_Party/FreeRTOS/Source/tasks.c **** 				{
 7072              		.loc 1 4996 5 view .LVU1995
4996:Middlewares/Third_Party/FreeRTOS/Source/tasks.c **** 				{
 7073              		.loc 1 4996 14 is_stmt 0 view .LVU1996
 7074 00e4 EA6A     		ldr	r2, [r5, #44]
4996:Middlewares/Third_Party/FreeRTOS/Source/tasks.c **** 				{
 7075              		.loc 1 4996 41 view .LVU1997
 7076 00e6 0F4B     		ldr	r3, .L584+12
 7077 00e8 1B68     		ldr	r3, [r3]
 7078 00ea DB6A     		ldr	r3, [r3, #44]
4996:Middlewares/Third_Party/FreeRTOS/Source/tasks.c **** 				{
 7079              		.loc 1 4996 7 view .LVU1998
 7080 00ec 9A42     		cmp	r2, r3
 7081 00ee 10D9     		bls	.L579
5000:Middlewares/Third_Party/FreeRTOS/Source/tasks.c **** 					{
 7082              		.loc 1 5000 6 is_stmt 1 view .LVU1999
5000:Middlewares/Third_Party/FreeRTOS/Source/tasks.c **** 					{
 7083              		.loc 1 5000 8 is_stmt 0 view .LVU2000
 7084 00f0 069B     		ldr	r3, [sp, #24]
 7085 00f2 13B1     		cbz	r3, .L576
5002:Middlewares/Third_Party/FreeRTOS/Source/tasks.c **** 					}
 7086              		.loc 1 5002 7 is_stmt 1 view .LVU2001
5002:Middlewares/Third_Party/FreeRTOS/Source/tasks.c **** 					}
 7087              		.loc 1 5002 34 is_stmt 0 view .LVU2002
 7088 00f4 0123     		movs	r3, #1
 7089 00f6 069A     		ldr	r2, [sp, #24]
 7090 00f8 1360     		str	r3, [r2]
 7091              	.L576:
5008:Middlewares/Third_Party/FreeRTOS/Source/tasks.c **** 				}
 7092              		.loc 1 5008 6 is_stmt 1 view .LVU2003
5008:Middlewares/Third_Party/FreeRTOS/Source/tasks.c **** 				}
 7093              		.loc 1 5008 20 is_stmt 0 view .LVU2004
 7094 00fa 0120     		movs	r0, #1
 7095 00fc 0A4B     		ldr	r3, .L584+16
 7096 00fe 1860     		str	r0, [r3]
 7097 0100 A7E7     		b	.L569
 7098              	.L573:
4993:Middlewares/Third_Party/FreeRTOS/Source/tasks.c **** 				}
 7099              		.loc 1 4993 6 is_stmt 1 view .LVU2005
 7100 0102 05F11801 		add	r1, r5, #24
 7101 0106 0948     		ldr	r0, .L584+20
 7102 0108 FFF7FEFF 		bl	vListInsertEnd
 7103              	.LVL482:
 7104 010c EAE7     		b	.L575
ARM GAS  C:\Users\jason\AppData\Local\Temp\ccaXxPCU.s 			page 254


 7105              	.LVL483:
 7106              	.L577:
4958:Middlewares/Third_Party/FreeRTOS/Source/tasks.c **** 					}
 7107              		.loc 1 4958 15 is_stmt 0 view .LVU2006
 7108 010e 0020     		movs	r0, #0
 7109 0110 9FE7     		b	.L569
 7110              	.LVL484:
 7111              	.L579:
4958:Middlewares/Third_Party/FreeRTOS/Source/tasks.c **** 					}
 7112              		.loc 1 4958 15 view .LVU2007
 7113 0112 0120     		movs	r0, #1
 7114 0114 9DE7     		b	.L569
 7115              	.L585:
 7116 0116 00BF     		.align	2
 7117              	.L584:
 7118 0118 00000000 		.word	uxSchedulerSuspended
 7119 011c 00000000 		.word	uxTopReadyPriority
 7120 0120 00000000 		.word	pxReadyTasksLists
 7121 0124 00000000 		.word	pxCurrentTCB
 7122 0128 00000000 		.word	xYieldPending
 7123 012c 00000000 		.word	xPendingReadyList
 7124              		.cfi_endproc
 7125              	.LFE61:
 7127              		.section	.text.vTaskNotifyGiveFromISR,"ax",%progbits
 7128              		.align	1
 7129              		.global	vTaskNotifyGiveFromISR
 7130              		.syntax unified
 7131              		.thumb
 7132              		.thumb_func
 7134              	vTaskNotifyGiveFromISR:
 7135              	.LVL485:
 7136              	.LFB62:
5027:Middlewares/Third_Party/FreeRTOS/Source/tasks.c **** 	TCB_t * pxTCB;
 7137              		.loc 1 5027 2 is_stmt 1 view -0
 7138              		.cfi_startproc
 7139              		@ args = 0, pretend = 0, frame = 0
 7140              		@ frame_needed = 0, uses_anonymous_args = 0
5027:Middlewares/Third_Party/FreeRTOS/Source/tasks.c **** 	TCB_t * pxTCB;
 7141              		.loc 1 5027 2 is_stmt 0 view .LVU2009
 7142 0000 F8B5     		push	{r3, r4, r5, r6, r7, lr}
 7143              		.cfi_def_cfa_offset 24
 7144              		.cfi_offset 3, -24
 7145              		.cfi_offset 4, -20
 7146              		.cfi_offset 5, -16
 7147              		.cfi_offset 6, -12
 7148              		.cfi_offset 7, -8
 7149              		.cfi_offset 14, -4
5028:Middlewares/Third_Party/FreeRTOS/Source/tasks.c **** 	uint8_t ucOriginalNotifyState;
 7150              		.loc 1 5028 2 is_stmt 1 view .LVU2010
5029:Middlewares/Third_Party/FreeRTOS/Source/tasks.c **** 	UBaseType_t uxSavedInterruptStatus;
 7151              		.loc 1 5029 2 view .LVU2011
5030:Middlewares/Third_Party/FreeRTOS/Source/tasks.c **** 
 7152              		.loc 1 5030 2 view .LVU2012
5032:Middlewares/Third_Party/FreeRTOS/Source/tasks.c **** 
 7153              		.loc 1 5032 3 view .LVU2013
 7154 0002 D8B1     		cbz	r0, .L597
 7155 0004 0D46     		mov	r5, r1
ARM GAS  C:\Users\jason\AppData\Local\Temp\ccaXxPCU.s 			page 255


 7156 0006 0446     		mov	r4, r0
5032:Middlewares/Third_Party/FreeRTOS/Source/tasks.c **** 
 7157              		.loc 1 5032 32 view .LVU2014
5050:Middlewares/Third_Party/FreeRTOS/Source/tasks.c **** 
 7158              		.loc 1 5050 3 view .LVU2015
 7159 0008 FFF7FEFF 		bl	vPortValidateInterruptPriority
 7160              	.LVL486:
5052:Middlewares/Third_Party/FreeRTOS/Source/tasks.c **** 
 7161              		.loc 1 5052 3 view .LVU2016
5054:Middlewares/Third_Party/FreeRTOS/Source/tasks.c **** 		{
 7162              		.loc 1 5054 3 view .LVU2017
 7163              	.LBB248:
 7164              	.LBI248:
 207:Middlewares/Third_Party/FreeRTOS/Source/portable/GCC/ARM_CM4F/portmacro.h **** {
 7165              		.loc 2 207 34 view .LVU2018
 7166              	.LBB249:
 209:Middlewares/Third_Party/FreeRTOS/Source/portable/GCC/ARM_CM4F/portmacro.h **** 
 7167              		.loc 2 209 1 view .LVU2019
 211:Middlewares/Third_Party/FreeRTOS/Source/portable/GCC/ARM_CM4F/portmacro.h **** 	(
 7168              		.loc 2 211 2 view .LVU2020
 7169              		.syntax unified
 7170              	@ 211 "Middlewares/Third_Party/FreeRTOS/Source/portable/GCC/ARM_CM4F/portmacro.h" 1
 7171 000c EFF31183 			mrs r3, basepri											
 7172 0010 4FF05002 		mov r2, #80												
 7173 0014 82F31188 		msr basepri, r2											
 7174 0018 BFF36F8F 		isb														
 7175 001c BFF34F8F 		dsb														
 7176              	
 7177              	@ 0 "" 2
 7178              		.thumb
 7179              		.syntax unified
 7180 0020 1E46     		mov	r6, r3
 223:Middlewares/Third_Party/FreeRTOS/Source/portable/GCC/ARM_CM4F/portmacro.h **** }
 7181              		.loc 2 223 2 view .LVU2021
 7182              	.LVL487:
 223:Middlewares/Third_Party/FreeRTOS/Source/portable/GCC/ARM_CM4F/portmacro.h **** }
 7183              		.loc 2 223 2 is_stmt 0 view .LVU2022
 7184              	.LBE249:
 7185              	.LBE248:
5056:Middlewares/Third_Party/FreeRTOS/Source/tasks.c **** 			pxTCB->ucNotifyState = taskNOTIFICATION_RECEIVED;
 7186              		.loc 1 5056 4 is_stmt 1 view .LVU2023
5056:Middlewares/Third_Party/FreeRTOS/Source/tasks.c **** 			pxTCB->ucNotifyState = taskNOTIFICATION_RECEIVED;
 7187              		.loc 1 5056 26 is_stmt 0 view .LVU2024
 7188 0022 94F85820 		ldrb	r2, [r4, #88]	@ zero_extendqisi2
 7189              	.LVL488:
5057:Middlewares/Third_Party/FreeRTOS/Source/tasks.c **** 
 7190              		.loc 1 5057 4 is_stmt 1 view .LVU2025
5057:Middlewares/Third_Party/FreeRTOS/Source/tasks.c **** 
 7191              		.loc 1 5057 25 is_stmt 0 view .LVU2026
 7192 0026 0223     		movs	r3, #2
 7193              	.LVL489:
5057:Middlewares/Third_Party/FreeRTOS/Source/tasks.c **** 
 7194              		.loc 1 5057 25 view .LVU2027
 7195 0028 84F85830 		strb	r3, [r4, #88]
5061:Middlewares/Third_Party/FreeRTOS/Source/tasks.c **** 
 7196              		.loc 1 5061 4 is_stmt 1 view .LVU2028
5061:Middlewares/Third_Party/FreeRTOS/Source/tasks.c **** 
ARM GAS  C:\Users\jason\AppData\Local\Temp\ccaXxPCU.s 			page 256


 7197              		.loc 1 5061 11 is_stmt 0 view .LVU2029
 7198 002c 636D     		ldr	r3, [r4, #84]
5061:Middlewares/Third_Party/FreeRTOS/Source/tasks.c **** 
 7199              		.loc 1 5061 30 view .LVU2030
 7200 002e 0133     		adds	r3, r3, #1
 7201 0030 6365     		str	r3, [r4, #84]
5063:Middlewares/Third_Party/FreeRTOS/Source/tasks.c **** 
 7202              		.loc 1 5063 36 is_stmt 1 view .LVU2031
5067:Middlewares/Third_Party/FreeRTOS/Source/tasks.c **** 			{
 7203              		.loc 1 5067 4 view .LVU2032
5067:Middlewares/Third_Party/FreeRTOS/Source/tasks.c **** 			{
 7204              		.loc 1 5067 6 is_stmt 0 view .LVU2033
 7205 0032 012A     		cmp	r2, #1
 7206 0034 0BD0     		beq	.L598
 7207              	.LVL490:
 7208              	.L589:
5100:Middlewares/Third_Party/FreeRTOS/Source/tasks.c **** 				}
 7209              		.loc 1 5100 30 is_stmt 1 view .LVU2034
5104:Middlewares/Third_Party/FreeRTOS/Source/tasks.c **** 	}
 7210              		.loc 1 5104 3 view .LVU2035
 7211              	.LBB250:
 7212              	.LBI250:
 227:Middlewares/Third_Party/FreeRTOS/Source/portable/GCC/ARM_CM4F/portmacro.h **** {
 7213              		.loc 2 227 30 view .LVU2036
 7214              	.LBB251:
 7215              		.loc 2 229 2 view .LVU2037
 7216              		.syntax unified
 7217              	@ 229 "Middlewares/Third_Party/FreeRTOS/Source/portable/GCC/ARM_CM4F/portmacro.h" 1
 7218 0036 86F31188 			msr basepri, r6	
 7219              	@ 0 "" 2
 7220              		.thumb
 7221              		.syntax unified
 7222              	.LBE251:
 7223              	.LBE250:
5105:Middlewares/Third_Party/FreeRTOS/Source/tasks.c **** 
 7224              		.loc 1 5105 2 is_stmt 0 view .LVU2038
 7225 003a F8BD     		pop	{r3, r4, r5, r6, r7, pc}
 7226              	.LVL491:
 7227              	.L597:
5032:Middlewares/Third_Party/FreeRTOS/Source/tasks.c **** 
 7228              		.loc 1 5032 3 is_stmt 1 discriminator 1 view .LVU2039
 7229              	.LBB252:
 7230              	.LBI252:
 191:Middlewares/Third_Party/FreeRTOS/Source/portable/GCC/ARM_CM4F/portmacro.h **** {
 7231              		.loc 2 191 30 view .LVU2040
 7232              	.LBB253:
 193:Middlewares/Third_Party/FreeRTOS/Source/portable/GCC/ARM_CM4F/portmacro.h **** 
 7233              		.loc 2 193 1 view .LVU2041
 195:Middlewares/Third_Party/FreeRTOS/Source/portable/GCC/ARM_CM4F/portmacro.h **** 	(
 7234              		.loc 2 195 2 view .LVU2042
 7235              		.syntax unified
 7236              	@ 195 "Middlewares/Third_Party/FreeRTOS/Source/portable/GCC/ARM_CM4F/portmacro.h" 1
 7237 003c 4FF05003 			mov r3, #80												
 7238 0040 83F31188 		msr basepri, r3											
 7239 0044 BFF36F8F 		isb														
 7240 0048 BFF34F8F 		dsb														
 7241              	
ARM GAS  C:\Users\jason\AppData\Local\Temp\ccaXxPCU.s 			page 257


 7242              	@ 0 "" 2
 7243              		.thumb
 7244              		.syntax unified
 7245              	.L588:
 7246              	.LBE253:
 7247              	.LBE252:
5032:Middlewares/Third_Party/FreeRTOS/Source/tasks.c **** 
 7248              		.loc 1 5032 3 view .LVU2043
 7249 004c FEE7     		b	.L588
 7250              	.LVL492:
 7251              	.L598:
5070:Middlewares/Third_Party/FreeRTOS/Source/tasks.c **** 
 7252              		.loc 1 5070 5 view .LVU2044
 7253 004e A36A     		ldr	r3, [r4, #40]
 7254 0050 43B1     		cbz	r3, .L590
5070:Middlewares/Third_Party/FreeRTOS/Source/tasks.c **** 
 7255              		.loc 1 5070 5 discriminator 1 view .LVU2045
 7256              	.LBB254:
 7257              	.LBI254:
 191:Middlewares/Third_Party/FreeRTOS/Source/portable/GCC/ARM_CM4F/portmacro.h **** {
 7258              		.loc 2 191 30 view .LVU2046
 7259              	.LBB255:
 193:Middlewares/Third_Party/FreeRTOS/Source/portable/GCC/ARM_CM4F/portmacro.h **** 
 7260              		.loc 2 193 1 view .LVU2047
 195:Middlewares/Third_Party/FreeRTOS/Source/portable/GCC/ARM_CM4F/portmacro.h **** 	(
 7261              		.loc 2 195 2 view .LVU2048
 7262              		.syntax unified
 7263              	@ 195 "Middlewares/Third_Party/FreeRTOS/Source/portable/GCC/ARM_CM4F/portmacro.h" 1
 7264 0052 4FF05003 			mov r3, #80												
 7265 0056 83F31188 		msr basepri, r3											
 7266 005a BFF36F8F 		isb														
 7267 005e BFF34F8F 		dsb														
 7268              	
 7269              	@ 0 "" 2
 7270              		.thumb
 7271              		.syntax unified
 7272              	.L591:
 7273              	.LBE255:
 7274              	.LBE254:
5070:Middlewares/Third_Party/FreeRTOS/Source/tasks.c **** 
 7275              		.loc 1 5070 5 view .LVU2049
 7276 0062 FEE7     		b	.L591
 7277              	.L590:
5070:Middlewares/Third_Party/FreeRTOS/Source/tasks.c **** 
 7278              		.loc 1 5070 82 view .LVU2050
5072:Middlewares/Third_Party/FreeRTOS/Source/tasks.c **** 				{
 7279              		.loc 1 5072 5 view .LVU2051
5072:Middlewares/Third_Party/FreeRTOS/Source/tasks.c **** 				{
 7280              		.loc 1 5072 30 is_stmt 0 view .LVU2052
 7281 0064 144B     		ldr	r3, .L599
 7282 0066 1B68     		ldr	r3, [r3]
5072:Middlewares/Third_Party/FreeRTOS/Source/tasks.c **** 				{
 7283              		.loc 1 5072 7 view .LVU2053
 7284 0068 03BB     		cbnz	r3, .L592
5074:Middlewares/Third_Party/FreeRTOS/Source/tasks.c **** 					prvAddTaskToReadyList( pxTCB );
 7285              		.loc 1 5074 6 is_stmt 1 view .LVU2054
5074:Middlewares/Third_Party/FreeRTOS/Source/tasks.c **** 					prvAddTaskToReadyList( pxTCB );
ARM GAS  C:\Users\jason\AppData\Local\Temp\ccaXxPCU.s 			page 258


 7286              		.loc 1 5074 29 is_stmt 0 view .LVU2055
 7287 006a 231D     		adds	r3, r4, #4
 7288 006c 1F46     		mov	r7, r3
5074:Middlewares/Third_Party/FreeRTOS/Source/tasks.c **** 					prvAddTaskToReadyList( pxTCB );
 7289              		.loc 1 5074 15 view .LVU2056
 7290 006e 1846     		mov	r0, r3
 7291 0070 FFF7FEFF 		bl	uxListRemove
 7292              	.LVL493:
5075:Middlewares/Third_Party/FreeRTOS/Source/tasks.c **** 				}
 7293              		.loc 1 5075 6 is_stmt 1 view .LVU2057
5075:Middlewares/Third_Party/FreeRTOS/Source/tasks.c **** 				}
 7294              		.loc 1 5075 6 view .LVU2058
 7295 0074 E06A     		ldr	r0, [r4, #44]
 7296 0076 114B     		ldr	r3, .L599+4
 7297 0078 1B68     		ldr	r3, [r3]
 7298 007a 9842     		cmp	r0, r3
 7299 007c 01D9     		bls	.L593
5075:Middlewares/Third_Party/FreeRTOS/Source/tasks.c **** 				}
 7300              		.loc 1 5075 6 discriminator 1 view .LVU2059
 7301 007e 0F4B     		ldr	r3, .L599+4
 7302 0080 1860     		str	r0, [r3]
 7303              	.L593:
5075:Middlewares/Third_Party/FreeRTOS/Source/tasks.c **** 				}
 7304              		.loc 1 5075 6 discriminator 3 view .LVU2060
5075:Middlewares/Third_Party/FreeRTOS/Source/tasks.c **** 				}
 7305              		.loc 1 5075 6 discriminator 3 view .LVU2061
 7306 0082 00EB8000 		add	r0, r0, r0, lsl #2
 7307 0086 3946     		mov	r1, r7
 7308 0088 0D4B     		ldr	r3, .L599+8
 7309 008a 03EB8000 		add	r0, r3, r0, lsl #2
 7310 008e FFF7FEFF 		bl	vListInsertEnd
 7311              	.LVL494:
5075:Middlewares/Third_Party/FreeRTOS/Source/tasks.c **** 				}
 7312              		.loc 1 5075 36 discriminator 4 view .LVU2062
 7313              	.L594:
5084:Middlewares/Third_Party/FreeRTOS/Source/tasks.c **** 				{
 7314              		.loc 1 5084 5 view .LVU2063
5084:Middlewares/Third_Party/FreeRTOS/Source/tasks.c **** 				{
 7315              		.loc 1 5084 14 is_stmt 0 view .LVU2064
 7316 0092 E26A     		ldr	r2, [r4, #44]
5084:Middlewares/Third_Party/FreeRTOS/Source/tasks.c **** 				{
 7317              		.loc 1 5084 41 view .LVU2065
 7318 0094 0B4B     		ldr	r3, .L599+12
 7319 0096 1B68     		ldr	r3, [r3]
 7320 0098 DB6A     		ldr	r3, [r3, #44]
5084:Middlewares/Third_Party/FreeRTOS/Source/tasks.c **** 				{
 7321              		.loc 1 5084 7 view .LVU2066
 7322 009a 9A42     		cmp	r2, r3
 7323 009c CBD9     		bls	.L589
5088:Middlewares/Third_Party/FreeRTOS/Source/tasks.c **** 					{
 7324              		.loc 1 5088 6 is_stmt 1 view .LVU2067
5088:Middlewares/Third_Party/FreeRTOS/Source/tasks.c **** 					{
 7325              		.loc 1 5088 8 is_stmt 0 view .LVU2068
 7326 009e 0DB1     		cbz	r5, .L595
5090:Middlewares/Third_Party/FreeRTOS/Source/tasks.c **** 					}
 7327              		.loc 1 5090 7 is_stmt 1 view .LVU2069
5090:Middlewares/Third_Party/FreeRTOS/Source/tasks.c **** 					}
ARM GAS  C:\Users\jason\AppData\Local\Temp\ccaXxPCU.s 			page 259


 7328              		.loc 1 5090 34 is_stmt 0 view .LVU2070
 7329 00a0 0123     		movs	r3, #1
 7330 00a2 2B60     		str	r3, [r5]
 7331              	.L595:
5096:Middlewares/Third_Party/FreeRTOS/Source/tasks.c **** 				}
 7332              		.loc 1 5096 6 is_stmt 1 view .LVU2071
5096:Middlewares/Third_Party/FreeRTOS/Source/tasks.c **** 				}
 7333              		.loc 1 5096 20 is_stmt 0 view .LVU2072
 7334 00a4 084B     		ldr	r3, .L599+16
 7335 00a6 0122     		movs	r2, #1
 7336 00a8 1A60     		str	r2, [r3]
 7337 00aa C4E7     		b	.L589
 7338              	.LVL495:
 7339              	.L592:
5081:Middlewares/Third_Party/FreeRTOS/Source/tasks.c **** 				}
 7340              		.loc 1 5081 6 is_stmt 1 view .LVU2073
 7341 00ac 04F11801 		add	r1, r4, #24
 7342 00b0 0648     		ldr	r0, .L599+20
 7343 00b2 FFF7FEFF 		bl	vListInsertEnd
 7344              	.LVL496:
5081:Middlewares/Third_Party/FreeRTOS/Source/tasks.c **** 				}
 7345              		.loc 1 5081 6 is_stmt 0 view .LVU2074
 7346 00b6 ECE7     		b	.L594
 7347              	.L600:
 7348              		.align	2
 7349              	.L599:
 7350 00b8 00000000 		.word	uxSchedulerSuspended
 7351 00bc 00000000 		.word	uxTopReadyPriority
 7352 00c0 00000000 		.word	pxReadyTasksLists
 7353 00c4 00000000 		.word	pxCurrentTCB
 7354 00c8 00000000 		.word	xYieldPending
 7355 00cc 00000000 		.word	xPendingReadyList
 7356              		.cfi_endproc
 7357              	.LFE62:
 7359              		.section	.text.xTaskNotifyStateClear,"ax",%progbits
 7360              		.align	1
 7361              		.global	xTaskNotifyStateClear
 7362              		.syntax unified
 7363              		.thumb
 7364              		.thumb_func
 7366              	xTaskNotifyStateClear:
 7367              	.LVL497:
 7368              	.LFB63:
5113:Middlewares/Third_Party/FreeRTOS/Source/tasks.c **** 	TCB_t *pxTCB;
 7369              		.loc 1 5113 2 is_stmt 1 view -0
 7370              		.cfi_startproc
 7371              		@ args = 0, pretend = 0, frame = 0
 7372              		@ frame_needed = 0, uses_anonymous_args = 0
5113:Middlewares/Third_Party/FreeRTOS/Source/tasks.c **** 	TCB_t *pxTCB;
 7373              		.loc 1 5113 2 is_stmt 0 view .LVU2076
 7374 0000 10B5     		push	{r4, lr}
 7375              		.cfi_def_cfa_offset 8
 7376              		.cfi_offset 4, -8
 7377              		.cfi_offset 14, -4
5114:Middlewares/Third_Party/FreeRTOS/Source/tasks.c **** 	BaseType_t xReturn;
 7378              		.loc 1 5114 2 is_stmt 1 view .LVU2077
5115:Middlewares/Third_Party/FreeRTOS/Source/tasks.c **** 
ARM GAS  C:\Users\jason\AppData\Local\Temp\ccaXxPCU.s 			page 260


 7379              		.loc 1 5115 2 view .LVU2078
5119:Middlewares/Third_Party/FreeRTOS/Source/tasks.c **** 
 7380              		.loc 1 5119 3 view .LVU2079
5119:Middlewares/Third_Party/FreeRTOS/Source/tasks.c **** 
 7381              		.loc 1 5119 11 is_stmt 0 view .LVU2080
 7382 0002 0446     		mov	r4, r0
 7383 0004 58B1     		cbz	r0, .L606
 7384              	.LVL498:
 7385              	.L602:
5121:Middlewares/Third_Party/FreeRTOS/Source/tasks.c **** 		{
 7386              		.loc 1 5121 3 is_stmt 1 view .LVU2081
 7387 0006 FFF7FEFF 		bl	vPortEnterCritical
 7388              	.LVL499:
5123:Middlewares/Third_Party/FreeRTOS/Source/tasks.c **** 			{
 7389              		.loc 1 5123 4 view .LVU2082
5123:Middlewares/Third_Party/FreeRTOS/Source/tasks.c **** 			{
 7390              		.loc 1 5123 13 is_stmt 0 view .LVU2083
 7391 000a 94F85830 		ldrb	r3, [r4, #88]	@ zero_extendqisi2
5123:Middlewares/Third_Party/FreeRTOS/Source/tasks.c **** 			{
 7392              		.loc 1 5123 6 view .LVU2084
 7393 000e 022B     		cmp	r3, #2
 7394 0010 09D0     		beq	.L607
5130:Middlewares/Third_Party/FreeRTOS/Source/tasks.c **** 			}
 7395              		.loc 1 5130 13 view .LVU2085
 7396 0012 0023     		movs	r3, #0
 7397 0014 1C46     		mov	r4, r3
 7398              	.LVL500:
 7399              	.L603:
5133:Middlewares/Third_Party/FreeRTOS/Source/tasks.c **** 
 7400              		.loc 1 5133 3 is_stmt 1 view .LVU2086
 7401 0016 FFF7FEFF 		bl	vPortExitCritical
 7402              	.LVL501:
5135:Middlewares/Third_Party/FreeRTOS/Source/tasks.c **** 	}
 7403              		.loc 1 5135 3 view .LVU2087
5136:Middlewares/Third_Party/FreeRTOS/Source/tasks.c **** 
 7404              		.loc 1 5136 2 is_stmt 0 view .LVU2088
 7405 001a 2046     		mov	r0, r4
 7406 001c 10BD     		pop	{r4, pc}
 7407              	.LVL502:
 7408              	.L606:
5119:Middlewares/Third_Party/FreeRTOS/Source/tasks.c **** 
 7409              		.loc 1 5119 9 discriminator 1 view .LVU2089
 7410 001e 054B     		ldr	r3, .L608
 7411 0020 1B68     		ldr	r3, [r3]
 7412              	.LVL503:
5119:Middlewares/Third_Party/FreeRTOS/Source/tasks.c **** 
 7413              		.loc 1 5119 9 discriminator 1 view .LVU2090
 7414 0022 1C46     		mov	r4, r3
 7415 0024 EFE7     		b	.L602
 7416              	.LVL504:
 7417              	.L607:
5125:Middlewares/Third_Party/FreeRTOS/Source/tasks.c **** 				xReturn = pdPASS;
 7418              		.loc 1 5125 5 is_stmt 1 view .LVU2091
5125:Middlewares/Third_Party/FreeRTOS/Source/tasks.c **** 				xReturn = pdPASS;
 7419              		.loc 1 5125 26 is_stmt 0 view .LVU2092
 7420 0026 0023     		movs	r3, #0
 7421 0028 84F85830 		strb	r3, [r4, #88]
ARM GAS  C:\Users\jason\AppData\Local\Temp\ccaXxPCU.s 			page 261


5126:Middlewares/Third_Party/FreeRTOS/Source/tasks.c **** 			}
 7422              		.loc 1 5126 5 is_stmt 1 view .LVU2093
 7423              	.LVL505:
5126:Middlewares/Third_Party/FreeRTOS/Source/tasks.c **** 			}
 7424              		.loc 1 5126 13 is_stmt 0 view .LVU2094
 7425 002c 0123     		movs	r3, #1
 7426 002e 1C46     		mov	r4, r3
 7427              	.LVL506:
5126:Middlewares/Third_Party/FreeRTOS/Source/tasks.c **** 			}
 7428              		.loc 1 5126 13 view .LVU2095
 7429 0030 F1E7     		b	.L603
 7430              	.L609:
 7431 0032 00BF     		.align	2
 7432              	.L608:
 7433 0034 00000000 		.word	pxCurrentTCB
 7434              		.cfi_endproc
 7435              	.LFE63:
 7437              		.section	.text.ulTaskNotifyValueClear,"ax",%progbits
 7438              		.align	1
 7439              		.global	ulTaskNotifyValueClear
 7440              		.syntax unified
 7441              		.thumb
 7442              		.thumb_func
 7444              	ulTaskNotifyValueClear:
 7445              	.LVL507:
 7446              	.LFB64:
5144:Middlewares/Third_Party/FreeRTOS/Source/tasks.c **** 	TCB_t *pxTCB;
 7447              		.loc 1 5144 2 is_stmt 1 view -0
 7448              		.cfi_startproc
 7449              		@ args = 0, pretend = 0, frame = 0
 7450              		@ frame_needed = 0, uses_anonymous_args = 0
5144:Middlewares/Third_Party/FreeRTOS/Source/tasks.c **** 	TCB_t *pxTCB;
 7451              		.loc 1 5144 2 is_stmt 0 view .LVU2097
 7452 0000 70B5     		push	{r4, r5, r6, lr}
 7453              		.cfi_def_cfa_offset 16
 7454              		.cfi_offset 4, -16
 7455              		.cfi_offset 5, -12
 7456              		.cfi_offset 6, -8
 7457              		.cfi_offset 14, -4
 7458 0002 0E46     		mov	r6, r1
5145:Middlewares/Third_Party/FreeRTOS/Source/tasks.c **** 	uint32_t ulReturn;
 7459              		.loc 1 5145 2 is_stmt 1 view .LVU2098
5146:Middlewares/Third_Party/FreeRTOS/Source/tasks.c **** 
 7460              		.loc 1 5146 2 view .LVU2099
5150:Middlewares/Third_Party/FreeRTOS/Source/tasks.c **** 
 7461              		.loc 1 5150 3 view .LVU2100
5150:Middlewares/Third_Party/FreeRTOS/Source/tasks.c **** 
 7462              		.loc 1 5150 11 is_stmt 0 view .LVU2101
 7463 0004 0446     		mov	r4, r0
 7464 0006 60B1     		cbz	r0, .L613
 7465              	.LVL508:
 7466              	.L611:
5152:Middlewares/Third_Party/FreeRTOS/Source/tasks.c **** 		{
 7467              		.loc 1 5152 3 is_stmt 1 view .LVU2102
 7468 0008 FFF7FEFF 		bl	vPortEnterCritical
 7469              	.LVL509:
5156:Middlewares/Third_Party/FreeRTOS/Source/tasks.c **** 			pxTCB->ulNotifiedValue &= ~ulBitsToClear;
ARM GAS  C:\Users\jason\AppData\Local\Temp\ccaXxPCU.s 			page 262


 7470              		.loc 1 5156 4 view .LVU2103
5156:Middlewares/Third_Party/FreeRTOS/Source/tasks.c **** 			pxTCB->ulNotifiedValue &= ~ulBitsToClear;
 7471              		.loc 1 5156 27 is_stmt 0 view .LVU2104
 7472 000c 064B     		ldr	r3, .L614
 7473 000e 1B68     		ldr	r3, [r3]
5156:Middlewares/Third_Party/FreeRTOS/Source/tasks.c **** 			pxTCB->ulNotifiedValue &= ~ulBitsToClear;
 7474              		.loc 1 5156 13 view .LVU2105
 7475 0010 5D6D     		ldr	r5, [r3, #84]
 7476              	.LVL510:
5157:Middlewares/Third_Party/FreeRTOS/Source/tasks.c **** 		}
 7477              		.loc 1 5157 4 is_stmt 1 view .LVU2106
5157:Middlewares/Third_Party/FreeRTOS/Source/tasks.c **** 		}
 7478              		.loc 1 5157 9 is_stmt 0 view .LVU2107
 7479 0012 636D     		ldr	r3, [r4, #84]
5157:Middlewares/Third_Party/FreeRTOS/Source/tasks.c **** 		}
 7480              		.loc 1 5157 27 view .LVU2108
 7481 0014 23EA0603 		bic	r3, r3, r6
 7482 0018 6365     		str	r3, [r4, #84]
5159:Middlewares/Third_Party/FreeRTOS/Source/tasks.c **** 
 7483              		.loc 1 5159 3 is_stmt 1 view .LVU2109
 7484 001a FFF7FEFF 		bl	vPortExitCritical
 7485              	.LVL511:
5161:Middlewares/Third_Party/FreeRTOS/Source/tasks.c **** 	}
 7486              		.loc 1 5161 3 view .LVU2110
5162:Middlewares/Third_Party/FreeRTOS/Source/tasks.c **** 
 7487              		.loc 1 5162 2 is_stmt 0 view .LVU2111
 7488 001e 2846     		mov	r0, r5
 7489 0020 70BD     		pop	{r4, r5, r6, pc}
 7490              	.LVL512:
 7491              	.L613:
5150:Middlewares/Third_Party/FreeRTOS/Source/tasks.c **** 
 7492              		.loc 1 5150 9 discriminator 1 view .LVU2112
 7493 0022 014B     		ldr	r3, .L614
 7494 0024 1C68     		ldr	r4, [r3]
 7495              	.LVL513:
5150:Middlewares/Third_Party/FreeRTOS/Source/tasks.c **** 
 7496              		.loc 1 5150 9 discriminator 1 view .LVU2113
 7497 0026 EFE7     		b	.L611
 7498              	.L615:
 7499              		.align	2
 7500              	.L614:
 7501 0028 00000000 		.word	pxCurrentTCB
 7502              		.cfi_endproc
 7503              	.LFE64:
 7505              		.section	.bss.uxSchedulerSuspended,"aw",%nobits
 7506              		.align	2
 7509              	uxSchedulerSuspended:
 7510 0000 00000000 		.space	4
 7511              		.section	.bss.xIdleTaskHandle,"aw",%nobits
 7512              		.align	2
 7515              	xIdleTaskHandle:
 7516 0000 00000000 		.space	4
 7517              		.section	.bss.xNextTaskUnblockTime,"aw",%nobits
 7518              		.align	2
 7521              	xNextTaskUnblockTime:
 7522 0000 00000000 		.space	4
 7523              		.section	.bss.uxTaskNumber,"aw",%nobits
ARM GAS  C:\Users\jason\AppData\Local\Temp\ccaXxPCU.s 			page 263


 7524              		.align	2
 7527              	uxTaskNumber:
 7528 0000 00000000 		.space	4
 7529              		.section	.bss.xNumOfOverflows,"aw",%nobits
 7530              		.align	2
 7533              	xNumOfOverflows:
 7534 0000 00000000 		.space	4
 7535              		.section	.bss.xYieldPending,"aw",%nobits
 7536              		.align	2
 7539              	xYieldPending:
 7540 0000 00000000 		.space	4
 7541              		.section	.bss.xPendedTicks,"aw",%nobits
 7542              		.align	2
 7545              	xPendedTicks:
 7546 0000 00000000 		.space	4
 7547              		.section	.bss.xSchedulerRunning,"aw",%nobits
 7548              		.align	2
 7551              	xSchedulerRunning:
 7552 0000 00000000 		.space	4
 7553              		.section	.bss.uxTopReadyPriority,"aw",%nobits
 7554              		.align	2
 7557              	uxTopReadyPriority:
 7558 0000 00000000 		.space	4
 7559              		.section	.bss.xTickCount,"aw",%nobits
 7560              		.align	2
 7563              	xTickCount:
 7564 0000 00000000 		.space	4
 7565              		.section	.bss.uxCurrentNumberOfTasks,"aw",%nobits
 7566              		.align	2
 7569              	uxCurrentNumberOfTasks:
 7570 0000 00000000 		.space	4
 7571              		.section	.bss.xSuspendedTaskList,"aw",%nobits
 7572              		.align	2
 7575              	xSuspendedTaskList:
 7576 0000 00000000 		.space	20
 7576      00000000 
 7576      00000000 
 7576      00000000 
 7576      00000000 
 7577              		.section	.bss.uxDeletedTasksWaitingCleanUp,"aw",%nobits
 7578              		.align	2
 7581              	uxDeletedTasksWaitingCleanUp:
 7582 0000 00000000 		.space	4
 7583              		.section	.bss.xTasksWaitingTermination,"aw",%nobits
 7584              		.align	2
 7587              	xTasksWaitingTermination:
 7588 0000 00000000 		.space	20
 7588      00000000 
 7588      00000000 
 7588      00000000 
 7588      00000000 
 7589              		.section	.bss.xPendingReadyList,"aw",%nobits
 7590              		.align	2
 7593              	xPendingReadyList:
 7594 0000 00000000 		.space	20
 7594      00000000 
 7594      00000000 
ARM GAS  C:\Users\jason\AppData\Local\Temp\ccaXxPCU.s 			page 264


 7594      00000000 
 7594      00000000 
 7595              		.section	.bss.pxOverflowDelayedTaskList,"aw",%nobits
 7596              		.align	2
 7599              	pxOverflowDelayedTaskList:
 7600 0000 00000000 		.space	4
 7601              		.section	.bss.pxDelayedTaskList,"aw",%nobits
 7602              		.align	2
 7605              	pxDelayedTaskList:
 7606 0000 00000000 		.space	4
 7607              		.section	.bss.xDelayedTaskList2,"aw",%nobits
 7608              		.align	2
 7611              	xDelayedTaskList2:
 7612 0000 00000000 		.space	20
 7612      00000000 
 7612      00000000 
 7612      00000000 
 7612      00000000 
 7613              		.section	.bss.xDelayedTaskList1,"aw",%nobits
 7614              		.align	2
 7617              	xDelayedTaskList1:
 7618 0000 00000000 		.space	20
 7618      00000000 
 7618      00000000 
 7618      00000000 
 7618      00000000 
 7619              		.section	.bss.pxReadyTasksLists,"aw",%nobits
 7620              		.align	2
 7623              	pxReadyTasksLists:
 7624 0000 00000000 		.space	1120
 7624      00000000 
 7624      00000000 
 7624      00000000 
 7624      00000000 
 7625              		.global	pxCurrentTCB
 7626              		.section	.bss.pxCurrentTCB,"aw",%nobits
 7627              		.align	2
 7630              	pxCurrentTCB:
 7631 0000 00000000 		.space	4
 7632              		.text
 7633              	.Letext0:
 7634              		.file 3 "C:/Users/jason/AppData/Roaming/Code/User/globalStorage/bmd.stm32-for-vscode/@xpack-dev-to
 7635              		.file 4 "C:/Users/jason/AppData/Roaming/Code/User/globalStorage/bmd.stm32-for-vscode/@xpack-dev-to
 7636              		.file 5 "C:/Users/jason/AppData/Roaming/Code/User/globalStorage/bmd.stm32-for-vscode/@xpack-dev-to
 7637              		.file 6 "Middlewares/Third_Party/FreeRTOS/Source/include/projdefs.h"
 7638              		.file 7 "Middlewares/Third_Party/FreeRTOS/Source/include/FreeRTOS.h"
 7639              		.file 8 "Middlewares/Third_Party/FreeRTOS/Source/include/list.h"
 7640              		.file 9 "Middlewares/Third_Party/FreeRTOS/Source/include/task.h"
 7641              		.file 10 "Middlewares/Third_Party/FreeRTOS/Source/include/portable.h"
 7642              		.file 11 "Middlewares/Third_Party/FreeRTOS/Source/include/timers.h"
 7643              		.file 12 "C:/Users/jason/AppData/Roaming/Code/User/globalStorage/bmd.stm32-for-vscode/@xpack-dev-t
ARM GAS  C:\Users\jason\AppData\Local\Temp\ccaXxPCU.s 			page 265


DEFINED SYMBOLS
                            *ABS*:00000000 tasks.c
C:\Users\jason\AppData\Local\Temp\ccaXxPCU.s:20     .text.prvTaskIsTaskSuspended:00000000 $t
C:\Users\jason\AppData\Local\Temp\ccaXxPCU.s:25     .text.prvTaskIsTaskSuspended:00000000 prvTaskIsTaskSuspended
C:\Users\jason\AppData\Local\Temp\ccaXxPCU.s:110    .text.prvTaskIsTaskSuspended:00000038 $d
C:\Users\jason\AppData\Local\Temp\ccaXxPCU.s:7575   .bss.xSuspendedTaskList:00000000 xSuspendedTaskList
C:\Users\jason\AppData\Local\Temp\ccaXxPCU.s:7593   .bss.xPendingReadyList:00000000 xPendingReadyList
C:\Users\jason\AppData\Local\Temp\ccaXxPCU.s:116    .text.prvTaskCheckFreeStackSpace:00000000 $t
C:\Users\jason\AppData\Local\Temp\ccaXxPCU.s:121    .text.prvTaskCheckFreeStackSpace:00000000 prvTaskCheckFreeStackSpace
C:\Users\jason\AppData\Local\Temp\ccaXxPCU.s:164    .text.prvResetNextTaskUnblockTime:00000000 $t
C:\Users\jason\AppData\Local\Temp\ccaXxPCU.s:169    .text.prvResetNextTaskUnblockTime:00000000 prvResetNextTaskUnblockTime
C:\Users\jason\AppData\Local\Temp\ccaXxPCU.s:212    .text.prvResetNextTaskUnblockTime:00000024 $d
C:\Users\jason\AppData\Local\Temp\ccaXxPCU.s:7605   .bss.pxDelayedTaskList:00000000 pxDelayedTaskList
C:\Users\jason\AppData\Local\Temp\ccaXxPCU.s:7521   .bss.xNextTaskUnblockTime:00000000 xNextTaskUnblockTime
C:\Users\jason\AppData\Local\Temp\ccaXxPCU.s:218    .text.prvInitialiseNewTask:00000000 $t
C:\Users\jason\AppData\Local\Temp\ccaXxPCU.s:223    .text.prvInitialiseNewTask:00000000 prvInitialiseNewTask
C:\Users\jason\AppData\Local\Temp\ccaXxPCU.s:385    .text.prvInitialiseTaskLists:00000000 $t
C:\Users\jason\AppData\Local\Temp\ccaXxPCU.s:390    .text.prvInitialiseTaskLists:00000000 prvInitialiseTaskLists
C:\Users\jason\AppData\Local\Temp\ccaXxPCU.s:463    .text.prvInitialiseTaskLists:00000048 $d
C:\Users\jason\AppData\Local\Temp\ccaXxPCU.s:7623   .bss.pxReadyTasksLists:00000000 pxReadyTasksLists
C:\Users\jason\AppData\Local\Temp\ccaXxPCU.s:7617   .bss.xDelayedTaskList1:00000000 xDelayedTaskList1
C:\Users\jason\AppData\Local\Temp\ccaXxPCU.s:7611   .bss.xDelayedTaskList2:00000000 xDelayedTaskList2
C:\Users\jason\AppData\Local\Temp\ccaXxPCU.s:7587   .bss.xTasksWaitingTermination:00000000 xTasksWaitingTermination
C:\Users\jason\AppData\Local\Temp\ccaXxPCU.s:7599   .bss.pxOverflowDelayedTaskList:00000000 pxOverflowDelayedTaskList
C:\Users\jason\AppData\Local\Temp\ccaXxPCU.s:475    .text.prvAddNewTaskToReadyList:00000000 $t
C:\Users\jason\AppData\Local\Temp\ccaXxPCU.s:480    .text.prvAddNewTaskToReadyList:00000000 prvAddNewTaskToReadyList
C:\Users\jason\AppData\Local\Temp\ccaXxPCU.s:621    .text.prvAddNewTaskToReadyList:00000094 $d
C:\Users\jason\AppData\Local\Temp\ccaXxPCU.s:7569   .bss.uxCurrentNumberOfTasks:00000000 uxCurrentNumberOfTasks
C:\Users\jason\AppData\Local\Temp\ccaXxPCU.s:7630   .bss.pxCurrentTCB:00000000 pxCurrentTCB
C:\Users\jason\AppData\Local\Temp\ccaXxPCU.s:7551   .bss.xSchedulerRunning:00000000 xSchedulerRunning
C:\Users\jason\AppData\Local\Temp\ccaXxPCU.s:7527   .bss.uxTaskNumber:00000000 uxTaskNumber
C:\Users\jason\AppData\Local\Temp\ccaXxPCU.s:7557   .bss.uxTopReadyPriority:00000000 uxTopReadyPriority
C:\Users\jason\AppData\Local\Temp\ccaXxPCU.s:631    .text.prvDeleteTCB:00000000 $t
C:\Users\jason\AppData\Local\Temp\ccaXxPCU.s:636    .text.prvDeleteTCB:00000000 prvDeleteTCB
C:\Users\jason\AppData\Local\Temp\ccaXxPCU.s:709    .text.prvCheckTasksWaitingTermination:00000000 $t
C:\Users\jason\AppData\Local\Temp\ccaXxPCU.s:714    .text.prvCheckTasksWaitingTermination:00000000 prvCheckTasksWaitingTermination
C:\Users\jason\AppData\Local\Temp\ccaXxPCU.s:785    .text.prvCheckTasksWaitingTermination:00000040 $d
C:\Users\jason\AppData\Local\Temp\ccaXxPCU.s:7581   .bss.uxDeletedTasksWaitingCleanUp:00000000 uxDeletedTasksWaitingCleanUp
C:\Users\jason\AppData\Local\Temp\ccaXxPCU.s:792    .text.prvIdleTask:00000000 $t
C:\Users\jason\AppData\Local\Temp\ccaXxPCU.s:797    .text.prvIdleTask:00000000 prvIdleTask
C:\Users\jason\AppData\Local\Temp\ccaXxPCU.s:845    .text.prvIdleTask:00000024 $d
C:\Users\jason\AppData\Local\Temp\ccaXxPCU.s:850    .text.prvAddCurrentTaskToDelayedList:00000000 $t
C:\Users\jason\AppData\Local\Temp\ccaXxPCU.s:855    .text.prvAddCurrentTaskToDelayedList:00000000 prvAddCurrentTaskToDelayedList
C:\Users\jason\AppData\Local\Temp\ccaXxPCU.s:965    .text.prvAddCurrentTaskToDelayedList:0000006c $d
C:\Users\jason\AppData\Local\Temp\ccaXxPCU.s:7563   .bss.xTickCount:00000000 xTickCount
C:\Users\jason\AppData\Local\Temp\ccaXxPCU.s:975    .text.xTaskCreateStatic:00000000 $t
C:\Users\jason\AppData\Local\Temp\ccaXxPCU.s:981    .text.xTaskCreateStatic:00000000 xTaskCreateStatic
C:\Users\jason\AppData\Local\Temp\ccaXxPCU.s:1142   .text.xTaskCreate:00000000 $t
C:\Users\jason\AppData\Local\Temp\ccaXxPCU.s:1148   .text.xTaskCreate:00000000 xTaskCreate
C:\Users\jason\AppData\Local\Temp\ccaXxPCU.s:1262   .text.vTaskDelete:00000000 $t
C:\Users\jason\AppData\Local\Temp\ccaXxPCU.s:1268   .text.vTaskDelete:00000000 vTaskDelete
C:\Users\jason\AppData\Local\Temp\ccaXxPCU.s:1433   .text.vTaskDelete:0000009c $d
C:\Users\jason\AppData\Local\Temp\ccaXxPCU.s:7509   .bss.uxSchedulerSuspended:00000000 uxSchedulerSuspended
C:\Users\jason\AppData\Local\Temp\ccaXxPCU.s:1444   .text.eTaskGetState:00000000 $t
C:\Users\jason\AppData\Local\Temp\ccaXxPCU.s:1450   .text.eTaskGetState:00000000 eTaskGetState
C:\Users\jason\AppData\Local\Temp\ccaXxPCU.s:1595   .text.eTaskGetState:00000074 $d
C:\Users\jason\AppData\Local\Temp\ccaXxPCU.s:1604   .text.uxTaskPriorityGet:00000000 $t
ARM GAS  C:\Users\jason\AppData\Local\Temp\ccaXxPCU.s 			page 266


C:\Users\jason\AppData\Local\Temp\ccaXxPCU.s:1610   .text.uxTaskPriorityGet:00000000 uxTaskPriorityGet
C:\Users\jason\AppData\Local\Temp\ccaXxPCU.s:1655   .text.uxTaskPriorityGet:0000001c $d
C:\Users\jason\AppData\Local\Temp\ccaXxPCU.s:1660   .text.uxTaskPriorityGetFromISR:00000000 $t
C:\Users\jason\AppData\Local\Temp\ccaXxPCU.s:1666   .text.uxTaskPriorityGetFromISR:00000000 uxTaskPriorityGetFromISR
C:\Users\jason\AppData\Local\Temp\ccaXxPCU.s:1744   .text.uxTaskPriorityGetFromISR:0000002c $d
C:\Users\jason\AppData\Local\Temp\ccaXxPCU.s:1749   .text.vTaskPrioritySet:00000000 $t
C:\Users\jason\AppData\Local\Temp\ccaXxPCU.s:1755   .text.vTaskPrioritySet:00000000 vTaskPrioritySet
C:\Users\jason\AppData\Local\Temp\ccaXxPCU.s:1992   .text.vTaskPrioritySet:000000d4 $d
C:\Users\jason\AppData\Local\Temp\ccaXxPCU.s:1999   .text.vTaskResume:00000000 $t
C:\Users\jason\AppData\Local\Temp\ccaXxPCU.s:2005   .text.vTaskResume:00000000 vTaskResume
C:\Users\jason\AppData\Local\Temp\ccaXxPCU.s:2136   .text.vTaskResume:0000007c $d
C:\Users\jason\AppData\Local\Temp\ccaXxPCU.s:2143   .text.xTaskResumeFromISR:00000000 $t
C:\Users\jason\AppData\Local\Temp\ccaXxPCU.s:2149   .text.xTaskResumeFromISR:00000000 xTaskResumeFromISR
C:\Users\jason\AppData\Local\Temp\ccaXxPCU.s:2324   .text.xTaskResumeFromISR:0000009c $d
C:\Users\jason\AppData\Local\Temp\ccaXxPCU.s:2333   .rodata.vTaskStartScheduler.str1.4:00000000 $d
C:\Users\jason\AppData\Local\Temp\ccaXxPCU.s:2337   .text.vTaskStartScheduler:00000000 $t
C:\Users\jason\AppData\Local\Temp\ccaXxPCU.s:2343   .text.vTaskStartScheduler:00000000 vTaskStartScheduler
C:\Users\jason\AppData\Local\Temp\ccaXxPCU.s:2488   .text.vTaskStartScheduler:00000080 $d
C:\Users\jason\AppData\Local\Temp\ccaXxPCU.s:7515   .bss.xIdleTaskHandle:00000000 xIdleTaskHandle
C:\Users\jason\AppData\Local\Temp\ccaXxPCU.s:2498   .text.vTaskEndScheduler:00000000 $t
C:\Users\jason\AppData\Local\Temp\ccaXxPCU.s:2504   .text.vTaskEndScheduler:00000000 vTaskEndScheduler
C:\Users\jason\AppData\Local\Temp\ccaXxPCU.s:2546   .text.vTaskEndScheduler:00000020 $d
C:\Users\jason\AppData\Local\Temp\ccaXxPCU.s:2551   .text.vTaskSuspendAll:00000000 $t
C:\Users\jason\AppData\Local\Temp\ccaXxPCU.s:2557   .text.vTaskSuspendAll:00000000 vTaskSuspendAll
C:\Users\jason\AppData\Local\Temp\ccaXxPCU.s:2576   .text.vTaskSuspendAll:0000000c $d
C:\Users\jason\AppData\Local\Temp\ccaXxPCU.s:2581   .text.xTaskGetTickCount:00000000 $t
C:\Users\jason\AppData\Local\Temp\ccaXxPCU.s:2587   .text.xTaskGetTickCount:00000000 xTaskGetTickCount
C:\Users\jason\AppData\Local\Temp\ccaXxPCU.s:2608   .text.xTaskGetTickCount:00000008 $d
C:\Users\jason\AppData\Local\Temp\ccaXxPCU.s:2613   .text.xTaskGetTickCountFromISR:00000000 $t
C:\Users\jason\AppData\Local\Temp\ccaXxPCU.s:2619   .text.xTaskGetTickCountFromISR:00000000 xTaskGetTickCountFromISR
C:\Users\jason\AppData\Local\Temp\ccaXxPCU.s:2647   .text.xTaskGetTickCountFromISR:0000000c $d
C:\Users\jason\AppData\Local\Temp\ccaXxPCU.s:2652   .text.uxTaskGetNumberOfTasks:00000000 $t
C:\Users\jason\AppData\Local\Temp\ccaXxPCU.s:2658   .text.uxTaskGetNumberOfTasks:00000000 uxTaskGetNumberOfTasks
C:\Users\jason\AppData\Local\Temp\ccaXxPCU.s:2674   .text.uxTaskGetNumberOfTasks:00000008 $d
C:\Users\jason\AppData\Local\Temp\ccaXxPCU.s:2679   .text.pcTaskGetName:00000000 $t
C:\Users\jason\AppData\Local\Temp\ccaXxPCU.s:2685   .text.pcTaskGetName:00000000 pcTaskGetName
C:\Users\jason\AppData\Local\Temp\ccaXxPCU.s:2741   .text.pcTaskGetName:00000024 $d
C:\Users\jason\AppData\Local\Temp\ccaXxPCU.s:2746   .text.xTaskIncrementTick:00000000 $t
C:\Users\jason\AppData\Local\Temp\ccaXxPCU.s:2752   .text.xTaskIncrementTick:00000000 xTaskIncrementTick
C:\Users\jason\AppData\Local\Temp\ccaXxPCU.s:3027   .text.xTaskIncrementTick:000000f8 $d
C:\Users\jason\AppData\Local\Temp\ccaXxPCU.s:7533   .bss.xNumOfOverflows:00000000 xNumOfOverflows
C:\Users\jason\AppData\Local\Temp\ccaXxPCU.s:7539   .bss.xYieldPending:00000000 xYieldPending
C:\Users\jason\AppData\Local\Temp\ccaXxPCU.s:7545   .bss.xPendedTicks:00000000 xPendedTicks
C:\Users\jason\AppData\Local\Temp\ccaXxPCU.s:3042   .text.xTaskResumeAll:00000000 $t
C:\Users\jason\AppData\Local\Temp\ccaXxPCU.s:3048   .text.xTaskResumeAll:00000000 xTaskResumeAll
C:\Users\jason\AppData\Local\Temp\ccaXxPCU.s:3282   .text.xTaskResumeAll:000000d8 $d
C:\Users\jason\AppData\Local\Temp\ccaXxPCU.s:3294   .text.vTaskDelayUntil:00000000 $t
C:\Users\jason\AppData\Local\Temp\ccaXxPCU.s:3300   .text.vTaskDelayUntil:00000000 vTaskDelayUntil
C:\Users\jason\AppData\Local\Temp\ccaXxPCU.s:3511   .text.vTaskDelayUntil:000000a0 $d
C:\Users\jason\AppData\Local\Temp\ccaXxPCU.s:3518   .text.vTaskDelay:00000000 $t
C:\Users\jason\AppData\Local\Temp\ccaXxPCU.s:3524   .text.vTaskDelay:00000000 vTaskDelay
C:\Users\jason\AppData\Local\Temp\ccaXxPCU.s:3612   .text.vTaskDelay:00000048 $d
C:\Users\jason\AppData\Local\Temp\ccaXxPCU.s:3617   .text.xTaskCatchUpTicks:00000000 $t
C:\Users\jason\AppData\Local\Temp\ccaXxPCU.s:3623   .text.xTaskCatchUpTicks:00000000 xTaskCatchUpTicks
C:\Users\jason\AppData\Local\Temp\ccaXxPCU.s:3686   .text.xTaskCatchUpTicks:00000030 $d
C:\Users\jason\AppData\Local\Temp\ccaXxPCU.s:3692   .text.vTaskSwitchContext:00000000 $t
C:\Users\jason\AppData\Local\Temp\ccaXxPCU.s:3698   .text.vTaskSwitchContext:00000000 vTaskSwitchContext
ARM GAS  C:\Users\jason\AppData\Local\Temp\ccaXxPCU.s 			page 267


C:\Users\jason\AppData\Local\Temp\ccaXxPCU.s:3876   .text.vTaskSwitchContext:000000b8 $d
C:\Users\jason\AppData\Local\Temp\ccaXxPCU.s:3887   .text.vTaskSuspend:00000000 $t
C:\Users\jason\AppData\Local\Temp\ccaXxPCU.s:3893   .text.vTaskSuspend:00000000 vTaskSuspend
C:\Users\jason\AppData\Local\Temp\ccaXxPCU.s:4077   .text.vTaskSuspend:000000ac $d
C:\Users\jason\AppData\Local\Temp\ccaXxPCU.s:4086   .text.vTaskPlaceOnEventList:00000000 $t
C:\Users\jason\AppData\Local\Temp\ccaXxPCU.s:4092   .text.vTaskPlaceOnEventList:00000000 vTaskPlaceOnEventList
C:\Users\jason\AppData\Local\Temp\ccaXxPCU.s:4154   .text.vTaskPlaceOnEventList:0000002c $d
C:\Users\jason\AppData\Local\Temp\ccaXxPCU.s:4159   .text.vTaskPlaceOnUnorderedEventList:00000000 $t
C:\Users\jason\AppData\Local\Temp\ccaXxPCU.s:4165   .text.vTaskPlaceOnUnorderedEventList:00000000 vTaskPlaceOnUnorderedEventList
C:\Users\jason\AppData\Local\Temp\ccaXxPCU.s:4271   .text.vTaskPlaceOnUnorderedEventList:00000050 $d
C:\Users\jason\AppData\Local\Temp\ccaXxPCU.s:4277   .text.vTaskPlaceOnEventListRestricted:00000000 $t
C:\Users\jason\AppData\Local\Temp\ccaXxPCU.s:4283   .text.vTaskPlaceOnEventListRestricted:00000000 vTaskPlaceOnEventListRestricted
C:\Users\jason\AppData\Local\Temp\ccaXxPCU.s:4356   .text.vTaskPlaceOnEventListRestricted:00000038 $d
C:\Users\jason\AppData\Local\Temp\ccaXxPCU.s:4361   .text.xTaskRemoveFromEventList:00000000 $t
C:\Users\jason\AppData\Local\Temp\ccaXxPCU.s:4367   .text.xTaskRemoveFromEventList:00000000 xTaskRemoveFromEventList
C:\Users\jason\AppData\Local\Temp\ccaXxPCU.s:4500   .text.xTaskRemoveFromEventList:00000078 $d
C:\Users\jason\AppData\Local\Temp\ccaXxPCU.s:4510   .text.vTaskRemoveFromUnorderedEventList:00000000 $t
C:\Users\jason\AppData\Local\Temp\ccaXxPCU.s:4516   .text.vTaskRemoveFromUnorderedEventList:00000000 vTaskRemoveFromUnorderedEventList
C:\Users\jason\AppData\Local\Temp\ccaXxPCU.s:4648   .text.vTaskRemoveFromUnorderedEventList:00000078 $d
C:\Users\jason\AppData\Local\Temp\ccaXxPCU.s:4657   .text.vTaskSetTimeOutState:00000000 $t
C:\Users\jason\AppData\Local\Temp\ccaXxPCU.s:4663   .text.vTaskSetTimeOutState:00000000 vTaskSetTimeOutState
C:\Users\jason\AppData\Local\Temp\ccaXxPCU.s:4727   .text.vTaskSetTimeOutState:00000030 $d
C:\Users\jason\AppData\Local\Temp\ccaXxPCU.s:4733   .text.vTaskInternalSetTimeOutState:00000000 $t
C:\Users\jason\AppData\Local\Temp\ccaXxPCU.s:4739   .text.vTaskInternalSetTimeOutState:00000000 vTaskInternalSetTimeOutState
C:\Users\jason\AppData\Local\Temp\ccaXxPCU.s:4762   .text.vTaskInternalSetTimeOutState:00000010 $d
C:\Users\jason\AppData\Local\Temp\ccaXxPCU.s:4768   .text.xTaskCheckForTimeOut:00000000 $t
C:\Users\jason\AppData\Local\Temp\ccaXxPCU.s:4774   .text.xTaskCheckForTimeOut:00000000 xTaskCheckForTimeOut
C:\Users\jason\AppData\Local\Temp\ccaXxPCU.s:4951   .text.xTaskCheckForTimeOut:00000080 $d
C:\Users\jason\AppData\Local\Temp\ccaXxPCU.s:4958   .text.vTaskMissedYield:00000000 $t
C:\Users\jason\AppData\Local\Temp\ccaXxPCU.s:4964   .text.vTaskMissedYield:00000000 vTaskMissedYield
C:\Users\jason\AppData\Local\Temp\ccaXxPCU.s:4981   .text.vTaskMissedYield:00000008 $d
C:\Users\jason\AppData\Local\Temp\ccaXxPCU.s:4986   .text.uxTaskGetTaskNumber:00000000 $t
C:\Users\jason\AppData\Local\Temp\ccaXxPCU.s:4992   .text.uxTaskGetTaskNumber:00000000 uxTaskGetTaskNumber
C:\Users\jason\AppData\Local\Temp\ccaXxPCU.s:5018   .text.vTaskSetTaskNumber:00000000 $t
C:\Users\jason\AppData\Local\Temp\ccaXxPCU.s:5024   .text.vTaskSetTaskNumber:00000000 vTaskSetTaskNumber
C:\Users\jason\AppData\Local\Temp\ccaXxPCU.s:5049   .text.vTaskGetInfo:00000000 $t
C:\Users\jason\AppData\Local\Temp\ccaXxPCU.s:5055   .text.vTaskGetInfo:00000000 vTaskGetInfo
C:\Users\jason\AppData\Local\Temp\ccaXxPCU.s:5200   .text.vTaskGetInfo:00000070 $d
C:\Users\jason\AppData\Local\Temp\ccaXxPCU.s:5205   .text.prvListTasksWithinSingleList:00000000 $t
C:\Users\jason\AppData\Local\Temp\ccaXxPCU.s:5210   .text.prvListTasksWithinSingleList:00000000 prvListTasksWithinSingleList
C:\Users\jason\AppData\Local\Temp\ccaXxPCU.s:5324   .text.uxTaskGetSystemState:00000000 $t
C:\Users\jason\AppData\Local\Temp\ccaXxPCU.s:5330   .text.uxTaskGetSystemState:00000000 uxTaskGetSystemState
C:\Users\jason\AppData\Local\Temp\ccaXxPCU.s:5468   .text.uxTaskGetSystemState:00000098 $d
C:\Users\jason\AppData\Local\Temp\ccaXxPCU.s:5478   .text.uxTaskGetStackHighWaterMark:00000000 $t
C:\Users\jason\AppData\Local\Temp\ccaXxPCU.s:5484   .text.uxTaskGetStackHighWaterMark:00000000 uxTaskGetStackHighWaterMark
C:\Users\jason\AppData\Local\Temp\ccaXxPCU.s:5525   .text.uxTaskGetStackHighWaterMark:00000014 $d
C:\Users\jason\AppData\Local\Temp\ccaXxPCU.s:5530   .text.xTaskGetCurrentTaskHandle:00000000 $t
C:\Users\jason\AppData\Local\Temp\ccaXxPCU.s:5536   .text.xTaskGetCurrentTaskHandle:00000000 xTaskGetCurrentTaskHandle
C:\Users\jason\AppData\Local\Temp\ccaXxPCU.s:5555   .text.xTaskGetCurrentTaskHandle:00000008 $d
C:\Users\jason\AppData\Local\Temp\ccaXxPCU.s:5560   .text.xTaskGetSchedulerState:00000000 $t
C:\Users\jason\AppData\Local\Temp\ccaXxPCU.s:5566   .text.xTaskGetSchedulerState:00000000 xTaskGetSchedulerState
C:\Users\jason\AppData\Local\Temp\ccaXxPCU.s:5604   .text.xTaskGetSchedulerState:00000018 $d
C:\Users\jason\AppData\Local\Temp\ccaXxPCU.s:5610   .text.xTaskPriorityInherit:00000000 $t
C:\Users\jason\AppData\Local\Temp\ccaXxPCU.s:5616   .text.xTaskPriorityInherit:00000000 xTaskPriorityInherit
C:\Users\jason\AppData\Local\Temp\ccaXxPCU.s:5764   .text.xTaskPriorityInherit:0000008c $d
C:\Users\jason\AppData\Local\Temp\ccaXxPCU.s:5771   .text.xTaskPriorityDisinherit:00000000 $t
C:\Users\jason\AppData\Local\Temp\ccaXxPCU.s:5777   .text.xTaskPriorityDisinherit:00000000 xTaskPriorityDisinherit
ARM GAS  C:\Users\jason\AppData\Local\Temp\ccaXxPCU.s 			page 268


C:\Users\jason\AppData\Local\Temp\ccaXxPCU.s:5942   .text.xTaskPriorityDisinherit:00000084 $d
C:\Users\jason\AppData\Local\Temp\ccaXxPCU.s:5949   .text.vTaskPriorityDisinheritAfterTimeout:00000000 $t
C:\Users\jason\AppData\Local\Temp\ccaXxPCU.s:5955   .text.vTaskPriorityDisinheritAfterTimeout:00000000 vTaskPriorityDisinheritAfterTimeout
C:\Users\jason\AppData\Local\Temp\ccaXxPCU.s:6138   .text.vTaskPriorityDisinheritAfterTimeout:00000098 $d
C:\Users\jason\AppData\Local\Temp\ccaXxPCU.s:6145   .text.uxTaskResetEventItemValue:00000000 $t
C:\Users\jason\AppData\Local\Temp\ccaXxPCU.s:6151   .text.uxTaskResetEventItemValue:00000000 uxTaskResetEventItemValue
C:\Users\jason\AppData\Local\Temp\ccaXxPCU.s:6178   .text.uxTaskResetEventItemValue:00000014 $d
C:\Users\jason\AppData\Local\Temp\ccaXxPCU.s:6183   .text.pvTaskIncrementMutexHeldCount:00000000 $t
C:\Users\jason\AppData\Local\Temp\ccaXxPCU.s:6189   .text.pvTaskIncrementMutexHeldCount:00000000 pvTaskIncrementMutexHeldCount
C:\Users\jason\AppData\Local\Temp\ccaXxPCU.s:6220   .text.pvTaskIncrementMutexHeldCount:00000018 $d
C:\Users\jason\AppData\Local\Temp\ccaXxPCU.s:6225   .text.ulTaskNotifyTake:00000000 $t
C:\Users\jason\AppData\Local\Temp\ccaXxPCU.s:6231   .text.ulTaskNotifyTake:00000000 ulTaskNotifyTake
C:\Users\jason\AppData\Local\Temp\ccaXxPCU.s:6352   .text.ulTaskNotifyTake:00000074 $d
C:\Users\jason\AppData\Local\Temp\ccaXxPCU.s:6357   .text.xTaskNotifyWait:00000000 $t
C:\Users\jason\AppData\Local\Temp\ccaXxPCU.s:6363   .text.xTaskNotifyWait:00000000 xTaskNotifyWait
C:\Users\jason\AppData\Local\Temp\ccaXxPCU.s:6504   .text.xTaskNotifyWait:00000094 $d
C:\Users\jason\AppData\Local\Temp\ccaXxPCU.s:6509   .text.xTaskGenericNotify:00000000 $t
C:\Users\jason\AppData\Local\Temp\ccaXxPCU.s:6515   .text.xTaskGenericNotify:00000000 xTaskGenericNotify
C:\Users\jason\AppData\Local\Temp\ccaXxPCU.s:6779   .text.xTaskGenericNotify:000000f4 $d
C:\Users\jason\AppData\Local\Temp\ccaXxPCU.s:6786   .text.xTaskGenericNotifyFromISR:00000000 $t
C:\Users\jason\AppData\Local\Temp\ccaXxPCU.s:6792   .text.xTaskGenericNotifyFromISR:00000000 xTaskGenericNotifyFromISR
C:\Users\jason\AppData\Local\Temp\ccaXxPCU.s:7118   .text.xTaskGenericNotifyFromISR:00000118 $d
C:\Users\jason\AppData\Local\Temp\ccaXxPCU.s:7128   .text.vTaskNotifyGiveFromISR:00000000 $t
C:\Users\jason\AppData\Local\Temp\ccaXxPCU.s:7134   .text.vTaskNotifyGiveFromISR:00000000 vTaskNotifyGiveFromISR
C:\Users\jason\AppData\Local\Temp\ccaXxPCU.s:7350   .text.vTaskNotifyGiveFromISR:000000b8 $d
C:\Users\jason\AppData\Local\Temp\ccaXxPCU.s:7360   .text.xTaskNotifyStateClear:00000000 $t
C:\Users\jason\AppData\Local\Temp\ccaXxPCU.s:7366   .text.xTaskNotifyStateClear:00000000 xTaskNotifyStateClear
C:\Users\jason\AppData\Local\Temp\ccaXxPCU.s:7433   .text.xTaskNotifyStateClear:00000034 $d
C:\Users\jason\AppData\Local\Temp\ccaXxPCU.s:7438   .text.ulTaskNotifyValueClear:00000000 $t
C:\Users\jason\AppData\Local\Temp\ccaXxPCU.s:7444   .text.ulTaskNotifyValueClear:00000000 ulTaskNotifyValueClear
C:\Users\jason\AppData\Local\Temp\ccaXxPCU.s:7501   .text.ulTaskNotifyValueClear:00000028 $d
C:\Users\jason\AppData\Local\Temp\ccaXxPCU.s:7506   .bss.uxSchedulerSuspended:00000000 $d
C:\Users\jason\AppData\Local\Temp\ccaXxPCU.s:7512   .bss.xIdleTaskHandle:00000000 $d
C:\Users\jason\AppData\Local\Temp\ccaXxPCU.s:7518   .bss.xNextTaskUnblockTime:00000000 $d
C:\Users\jason\AppData\Local\Temp\ccaXxPCU.s:7524   .bss.uxTaskNumber:00000000 $d
C:\Users\jason\AppData\Local\Temp\ccaXxPCU.s:7530   .bss.xNumOfOverflows:00000000 $d
C:\Users\jason\AppData\Local\Temp\ccaXxPCU.s:7536   .bss.xYieldPending:00000000 $d
C:\Users\jason\AppData\Local\Temp\ccaXxPCU.s:7542   .bss.xPendedTicks:00000000 $d
C:\Users\jason\AppData\Local\Temp\ccaXxPCU.s:7548   .bss.xSchedulerRunning:00000000 $d
C:\Users\jason\AppData\Local\Temp\ccaXxPCU.s:7554   .bss.uxTopReadyPriority:00000000 $d
C:\Users\jason\AppData\Local\Temp\ccaXxPCU.s:7560   .bss.xTickCount:00000000 $d
C:\Users\jason\AppData\Local\Temp\ccaXxPCU.s:7566   .bss.uxCurrentNumberOfTasks:00000000 $d
C:\Users\jason\AppData\Local\Temp\ccaXxPCU.s:7572   .bss.xSuspendedTaskList:00000000 $d
C:\Users\jason\AppData\Local\Temp\ccaXxPCU.s:7578   .bss.uxDeletedTasksWaitingCleanUp:00000000 $d
C:\Users\jason\AppData\Local\Temp\ccaXxPCU.s:7584   .bss.xTasksWaitingTermination:00000000 $d
C:\Users\jason\AppData\Local\Temp\ccaXxPCU.s:7590   .bss.xPendingReadyList:00000000 $d
C:\Users\jason\AppData\Local\Temp\ccaXxPCU.s:7596   .bss.pxOverflowDelayedTaskList:00000000 $d
C:\Users\jason\AppData\Local\Temp\ccaXxPCU.s:7602   .bss.pxDelayedTaskList:00000000 $d
C:\Users\jason\AppData\Local\Temp\ccaXxPCU.s:7608   .bss.xDelayedTaskList2:00000000 $d
C:\Users\jason\AppData\Local\Temp\ccaXxPCU.s:7614   .bss.xDelayedTaskList1:00000000 $d
C:\Users\jason\AppData\Local\Temp\ccaXxPCU.s:7620   .bss.pxReadyTasksLists:00000000 $d
C:\Users\jason\AppData\Local\Temp\ccaXxPCU.s:7627   .bss.pxCurrentTCB:00000000 $d

UNDEFINED SYMBOLS
memset
vListInitialiseItem
pxPortInitialiseStack
ARM GAS  C:\Users\jason\AppData\Local\Temp\ccaXxPCU.s 			page 269


vListInitialise
vPortEnterCritical
vListInsertEnd
vPortExitCritical
vPortFree
uxListRemove
vListInsert
pvPortMalloc
vPortValidateInterruptPriority
vApplicationGetIdleTaskMemory
xTimerCreateTimerTask
xPortStartScheduler
vPortEndScheduler
vApplicationStackOverflowHook
